time,v(vapwr),v(iref),v(xref.vbiasp),v(xref.vbiasn),@m.xref.xm1.msky130_fd_pr__pfet_g5v0d10v5[id],v(xref.net1),@m.xref.xm39.msky130_fd_pr__nfet_g5v0d10v5[id],@m.xref.xm42.msky130_fd_pr__nfet_g5v0d10v5[gm]
1e-09,0.0003300000000000001,0.0001510365957159558,0.0002411688449751933,8.2815423142648e-05,1.210009306385563e-18,3.935537105984097e-06,1.241602392531263e-14,1.964754753141678e-14
2e-09,0.0006600000000000002,0.0003020309499045097,0.0004824086774769619,0.0001650519692012144,2.419216352150067e-18,4.772834002531783e-06,2.49551709104669e-14,3.916874761008765e-14
4e-09,0.00132,0.0006039213948400246,0.000965346619070195,0.0003287879273203571,4.834920162398776e-18,5.264388877601724e-06,4.998984140187066e-14,7.806871756341156e-14
8e-09,0.002640000000000001,0.001207348996689175,0.001933061604799804,0.0006538779596917804,9.654453178435083e-18,5.260467252042631e-06,9.968285699427276e-14,1.554309289504016e-13
1.6e-08,0.005280000000000002,0.002412961080526146,0.003875116206897178,0.001296142529535367,1.923915653990362e-17,5.860645550930259e-06,1.972459762325669e-13,3.087706607695221e-13
3.2e-08,0.01056,0.004820142998245242,0.007779995603178304,0.002555613853373469,3.814501688369906e-17,6.265210106102718e-06,3.847658109764095e-13,6.113769856800053e-13
6.4e-08,0.02112000000000001,0.00962344428345826,0.01564335159265036,0.005010848143839276,7.461780292906538e-17,7.076894622968138e-06,7.276312790618335e-13,1.208469767521527e-12
1e-07,0.03300000000000001,0.01501658053779451,0.02453637122044745,0.007717584223784464,1.130564435121351e-16,7.174860331717901e-06,1.063418668113705e-12,1.877628649620492e-12
1.064e-07,0.03511200000000001,0.01597459523615063,0.02612043461532354,0.008195114099583832,1.19575100798727e-16,7.283096198761599e-06,1.117992872583649e-12,1.996867919553734e-12
1.192e-07,0.03933600000000001,0.01789011297730932,0.02929053946151067,0.009147763665937171,1.323195853460005e-16,7.387889277389145e-06,1.222909519027576e-12,2.235809806343784e-12
1.448e-07,0.04778400000000001,0.0217194467196574,0.0356369254582476,0.01104537406517201,1.566454775059353e-16,7.444039074738214e-06,1.417236570083869e-12,2.716022505162806e-12
1.96e-07,0.06468000000000003,0.02937330054066958,0.04834551297609686,0.01481971030171699,2.010032994171933e-16,7.592730683002238e-06,1.755515112346837e-12,3.688398684735734e-12
2.960000000000001e-07,0.09768000000000003,0.04431111359678427,0.07319510469340827,0.0221459300855989,2.768136278472549e-16,7.655363930441022e-06,2.299384253746805e-12,5.646548415732462e-12
3.960000000000001e-07,0.13068,0.05923923835090632,0.09805740671401156,0.02943684738554141,3.502567948701378e-16,7.739582951403482e-06,2.786091198096317e-12,7.703935785375211e-12
4.960000000000001e-07,0.16368,0.07415867813524207,0.1229217112109971,0.03670250356973653,4.312721702094675e-16,7.754326808575633e-06,3.27785231947018e-12,9.889690771969927e-12
5.960000000000001e-07,0.19668,0.08906832746162507,0.1477838160244351,0.04394633080872069,5.257001059281036e-16,7.825095416004622e-06,3.80556522869334e-12,1.22392602255031e-11
6.960000000000001e-07,0.2296800000000001,0.1039660625357231,0.1726416245443146,0.05116966883342883,6.379910859211809e-16,7.838672340792322e-06,4.38784272121238e-12,1.479361130011798e-11
7.960000000000001e-07,0.2626800000000001,0.1188490093131999,0.1974938669380276,0.05837310937865575,7.725557993770291e-16,7.911469595277006e-06,5.03878562149557e-12,1.759823372678445e-11
8.960000000000001e-07,0.2956800000000001,0.1337135486030937,0.2223396210794876,0.06555686315223846,9.343420131475974e-16,7.930496079804345e-06,5.771200477735252e-12,2.070260749787751e-11
9.96e-07,0.3286800000000001,0.1485552503006096,0.2471781288117734,0.07272099583591148,1.129161548418097e-15,8.008881257229227e-06,6.597956393705934e-12,2.416028211509787e-11
1.096e-06,0.3616800000000001,0.1633687112273689,0.2720086980165605,0.07986543290328668,1.363958508390007e-15,8.035680705791093e-06,7.53277544063639e-12,2.802932302635538e-11
1.196e-06,0.3946800000000001,0.1781473765982784,0.2968306614958537,0.08699005935163222,1.647086424950771e-15,8.12148232104521e-06,8.59061389287566e-12,3.237309392478078e-11
1.296e-06,0.4276800000000002,0.1928832888636291,0.3216433075030032,0.09409465868595594,1.988627353214953e-15,8.15763631540051e-06,9.788075672996333e-12,3.726113207135095e-11
1.396e-06,0.4606800000000002,0.2075667712829068,0.3464458717244728,0.10117898500536,2.400770462276336e-15,8.252364927735955e-06,1.11436156604184e-11,4.277021217534658e-11
1.496000000000001e-06,0.4936800000000003,0.2221860865282022,0.3712375050242305,0.1082426919697696,2.898271171921141e-15,8.299362086287709e-06,1.267791883159776e-11,4.898539966036284e-11
1.596000000000001e-06,0.5266800000000003,0.2367269399970943,0.3960172425837493,0.1152853945478087,3.499011339423468e-15,8.404554290190225e-06,1.441407426109859e-11,5.600127511784912e-11
1.696000000000001e-06,0.5596800000000003,0.2511719655366794,0.420783994114062,0.1223066030166206,4.224683899082741e-15,8.463997050571283e-06,1.637800298089302e-11,6.39231301511133e-11
1.796000000000001e-06,0.5926800000000003,0.2655000622500874,0.4455364763249838,0.1293057743618104,5.101639524862927e-15,8.581356110209802e-06,1.859863696404124e-11,7.286835582418649e-11
1.896000000000001e-06,0.6256800000000003,0.2796856489742037,0.4702731730047893,0.1362822386462718,6.161931112730414e-15,8.655021268396316e-06,2.110842160315207e-11,8.29677834338454e-11
1.996000000000001e-06,0.6586800000000004,0.2936978498639047,0.4949923190753115,0.1432352621699267,7.444604552815825e-15,8.786472570462983e-06,2.394351184595767e-11,9.436728798848468e-11
2.096000000000001e-06,0.6916800000000004,0.3074995927925673,0.5196918282015663,0.1501639683735547,8.997312224365158e-15,8.876410176337646e-06,2.714436658837891e-11,1.072292959593336e-10
2.196000000000001e-06,0.7246800000000003,0.3210467637877372,0.5443692519442143,0.1570673964179789,1.087832523682369e-14,9.024161295481329e-06,3.075595268107778e-11,1.217346044078854e-10
2.296000000000001e-06,0.7576800000000004,0.3342874737852237,0.5690217361585752,0.163944422260259,1.315905789342679e-14,9.132725987699741e-06,3.482844137847217e-11,1.380840525048325e-10
2.396e-06,0.7906800000000003,0.3471616259859495,0.593645943143369,0.1707938187856979,1.592725893657113e-14,9.299324314777523e-06,3.941740743341055e-11,1.565005568130046e-10
2.496e-06,0.8236800000000002,0.3596011240128081,0.6182381209481497,0.1776142013763047,1.929099579771907e-14,9.429310692204422e-06,4.458465044100906e-11,1.772309859650518e-10
2.596e-06,0.8566800000000002,0.3715309144263259,0.6427940762052533,0.1844040843314592,2.338371925360056e-14,9.617834929097502e-06,5.03983713378625e-11,2.005484011735173e-10
2.696e-06,0.8896800000000002,0.3828711184701254,0.6673091925160562,0.1911618212675563,2.837067040657826e-14,9.772591617570181e-06,5.693410744680313e-11,2.267540242799154e-10
2.796e-06,0.9226800000000002,0.3935406139399357,0.6917786260697062,0.1978857114688612,3.445688428935733e-14,9.986839193398775e-06,6.427490972556434e-11,2.561798518171439e-10
2.896e-06,0.9556800000000002,0.4034619824087134,0.716197472336558,0.204573950872213,4.189727453879009e-14,1.017065617314074e-05,7.25124381999243e-11,2.891908186239491e-10
2.996e-06,0.98868,0.4125674526744165,0.7405609774469714,0.2112247437853654,5.100926642397562e-14,1.041548885245069e-05,8.174711294208718e-11,3.261877650848298e-10
3.096e-06,1.02168,0.420805109819042,0.7648647644770518,0.2178362723407365,6.218859891482019e-14,1.063388017016204e-05,9.20894265433108e-11,3.676099254090863e-10
3.196e-06,1.05468,0.4281443904369761,0.789105076795523,0.2244068049309772,7.59290189246338e-14,1.09155348194213e-05,1.036600724033549e-10,4.139383649380543e-10
3.295999999999999e-06,1.08768,0.4345796682637666,0.8132788706769137,0.2309346382965499,9.284706730921353e-14,1.117542739543702e-05,1.165914620624905e-10,4.656986236188161e-10
3.395999999999999e-06,1.12068,0.4401311310376135,0.8373838550124696,0.237418183027876,1.137132171659759e-13,1.150153580778969e-05,1.310277637677895e-10,5.234644846540904e-10
3.495999999999999e-06,1.15368,0.444842756678904,0.8614184627891247,0.2438558759017803,1.39491119167527e-13,1.181121987559113e-05,1.471266000814609e-10,5.878605323804943e-10
3.595999999999999e-06,1.18668,0.4487777844770275,0.8853815474708504,0.250246200169789,1.713880258133645e-13,1.219060383028919e-05,1.650587663361334e-10,6.595654805832277e-10
3.695999999999999e-06,1.21968,0.452012655462422,0.9092721584484832,0.2565875840447074,2.109190441393622e-13,1.255940176110639e-05,1.850099967380176e-10,7.393140434093897e-10
3.795999999999999e-06,1.25268,0.454630619565307,0.9330891990252271,0.2628784091730226,2.599902311051621e-13,1.300188253687066e-05,2.071802297980946e-10,8.278994713585108e-10
3.895999999999999e-06,1.28568,0.4567159466785989,0.9568312531007933,0.2691169057721123,3.210052745104194e-13,1.344009181539148e-05,2.317853074799407e-10,9.261739998230635e-10
3.995999999999999e-06,1.31868,0.4583493341171552,0.9804963046753958,0.2753011767798412,3.970046666631974e-13,1.395650221666406e-05,2.590556112506631e-10,1.035050103569407e-09
4.095999999999999e-06,1.35168,0.4596047917328187,1.00408147910947,0.2814291005645712,4.918478715972913e-13,1.447548186442249e-05,2.892375560032781e-10,1.15549876512623e-09
4.195999999999998e-06,1.38468,0.4605479696724336,1.027583032805202,0.2874983854229497,6.104502773338266e-13,1.507779452340182e-05,3.225914167954155e-10,1.288548978641331e-09
4.295999999999998e-06,1.41768,0.4612355467580108,1.050996288059142,0.293506485684625,7.590954537604077e-13,1.569012174244587e-05,3.593925091418481e-10,1.435283139412053e-09
4.395999999999998e-06,1.45068,0.4617153805242006,1.074315581186767,0.2994506851890019,9.458482534557024e-13,1.639158377543168e-05,3.999280030741397e-10,1.596834300457997e-09
4.495999999999998e-06,1.48368,0.4620272356152315,1.097534280510869,0.3053280163795261,1.181102831849853e-12,1.711110551843174e-05,4.444976198369622e-10,1.774377726808974e-09
4.595999999999998e-06,1.51668,0.4622036670842071,1.120644748020144,0.3111353379873046,1.478316256940568e-12,1.792607177847465e-05,4.934089574172578e-10,1.969124336165729e-09
4.695999999999998e-06,1.54968,0.4622710758939595,1.143638402243463,0.3168692757314776,1.854991507692256e-12,1.876759014234118e-05,5.469776440501535e-10,2.182307883764766e-09
4.795999999999998e-06,1.582679999999999,0.4622507031010967,1.166505826914635,0.3225263380051073,2.334001282389504e-12,1.971132970844827e-05,6.055213342716528e-10,2.415175609064051e-09
4.895999999999998e-06,1.61568,0.4621595099226532,1.189236679202471,0.3281028268991107,2.945394077740911e-12,2.069029263455699e-05,6.69358902294798e-10,2.66896903333722e-09
4.995999999999998e-06,1.648679999999999,0.4620110559037709,1.211819897700156,0.3335949664788302,3.728844011100565e-12,2.177829351016525e-05,7.388027245794273e-10,2.944910723062476e-09
5.095999999999997e-06,1.68168,0.4618161775901132,1.234243682853694,0.3389988525853044,4.737025186017886e-12,2.291012686420164e-05,8.141576418010317e-10,3.244181229518659e-09
5.195999999999997e-06,1.714679999999999,0.4615836351545952,1.25649560051014,0.3443105687147028,6.040261643593807e-12,2.41574793368478e-05,8.957114003830215e-10,3.567901918918748e-09
5.295999999999997e-06,1.747679999999999,0.4613206815277463,1.278562904273155,0.3495262075718957,7.732942421533404e-12,2.545693517542085e-05,9.837345212943602e-10,3.917112188320626e-09
5.395999999999997e-06,1.780679999999999,0.46103358436127,1.300432432092933,0.3546419984487604,9.942520386811638e-12,2.687788606855569e-05,1.078469975605028e-09,4.292753097864789e-09
5.495999999999997e-06,1.813679999999999,0.4607280992913054,1.322090888603668,0.3596543408924186,1.284207056561838e-11,2.835850551110237e-05,1.180134437390411e-09,4.69564638329366e-09
5.595999999999997e-06,1.846679999999999,0.4604099759037634,1.343525172322154,0.3645600447927584,1.666793109239512e-11,2.996622152709188e-05,1.288910588258932e-09,5.126492835783104e-09
5.695999999999997e-06,1.879679999999999,0.4600855912649764,1.364722714630916,0.3693564416026898,2.174458993426165e-11,3.164109495738326e-05,1.404953919419444e-09,5.58586917163362e-09
5.795999999999997e-06,1.912679999999999,0.4597625728221179,1.385671781438381,0.3740417158762314,2.851995229783335e-11,3.344920772818839e-05,1.528391377874889e-09,6.074256429945201e-09
5.895999999999997e-06,1.945679999999999,0.4594507358217355,1.406362026576539,0.378615187513733,3.761527734797764e-11,3.533373650499449e-05,1.65934123766595e-09,6.592084171016567e-09
5.995999999999996e-06,1.978679999999999,0.4591632571350595,1.426785120673701,0.3830778349403989,4.989599797816614e-11,3.736129689412986e-05,1.797927923381473e-09,7.139828278507329e-09
6.095999999999996e-06,2.011679999999999,0.4589182060273302,1.446935492879134,0.3874328663642297,6.657203064609739e-11,3.948114584165377e-05,1.944328750129015e-09,7.718156934578344e-09
6.195999999999996e-06,2.044679999999999,0.4587408109710558,1.466811276964309,0.3916866639673591,8.933922123054054e-11,4.176512876529216e-05,2.098826315728714e-09,8.328183304528934e-09
6.295999999999996e-06,2.077679999999999,0.4586664995195365,1.48641567873219,0.3958499195036392,1.205767606408184e-10,4.417544712096281e-05,2.261912510751264e-09,8.971833630371707e-09
6.395999999999996e-06,2.110679999999999,0.4587449962488238,1.505758508661649,0.3999393424008103,1.636194198680213e-10,4.679932116899599e-05,2.434421681524018e-09,9.652426867327793e-09
6.495999999999996e-06,2.143679999999999,0.4590459386716774,1.524858097168825,0.4039797781032105,2.231246287444945e-10,4.962630432273172e-05,2.617753442555404e-09,1.037550927316367e-08
6.595999999999996e-06,2.176679999999999,0.4596661283318133,1.543743798048475,0.4080072334957958,3.055496861379566e-10,5.277986525910038e-05,2.81417801944237e-09,1.11501251278844e-08
6.695999999999996e-06,2.209679999999999,0.460738426918037,1.562458887268147,0.4120726421931337,4.197387320538413e-10,5.630638700920663e-05,3.027314356247012e-09,1.199066084091107e-08
6.795999999999996e-06,2.242679999999999,0.462441451233141,1.581063452644922,0.4162466376916087,5.775832238882171e-10,6.040595928912152e-05,3.26279902340199e-09,1.291957041099737e-08
6.895999999999995e-06,2.275679999999999,0.4650079131387304,1.599636930726891,0.4206248944917562,7.946503162757744e-10,6.523616130054e-05,3.529292886432955e-09,1.397132047962935e-08
6.995999999999995e-06,2.308679999999999,0.4687266922212378,1.618278793518476,0.4253336422002356,1.090588052189337e-09,7.114562171093201e-05,3.839912058128087e-09,1.519816878918362e-08
7.095999999999995e-06,2.341679999999999,0.4739298642499654,1.637105022102027,0.4305336487215156,1.489069048481872e-09,7.849556090623644e-05,4.214337910450947e-09,1.667852384267577e-08
7.195999999999995e-06,2.374679999999999,0.4809527330235619,1.656237366047691,0.436421142087932,2.017171989982312e-09,8.790424421727278e-05,4.681889320444328e-09,1.852934159507526e-08
7.295999999999995e-06,2.407679999999999,0.4900559270275333,1.675781364541451,0.4432234179242731,2.70472331467237e-09,0.0001001051544292723,5.286209055526499e-09,2.092490296573144e-08
7.395999999999995e-06,2.440679999999999,0.5013140138554956,1.695790746166954,0.4511896432784166,3.585452796089615e-09,0.0001162521966351089,6.092708811591807e-09,2.412702859257029e-08
7.495999999999995e-06,2.473679999999999,0.5145140559783935,1.716220907673341,0.4605819334096944,4.703668226338259e-09,0.0001379360580252865,7.20154242550195e-09,2.853774849038706e-08
7.595999999999995e-06,2.506679999999998,0.5291571562874363,1.736873606716528,0.471677615064875,6.132865257063297e-09,0.0001678740493418211,8.772031864773917e-09,3.479944272107238e-08
7.695999999999995e-06,2.539679999999999,0.5447021963037391,1.75734633838033,0.484811512601184,8.015630897747487e-09,0.0002104590512201988,1.107569501792342e-08,4.401276317865207e-08
7.795999999999996e-06,2.572679999999999,0.5610082260180934,1.776950366602967,0.5004862006565806,1.065358415468538e-08,0.0002744715247351463,1.462259479708062e-08,5.826111680528364e-08
7.895999999999997e-06,2.60568,0.5788828219923624,1.794510352771553,0.519641614506054,1.474970739582477e-08,0.0003789891589980559,2.05174277506021e-08,8.210333518697542e-08
7.995999999999998e-06,2.63868,0.6008681326188344,1.807743211890783,0.5444461094813123,2.227149268786945e-08,0.0005763016854138713,3.176126140728361e-08,1.281211515832456e-07
8.095999999999998e-06,2.67168,0.6342384116890603,1.810287813988296,0.5818311157598479,4.160966795364426e-08,0.001087458140429169,6.10665974829092e-08,2.512676735521528e-07
8.1339279711509e-06,2.684196230479797,0.6527952478301129,1.805784183806579,0.6023375754288369,5.8719271318293e-08,0.001539676250079919,8.709275786748156e-08,3.644103166890251e-07
8.159581957114959e-06,2.692662045847937,0.6694188117679212,1.798910526052356,0.6206315988393286,7.987114633224666e-08,0.002094611618156716,1.191777196199521e-07,5.08742147357808e-07
8.17652584878972e-06,2.698253530100608,0.6834370138994967,1.79148365102217,0.6360936169955401,1.034998832232062e-07,0.002710276655475177,1.548957808983294e-07,6.757491886414088e-07
8.210413632139241e-06,2.70943649860595,0.7342511709343291,1.754539127366977,0.6935119533871562,2.657387855091105e-07,0.00680496146732284,3.950329845497447e-07,1.978299310887004e-06
8.231820577831993e-06,2.716500790684558,0.8195209745697597,1.677813490288665,0.7982567519187708,1.247196251118071e-06,0.02689768550084431,1.639871893727844e-06,1.424513206491471e-05
8.246572297830206e-06,2.721368858283968,0.8897240736317283,1.613031719384064,0.8863361369718241,3.674479758915733e-06,0.05809417295090342,3.775297082888921e-06,5.016891454980328e-05
8.255173943213453e-06,2.72420740126044,0.9064133520355607,1.599715918895445,0.9061559064749347,4.553864433704037e-06,0.06694649385104597,4.334286420530927e-06,6.118524058441177e-05
8.266008330485485e-06,2.727782749060211,0.9076946466308061,1.601960512970814,0.9077880600645125,4.63317529107123e-06,0.06745890077811827,4.408435228430404e-06,6.211514188634033e-05
8.275776968908504e-06,2.731006399739807,0.9077417219453665,1.60522456306082,0.9077525234859433,4.631680709844006e-06,0.06764179540908281,4.385655259389887e-06,6.209486381428412e-05
8.286957355594792e-06,2.734695927346282,0.9076280039395836,1.608981610825938,0.9076753242665404,4.628750758152409e-06,0.06743429744678435,4.403239445209627e-06,6.20508263331666e-05
8.309318128967366e-06,2.742074982559231,0.9078394863547657,1.616232691802934,0.9078538124062268,4.638401054548357e-06,0.06769109668838187,4.390085493141418e-06,6.215265623413741e-05
8.354039675712516e-06,2.756833092985131,0.9078714545144805,1.630973010055718,0.907913673361685,4.643638064563532e-06,0.0675679177176118,4.411081227572528e-06,6.218681812814809e-05
8.443482769202814e-06,2.786349313836929,0.908311738759277,1.66021579494885,0.9083282821243317,4.668163663169698e-06,0.06794496962503468,4.407014241311969e-06,6.242350477333963e-05
8.543482769202815e-06,2.819349313836929,0.908539902819148,1.693079353122812,0.9085807036648708,4.685512522181482e-06,0.0679307131767093,4.434294330941137e-06,6.256768826459206e-05
8.643482769202815e-06,2.85234931383693,0.9090051315977125,1.725789731081688,0.9090229260734116,4.711960986995264e-06,0.06831989841627388,4.431534345463774e-06,6.282042394800131e-05
8.743482769202816e-06,2.88534931383693,0.9092289656391884,1.758658020732553,0.9092683341912906,4.728943251700908e-06,0.06830471786031289,4.458368123299324e-06,6.29607596346354e-05
8.843482769202817e-06,2.91834931383693,0.9096822606834037,1.7913749829585,0.9097011039436782,4.7549829959193e-06,0.06868609479862005,4.455605368897449e-06,6.320836488072893e-05
8.943482769202817e-06,2.95134931383693,0.90990290208892,1.824246637834521,0.9099408945371374,4.771684965512997e-06,0.06867120768584399,4.481969290211252e-06,6.334563494137327e-05
9.043482769202818e-06,2.984349313836931,0.9103450328538818,1.856969663704768,0.9103648742372669,4.797347994658344e-06,0.06904524636817531,4.479212925383551e-06,6.358846411650392e-05
9.143482769202819e-06,3.017349313836931,0.9105627616566372,1.889844440926558,0.9105994428057356,4.81378873858279e-06,0.06903077593805516,4.505125100750854e-06,6.372288123603431e-05
9.24348276920282e-06,3.050349313836931,0.9109943455202807,1.922573167681784,0.9110151359850449,4.839097663746702e-06,0.06939780368955613,4.502386690253984e-06,6.39612004047954e-05
9.34348276920282e-06,3.083349313836931,0.9112094239012618,1.955450835108586,0.9112448558692978,4.855295352777001e-06,0.06938386475943488,4.527864180662306e-06,6.40929661757151e-05
9.443482769202821e-06,3.116349313836932,0.911631016813968,1.988184944210633,0.9116527083226285,4.880270148412989e-06,0.06974417723922602,4.52515349395287e-06,6.432701062030167e-05
9.543482769202822e-06,3.149349313836932,0.911843688114027,2.021065282020024,0.9118779292817336,4.896241994226345e-06,0.0697308743901513,4.550212455012291e-06,6.445631452940334e-05
9.643482769202823e-06,3.182349313836932,0.9122558082735712,2.053804476218028,0.9122783554066967,4.920901381167594e-06,0.07008474833934576,4.547538256500586e-06,6.468630354712573e-05
9.743482769202823e-06,3.215349313836932,0.9124662954383295,2.086687280197082,0.9124994011779423,4.936663461385758e-06,0.0700721749661879,4.572193889503888e-06,6.481332139915064e-05
9.843482769202824e-06,3.248349313836933,0.9128694214094631,2.119431287299925,0.9128927805896611,4.96102466902059e-06,0.07041986704361763,4.569563863859257e-06,6.503945611469786e-05
9.943482769202825e-06,3.281349313836933,0.9130779353673488,2.152316360419635,0.9131099579381947,4.976592470854521e-06,0.07040810963591088,4.593830705106784e-06,6.516435507548457e-05
9.999999999999999e-06,3.3,0.9133417827914585,2.170794522087403,0.9133662772798312,4.992102492090028e-06,0.07067800165845443,4.586630685949813e-06,6.531180737561906e-05
1.001e-05,3.3,0.9131316756685879,2.170981169332031,0.913142366742049,4.98042398186754e-06,0.07050804768848658,4.587638001688927e-06,6.51829950698548e-05
1.003e-05,3.3,0.9130402335880727,2.171067167253987,0.9130369128945532,4.975048192433708e-06,0.07045728959606089,4.58471838557249e-06,6.512234256835242e-05
1.007e-05,3.3,0.9130881011262052,2.171023260976038,0.9130907219445892,4.977792016751331e-06,0.07048450818008993,4.586055063881154e-06,6.515329009866802e-05
1.015e-05,3.3,0.913051461445112,2.171056275587198,0.9130503279936901,4.975728912958198e-06,0.07046342095294357,4.585127456368686e-06,6.513005788776258e-05
1.025e-05,3.3,0.9130822576995467,2.171028876887815,0.9130838286356224,4.977440934950352e-06,0.07048137902999609,4.585842337650896e-06,6.514932536905514e-05
1.035e-05,3.3,0.9130553348723981,2.171052549861724,0.9130549014527266,4.975961773932145e-06,0.07046552420037736,4.585265421912082e-06,6.51326882169247e-05
1.045e-05,3.3,0.9130788042069404,2.171032189048268,0.913079763977413,4.977233883076984e-06,0.07047951329697426,4.58571929721179e-06,6.514698757420881e-05
1.055e-05,3.3,0.9130582458051804,2.171049761688229,0.9130583238356926,4.976136038828481e-06,0.07046710011609807,4.585368431015767e-06,6.513465653957878e-05
1.065e-05,3.3,0.9130762949094277,2.171034587073739,0.9130768210808743,4.977083982052585e-06,0.07047815577529705,4.585630991037509e-06,6.51452949706281e-05
1.075e-05,3.3,0.9130603778438047,2.171047728330547,0.9130608190184801,4.976263126902733e-06,0.07046825493952998,4.585442854905726e-06,6.513609160503367e-05
1.085e-05,3.3,0.9130744604241746,2.171036331562453,0.9130746804658032,4.976974937921212e-06,0.0704771622427413,4.585567465870825e-06,6.514406380271113e-05
1.095e-05,3.3,0.913061940921547,2.171046245875373,0.9130626380328025,4.976355781874939e-06,0.07046910264513377,4.585496435985488e-06,6.513713778556327e-05
1.105e-05,3.3,0.913073115102802,2.171037602624848,0.9130731212437918,4.976895489825151e-06,0.07047643263503552,4.585521880888279e-06,6.514316702357338e-05
1.115000000000001e-05,3.3,0.9130630878615392,2.171045166569872,0.9130639625096405,4.976423238045344e-06,0.07046972563519428,4.585534783698509e-06,6.513789954120381e-05
1.125000000000001e-05,3.3,0.9130721250145445,2.171038529996919,0.9130719840933228,4.976837526878659e-06,0.07047589475470861,4.585489304900141e-06,6.514251299825697e-05
1.135000000000001e-05,3.3,0.9130639378292954,2.171044374100274,0.9130649334752834,4.97647276549384e-06,0.07047018798587162,4.585562242409668e-06,6.513845798015415e-05
1.145000000000001e-05,3.3,0.9130713955423304,2.17103920556142,0.9130711557392197,4.976795304863866e-06,0.07047549726824613,4.585466232229143e-06,6.514203657615338e-05
1.155000000000001e-05,3.3,0.9130645636658465,2.171043798810442,0.9130656390866825,4.976508717707331e-06,0.07047052957439842,4.585581548828597e-06,6.513886380412252e-05
1.165000000000001e-05,3.3,0.9130708530694386,2.171039700348669,0.9130705491759552,4.976764383448596e-06,0.07047520071397942,4.585449974143154e-06,6.514168771602984e-05
1.175000000000001e-05,3.3,0.913065032199071,2.171043374892549,0.9130661581727149,4.976535208318194e-06,0.07047078624046853,4.585595128625203e-06,6.51391623503234e-05
1.185000000000001e-05,3.3,0.9130704481634899,2.171040062618094,0.9130701056123847,4.976741745684943e-06,0.07047497845627577,4.58543871049962e-06,6.514143260427419e-05
1.195000000000001e-05,3.3,0.9130653825097368,2.171043065152145,0.913066537429596,4.976554562026318e-06,0.07047097913086524,4.585604428647282e-06,6.513938047538158e-05
1.205000000000001e-05,3.3,0.9130701422121956,2.17104032977624,0.9130697789641379,4.976725053209207e-06,0.07047480957915156,4.585431018814965e-06,6.514124473562894e-05
1.215000000000001e-05,3.3,0.9130656482717893,2.171042836519539,0.9130668171393516,4.976568846039599e-06,0.07047112653072601,4.585610691909933e-06,6.513954134699776e-05
1.225000000000001e-05,3.3,0.9130699105505667,2.17104052539231,0.9130695397879829,4.976712832755548e-06,0.070474680722307,4.585425989900626e-06,6.514110717596379e-05
1.235000000000001e-05,3.3,0.9130658505456475,2.171042668991038,0.9130670220186481,4.976579310632967e-06,0.07047123961904621,4.585614685850139e-06,6.513965918065376e-05
1.245000000000001e-05,3.3,0.9130697319570715,2.171040670208217,0.9130693625538123,4.976703787677811e-06,0.07047458030587168,4.585422834888256e-06,6.514100524178244e-05
1.255000000000002e-05,3.3,0.9130660090610684,2.1710425430831,0.9130671754093366,4.976587173783469e-06,0.07047132903791899,4.585617125320146e-06,6.513974740117151e-05
1.265000000000002e-05,3.3,0.9130695915555507,2.171040778984306,0.9130692299578101,4.976696995205635e-06,0.0704745004878076,4.585421018441147e-06,6.51409289809018e-05
1.275000000000002e-05,3.3,0.9130661326322486,2.171042450507723,0.9130672885422688,4.976592953491278e-06,0.07047139985192262,4.585618360879175e-06,6.513981246783959e-05
1.285000000000002e-05,3.3,0.9130694795359492,2.171040860731655,0.9130691305810434,4.976691892180608e-06,0.0704744360765881,4.585420189097818e-06,6.514087182580281e-05
1.295000000000002e-05,3.3,0.9130662351117093,2.171042377475919,0.9130673769279439,4.976597511785816e-06,0.0704714591235862,4.58561886848048e-06,6.513986330138562e-05
1.305000000000002e-05,3.3,0.9130693876627459,2.171040923643966,0.9130690547425724,4.976687966355877e-06,0.07047438265777975,4.585420050478404e-06,6.514082820856064e-05
1.315000000000002e-05,3.3,0.913066316161836,2.171042324891487,0.9130674408305849,4.976600792016553e-06,0.07047150694194307,4.585618659999052e-06,6.513990005374475e-05
1.325000000000002e-05,3.3,0.913069311689162,2.171040971786526,0.9130689966600672,4.976684963622541e-06,0.07047433763433984,4.585420420852109e-06,6.514079480351358e-05
1.335000000000002e-05,3.3,0.913066384712631,2.171042283590074,0.9130674908367894,4.976603367172667e-06,0.07047154813287626,4.58561805970843e-06,6.513992881371421e-05
1.345000000000002e-05,3.3,0.9130692493552147,2.171041007242708,0.9130689535078578,4.976682753776576e-06,0.07047429971433077,4.585421214074094e-06,6.514076998550525e-05
1.355000000000002e-05,3.3,0.9130664439684837,2.171042250843857,0.9130675302223529,4.97660540766867e-06,0.07047158419140935,4.585617167753496e-06,6.513995146533123e-05
1.365000000000002e-05,3.3,0.9130691926715618,2.171041037966128,0.9130689170119235,4.97668083958143e-06,0.07047426511813315,4.585422177744197e-06,6.51407489957805e-05
1.375000000000002e-05,3.3,0.9130664965383007,2.171042223783085,0.9130675624392349,4.976607092979245e-06,0.0704716166887619,4.585616090157242e-06,6.513996999396322e-05
1.385000000000002e-05,3.3,0.9130691448220447,2.171041060477943,0.9130688898676528,4.976679438602954e-06,0.07047423508869095,4.585423392615233e-06,6.514073338458867e-05
1.395000000000003e-05,3.3,0.9130665426608545,2.171042202531602,0.9130675880046905,4.976608415269696e-06,0.07047164586633829,4.585614842190074e-06,6.513998469709531e-05
1.405000000000003e-05,3.3,0.9130690992137154,2.171041081732097,0.9130688648547293,4.976678116001964e-06,0.07047420631214137,4.585424640234462e-06,6.514071899920336e-05
1.415000000000003e-05,3.3,0.91306658400002,2.171042185294906,0.9130676084266179,4.976609486760193e-06,0.07047167238649504,4.585613472864614e-06,6.513999644198256e-05
1.425000000000003e-05,3.3,0.9130690608733915,2.171041096199024,0.9130688471850767,4.976677217604409e-06,0.07047418120175936,4.58542607577096e-06,6.514070883724429e-05
1.435000000000003e-05,3.3,0.9130666215871223,2.171042171276416,0.9130676255386692,4.976610357191491e-06,0.07047169710722351,4.58561203589637e-06,6.514000628323288e-05
1.445000000000003e-05,3.3,0.9130690219681615,2.171041112069924,0.9130688288979808,4.976676231220804e-06,0.07047415608458783,4.585427460676099e-06,6.514069832014664e-05
1.455000000000003e-05,3.3,0.9130666576726857,2.171042158040471,0.9130676410935692,4.976611178881927e-06,0.07047172083741728,4.585610583692661e-06,6.514001522891573e-05
1.465000000000003e-05,3.3,0.9130689869098924,2.171041124561485,0.9130688141546731,4.976675455989285e-06,0.07047413287128401,4.585428920649175e-06,6.51406898412255e-05
1.475000000000003e-05,3.3,0.9130666915127289,2.171042146483057,0.9130676547368373,4.976611895777953e-06,0.0704717434129878,4.585609105766973e-06,6.51400230751503e-05
1.485000000000003e-05,3.3,0.9130689533805026,2.171041136076736,0.9130688005977197,4.976674741655342e-06,0.07047411048389908,4.585430383918359e-06,6.51406820446148e-05
1.495000000000003e-05,3.3,0.9130667250600215,2.171042134619789,0.9130676685558143,4.976612631946486e-06,0.07047176578006516,4.58560766665532e-06,6.514003102245662e-05
1.505000000000003e-05,3.3,0.9130689215670041,2.171041146531451,0.913068788221818,4.976674093458753e-06,0.07047408891707362,4.585431850650052e-06,6.514067492726714e-05
1.515000000000003e-05,3.3,0.9130667566054451,2.171042124080611,0.9130676807465322,4.976613285507262e-06,0.07047178714150472,4.585606208189431e-06,6.514003803329275e-05
1.525000000000004e-05,3.3,0.9130688926343374,2.171041154513415,0.9130687785544268,4.976673599750908e-06,0.07047406887009004,4.585433367273763e-06,6.514066936769428e-05
1.535000000000003e-05,3.3,0.9130667878550994,2.171042113293306,0.9130676930975944,4.976613954717654e-06,0.07047180829571373,4.585604787112872e-06,6.514004513636204e-05
1.545000000000003e-05,3.3,0.91306886293101,2.171041163931179,0.9130687677178163,4.976673016111768e-06,0.07047404853804895,4.585434819404016e-06,6.51406631356379e-05
1.555000000000003e-05,3.3,0.9130668163070453,2.171042104858438,0.9130677030211495,4.976614476971565e-06,0.07047182807111971,4.585603323268999e-06,6.514005084327608e-05
1.565000000000003e-05,3.3,0.9130688333972798,2.171041173671764,0.9130687563400817,4.976672412166337e-06,0.07047402823324268,4.585436223191e-06,6.514065659234666e-05
1.575000000000003e-05,3.3,0.9130668458139828,2.171042094820826,0.9130677144395651,4.976615099563532e-06,0.07047184827666136,4.585601934301852e-06,6.51400574099616e-05
1.585000000000003e-05,3.3,0.9130688071016687,2.171041180720135,0.9130687481516223,4.976671976395294e-06,0.07047400965520524,4.585437693042312e-06,6.514065188333964e-05
1.595000000000003e-05,3.3,0.9130668711757302,2.171042088495656,0.9130677221508168,4.97661549017155e-06,0.07047186651241151,4.585600464289715e-06,6.514006184450371e-05
1.605000000000003e-05,3.3,0.9130687788082097,2.171041190335416,0.9130687371413364,4.976671380002393e-06,0.07047399003234428,4.585439048484007e-06,6.514064555136435e-05
1.615000000000003e-05,3.3,0.913066897959556,2.17104208018223,0.9130677316421825,4.976616005223379e-06,0.07047188530713895,4.585599078008759e-06,6.514006730287683e-05
1.625000000000003e-05,3.3,0.9130687528788277,2.171041198011325,0.9130687282188755,4.976670904748374e-06,0.07047397162138881,4.585440437702949e-06,6.514064042018092e-05
1.635000000000002e-05,3.3,0.9130669243913975,2.171042071679105,0.9130677414248856,4.976616532271567e-06,0.0704719039993927,4.585597727934494e-06,6.514007292882178e-05
1.645000000000002e-05,3.3,0.9130687284274039,2.171041204704217,0.9130687202209845,4.976670490825673e-06,0.07047395388214875,4.585441826210318e-06,6.51406358207499e-05
1.655000000000002e-05,3.3,0.91306694900501,2.171042064674304,0.9130677495746788,4.976616965728728e-06,0.07047192168204551,4.585596358596234e-06,6.514007761561739e-05
1.665000000000002e-05,3.3,0.913068703724336,2.17104121199206,0.91306871190109,4.976670039621537e-06,0.07047393623883341,4.585443176768724e-06,6.514063103611163e-05
1.675000000000002e-05,3.3,0.9130669735224352,2.171042057314569,0.9130677582213631,4.976617421489109e-06,0.07047193935540154,4.585595031822456e-06,6.514008258820478e-05
1.685000000000002e-05,3.3,0.9130686794453136,2.1710412193642,0.9130687030382534,4.97666958301906e-06,0.07047391858607786,4.585444483047949e-06,6.514062593919368e-05
1.695000000000002e-05,3.3,0.9130669959340912,2.171042051736654,0.9130677649696664,4.976617765935931e-06,0.07047195591705324,4.5855936754696e-06,6.514008646895774e-05
1.705000000000002e-05,3.3,0.9130686551185964,2.171041227254297,0.9130686941384284,4.976669093916352e-06,0.07047390115235157,4.585445760923359e-06,6.514062082099443e-05
1.715000000000002e-05,3.3,0.9130670209674059,2.171042042943809,0.9130677748877201,4.976618311522496e-06,0.07047197370890201,4.585592441036193e-06,6.514009217278517e-05
1.725000000000002e-05,3.3,0.9130686344492256,2.171041231748306,0.9130686884992836,4.976668817064806e-06,0.0704738854491325,4.585447110298614e-06,6.514061757814939e-05
1.735000000000002e-05,3.3,0.9130670429930309,2.171042036795162,0.9130677821722711,4.976618691891506e-06,0.0704719900628997,4.58559115349912e-06,6.51400963619751e-05
1.745000000000001e-05,3.3,0.9130686101260154,2.171041240532305,0.9130686786591637,4.976668271850767e-06,0.0704738680403332,4.58544830681265e-06,6.514061191912743e-05
1.755000000000001e-05,3.3,0.9130670662149761,2.171042028891732,0.9130677911572718,4.976619182106612e-06,0.07047200696682207,4.585589944115975e-06,6.514010152917808e-05
1.765000000000001e-05,3.3,0.913068589850299,2.171041245551945,0.9130686724963906,4.97666796190573e-06,0.07047385254716629,4.585449588146157e-06,6.514060837510407e-05
1.775000000000001e-05,3.3,0.9130670858498833,2.171042024414615,0.9130677968741653,4.976619458156857e-06,0.07047202214730654,4.585588661794781e-06,6.514010481675534e-05
1.785000000000001e-05,3.3,0.9130685672473604,2.171041253154139,0.913068663636143,4.976667490440406e-06,0.0704738360406926,4.585450761815306e-06,6.514060327963361e-05
1.795000000000001e-05,3.3,0.9130671095369602,2.171042015200225,0.913067807210186,4.976620030543448e-06,0.07047203923904898,4.58558754339165e-06,6.514011076100742e-05
1.805000000000001e-05,3.3,0.9130685461334338,2.171041259977898,0.9130686558844026,4.976667067461686e-06,0.07047382025084077,4.58545194497105e-06,6.51405988217077e-05
1.815000000000001e-05,3.3,0.91306712948822,2.171042009422867,0.913067813863438,4.976620388130256e-06,0.07047205441862182,4.58558633926514e-06,6.514011458714324e-05
1.825000000000001e-05,3.3,0.9130685246294107,2.171041267397975,0.9130686473735597,4.976666607150421e-06,0.07047380431231437,4.585453081989195e-06,6.514059392717811e-05
1.835000000000001e-05,3.3,0.9130671483681083,2.171042004610102,0.9130678197583443,4.976620685439752e-06,0.07047206904387716,4.585585136136084e-06,6.514011797712936e-05
1.845e-05,3.3,0.9130685068122673,2.171041271466548,0.9130686423299069,4.976666356284213e-06,0.07047379019048647,4.58545429778846e-06,6.514059102678126e-05
1.855e-05,3.3,0.9130671700465498,2.171041996262754,0.9130678291120012,4.976621203908961e-06,0.07047208504739018,4.585584061874694e-06,6.51401233564019e-05
1.865e-05,3.3,0.9130684873620855,2.171041277591804,0.9130686350305262,4.976665976731192e-06,0.07047377523261553,4.585455422225569e-06,6.514058682900411e-05
1.875e-05,3.3,0.9130671881729483,2.171041991296763,0.9130678351945187,4.976621511026561e-06,0.0704720993422326,4.585582912704701e-06,6.514012685430664e-05
1.885e-05,3.3,0.9130684669207033,2.171041285120185,0.9130686265511303,4.976665509353602e-06,0.07047375993336809,4.585456487792943e-06,6.514058195253983e-05
1.895e-05,3.3,0.9130672075665801,2.171041984680186,0.9130678426063364,4.976621921431879e-06,0.07047211405554886,4.585581825914903e-06,6.514013111675775e-05
1.905e-05,3.3,0.9130684502581792,2.171041289086616,0.9130686215943464,4.97666526460756e-06,0.07047374645617227,4.585457636121637e-06,6.514057910208056e-05
1.915e-05,3.3,0.9130672247928786,2.171041979878557,0.9130678487713704,4.976622218459563e-06,0.07047212799035209,4.585580725398465e-06,6.514013466213488e-05
1.925e-05,3.3,0.913068431457898,2.171041295675687,0.9130686141208958,4.976664855776782e-06,0.07047373201406784,4.585458686294645e-06,6.514057480416789e-05
1.935e-05,3.3,0.9130672441383436,2.171041972720744,0.9130678567028266,4.976622662850514e-06,0.07047214255379343,4.585579699341873e-06,6.514013922346703e-05
1.945e-05,3.3,0.913068413849729,2.171041301397733,0.9130686075091514,4.976664501068596e-06,0.07047371816190794,4.585459739995594e-06,6.51405710018518e-05
1.954999999999999e-05,3.3,0.9130672609987467,2.171041967632105,0.9130678627561919,4.976622977986296e-06,0.07047215605802819,4.585578639358084e-06,6.514014270463336e-05
1.964999999999999e-05,3.3,0.9130683967580204,2.171041306909119,0.9130686010121419,4.97666415945332e-06,0.07047370453904302,4.585460776679559e-06,6.514056726551889e-05
1.974999999999999e-05,3.3,0.9130672773226619,2.171041962760194,0.9130678685007511,4.976623279653541e-06,0.07047216924207589,4.58557759070481e-06,6.514014600819722e-05
1.984999999999999e-05,3.3,0.9130683794129741,2.171041312834947,0.9130685941413286,4.976663791887368e-06,0.07047369093263635,4.585461780269179e-06,6.514056331418839e-05
1.994999999999999e-05,3.3,0.9130672950560121,2.171041956185715,0.9130678759611736,4.976623687835424e-06,0.07047218302490539,4.585576615837677e-06,6.514015029863847e-05
2.004999999999999e-05,3.3,0.9130683643162205,2.171041316915181,0.913068589030057,4.976663539602803e-06,0.07047367833044882,4.585462814281954e-06,6.514056037484385e-05
2.014999999999999e-05,3.3,0.9130673110768015,2.171041951098783,0.9130678820957503,4.976624003076067e-06,0.07047219602210217,4.585575621414684e-06,6.514015382653341e-05
2.024999999999999e-05,3.3,0.9130683474578487,2.17104132310673,0.9130685821126512,4.976663155234585e-06,0.0704736650635679,4.585463774661642e-06,6.514055639670255e-05
2.034999999999999e-05,3.3,0.9130673262588025,2.171041946499687,0.9130678874400321,4.976624287906809e-06,0.07047220847778343,4.585574623765273e-06,6.514015689990061e-05
2.044999999999999e-05,3.3,0.9130683321451831,2.171041328016125,0.9130685761853928,4.976662850957537e-06,0.07047365242502622,4.585464744796469e-06,6.514055298803281e-05
2.054999999999998e-05,3.3,0.9130673422625302,2.171041940765954,0.9130678941597075,4.976624643751745e-06,0.07047222139654037,4.585573687252617e-06,6.514016076432414e-05
2.064999999999998e-05,3.3,0.9130683161092747,2.17104133391661,0.9130685695635484,4.976662484651949e-06,0.07047363964363228,4.585465673569677e-06,6.514054917986905e-05
2.074999999999998e-05,3.3,0.9130673557161048,2.171041937298273,0.9130678983149418,4.976624857999692e-06,0.07047223295305265,4.585572694591085e-06,6.514016315382997e-05
2.084999999999998e-05,3.3,0.913068300857838,2.171041339413669,0.9130685633121339,4.976662143471583e-06,0.07047362720148287,4.585466593929574e-06,6.514054558475063e-05
2.094999999999998e-05,3.3,0.9130673724510525,2.171041930210095,0.9130679062880014,4.976625298678894e-06,0.07047224611214842,4.585571834802387e-06,6.514016773914327e-05
2.104999999999998e-05,3.3,0.9130682888333213,2.17104134184455,0.9130685598225308,4.97666199394187e-06,0.07047361619509232,4.585467578298743e-06,6.514054357806727e-05
2.114999999999998e-05,3.3,0.9130673863102418,2.171041925669113,0.9130679116643586,4.976625580195857e-06,0.07047225790202373,4.585570917016384e-06,6.514017083098243e-05
2.124999999999998e-05,3.3,0.91306827434444,2.171041346903474,0.9130685539630972,4.976661680071009e-06,0.07047360426370944,4.585468472160863e-06,6.514054020838332e-05
2.134999999999998e-05,3.3,0.913067397720971,2.171041923655905,0.9130679147211604,4.976625703662086e-06,0.07047226847032069,4.585569947286595e-06,6.51401725887494e-05
2.144999999999998e-05,3.3,0.9130682586506412,2.171041353582143,0.9130685464457668,4.976661264832104e-06,0.070473591726543,4.585469297883828e-06,6.514053588516254e-05
2.154999999999997e-05,3.3,0.9130674143413742,2.171041915843735,0.9130679231661448,4.976626189815394e-06,0.07047228135573716,4.585569158565715e-06,6.514017744550537e-05
2.164999999999997e-05,3.3,0.9130682457895236,2.171041357462434,0.9130685418171988,4.9766610245337e-06,0.0704735806803189,4.585470191870188e-06,6.514053322339198e-05
2.174999999999997e-05,3.3,0.9130674251987685,2.171041913804334,0.9130679261671008,4.976626315065632e-06,0.07047229157604805,4.585568224499216e-06,6.514017917116406e-05
2.184999999999997e-05,3.3,0.9130682318796568,2.171041363042809,0.9130685355502303,4.97666067778477e-06,0.0704735690254631,4.585471019688487e-06,6.514052961929807e-05
2.194999999999997e-05,3.3,0.9130674395436437,2.171041907786948,0.9130679328210903,4.976626689134272e-06,0.07047230333051901,4.585567417408608e-06,6.514018299785121e-05
2.204999999999997e-05,3.3,0.9130682175088191,2.171041369141376,0.9130685287332576,4.976660298624798e-06,0.07047355727674141,4.585471812484739e-06,6.51405256988656e-05
2.214999999999997e-05,3.3,0.9130674529432482,2.171041902440182,0.9130679387563755,4.97662702134707e-06,0.07047231460684554,4.585566605758346e-06,6.514018641118573e-05
2.224999999999997e-05,3.3,0.9130682078047964,2.171041370649029,0.9130685263594696,4.976660206460662e-06,0.07047354772407123,4.585472721498075e-06,6.514052433390296e-05
2.234999999999997e-05,3.3,0.9130674646759149,2.171041898692267,0.9130679434406894,4.976627253620404e-06,0.07047232514960411,4.585565774790317e-06,6.514018910503559e-05
2.244999999999997e-05,3.3,0.9130681939697245,2.171041376798215,0.9130685196584446,4.976659823988341e-06,0.0704735363197527,4.585473484075083e-06,6.514052048014685e-05
2.254999999999997e-05,3.3,0.9130674755244336,2.171041895529584,0.9130679473443218,4.976627449381728e-06,0.0704723351919807,4.585564936646365e-06,6.514019134988605e-05
2.264999999999996e-05,3.3,0.9130681814827936,2.171041381741421,0.9130685139985321,4.976659516875322e-06,0.07047352554004208,4.585474261110904e-06,6.514051722517663e-05
2.274999999999996e-05,3.3,0.9130674890514884,2.171041889562295,0.9130679539593037,4.976627820512775e-06,0.07047234633502436,4.585564197173346e-06,6.514019515416062e-05
2.284999999999996e-05,3.3,0.9130681718316613,2.171041383874268,0.9130685109536852,4.976659385454091e-06,0.07047351611157501,4.58547509972301e-06,6.514051547424218e-05
2.294999999999996e-05,3.3,0.9130674994677506,2.171041886445656,0.91306795781291,4.976628013493136e-06,0.07047235607762246,4.585563389602274e-06,6.514019737024908e-05
2.304999999999996e-05,3.3,0.9130681596459853,2.171041388863849,0.9130685054790604,4.976659075354044e-06,0.07047350569591733,4.585475850057756e-06,6.514051232582889e-05
2.314999999999996e-05,3.3,0.9130675108960986,2.171041881995898,0.9130679630055659,4.976628289898363e-06,0.07047236628482013,4.585562639922925e-06,6.51402003564902e-05
2.324999999999996e-05,3.3,0.9130681474955675,2.171041394142555,0.9130684994452984,4.976658747096457e-06,0.0704734951678983,4.585476566718471e-06,6.514050885582568e-05
2.334999999999996e-05,3.3,0.9130675221716887,2.171041877521733,0.9130679680478068,4.976628567874336e-06,0.07047237629242378,4.585561900802735e-06,6.514020325622601e-05
2.344999999999996e-05,3.3,0.9130681381752972,2.171041396654835,0.9130684961841007,4.976658591774079e-06,0.07047348604335624,4.585477352071952e-06,6.514050698044173e-05
2.354999999999996e-05,3.3,0.9130675330936046,2.1710418733025,0.9130679729751369,4.976628829937344e-06,0.07047238611700855,4.585561173326985e-06,6.514020608987654e-05
2.364999999999995e-05,3.3,0.9130681281726333,2.171041400186231,0.9130684919497161,4.976658372653608e-06,0.07047347661150409,4.585478091841712e-06,6.514050454533072e-05
2.374999999999995e-05,3.3,0.9130675412438576,2.171041871659894,0.9130679753674239,4.976628930964842e-06,0.07047239464230684,4.58556038490725e-06,6.514020746551516e-05
2.384999999999995e-05,3.3,0.9130681178366782,2.171041404115361,0.9130684873146995,4.976658128651596e-06,0.07047346711936013,4.585478805167561e-06,6.514050187979508e-05
2.394999999999995e-05,3.3,0.9130675519251186,2.171041867232026,0.9130679804720717,4.97662920618474e-06,0.07047240428990621,4.585559692738331e-06,6.514021040115752e-05
2.404999999999995e-05,3.3,0.9130681078541091,2.171041407918641,0.9130684827015944,4.976657892459706e-06,0.07047345775965586,4.585479504955404e-06,6.514049922685716e-05
2.414999999999995e-05,3.3,0.913067562388704,2.171041862814539,0.9130679856137742,4.976629480808225e-06,0.07047241381997793,4.585559017290603e-06,6.514021335811682e-05
2.424999999999995e-05,3.3,0.9130680964665684,2.171041413435152,0.9130684766622189,4.976657549082147e-06,0.07047344787709423,4.58548014636749e-06,6.514049575359999e-05
2.434999999999995e-05,3.3,0.9130675728915999,2.171041858120415,0.9130679907880171,4.976629772786614e-06,0.07047242325179649,4.585558355913858e-06,6.514021633379767e-05
2.444999999999995e-05,3.3,0.9130680877658159,2.171041416311148,0.913068473256682,4.976657370772456e-06,0.07047343932474098,4.585480853386379e-06,6.514049379517794e-05
2.454999999999995e-05,3.3,0.9130675823673969,2.171041854351335,0.9130679951797175,4.976630006959049e-06,0.07047243219382442,4.585557686025369e-06,6.514021885940719e-05
2.464999999999995e-05,3.3,0.9130680778460943,2.171041420576589,0.9130684683415065,4.976657105554391e-06,0.07047343020757064,4.585481499878392e-06,6.514049096848913e-05
2.474999999999994e-05,3.3,0.9130675906534768,2.171041851635669,0.9130679984624223,4.976630175308862e-06,0.07047244051346709,4.58555699572464e-06,6.51402207471892e-05
2.484999999999994e-05,3.3,0.9130680690832976,2.171041424067614,0.9130684643206572,4.976656888654427e-06,0.0704734216072524,4.585482161109606e-06,6.514048865616553e-05
2.494999999999994e-05,3.3,0.913067599580599,2.171041847939667,0.913068002816175,4.976630405033012e-06,0.07047244919505849,4.585556352861183e-06,6.51402232509825e-05
2.504999999999994e-05,3.3,0.9130680621185856,2.171041425552682,0.9130684622165379,4.976656797215508e-06,0.07047341402044782,4.585482864804163e-06,6.514048744623321e-05
2.514999999999994e-05,3.3,0.9130676085551195,2.171041844306351,0.9130680069692523,4.976630630810225e-06,0.07047245768299026,4.585555715679506e-06,6.51402256393618e-05
2.524999999999994e-05,3.3,0.9130680530485509,2.17104142955251,0.9130684574712709,4.976656548455413e-06,0.07047340531996368,4.585483477163336e-06,6.51404847172562e-05
2.534999999999994e-05,3.3,0.9130676160450013,2.171041841908807,0.9130680098600161,4.976630779392642e-06,0.07047246546100129,4.585555055439326e-06,6.514022730173283e-05
2.544999999999994e-05,3.3,0.9130680435646678,2.171041434053268,0.9130684525410436,4.976656268356151e-06,0.0704733966609014,4.585484069333651e-06,6.514048188189427e-05
2.554999999999994e-05,3.3,0.9130676254872491,2.17104183720537,0.9130680152347433,4.976631072223945e-06,0.07047247427457037,4.585554482481344e-06,6.514023039274655e-05
2.564999999999994e-05,3.3,0.9130680354184606,2.171041437502511,0.9130684485970667,4.976656053922954e-06,0.07047338855544917,4.585484679626173e-06,6.514047961376543e-05
2.574999999999993e-05,3.3,0.9130676314945979,2.17104183613014,0.9130680168635795,4.97663113817881e-06,0.07047248125450539,4.585553809447845e-06,6.514023132933559e-05
2.584999999999993e-05,3.3,0.9130680278804141,2.171041440322867,0.9130684450291076,4.976655878811771e-06,0.07047338073876663,4.585485287791362e-06,6.514047756189796e-05
2.594999999999993e-05,3.3,0.9130676412865704,2.171041830825029,0.9130680226467747,4.97663146868931e-06,0.07047249004944578,4.585553272708983e-06,6.514023465528517e-05
2.604999999999993e-05,3.3,0.9130680208351791,2.171041442867261,0.9130684419842308,4.976655720898323e-06,0.07047337326522764,4.585485899868695e-06,6.514047581087454e-05
2.614999999999993e-05,3.3,0.9130676474148838,2.171041829172424,0.9130680248603107,4.976631570855888e-06,0.07047249707909481,4.585552642706991e-06,6.514023592816827e-05
2.624999999999993e-05,3.3,0.9130680123366782,2.171041447125741,0.9130684372186219,4.976655455757716e-06,0.07047336510751684,4.585486447653589e-06,6.514047307017634e-05
2.634999999999993e-05,3.3,0.9130676535705015,2.171041827278127,0.9130680274990379,4.976631688186876e-06,0.07047250420604269,4.585552036936053e-06,6.514023744560157e-05
2.644999999999993e-05,3.3,0.9130680038642411,2.171041451395227,0.9130684325296112,4.976655189919602e-06,0.07047335708441416,4.585486986240844e-06,6.514047037352992e-05
2.654999999999993e-05,3.3,0.913067662323916,2.171041822692751,0.9130680325310123,4.976631973781665e-06,0.07047251233307683,4.585551514919902e-06,6.514024033950294e-05
2.664999999999993e-05,3.3,0.9130679970133011,2.171041454192596,0.9130684291806642,4.976655016077388e-06,0.07047334977635776,4.585487553754818e-06,6.514046844760992e-05
2.674999999999993e-05,3.3,0.9130676702921733,2.171041818544393,0.91306803703158,4.976632232143343e-06,0.0704725201209112,4.58555098786183e-06,6.514024292777298e-05
2.684999999999992e-05,3.3,0.9130679917434501,2.171041455521787,0.9130684272779388,4.976654933994097e-06,0.07047334324897843,4.585488151466032e-06,6.514046735347272e-05
2.694999999999992e-05,3.3,0.9130676747269206,2.171041818120988,0.9130680382440036,4.976632257580793e-06,0.07047252628125081,4.585550375111296e-06,6.51402436248863e-05
2.704999999999992e-05,3.3,0.9130679840433426,2.171041459478775,0.9130684227142677,4.976654687576285e-06,0.0704733355829222,4.585488659101264e-06,6.514046472890423e-05
2.714999999999992e-05,3.3,0.9130676824061438,2.171041814146983,0.9130680426225739,4.976632505071466e-06,0.07047253381531708,4.58554986729368e-06,6.514024614299641e-05
2.724999999999992e-05,3.3,0.9130679767784505,2.171041463090942,0.9130684187414514,4.976654462693053e-06,0.07047332829138674,4.585489172667899e-06,6.514046244415807e-05
2.734999999999992e-05,3.3,0.9130676892110463,2.171041810898199,0.9130680461938461,4.976632707260506e-06,0.07047254088495683,4.585549345927655e-06,6.514024819679729e-05
2.744999999999992e-05,3.3,0.913067970051638,2.171041466277572,0.9130684151512005,4.976654264385028e-06,0.07047332126564387,4.585489687344685e-06,6.51404603794384e-05
2.754999999999992e-05,3.3,0.9130676969126362,2.171041806706867,0.913068050627568,4.976632968387302e-06,0.07047254824570653,4.585548862778401e-06,6.514025074663608e-05
2.764999999999992e-05,3.3,0.9130679641052726,2.17104146875029,0.91306841239681,4.97665411069229e-06,0.07047331471632098,4.585490216569224e-06,6.514045879545626e-05
2.774999999999992e-05,3.3,0.9130677024705485,2.171041804407646,0.9130680534589617,4.976633111287345e-06,0.07047255478311744,4.585548341390116e-06,6.51402523749068e-05
2.784999999999991e-05,3.3,0.9130679601871325,2.1710414693727,0.9130684110562386,4.976654072632122e-06,0.07047330891625495,4.585490776868863e-06,6.514045802462185e-05
2.794999999999991e-05,3.3,0.9130677073913736,2.171041802813055,0.9130680556724352,4.976633210118362e-06,0.07047256094297168,4.585547812210271e-06,6.514025364778674e-05
2.804999999999991e-05,3.3,0.9130679532913353,2.171041473130995,0.9130684069269576,4.976653838482756e-06,0.07047330191318764,4.585491243940972e-06,6.514045564987313e-05
2.814999999999991e-05,3.3,0.9130677136568729,2.171041799642007,0.9130680592893813,4.976633407564491e-06,0.0704725676585289,4.585547335714068e-06,6.514025572787028e-05
2.824999999999991e-05,3.3,0.9130679474010728,2.171041475968412,0.9130684037211336,4.976653661883391e-06,0.07047329543822713,4.585491726864103e-06,6.514045380624145e-05
2.834999999999991e-05,3.3,0.9130677183216218,2.171041798038845,0.9130680613234149,4.976633506998472e-06,0.07047257356672326,4.585546820703864e-06,6.514025689755269e-05
2.844999999999991e-05,3.3,0.9130679401911083,2.171041480238315,0.9130683990085193,4.976653395699204e-06,0.07047328834045986,4.585492156223541e-06,6.514045109598442e-05
2.854999999999991e-05,3.3,0.9130677258807804,2.171041793186216,0.913068066302249,4.976633809671828e-06,0.07047258072900138,4.585546406032313e-06,6.514025976092576e-05
2.864999999999991e-05,3.3,0.9130679347744208,2.171041482809652,0.9130683961647845,4.976653235681753e-06,0.07047328218688505,4.585492632122554e-06,6.514044946059929e-05
2.874999999999991e-05,3.3,0.9130677315275807,2.171041790430363,0.9130680695112559,4.976633981212879e-06,0.07047258701320319,4.585545945495617e-06,6.514026160639699e-05
2.884999999999991e-05,3.3,0.9130679312588986,2.171041483476913,0.9130683950848513,4.976653194704041e-06,0.07047327694719978,4.585493149263326e-06,6.51404488396524e-05
2.89499999999999e-05,3.3,0.9130677346660852,2.17104178994498,0.9130680704791642,4.976634010869091e-06,0.07047259216055578,4.585545429712535e-06,6.51402621629135e-05
2.90499999999999e-05,3.3,0.9130679250562199,2.171041487064115,0.9130683909974915,4.976652971118557e-06,0.07047327038938288,4.585493568206901e-06,6.514044648899805e-05
2.91499999999999e-05,3.3,0.9130677400090377,2.17104178716525,0.913068073698027,4.976634183985862e-06,0.07047259827728136,4.585544989407135e-06,6.514026401405623e-05
2.92499999999999e-05,3.3,0.9130679193286224,2.171041490237991,0.9130683875919755,4.976652773357731e-06,0.07047326423727793,4.58549399706311e-06,6.514044453049973e-05
2.93499999999999e-05,3.3,0.9130677449608117,2.171041784787415,0.9130680763317516,4.976634331974351e-06,0.07047260404364541,4.58554454085616e-06,6.514026552866557e-05
2.94499999999999e-05,3.3,0.9130679153014687,2.171041491879793,0.9130683856350933,4.97665267133648e-06,0.07047325882426096,4.585494461127515e-06,6.51404434051723e-05
2.95499999999999e-05,3.3,0.9130677502985118,2.171041781682423,0.91306807969777,4.976634525509493e-06,0.07047261005889394,4.585544124566592e-06,6.514026746445013e-05
2.96499999999999e-05,3.3,0.91306791151757,2.171041493267885,0.9130683838250213,4.976652585179094e-06,0.07047325356090517,4.585494920081031e-06,6.514044236427866e-05
2.97499999999999e-05,3.3,0.9130677557168733,2.171041778679535,0.9130680831064936,4.976634712615172e-06,0.07047261602140947,4.585543717974204e-06,6.514026942480075e-05
2.98499999999999e-05,3.3,0.9130679056933719,2.171041496807862,0.9130683799615932,4.976652364461971e-06,0.07047324742044962,4.585495309360427e-06,6.514044014240529e-05
2.994999999999989e-05,3.3,0.9130677610519499,2.171041775396719,0.9130680866647864,4.976634917313553e-06,0.0704726219785167,4.585543324472597e-06,6.514027147117783e-05
3.004999999999989e-05,3.3,0.9130679035231158,2.171041496772342,0.9130683796739597,4.976652367257716e-06,0.07047324301722979,4.585495795677613e-06,6.514043997712827e-05
3.014999999999989e-05,3.3,0.9130677644863706,2.171041774130119,0.9130680883491252,4.976634995933167e-06,0.07047262699182526,4.585542884003889e-06,6.514027243976246e-05
3.024999999999989e-05,3.3,0.9130678988954636,2.171041499391673,0.9130683765475142,4.97665220402752e-06,0.07047323737562072,4.58549618861212e-06,6.514043817912157e-05
3.034999999999989e-05,3.3,0.9130677685027058,2.171041772278718,0.9130680906552756,4.9766351111138e-06,0.0704726322192257,4.585542470615644e-06,6.514027376598161e-05
3.044999999999989e-05,3.3,0.9130678929888775,2.171041503357785,0.9130683724006858,4.976651956582132e-06,0.07047323132869865,4.58549654342158e-06,6.514043579424444e-05
3.054999999999989e-05,3.3,0.9130677711123273,2.171041771580069,0.9130680917160752,4.976635154291679e-06,0.07047263680799744,4.585542027313737e-06,6.514027437594811e-05
3.064999999999989e-05,3.3,0.9130678889293817,2.171041505570953,0.9130683697910031,4.97665181870351e-06,0.07047322607448397,4.585496934593452e-06,6.514043429344507e-05
3.074999999999989e-05,3.3,0.9130677760158872,2.17104176845202,0.9130680949895926,4.976635349384377e-06,0.07047264233970273,4.585541659336381e-06,6.514027625854766e-05
3.08499999999999e-05,3.3,0.9130678841519209,2.171041508551569,0.9130683665613921,4.976651632832647e-06,0.07047322059186854,4.585497300525894e-06,6.514043243609525e-05
3.09499999999999e-05,3.3,0.91306778033037,2.17104176595664,0.9130680978086697,4.976635504913151e-06,0.07047264759314964,4.585541285714959e-06,6.514027787978223e-05
3.10499999999999e-05,3.3,0.9130678802690175,2.171041510684972,0.9130683640609545,4.976651499915919e-06,0.07047321551837939,4.585497679869133e-06,6.514043099812187e-05
3.11499999999999e-05,3.3,0.913067783628214,2.171041764384976,0.9130680995905015,4.976635602717105e-06,0.07047265230555542,4.585540888231648e-06,6.514027890445453e-05
3.124999999999991e-05,3.3,0.9130678788517714,2.171041510324245,0.9130683640301268,4.976651522934184e-06,0.0704732116596675,4.585498124494086e-06,6.51404309805307e-05
3.134999999999991e-05,3.3,0.9130677887208093,2.171041760890192,0.9130681035645232,4.976635820782548e-06,0.07047265794918543,4.585540565785519e-06,6.514028118995335e-05
3.144999999999991e-05,3.3,0.9130678744994996,2.17104151302829,0.9130683610331018,4.976651354316241e-06,0.07047320649205706,4.585498473318033e-06,6.514042925694359e-05
3.154999999999991e-05,3.3,0.9130677902768489,2.171041761081847,0.9130681036888405,4.976635808342193e-06,0.07047266175866918,4.585540134654236e-06,6.514028126131821e-05
3.164999999999992e-05,3.3,0.9130678707799429,2.171041515295879,0.9130683586434789,4.976651212934973e-06,0.07047320166600421,4.585498833264689e-06,6.514042788269874e-05
3.174999999999992e-05,3.3,0.9130677943591669,2.171041758315615,0.9130681067344657,4.976635980931583e-06,0.07047266684899288,4.585539798838824e-06,6.514028301286014e-05
3.184999999999992e-05,3.3,0.9130678659243858,2.171041518707659,0.9130683549020638,4.976651000019086e-06,0.07047319628932733,4.58549914419776e-06,6.514042573097512e-05
3.194999999999992e-05,3.3,0.9130677975231282,2.171041756660053,0.9130681086681836,4.976636084035901e-06,0.07047267136348197,4.585539436979976e-06,6.514028412489786e-05
3.204999999999993e-05,3.3,0.9130678621178064,2.171041521218565,0.9130683523258352,4.976650843386371e-06,0.07047319151609346,4.585499482458544e-06,6.514042424939896e-05
3.214999999999993e-05,3.3,0.9130678013062218,2.171041754108427,0.9130681114297947,4.976636243230465e-06,0.07047267619736546,4.58553910717857e-06,6.514028571309625e-05
3.224999999999993e-05,3.3,0.9130678603279355,2.171041521705047,0.9130683514670815,4.97665081331817e-06,0.07047318758276293,4.585499866643526e-06,6.514042375561804e-05
3.234999999999993e-05,3.3,0.9130678049822798,2.171041751692217,0.9130681141778982,4.976636393951888e-06,0.0704726809626987,4.585538784212685e-06,6.514028729352734e-05
3.244999999999993e-05,3.3,0.9130678566034721,2.171041524202718,0.9130683487737418,4.976650657495348e-06,0.0704731828752815,4.585500187490926e-06,6.514042220668135e-05
3.254999999999994e-05,3.3,0.9130678081379124,2.171041749758219,0.9130681162287811,4.976636514536319e-06,0.07047268534943278,4.585538446916843e-06,6.514028847295942e-05
3.264999999999994e-05,3.3,0.9130678549566699,2.171041524537847,0.9130683480916558,4.976650636891447e-06,0.07047317915896528,4.585500561270238e-06,6.514042181450572e-05
3.274999999999994e-05,3.3,0.9130678118967132,2.171041747068326,0.9130681192759291,4.976636682416214e-06,0.07047269013232656,4.58553814687441e-06,6.514029022538892e-05
3.284999999999994e-05,3.3,0.913067852599867,2.171041525822099,0.9130683465419815,4.976650556889699e-06,0.07047317509329949,4.585500903153485e-06,6.514042092333798e-05
3.294999999999995e-05,3.3,0.9130678127141211,2.171041747447012,0.9130681192142838,4.976636658423272e-06,0.07047269341663658,4.585537761096761e-06,6.51402901898148e-05
3.304999999999995e-05,3.3,0.9130678501429407,2.171041527168782,0.9130683448321045,4.976650472994476e-06,0.07047317101602397,4.585501233000734e-06,6.514041994003052e-05
3.314999999999995e-05,3.3,0.9130678165930048,2.171041744640135,0.9130681221174085,4.97663683361619e-06,0.07047269801392102,4.585537470511044e-06,6.514029185941296e-05
3.324999999999995e-05,3.3,0.9130678453264139,2.1710415310936,0.9130683407288571,4.976650227864216e-06,0.07047316589413122,4.585501484229506e-06,6.514041758018507e-05
3.334999999999996e-05,3.3,0.9130678191193387,2.171041743010455,0.91306812402818,4.976636935257938e-06,0.07047270210739111,4.585537155538984e-06,6.51402929582682e-05
3.344999999999996e-05,3.3,0.9130678425012636,2.171041532937497,0.913068338807648,4.976650112851223e-06,0.07047316182945172,4.585501795021196e-06,6.514041647532482e-05
3.354999999999996e-05,3.3,0.9130678230516227,2.171041739952409,0.9130681271849792,4.976637126203822e-06,0.07047270671210747,4.585536885262573e-06,6.514029477377187e-05
3.364999999999996e-05,3.3,0.9130678389047038,2.17104153572064,0.9130683359197379,4.976649939075909e-06,0.07047315737712513,4.585502070069841e-06,6.514041481446934e-05
3.374999999999997e-05,3.3,0.9130678238242627,2.171041740190891,0.9130681271512148,4.976637111023374e-06,0.0704727097958207,4.585536525048773e-06,6.514029475424392e-05
3.384999999999997e-05,3.3,0.913067837416902,2.171041536300408,0.9130683350510571,4.976649903074908e-06,0.07047315390594908,4.585502399871656e-06,6.514041431496153e-05
3.394999999999997e-05,3.3,0.9130678274181838,2.171041737324534,0.9130681301956581,4.976637290022716e-06,0.07047271423784122,4.585536264265368e-06,6.514029650512976e-05
3.404999999999997e-05,3.3,0.9130678352188385,2.171041537697665,0.9130683334657875,4.976649815938931e-06,0.07047315016125742,4.585502701592041e-06,6.514041340330901e-05
3.414999999999998e-05,3.3,0.9130678289254189,2.171041736593875,0.9130681311033719,4.976637335490303e-06,0.07047271764621178,4.585535944981961e-06,6.514029702709005e-05
3.424999999999998e-05,3.3,0.9130678325858607,2.171041539533181,0.9130683313443635,4.976649701403065e-06,0.07047314622141879,4.585502981176442e-06,6.514041218328925e-05
3.434999999999998e-05,3.3,0.913067833023382,2.171041733153785,0.9130681346194335,4.976637550375903e-06,0.07047272220021197,4.585535710560846e-06,6.514029904922946e-05
3.444999999999998e-05,3.3,0.9130678320272015,2.171041539427426,0.9130683311979998,4.976649708197677e-06,0.07047314324241974,4.585503314212849e-06,6.514041209921215e-05
3.454999999999999e-05,3.3,0.9130678342497776,2.171041732568952,0.9130681356582334,4.976637586761144e-06,0.07047272556636845,4.585535407149421e-06,6.514029964658762e-05
3.464999999999999e-05,3.3,0.9130678283294409,2.171041542497846,0.913068327996382,4.976649516414881e-06,0.07047313890511964,4.585503549747174e-06,6.514041025792024e-05
3.474999999999999e-05,3.3,0.9130678363445411,2.171041731146914,0.9130681370784125,4.976637675478976e-06,0.0704727290508167,4.585535121786981e-06,6.514030046329445e-05
3.484999999999999e-05,3.3,0.9130678276802257,2.171041542482126,0.9130683278917512,4.976649517580585e-06,0.07047313604388239,4.585503872635818e-06,6.51404101978429e-05
3.495e-05,3.3,0.913067838900583,2.171041729203806,0.9130681393277656,4.976637796788153e-06,0.07047273287943699,4.585534865771064e-06,6.514030175689832e-05
3.505e-05,3.3,0.9130678242371353,2.171041545530981,0.9130683247684875,4.976649327086863e-06,0.07047313184551007,4.585504098614388e-06,6.514040840161228e-05
3.515e-05,3.3,0.9130678393476195,2.171041729351611,0.9130681391997982,4.976637787382766e-06,0.07047273555601027,4.585534544859619e-06,6.514030168320159e-05
3.525e-05,3.3,0.9130678231691697,2.171041546033739,0.9130683239423133,4.97664929581304e-06,0.07047312875503804,4.585504387832925e-06,6.514040792654e-05
3.535000000000001e-05,3.3,0.9130678419340457,2.171041727129707,0.9130681415896477,4.976637926184428e-06,0.07047273935104668,4.585534304440278e-06,6.514030305761408e-05
3.545000000000001e-05,3.3,0.913067819964697,2.171041548829599,0.9130683209612954,4.976649121139469e-06,0.07047312471077931,4.585504607802352e-06,6.514040621211768e-05
3.555000000000001e-05,3.3,0.9130678441728937,2.171041725406628,0.9130681435943203,4.976638033762855e-06,0.070472742922973,4.585534057755883e-06,6.514030421049709e-05
3.565000000000001e-05,3.3,0.9130678169562182,2.171041551499175,0.9130683182869909,4.97664895434295e-06,0.07047312085643553,4.585504831379596e-06,6.514040467409803e-05
3.575000000000002e-05,3.3,0.9130678464220116,2.171041723418598,0.91306814561708,4.976638157970044e-06,0.070472746446309,4.585533818176949e-06,6.514030537378419e-05
3.585000000000002e-05,3.3,0.9130678164999365,2.17104155152433,0.9130683181120072,4.976648952893458e-06,0.07047311820150279,4.585505124480439e-06,6.514040457354784e-05
3.595000000000002e-05,3.3,0.9130678474125427,2.171041722854689,0.9130681465031638,4.976638193102378e-06,0.07047274941074823,4.585533548565672e-06,6.514030588332033e-05
3.605000000000002e-05,3.3,0.913067814736044,2.171041552894636,0.913068316392763,4.976648867338403e-06,0.07047311487445183,4.585505366589493e-06,6.514040358482354e-05
3.615000000000002e-05,3.3,0.9130678496984015,2.171041720869549,0.9130681485186096,4.976638317118955e-06,0.07047275285019218,4.585533318099868e-06,6.514030704240397e-05
3.625000000000003e-05,3.3,0.91306781466939,2.171041552552934,0.9130683165294996,4.976648888818153e-06,0.07047311245484551,4.585505658419693e-06,6.514040366355498e-05
3.635000000000003e-05,3.3,0.9130678525016984,2.171041718279931,0.9130681512558148,4.976638478948346e-06,0.07047275657376044,4.585533114948052e-06,6.51403086166058e-05
3.645000000000003e-05,3.3,0.9130678126251326,2.171041554403454,0.913068314558458,4.976648773190347e-06,0.07047310909899987,4.585505882886902e-06,6.5140402530007e-05
3.655000000000003e-05,3.3,0.9130678516355485,2.17104171955039,0.9130681501275338,4.97663839940599e-06,0.07047275847925322,4.585532799954251e-06,6.514030796759514e-05
3.665000000000004e-05,3.3,0.9130678113530287,2.17104155527755,0.9130683135977287,4.976648718658175e-06,0.07047310625371504,4.585506132491372e-06,6.514040197753506e-05
3.675000000000004e-05,3.3,0.9130678528463851,2.171041718626873,0.9130681514122428,4.97663845705569e-06,0.07047276144565925,4.585532563383794e-06,6.51403087064033e-05
3.685000000000004e-05,3.3,0.9130678087618841,2.171041557780605,0.9130683109680132,4.976648562208371e-06,0.07047310268211196,4.585506327001297e-06,6.514040046515225e-05
3.695000000000004e-05,3.3,0.9130678552631573,2.171041716319412,0.9130681539038719,4.976638601271964e-06,0.07047276493411016,4.585532366996563e-06,6.514031013936736e-05
3.705000000000005e-05,3.3,0.91306780678381,2.171041559662136,0.9130683088386137,4.976648444616939e-06,0.07047309938189297,4.585506531788265e-06,6.514039924052188e-05
3.715000000000005e-05,3.3,0.9130678561067995,2.17104171572596,0.9130681546051619,4.976638638296471e-06,0.07047276755644485,4.585532121586322e-06,6.514031054262936e-05
3.725000000000005e-05,3.3,0.9130678049637709,2.171041561277945,0.9130683072026737,4.976648343665101e-06,0.07047309634996322,4.585506746689722e-06,6.514039829969997e-05
3.735000000000005e-05,3.3,0.913067859694826,2.171041712082873,0.9130681583237226,4.976638866055093e-06,0.07047277152876044,4.585531971486718e-06,6.514031268126043e-05
3.745000000000006e-05,3.3,0.9130678030094567,2.171041563310374,0.913068305194617,4.976648216595217e-06,0.07047309318659874,4.585506945778345e-06,6.514039714485416e-05
3.755000000000006e-05,3.3,0.9130678602101039,2.171041711655146,0.9130681587173524,4.97663889276024e-06,0.07047277393777031,4.585531725110045e-06,6.514031290757739e-05
3.765000000000006e-05,3.3,0.9130678031027877,2.171041563050577,0.9130683053718633,4.976648232892506e-06,0.07047309106890448,4.58550720601169e-06,6.514039724687324e-05
3.775000000000006e-05,3.3,0.9130678613500853,2.171041710589159,0.9130681600002658,4.976638959371723e-06,0.07047277670664724,4.585531511265761e-06,6.514031364536019e-05
3.785000000000007e-05,3.3,0.9130678020839537,2.171041563939959,0.9130683042978528,4.976648177335923e-06,0.07047308840974771,4.585507424574308e-06,6.514039662923838e-05
3.795000000000007e-05,3.3,0.9130678623367201,2.171041709619673,0.9130681611895047,4.976639019964598e-06,0.07047277939515886,4.585531298920043e-06,6.514031432926973e-05
3.805000000000007e-05,3.3,0.913067799385897,2.171041566720323,0.9130683013688736,4.976648003505475e-06,0.07047308493673511,4.585507582679249e-06,6.514039494472583e-05
3.815000000000007e-05,3.3,0.9130678636368772,2.171041708374898,0.913068162332108,4.976639097758304e-06,0.07047278203228463,4.585531088593515e-06,6.514031498635834e-05
3.825000000000008e-05,3.3,0.9130678009286307,2.171041565084797,0.9130683029085389,4.976648105791492e-06,0.07047308355417738,4.585507871395079e-06,6.514039583032963e-05
3.835000000000008e-05,3.3,0.9130678651213067,2.171041706798884,0.9130681641173897,4.976639196297626e-06,0.07047278492716152,4.585530902066183e-06,6.514031601308028e-05
3.845000000000008e-05,3.3,0.9130677990303235,2.171041567006395,0.9130683009136884,4.976647985664071e-06,0.0704730805817788,4.585508049437861e-06,6.514039468307401e-05
3.855000000000008e-05,3.3,0.9130678666098783,2.171041705186845,0.9130681659384908,4.976639297097283e-06,0.07047278779852126,4.585530721253965e-06,6.51403170604054e-05
3.865000000000009e-05,3.3,0.913067796915862,2.171041569206541,0.9130682986112618,4.976647848106503e-06,0.07047307750771152,4.585508213593916e-06,6.514039335891581e-05
3.875000000000009e-05,3.3,0.9130678658350024,2.171041706053108,0.9130681652786558,4.976639242904847e-06,0.07047278949583322,4.585530469491614e-06,6.514031668083426e-05
3.885000000000009e-05,3.3,0.9130677969674722,2.171041569229783,0.9130682983959125,4.976647846647059e-06,0.07047307542599794,4.585508436879868e-06,6.51403932351287e-05
3.895000000000009e-05,3.3,0.9130678672609365,2.171041704443256,0.9130681668212569,4.976639343583298e-06,0.07047279216521822,4.585530288808843e-06,6.514031756798426e-05
3.90500000000001e-05,3.3,0.9130677943108769,2.171041572163822,0.9130682954667345,4.976647663159283e-06,0.07047307213049912,4.5855085744153e-06,6.514039155049585e-05
3.91500000000001e-05,3.3,0.913067866974777,2.17104170470582,0.9130681666192293,4.976639327161949e-06,0.0704727939937358,4.58553006002e-06,6.514031745172204e-05
3.92500000000001e-05,3.3,0.9130677936958611,2.171041572860759,0.9130682945992895,4.976647619579808e-06,0.07047306982331276,4.585508769422403e-06,6.514039105165712e-05
3.93500000000001e-05,3.3,0.9130678687842592,2.171041702722496,0.9130681688085522,4.976639451186783e-06,0.0704727969007586,4.585529905801728e-06,6.514031871083248e-05
3.945000000000011e-05,3.3,0.9130677919142476,2.171041574779054,0.9130682925779946,4.976647499629667e-06,0.07047306700936215,4.585508926888385e-06,6.514038988918554e-05
3.955000000000011e-05,3.3,0.9130678703083529,2.17104170097851,0.9130681704783324,4.976639560260607e-06,0.07047279953774883,4.585529739487697e-06,6.514031967113184e-05
3.965000000000011e-05,3.3,0.913067791653764,2.171041575291832,0.9130682922346433,4.976647467520045e-06,0.07047306500047845,4.585509131102158e-06,6.514038969177183e-05
3.975000000000011e-05,3.3,0.9130678712053942,2.171041699887224,0.9130681715698191,4.976639628522495e-06,0.07047280187178512,4.585529560040429e-06,6.514032029883142e-05
3.985000000000011e-05,3.3,0.9130677908458754,2.171041576267056,0.9130682911285304,4.976647406520753e-06,0.0704730626742519,4.585509308404102e-06,6.514038905566068e-05
3.995000000000012e-05,3.3,0.9130678729292178,2.17104169789771,0.9130681736325351,4.976639752958105e-06,0.07047280462624114,4.585529412922353e-06,6.51403214851291e-05
4.005000000000012e-05,3.3,0.9130677896307505,2.171041577763487,0.9130682896173451,4.976647312907682e-06,0.07047306019910113,4.585509469181362e-06,6.514038818657192e-05
4.015000000000012e-05,3.3,0.9130678735300182,2.171041697052392,0.9130681745253663,4.976639805855636e-06,0.0704728068022045,4.585529235226414e-06,6.514032199857578e-05
4.025000000000012e-05,3.3,0.9130677901284768,2.171041577488232,0.9130682898286818,4.976647330071363e-06,0.07047305854334626,4.585509678719649e-06,6.514038830818152e-05
4.035000000000013e-05,3.3,0.9130678740300592,2.171041696278317,0.9130681753804855,4.976639854306789e-06,0.07047280893926616,4.58552905889759e-06,6.514032249033265e-05
4.045000000000013e-05,3.3,0.9130677899915491,2.171041577807796,0.9130682893056202,4.976647310058242e-06,0.07047305658249503,4.585509862316844e-06,6.514038800740612e-05
4.055000000000013e-05,3.3,0.9130678756070008,2.171041694424143,0.9130681770999399,4.976639970284261e-06,0.07047281143837018,4.585528912701327e-06,6.514032347920794e-05
4.065000000000013e-05,3.3,0.9130677880830524,2.171041580152909,0.9130682869777138,4.97664716334781e-06,0.0704730538114249,4.585509989242877e-06,6.51403866685807e-05
4.075000000000014e-05,3.3,0.9130678747527352,2.171041694945231,0.9130681769088946,4.97663993777982e-06,0.07047281303000211,4.585528712326591e-06,6.514032336927109e-05
4.085000000000014e-05,3.3,0.9130677879310315,2.171041580540202,0.9130682865392642,4.976647139086879e-06,0.0704730519444358,4.585510169042737e-06,6.514038641646647e-05
4.095000000000014e-05,3.3,0.9130678746216168,2.171041694764052,0.9130681771948679,4.976639949174434e-06,0.07047281480755879,4.585528530174905e-06,6.514032353369069e-05
4.105000000000014e-05,3.3,0.9130677873268906,2.171041581497134,0.9130682855249244,4.976647079183677e-06,0.07047304984027504,4.585510328274887e-06,6.514038583313159e-05
4.115000000000015e-05,3.3,0.9130678764971675,2.171041692577756,0.9130681794486094,4.976640085924266e-06,0.07047281746683419,4.585528410028606e-06,6.51403248298616e-05
4.125000000000015e-05,3.3,0.9130677885679714,2.171041580415721,0.9130682864060399,4.976647146762267e-06,0.07047304864604323,4.585510540192759e-06,6.514038633995611e-05
4.135000000000015e-05,3.3,0.913067877913841,2.17104169084047,0.9130681812157091,4.976640194605628e-06,0.07047281987104242,4.585528278830712e-06,6.514032584614301e-05
4.145000000000015e-05,3.3,0.9130677881686471,2.171041581143687,0.9130682855475033,4.976647101179251e-06,0.07047304667298834,4.585510697219807e-06,6.514038584622852e-05
4.155000000000016e-05,3.3,0.913067876261787,2.171041692272316,0.9130681798819171,4.976640105134202e-06,0.07047282081451996,4.5855280581859e-06,6.514032507896513e-05
4.165000000000016e-05,3.3,0.9130677870159689,2.171041582681156,0.913068283983087,4.976647004973626e-06,0.07047304441160701,4.585510828777851e-06,6.514038494651834e-05
4.175000000000016e-05,3.3,0.9130678789131209,2.171041689154146,0.91306818300853,4.97664030018253e-06,0.0704728237913104,4.585527974068265e-06,6.514032687716542e-05
4.185000000000016e-05,3.3,0.9130677868946465,2.1710415831285,0.9130682835215128,4.976646976935154e-06,0.07047304267136044,4.585510991962943e-06,6.514038468109944e-05
4.195000000000017e-05,3.3,0.9130678774081488,2.171041690430198,0.9130681818592128,4.976640220453585e-06,0.07047282477449486,4.585527764220367e-06,6.514032621608888e-05
4.205000000000017e-05,3.3,0.9130677862089692,2.171041584236019,0.9130682822047824,4.976646907599654e-06,0.07047304056806883,4.585511125839214e-06,6.514038392384141e-05
4.215000000000017e-05,3.3,0.9130678791549801,2.171041688219437,0.9130681841081956,4.976640358771962e-06,0.07047282729205966,4.585527660097439e-06,6.514032750952745e-05
4.225000000000017e-05,3.3,0.9130677838738683,2.171041587015619,0.9130682794449597,4.976646733723103e-06,0.07047303782812821,4.585511213115656e-06,6.514038233659483e-05
4.235000000000018e-05,3.3,0.9130678782911109,2.171041688694231,0.9130681837925662,4.976640329176739e-06,0.07047282860119257,4.585527482044797e-06,6.514032732794398e-05
4.245000000000018e-05,3.3,0.91306778366804,2.171041587640626,0.9130682788140259,4.976646694553665e-06,0.07047303609248957,4.585511361635406e-06,6.514038197376668e-05
4.255000000000018e-05,3.3,0.9130678787794901,2.17104168778181,0.9130681846817684,4.976640386315879e-06,0.0704728304430525,4.585527342760647e-06,6.514032783931404e-05
4.265000000000018e-05,3.3,0.9130677846409008,2.171041587067122,0.9130682792429876,4.976646730317388e-06,0.07047303486372329,4.585511539831457e-06,6.514038222053122e-05
4.275000000000019e-05,3.3,0.9130678791331234,2.171041687013568,0.9130681856982754,4.976640434439172e-06,0.07047283232033859,4.585527210032623e-06,6.51403284239043e-05
4.285000000000019e-05,3.3,0.9130677821694662,2.171041590041451,0.9130682762598801,4.976646544251723e-06,0.07047303209750516,4.585511611517183e-06,6.514038050486147e-05
4.295000000000019e-05,3.3,0.9130678799443995,2.17104168577346,0.9130681867759269,4.976640512066194e-06,0.07047283420063269,4.58552708200021e-06,6.514032904366149e-05
4.305000000000019e-05,3.3,0.913067781821313,2.171041590745498,0.9130682755404647,4.976646500156464e-06,0.07047303039704933,4.585511748573665e-06,6.514038009113998e-05
4.31500000000002e-05,3.3,0.9130678807796814,2.171041684427873,0.9130681880311744,4.976640596308259e-06,0.07047283614082106,4.585526961856329e-06,6.514032976556497e-05
4.32500000000002e-05,3.3,0.9130677825634762,2.171041590493638,0.9130682757710276,4.976646515788475e-06,0.07047302914689418,4.585511912709474e-06,6.514038022379355e-05
4.33500000000002e-05,3.3,0.913067881228534,2.171041683540305,0.9130681890283594,4.976640651897948e-06,0.07047283793498728,4.585526837130702e-06,6.514033033904384e-05
4.34500000000002e-05,3.3,0.9130677821007821,2.171041591424145,0.9130682748022637,4.976646457506828e-06,0.0704730273841657,4.585512036173502e-06,6.514037966665927e-05
4.35500000000002e-05,3.3,0.9130678810296234,2.171041683216488,0.9130681895258034,4.976640672264556e-06,0.0704728394796794,4.585526699627933e-06,6.514033062510184e-05
4.365000000000021e-05,3.3,0.9130677822557024,2.171041591839081,0.9130682743782818,4.976646431431886e-06,0.07047302588688047,4.585512174335321e-06,6.514037942285265e-05
4.375000000000021e-05,3.3,0.9130678818390164,2.171041681906896,0.9130681906871981,4.976640754253977e-06,0.07047284130399523,4.585526585073745e-06,6.514033129302641e-05
4.385000000000021e-05,3.3,0.9130677820136927,2.17104159251641,0.91306827368655,4.976646388986298e-06,0.07047302428441406,4.585512302343963e-06,6.514037902505111e-05
4.395000000000021e-05,3.3,0.9130678819684823,2.171041681348178,0.9130681914175621,4.976640789282562e-06,0.07047284290947878,4.585526459961142e-06,6.514033171304882e-05
4.405000000000022e-05,3.3,0.9130677814698324,2.171041593533983,0.9130682725247979,4.976646325259733e-06,0.0704730224947781,4.58551241280619e-06,6.514037835691775e-05
4.415000000000022e-05,3.3,0.9130678831803088,2.171041679557327,0.9130681930825737,4.976640901379488e-06,0.07047284492525198,4.585526365245906e-06,6.514033267062944e-05
4.425000000000022e-05,3.3,0.9130677813127833,2.171041594206917,0.9130682718878538,4.976646283068422e-06,0.07047302096595157,4.585512536858615e-06,6.514037799062378e-05
4.435000000000022e-05,3.3,0.9130678829922547,2.171041679268311,0.9130681934679191,4.9766409195591e-06,0.07047284631887239,4.585526235887153e-06,6.514033289221735e-05
4.445000000000023e-05,3.3,0.9130677811586965,2.171041594985185,0.9130682710302841,4.976646234264405e-06,0.07047301935232708,4.58551265231184e-06,6.514037749743816e-05
4.455000000000023e-05,3.3,0.9130678826162926,2.171041679167113,0.9130681935686061,4.976640925997032e-06,0.07047284757332613,4.58552609889169e-06,6.514033295008547e-05
4.465000000000023e-05,3.3,0.9130677815733781,2.17104159496575,0.9130682710621025,4.976646235388955e-06,0.0704730181778422,4.585512791098032e-06,6.514037751578011e-05
4.475000000000023e-05,3.3,0.9130678824704138,2.171041678777277,0.9130681939611396,4.976640950494696e-06,0.07047284893373769,4.58552597396844e-06,6.514033317580914e-05
4.485000000000024e-05,3.3,0.9130677816525927,2.171041595374528,0.9130682705285018,4.976646209719181e-06,0.07047301675970763,4.5855129109219e-06,6.514037720892229e-05
4.495000000000024e-05,3.3,0.9130678828477348,2.171041677761079,0.9130681950589498,4.97664101417753e-06,0.07047285060383782,4.585525872016344e-06,6.51403338071679e-05
4.505000000000024e-05,3.3,0.913067781650188,2.171041595907749,0.9130682699994046,4.976646176258363e-06,0.07047301536523085,4.585513028397964e-06,6.514037690465461e-05
4.515000000000024e-05,3.3,0.9130678816118899,2.171041678681715,0.9130681941792302,4.976640956691678e-06,0.07047285133476176,4.58552571389237e-06,6.514033330116254e-05
4.525000000000025e-05,3.3,0.9130677812744254,2.171041596930642,0.9130682688572841,4.976646112154767e-06,0.07047301370964339,4.585513124965634e-06,6.514037624780997e-05
4.535000000000025e-05,3.3,0.913067882250481,2.171041677349841,0.9130681955214732,4.976641040123722e-06,0.07047285307780865,4.585525623872273e-06,6.514033407310722e-05
4.545000000000025e-05,3.3,0.9130677819810601,2.171041596720557,0.9130682691032878,4.97664612517252e-06,0.0704730127129024,4.585513261027441e-06,6.514037638933608e-05
4.555000000000025e-05,3.3,0.9130678819330251,2.171041677197552,0.9130681956632022,4.976641049754178e-06,0.0704728542444019,4.585525500482277e-06,6.514033415458313e-05
4.565000000000026e-05,3.3,0.9130677799692086,2.171041599302217,0.9130682665338156,4.976645963637578e-06,0.07047301044364004,4.58551330963301e-06,6.514037491155588e-05
4.575000000000026e-05,3.3,0.9130678835581534,2.17104167491711,0.9130681979847434,4.976641192479407e-06,0.07047285639491863,4.585525444959296e-06,6.514033548976995e-05
4.585000000000026e-05,3.3,0.9130677802507341,2.171041599594807,0.9130682661658109,4.976645945209088e-06,0.07047300919866481,4.585513423211427e-06,6.514037469993523e-05
4.595000000000026e-05,3.3,0.9130678824712992,2.171041675492724,0.9130681974815524,4.976641156613523e-06,0.07047285722712811,4.585525306522131e-06,6.51403352003263e-05
4.605000000000027e-05,3.3,0.9130677795424259,2.171041600929314,0.9130682648989398,4.976645861629014e-06,0.07047300756157168,4.585513507251307e-06,6.514037397133738e-05
4.615000000000027e-05,3.3,0.9130678836484207,2.171041673707748,0.9130681993083766,4.976641268351343e-06,0.07047285911471403,4.585525240191798e-06,6.514033625097859e-05
4.625000000000027e-05,3.3,0.9130677799461323,2.171041601064,0.9130682648314733,4.976645853081282e-06,0.0704730064919662,4.585513625602989e-06,6.514037393256845e-05
4.635000000000027e-05,3.3,0.9130678824811855,2.171041674268139,0.913068198780197,4.97664123346166e-06,0.07047285990239897,4.585525104824619e-06,6.514033594716424e-05
4.645000000000028e-05,3.3,0.9130677789956658,2.171041602670198,0.9130682632580622,4.976645752507896e-06,0.07047300474416099,4.585513696889051e-06,6.514037302766402e-05
4.655000000000028e-05,3.3,0.913067882484631,2.171041673727121,0.9130681992472514,4.97664126741231e-06,0.07047286112406634,4.585525002191128e-06,6.514033621575411e-05
4.665000000000028e-05,3.3,0.9130677791742289,2.171041602960627,0.9130682629796117,4.976645734240645e-06,0.07047300362192177,4.58551380372828e-06,6.514037286754714e-05
4.675000000000028e-05,3.3,0.9130678827740808,2.17104167287224,0.9130682000434902,4.976641320992252e-06,0.07047286248465665,4.585524910927874e-06,6.514033667367455e-05
4.685000000000028e-05,3.3,0.9130677807719336,2.171041602045861,0.9130682638896772,4.976645791265813e-06,0.07047300305127441,4.585513945810692e-06,6.514037339100068e-05
4.695000000000029e-05,3.3,0.913067882699432,2.171041672309224,0.9130682006817258,4.976641356343665e-06,0.07047286374832169,4.585524817731872e-06,6.514033704071865e-05
4.705000000000029e-05,3.3,0.9130677788802521,2.171041604428841,0.9130682616109199,4.976645642171018e-06,0.0704730010394729,4.585513988846869e-06,6.514037208041805e-05
4.715000000000029e-05,3.3,0.9130678827631349,2.171041671597454,0.9130682012634607,4.976641400997594e-06,0.07047286497797013,4.585524723735949e-06,6.514033737526803e-05
4.725000000000029e-05,3.3,0.9130677784678317,2.171041605676626,0.9130682605084718,4.976645563958998e-06,0.07047299957951919,4.585514066086271e-06,6.514037144638205e-05
4.73500000000003e-05,3.3,0.9130678823812469,2.171041671440952,0.9130682014607068,4.976641410909807e-06,0.07047286600562293,4.5855246210914e-06,6.514033748868189e-05
4.74500000000003e-05,3.3,0.9130677799503645,2.171041604613484,0.9130682612672655,4.976645630326458e-06,0.07047299899000288,4.585514197688985e-06,6.514037188282985e-05
4.75500000000003e-05,3.3,0.913067882165816,2.171041671034993,0.9130682019054619,4.976641436438526e-06,0.07047286714095694,4.585524526620242e-06,6.51403377444495e-05
4.76500000000003e-05,3.3,0.913067780315682,2.171041604883138,0.9130682611429457,4.976645613315833e-06,0.07047299802390554,4.585514299311942e-06,6.514037181135936e-05
4.775000000000031e-05,3.3,0.9130678826551674,2.171041669899712,0.913068203013004,4.976641507569133e-06,0.0704728685563268,4.585524454989124e-06,6.514033838141617e-05
4.785000000000031e-05,3.3,0.9130677800457632,2.171041605761162,0.9130682600450631,4.976645558277893e-06,0.07047299661012017,4.5855143715286e-06,6.51403711799484e-05
4.795000000000031e-05,3.3,0.9130678823415292,2.171041669617875,0.91306820331929,4.976641525331529e-06,0.07047286959007129,4.585524360735432e-06,6.514033855754377e-05
4.805000000000031e-05,3.3,0.913067780506965,2.171041605825452,0.9130682601415602,4.976645554133756e-06,0.07047299577542218,4.585514476350124e-06,6.51403712354781e-05
4.815000000000032e-05,3.3,0.9130678823597145,2.171041668987265,0.9130682040043463,4.976641564902995e-06,0.07047287078304598,4.585524279637855e-06,6.514033895152101e-05
4.825000000000032e-05,3.3,0.9130677808974352,2.171041606002231,0.913068259898357,4.976645542946213e-06,0.07047299479196047,4.585514570033649e-06,6.514037109562994e-05
4.835000000000032e-05,3.3,0.9130678834662801,2.17104166731414,0.9130682056430318,4.976641669638585e-06,0.07047287240363301,4.585524228543753e-06,6.514033989397388e-05
4.845000000000032e-05,3.3,0.9130677813827157,2.171041606150798,0.9130682597921639,4.97664553350554e-06,0.07047299389773896,4.585514664823282e-06,6.514037103458233e-05
4.855000000000033e-05,3.3,0.9130678825171963,2.171041667692946,0.9130682052021116,4.97664164609299e-06,0.07047287303965456,4.585524118022174e-06,6.514033964035226e-05
4.865000000000033e-05,3.3,0.913067781366058,2.171041606808213,0.9130682590062117,4.976645492251034e-06,0.07047299269534658,4.58551473858211e-06,6.514037058257388e-05
4.875000000000033e-05,3.3,0.9130678826664095,2.171041666868268,0.9130682061042364,4.976641697813225e-06,0.07047287429362845,4.585524047972431e-06,6.514034015917686e-05
4.885000000000033e-05,3.3,0.9130677807977077,2.171041607936752,0.9130682579782958,4.976645421562976e-06,0.070472991396147,4.585514803402656e-06,6.514036999140083e-05
4.895000000000034e-05,3.3,0.9130678826121454,2.171041666296312,0.9130682066857193,4.976641733721608e-06,0.07047287537710109,4.585523970917319e-06,6.51403404935857e-05
4.905000000000034e-05,3.3,0.91306778164961,2.171041607852175,0.9130682580341167,4.976645426664024e-06,0.07047299060797078,4.585514899409365e-06,6.514037002353373e-05
4.915000000000034e-05,3.3,0.9130678829363934,2.171041665333418,0.9130682075635411,4.976641794073703e-06,0.07047287658739969,4.585523903878229e-06,6.514034099843431e-05
4.925000000000034e-05,3.3,0.9130677844934845,2.171041605398725,0.9130682603245724,4.976645579957367e-06,0.07047299086858314,4.585515060312749e-06,6.514037134090429e-05
4.935000000000035e-05,3.3,0.9130678835929302,2.171041664063541,0.9130682089441026,4.976641873611316e-06,0.07047287801037146,4.585523854168603e-06,6.514034179242961e-05
4.945000000000035e-05,3.3,0.913067782337249,2.171041608288628,0.9130682574254324,4.976645399108441e-06,0.07047298875350776,4.585515063532972e-06,6.514036967350523e-05
4.955000000000035e-05,3.3,0.9130678830078418,2.171041664056003,0.9130682089038304,4.976641874225107e-06,0.07047287876341118,4.58552376352021e-06,6.514034176924047e-05
4.965000000000035e-05,3.3,0.9130677832202865,2.171041608069952,0.9130682577303602,4.976645412618845e-06,0.0704729881225354,4.585515162122938e-06,6.514036984890845e-05
4.975000000000036e-05,3.3,0.9130678828275385,2.17104166364988,0.9130682093254004,4.976641899756201e-06,0.07047287972301151,4.585523687479469e-06,6.51403420116794e-05
4.985000000000036e-05,3.3,0.9130677832481231,2.171041608609601,0.9130682572624121,4.97664537874492e-06,0.07047298715176566,4.585515235600805e-06,6.514036957979621e-05
4.995000000000036e-05,3.3,0.9130678823180356,2.171041663432805,0.9130682096166651,4.97664191350379e-06,0.07047288060255004,4.585523609852628e-06,6.514034217917343e-05
5.005000000000036e-05,3.3,0.9130677825157945,2.17104160989845,0.91306825597118,4.976645298035135e-06,0.07047298581440516,4.585515282856503e-06,6.514036883717509e-05
5.015000000000037e-05,3.3,0.9130678810237046,2.171041664181805,0.9130682089606474,4.976641866808762e-06,0.07047288103312177,4.585523505217477e-06,6.51403418018441e-05
5.025000000000037e-05,3.3,0.9130677843489834,2.171041608619685,0.9130682571312301,4.976645377847786e-06,0.07047298562077178,4.585515402086016e-06,6.514036950439739e-05
5.035000000000037e-05,3.3,0.9130678824862436,2.171041662144201,0.913068210930319,4.976641994333866e-06,0.07047288266517614,4.585523480408873e-06,6.514034293466484e-05
5.045000000000037e-05,3.3,0.9130677833563774,2.171041610308688,0.9130682555517711,4.976645272085605e-06,0.07047298417522593,4.585515437844956e-06,6.514036859600295e-05
5.055000000000037e-05,3.3,0.9130678809814304,2.171041663087637,0.9130682099858738,4.976641935487268e-06,0.07047288293464346,4.585523370364231e-06,6.514034239144922e-05
5.065000000000038e-05,3.3,0.9130677830953358,2.171041611107211,0.9130682546180059,4.976645222034678e-06,0.07047298304067028,4.585515491405455e-06,6.514036805897694e-05
5.075000000000038e-05,3.3,0.9130678799165001,2.17104166355427,0.9130682095552158,4.976641906458724e-06,0.0704728834375613,4.585523276141791e-06,6.514034214373419e-05
5.085000000000038e-05,3.3,0.9130677839659733,2.171041610845829,0.9130682548643162,4.976645238228451e-06,0.07047298246384003,4.585515578814857e-06,6.514036820066492e-05
5.095000000000038e-05,3.3,0.9130678801009872,2.171041662801325,0.9130682102962845,4.976641953668129e-06,0.07047288446970425,4.585523218350308e-06,6.514034256993275e-05
5.105000000000039e-05,3.3,0.9130677839847239,2.171041611484438,0.9130682541513706,4.976645198144593e-06,0.070472981458641,4.585515635818455e-06,6.514036779064142e-05
5.115000000000039e-05,3.3,0.9130678805530416,2.171041661673495,0.913068211381914,4.976642024341842e-06,0.07047288563390096,4.585523174000544e-06,6.514034319430388e-05
5.125000000000039e-05,3.3,0.9130677836071436,2.171041612568545,0.9130682531913771,4.97664513019675e-06,0.07047298034390058,4.585515684930013e-06,6.514036723852844e-05
5.135000000000039e-05,3.3,0.9130678794030925,2.171041662302088,0.9130682108387563,4.976641985168721e-06,0.07047288605173252,4.585523080259853e-06,6.514034288188824e-05
5.14500000000004e-05,3.3,0.9130677833495999,2.171041613324758,0.9130682524381227,4.976645082800299e-06,0.07047297934420213,4.585515737943203e-06,6.514036680532e-05
5.15500000000004e-05,3.3,0.9130678800661094,2.171041661012877,0.9130682120983717,4.976642065919238e-06,0.0704728872792723,4.585523043089709e-06,6.514034360632661e-05
5.16500000000004e-05,3.3,0.9130677834337997,2.171041613938255,0.9130682519014364,4.976645044275816e-06,0.07047297845424341,4.585515796319025e-06,6.514036649666821e-05
5.17500000000004e-05,3.3,0.9130678790829043,2.171041661376667,0.9130682116991614,4.976642043325936e-06,0.07047288773691959,4.585522956728545e-06,6.514034337670334e-05
5.185000000000041e-05,3.3,0.9130677844780773,2.171041613530682,0.9130682522376292,4.976645069601826e-06,0.07047297797753578,4.585515879615809e-06,6.514036669004944e-05
5.195000000000041e-05,3.3,0.9130678788413035,2.171041660917663,0.9130682122682915,4.976642072192641e-06,0.07047288862760334,4.58552290100258e-06,6.514034370401362e-05
5.205000000000041e-05,3.3,0.9130677833476836,2.17104161516589,0.9130682507139294,4.976644967250899e-06,0.07047297665623115,4.585515905628138e-06,6.514036581372201e-05
5.215000000000041e-05,3.3,0.9130678791958105,2.171041660051965,0.9130682129699109,4.976642126437136e-06,0.07047288957133843,4.585522850145076e-06,6.514034410752596e-05
5.225000000000042e-05,3.3,0.9130677839372762,2.171041615238075,0.9130682506855402,4.976644962576764e-06,0.07047297602765465,4.5855159761193e-06,6.514036579741421e-05
5.235000000000042e-05,3.3,0.9130678793005851,2.171041659266929,0.9130682137183731,4.976642175681853e-06,0.07047289052382238,4.585522802200597e-06,6.514034453798102e-05
5.245000000000042e-05,3.3,0.9130677839140522,2.171041615986281,0.9130682499066344,4.976644915623423e-06,0.070472975061455,4.585516023102833e-06,6.514036534945024e-05
5.255000000000042e-05,3.3,0.9130678779507851,2.171041659967234,0.9130682130414809,4.976642132058355e-06,0.07047289080553805,4.585522713067227e-06,6.514034414865032e-05
5.265000000000043e-05,3.3,0.9130677846976195,2.171041615732338,0.9130682500227263,4.976644931371628e-06,0.07047297452406091,4.58551609505655e-06,6.514036541623902e-05
5.275000000000043e-05,3.3,0.9130678782303812,2.1710416591542,0.9130682138355792,4.976642183016173e-06,0.07047289176053274,4.585522668642485e-06,6.514034460535295e-05
5.285000000000043e-05,3.3,0.9130677839855548,2.171041617104217,0.9130682489889014,4.976644845443854e-06,0.07047297347267752,4.58551613069501e-06,6.514036482165883e-05
5.295000000000043e-05,3.3,0.9130678764493337,2.171041660364315,0.9130682126436218,4.97664210750072e-06,0.070472891786968,4.5855225661158e-06,6.514034391978621e-05
5.305000000000044e-05,3.3,0.9130677851476632,2.171041616463487,0.9130682495121873,4.976644885375162e-06,0.07047297313968084,4.585516212940372e-06,6.514036512264297e-05
5.315000000000044e-05,3.3,0.9130678769293441,2.171041659239981,0.9130682137239415,4.97664217794859e-06,0.07047289284843414,4.585522533230655e-06,6.514034454110627e-05
5.325000000000044e-05,3.3,0.9130677866889986,2.171041615476479,0.9130682502970883,4.976644946946669e-06,0.07047297293973587,4.585516301583762e-06,6.514036557409383e-05
5.335000000000044e-05,3.3,0.9130678773494656,2.171041658254275,0.9130682148045153,4.976642239709823e-06,0.07047289389819852,4.58552250174236e-06,6.514034516257398e-05
5.345000000000045e-05,3.3,0.9130677850663569,2.171041617815075,0.9130682481638822,4.976644800567442e-06,0.07047297140997481,4.585516300908743e-06,6.51403643472094e-05
5.355000000000045e-05,3.3,0.9130678771100236,2.171041657866554,0.9130682150383015,4.976642264102234e-06,0.07047289455376299,4.58552244524723e-06,6.514034529701734e-05
5.365000000000045e-05,3.3,0.9130677856815677,2.171041617815902,0.9130682481169984,4.976644800365759e-06,0.07047297084362587,4.585516362631173e-06,6.514036432026225e-05
5.375000000000045e-05,3.3,0.9130678769863144,2.171041657401707,0.9130682155236397,4.976642293306497e-06,0.07047289531296279,4.58552239775628e-06,6.514034557613961e-05
5.385000000000046e-05,3.3,0.9130677857755745,2.171041618222314,0.9130682476805998,4.976644774836922e-06,0.07047297011417843,4.585516410756269e-06,6.514036406928677e-05
5.395000000000046e-05,3.3,0.9130678775747441,2.171041656012024,0.9130682168361584,4.976642380383486e-06,0.07047289644395288,4.585522376185412e-06,6.514034633101233e-05
5.405000000000046e-05,3.3,0.9130677864863286,2.171041618175517,0.9130682477540581,4.976644777600264e-06,0.07047296961930014,4.585516474246976e-06,6.514036411155225e-05
5.415000000000046e-05,3.3,0.9130678765788846,2.171041656510506,0.9130682162582063,4.97664234933963e-06,0.07047289669733889,4.585522298577907e-06,6.514034599858944e-05
5.425000000000046e-05,3.3,0.9130677854912258,2.171041619718448,0.9130682464396487,4.976644681006532e-06,0.07047296850104401,4.585516494205756e-06,6.514036335559274e-05
5.435000000000047e-05,3.3,0.9130678763513593,2.17104165620763,0.9130682164316868,4.976642368403461e-06,0.07047289728858588,4.58552224450898e-06,6.514034609834934e-05
5.445000000000047e-05,3.3,0.9130677860817783,2.171041619797633,0.9130682464066886,4.976644675892204e-06,0.07047296798417245,4.585516551368856e-06,6.51403633366507e-05
5.455000000000047e-05,3.3,0.913067875483331,2.171041656504612,0.9130682161922479,4.976642349975608e-06,0.0704728976764371,4.585522179583663e-06,6.514034596062242e-05
5.465000000000047e-05,3.3,0.9130677877736401,2.171041618636381,0.9130682474681678,4.97664474836251e-06,0.07047296797428934,4.585516641076975e-06,6.514036394717222e-05
5.475000000000048e-05,3.3,0.9130678753520839,2.171041656046782,0.9130682166159477,4.976642378741767e-06,0.07047289836583207,4.585522135031933e-06,6.514034620429507e-05
5.485000000000048e-05,3.3,0.913067786508124,2.171041620608728,0.9130682456170665,4.97664462488212e-06,0.07047296663395422,4.585516641974808e-06,6.514036288253677e-05
5.495000000000048e-05,3.3,0.9130678747642716,2.171041656126273,0.9130682165956243,4.976642373895259e-06,0.07047289884066207,4.585522078310435e-06,6.514034619258965e-05
5.505000000000048e-05,3.3,0.9130677874224802,2.171041620136412,0.9130682460891787,4.976644654303847e-06,0.07047296637658934,4.585516711200767e-06,6.5140363154084e-05
5.515000000000049e-05,3.3,0.9130678740636062,2.171041656088285,0.9130682166225903,4.976642376451678e-06,0.07047289932521249,4.585522024397824e-06,6.51403462080842e-05
5.525000000000049e-05,3.3,0.9130677881652569,2.171041619941143,0.9130682463300877,4.976644666378566e-06,0.07047296601347025,4.585516773396982e-06,6.514036329265825e-05
5.535000000000049e-05,3.3,0.9130678757012752,2.171041653855438,0.9130682187533797,4.976642516189876e-06,0.07047290077172937,4.585522034534664e-06,6.514034743358177e-05
5.545000000000049e-05,3.3,0.9130677887971441,2.171041619923046,0.9130682463457046,4.976644667359949e-06,0.07047296555777996,4.585516827515366e-06,6.514036330165366e-05
5.55500000000005e-05,3.3,0.9130678738679925,2.17104165517395,0.9130682174856807,4.976642433884263e-06,0.07047290064363992,4.585521943602201e-06,6.514034670445542e-05
5.56500000000005e-05,3.3,0.9130677885678218,2.171041620743734,0.9130682455493367,4.976644615907802e-06,0.07047296473949646,4.585516855906649e-06,6.514036284364248e-05
5.57500000000005e-05,3.3,0.913067873785207,2.171041654674158,0.9130682180003288,4.976642465272232e-06,0.07047290133538081,4.58552190637556e-06,6.514034700043808e-05
5.58500000000005e-05,3.3,0.91306778852645,2.17104162137414,0.9130682449273257,4.976644576352348e-06,0.07047296400490644,4.585516889144041e-06,6.514036248591077e-05
5.595000000000051e-05,3.3,0.9130678733135991,2.171041654621338,0.9130682180255261,4.976642468701967e-06,0.07047290178951635,4.58552185583861e-06,6.514034701491675e-05
5.605000000000051e-05,3.3,0.9130677892314571,2.171041621269332,0.9130682449846066,4.976644582758149e-06,0.07047296359079178,4.585516941914e-06,6.514036251886955e-05
5.615000000000051e-05,3.3,0.9130678744888593,2.171041652864488,0.9130682195608899,4.976642578678686e-06,0.07047290293010702,4.585521851729992e-06,6.51403478979595e-05
5.625000000000051e-05,3.3,0.9130677906932185,2.171041620254645,0.9130682460919168,4.97664464608603e-06,0.0704729636752746,4.585517024537077e-06,6.514036315574676e-05
5.635000000000052e-05,3.3,0.9130678741215872,2.171041652615711,0.9130682198595917,4.976642594382441e-06,0.0704729034962134,4.585521811049408e-06,6.514034806974153e-05
5.645000000000052e-05,3.3,0.9130677903260634,2.171041621384793,0.9130682449931324,4.976644575243573e-06,0.0704729627402962,4.585517041218002e-06,6.514036252379929e-05
5.655000000000052e-05,3.3,0.913067873640211,2.171041652513572,0.9130682199651577,4.976642600910682e-06,0.07047290396505293,4.585521765519472e-06,6.51403481304439e-05
5.665000000000052e-05,3.3,0.9130677912672175,2.171041620849467,0.9130682454093183,4.976644608613167e-06,0.07047296251643588,4.585517101876026e-06,6.514036276318005e-05
5.675000000000053e-05,3.3,0.9130678727461445,2.171041652869275,0.9130682196791949,4.976642578804114e-06,0.07047290424522629,4.585521709193808e-06,6.514034796596037e-05
5.685000000000053e-05,3.3,0.9130677910512849,2.171041621734461,0.913068244684562,4.976644553120845e-06,0.07047296177656409,4.585517127174166e-06,6.5140362346354e-05
5.695000000000053e-05,3.3,0.913067871996751,2.171041653033994,0.9130682194840447,4.976642568649378e-06,0.07047290455794931,4.585521656658869e-06,6.514034785370877e-05
5.705000000000053e-05,3.3,0.9130677909455858,2.171041622468334,0.9130682439675984,4.976644507086583e-06,0.07047296104528114,4.585517152106465e-06,6.514036193400978e-05
5.715000000000054e-05,3.3,0.9130678721955857,2.17104165228882,0.9130682202278017,4.976642615369474e-06,0.07047290529594852,4.585521633186255e-06,6.51403482814637e-05
5.725000000000054e-05,3.3,0.9130677923895132,2.171041621396997,0.913068244931134,4.976644573974804e-06,0.07047296109678666,4.585517226525314e-06,6.51403624881948e-05
5.735000000000054e-05,3.3,0.9130678721689484,2.171041651781304,0.9130682207425805,4.97664264722862e-06,0.0704729059212795,4.585521603665825e-06,6.5140348577523e-05
5.745000000000054e-05,3.3,0.913067792313118,2.171041622098977,0.9130682442433654,4.976644529935007e-06,0.0704729603952505,4.585517250445608e-06,6.51403620926396e-05
5.755000000000055e-05,3.3,0.9130678721295359,2.171041651179847,0.9130682212973985,4.976642684987978e-06,0.0704729065635541,4.585521575515607e-06,6.514034889661062e-05
5.765000000000055e-05,3.3,0.9130677931874672,2.171041621683254,0.9130682446499001,4.976644555813807e-06,0.07047296020726596,4.58551730615671e-06,6.514036232646826e-05
5.775000000000055e-05,3.3,0.9130678716904972,2.171041651091692,0.9130682213614804,4.976642690627961e-06,0.07047290697347644,4.585521533348643e-06,6.51403489334551e-05
5.785000000000055e-05,3.3,0.9130677938703446,2.171041621477274,0.9130682448531422,4.976644568575189e-06,0.07047295992604011,4.585517355711159e-06,6.514036244337393e-05
5.795000000000055e-05,3.3,0.9130678727302675,2.17104164948692,0.913068222856213,4.976642791093131e-06,0.07047290803074438,4.585521535522697e-06,6.514034979313051e-05
5.805000000000056e-05,3.3,0.9130677944713348,2.171041621442862,0.9130682449262234,4.976644570587747e-06,0.07047295959083016,4.585517400666501e-06,6.514036248541816e-05
5.815000000000056e-05,3.3,0.9130678724463891,2.171041649314954,0.9130682230684763,4.976642801954866e-06,0.0704729084914703,4.585521499841717e-06,6.514034991520102e-05
5.825000000000056e-05,3.3,0.9130677949310029,2.171041621463708,0.9130682448166318,4.976644569167461e-06,0.07047295917552351,4.5855174396434e-06,6.5140362422399e-05
5.835000000000056e-05,3.3,0.9130678709286593,2.171041650374345,0.913068222011784,4.976642735835554e-06,0.07047290836510355,4.58552142631096e-06,6.514034930743858e-05
5.845000000000057e-05,3.3,0.9130677949910037,2.171041621932896,0.9130682444429123,4.976644539705417e-06,0.07047295865026518,4.585517469350869e-06,6.514036220746784e-05
5.855000000000057e-05,3.3,0.9130678712433066,2.171041649464659,0.9130682229597235,4.976642792853224e-06,0.07047290915138711,4.585521414286067e-06,6.514034985262983e-05
5.865000000000057e-05,3.3,0.9130677951696055,2.171041622332098,0.9130682440465673,4.976644514606262e-06,0.0704729581172048,4.585517498060592e-06,6.514036197952357e-05
5.875000000000057e-05,3.3,0.9130678706011426,2.17104164961588,0.9130682228047824,4.976642783519016e-06,0.07047290942265572,4.585521369915209e-06,6.51403497635057e-05
5.885000000000058e-05,3.3,0.9130677936997242,2.171041624384616,0.9130682421024061,4.976644386144127e-06,0.07047295688238604,4.58551747896161e-06,6.514036086136007e-05
5.895000000000058e-05,3.3,0.9130678685617465,2.171041651219751,0.9130682213379434,4.976642683354255e-06,0.07047290909107218,4.585521285964275e-06,6.514034891984944e-05
5.905000000000058e-05,3.3,0.9130677931870895,2.17104162539665,0.9130682410996478,4.976644322751848e-06,0.07047295608222982,4.58551748802609e-06,6.514036028463995e-05
5.915000000000058e-05,3.3,0.9130678678302163,2.171041651415647,0.913068221110405,4.976642671238698e-06,0.0704729093196174,4.585521240483542e-06,6.514034878897144e-05
5.925000000000059e-05,3.3,0.9130677947244978,2.171041624387851,0.9130682420470707,4.976644385690375e-06,0.07047295618971959,4.585517554618237e-06,6.51403608295558e-05
5.935000000000059e-05,3.3,0.9130678699049287,2.171041648724607,0.9130682235649052,4.976642839628384e-06,0.07047291077866004,4.58552127616253e-06,6.514035020065414e-05
5.945000000000059e-05,3.3,0.9130677949812694,2.171041624593542,0.9130682420138253,4.976644372718284e-06,0.07047295584819314,4.585517591452039e-06,6.514036081044434e-05
5.955000000000059e-05,3.3,0.9130678674084818,2.171041650776556,0.9130682216910264,4.976642711453216e-06,0.0704729102331959,4.58552118303984e-06,6.514034912289237e-05
5.96500000000006e-05,3.3,0.9130677961034444,2.171041623974382,0.9130682424482286,4.976644411303669e-06,0.07047295572616566,4.585517641818173e-06,6.514036106030002e-05
5.97500000000006e-05,3.3,0.913067869973307,2.171041647601309,0.9130682247564698,4.976642910113222e-06,0.07047291196839563,4.58552123771121e-06,6.514035088595642e-05
5.98500000000006e-05,3.3,0.9130677954880875,2.171041625167988,0.9130682413053174,4.976644336539762e-06,0.0704729548855778,4.585517643879101e-06,6.514036040297022e-05
5.99500000000006e-05,3.3,0.913067867840939,2.171041649308491,0.9130682230618327,4.976642803487296e-06,0.07047291150020138,4.585521150567174e-06,6.514034991128601e-05
6.005000000000061e-05,3.3,0.9130677959257868,2.171041625145955,0.9130682414021535,4.976644337816052e-06,0.07047295462806076,4.585517681817571e-06,6.514036045867394e-05
6.015000000000061e-05,3.3,0.9130678673373014,2.171041649429922,0.9130682229597508,4.976642795988422e-06,0.07047291175671812,4.585521112320482e-06,6.514034985256355e-05
6.025000000000061e-05,3.3,0.9130677960927112,2.171041625587397,0.9130682409785638,4.976644310068083e-06,0.07047295412606787,4.585517704654913e-06,6.514036021505866e-05
6.035000000000061e-05,3.3,0.91306786741465,2.171041648743911,0.913068223550804,4.976642839026344e-06,0.07047291232335569,4.585521095953168e-06,6.51403501924962e-05
6.045000000000062e-05,3.3,0.9130677963821744,2.171041625765405,0.9130682409289682,4.976644298825043e-06,0.07047295380582137,4.585517737651872e-06,6.514036018654293e-05
6.055000000000062e-05,3.3,0.913067866268963,2.171041649397174,0.9130682228288673,4.976642798306365e-06,0.07047291227996307,4.585521040729071e-06,6.514034977726858e-05
6.065000000000062e-05,3.3,0.9130677970437419,2.171041625468841,0.9130682410268409,4.976644317277237e-06,0.07047295355829233,4.585517774479606e-06,6.514036024284292e-05
6.075000000000062e-05,3.3,0.9130678669279757,2.171041648313983,0.9130682239802351,4.976642866128689e-06,0.0704729131037838,4.585521041334104e-06,6.514035043946232e-05
6.085000000000063e-05,3.3,0.9130677977657052,2.171041625310364,0.9130682412651392,4.97664432704636e-06,0.07047295337900324,4.58551781515603e-06,6.514036037990883e-05
6.095000000000063e-05,3.3,0.9130678664830044,2.17104164825089,0.9130682239789085,4.976642870197743e-06,0.07047291338878407,4.585521008181968e-06,6.514035043869033e-05
6.105000000000063e-05,3.3,0.9130677975321128,2.17104162598236,0.9130682406318186,4.976644284927434e-06,0.07047295280442163,4.585517828908448e-06,6.514036001566565e-05
6.115000000000063e-05,3.3,0.913067866333055,2.171041648002094,0.9130682240983293,4.976642885849059e-06,0.07047291372013965,4.585520979723539e-06,6.514035050736558e-05
6.125000000000063e-05,3.3,0.9130677965311847,2.17104162752418,0.9130682391614969,4.976644188403027e-06,0.07047295185578646,4.585517816174744e-06,6.514035917002702e-05
6.135000000000064e-05,3.3,0.9130678653813488,2.171041648441865,0.9130682237397207,4.976642858481239e-06,0.07047291383359393,4.585520936661967e-06,6.514035030110623e-05
6.145000000000064e-05,3.3,0.91306779752506,2.17104162696479,0.913068239773235,4.976644223268653e-06,0.07047295186016739,4.585517866721015e-06,6.514035952187286e-05
6.155000000000064e-05,3.3,0.9130678642139514,2.171041649148438,0.9130682229073986,4.976642814420698e-06,0.07047291372334939,4.585520879967519e-06,6.514034982239077e-05
6.165000000000064e-05,3.3,0.9130677986695407,2.171041626310931,0.9130682403459475,4.97664426402613e-06,0.07047295185507957,4.585517915090135e-06,6.514035985127488e-05
6.175000000000065e-05,3.3,0.9130678648504774,2.171041647957007,0.9130682241347191,4.976642889043163e-06,0.07047291454692836,4.585520886932564e-06,6.51403505282699e-05
6.185000000000065e-05,3.3,0.9130677985142668,2.17104162693536,0.9130682397210834,4.976644224873095e-06,0.07047295130708682,4.585517926461129e-06,6.514035949189604e-05
6.195000000000065e-05,3.3,0.9130678644232143,2.171041647915078,0.9130682241157633,4.976642891779504e-06,0.07047291480085567,4.585520855911492e-06,6.514035051735839e-05
6.205000000000065e-05,3.3,0.9130677988051453,2.171041627137905,0.9130682397828176,4.976644212089258e-06,0.07047295107596498,4.585517958437913e-06,6.51403595274096e-05
6.215000000000066e-05,3.3,0.9130678655889541,2.171041646351484,0.9130682255724528,4.976642989629188e-06,0.07047291572436211,4.58552087041511e-06,6.514035135515789e-05
6.225000000000066e-05,3.3,0.913067798990787,2.171041627462365,0.9130682393801788,4.976644191679056e-06,0.07047295063894922,4.585517975478753e-06,6.514035929584189e-05
6.235000000000066e-05,3.3,0.9130678634359677,2.171041648078788,0.9130682238883147,4.976642881746097e-06,0.0704729152056765,4.585520790003601e-06,6.51403503865276e-05
6.245000000000066e-05,3.3,0.9130678002732975,2.17104162653852,0.913068240311423,4.976644249348646e-06,0.07047295081664426,4.585518032593648e-06,6.514035983145107e-05
6.255000000000067e-05,3.3,0.9130678634089541,2.171041647671454,0.9130682244113548,4.976642907318148e-06,0.07047291569521222,4.585520776927401e-06,6.5140350687343e-05
6.265000000000067e-05,3.3,0.9130677988242323,2.171041628489245,0.9130682385359016,4.976644127269968e-06,0.07047294975729253,4.585518007239617e-06,6.514035881027682e-05
6.275000000000067e-05,3.3,0.9130678640899408,2.171041646478773,0.9130682254076177,4.976642982008032e-06,0.07047291639322179,4.585520779132882e-06,6.514035126033148e-05
6.285000000000067e-05,3.3,0.9130677986849265,2.171041629116712,0.9130682378771535,4.976644087922086e-06,0.07047294920920881,4.585518015788069e-06,6.514035843140817e-05
6.295000000000068e-05,3.3,0.9130678635689803,2.171041646478284,0.9130682252706747,4.976642982167244e-06,0.07047291657352457,4.585520746789566e-06,6.514035118156202e-05
6.305000000000068e-05,3.3,0.9130677994007032,2.171041628884678,0.9130682381630661,4.976644102309246e-06,0.07047294910611412,4.585518051602688e-06,6.514035859585569e-05
6.315000000000068e-05,3.3,0.9130678619633384,2.171041647646403,0.9130682241362125,4.976642909246143e-06,0.07047291628564036,4.585520685494328e-06,6.514035052907517e-05
6.325000000000068e-05,3.3,0.9130678000558161,2.171041628609938,0.9130682384245459,4.976644119392579e-06,0.07047294899341526,4.585518086482229e-06,6.514035874625192e-05
6.335000000000069e-05,3.3,0.9130678613124853,2.171041647990691,0.9130682240133333,4.976642887796403e-06,0.070472916459735,4.585520655094375e-06,6.514035045839508e-05
6.345000000000069e-05,3.3,0.9130677999644301,2.171041629143447,0.9130682379532109,4.97664408593004e-06,0.07047294854710304,4.585518098888551e-06,6.51403584751732e-05
6.355000000000069e-05,3.3,0.9130678624539716,2.171041646305789,0.9130682255514742,4.976642993267072e-06,0.07047291739395208,4.585520675147891e-06,6.514035134304165e-05
6.36500000000007e-05,3.3,0.9130678005938484,2.171041628969751,0.9130682379973277,4.976644096677153e-06,0.07047294834003764,4.58551812654986e-06,6.514035850055256e-05
6.37500000000007e-05,3.3,0.9130678613522376,2.171041647000485,0.9130682247761395,4.976642949935865e-06,0.07047291725721891,4.585520626285307e-06,6.514035089710531e-05
6.38500000000007e-05,3.3,0.9130678009675564,2.17104162900586,0.9130682380177394,4.976644094319237e-06,0.07047294813080042,4.58551815251241e-06,6.514035851230063e-05
6.39500000000007e-05,3.3,0.9130678613490815,2.171041646481816,0.9130682252400752,4.976642982490753e-06,0.07047291769111608,4.585520614701609e-06,6.514035116392852e-05
6.40500000000007e-05,3.3,0.9130678002511913,2.171041630272574,0.9130682368133509,4.97664401499078e-06,0.07047294735403623,4.585518142047422e-06,6.514035781960874e-05
6.41500000000007e-05,3.3,0.9130678608665089,2.171041646549546,0.913068225116132,4.976642978358212e-06,0.0704729178469519,4.585520586289643e-06,6.514035109263697e-05
6.425000000000071e-05,3.3,0.9130678007019177,2.171041630255083,0.9130682369183636,4.976644015977723e-06,0.07047294719126299,4.585518169688322e-06,6.514035788001226e-05
6.435000000000071e-05,3.3,0.9130678601235724,2.171041646927072,0.9130682247408285,4.976642954845499e-06,0.07047291788485854,4.585520550579193e-06,6.514035087677696e-05
6.445000000000071e-05,3.3,0.913067802521843,2.171041628723202,0.9130682383354926,4.976644111678034e-06,0.07047294763798329,4.585518236150392e-06,6.51403586950735e-05
6.455000000000072e-05,3.3,0.9130678599467994,2.171041646662541,0.9130682251173768,4.976642971491975e-06,0.07047291826935011,4.585520537453598e-06,6.51403510933397e-05
6.465000000000072e-05,3.3,0.9130678020978623,2.171041629533255,0.9130682375545035,4.97664406094061e-06,0.07047294707752906,4.585518235942256e-06,6.51403582458987e-05
6.475000000000072e-05,3.3,0.9130678592526351,2.171041647025105,0.9130682247332148,4.976642948905963e-06,0.07047291829324787,4.585520502623385e-06,6.514035087238391e-05
6.485000000000072e-05,3.3,0.9130678024410203,2.171041629586488,0.9130682374964041,4.97664405751528e-06,0.07047294684820357,4.585518257672731e-06,6.514035821248907e-05
6.495000000000072e-05,3.3,0.9130678597314847,2.17104164612336,0.9130682257292907,4.976643005385189e-06,0.07047291895447683,4.58552050911815e-06,6.51403514452659e-05
6.505000000000073e-05,3.3,0.913067802792504,2.171041629772665,0.9130682373718816,4.976644045742946e-06,0.07047294659074364,4.585518277130469e-06,6.514035814087785e-05
6.515000000000073e-05,3.3,0.9130678596926505,2.171041645691408,0.9130682261479158,4.976643032506109e-06,0.07047291934359833,4.585520498949299e-06,6.514035168602872e-05
6.525000000000073e-05,3.3,0.9130678026828106,2.171041630238816,0.9130682369304933,4.976644016512875e-06,0.07047294619293397,4.585518286408583e-06,6.51403578870215e-05
6.535000000000073e-05,3.3,0.9130678589002533,2.171041646196818,0.9130682255834266,4.976643000978662e-06,0.07047291927321021,4.585520459994423e-06,6.514035136136076e-05
6.545000000000074e-05,3.3,0.9130678035310559,2.171041629655858,0.9130682373710154,4.976644052893893e-06,0.07047294620451794,4.585518321805193e-06,6.514035814039155e-05
6.555000000000074e-05,3.3,0.9130678609118087,2.171041643626808,0.9130682279321092,4.976643161788581e-06,0.07047292054644679,4.585520508381285e-06,6.514035271218745e-05
6.565000000000074e-05,3.3,0.9130678031242411,2.171041630641448,0.9130682365995179,4.976643991133337e-06,0.07047294565949588,4.585518320625594e-06,6.51403576966727e-05
6.575000000000074e-05,3.3,0.9130678594985192,2.171041644664377,0.9130682269545548,4.976643097014278e-06,0.07047292027883555,4.585520457833607e-06,6.51403521499479e-05
6.585000000000075e-05,3.3,0.9130678051541773,2.171041628905134,0.9130682383014203,4.976644099612552e-06,0.07047294625950552,4.585518393095355e-06,6.514035867551869e-05
6.595000000000075e-05,3.3,0.9130678597935346,2.171041643972695,0.9130682276576559,4.976643140354192e-06,0.0704729207893943,4.585520457332039e-06,6.514035255432634e-05
6.605000000000075e-05,3.3,0.9130678051270098,2.171041629261791,0.9130682380449352,4.976644077234579e-06,0.07047294595532791,4.585518406961179e-06,6.51403585280084e-05
6.615000000000075e-05,3.3,0.9130678595771803,2.171041643798152,0.9130682277907934,4.976643151362461e-06,0.07047292103188191,4.585520440331623e-06,6.514035263089472e-05
6.625000000000076e-05,3.3,0.9130678051318618,2.17104162966623,0.9130682375196211,4.976644051849005e-06,0.07047294553560103,4.585518411755168e-06,6.514035822588232e-05
6.635000000000076e-05,3.3,0.9130678588772181,2.171041644159493,0.9130682274167629,4.976643128854991e-06,0.0704729210379703,4.585520408413166e-06,6.514035241576747e-05
6.645000000000076e-05,3.3,0.913067804086851,2.171041631222165,0.9130682361470177,4.976643954448772e-06,0.07047294473240655,4.58551839033473e-06,6.514035743644183e-05
6.655000000000076e-05,3.3,0.9130678587429258,2.171041643855724,0.9130682275358022,4.976643147954126e-06,0.07047292126571536,4.585520391924553e-06,6.514035248422809e-05
6.665000000000077e-05,3.3,0.9130678039291574,2.171041631701305,0.9130682356835838,4.976643924415371e-06,0.07047294434513868,4.585518396549194e-06,6.514035716990416e-05
6.675000000000077e-05,3.3,0.9130678587789945,2.171041643324573,0.9130682280390654,4.976643181283284e-06,0.07047292167468543,4.585520386517166e-06,6.514035277367312e-05
6.685000000000077e-05,3.3,0.9130678046111175,2.171041631565798,0.9130682359430639,4.976643932751093e-06,0.070472944290145,4.585518424592118e-06,6.5140357319146e-05
6.695000000000077e-05,3.3,0.9130678573405386,2.171041644593045,0.9130682268197508,4.976643102021611e-06,0.07047292127820817,4.585520330729886e-06,6.514035207238598e-05
6.705000000000078e-05,3.3,0.9130678049320384,2.171041631566525,0.913068235876082,4.976643932626959e-06,0.070472944096949,4.585518441384892e-06,6.514035728062771e-05
6.715000000000078e-05,3.3,0.9130678568649511,2.171041644591199,0.9130682267840405,4.976643102255234e-06,0.07047292142850281,4.585520310325745e-06,6.514035205184231e-05
6.725000000000078e-05,3.3,0.9130678052458997,2.171041631642196,0.9130682359663569,4.97664392780016e-06,0.07047294397709446,4.585518462833098e-06,6.514035733255335e-05
6.735000000000078e-05,3.3,0.9130678562579547,2.171041644845208,0.9130682263875439,4.976643086461898e-06,0.07047292140795872,4.585520279600361e-06,6.514035182379466e-05
6.745000000000079e-05,3.3,0.9130678062732704,2.171041630953556,0.9130682365262717,4.976643970769296e-06,0.0704729440716221,4.585518498581121e-06,6.514035765459091e-05
6.755000000000079e-05,3.3,0.913067857470559,2.171041643217721,0.9130682278974105,4.97664318831122e-06,0.07047292226162172,4.585520306635112e-06,6.514035269218159e-05
6.765000000000079e-05,3.3,0.9130678062795478,2.171041631255462,0.9130682363401845,4.976643951819397e-06,0.07047294382701338,4.585518511419531e-06,6.514035754756759e-05
6.775000000000079e-05,3.3,0.9130678562095157,2.171041644193581,0.9130682270221446,4.976643127372233e-06,0.07047292200999437,4.585520262775821e-06,6.514035218877182e-05
6.78500000000008e-05,3.3,0.9130678065391004,2.171041631455904,0.9130682361190576,4.976643939174378e-06,0.07047294357159305,4.585518522568168e-06,6.51403574203933e-05
6.79500000000008e-05,3.3,0.9130678556164249,2.17104164439588,0.9130682268637514,4.976643114821272e-06,0.07047292209500283,4.585520239712674e-06,6.514035209766908e-05
6.80500000000008e-05,3.3,0.9130678068273993,2.171041631509183,0.9130682361495293,4.976643935759394e-06,0.07047294343617726,4.585518540818121e-06,6.514035743792345e-05
6.81500000000008e-05,3.3,0.9130678551776821,2.171041644509319,0.9130682266621432,4.976643107809182e-06,0.07047292214923508,4.58552021659054e-06,6.514035198170969e-05
6.82500000000008e-05,3.3,0.9130678073885852,2.171041631236499,0.9130682363078111,4.976643952736617e-06,0.07047294335866608,4.585518562993497e-06,6.514035752896291e-05
6.835000000000081e-05,3.3,0.9130678550428324,2.171041644295483,0.9130682269757807,4.976643121263477e-06,0.07047292243960873,4.585520209121611e-06,6.514035216209091e-05
6.845000000000081e-05,3.3,0.9130678069139774,2.1710416321042,0.9130682354906237,4.976643898392639e-06,0.07047294283991465,4.585518554934149e-06,6.514035705896717e-05
6.855000000000081e-05,3.3,0.9130678549274611,2.171041644125125,0.9130682270578493,4.976643131983813e-06,0.07047292262539254,4.585520194424915e-06,6.514035220928781e-05
6.865000000000081e-05,3.3,0.9130678068494206,2.171041632466706,0.9130682352402075,4.976643875656608e-06,0.070472942583994,4.585518563715677e-06,6.514035691494597e-05
6.875000000000082e-05,3.3,0.9130678550746021,2.171041643566602,0.9130682276160598,4.976643167003366e-06,0.07047292302655415,4.585520194510449e-06,6.514035253033568e-05
6.885000000000082e-05,3.3,0.9130678069731676,2.171041632781796,0.9130682349809116,4.976643855849124e-06,0.07047294232188366,4.58551857246511e-06,6.514035676581759e-05
6.895000000000082e-05,3.3,0.9130678542469648,2.171041644036777,0.9130682270330815,4.976643137697154e-06,0.07047292289900155,4.585520160630932e-06,6.514035219503537e-05
6.905000000000082e-05,3.3,0.9130678083687734,2.171041631614514,0.9130682360159943,4.976643928769608e-06,0.07047294265648422,4.585518620038652e-06,6.514035736114366e-05
6.915000000000083e-05,3.3,0.9130678534033195,2.171041644541956,0.9130682266487847,4.976643106197613e-06,0.07047292285848356,4.585520133275779e-06,6.514035197400431e-05
6.925000000000083e-05,3.3,0.91306780843254,2.171041631846664,0.9130682355856667,4.976643914183549e-06,0.07047294232342423,4.585518622703674e-06,6.514035711364797e-05
6.935000000000083e-05,3.3,0.9130678534800646,2.171041644137256,0.9130682270468836,4.976643131579346e-06,0.07047292317474298,4.585520129839288e-06,6.514035220296318e-05
6.945000000000083e-05,3.3,0.9130678071776562,2.171041633467799,0.9130682342314069,4.976643812743166e-06,0.070472941562684,4.585518597904929e-06,6.514035633475682e-05
6.955000000000084e-05,3.3,0.9130678542469665,2.171041643063864,0.9130682281376514,4.976643198760867e-06,0.07047292381390356,4.585520146783181e-06,6.514035283031034e-05
6.965000000000084e-05,3.3,0.9130678086512711,2.171041632284541,0.9130682353960298,4.976643886646831e-06,0.07047294197108407,4.585518647751185e-06,6.514035700458729e-05
6.975000000000084e-05,3.3,0.9130678543597077,2.17104164250014,0.9130682284948957,4.976643234115516e-06,0.07047292410623118,4.585520142682998e-06,6.51403530357733e-05
6.985000000000084e-05,3.3,0.9130678085994292,2.171041632681251,0.9130682350580985,4.976643861760217e-06,0.07047294168319675,4.585518652926542e-06,6.514035681023136e-05
6.995000000000085e-05,3.3,0.9130678541613099,2.171041642483947,0.9130682285488044,4.97664323518009e-06,0.07047292426451204,4.585520128842758e-06,6.51403530667757e-05
7.005000000000085e-05,3.3,0.9130678089052913,2.171041632710602,0.9130682349633512,4.976643859842574e-06,0.07047294150845883,4.58551866526245e-06,6.514035675574166e-05
7.015000000000085e-05,3.3,0.9130678532789646,2.171041643049615,0.9130682279747211,4.976643199893733e-06,0.07047292412562911,4.58552009703368e-06,6.51403527365906e-05
7.025000000000085e-05,3.3,0.9130678098137609,2.171041632063822,0.9130682357441621,4.976643900213863e-06,0.07047294174480495,4.585518703044422e-06,6.514035720482452e-05
7.035000000000086e-05,3.3,0.9130678537373114,2.171041642253185,0.9130682287479314,4.976643249768261e-06,0.07047292460213626,4.58552010632358e-06,6.514035318129368e-05
7.045000000000086e-05,3.3,0.9130678102801404,2.171041632012667,0.9130682357884786,4.97664390330891e-06,0.07047294164414968,4.58551871840754e-06,6.514035723031606e-05
7.055000000000086e-05,3.3,0.9130678539577525,2.171041641656364,0.9130682292851457,4.976643287173377e-06,0.07047292497190644,4.585520108286617e-06,6.514035349026731e-05
7.065000000000086e-05,3.3,0.9130678109426306,2.171041631589087,0.9130682362558251,4.97664392973201e-06,0.07047294173466344,4.585518746920892e-06,6.514035749911099e-05
7.075000000000087e-05,3.3,0.9130678529217023,2.171041642395225,0.913068228593433,4.976643241054377e-06,0.07047292477122771,4.585520073831517e-06,6.514035309242885e-05
7.085000000000087e-05,3.3,0.9130678102460793,2.171041632659476,0.9130682350648882,4.976643862721055e-06,0.07047294106927796,4.585518724643766e-06,6.514035681415437e-05
7.095000000000087e-05,3.3,0.913067852738901,2.171041642314082,0.9130682287084988,4.976643246192046e-06,0.0704729249438089,4.58552006343622e-06,6.514035315860391e-05
7.105000000000087e-05,3.3,0.9130678110264435,2.171041632216561,0.9130682356078332,4.976643890327836e-06,0.0704729412029676,4.585518754469706e-06,6.514035712642907e-05
7.115000000000088e-05,3.3,0.9130678527165741,2.171041642005896,0.9130682288561209,4.976643265540718e-06,0.07047292512729786,4.585520054464989e-06,6.514035324350505e-05
7.125000000000088e-05,3.3,0.9130678113959525,2.171041632095026,0.9130682356628019,4.976643897865206e-06,0.07047294111097978,4.585518769708373e-06,6.514035715804831e-05
7.135000000000088e-05,3.3,0.9130678518134255,2.17104164266218,0.9130682283522449,4.976643224571653e-06,0.07047292500902284,4.585520026148869e-06,6.514035295370007e-05
7.145000000000088e-05,3.3,0.9130678102885378,2.171041633529734,0.9130682343142462,4.976643808089503e-06,0.07047294038141036,4.585518741747529e-06,6.514035638243714e-05
7.155000000000089e-05,3.3,0.9130678522004189,2.171041641920635,0.9130682290976389,4.976643271019236e-06,0.07047292546685673,4.585520035286607e-06,6.514035338240548e-05
7.165000000000089e-05,3.3,0.913067810579268,2.171041633496335,0.9130682343331452,4.976643810114241e-06,0.07047294027136496,4.585518756075581e-06,6.514035639330986e-05
7.175000000000089e-05,3.3,0.9130678517751935,2.171041642046791,0.9130682290018098,4.976643263206053e-06,0.0704729255341918,4.585520019490819e-06,6.514035332728699e-05
7.185000000000089e-05,3.3,0.9130678113680638,2.171041632976789,0.9130682348641878,4.97664384252906e-06,0.07047294040836297,4.58551878451213e-06,6.514035669873799e-05
7.19500000000009e-05,3.3,0.9130678503365864,2.17104164321358,0.9130682278323072,4.976643190327737e-06,0.07047292509865319,4.585519972379486e-06,6.514035265465137e-05
7.20500000000009e-05,3.3,0.9130678109198777,2.171041633829891,0.9130682340841867,4.97664378909442e-06,0.0704729399486679,4.585518772714581e-06,6.514035625012813e-05
7.21500000000009e-05,3.3,0.9130678514227165,2.171041641811944,0.9130682290081713,4.976643278032965e-06,0.0704729257500522,4.585519994970667e-06,6.51403533309398e-05
7.22500000000009e-05,3.3,0.9130678123180394,2.171041632700862,0.9130682352141433,4.976643859612746e-06,0.07047294036319118,4.585518818960789e-06,6.514035690002065e-05
7.23500000000009e-05,3.3,0.9130678506940885,2.171041642266252,0.9130682287133207,4.976643249697961e-06,0.07047292571938708,4.585519973943729e-06,6.51403531613547e-05
7.245000000000091e-05,3.3,0.9130678117010814,2.171041633639188,0.9130682342425572,4.976643800871117e-06,0.07047293981190425,4.585518801775738e-06,6.514035634122027e-05
7.255000000000091e-05,3.3,0.9130678503825447,2.171041642321552,0.9130682286151477,4.976643246303764e-06,0.07047292577291202,4.585519959541879e-06,6.514035310488819e-05
7.265000000000091e-05,3.3,0.9130678121380125,2.171041633342808,0.9130682345860257,4.976643819366413e-06,0.07047293986977682,4.585518823736026e-06,6.51403565387685e-05
7.275000000000091e-05,3.3,0.9130678504165451,2.171041641997776,0.9130682288733768,4.976643266617088e-06,0.07047292599577186,4.585519955251268e-06,6.514035325340445e-05
7.285000000000092e-05,3.3,0.9130678119069086,2.171041633898421,0.9130682339966193,4.9766437845504e-06,0.07047293949862694,4.585518817564036e-06,6.514035619977622e-05
7.295000000000092e-05,3.3,0.9130678504972162,2.171041641605978,0.9130682292371317,4.976643291188324e-06,0.07047292625824601,4.585519955180078e-06,6.514035346261342e-05
7.305000000000092e-05,3.3,0.9130678135811873,2.171041632453279,0.9130682354040812,4.976643874841425e-06,0.07047294004545947,4.585518871626574e-06,6.514035700927315e-05
7.315000000000092e-05,3.3,0.9130678500995297,2.171041641794071,0.9130682291040062,4.976643279480318e-06,0.07047292629907893,4.585519939347041e-06,6.51403533860438e-05
7.325000000000093e-05,3.3,0.91306781184059,2.171041634539236,0.91306823345843,4.976643744346143e-06,0.07047293905386451,4.585518824216955e-06,6.514035589024512e-05
7.335000000000093e-05,3.3,0.9130678497414895,2.171041641764992,0.9130682290556978,4.976643281394488e-06,0.07047292636753562,4.585519927370665e-06,6.514035335825649e-05
7.345000000000093e-05,3.3,0.9130678137985236,2.171041632809141,0.9130682350898193,4.976643852452129e-06,0.07047293971230935,4.585518884020826e-06,6.51403568285328e-05
7.355000000000093e-05,3.3,0.9130678507796451,2.171041640505682,0.9130682303221249,4.976643360178148e-06,0.07047292704009807,4.58551995509866e-06,6.514035408663339e-05
7.365000000000094e-05,3.3,0.9130678135530517,2.171041633436042,0.9130682345834731,4.976643813164768e-06,0.07047293938481833,4.585518879741787e-06,6.514035653731305e-05
7.375000000000094e-05,3.3,0.9130678482452392,2.171041642809719,0.9130682281357461,4.976643216191225e-06,0.07047292613181413,4.58551987794329e-06,6.514035282914599e-05
7.385000000000094e-05,3.3,0.9130678134125342,2.17104163375699,0.9130682341541266,4.976643793055974e-06,0.07047293909671383,4.585518877290796e-06,6.514035629038079e-05
7.395000000000094e-05,3.3,0.913067850079879,2.171041640700383,0.9130682300828331,4.976643348130244e-06,0.07047292711832542,4.585519926058763e-06,6.514035394899982e-05
7.405000000000095e-05,3.3,0.9130678140236317,2.171041633418819,0.9130682345916249,4.976643814130395e-06,0.07047293921198305,4.585518900452436e-06,6.51403565420074e-05
7.415000000000095e-05,3.3,0.9130678501383712,2.171041640371477,0.9130682304001003,4.976643368759513e-06,0.07047292734795949,4.585519925916685e-06,6.514035413147161e-05
7.425000000000095e-05,3.3,0.9130678149541412,2.171041632794153,0.91306823511509,4.976643853107353e-06,0.07047293936246628,4.585518926677274e-06,6.514035684307739e-05
7.435000000000095e-05,3.3,0.9130678499851443,2.171041640136384,0.9130682305507579,4.976643383553584e-06,0.07047292750541692,4.585519920227209e-06,6.514035421812009e-05
7.445000000000096e-05,3.3,0.9130678142774037,2.171041633749359,0.9130682342071506,4.976643793321164e-06,0.07047293885435277,4.585518909810331e-06,6.514035632088404e-05
7.455000000000096e-05,3.3,0.9130678488158038,2.171041641126796,0.9130682295641016,4.976643321678792e-06,0.0704729271402054,4.585519880224613e-06,6.514035365064794e-05
7.465000000000096e-05,3.3,0.9130678147481253,2.171041633434112,0.9130682346291336,4.976643812991944e-06,0.07047293896591449,4.585518932108408e-06,6.514035656358788e-05
7.475000000000096e-05,3.3,0.9130678490545885,2.171041640666534,0.9130682301051458,4.976643350507954e-06,0.07047292747389057,4.585519886709715e-06,6.514035396182392e-05
7.485000000000097e-05,3.3,0.913067815827473,2.171041632641181,0.9130682352493031,4.976643862493414e-06,0.0704729391658736,4.585518960658279e-06,6.51403569202771e-05
7.495000000000097e-05,3.3,0.9130678489927337,2.171041640405435,0.9130682302832812,4.97664336691128e-06,0.07047292763904722,4.585519882420698e-06,6.51403540642747e-05
7.505000000000097e-05,3.3,0.9130678160172179,2.171041632667767,0.9130682353733056,4.976643860778094e-06,0.07047293914680107,4.585518973238414e-06,6.514035699159964e-05
7.515000000000097e-05,3.3,0.9130678489072824,2.171041640225139,0.9130682305823887,4.976643378248662e-06,0.07047292785340023,4.585519882552831e-06,6.514035423630204e-05
7.525000000000098e-05,3.3,0.913067815933639,2.17104163298601,0.9130682349210129,4.976643840824402e-06,0.0704729388495576,4.585518969927134e-06,6.514035673146852e-05
7.535000000000098e-05,3.3,0.9130678489366586,2.171041640055868,0.9130682307409735,4.976643388865002e-06,0.07047292800723232,4.585519877955734e-06,6.514035432750824e-05
7.545000000000098e-05,3.3,0.9130678161770521,2.171041633039873,0.9130682349363933,4.976643837383506e-06,0.07047293878126927,4.585518979135374e-06,6.514035674031653e-05
7.555000000000098e-05,3.3,0.913067848815932,2.171041639937689,0.9130682307014898,4.976643396312173e-06,0.07047292806878018,4.585519867505194e-06,6.514035430479814e-05
7.565000000000099e-05,3.3,0.913067815792575,2.171041633682344,0.9130682343990335,4.976643797153742e-06,0.07047293845407368,4.585518972231727e-06,6.514035643125872e-05
7.575000000000099e-05,3.3,0.9130678486802936,2.171041639812988,0.9130682309082652,4.976643404172744e-06,0.07047292823979856,4.585519864950642e-06,6.514035442372236e-05
7.585000000000099e-05,3.3,0.9130678164532967,2.171041633173515,0.9130682349415304,4.976643828927776e-06,0.07047293862467285,4.585518997732455e-06,6.514035674327484e-05
7.595000000000099e-05,3.3,0.9130678487582036,2.171041639503252,0.9130682310494814,4.976643423593861e-06,0.07047292838364427,4.585519860039041e-06,6.514035450493944e-05
7.6050000000001e-05,3.3,0.9130678167167046,2.171041633123023,0.9130682349976845,4.976643832031965e-06,0.07047293857853328,4.585519007766708e-06,6.51403567755739e-05
7.6150000000001e-05,3.3,0.9130678479410702,2.171041640053629,0.9130682305398626,4.97664338925149e-06,0.07047292822366008,4.58551983606186e-06,6.514035421183296e-05
7.6250000000001e-05,3.3,0.9130678153084685,2.171041634941673,0.9130682332132851,4.976643718231534e-06,0.0704729376870981,4.585518962189188e-06,6.514035574928679e-05
7.6350000000001e-05,3.3,0.9130678479183978,2.171041639759359,0.9130682308031163,4.976643407727409e-06,0.07047292841696835,4.585519835620848e-06,6.514035436324077e-05
7.6450000000001e-05,3.3,0.9130678169598773,2.171041633468769,0.9130682347342131,4.976643810270448e-06,0.07047293830706321,4.585519017255381e-06,6.514035662404338e-05
7.655000000000101e-05,3.3,0.9130678468823903,2.171041640706555,0.9130682298644551,4.976643348531752e-06,0.07047292805539664,4.585519799201198e-06,6.514035382337253e-05
7.665000000000101e-05,3.3,0.9130678159761332,2.171041634706643,0.9130682333672627,4.976643732818445e-06,0.07047293761364622,4.585518983538767e-06,6.514035583785098e-05
7.675000000000101e-05,3.3,0.9130678478125025,2.171041639474749,0.9130682310078367,4.97664342561659e-06,0.07047292865787567,4.58551982477202e-06,6.514035448098018e-05
7.685000000000101e-05,3.3,0.9130678151981947,2.171041635806104,0.9130682324272362,4.976643664002378e-06,0.0704729371063188,4.585518963919025e-06,6.514035529720044e-05
7.695000000000102e-05,3.3,0.9130678470892082,2.171041639971255,0.9130682304489905,4.976643394632156e-06,0.07047292846306415,4.58551980070893e-06,6.51403541595623e-05
7.705000000000102e-05,3.3,0.9130678165819284,2.171041634589844,0.9130682336545731,4.976643739999327e-06,0.07047293760318693,4.585519008748599e-06,6.514035600309765e-05
7.715000000000102e-05,3.3,0.9130678472844307,2.171041639521372,0.9130682309442885,4.976643422821089e-06,0.07047292875839321,4.585519807817442e-06,6.514035444442917e-05
7.725000000000102e-05,3.3,0.9130678168578525,2.171041634501938,0.9130682337834046,4.976643745448716e-06,0.07047293759427188,4.585519020537532e-06,6.514035607719589e-05
7.735000000000103e-05,3.3,0.9130678471358237,2.171041639429176,0.9130682310842536,4.976643428644586e-06,0.07047292889386018,4.585519803803949e-06,6.514035452492826e-05
7.745000000000103e-05,3.3,0.9130678169701048,2.1710416346357,0.9130682337008998,4.97664373702539e-06,0.0704729374920559,4.585519025506746e-06,6.514035602974601e-05
7.755000000000103e-05,3.3,0.9130678458558984,2.171041640444364,0.9130682300120295,4.976643365242927e-06,0.0704729284671881,4.585519763775326e-06,6.514035390824166e-05
7.765000000000103e-05,3.3,0.913067817885331,2.171041633940742,0.9130682344479228,4.976643780418277e-06,0.07047293777136639,4.58551905547782e-06,6.514035645939366e-05
7.775000000000104e-05,3.3,0.9130678463488014,2.17104163987434,0.9130682304603072,4.976643400897714e-06,0.0704729287361093,4.585519769996148e-06,6.51403541660635e-05
7.785000000000104e-05,3.3,0.9130678181416095,2.171041633778338,0.9130682345928745,4.976643790548853e-06,0.07047293777456151,4.58551906720068e-06,6.514035654276497e-05
7.795000000000104e-05,3.3,0.9130678454773224,2.171041640510566,0.9130682300252604,4.976643361180263e-06,0.07047292859571223,4.585519749994047e-06,6.514035391584695e-05
7.805000000000104e-05,3.3,0.9130678175968785,2.171041634565184,0.9130682336385814,4.976643741297143e-06,0.07047293726778611,4.585519046280261e-06,6.514035599391046e-05
7.815000000000105e-05,3.3,0.9130678457689699,2.171041640062134,0.9130682304622776,4.976643389253888e-06,0.07047292886082321,4.585519755733345e-06,6.514035416719381e-05
7.825000000000105e-05,3.3,0.9130678175229379,2.171041634810401,0.913068233574325,4.976643725924562e-06,0.07047293717892669,4.585519051243203e-06,6.514035595695506e-05
7.835000000000105e-05,3.3,0.913067845777623,2.171041639763128,0.9130682306059272,4.9766434080192e-06,0.07047292898711933,4.585519753060273e-06,6.514035424981042e-05
7.845000000000105e-05,3.3,0.9130678183962924,2.171041634189803,0.9130682342214717,4.976643764660231e-06,0.07047293741463946,4.585519077929004e-06,6.514035632915867e-05
7.855000000000106e-05,3.3,0.9130678459886292,2.171041639383628,0.9130682310012069,4.976643431786231e-06,0.07047292922723597,4.585519758217086e-06,6.514035447715209e-05
7.865000000000106e-05,3.3,0.9130678184129036,2.171041634427239,0.9130682338965872,4.976643749753245e-06,0.07047293720886882,4.585519074655391e-06,6.514035614230571e-05
7.875000000000106e-05,3.3,0.9130678462837692,2.171041638770958,0.913068231566694,4.976643470168133e-06,0.07047292954610627,4.585519768440768e-06,6.514035480238817e-05
7.885000000000106e-05,3.3,0.9130678189404577,2.171041634032395,0.9130682343774904,4.976643774405635e-06,0.0704729373719232,4.585519095898422e-06,6.514035641889574e-05
7.895000000000107e-05,3.3,0.913067846197075,2.171041638662324,0.9130682316485201,4.97664347700778e-06,0.07047292964464351,4.585519763845042e-06,6.514035484944847e-05
7.905000000000107e-05,3.3,0.9130678183620076,2.171041634950675,0.9130682334850335,4.976643716911999e-06,0.07047293690379568,4.585519075686383e-06,6.514035590560554e-05
7.915000000000107e-05,3.3,0.9130678451850588,2.171041639590176,0.9130682307308898,4.976643419020751e-06,0.07047292928520382,4.585519728934611e-06,6.514035432167602e-05
7.925000000000107e-05,3.3,0.9130678195533442,2.171041633867449,0.9130682344542127,4.976643784606755e-06,0.07047293729069629,4.585519111701485e-06,6.514035646302461e-05
7.935000000000107e-05,3.3,0.9130678445910588,2.171041639991452,0.9130682304381582,4.976643393981221e-06,0.07047292919694743,4.585519714751051e-06,6.514035415331219e-05
7.945000000000108e-05,3.3,0.9130678191759813,2.171041634466003,0.9130682339419663,4.976643747131792e-06,0.07047293699993186,4.585519102668942e-06,6.514035616841142e-05
7.955000000000108e-05,3.3,0.9130678445430074,2.171041639852297,0.9130682304578642,4.976643402727208e-06,0.07047292926219328,4.585519708816181e-06,6.51403541646436e-05
7.965000000000108e-05,3.3,0.9130678185268906,2.171041635246795,0.9130682331027102,4.976643698286063e-06,0.07047293655691533,4.585519083974084e-06,6.514035568571847e-05
7.975000000000108e-05,3.3,0.9130678452347804,2.171041638830107,0.9130682314912995,4.976643466714906e-06,0.07047292979038468,4.585519733836148e-06,6.51403547590178e-05
7.985000000000109e-05,3.3,0.9130678196677112,2.171041634253594,0.9130682341263824,4.976643760342703e-06,0.0704729369793268,4.585519120441504e-06,6.514035627448053e-05
7.995000000000109e-05,3.3,0.9130678438313433,2.17104164014071,0.9130682301977827,4.97664338480115e-06,0.07047292925008074,4.585519688522e-06,6.5140354015056e-05
7.999999999999999e-05,3.3,0.9130678222209491,2.171041631910586,0.9130682362059532,4.976643906771161e-06,0.07047293786242612,4.585519191584442e-06,6.514035747053766e-05
