time,v(vapwr),v(iref),v(xref.vbiasp),v(xref.vbiasn),@m.xref.xm1.msky130_fd_pr__pfet_g5v0d10v5[id],v(xref.net1),@m.xref.xm39.msky130_fd_pr__nfet_g5v0d10v5[id],@m.xref.xm42.msky130_fd_pr__nfet_g5v0d10v5[gm]
1e-09,0.0003300000000000001,0.0001504504550021298,0.0002373081902810858,8.002071185795446e-05,1.214067060647473e-18,2.701981275672287e-06,1.227876492007214e-14,1.898433505146535e-14
2e-09,0.0006600000000000002,0.0003008637684385219,0.000474722014039538,0.0001595928916115179,2.427481380423787e-18,3.104367493431564e-06,2.464143634427724e-14,3.787254016911192e-14
4e-09,0.00132,0.0006015944113255421,0.0009500304754495729,0.0003180991341100337,4.852132632976595e-18,3.322933832272608e-06,4.929540639858754e-14,7.552798032432552e-14
8e-09,0.002640000000000001,0.001202702225439561,0.001902513065763661,0.0006328988752055876,9.691740621442121e-18,3.370763190223541e-06,9.820658954318297e-14,1.504333650453523e-13
1.6e-08,0.005280000000000002,0.002403665916681501,0.00381414093879636,0.001254886535751187,1.932526199244751e-17,3.725409911546133e-06,1.942668826544802e-13,2.989010025010208e-13
3.2e-08,0.01056,0.004801557135931552,0.007658501037182897,0.002474982095200743,3.836205838858158e-17,4.019779461300537e-06,3.789471479087201e-13,5.919286746114723e-13
6.4e-08,0.02112000000000001,0.009586403851113225,0.01540240411003002,0.004854515599690351,7.521947957521973e-17,4.529520392206372e-06,7.168910820321054e-13,1.170169786209545e-12
1e-07,0.03300000000000001,0.01495901278322969,0.02416330558687745,0.007479057796091425,1.142625959754034e-16,4.624270678878318e-06,1.04815264627773e-12,1.818201791451822e-12
1.064e-07,0.03511200000000001,0.01591339923746935,0.02572407958844027,0.007942184194184174,1.20905625156567e-16,4.684383079295157e-06,1.102012970578019e-12,1.933666948446702e-12
1.192e-07,0.03933600000000001,0.01782167599395122,0.02884775523249302,0.00886618775162241,1.339129142635552e-16,4.753746261554646e-06,1.205558548555669e-12,2.165037420107089e-12
1.448e-07,0.04778400000000001,0.02163657769423232,0.03510178914839419,0.01070703763404373,1.588173983952929e-16,4.793147758684391e-06,1.397317667079504e-12,2.629984469370026e-12
1.96e-07,0.06468000000000003,0.02926169208823548,0.04762716418919464,0.01436948547603013,2.045268993086813e-16,4.894146133636214e-06,1.730724054353884e-12,3.571174159574012e-12
2.960000000000001e-07,0.09768000000000003,0.04414351062915478,0.07212229485246585,0.02148185805937297,2.837160836922477e-16,4.938697177101279e-06,2.263863651694981e-12,5.464888785328286e-12
3.960000000000001e-07,0.13068,0.05901552479850329,0.09663253822972287,0.0285640371346902,3.617064775877781e-16,4.996310069008416e-06,2.736462700372391e-12,7.451095353638704e-12
4.960000000000001e-07,0.16368,0.0738786168637756,0.1211462444865977,0.03562580407305288,4.488029841490573e-16,5.007733985086697e-06,3.210089637352199e-12,9.555927708431359e-12
5.960000000000001e-07,0.19668,0.08873166832755044,0.1456589394651281,0.04267071044435614,5.513115699132899e-16,5.056265519520735e-06,3.715255905471041e-12,1.181137647914581e-11
6.960000000000001e-07,0.2296800000000001,0.1035725946688836,0.1701685110771727,0.04970039470848328,6.742649572129375e-16,5.066826345277817e-06,4.270062589543913e-12,1.425471169504048e-11
7.960000000000001e-07,0.2626800000000001,0.1183985795010082,0.1946737859444847,0.05671583544541534,8.228046173155233e-16,5.117114636188561e-06,4.887966585178492e-12,1.692759533235885e-11
8.960000000000001e-07,0.2956800000000001,0.1332060953008069,0.2191740074364825,0.06371773421786572,1.002796484669736e-15,5.131565777952891e-06,5.581001443114134e-12,1.987558345030864e-11
9.96e-07,0.3286800000000001,0.1479908153371437,0.2436686060904796,0.07070672300520092,1.221206003637052e-15,5.186270667474159e-06,6.361167892395071e-12,2.314816408077583e-11
1.096e-06,0.3616800000000001,0.1627474562587693,0.268157084086826,0.07768340071873497,1.486425552377043e-15,5.206455679901106e-06,7.241213938234436e-12,2.67991755272985e-11
1.196e-06,0.3946800000000001,0.1774696045660083,0.2926389518651223,0.08464841528122279,1.808625477756687e-15,5.267108473834933e-06,8.23505083781323e-12,3.088755380900559e-11
1.296e-06,0.4276800000000002,0.1921494758178066,0.3171136834578908,0.09160245020980086,2.200163644883817e-15,5.294460687488133e-06,9.35815675393404e-12,3.547824434923256e-11
1.396e-06,0.4606800000000002,0.2067776026313384,0.3415806538105315,0.09854628412350047,2.676080068883354e-15,5.362512268758869e-06,1.06278338294993e-11,4.064331430328167e-11
1.496000000000001e-06,0.4936800000000003,0.2213424710880846,0.3660390695591236,0.1054807706849666,3.254702547980455e-15,5.398562819436796e-06,1.206359146368753e-11,4.646315893960258e-11
1.596000000000001e-06,0.5266800000000003,0.2358300646477516,0.3904879243246152,0.1124069001248405,3.958391285327562e-15,5.475682795526737e-06,1.368741331456778e-11,5.302791853973696e-11
1.696000000000001e-06,0.5596800000000003,0.2502233239175889,0.414925914378193,0.1193257860990987,4.814464027634992e-15,5.522282508807708e-06,1.552422241833461e-11,6.043901587115485e-11
1.796000000000001e-06,0.5926800000000003,0.264501510625772,0.4393513268669239,0.1262387422121623,5.856352669666211e-15,5.610563689278379e-06,1.760222547425274e-11,6.881099708377726e-11
1.896000000000001e-06,0.6256800000000003,0.27863948281824,0.4637619532544982,0.1331472919636065,7.125051934755383e-15,5.670112734549905e-06,1.995353111533196e-11,7.827358855644152e-11
1.996000000000001e-06,0.6586800000000004,0.2926068572322446,0.4881549512328167,0.1400532693049403,8.670955382536851e-15,5.772342431930217e-06,2.261463834412712e-11,8.897421968002774e-11
2.096000000000001e-06,0.6916800000000004,0.3063671176273016,0.5125266579136091,0.1469588563114436,1.055620470403006e-14,5.84810095231968e-06,2.562729910694856e-11,1.010809297395671e-10
2.196000000000001e-06,0.7246800000000003,0.3198767637980349,0.5368723967002579,0.1538667286630981,1.285771528243743e-14,5.968142813107605e-06,2.903926065583573e-11,1.14786043351042e-10
2.296000000000001e-06,0.7576800000000004,0.3330845616166462,0.5611862367866889,0.1607801514732615,1.567112114267453e-14,6.064740351017635e-06,3.290554005211121e-11,1.303105758258852e-10
2.396e-06,0.7906800000000003,0.3459310972435661,0.5854607420239724,0.1677031957338492,1.911596097454997e-14,6.20820004251119e-06,3.728963189524732e-11,1.479099583717867e-10
2.496e-06,0.8236800000000002,0.358348868166476,0.609686681251451,0.1746409253257871,2.334257765065964e-14,6.332487880950754e-06,4.226551268722965e-11,1.678811944986891e-10
2.596e-06,0.8566800000000002,0.3702632168903907,0.6338526221578216,0.1815997128104153,2.854144969384431e-14,6.507788493175406e-06,4.791973050094245e-11,1.905723764984111e-10
2.696e-06,0.8896800000000002,0.3815943381560067,0.6579446359655775,0.1885875548441051,3.495582375850894e-14,6.670187810315176e-06,5.435475749972927e-11,2.163950534050381e-10
2.796e-06,0.9226800000000002,0.3922606613276762,0.6819459195039091,0.1956145567427876,4.289911448748674e-14,6.890318264608249e-06,6.169283495974807e-11,2.458411443088214e-10
2.896e-06,0.9556800000000002,0.4021835947811384,0.7058363546616339,0.202693395103004,5.277916405310224e-14,7.107015421830943e-06,7.008189645698693e-11,2.795054173363608e-10
2.996e-06,0.98868,0.411293249641923,0.7295919344167041,0.2098399297033223,6.513261408046196e-14,7.392075370263956e-06,7.970278696156772e-11,3.181164556370155e-10
3.096e-06,1.02168,0.4195345857451315,0.7531843054175424,0.2170738176358456,8.067391557620154e-14,7.688003053241342e-06,9.078012525018354e-11,3.62578783173723e-10
3.196e-06,1.05468,0.4268728279979358,0.7765801125324309,0.2244192115625251,1.003667003580423e-13,8.068765030532286e-06,1.035961263410228e-10,4.140311107240445e-10
3.295999999999999e-06,1.08768,0.4332971013795844,0.7997401810683014,0.2319053208978025,1.255294345219007e-13,8.481548793123872e-06,1.185107538126405e-10,4.739256989516612e-10
3.395999999999999e-06,1.12068,0.438821566821992,0.8226187513521559,0.2395669257466536,1.579938653772937e-13,9.003566451159341e-06,1.359880248302961e-10,5.441379752891899e-10
3.495999999999999e-06,1.15368,0.4434836093161273,0.8451626696128154,0.2474445190658026,2.003469853345916e-13,9.587706067061846e-06,1.566334811541334e-10,6.271157121211092e-10
3.595999999999999e-06,1.18668,0.447339597666487,0.8673108187204035,0.2555841036931241,2.563057514990798e-13,1.031530360089135e-05,1.812435741050807e-10,7.260835095386791e-10
3.695999999999999e-06,1.21968,0.4504590234916579,0.8889938956823055,0.2640362470972298,3.313067330710169e-13,1.114560742313795e-05,2.108745327370783e-10,8.453191784301815e-10
3.795999999999999e-06,1.25268,0.4529182636108635,0.9101348269023602,0.2728544261764418,4.334477051326318e-13,1.216452650402358e-05,2.469330856484422e-10,9.905283023329508e-10
3.895999999999999e-06,1.28568,0.4547949678774784,0.9306498752618652,0.2820922885518862,5.750162582647569e-13,1.333797366650493e-05,2.913001852935076e-10,1.169344005083034e-09
3.995999999999999e-06,1.31868,0.4561636176192926,0.9504505895815734,0.291800037754216,7.750119593177642e-13,1.475687031745974e-05,3.464919620568014e-10,1.391991437819327e-09
4.095999999999999e-06,1.35168,0.4570925624514102,0.9694461431119722,0.3020198830042777,1.063388915512531e-12,1.639502330296221e-05,4.158731092580702e-10,1.672154855905429e-09
4.195999999999998e-06,1.38468,0.4576423594442855,0.9875456184469315,0.312781158187748,1.48833979434289e-12,1.835121144302924e-05,5.039268709382431e-10,2.028095158679225e-09
4.295999999999998e-06,1.41768,0.4578651352093416,1.004659753886144,0.3240955179815372,2.129079136852856e-12,2.061287975304217e-05,6.165979917924025e-10,2.484052382561652e-09
4.395999999999998e-06,1.45068,0.4578044773937742,1.020701043122355,0.3359529617249573,3.118857844914413e-12,2.32959976994854e-05,7.617023246613037e-10,3.071951780357622e-09
4.495999999999998e-06,1.48368,0.457495725699348,1.035581543125568,0.3483190236017899,4.687576446693632e-12,2.641506186916025e-05,9.49402697410105e-10,3.833367681864049e-09
4.595999999999998e-06,1.51668,0.456966518223877,1.0492083314575,0.3611335731905301,7.243150441280574e-12,3.012034162881804e-05,1.192701371437264e-09,4.821608340500493e-09
4.695999999999998e-06,1.54968,0.4562377305613539,1.061476999160649,0.3743109013193744,1.153220462631224e-11,3.447228555170731e-05,1.507880424762842e-09,6.103577559516264e-09
4.795999999999998e-06,1.582679999999999,0.4553256466517602,1.072264422057669,0.3877410492899118,1.896918541045009e-11,3.967258648034286e-05,1.914718972254046e-09,7.760812699560725e-09
4.895999999999998e-06,1.61568,0.4542472117881646,1.081423351375806,0.4012920522540249,3.233643964210337e-11,4.583810352576285e-05,2.43627368703202e-09,9.888722674407236e-09
4.995999999999998e-06,1.648679999999999,0.453032658575718,1.088782706263692,0.4148140300965575,5.733115835310696e-11,5.3220598600728e-05,3.097917236623381e-09,1.259291185321487e-08
5.095999999999997e-06,1.68168,0.4517557520903404,1.094160749451082,0.4281471740175981,1.061041011914801e-10,6.198009110490269e-05,3.925547991484203e-09,1.598203745713898e-08
5.195999999999997e-06,1.714679999999999,0.4506055376926386,1.097402744684206,0.4411393180835813,2.055611922039727e-10,7.24126886536705e-05,4.943555476407505e-09,2.015975897417174e-08
5.295999999999997e-06,1.747679999999999,0.4500560284793889,1.098463867510463,0.4536846185275287,4.168888987080647e-10,8.480213026874298e-05,6.175453103011584e-09,2.522740544402178e-08
5.395999999999997e-06,1.780679999999999,0.4512541728778313,1.09757204955962,0.4658066784177985,8.79260584790211e-10,9.987808729063084e-05,7.655439203850866e-09,3.133179005866621e-08
5.495999999999997e-06,1.813679999999999,0.4567847677642899,1.095505884329543,0.4778221738989252,1.891732785630759e-09,0.0001192550716355261,9.470879510307207e-09,3.884099490655395e-08
5.595999999999997e-06,1.846679999999999,0.4716413717093466,1.093914087881814,0.4905717971936102,3.995485786438656e-09,0.0001468462785716293,1.18691608145425e-08,4.878989787306993e-08
5.695999999999997e-06,1.879679999999999,0.5023038479633168,1.095153478049675,0.505518277650005,7.862103263826986e-09,0.0001902964837340975,1.546464897200711e-08,6.375279790281308e-08
5.795999999999997e-06,1.912679999999999,0.5490207836685437,1.100690859013382,0.5243631206223568,1.398818846427478e-08,0.0002634524530550691,2.158827886153698e-08,8.93537921900289e-08
5.895999999999997e-06,1.945679999999999,0.5972007688959461,1.108580885731351,0.5488425266872756,2.352705321470085e-08,0.0003981547821288109,3.32806338991471e-08,1.386531391294933e-07
5.995999999999996e-06,1.978679999999999,0.6376904204698455,1.111729385719803,0.5835420613551758,4.334134516896243e-08,0.0007169429651888216,6.132272962488215e-08,2.591639089761311e-07
6.008499999999997e-06,1.982804999999999,0.6427998595733735,1.111197900136893,0.5891387375817484,4.763778479985711e-08,0.0007888761697785416,6.76505059680234e-08,2.867942173731154e-07
6.033499999999997e-06,1.991054999999999,0.6539314731628942,1.109292683974072,0.60132087055364,5.849579239706573e-08,0.0009718148801432834,8.373537951276949e-08,3.577368214707334e-07
6.083499999999997e-06,2.007554999999999,0.6860276031689103,1.096093436664729,0.6364838382689524,1.059807508567088e-07,0.00177168330534177,1.542540487070246e-07,6.806250904729311e-07
6.090317024584262e-06,2.009804618112807,0.6920339118365912,1.092725430442479,0.6431180110472667,1.184771324828023e-07,0.001983066380463929,1.729188601478449e-07,7.692763517873981e-07
6.103951073752791e-06,2.014303854338422,0.7054839707388958,1.084553958356947,0.6580755393177149,1.521816159196765e-07,0.002552026161315665,2.233513187116374e-07,1.015388472734604e-06
6.122884274739584e-06,2.020551810664063,0.7318743767659752,1.065530775223266,0.6877482935611273,2.495371030214292e-07,0.004171740366895575,3.677763557299289e-07,1.773299429001085e-06
6.131469772720697e-06,2.02338502499783,0.748633501513327,1.05208999659426,0.7069168918913306,3.417151609000557e-07,0.005671574293105202,5.031711675405057e-07,2.554621686349312e-06
6.141535421964655e-06,2.026706689248336,0.7770819912337396,1.027302009253285,0.7401555254781128,5.817089698214829e-07,0.009427555453226778,8.45621027904437e-07,4.836315810239363e-06
6.147439161381389e-06,2.028654923255859,0.8013790524272759,1.004859067273143,0.7693077650603319,9.079013883656292e-07,0.01417478107663999,1.289548098130444e-06,8.417951952839552e-06
6.152543045324197e-06,2.030339204956985,0.8304330877305915,0.9770536531642887,0.804884356213878,1.510592887862148e-06,0.0220935332741392,2.045525171502324e-06,1.597675858515985e-05
6.157082668496724e-06,2.03183728060392,0.8633648488138213,0.9450161240850389,0.8454931674613116,2.565483183328184e-06,0.0339236324348226,3.21030142227511e-06,3.020903663410887e-05
6.162923594137798e-06,2.033764786065474,0.9044716924843552,0.9052573000739378,0.8957423997505742,4.559420971625111e-06,0.05219993932093325,5.050432222069096e-06,5.532521402932411e-05
6.166710726655088e-06,2.03501453979618,0.9222733575592172,0.8886395654031003,0.916773776016155,5.669502703617139e-06,0.0608569178550886,5.926876806002431e-06,6.727658420474061e-05
6.169234519512254e-06,2.035847391439044,0.9286633762322251,0.8830608475550911,0.925053541690167,6.106194533166187e-06,0.06441124639995158,6.28564464191437e-06,7.207842908003253e-05
6.172614790878767e-06,2.036962880989993,0.9338550352033796,0.87877555686592,0.9330660847576185,6.489981648845369e-06,0.06794722402248585,6.635973486855138e-06,7.674856351023976e-05
6.175859772383463e-06,2.038033724886543,0.9369195661581948,0.8767358741788364,0.9364214028517942,6.717689628750773e-06,0.06940477902238851,6.791408299969132e-06,7.870721679897549e-05
6.178969841513204e-06,2.039060047699357,0.9381367008541377,0.8765929366537353,0.9379517471451906,6.804843391485728e-06,0.0701126790650664,6.856565640308033e-06,7.960071358730281e-05
6.184163096217723e-06,2.040773821751849,0.9388970955939666,0.8774965804934108,0.938890130809663,6.866284427555722e-06,0.07051241622311846,6.902835440116885e-06,8.01485602646322e-05
6.193970177999407e-06,2.044010158739805,0.9392349328497706,0.8804619108670892,0.9392504168369302,6.88848396698375e-06,0.0706972609061005,6.916487748143237e-06,8.035891175586523e-05
6.209621213595163e-06,2.049175000486404,0.9392664986123402,0.8855832213655236,0.9393058668871408,6.894891413236026e-06,0.07071232779569375,6.922571140470271e-06,8.039127130616671e-05
6.238576626379292e-06,2.058730286705166,0.9395003834176276,0.8950114308554901,0.9395085547371194,6.910140785758764e-06,0.07083640269708671,6.929865264420126e-06,8.050961253451418e-05
6.296487451947548e-06,2.077840859142691,0.9398287025827008,0.9138714804968,0.9398685190528752,6.94040967745696e-06,0.071008648668553,6.951505287169023e-06,8.071974084568649e-05
6.396487451947548e-06,2.110840859142691,0.9405038883968349,0.946447659008968,0.9405119138376257,6.991824149964044e-06,0.07136457654038705,6.981598275596619e-06,8.109533496701073e-05
6.496487451947548e-06,2.143840859142691,0.9410777795288254,0.9790344128059305,0.9411175444176693,7.042344689315242e-06,0.07166665234611179,7.015877172324312e-06,8.144882985966805e-05
6.596487451947548e-06,2.176840859142691,0.9417238541885748,1.011631304450842,0.9417318119314513,7.091905809191706e-06,0.07200739428007441,7.044538711301697e-06,8.180735660490443e-05
6.696487451947547e-06,2.209840859142691,0.942272206003726,1.044237439820497,0.9423118589279381,7.140677769187356e-06,0.07229658242428516,7.077503844008671e-06,8.214584889626815e-05
6.796487451947547e-06,2.242840859142691,0.9428924744599556,1.076852428520314,0.9429003604558034,7.188597039515575e-06,0.07262394410883483,7.104909442163868e-06,8.248925891058116e-05
6.896487451947547e-06,2.275840859142691,0.9434180313887742,1.109475760459279,0.9434575747101783,7.235799781738764e-06,0.07290173091536158,7.136705490525851e-06,8.281434498831173e-05
6.996487451947547e-06,2.308840859142691,0.9440152423726884,1.142106711981858,0.9440230970488569,7.28225321339692e-06,0.07321719329896945,7.162999529086589e-06,8.314425707630011e-05
7.096487451947547e-06,2.341840859142691,0.9445203305577946,1.174745427090067,0.9445597969198354,7.328038196147134e-06,0.07348481177014693,7.193747707238484e-06,8.345728374491055e-05
7.196487451947547e-06,2.374840859142691,0.9450967786447756,1.207390591165767,0.9451046609107064,7.373172868256388e-06,0.07378959997395033,7.219049505388993e-06,8.377504723627045e-05
7.296487451947547e-06,2.407840859142691,0.9455833752913699,1.240043164766159,0.9456228182306303,7.417669443969308e-06,0.07404808794854967,7.248851954731114e-06,8.40771610978092e-05
7.396487451947547e-06,2.440840859142691,0.9461410009561807,1.272701084758504,0.9461489814218467,7.461609859303143e-06,0.07434322938967924,7.273261466500124e-06,8.438391509083554e-05
7.496487451947547e-06,2.473840859142691,0.9466108048407309,1.305366218001708,0.9466502949453105,7.504929775014302e-06,0.07459347266840838,7.302205471101853e-06,8.46761048542353e-05
7.596487451947546e-06,2.506840859142691,0.9471512632127655,1.338035670508923,0.947159424620618,7.547782154902779e-06,0.07487983819544468,7.325807321538389e-06,8.49728203631861e-05
7.696487451947547e-06,2.539840859142691,0.9476057486514352,1.370712244055901,0.9476453733910073,7.590022930152229e-06,0.07512260167755606,7.353968336383771e-06,8.525594758789564e-05
7.796487451947548e-06,2.572840859142691,0.9481304773589829,1.403392176944646,0.9481389171904416,7.631879841694095e-06,0.07540094342716894,7.376835540499885e-06,8.554346840179222e-05
7.896487451947549e-06,2.605840859142691,0.948570931373126,1.436079219834695,0.9486107977697249,7.673127061372064e-06,0.07563689289792336,7.4042793214793e-06,8.581828893312544e-05
7.99648745194755e-06,2.638840859142692,0.9490811798558075,1.468768730034492,0.9490900130582336,7.714069002582878e-06,0.07590786174906801,7.426474981649857e-06,8.609734851109776e-05
8.09648745194755e-06,2.671840859142692,0.9495087305613685,1.501465396893932,0.9495489597831539,7.754398006481216e-06,0.07613757653437214,7.453258818811684e-06,8.636452410248118e-05
8.196487451947551e-06,2.704840859142692,0.9500055961002282,1.534163699031297,0.9500149453321272,7.794495795355643e-06,0.07640173949593365,7.474837839038831e-06,8.663576388284265e-05
8.296487451947552e-06,2.737840859142693,0.9504212185717055,1.566869269869535,0.9504619173586888,7.833971562909977e-06,0.0766257087261179,7.501010190196599e-06,8.689585455223408e-05
8.396487451947552e-06,2.770840859142693,0.9509056461012163,1.599575702836665,0.950915596158204,7.873285668226859e-06,0.07688354290052081,7.522018681034867e-06,8.715981387380016e-05
8.496487451947553e-06,2.803840859142693,0.9513101481202024,1.632289602782066,0.9513513254416969,7.911961022702719e-06,0.07710214270002382,7.54761694690259e-06,8.741324763177408e-05
8.596487451947554e-06,2.836840859142693,0.9517829398473268,1.66500362274434,0.9517934396009498,7.950541975912368e-06,0.07735403421725752,7.568092105962813e-06,8.767036078140751e-05
8.696487451947555e-06,2.869840859142693,0.9521769681850016,1.697725420130181,0.9522184143774914,7.988457519621554e-06,0.0775675207155206,7.593141962288021e-06,8.791742413364005e-05
8.796487451947555e-06,2.902840859142694,0.9526388377956361,1.730446548096081,0.952649617338332,8.026350143194826e-06,0.07781380883532142,7.613116366390617e-06,8.816807401500116e-05
8.896487451947556e-06,2.935840859142694,0.9530229771621079,1.763175852245453,0.9530642516851793,8.063542641132502e-06,0.0780223980728993,7.63763959551114e-06,8.840901064791097e-05
8.996487451947557e-06,2.968840859142694,0.9534746590317108,1.795903560596467,0.9534853341270241,8.100795605975297e-06,0.07826348221145352,7.657151654574005e-06,8.865365998828484e-05
9.096487451947558e-06,3.001840859142694,0.9538495683731442,1.828639881711432,0.9538902320967511,8.137309907800445e-06,0.0784674750827826,7.681178397967949e-06,8.888882412266966e-05
9.196487451947558e-06,3.034840859142695,0.9542918674461771,1.861373546235508,0.9543022082637466,8.173980084434428e-06,0.07870385699736376,7.70027648283069e-06,8.912806527044376e-05
9.296487451947559e-06,3.067840859142695,0.9546582784396321,1.894116300343381,0.9546981600928744,8.209869092061715e-06,0.07890363919633303,7.723845236740556e-06,8.93579190793154e-05
9.39648745194756e-06,3.100840859142695,0.9550919283865941,1.926855352663403,0.9551019814643127,8.246008884022555e-06,0.07913578963972596,7.742574670257415e-06,8.959230740854664e-05
9.49648745194756e-06,3.133840859142696,0.9554504988874265,1.959604018188966,0.9554896853776813,8.28132043204467e-06,0.07933170199740944,7.765719561090272e-06,8.981725928097097e-05
9.596487451947561e-06,3.166840859142696,0.9558760375351897,1.992348081175234,0.9558859815505538,8.316966062500214e-06,0.0795599387511789,7.784110698308732e-06,9.004716288995525e-05
9.696487451947562e-06,3.199840859142696,0.9562272962318943,2.02510225799948,0.9562659403514367,8.351737703388687e-06,0.07975222861007904,7.806856686133765e-06,9.026750754788157e-05
9.796487451947563e-06,3.232840859142696,0.9566451303559813,2.057851077681657,0.9566551172843917,8.386914701504204e-06,0.07997676217343022,7.824929391584591e-06,9.049316459239568e-05
9.896487451947563e-06,3.265840859142696,0.9569895398759015,2.090610421985623,0.9570277525390072,8.42117911580601e-06,0.08016563707802496,7.84729751739445e-06,9.070914949637467e-05
9.996487451947564e-06,3.298840859142697,0.9574000314637146,2.123363779258296,0.9574101484673063,8.455909776072543e-06,0.08038664404935196,7.865068360474108e-06,9.093075878506466e-05
9.999999999999999e-06,3.3,0.9573808945043673,2.124519322453937,0.9574162917383418,8.456700628525428e-06,0.08037776995206816,7.867768966037082e-06,9.093430581458018e-05
1.000702509610487e-05,3.3,0.9572655450058913,2.124638906854609,0.9572794197387898,8.446303890860623e-06,0.08031836154377911,7.860461672634107e-06,9.085500220596696e-05
1.002107528831461e-05,3.3,0.9571868185523891,2.124716717563161,0.957184771396327,8.439544794067489e-06,0.08027431194232496,7.855952688776286e-06,9.080015470915441e-05
1.004824369324295e-05,3.3,0.9572185631510703,2.124685300988913,0.9572205794714853,8.442273464586487e-06,0.08029087148860263,7.857677357093476e-06,9.0820905459827e-05
1.010258050309963e-05,3.3,0.9571971480040621,2.124706565960183,0.9571969230775788,8.440426422521021e-06,0.0802800001474856,7.856525372130647e-06,9.080719665258682e-05
1.020258050309963e-05,3.3,0.9572145916085003,2.124689204590635,0.957215992799672,8.441934402368862e-06,0.08028874890829549,7.857456671930756e-06,9.081824751633944e-05
1.030258050309963e-05,3.3,0.9571992562348192,2.124704494994157,0.9571993248914906,8.440606284170385e-06,0.08028112405369277,7.856638624944957e-06,9.080858850505628e-05
1.040258050309964e-05,3.3,0.9572126950570675,2.124691066982657,0.9572138472069749,8.441772640729456e-06,0.08028774922560819,7.857354695926745e-06,9.081700415852145e-05
1.050258050309964e-05,3.3,0.9572009006102072,2.124702880418009,0.9572011732505586,8.4407465099769e-06,0.08028198638642667,7.856726254668609e-06,9.080965962870058e-05
1.060258050309964e-05,3.3,0.957211249731188,2.124692485892409,0.9572122331693769,8.441649399959526e-06,0.08028699671537103,7.85727807924558e-06,9.081606883248608e-05
1.070258050309964e-05,3.3,0.9572021620150709,2.124701642427009,0.9572025730923198,8.440854030063168e-06,0.08028263915602869,7.856792675134845e-06,9.081047083571709e-05
1.080258050309964e-05,3.3,0.9572101406917797,2.124693574217428,0.9572110097661991,8.44155487333483e-06,0.08028642655913203,7.857219966617772e-06,9.081535987630198e-05
1.090258050309964e-05,3.3,0.9572031341694716,2.124700688453632,0.9572036390711958,8.440936883563185e-06,0.08028313598708757,7.856843298733286e-06,9.081108856895746e-05
1.100258050309964e-05,3.3,0.9572092875998777,2.12469441112396,0.9572100799072104,8.441482184221866e-06,0.08028599342559739,7.857175759584856e-06,9.081482102715376e-05
1.110258050309964e-05,3.3,0.9572038841504368,2.124699952747638,0.9572044516535497,8.441000780542976e-06,0.0802835144807535,7.85688193002157e-06,9.08115594589606e-05
1.120258050309964e-05,3.3,0.9572086269398554,2.124695059222382,0.9572093681411313,8.44142589420822e-06,0.0802856620594843,7.857141889902303e-06,9.081440856163274e-05
1.130258050309964e-05,3.3,0.9572044646241821,2.124699383324788,0.957205073461352,8.441050235810442e-06,0.0802838039156133,7.856911526799286e-06,9.081191979528087e-05
1.140258050309964e-05,3.3,0.9572081151512521,2.124695561375611,0.9572088228627617,8.441382280247618e-06,0.08028540838848984,7.857115909613663e-06,9.08140925749086e-05
1.150258050309964e-05,3.3,0.9572049126502056,2.124698943822744,0.9572055484374398,8.441088407362702e-06,0.08028402480244301,7.856934170995483e-06,9.08121950428271e-05
1.160258050309964e-05,3.3,0.9572077165632344,2.124695952681125,0.9572084025336691,8.441348293843781e-06,0.0802852130045127,7.857095854282043e-06,9.081384899571081e-05
1.170258050309964e-05,3.3,0.9572052629051864,2.124698599975844,0.9572059158110326,8.44111827126395e-06,0.0802841954918331,7.856951713503091e-06,9.081240793493694e-05
1.180258050309965e-05,3.3,0.9572074101246169,2.124696253348757,0.9572080827770687,8.441322179821205e-06,0.08028506456023234,7.857080563222995e-06,9.081366369785942e-05
1.190258050309965e-05,3.3,0.957205535012385,2.124698332787585,0.9572061984543632,8.441141477246825e-06,0.08028432664853047,7.856965240005807e-06,9.081257172604232e-05
1.200258050309965e-05,3.3,0.9572071707420711,2.124696488452262,0.9572078355525494,8.441301760210496e-06,0.08028494994787173,7.857068711847218e-06,9.081352043205272e-05
1.210258050309965e-05,3.3,0.957205746807517,2.124698124763536,0.9572064160450519,8.441159544712798e-06,0.08028442745437278,7.856975683081426e-06,9.08126978192976e-05
1.220258050309965e-05,3.3,0.9572069840401692,2.124696672010984,0.9572076442567125,8.441285817398377e-06,0.08028486141441314,7.857059514114355e-06,9.08134095766974e-05
1.230258050309965e-05,3.3,0.9572059112952696,2.124697962877892,0.9572065835912033,8.441173605076338e-06,0.08028450491296378,7.856983753966674e-06,9.081279491187359e-05
1.240258050309965e-05,3.3,0.9572068362745458,2.124696817656422,0.9572074946272259,8.441273167369863e-06,0.08028479229255225,7.857052296544287e-06,9.08133228668313e-05
1.250258050309965e-05,3.3,0.9572060408192091,2.124697835199093,0.9572067142140459,8.441184694540646e-06,0.08028456517094401,7.856990070023438e-06,9.081287060749958e-05
1.260258050309965e-05,3.3,0.9572067224176339,2.124696930028443,0.9572073803937519,8.441263407253265e-06,0.08028473969345495,7.857046754941118e-06,9.081325666883323e-05
1.270258050309965e-05,3.3,0.9572061424565819,2.12469773469317,0.957206815734267,8.441193424054604e-06,0.08028461184943429,7.856995007062207e-06,9.081292943824387e-05
1.280258050309965e-05,3.3,0.957206635020765,2.124697016386334,0.9572072934887951,8.441255906570626e-06,0.08028469983521944,7.857042510196861e-06,9.081320630761909e-05
1.290258050309965e-05,3.3,0.9572062208879124,2.124697657086981,0.9572068932272372,8.441200164615324e-06,0.08028464733013418,7.856998803183531e-06,9.081297434526151e-05
1.300258050309965e-05,3.3,0.9572065650498929,2.124697085745049,0.9572072247736175,8.441249882279627e-06,0.08028466844952002,7.857039130124267e-06,9.081316648731426e-05
1.310258050309965e-05,3.3,0.9572062829922516,2.124697595271511,0.9572069540892914,8.441205533806726e-06,0.08028467506549794,7.85700180859124e-06,9.081300961471728e-05
1.320258050309966e-05,3.3,0.9572065082339701,2.124697142585546,0.9572071693553935,8.44124494507412e-06,0.08028464324276768,7.857036384800823e-06,9.081313437253872e-05
1.330258050309966e-05,3.3,0.9572063311660611,2.124697547030037,0.9572070008188742,8.441209724099973e-06,0.08028469620877018,7.857004144007819e-06,9.081303669445016e-05
1.340258050309966e-05,3.3,0.9572064659191748,2.124697184956536,0.9572071287891905,8.44124126468985e-06,0.08028462496571592,7.857034343186665e-06,9.081311086446993e-05
1.350258050309966e-05,3.3,0.9572063684059748,2.124697509703411,0.9572070360487461,8.44121296633254e-06,0.08028471199375009,7.857005933152273e-06,9.081305711013232e-05
1.360258050309966e-05,3.3,0.957206432394624,2.124697218798506,0.9572070969144721,8.441238325036871e-06,0.08028461073430185,7.857032715146372e-06,9.081309239308617e-05
1.370258050309966e-05,3.3,0.9572063994997442,2.124697478158951,0.9572070654297549,8.44121570647201e-06,0.08028472507177269,7.85700744114294e-06,9.081307413642722e-05
1.380258050309966e-05,3.3,0.9572064071260992,2.124697244513726,0.957207073509111,8.441236091227493e-06,0.08028460046021847,7.85703148737651e-06,9.081307882967105e-05
1.390258050309966e-05,3.3,0.9572064215386702,2.124697455617382,0.957207085640877,8.441217664635704e-06,0.08028473386495934,7.85700851582862e-06,9.081308584878805e-05
1.400258050309966e-05,3.3,0.9572063860522795,2.12469726627397,0.9572070541141073,8.441234200852504e-06,0.08028459203519916,7.857030453679664e-06,9.081306759024025e-05
1.410258050309966e-05,3.3,0.9572064401969639,2.124697436214646,0.9572071026539172,8.441219350257614e-06,0.08028474117810123,7.857009436763163e-06,9.081309570787855e-05
1.420258050309966e-05,3.3,0.9572063691505979,2.124697283906718,0.9572070389641224,8.441232668976351e-06,0.08028458558557992,7.857029622085515e-06,9.081305881078315e-05
1.430258050309966e-05,3.3,0.9572064549926698,2.1246974207245,0.9572071155106819,8.441220696010044e-06,0.0802847465611681,7.857010159046669e-06,9.081310315841964e-05
1.440258050309966e-05,3.3,0.9572063574531429,2.124697296470128,0.9572070288144374,8.441231577372454e-06,0.08028458147152737,7.857029026909285e-06,9.081305292899007e-05
1.450258050309967e-05,3.3,0.9572064661671185,2.124697408559735,0.9572071253771138,8.441221753037529e-06,0.08028475055307407,7.857010738985696e-06,9.081310887607177e-05
1.460258050309967e-05,3.3,0.9572063488388807,2.124697305796557,0.9572070219464845,8.441230766996618e-06,0.08028457888551196,7.857028587803604e-06,9.081304894895528e-05
1.470258050309967e-05,3.3,0.9572064742752157,2.124697399613839,0.9572071319620841,8.441222530410261e-06,0.0802847530186644,7.85701116256725e-06,9.08131126921218e-05
1.480258050309967e-05,3.3,0.957206338840977,2.124697316942891,0.9572070131451188,8.441229798364976e-06,0.08028457536572124,7.857028062903693e-06,9.081304384849824e-05
1.490258050309967e-05,3.3,0.9572064804388161,2.124697392565243,0.957207136654477,8.441223143002148e-06,0.08028475460558253,7.857011495681724e-06,9.081311541142906e-05
1.500258050309967e-05,3.3,0.9572063346893895,2.124697322011516,0.9572070103849739,8.441229357742347e-06,0.0802845746855233,7.85702782037194e-06,9.08130422489276e-05
1.510258050309967e-05,3.3,0.9572064876612515,2.124697384294732,0.9572071425051292,8.441223861797187e-06,0.08028475675273745,7.857011880008514e-06,9.081311880195284e-05
1.520258050309967e-05,3.3,0.9572063307187084,2.124697326959463,0.9572070077891904,8.441228927576451e-06,0.0802845740693794,7.85702758796436e-06,9.08130407446003e-05
1.530258050309967e-05,3.3,0.9572064904277856,2.12469738051756,0.9572071440620092,8.441224190281827e-06,0.08028475688052997,7.857012063890525e-06,9.081311970423558e-05
1.540258050309967e-05,3.3,0.9572063265408797,2.124697332113688,0.9572070049428087,8.441228479492812e-06,0.08028457332261342,7.857027346198912e-06,9.081303909504938e-05
1.550258050309967e-05,3.3,0.9572064925887894,2.124697377280096,0.9572071450516444,8.44122447191406e-06,0.0802847567557573,7.85701221865973e-06,9.081312027780127e-05
1.560258050309967e-05,3.3,0.9572063225103528,2.124697337285089,0.9572070020208955,8.441228029850454e-06,0.08028457253144866,7.8570271025294e-06,9.081303740172488e-05
1.570258050309967e-05,3.3,0.9572064950382975,2.124697373850266,0.9572071463239913,8.441224770217263e-06,0.08028475677024721,7.857012385488454e-06,9.081312101520117e-05
1.580258050309967e-05,3.3,0.9572063214082939,2.124697339347755,0.9572070020349809,8.441227850308443e-06,0.0802845731200256,7.857026996109427e-06,9.081303740981353e-05
1.590258050309967e-05,3.3,0.9572064985625857,2.124697369150392,0.9572071487673738,8.44122517891707e-06,0.0802847573464829,7.857012604944137e-06,9.081312243121813e-05
1.600258050309966e-05,3.3,0.9572063206569574,2.124697341142864,0.9572070022949668,8.441227693972473e-06,0.08028457381673158,7.857026902553027e-06,9.081303756040035e-05
1.610258050309966e-05,3.3,0.9572064983988029,2.124697368311588,0.957207147562154,8.441225252170661e-06,0.08028475620599532,7.85701265422458e-06,9.081312173286711e-05
1.620258050309966e-05,3.3,0.9572063193352692,2.124697343515692,0.9572070020748661,8.441227487451986e-06,0.080284574278646,7.857026788265187e-06,9.081303743277708e-05
1.630258050309966e-05,3.3,0.9572064999889818,2.124697365615335,0.9572071481995988,8.441225486806277e-06,0.0802847559424339,7.857012787637273e-06,9.081312210234303e-05
1.640258050309966e-05,3.3,0.957206318384882,2.1246973456179,0.9572070019972377,8.441227304397002e-06,0.08028457480186073,7.85702668165415e-06,9.08130373877167e-05
1.650258050309966e-05,3.3,0.9572064997266672,2.124697364805473,0.9572071469645307,8.441225557574757e-06,0.08028475480382176,7.857012832585613e-06,9.081312138669499e-05
1.660258050309966e-05,3.3,0.9572063175047131,2.124697347593616,0.9572070019869501,8.441227132351688e-06,0.08028457534963825,7.857026579487273e-06,9.081303738168026e-05
1.670258050309966e-05,3.3,0.9572065003041594,2.124697363220034,0.9572071466139409,8.441225695685127e-06,0.08028475408629716,7.857012917912269e-06,9.081312118360144e-05
1.680258050309966e-05,3.3,0.9572063178859155,2.124697348239052,0.9572070032358843,8.441227075883385e-06,0.08028457648546743,7.857026536871673e-06,9.08130381053647e-05
1.690258050309966e-05,3.3,0.9572065002826373,2.124697362062149,0.9572071458575571,8.44122579672685e-06,0.0802847531856639,7.8570129828664e-06,9.08131207453495e-05
1.700258050309965e-05,3.3,0.9572063171073143,2.124697350181767,0.9572070032667648,8.441226906676453e-06,0.08028457704668447,7.857026437725679e-06,9.081303812318622e-05
1.710258050309965e-05,3.3,0.9572065001776583,2.124697361132643,0.957207144966533,8.441225877873237e-06,0.0802847522234545,7.85701304123097e-06,9.081312022907394e-05
1.720258050309965e-05,3.3,0.9572063173249327,2.124697351030301,0.9572070042705141,8.441226832550421e-06,0.0802845780585865,7.85702638524575e-06,9.081303870478752e-05
1.730258050309965e-05,3.3,0.9572065002576042,2.124697359874924,0.9572071443178787,8.44122598758655e-06,0.08028475138099421,7.857013109827813e-06,9.081311985325006e-05
1.740258050309965e-05,3.3,0.9572063189359211,2.124697350400199,0.9572070066486451,8.441226886894618e-06,0.08028457971077517,7.857026398042661e-06,9.081304008284493e-05
1.750258050309965e-05,3.3,0.9572065000107125,2.124697359121909,0.9572071432820214,8.441226053389157e-06,0.08028475036068075,7.857013159584304e-06,9.081311925304055e-05
1.760258050309965e-05,3.3,0.9572063193599571,2.124697351031753,0.9572070078796333,8.441226831619657e-06,0.08028458082380859,7.857026357240439e-06,9.081304079613413e-05
1.770258050309965e-05,3.3,0.9572064989024746,2.124697359189539,0.9572071415401534,8.441226047926224e-06,0.08028474901355262,7.857013175434401e-06,9.081311824369596e-05
1.780258050309965e-05,3.3,0.9572063192695468,2.124697352185556,0.9572070083455189,8.44122673097842e-06,0.08028458156661118,7.85702628257919e-06,9.081304106604592e-05
1.790258050309965e-05,3.3,0.9572064991091535,2.124697357875855,0.9572071411433667,8.441226162472635e-06,0.08028474830460067,7.857013253050708e-06,9.081311801382613e-05
1.800258050309965e-05,3.3,0.9572063190999355,2.124697353526446,0.9572070087336498,8.441226614042734e-06,0.08028458227135078,7.85702620458987e-06,9.081304129090063e-05
1.810258050309964e-05,3.3,0.9572064990767584,2.12469735680013,0.9572071405005355,8.441226256350465e-06,0.0802847474858097,7.857013318090841e-06,9.081311764137289e-05
1.820258050309964e-05,3.3,0.9572063206612953,2.124697352905628,0.9572070108932457,8.441226667596176e-06,0.0802845838039966,7.85702621023798e-06,9.081304254232107e-05
1.830258050309964e-05,3.3,0.9572064987257969,2.124697356080197,0.9572071396239961,8.441226319308803e-06,0.08028474655772182,7.857013372128833e-06,9.081311713348401e-05
1.840258050309964e-05,3.3,0.9572063207573113,2.124697353869833,0.9572070115009523,8.441226583424252e-06,0.0802845846020854,7.857026144300608e-06,9.081304289442147e-05
1.850258050309964e-05,3.3,0.9572064978785599,2.124697355867579,0.9572071382821777,8.441226338196904e-06,0.0802847454202971,7.857013402699556e-06,9.081311635596439e-05
1.860258050309964e-05,3.3,0.9572063208431261,2.124697354879867,0.9572070121595083,8.441226495257162e-06,0.08028458541779998,7.85702608192128e-06,9.081304327599019e-05
1.870258050309964e-05,3.3,0.9572064969647167,2.124697355820259,0.9572071367380599,8.441226342687678e-06,0.0802847441877062,7.857013423817814e-06,9.081311546121193e-05
1.880258050309964e-05,3.3,0.9572063218553148,2.124697354861425,0.9572070136252167,8.441226496465418e-06,0.08028458660936691,7.8570260578761e-06,9.081304412530584e-05
1.890258050309964e-05,3.3,0.9572064966530653,2.124697355097125,0.9572071359384384,8.441226405909816e-06,0.08028474330939349,7.857013478947645e-06,9.08131149978936e-05
1.900258050309964e-05,3.3,0.9572063228397526,2.124697354901928,0.9572070151057053,8.44122649254114e-06,0.08028458780995375,7.857026034158976e-06,9.081304498318744e-05
1.910258050309963e-05,3.3,0.9572064967568332,2.124697353881911,0.9572071357870529,8.441226511905803e-06,0.08028474274611722,7.857013562503233e-06,9.081311491022738e-05
1.920258050309963e-05,3.3,0.9572063226988502,2.124697356104253,0.9572070153852333,8.44122638768487e-06,0.08028458842584842,7.85702595802375e-06,9.081304514511219e-05
1.930258050309963e-05,3.3,0.9572064949568889,2.124697354729009,0.957207133510894,8.4412264387034e-06,0.08028474117670867,7.857013548092665e-06,9.08131135912536e-05
1.940258050309963e-05,3.3,0.9572063240524622,2.124697355708433,0.9572070171591518,8.44122642168691e-06,0.08028458975549341,7.857025949629962e-06,9.08130461730391e-05
1.950258050309963e-05,3.3,0.9572064942443629,2.124697354392206,0.9572071325197675,8.44122646837461e-06,0.08028474022398625,7.857013591429219e-06,9.0813113016954e-05
1.960258050309963e-05,3.3,0.9572063238100459,2.124697357022341,0.957207017276826,8.441226307134142e-06,0.08028459029676392,7.857025865655766e-06,9.08130462411723e-05
1.970258050309963e-05,3.3,0.957206493185851,2.124697354453549,0.9572071310274968,8.44122646344179e-06,0.08028473904156375,7.857013610235737e-06,9.081311215224108e-05
1.980258050309963e-05,3.3,0.9572063246168632,2.124697357318003,0.9572070182754924,8.441226281014572e-06,0.08028459124544725,7.857025824065928e-06,9.081304681984116e-05
1.990258050309963e-05,3.3,0.9572064923766593,2.124697354276351,0.9572071298721478,8.441226479224432e-06,0.08028473801312869,7.857013645617862e-06,9.0813111482773e-05
2.000258050309963e-05,3.3,0.9572063254009727,2.124697357428935,0.9572070194905263,8.441226271024572e-06,0.08028459229832534,7.857025792139679e-06,9.08130475238972e-05
2.010258050309963e-05,3.3,0.9572064920529761,2.1246973536378,0.9572071292444805,8.441226535071393e-06,0.08028473724460494,7.857013703486333e-06,9.081311111909537e-05
2.020258050309962e-05,3.3,0.9572063255701322,2.124697358385583,0.9572070198162635,8.44122618748146e-06,0.08028459292192074,7.857025720717807e-06,9.081304771260703e-05
2.030258050309962e-05,3.3,0.9572064916644879,2.124697352917755,0.9572071286966015,8.441226598055975e-06,0.08028473651683202,7.857013764483273e-06,9.08131108016557e-05
2.040258050309962e-05,3.3,0.9572063275392695,2.124697357407682,0.9572070220551221,8.441226272029436e-06,0.0802845944441258,7.85702573883302e-06,9.081304900997178e-05
2.050258050309962e-05,3.3,0.9572064905323713,2.124697353098169,0.9572071272711328,8.441226582762655e-06,0.08028473537914683,7.85701378398418e-06,9.081310997564961e-05
2.060258050309962e-05,3.3,0.957206328021021,2.12469735787352,0.957207022766826,8.441226231190205e-06,0.08028459524508369,7.857025686182224e-06,9.081304942235061e-05
2.070258050309962e-05,3.3,0.9572064898307313,2.124697352904855,0.9572071262564005,8.44122659990892e-06,0.08028473443901807,7.85701382186092e-06,9.081310938766519e-05
2.080258050309962e-05,3.3,0.9572063281091181,2.124697358851517,0.9572070229828384,8.44122614581645e-06,0.08028459580337408,7.857025612151517e-06,9.081304954747617e-05
2.090258050309962e-05,3.3,0.9572064898834021,2.124697351761019,0.9572071262915104,8.441226699697813e-06,0.08028473399978878,7.8570139074594e-06,9.081310940806423e-05
2.100258050309962e-05,3.3,0.957206328859927,2.124697359024093,0.9572070239556544,8.441226130459841e-06,0.0802845967177942,7.85702557341144e-06,9.081305011117129e-05
2.110258050309962e-05,3.3,0.95720648849933,2.124697352263522,0.9572071245937638,8.441226656399522e-06,0.08028473274266124,7.857013912663776e-06,9.0813108424271e-05
2.120258050309961e-05,3.3,0.9572063302877826,2.124697358551864,0.9572070255115149,8.441226171098567e-06,0.08028459790772303,7.857025561644582e-06,9.081305101274274e-05
2.130258050309961e-05,3.3,0.9572064881918885,2.124697351556064,0.9572071241508902,8.441226718253554e-06,0.08028473208389185,7.85701397495976e-06,9.08131081676761e-05
2.140258050309961e-05,3.3,0.9572063312550113,2.124697358538415,0.9572070266321546,8.441226171887943e-06,0.08028459887693828,7.857025532519573e-06,9.081305166210382e-05
2.150258050309961e-05,3.3,0.9572064875357856,2.12469735127688,0.957207123396865,8.441226742875151e-06,0.0802847312833154,7.857014021916164e-06,9.081310773076767e-05
2.160258050309961e-05,3.3,0.9572063322161612,2.124697358455141,0.957207027709256,8.441226178772818e-06,0.08028459982885235,7.85702550075282e-06,9.081305228623551e-05
2.170258050309961e-05,3.3,0.9572064872397604,2.1246973505854,0.9572071230134932,8.441226803330612e-06,0.08028473066271892,7.857014085123968e-06,9.081310750865278e-05
2.180258050309961e-05,3.3,0.9572063315586944,2.124697360070951,0.9572070273355086,8.44122603804076e-06,0.08028460009406244,7.857025402103514e-06,9.081305206959924e-05
2.190258050309961e-05,3.3,0.9572064862832452,2.124697350623015,0.9572071218702741,8.441226800428565e-06,0.08028472968927416,7.857014112012214e-06,9.081310684620556e-05
2.200258050309961e-05,3.3,0.9572063329224229,2.124697359710976,0.9572070286663877,8.44122606890913e-06,0.08028460115739165,7.857025383648745e-06,9.081305284079707e-05
2.210258050309961e-05,3.3,0.9572064862448072,2.124697349749002,0.9572071217683068,8.441226876708832e-06,0.08028472920568783,7.857014187518e-06,9.081310678716385e-05
2.220258050309961e-05,3.3,0.9572063332258633,2.12469736036183,0.9572070290966129,8.44122601199568e-06,0.08028460178845567,7.857025324767551e-06,9.081305309006513e-05
2.23025805030996e-05,3.3,0.9572064841600366,2.124697350921382,0.95720711960856,8.4412267752374e-06,0.08028472775448332,7.857014166905128e-06,9.081310553563549e-05
2.24025805030996e-05,3.3,0.9572063341849362,2.124697360264501,0.9572070301264961,8.44122602010741e-06,0.0802846027022051,7.857025293733258e-06,9.081305368683701e-05
2.25025805030996e-05,3.3,0.9572064847317987,2.124697349396119,0.9572071201456391,8.441226908102824e-06,0.08028472758795165,7.857014269198619e-06,9.081310584691898e-05
2.26025805030996e-05,3.3,0.9572063350272605,2.124697360294957,0.9572070311682168,8.441226017115094e-06,0.0802846036163472,7.857025264238807e-06,9.081305429046916e-05
2.27025805030996e-05,3.3,0.957206481923064,2.124697351442098,0.9572071171166854,8.441226730689434e-06,0.08028472573886807,7.857014205983836e-06,9.081310409168319e-05
2.28025805030996e-05,3.3,0.9572063359756874,2.124697360297682,0.9572070319830153,8.441226016499937e-06,0.08028460442147238,7.85702522451791e-06,9.081305476260163e-05
2.29025805030996e-05,3.3,0.9572064822071129,2.124697350211969,0.9572071174314611,8.441226837916353e-06,0.08028472547111612,7.85701429729459e-06,9.081310427413952e-05
2.30025805030996e-05,3.3,0.9572063360608645,2.124697361104682,0.9572070321692231,8.44122594604812e-06,0.08028460492537601,7.857025156518515e-06,9.081305487046474e-05
2.31025805030996e-05,3.3,0.9572064806527745,2.124697350832429,0.9572071160672141,8.441226784394113e-06,0.08028472440921001,7.857014311074538e-06,9.081310348360112e-05
2.32025805030996e-05,3.3,0.9572063366115523,2.124697361483374,0.9572070326421551,8.441225912784725e-06,0.08028460555929771,7.857025102767717e-06,9.081305514448669e-05
2.330258050309959e-05,3.3,0.9572064797247885,2.12469735090191,0.9572071151228104,8.441226778700503e-06,0.08028472355031195,7.85701434340225e-06,9.081310293636055e-05
2.340258050309959e-05,3.3,0.9572063372896352,2.124697361596766,0.9572070333839925,8.441225902620782e-06,0.08028460632223633,7.857025061105576e-06,9.081305557433975e-05
2.350258050309959e-05,3.3,0.9572064792691296,2.124697350487001,0.9572071145985475,8.44122681508617e-06,0.08028472289415403,7.857014394382258e-06,9.081310263259169e-05
2.360258050309959e-05,3.3,0.9572063393561326,2.124697360350856,0.9572070353069839,8.441226010515754e-06,0.08028460763025148,7.857025076479567e-06,9.081305668867368e-05
2.370258050309959e-05,3.3,0.9572064786940977,2.124697350205411,0.957207114183224,8.44122683988614e-06,0.08028472230301252,7.857014447959298e-06,9.08131023919529e-05
2.380258050309959e-05,3.3,0.9572063387277494,2.124697361871698,0.957207034719504,8.44122587805828e-06,0.0802846077547835,7.85702497520747e-06,9.08130563481877e-05
2.390258050309959e-05,3.3,0.9572064774879391,2.124697350603902,0.9572071129071187,8.441226805593921e-06,0.08028472130084516,7.857014462445242e-06,9.081310165248905e-05
2.400258050309959e-05,3.3,0.9572063395343663,2.124697361897815,0.9572070354551214,8.441225875458543e-06,0.08028460849872444,7.857024936203455e-06,9.081305677443909e-05
2.410258050309959e-05,3.3,0.9572064779633783,2.124697349287996,0.9572071133259052,8.441226920229497e-06,0.08028472110299148,7.857014554736584e-06,9.081310189521613e-05
2.420258050309959e-05,3.3,0.9572063398507508,2.124697362565325,0.9572070356899591,8.441225817085469e-06,0.08028460900447706,7.857024874341676e-06,9.08130569104878e-05
2.430258050309958e-05,3.3,0.9572064764270266,2.124697350001083,0.9572071119230031,8.441226858617899e-06,0.08028472004728474,7.85701456221746e-06,9.081310108227277e-05
2.440258050309958e-05,3.3,0.9572063406444081,2.124697362553034,0.9572070365013139,8.441225817842194e-06,0.08028460977681016,7.857024840218474e-06,9.081305738062912e-05
2.450258050309958e-05,3.3,0.9572064761074814,2.124697349448248,0.9572071116624475,8.44122690698524e-06,0.0802847195388809,7.857014621153822e-06,9.081310093131891e-05
2.460258050309958e-05,3.3,0.9572063421557435,2.124697361864978,0.9572070378850097,8.441225877279796e-06,0.08028461080852146,7.857024834604833e-06,9.081305818244401e-05
2.470258050309958e-05,3.3,0.9572064761718903,2.124697348480975,0.9572071118695613,8.441226991363439e-06,0.08028471925312608,7.857014701438856e-06,9.081310105137988e-05
2.480258050309958e-05,3.3,0.9572063427509279,2.124697362046501,0.9572070384249933,8.441225861203314e-06,0.0802846114478249,7.857024788792414e-06,9.081305849532647e-05
2.490258050309958e-05,3.3,0.9572064744943201,2.124697349433069,0.95720711018774,8.441226908951983e-06,0.08028471808111019,7.857014693139686e-06,9.081310007680014e-05
2.500258050309958e-05,3.3,0.9572063437736436,2.12469736181318,0.9572070393144223,8.44122588115564e-06,0.08028461224846094,7.857024759840287e-06,9.081305901071523e-05
2.510258050309958e-05,3.3,0.9572064737805639,2.124697349301611,0.957207109689464,8.441226920707528e-06,0.08028471746833335,7.85701473964217e-06,9.081309978808486e-05
2.520258050309958e-05,3.3,0.9572063437054443,2.124697362730736,0.9572070391534155,8.441225801117188e-06,0.08028461254429259,7.857024683852233e-06,9.081305891737575e-05
2.530258050309958e-05,3.3,0.9572064735056277,2.124697348810515,0.9572071094360101,8.441226963669432e-06,0.08028471697451808,7.857014796844513e-06,9.081309964124451e-05
2.540258050309957e-05,3.3,0.9572063451112554,2.124697362092089,0.9572070404449168,8.441225856285223e-06,0.08028461352833732,7.85702467472477e-06,9.081305966576564e-05
2.550258050309957e-05,3.3,0.957206472545103,2.12469734886812,0.9572071087012082,8.441226959026166e-06,0.08028471625696457,7.857014831097499e-06,9.081309921546203e-05
2.560258050309957e-05,3.3,0.9572063457462371,2.124697362173341,0.9572070410906697,8.441225848942642e-06,0.08028461419668312,7.85702463767719e-06,9.081306003994468e-05
2.570258050309957e-05,3.3,0.9572064722163793,2.124697348568714,0.9572071083228371,8.441226985282486e-06,0.0802847157137255,7.857014880758658e-06,9.081309899622959e-05
2.580258050309957e-05,3.3,0.9572063464496392,2.12469736233115,0.9572070414948802,8.441225834891665e-06,0.08028461475596324,7.857024588479837e-06,9.081306027415055e-05
2.590258050309957e-05,3.3,0.9572064704309704,2.124697349595217,0.9572071067587039,8.441226896421539e-06,0.08028471461746531,7.85701487422621e-06,9.081309808984744e-05
2.600258050309957e-05,3.3,0.9572063468096357,2.124697362720752,0.9572070417135613,8.441225800751948e-06,0.08028461521848311,7.857024532384695e-06,9.081306040084287e-05
2.610258050309957e-05,3.3,0.9572064702942893,2.124697348919383,0.9572071067448557,8.44122695544922e-06,0.08028471425080799,7.857014939953349e-06,9.08130980818559e-05
2.620258050309957e-05,3.3,0.9572063473025066,2.124697362993093,0.9572070421706296,8.441225776791085e-06,0.08028461579390941,7.857024487303098e-06,9.081306066568099e-05
2.630258050309957e-05,3.3,0.9572064696618549,2.124697348768512,0.9572071062927392,8.441226968866335e-06,0.0802847136792858,7.857014985003667e-06,9.08130978198873e-05
2.640258050309956e-05,3.3,0.9572063482479839,2.124697362816854,0.9572070428935284,8.441225791792713e-06,0.08028461648682159,7.857024455983628e-06,9.08130610845688e-05
2.650258050309956e-05,3.3,0.9572064700538205,2.124697347574168,0.9572071068163372,8.44122707292835e-06,0.08028471357612302,7.85701507384859e-06,9.081309812334574e-05
2.660258050309956e-05,3.3,0.9572063498464132,2.124697361941106,0.957207044360793,8.44122586757317e-06,0.08028461752817005,7.857024459735127e-06,9.081306193481746e-05
2.670258050309956e-05,3.3,0.9572064694435873,2.124697347421338,0.9572071063678119,8.44122708650784e-06,0.08028471301550942,7.857015117363615e-06,9.08130978634566e-05
2.680258050309956e-05,3.3,0.9572063494973813,2.124697363098568,0.9572070438134918,8.441225766711996e-06,0.08028461762012049,7.857024369783673e-06,9.081306161762426e-05
2.690258050309956e-05,3.3,0.9572064670138041,2.12469734921161,0.9572071041486839,8.441226931257273e-06,0.08028471162527417,7.85701507766986e-06,9.081309657750148e-05
2.700258050309956e-05,3.3,0.9572063503306065,2.12469736296574,0.95720704449394,8.441225777970585e-06,0.08028461828459775,7.857024338049116e-06,9.08130620119137e-05
2.710258050309956e-05,3.3,0.9572064668666399,2.124697348593273,0.9572071042280033,8.441226985272e-06,0.08028471132100955,7.85701514434833e-06,9.08130966234979e-05
2.720258050309956e-05,3.3,0.9572063506149721,2.124697363408147,0.95720704446222,8.441225739252775e-06,0.08028461860792628,7.857024274177352e-06,9.08130619935011e-05
2.730258050309956e-05,3.3,0.9572064659134781,2.124697348843041,0.9572071033617444,8.441226963857394e-06,0.08028471056839594,7.857015167527525e-06,9.081309612153086e-05
2.740258050309956e-05,3.3,0.957206351492917,2.12469736326735,0.9572070451130442,8.441225751188496e-06,0.08028461924995366,7.857024242624492e-06,9.081306237062415e-05
2.750258050309955e-05,3.3,0.9572064654085786,2.124697348627394,0.9572071030401573,8.441226982876067e-06,0.08028471008232539,7.857015214241204e-06,9.08130959352012e-05
2.760258050309955e-05,3.3,0.9572063516384832,2.124697363879476,0.957207045109579,8.441225697716148e-06,0.08028461958398066,7.857024180596835e-06,9.0813062368586e-05
2.770258050309955e-05,3.3,0.9572064647630157,2.12469734849524,0.9572071027039156,8.441226994665744e-06,0.0802847095908018,7.857015260019396e-06,9.081309574037849e-05
2.780258050309955e-05,3.3,0.9572063530127373,2.124697363129639,0.9572070463881405,8.441225762599077e-06,0.08028462051444585,7.857024179613723e-06,9.081306310948419e-05
2.790258050309955e-05,3.3,0.9572064646717642,2.124697347883606,0.9572071027242147,8.441227048073311e-06,0.08028470926912389,7.85701532201731e-06,9.081309575217016e-05
2.800258050309955e-05,3.3,0.9572063539953015,2.124697362836963,0.9572070471243985,8.441225787746057e-06,0.08028462119151485,7.857024152986626e-06,9.081306353611795e-05
2.810258050309955e-05,3.3,0.9572064635020648,2.124697348417852,0.9572071017462275,8.441227001921356e-06,0.08028470848463747,7.857015336200576e-06,9.08130951854541e-05
2.820258050309955e-05,3.3,0.9572063538003532,2.124697363738401,0.9572070467116413,8.441225709164254e-06,0.08028462131911528,7.857024074394978e-06,9.081306329689642e-05
2.830258050309955e-05,3.3,0.9572064634668945,2.124697347735697,0.957207101896493,8.441227061460599e-06,0.08028470823397349,7.857015402454273e-06,9.081309527256184e-05
2.840258050309955e-05,3.3,0.9572063546662076,2.124697363642086,0.9572070473054295,8.441225717222852e-06,0.08028462192012832,7.857024042798801e-06,9.081306364096859e-05
2.850258050309954e-05,3.3,0.9572064615214781,2.124697349025821,0.9572071001704249,8.441226949660292e-06,0.08028470709659587,7.857015381903062e-06,9.081309427233141e-05
2.860258050309954e-05,3.3,0.9572063549811644,2.124697363913751,0.9572070474844598,8.441225693391914e-06,0.08028462232629276,7.857023991788744e-06,9.081306374468984e-05
2.870258050309954e-05,3.3,0.9572064618815376,2.124697348015939,0.9572071007339089,8.441227037639009e-06,0.08028470705110373,7.857015465470055e-06,9.081309459889787e-05
2.880258050309954e-05,3.3,0.9572063551423674,2.124697364459121,0.9572070474922995,8.441225645738264e-06,0.08028462264344001,7.857023934377339e-06,9.08130637492059e-05
2.890258050309954e-05,3.3,0.957206461203175,2.12469734799214,0.957207100269776,8.441227039986713e-06,0.08028470651533871,7.857015502331369e-06,9.081309432995965e-05
2.900258050309954e-05,3.3,0.9572063563792764,2.124697363953175,0.9572070484155079,8.441225689393194e-06,0.08028462338911586,7.857023920041706e-06,9.081306428417843e-05
2.910258050309954e-05,3.3,0.9572064594948523,2.124697349071469,0.9572070987757338,8.441226946485968e-06,0.08028470550620015,7.857015489090006e-06,9.081309346418747e-05
2.920258050309954e-05,3.3,0.9572063576264774,2.124697363207982,0.9572070495205571,8.441225753921742e-06,0.0802846242179274,7.857023914626131e-06,9.081306492453005e-05
2.930258050309954e-05,3.3,0.9572064589112568,2.124697349121829,0.9572070983691492,8.441226942324009e-06,0.08028470500537489,7.857015527212216e-06,9.081309322859699e-05
2.940258050309954e-05,3.3,0.957206357945113,2.124697363571689,0.9572070495828063,8.441225722057262e-06,0.08028462455670295,7.857023860461785e-06,9.081306496057801e-05
2.950258050309954e-05,3.3,0.9572064593753311,2.124697347886257,0.9572070990973592,8.44122704995573e-06,0.08028470504348602,7.857015617320731e-06,9.081309365062047e-05
2.960258050309953e-05,3.3,0.9572063578171217,2.124697364379401,0.9572070492540529,8.441225651626857e-06,0.08028462470247914,7.857023789732267e-06,9.081306477004005e-05
2.970258050309953e-05,3.3,0.9572064580942107,2.124697348568353,0.9572070980994414,8.441226990947088e-06,0.08028470427262746,7.857015626350797e-06,9.081309307235134e-05
2.980258050309953e-05,3.3,0.9572063584077528,2.124697364422504,0.957207049677397,8.441225647629809e-06,0.08028462520249978,7.857023754021243e-06,9.081306501534296e-05
2.990258050309953e-05,3.3,0.9572064589353377,2.124697347029026,0.9572070990515119,8.441227124933835e-06,0.0802847044224476,7.85701572570738e-06,9.081309362410245e-05
3.000258050309953e-05,3.3,0.9572063597687752,2.124697363657028,0.9572070508099455,8.441225713882022e-06,0.08028462603252567,7.857023752055737e-06,9.081306567163064e-05
3.010258050309953e-05,3.3,0.9572064578580983,2.1246973474963,0.9572070982451627,8.441227084589598e-06,0.08028470374720831,7.857015742656215e-06,9.081309315684709e-05
3.020258050309953e-05,3.3,0.9572063608880145,2.12469736314849,0.9572070516844408,8.441225757810217e-06,0.08028462674090528,7.857023738094347e-06,9.081306617837733e-05
3.030258050309953e-05,3.3,0.9572064573363079,2.124697347433074,0.9572070979128898,8.441227090315102e-06,0.08028470329916015,7.857015780946534e-06,9.081309296431847e-05
3.040258050309953e-05,3.3,0.9572063606248431,2.124697364015822,0.9572070512316371,8.441225682231637e-06,0.08028462681651038,7.857023663744595e-06,9.081306591595333e-05
3.050258050309953e-05,3.3,0.9572064558344497,2.124697348314287,0.9572070967142213,8.441227014019836e-06,0.08028470244615059,7.857015778336648e-06,9.081309226971257e-05
3.060258050309952e-05,3.3,0.9572063617318157,2.124697363515432,0.9572070520950569,8.441225725453729e-06,0.08028462750952714,7.857023651140782e-06,9.081306641628274e-05
3.070258050309953e-05,3.3,0.957206454625578,2.124697348979731,0.9572070957783191,8.441226956435688e-06,0.08028470171641579,7.857015788060857e-06,9.081309172737903e-05
3.080258050309953e-05,3.3,0.9572063628562113,2.124697362983912,0.9572070528909614,8.441225771385314e-06,0.08028462817605245,7.8570236343935e-06,9.0813066877488e-05
3.090258050309953e-05,3.3,0.9572064549468122,2.124697348102203,0.9572070962760533,8.4412270328808e-06,0.0802847016667912,7.857015863618647e-06,9.08130920158387e-05
3.100258050309953e-05,3.3,0.9572063625684345,2.1246973638781,0.9572070523323555,8.441225693472818e-06,0.08028462819122312,7.857023557057893e-06,9.081306655375301e-05
3.110258050309954e-05,3.3,0.9572064539605436,2.124697348452824,0.9572070956644998,8.441227002679643e-06,0.080284701097542,7.85701588702358e-06,9.081309166146606e-05
3.120258050309954e-05,3.3,0.9572063625582222,2.12469736443299,0.9572070522103471,8.441225645057018e-06,0.0802846284154941,7.857023499436419e-06,9.081306648302622e-05
3.130258050309954e-05,3.3,0.9572064545796352,2.124697347187458,0.9572070964349219,8.441227112849194e-06,0.08028470118255938,7.857015974107297e-06,9.081309210794815e-05
3.140258050309954e-05,3.3,0.957206364868919,2.124697362692477,0.9572070542135436,8.441225796011853e-06,0.08028462963552413,7.857023541698035e-06,9.081306764385822e-05
3.150258050309955e-05,3.3,0.9572064535854785,2.12469734770052,0.9572070956662622,8.44122706847608e-06,0.08028470054491783,7.857015989162049e-06,9.081309166253104e-05
3.160258050309955e-05,3.3,0.9572063650324842,2.124697363095349,0.9572070541292221,8.44122576079174e-06,0.08028462986628425,7.857023487884966e-06,9.081306759497252e-05
3.170258050309955e-05,3.3,0.9572064524061124,2.124697348349293,0.9572070947319717,8.441227012334748e-06,0.08028469983607768,7.857015995239697e-06,9.081309112113002e-05
3.180258050309955e-05,3.3,0.9572063658723148,2.124697362758657,0.9572070547279283,8.441225789836178e-06,0.08028463042183454,7.857023465296618e-06,9.08130679419026e-05
3.190258050309956e-05,3.3,0.9572064517841863,2.124697348374688,0.957207094443773,8.441227010367445e-06,0.0802846994352715,7.8570160307193e-06,9.081309095413867e-05
3.200258050309956e-05,3.3,0.9572063662522438,2.124697362923198,0.9572070548818513,8.441225775326538e-06,0.0802846307635464,7.857023422812094e-06,9.081306803108101e-05
3.210258050309956e-05,3.3,0.9572064516808123,2.124697347959256,0.9572070945490995,8.441227046659635e-06,0.08028469921365526,7.857016085647994e-06,9.081309101519607e-05
3.220258050309956e-05,3.3,0.9572063661810807,2.124697363579263,0.9572070545026803,8.441225718106035e-06,0.08028463085058159,7.857023356157458e-06,9.081306781133004e-05
3.230258050309957e-05,3.3,0.9572064521952665,2.124697346814099,0.9572070952899936,8.441227146381619e-06,0.08028469930055468,7.8570161684604e-06,9.081309144456537e-05
3.240258050309957e-05,3.3,0.9572063670567026,2.124697363198907,0.9572070553179373,8.441225750946277e-06,0.08028463149780704,7.857023345596794e-06,9.081306828375181e-05
3.250258050309957e-05,3.3,0.957206451475168,2.124697347036536,0.9572070947801264,8.441227127259447e-06,0.08028469879608062,7.857016193474499e-06,9.081309114911778e-05
3.260258050309957e-05,3.3,0.9572063675904493,2.124697363283966,0.9572070554754466,8.441225743310197e-06,0.08028463182936568,7.857023305448045e-06,9.081306837500821e-05
3.270258050309958e-05,3.3,0.9572064507681131,2.124697347156348,0.9572070944123409,8.441227117087447e-06,0.08028469836264122,7.85701622435395e-06,9.081309093600578e-05
3.280258050309958e-05,3.3,0.9572063684293025,2.124697362993978,0.9572070560493814,8.441225768279173e-06,0.0802846323599674,7.85702328416431e-06,9.081306870758403e-05
3.290258050309958e-05,3.3,0.9572064491254219,2.124697348402117,0.9572070928797245,8.441227009036873e-06,0.08028469738568236,7.857016200039795e-06,9.0813090047873e-05
3.300258050309958e-05,3.3,0.9572063688410293,2.124697363030237,0.9572070562558304,8.441225764950916e-06,0.08028463271303259,7.857023246582268e-06,9.081306882720256e-05
3.310258050309959e-05,3.3,0.9572064487660525,2.124697348303067,0.957207092809052,8.441227017823574e-06,0.08028469709777104,7.857016243738613e-06,9.081309000693647e-05
3.320258050309959e-05,3.3,0.9572063694529487,2.124697362890206,0.9572070565939055,8.441225776925668e-06,0.08028463312373328,7.857023215923925e-06,9.081306902309873e-05
3.330258050309959e-05,3.3,0.9572064484598825,2.124697347983891,0.9572070927534924,8.44122704579799e-06,0.08028469682045393,7.85701628745322e-06,9.081308997475853e-05
3.340258050309959e-05,3.3,0.9572063691197801,2.124697363824385,0.9572070559909863,8.44122569554124e-06,0.08028463308803555,7.857023142067216e-06,9.081306867368765e-05
3.35025805030996e-05,3.3,0.9572064477988609,2.124697348178574,0.957207092339591,8.441227029074122e-06,0.08028469637726138,7.857016313980668e-06,9.081308973492102e-05
3.36025805030996e-05,3.3,0.9572063700428619,2.124697363348775,0.9572070567111916,8.441225736674268e-06,0.08028463367552591,7.857023129803592e-06,9.0813069091029e-05
3.37025805030996e-05,3.3,0.9572064479327671,2.124697347498335,0.9572070927565295,8.441227088378974e-06,0.08028469632711811,7.857016378867412e-06,9.081308997655579e-05
3.38025805030996e-05,3.3,0.9572063710405914,2.124697362847549,0.9572070574088103,8.441225780012634e-06,0.08028463424557584,7.857023117732439e-06,9.081306949528119e-05
3.39025805030996e-05,3.3,0.9572064472783643,2.124697347716602,0.9572070922498033,8.441227069594404e-06,0.08028469584330009,7.8570164004844e-06,9.081308968292546e-05
3.400258050309961e-05,3.3,0.9572063718412066,2.124697362483737,0.9572070580490355,8.441225811439256e-06,0.08028463479137138,7.857023102495704e-06,9.08130698662739e-05
3.410258050309961e-05,3.3,0.9572064468945612,2.124697347570784,0.9572070921488878,8.441227082472322e-06,0.0802846955559926,7.857016440014949e-06,9.081308962446238e-05
3.420258050309961e-05,3.3,0.9572063716522626,2.12469736314969,0.9572070576754329,8.441225753403047e-06,0.08028463485602086,7.857023040724757e-06,9.081306964975368e-05
3.430258050309961e-05,3.3,0.9572064449039062,2.124697349142507,0.9572070904595652,8.441226946118252e-06,0.08028469452288903,7.857016405178271e-06,9.081308864551554e-05
3.440258050309962e-05,3.3,0.9572063723427703,2.124697362930411,0.9572070580110411,8.44122577226113e-06,0.08028463525022483,7.857023012766803e-06,9.081306984422165e-05
3.450258050309962e-05,3.3,0.9572064449033508,2.124697348644891,0.9572070907413961,8.441226989541024e-06,0.08028469441726646,7.857016462276281e-06,9.081308880885393e-05
3.460258050309962e-05,3.3,0.9572063723533093,2.124697363449505,0.9572070578076375,8.441225726960204e-06,0.08028463539007541,7.857022959843292e-06,9.081306972633282e-05
3.470258050309962e-05,3.3,0.9572064444810653,2.124697348675879,0.9572070904695731,8.441226987005875e-06,0.08028469405763419,7.85701649234058e-06,9.081308865134888e-05
3.480258050309963e-05,3.3,0.9572063735079417,2.124697362702076,0.9572070586938703,8.441225791719922e-06,0.08028463604370513,7.857022957516147e-06,9.081307023988892e-05
3.490258050309963e-05,3.3,0.9572064437529376,2.124697348897604,0.957207090122687,8.441226967949244e-06,0.08028469366110152,7.85701651921918e-06,9.081308845034462e-05
3.500258050309963e-05,3.3,0.9572063731038356,2.124697363621254,0.9572070579582073,8.441225711672791e-06,0.08028463592685187,7.857022880888535e-06,9.081306981355476e-05
3.510258050309963e-05,3.3,0.9572064434992199,2.124697348735361,0.9572070900181977,8.441226982208232e-06,0.08028469338053383,7.857016557021988e-06,9.081308838980971e-05
3.520258050309964e-05,3.3,0.9572063736357806,2.124697363554712,0.9572070582808283,8.441225717266344e-06,0.08028463630630753,7.85702285395136e-06,9.08130700004981e-05
3.530258050309964e-05,3.3,0.9572064437480755,2.124697347977651,0.9572070905341473,8.441227048227591e-06,0.08028469340048465,7.857016622190985e-06,9.081308868881947e-05
3.540258050309964e-05,3.3,0.9572063750982902,2.12469736245265,0.9572070595318507,8.441225812848684e-06,0.0802846371213136,7.85702287054004e-06,9.081307072545036e-05
3.550258050309964e-05,3.3,0.9572064430970366,2.124697348191743,0.9572070901098226,8.441227029806236e-06,0.08028469297255003,7.85701664450751e-06,9.08130884429387e-05
3.560258050309965e-05,3.3,0.9572063747980977,2.124697363256238,0.9572070589807586,8.441225742846304e-06,0.08028463708268037,7.857022804131228e-06,9.081307040607604e-05
3.570258050309965e-05,3.3,0.9572064421121056,2.124697348825322,0.9572070893085061,8.441226974913312e-06,0.08028469237863292,7.857016647142921e-06,9.081308797859113e-05
3.580258050309965e-05,3.3,0.9572063751772524,2.124697363276633,0.9572070591283259,8.441225740915057e-06,0.08028463737199616,7.857022770443574e-06,9.081307049157533e-05
3.590258050309965e-05,3.3,0.957206441989685,2.124697348425493,0.9572070894552519,8.441227009852211e-06,0.08028469222791407,7.857016694520223e-06,9.081308806364583e-05
3.600258050309966e-05,3.3,0.9572063754014556,2.124697363552444,0.9572070591509808,8.441225716757379e-06,0.08028463760231956,7.857022730998491e-06,9.081307050468863e-05
3.610258050309966e-05,3.3,0.9572064415422451,2.124697348459458,0.9572070892338206,8.441227007067538e-06,0.08028469190381977,7.857016724761265e-06,9.081308793534154e-05
3.620258050309966e-05,3.3,0.9572063761120002,2.124697363254393,0.9572070595560259,8.441225742481172e-06,0.08028463800893759,7.857022710019716e-06,9.081307073939717e-05
3.630258050309966e-05,3.3,0.9572064411861463,2.124697348365679,0.9572070891698127,8.44122701539359e-06,0.08028469165938348,7.857016761322097e-06,9.081308789826388e-05
3.640258050309967e-05,3.3,0.9572063769492081,2.12469736278297,0.957207060258045,8.441225783283038e-06,0.0802846385566647,7.857022702670457e-06,9.081307114620293e-05
3.650258050309967e-05,3.3,0.9572064408469969,2.124697348346345,0.9572070889526793,8.441227017216448e-06,0.08028469134620309,7.857016790110993e-06,9.081308777245017e-05
3.660258050309967e-05,3.3,0.9572063766192255,2.124697363558252,0.9572070597145486,8.441225715762805e-06,0.08028463851211662,7.857022638364722e-06,9.081307083123117e-05
3.670258050309967e-05,3.3,0.9572064405258507,2.124697348218196,0.9572070888490158,8.441227028527668e-06,0.08028469108363412,7.857016824706751e-06,9.081308771239187e-05
3.680258050309968e-05,3.3,0.9572063775341785,2.124697362998539,0.9572070604001719,8.441225764237897e-06,0.08028463903722967,7.857022632976022e-06,9.081307122853567e-05
3.690258050309968e-05,3.3,0.9572064401946906,2.124697348095125,0.9572070887695722,8.441227039399919e-06,0.08028469084008887,7.857016859031465e-06,9.081308766636856e-05
3.700258050309968e-05,3.3,0.9572063780163472,2.124697363020736,0.957207060555808,8.441225762107432e-06,0.08028463932062077,7.857022601463618e-06,9.081307131871265e-05
3.710258050309968e-05,3.3,0.9572064390784609,2.124697348848493,0.9572070879441485,8.441226974106688e-06,0.08028469024579978,7.857016858535514e-06,9.081308718804942e-05
3.720258050309969e-05,3.3,0.9572063788944913,2.124697362437903,0.9572070612649234,8.441225812614895e-06,0.08028463986242182,7.857022596133863e-06,9.081307172963154e-05
3.730258050309969e-05,3.3,0.9572064389068597,2.124697348589225,0.9572070880769964,8.441226996799835e-06,0.08028469010587169,7.857016902091725e-06,9.081308726504881e-05
3.740258050309969e-05,3.3,0.9572063796460046,2.124697362016759,0.9572070618226287,8.441225849063748e-06,0.08028464032664359,7.857022584911959e-06,9.08130720528083e-05
3.750258050309969e-05,3.3,0.957206438574321,2.12469734856693,0.9572070878740186,8.441226998878342e-06,0.08028468980519933,7.857016930461422e-06,9.081308714743612e-05
3.760258050309969e-05,3.3,0.9572063790833999,2.124697363096368,0.9572070609256739,8.441225755080316e-06,0.08028464010586468,7.857022505938461e-06,9.081307153300866e-05
3.77025805030997e-05,3.3,0.9572064384536987,2.124697348309364,0.9572070879727267,8.441227021402487e-06,0.08028468965351064,7.857016971623347e-06,9.081308720465169e-05
3.78025805030997e-05,3.3,0.9572063794318834,2.124697363168847,0.9572070611006748,8.441225748615804e-06,0.08028464038552771,7.857022477715738e-06,9.081307163440832e-05
3.79025805030997e-05,3.3,0.9572064382370737,2.124697348074314,0.9572070880379253,8.441227042000434e-06,0.08028468948563484,7.857017011296515e-06,9.081308724244811e-05
3.80025805030997e-05,3.3,0.9572063804167075,2.124697362532808,0.9572070618741563,8.44122580372308e-06,0.08028464094481062,7.85702247775457e-06,9.081307208262756e-05
3.810258050309971e-05,3.3,0.9572064374588457,2.124697348559248,0.9572070873784219,8.44122699999593e-06,0.08028468897965732,7.85701701662589e-06,9.081308686027864e-05
3.820258050309971e-05,3.3,0.957206381293953,2.124697361942733,0.9572070625558264,8.441225854862594e-06,0.08028464145819765,7.8570224739981e-06,9.081307247764278e-05
3.830258050309971e-05,3.3,0.9572064374785172,2.12469734811327,0.9572070876336313,8.441227038905204e-06,0.0802846889043692,7.857017064569944e-06,9.081308700818549e-05
3.840258050309971e-05,3.3,0.9572063814698119,2.124697362149552,0.9572070625205511,8.44122583674478e-06,0.08028464163604858,7.857022436480507e-06,9.081307245718823e-05
3.850258050309972e-05,3.3,0.9572064366894177,2.124697348558291,0.9572070871458707,8.4412270003879e-06,0.08028468848287575,7.857017077261715e-06,9.081308672554044e-05
3.860258050309972e-05,3.3,0.9572063818606993,2.124697362159393,0.9572070626154582,8.441225835729279e-06,0.08028464187195727,7.857022405611159e-06,9.081307251217393e-05
3.870258050309972e-05,3.3,0.9572064353933342,2.124697349538637,0.9572070860747907,8.441226915360614e-06,0.08028468779046766,7.857017062074113e-06,9.081308610486124e-05
3.880258050309972e-05,3.3,0.957206382143304,2.124697362217549,0.9572070626701208,8.441225830541246e-06,0.0802846420843506,7.857022373711676e-06,9.081307254383923e-05
3.890258050309973e-05,3.3,0.9572064355402663,2.124697349083541,0.9572070864112907,8.441226955014179e-06,0.08028468776121829,7.857017112388146e-06,9.081308629987567e-05
3.900258050309973e-05,3.3,0.9572063826114828,2.124697362035504,0.9572070629802844,8.441225846239125e-06,0.08028464241738416,7.857022353658466e-06,9.08130727235672e-05
3.910258050309973e-05,3.3,0.9572064350126809,2.124697349262348,0.9572070860853956,8.44122693962254e-06,0.08028468741988332,7.857017131869077e-06,9.081308611103105e-05
3.920258050309973e-05,3.3,0.957206383057967,2.124697362027069,0.9572070630764438,8.441225846796166e-06,0.08028464264868952,7.857022323803228e-06,9.081307277927929e-05
3.930258050309974e-05,3.3,0.9572064352172935,2.12469734862474,0.9572070865504426,8.441226995179507e-06,0.08028468745744122,7.857017187000798e-06,9.081308638053761e-05
3.940258050309974e-05,3.3,0.957206382291209,2.12469736318034,0.9572070621878863,8.44122574646654e-06,0.08028464241084944,7.857022249120684e-06,9.081307226434755e-05
3.950258050309974e-05,3.3,0.957206435184589,2.124697348298182,0.9572070866852825,8.441227023689038e-06,0.08028468733759236,7.857017227099038e-06,9.081308645868999e-05
3.960258050309974e-05,3.3,0.9572063839904572,2.12469736171504,0.9572070637585424,8.441225873650466e-06,0.08028464333153087,7.857022288871864e-06,9.081307317453184e-05
3.970258050309975e-05,3.3,0.9572064343764679,2.124697348815761,0.9572070861169816,8.441226978847971e-06,0.08028468688890593,7.857017234054542e-06,9.081308612937113e-05
3.980258050309975e-05,3.3,0.9572063839841255,2.124697362043893,0.9572070635524557,8.44122584495662e-06,0.08028464342030371,7.857022244984525e-06,9.081307305509333e-05
3.990258050309975e-05,3.3,0.957206433867955,2.124697349026045,0.9572070857901451,8.44122696070213e-06,0.08028468655769612,7.857017251547292e-06,9.081308593998058e-05
4.000258050309975e-05,3.3,0.9572063841461125,2.12469736218981,0.9572070635090685,8.441225832158674e-06,0.08028464357332836,7.857022210952313e-06,9.081307302993861e-05
4.010258050309976e-05,3.3,0.957206433654252,2.124697348875116,0.957207085781461,8.441226973958323e-06,0.08028468637710873,7.857017283701943e-06,9.081308593495963e-05
4.020258050309976e-05,3.3,0.9572063849533808,2.12469736173506,0.9572070640372357,8.441225871517263e-06,0.08028464399474429,7.857022203677403e-06,9.081307333600075e-05
4.030258050309976e-05,3.3,0.9572064332874681,2.124697348942079,0.9572070856241732,8.441226968262084e-06,0.08028468612796667,7.85701730868689e-06,9.081308584382219e-05
4.040258050309976e-05,3.3,0.9572063853762044,2.124697361612134,0.957207064284396,8.44122588207437e-06,0.080284644286789,7.857022182779986e-06,9.081307347921884e-05
4.050258050309977e-05,3.3,0.9572064318701293,2.124697350098196,0.9572070844615115,8.441226867945075e-06,0.08028468540801696,7.857017286372406e-06,9.081308517006988e-05
4.060258050309977e-05,3.3,0.9572063854807157,2.124697361918892,0.9572070639668894,8.441225855263895e-06,0.08028464430791275,7.857022136474868e-06,9.081307329521305e-05
4.070258050309977e-05,3.3,0.9572064314787141,2.124697350246774,0.9572070841918212,8.441226855136514e-06,0.08028468511213287,7.857017304971645e-06,9.081308501379424e-05
4.080258050309977e-05,3.3,0.9572063848977975,2.124697362823171,0.9572070632700139,8.441225776588309e-06,0.08028464414866737,7.857022072864539e-06,9.081307289136283e-05
4.090258050309978e-05,3.3,0.9572064317803841,2.124697349556291,0.9572070847208357,8.44122691526897e-06,0.08028468518879968,7.857017361424321e-06,9.081308532036998e-05
4.100258050309978e-05,3.3,0.9572063854593007,2.124697362546371,0.9572070636794333,8.441225800517355e-06,0.08028464451323278,7.857022060245306e-06,9.081307312861121e-05
4.110258050309978e-05,3.3,0.9572064324302536,2.124697348565829,0.9572070855598207,8.441227001438462e-06,0.08028468542017002,7.857017430706687e-06,9.081308580657289e-05
4.120258050309978e-05,3.3,0.9572063859495508,2.124697362343285,0.9572070639717671,8.441225818042118e-06,0.08028464481587155,7.857022043414695e-06,9.08130732980075e-05
4.130258050309978e-05,3.3,0.9572064311700291,2.124697349486405,0.957207084469808,8.441226921612774e-06,0.08028468473808506,7.85701741106485e-06,9.081308517492092e-05
4.140258050309979e-05,3.3,0.9572063862477941,2.124697362320993,0.9572070641521293,8.441225819867684e-06,0.0802846450669403,7.857022021171322e-06,9.081307340251665e-05
4.150258050309979e-05,3.3,0.957206430564673,2.124697349852281,0.9572070840977617,8.441226889928386e-06,0.08028468440099615,7.857017423630385e-06,9.081308495932964e-05
4.160258050309979e-05,3.3,0.9572063865419986,2.124697362338651,0.9572070642283343,8.44122581820873e-06,0.08028464526517191,7.857021994760854e-06,9.081307344666735e-05
4.170258050309979e-05,3.3,0.9572064304971601,2.124697349570181,0.957207084286295,8.44122691457229e-06,0.08028468432580566,7.85701746267238e-06,9.08130850685954e-05
4.18025805030998e-05,3.3,0.9572063875608643,2.124697361566739,0.9572070650153959,8.441225885158803e-06,0.08028464579340291,7.85702200232187e-06,9.08130739027599e-05
4.19025805030998e-05,3.3,0.957206430366371,2.12469734946208,0.9572070842656362,8.44122692405777e-06,0.08028468415876423,7.857017490733333e-06,9.08130850566337e-05
4.20025805030998e-05,3.3,0.9572063883285787,2.124697360995508,0.9572070656818071,8.441225934697854e-06,0.08028464626744268,7.857022003797675e-06,9.081307428893636e-05
4.21025805030998e-05,3.3,0.9572064299078648,2.124697349606946,0.9572070841159342,8.441226911600582e-06,0.08028468392561829,7.857017513794683e-06,9.081308496989085e-05
4.220258050309981e-05,3.3,0.9572063887860859,2.124697360862411,0.9572070658748045,8.441225946128526e-06,0.08028464651873685,7.857021983179106e-06,9.081307440076922e-05
4.230258050309981e-05,3.3,0.9572064291530505,2.124697350181951,0.9572070834429506,8.44122686172703e-06,0.0802846834533496,7.857017511113566e-06,9.08130845799056e-05
4.240258050309981e-05,3.3,0.9572063885972533,2.124697361293272,0.9572070654677018,8.441225908606376e-06,0.0802846464845643,7.857021935129351e-06,9.081307416484371e-05
4.250258050309981e-05,3.3,0.9572064287517815,2.124697350297909,0.9572070832478539,8.441226851769289e-06,0.08028468320789404,7.857017530370221e-06,9.081308446685557e-05
4.260258050309982e-05,3.3,0.9572063893379147,2.124697360845879,0.9572070659533695,8.441225947349575e-06,0.08028464687250442,7.857021928356591e-06,9.081307444627954e-05
4.270258050309982e-05,3.3,0.957206428382821,2.124697350370902,0.9572070832063427,8.441226845547893e-06,0.08028468303193537,7.857017557327003e-06,9.081308444280935e-05
4.280258050309982e-05,3.3,0.9572063891423553,2.124697361376381,0.9572070655085961,8.441225901135239e-06,0.08028464681183495,7.857021880182017e-06,9.081307418852377e-05
4.290258050309982e-05,3.3,0.9572064285312362,2.124697350008013,0.9572070834474272,8.441226877154822e-06,0.08028468299332858,7.857017596624508e-06,9.081308458252702e-05
4.300258050309983e-05,3.3,0.9572063890222551,2.124697361720027,0.9572070652805486,8.441225871195927e-06,0.08028464685711413,7.857021841391955e-06,9.081307405636094e-05
4.310258050309983e-05,3.3,0.9572064289200666,2.124697349339435,0.9572070839858107,8.4412269353407e-06,0.08028468309578161,7.857017649573393e-06,9.081308489452987e-05
4.320258050309983e-05,3.3,0.9572063888856508,2.124697362147545,0.9572070650555751,8.441225833944292e-06,0.080284646901966,7.85702180311029e-06,9.081307392597894e-05
4.330258050309983e-05,3.3,0.9572064281164895,2.124697349829038,0.9572070834143265,8.441226892939459e-06,0.08028468268030155,7.85701764996454e-06,9.081308456336393e-05
4.340258050309984e-05,3.3,0.9572063902548008,2.124697360999472,0.9572070662088505,8.441225933578347e-06,0.08028464758962407,7.857021830133852e-06,9.081307459429386e-05
4.350258050309984e-05,3.3,0.9572064283132723,2.124697349377633,0.9572070837419843,8.441226932251424e-06,0.08028468268846839,7.857017692185737e-06,9.081308475325116e-05
4.360258050309984e-05,3.3,0.95720639066175,2.124697360902715,0.9572070663884037,8.441225941858202e-06,0.08028464781844552,7.857021811873765e-06,9.08130746983357e-05
4.370258050309984e-05,3.3,0.9572064277595127,2.124697349660748,0.9572070834096004,8.441226907768304e-06,0.08028468238426358,7.857017703963598e-06,9.081308456064265e-05
4.380258050309985e-05,3.3,0.9572063903826639,2.124697361446434,0.9572070659248633,8.441225894523725e-06,0.08028464774529277,7.857021763497577e-06,9.081307442970507e-05
4.390258050309985e-05,3.3,0.9572064274733977,2.124697349719735,0.9572070832924527,8.441226902736083e-06,0.08028468218772639,7.857017724601871e-06,9.08130844927651e-05
4.400258050309985e-05,3.3,0.9572063903952012,2.12469736167947,0.9572070657966162,8.441225874183157e-06,0.0802846478301414,7.857021730725678e-06,9.081307435537708e-05
4.410258050309985e-05,3.3,0.9572064263166628,2.124697350728824,0.95720708219414,8.441226815144682e-06,0.08028468152742038,7.857017699847162e-06,9.081308385630036e-05
4.420258050309986e-05,3.3,0.9572063907994844,2.124697361524322,0.9572070660200324,8.441225887559482e-06,0.08028464807744524,7.857021714907768e-06,9.081307448483826e-05
4.430258050309986e-05,3.3,0.9572064259307238,2.124697350840878,0.9572070819858802,8.441226805521625e-06,0.08028468128887127,7.857017716066367e-06,9.081308373562217e-05
4.440258050309986e-05,3.3,0.9572063913127107,2.124697361217742,0.9572070663428224,8.44122591410622e-06,0.08028464837018018,7.857021703959411e-06,9.081307467188697e-05
4.450258050309986e-05,3.3,0.9572064260042297,2.124697350508983,0.9572070823369857,8.441226834454231e-06,0.08028468131244791,7.857017758603566e-06,9.081308393909581e-05
4.460258050309986e-05,3.3,0.9572063911383297,2.124697361662217,0.9572070659783135,8.441225875390084e-06,0.0802846483371995,7.85702166139007e-06,9.081307446064612e-05
4.470258050309987e-05,3.3,0.9572064263484923,2.124697349862771,0.9572070828654499,8.441226890706372e-06,0.08028468142444281,7.857017808468668e-06,9.081308424534968e-05
4.480258050309987e-05,3.3,0.9572063913416018,2.124697361687805,0.9572070660575773,8.441225873075387e-06,0.08028464851116876,7.857021639871332e-06,9.081307450657077e-05
4.490258050309987e-05,3.3,0.9572064262776342,2.124697349637386,0.9572070829571776,8.441226910402917e-06,0.0802846813333917,7.857017837503851e-06,9.081308429851512e-05
4.500258050309987e-05,3.3,0.9572063914077701,2.124697361856704,0.9572070660147088,8.441225858310101e-06,0.08028464862534937,7.857021613088223e-06,9.081307448171948e-05
4.510258050309988e-05,3.3,0.9572064260403621,2.124697349784804,0.9572070826915932,8.441226897634009e-06,0.08028468107502998,7.857017849722705e-06,9.08130841446171e-05
4.520258050309988e-05,3.3,0.9572063925534854,2.1246973609444,0.9572070669697602,8.441225937459789e-06,0.08028464921103058,7.857021632482043e-06,9.081307503516413e-05
4.530258050309988e-05,3.3,0.9572064257776813,2.124697349770596,0.9572070826339247,8.44122689897959e-06,0.08028468091214545,7.85701787208431e-06,9.08130841112061e-05
4.540258050309988e-05,3.3,0.9572063928757574,2.124697360736707,0.9572070672110276,8.44122595545417e-06,0.08028464945761295,7.857021619173394e-06,9.081307517497105e-05
4.550258050309989e-05,3.3,0.9572064251831387,2.124697350086461,0.9572070822923602,8.441226871655459e-06,0.08028468061736883,7.85701788090011e-06,9.081308391327693e-05
4.560258050309989e-05,3.3,0.9572063935368842,2.124697360351857,0.9572070676802845,8.44122598877166e-06,0.08028464980470186,7.857021617761163e-06,9.081307544689812e-05
4.570258050309989e-05,3.3,0.9572064246537049,2.124697350432818,0.957207081913567,8.441226841644118e-06,0.08028468031071692,7.857017886936487e-06,9.081308369377356e-05
4.580258050309989e-05,3.3,0.9572063937253229,2.124697360366834,0.9572070676395079,8.441225987388917e-06,0.08028464992027828,7.857021590968216e-06,9.081307542326087e-05
4.59025805030999e-05,3.3,0.9572064251864979,2.124697349730868,0.9572070825223777,8.441226902684185e-06,0.08028468046585943,7.857017939567427e-06,9.081308404658711e-05
4.60025805030999e-05,3.3,0.9572063938401134,2.124697360369988,0.9572070677737325,8.441225987067529e-06,0.08028465011257749,7.85702157341278e-06,9.081307550103621e-05
4.61025805030999e-05,3.3,0.9572064243822084,2.12469735035215,0.957207081912786,8.441226848792542e-06,0.08028468005119926,7.857017934737531e-06,9.081308369333568e-05
4.62025805030999e-05,3.3,0.9572063939588112,2.124697360511409,0.9572070676508919,8.441225974678922e-06,0.08028465017744135,7.85702154503332e-06,9.081307542984263e-05
4.630258050309991e-05,3.3,0.957206423036367,2.124697351544033,0.9572070807770091,8.441226745326121e-06,0.08028467939177779,7.857017904848724e-06,9.081308303515965e-05
4.640258050309991e-05,3.3,0.9572063941064045,2.124697360556248,0.9572070677076904,8.441225970706769e-06,0.08028465033066513,7.857021524346964e-06,9.081307546275073e-05
4.650258050309991e-05,3.3,0.9572064240152169,2.124697350266366,0.9572070819256511,8.441226856425917e-06,0.08028467980685255,7.857017981561235e-06,9.08130837008056e-05
4.660258050309991e-05,3.3,0.9572063938928962,2.124697361058903,0.9572070672113052,8.441225926929093e-06,0.08028465022499821,7.857021477573734e-06,9.081307517508809e-05
4.670258050309992e-05,3.3,0.9572064227954434,2.12469735128306,0.9572070808911386,8.441226768196409e-06,0.08028467919540715,7.857017956319374e-06,9.081308310131169e-05
4.680258050309992e-05,3.3,0.9572063939177718,2.124697361196548,0.9572070671342987,8.441225914907759e-06,0.08028465031114825,7.85702145139459e-06,9.081307513045527e-05
4.690258050309992e-05,3.3,0.9572064224034105,2.124697351570973,0.9572070805530739,8.441226743229946e-06,0.08028467891208552,7.857017963481383e-06,9.081308290540993e-05
4.700258050309992e-05,3.3,0.9572063946830288,2.124697360626832,0.9572070676905838,8.44122596431542e-06,0.08028465069882185,7.85702145409033e-06,9.081307545281621e-05
4.710258050309993e-05,3.3,0.9572064231596074,2.124697350510196,0.957207081543082,8.4412268354927e-06,0.08028467926192903,7.857018031070165e-06,9.081308347912731e-05
4.720258050309993e-05,3.3,0.9572063944926974,2.124697360984474,0.95720706742165,8.441225933182783e-06,0.08028465069004767,7.857021419815816e-06,9.081307529696186e-05
4.730258050309993e-05,3.3,0.9572064227337903,2.124697350766293,0.9572070811951361,8.441226813316253e-06,0.0802846789750382,7.857018037562164e-06,9.081308327749945e-05
4.740258050309993e-05,3.3,0.957206395009125,2.124697360672336,0.9572070678115181,8.441225960213107e-06,0.080284650995985,7.857021415401768e-06,9.081307552288332e-05
4.750258050309994e-05,3.3,0.9572064224290172,2.124697350930103,0.9572070809495562,8.44122679914439e-06,0.08028467874330066,7.857018047542957e-06,9.081308313519275e-05
4.760258050309994e-05,3.3,0.9572063947568199,2.124697361185065,0.9572070673330542,8.441225915572e-06,0.0802846508864368,7.857021371743533e-06,9.081307524560666e-05
4.770258050309994e-05,3.3,0.957206421758273,2.124697351378167,0.9572070805014514,8.441226760314726e-06,0.08028467841149785,7.85701804897387e-06,9.081308287552247e-05
4.780258050309994e-05,3.3,0.9572063954367582,2.12469736066214,0.9572070678881867,8.44122596093067e-06,0.08028465126405367,7.857021376151591e-06,9.081307556729954e-05
4.790258050309995e-05,3.3,0.9572064227128455,2.124697350182815,0.9572070816207842,8.441226864241114e-06,0.08028467882611146,7.857018121870742e-06,9.081308352418366e-05
4.800258050309995e-05,3.3,0.9572063959425418,2.124697360279983,0.9572070683272469,8.441225994075498e-06,0.08028465158553298,7.857021375430998e-06,9.081307582172849e-05
4.810258050309995e-05,3.3,0.9572064216029875,2.124697351215149,0.9572070805313647,8.44122677460277e-06,0.08028467819543907,7.857018092837129e-06,9.081308289287046e-05
4.820258050309995e-05,3.3,0.9572063963371934,2.124697360076169,0.9572070685427295,8.441226011702224e-06,0.08028465180048633,7.85702136451538e-06,9.081307594659454e-05
4.830258050309995e-05,3.3,0.9572064227604624,2.124697349806066,0.9572070818991923,8.44122689709851e-06,0.08028467872890692,7.857018176977853e-06,9.081308368553409e-05
4.840258050309996e-05,3.3,0.9572063965304465,2.124697360079765,0.9572070686375193,8.441226011310466e-06,0.08028465195748523,7.857021348203383e-06,9.081307600151819e-05
4.850258050309996e-05,3.3,0.957206420617228,2.124697351865728,0.9572070798794701,8.441226718227668e-06,0.08028467766527697,7.85701810368428e-06,9.081308251511009e-05
4.860258050309996e-05,3.3,0.9572063964627463,2.124697360268374,0.9572070685014972,8.441225994879116e-06,0.08028465200646517,7.85702132100676e-06,9.081307592268779e-05
4.870258050309996e-05,3.3,0.9572064218025707,2.124697350471549,0.957207081157953,8.441226839411827e-06,0.08028467815539583,7.857018183880973e-06,9.081308325599783e-05
4.880258050309997e-05,3.3,0.9572063966075636,2.124697360298959,0.957207068506149,8.441225992151638e-06,0.08028465212119959,7.857021300448743e-06,9.081307592537701e-05
4.890258050309997e-05,3.3,0.9572064206462175,2.124697351448073,0.9572070801800525,8.4412267546623e-06,0.08028467758572115,7.857018158488842e-06,9.081308268930991e-05
4.900258050309997e-05,3.3,0.9572063972764144,2.124697359731469,0.9572070690901495,8.441226041403622e-06,0.08028465250414586,7.857021307724664e-06,9.081307626379992e-05
4.910258050309997e-05,3.3,0.9572064220948372,2.124697349772481,0.9572070817582802,8.441226900297412e-06,0.08028467822248234,7.857018251639313e-06,9.08130836039e-05
4.920258050309998e-05,3.3,0.9572063968805132,2.124697360444065,0.957207068438885,8.44122597937921e-06,0.08028465230680966,7.857021257208373e-06,9.081307588638504e-05
4.930258050309998e-05,3.3,0.9572064205950926,2.1246973511801,0.9572070803390993,8.441226778067397e-06,0.08028467744330493,7.857018206002765e-06,9.081308278149027e-05
4.940258050309998e-05,3.3,0.9572063971940793,2.124697360229692,0.9572070686858384,8.441225997959851e-06,0.08028465252852929,7.857021249250194e-06,9.081307602948831e-05
4.950258050309998e-05,3.3,0.9572064214527053,2.124697350066204,0.9572070813597248,8.441226874924959e-06,0.08028467781760786,7.857018273157487e-06,9.08130833729497e-05
4.960258050309999e-05,3.3,0.9572063971794573,2.124697360442447,0.9572070685728229,8.441225979399699e-06,0.08028465258168668,7.857021224363946e-06,9.081307596398899e-05
4.970258050309999e-05,3.3,0.9572064200376943,2.124697351457958,0.9572070800046002,8.44122675404529e-06,0.08028467707497267,7.857018229338767e-06,9.08130825876607e-05
4.980258050309999e-05,3.3,0.957206397748235,2.124697360000223,0.9572070691395456,8.441226017760662e-06,0.08028465295580796,7.857021230986927e-06,9.081307629239994e-05
4.990258050309999e-05,3.3,0.9572064208153571,2.124697350418254,0.9572070809077498,8.44122684446072e-06,0.08028467739987596,7.857018289918663e-06,9.081308311104188e-05
5.00025805031e-05,3.3,0.9572063977868488,2.124697360152817,0.9572070689205912,8.441226004429109e-06,0.08028465295700851,7.857021201511181e-06,9.081307616550987e-05
5.01025805031e-05,3.3,0.9572064206365929,2.124697350415995,0.9572070808463491,8.441226844729949e-06,0.08028467726331517,7.857018306921616e-06,9.081308307546651e-05
5.02025805031e-05,3.3,0.9572063978445148,2.124697360201435,0.9572070690227906,8.441226000163075e-06,0.08028465310509648,7.857021187845376e-06,9.081307622472778e-05
5.03025805031e-05,3.3,0.9572064198203529,2.124697351146247,0.9572070800994827,8.441226781334093e-06,0.08028467680942522,7.85701829099736e-06,9.081308264266279e-05
5.040258050310001e-05,3.3,0.9572063979277042,2.124697360279169,0.9572070689189126,8.441225993346173e-06,0.08028465315714113,7.857021164356932e-06,9.08130761645246e-05
5.050258050310001e-05,3.3,0.9572064198629968,2.124697350933412,0.9572070802729788,8.441226799889795e-06,0.08028467679270652,7.857018317245291e-06,9.081308274321002e-05
5.060258050310001e-05,3.3,0.9572063996200967,2.124697358687404,0.9572070704455405,8.441226131568133e-06,0.08028465397793984,7.857021216639276e-06,9.08130770492018e-05
5.070258050310001e-05,3.3,0.9572064197765265,2.124697350842538,0.9572070802904057,8.441226807854916e-06,0.0802846767020203,7.857018336301562e-06,9.081308275331406e-05
5.080258050310002e-05,3.3,0.9572063996948227,2.124697358767333,0.9572070704385808,8.441226124562986e-06,0.08028465407039236,7.857021198653633e-06,9.081307704516338e-05
5.090258050310002e-05,3.3,0.9572064193764473,2.12469735123745,0.9572070799162611,8.441226773554473e-06,0.08028467642450572,7.857018337587982e-06,9.08130825365016e-05
5.100258050310002e-05,3.3,0.9572063991318045,2.124697359442718,0.957207069793978,8.441226065853023e-06,0.08028465386589664,7.857021150343429e-06,9.08130766716105e-05
5.110258050310002e-05,3.3,0.9572064200128871,2.124697350372478,0.9572070807696506,8.44122684877895e-06,0.08028467672863782,7.857018395385441e-06,9.081308303104676e-05
5.120258050310003e-05,3.3,0.9572063984251724,2.124697360439432,0.9572070688899504,8.44122597916017e-06,0.08028465353544176,7.857021090661777e-06,9.081307614771973e-05
5.130258050310003e-05,3.3,0.9572064173147834,2.124697353088976,0.9572070781008664,8.4412266128136e-06,0.08028467537385715,7.85701828918164e-06,9.081308148449013e-05
5.140258050310003e-05,3.3,0.9572063995752997,2.124697359287995,0.9572070699471759,8.44122607917584e-06,0.08028465413135384,7.857021121782301e-06,9.081307676037858e-05
5.150258050310003e-05,3.3,0.9572064187027433,2.124697351474505,0.9572070796430029,8.44122675313967e-06,0.08028467600415772,7.85701837870931e-06,9.081308237816325e-05
5.160258050310004e-05,3.3,0.9572063989812295,2.124697360047477,0.9572070693044413,8.441226013139674e-06,0.08028465392475921,7.857021074128163e-06,9.081307638790769e-05
5.170258050310004e-05,3.3,0.9572064187946492,2.124697351222772,0.9572070798149613,8.44122677506998e-06,0.08028467599120215,7.85701840404721e-06,9.08130824778194e-05
5.180258050310004e-05,3.3,0.957206399400341,2.124697359763342,0.957207069683563,8.44122603776548e-06,0.08028465419945037,7.857021074053379e-06,9.08130766076042e-05
5.190258050310004e-05,3.3,0.957206418507993,2.1246973512744,0.9572070797283144,8.441226770680404e-06,0.08028467585674819,7.857018417296857e-06,9.081308242761249e-05
5.200258050310004e-05,3.3,0.9572063995424844,2.124697359790079,0.9572070696711805,8.441226035374843e-06,0.08028465428380226,7.857021056825803e-06,9.08130766004236e-05
5.210258050310005e-05,3.3,0.9572064190108507,2.124697350614256,0.9572070803407308,8.441226828084767e-06,0.08028467605399954,7.857018462643963e-06,9.081308278251321e-05
5.220258050310005e-05,3.3,0.9572064001680372,2.124697359294649,0.9572070700982349,8.441226078355919e-06,0.08028465458123588,7.857021058915765e-06,9.08130768478966e-05
5.230258050310005e-05,3.3,0.9572064185302559,2.124697351055176,0.9572070799076289,8.441226789802063e-06,0.08028467576118255,7.857018458881767e-06,9.081308253153574e-05
5.240258050310005e-05,3.3,0.9572064001510232,2.124697359489477,0.9572070700064147,8.441226061361012e-06,0.08028465462540992,7.857021038519071e-06,9.081307679468145e-05
5.250258050310006e-05,3.3,0.9572064182186348,2.124697351218992,0.9572070796857362,8.441226775632616e-06,0.08028467556352156,7.857018465736618e-06,9.081308240295367e-05
5.260258050310006e-05,3.3,0.9572064005945121,2.124697359120378,0.9572070704045745,8.441226093391326e-06,0.08028465490311287,7.857021040415405e-06,9.081307702541057e-05
5.270258050310006e-05,3.3,0.9572064182035059,2.12469735115453,0.9572070798020741,8.441226781264128e-06,0.08028467553014573,7.857018487447277e-06,9.081308247037601e-05
5.280258050310006e-05,3.3,0.9572064006164503,2.124697359242476,0.9572070702773038,8.44122608272749e-06,0.08028465493506215,7.857021017519496e-06,9.081307695165186e-05
5.290258050310007e-05,3.3,0.9572064183715386,2.12469735079,0.9572070801047318,8.44122681300686e-06,0.080284675584932,7.857018517733724e-06,9.081308264577197e-05
5.300258050310007e-05,3.3,0.9572064001708325,2.124697359802146,0.9572070697354903,8.441226034067839e-06,0.08028465476693403,7.857020976215974e-06,9.081307663766568e-05
5.310258050310007e-05,3.3,0.9572064179448221,2.124697351080396,0.9572070797236878,8.441226787838113e-06,0.08028467531478921,7.857018516712992e-06,9.081308242496135e-05
5.320258050310007e-05,3.3,0.9572064010957649,2.124697358943077,0.9572070707307587,8.441226108660704e-06,0.08028465532154867,7.85702100673905e-06,9.081307721441977e-05
5.330258050310008e-05,3.3,0.9572064169624793,2.124697352085515,0.9572070787053518,8.441226700523031e-06,0.08028467475037974,7.857018484945626e-06,9.08130818348396e-05
5.340258050310008e-05,3.3,0.9572064008754938,2.124697359342772,0.9572070702469561,8.441226073870408e-06,0.08028465518274445,7.857020967746353e-06,9.081307693405147e-05
5.350258050310008e-05,3.3,0.9572064170816089,2.124697351715635,0.9572070790195456,8.441226732752483e-06,0.08028467481011375,7.8570185158587e-06,9.08130820169199e-05
5.360258050310008e-05,3.3,0.9572064005591719,2.124697359769094,0.9572070698823835,8.44122603679507e-06,0.08028465509347299,7.857020935559573e-06,9.081307672277656e-05
5.370258050310009e-05,3.3,0.9572064171238508,2.124697351578043,0.957207079209676,8.441226744742505e-06,0.08028467481335261,7.857018540662111e-06,9.081308212710537e-05
5.380258050310009e-05,3.3,0.9572064015527542,2.124697358887826,0.9572070707416385,8.441226113297546e-06,0.08028465558156793,7.857020960167507e-06,9.081307722071062e-05
5.390258050310009e-05,3.3,0.9572064171792642,2.124697351406496,0.9572070793182499,8.441226759690153e-06,0.08028467478259388,7.857018560826791e-06,9.081308219002825e-05
5.400258050310009e-05,3.3,0.9572064022383233,2.124697358173847,0.9572070714273027,8.441226175326006e-06,0.08028465598787972,7.857020976695402e-06,9.081307761804976e-05
5.41025805031001e-05,3.3,0.957206416777667,2.124697351739603,0.9572070789747962,8.441226730783904e-06,0.08028467453847866,7.857018560037284e-06,9.081308199100064e-05
5.42025805031001e-05,3.3,0.9572064020994455,2.124697358467893,0.9572070711796512,8.441226149722072e-06,0.0802846559540309,7.85702094988621e-06,9.081307747453171e-05
5.43025805031001e-05,3.3,0.9572064164319156,2.124697351981467,0.957207078794542,8.441226709817275e-06,0.08028467437085168,7.857018566933299e-06,9.08130818865466e-05
5.44025805031001e-05,3.3,0.9572064026257331,2.124697358072977,0.9572070715275683,8.441226183971862e-06,0.08028465620311637,7.85702095034174e-06,9.081307767614592e-05
5.450258050310011e-05,3.3,0.9572064167927702,2.12469735149322,0.9572070791962943,8.441226752278296e-06,0.08028467447499034,7.857018601331578e-06,9.081308211936659e-05
5.460258050310011e-05,3.3,0.9572064022009302,2.124697358649158,0.9572070710129257,8.441226133863038e-06,0.08028465604104776,7.857020911558451e-06,9.081307737790587e-05
5.470258050310011e-05,3.3,0.9572064169418928,2.124697351274897,0.9572070794276812,8.441226771270093e-06,0.0802846745061679,7.857018626476827e-06,9.081308225345944e-05
5.480258050310011e-05,3.3,0.9572064013275514,2.124697359627605,0.9572070700972527,8.441226048831588e-06,0.08028465568827416,7.857020854437285e-06,9.08130768472681e-05
5.490258050310012e-05,3.3,0.9572064156717225,2.124697352447176,0.9572070783872659,8.441226669484432e-06,0.08028467393734864,7.857018592608484e-06,9.081308165054266e-05
5.500258050310012e-05,3.3,0.9572064014641403,2.124697359578771,0.9572070701606687,8.441226053037697e-06,0.08028465579676838,7.857020842874408e-06,9.081307688401332e-05
5.510258050310012e-05,3.3,0.9572064154784635,2.124697352598767,0.9572070781709463,8.441226656334134e-06,0.08028467375756564,7.857018596905155e-06,9.08130815251894e-05
5.520258050310012e-05,3.3,0.957206401925506,2.124697359267333,0.9572070704780805,8.44122608002898e-06,0.08028465602388195,7.857020843324167e-06,9.081307706794957e-05
5.530258050310013e-05,3.3,0.9572064155555431,2.124697352391665,0.9572070783915594,8.441226674375594e-06,0.0802846737836152,7.857018621558108e-06,9.081308165303888e-05
5.540258050310013e-05,3.3,0.9572064024575601,2.124697358771919,0.9572070709415542,8.441226123046216e-06,0.08028465632004034,7.85702085052137e-06,9.081307733652889e-05
5.550258050310013e-05,3.3,0.9572064154029758,2.124697352400684,0.9572070784152058,8.441226673650401e-06,0.0802846737165895,7.857018637099345e-06,9.081308166674569e-05
5.560258050310013e-05,3.3,0.9572064019188005,2.124697359416638,0.957207070335263,8.441226067002462e-06,0.08028465610967779,7.857020808411654e-06,9.08130769851793e-05
5.570258050310013e-05,3.3,0.9572064155381437,2.124697352163507,0.9572070785696093,8.44122669429304e-06,0.08028467371545324,7.857018657909581e-06,9.081308175622699e-05
5.580258050310014e-05,3.3,0.9572064022190543,2.124697359242,0.957207070565731,8.4412260821209e-06,0.08028465629349142,7.857020805257929e-06,9.081307711873153e-05
5.590258050310014e-05,3.3,0.9572064149861225,2.124697352614042,0.9572070781002374,8.441226655200106e-06,0.08028467341629796,7.85701865046696e-06,9.081308148422959e-05
5.600258050310014e-05,3.3,0.9572064023256104,2.124697359191032,0.9572070706057724,8.441226086525443e-06,0.08028465638949475,7.857020792875572e-06,9.08130771419311e-05
5.610258050310014e-05,3.3,0.957206416336915,2.124697351112185,0.9572070795066696,8.441226785714275e-06,0.08028467400858641,7.857018728888657e-06,9.081308229926265e-05
5.620258050310015e-05,3.3,0.9572064025775802,2.124697359072852,0.9572070707937576,8.44122609673654e-06,0.08028465655230385,7.857020787929893e-06,9.081307725086459e-05
5.630258050310015e-05,3.3,0.9572064161356395,2.124697351266712,0.9572070793663378,8.441226772310934e-06,0.08028467386888537,7.857018735949505e-06,9.081308221794443e-05
5.640258050310015e-05,3.3,0.9572064025249438,2.124697359213087,0.9572070707292178,8.441226084519884e-06,0.08028465659560964,7.85702077133141e-06,9.081307721345943e-05
5.650258050310015e-05,3.3,0.9572064153858063,2.124697351932914,0.9572070787208308,8.441226714477906e-06,0.08028467349146129,7.85701871944842e-06,9.081308184387704e-05
5.660258050310016e-05,3.3,0.9572064032998077,2.124697358514803,0.9572070714396942,8.44122614514258e-06,0.08028465700401632,7.857020790794946e-06,9.081307762517656e-05
5.670258050310016e-05,3.3,0.9572064148440412,2.124697352445226,0.9572070781423557,8.441226669990062e-06,0.08028467314627265,7.857018705926344e-06,9.081308150865402e-05
5.680258050310016e-05,3.3,0.9572064037538436,2.124697358125087,0.9572070717996585,8.441226178967663e-06,0.08028465724686125,7.857020794015254e-06,9.081307783377295e-05
5.690258050310016e-05,3.3,0.9572064153918456,2.124697351740664,0.9572070787861295,8.44122673125243e-06,0.0802846733762446,7.857018749413903e-06,9.081308188172434e-05
5.700258050310017e-05,3.3,0.9572064033291627,2.124697358671546,0.957207071268496,8.441226131452311e-06,0.08028465706617598,7.85702075645311e-06,9.081307752596046e-05
5.710258050310017e-05,3.3,0.9572064150646138,2.124697351970174,0.9572070785682605,8.441226711356671e-06,0.08028467320586632,7.857018751784777e-06,9.08130817554732e-05
5.720258050310017e-05,3.3,0.9572064037378774,2.124697358287281,0.957207071687609,8.441226164819973e-06,0.08028465732830524,7.857020764023167e-06,9.081307776883265e-05
5.730258050310017e-05,3.3,0.9572064149414573,2.124697352014852,0.9572070784567035,8.441226707507599e-06,0.08028467308475408,7.857018759236604e-06,9.081308169082935e-05
5.740258050310018e-05,3.3,0.9572064040152459,2.124697358054125,0.9572070718816444,8.441226185054148e-06,0.08028465749176883,7.857020759742137e-06,9.081307788127285e-05
5.750258050310018e-05,3.3,0.9572064149738234,2.124697351903297,0.9572070786112349,8.441226717229364e-06,0.08028467308663252,7.857018779534523e-06,9.081308178038357e-05
5.760258050310018e-05,3.3,0.9572064038322148,2.124697358395589,0.9572070715901966,8.44122615533007e-06,0.08028465741988566,7.857020734107073e-06,9.081307771237545e-05
5.770258050310018e-05,3.3,0.9572064151606757,2.124697351586568,0.9572070788644954,8.441226744793446e-06,0.0802846731360789,7.857018804208883e-06,9.081308192715225e-05
5.780258050310019e-05,3.3,0.9572064039923892,2.124697358322004,0.9572070716811034,8.44122616168659e-06,0.08028465753178907,7.85702072558694e-06,9.081307776505236e-05
5.790258050310019e-05,3.3,0.9572064144637527,2.124697352329015,0.9572070781378845,8.441226680285571e-06,0.08028467272364101,7.857018783340947e-06,9.081308150608395e-05
5.800258050310019e-05,3.3,0.9572064046696604,2.124697357720009,0.957207072260013,8.441226213945919e-06,0.0802846578723355,7.85702074000484e-06,9.081307810052807e-05
5.810258050310019e-05,3.3,0.9572064145910995,2.124697352106498,0.9572070784097212,8.44122669965208e-06,0.08028467278678902,7.857018807991747e-06,9.081308166361684e-05
5.82025805031002e-05,3.3,0.9572064049946966,2.124697357462999,0.9572070725084201,8.441226236242708e-06,0.08028465805542914,7.857020739365677e-06,9.081307824447654e-05
5.83025805031002e-05,3.3,0.9572064145798178,2.124697351969379,0.9572070785789021,8.441226711622509e-06,0.08028467279839102,7.857018828447552e-06,9.081308176166057e-05
5.84025805031002e-05,3.3,0.9572064051976809,2.124697357359432,0.9572070725789996,8.441226245198265e-06,0.0802846581576197,7.85702072991436e-06,9.081307828537467e-05
5.85025805031002e-05,3.3,0.9572064145521635,2.124697351878174,0.9572070786321955,8.441226719592696e-06,0.08028467275840039,7.85701884293954e-06,9.081308179254713e-05
5.860258050310021e-05,3.3,0.9572064044963166,2.124697358115028,0.9572070719299858,8.441226179544384e-06,0.08028465791470672,7.857020688125911e-06,9.081307790926714e-05
5.870258050310021e-05,3.3,0.9572064137142852,2.124697352770148,0.9572070777772848,8.441226642093255e-06,0.08028467229655341,7.857018814069243e-06,9.081308129712825e-05
5.880258050310021e-05,3.3,0.9572064045018543,2.124697358137681,0.9572070718258254,8.441226177565134e-06,0.08028465793046119,7.857020671289883e-06,9.081307784890308e-05
5.890258050310021e-05,3.3,0.9572064144689275,2.124697351928157,0.9572070785425263,8.441226715265084e-06,0.08028467259086641,7.857018861892777e-06,9.081308174059023e-05
5.900258050310021e-05,3.3,0.9572064046209513,2.124697358080378,0.9572070719162313,8.441226182517298e-06,0.08028465803907832,7.857020663313453e-06,9.081307790128987e-05
5.910258050310022e-05,3.3,0.9572064141741875,2.124697352087914,0.9572070783667147,8.441226701442962e-06,0.08028467244404203,7.857018865523306e-06,9.081308163871076e-05
5.920258050310022e-05,3.3,0.9572064044132433,2.12469735838692,0.957207071648634,8.441226155850712e-06,0.0802846579749826,7.857020639423489e-06,9.081307774621355e-05
5.930258050310022e-05,3.3,0.9572064143025505,2.124697351834718,0.957207078529833,8.441226723486308e-06,0.08028467245876107,7.857018884567942e-06,9.081308173324101e-05
5.940258050310022e-05,3.3,0.9572064050230545,2.124697357816508,0.9572070722463444,8.441226205381101e-06,0.080284658316684,7.857020656148793e-06,9.081307809258428e-05
5.950258050310023e-05,3.3,0.9572064139946697,2.124697352118861,0.9572070782737125,8.441226698815313e-06,0.08028467227788433,7.857018883772571e-06,9.081308158482241e-05
5.960258050310023e-05,3.3,0.9572064055087119,2.124697357392467,0.9572070726164776,8.441226242188842e-06,0.08028465855377274,7.857020661784183e-06,9.081307830707351e-05
5.970258050310023e-05,3.3,0.9572064137776897,2.124697352271461,0.9572070782212959,8.441226685586364e-06,0.08028467219170403,7.85701889270888e-06,9.081308155444961e-05
5.980258050310023e-05,3.3,0.9572064054473494,2.124697357507271,0.9572070724931447,8.441226232194995e-06,0.08028465855720895,7.857020644678762e-06,9.081307823559896e-05
5.990258050310024e-05,3.3,0.957206413806876,2.12469735218759,0.9572070782675096,8.441226692893753e-06,0.08028467215446233,7.857018905748408e-06,9.08130815812336e-05
6.000258050310024e-05,3.3,0.9572064052205863,2.124697357839965,0.9572070722298668,8.441226203253885e-06,0.08028465849159964,7.857020621652023e-06,9.081307808302584e-05
6.010258050310024e-05,3.3,0.9572064135859617,2.12469735241073,0.9572070780105595,8.441226673510873e-06,0.08028467196996389,7.85701890549591e-06,9.081308143233348e-05
6.020258050310024e-05,3.3,0.9572064050351443,2.124697358103928,0.9572070719474045,8.441226180293901e-06,0.08028465841806869,7.857020597506583e-06,9.081307791933614e-05
6.030258050310025e-05,3.3,0.957206413726577,2.124697352139559,0.9572070782490031,8.441226697118086e-06,0.08028467202678045,7.857018926838888e-06,9.081308157051494e-05
6.040258050310025e-05,3.3,0.9572064058327762,2.124697357339802,0.9572070727755987,8.44122624665294e-06,0.08028465886828455,7.857020624981452e-06,9.081307839927199e-05
6.050258050310025e-05,3.3,0.9572064139363483,2.124697351801195,0.9572070785912444,8.441226726560767e-06,0.0802846721263389,7.857018954156776e-06,9.081308176884735e-05
6.060258050310025e-05,3.3,0.9572064056869342,2.124697357606048,0.9572070725137449,8.441226223477667e-06,0.08028465880243889,7.857020602173992e-06,9.081307824752434e-05
6.070258050310026e-05,3.3,0.9572064137223362,2.1246973520614,0.9572070783210236,8.4412267039408e-06,0.08028467194445997,7.857018951655528e-06,9.081308161225679e-05
6.080258050310026e-05,3.3,0.9572064060030013,2.124697357321015,0.9572070727780464,8.441226248223289e-06,0.0802846589855531,7.85702060365082e-06,9.081307840068464e-05
6.090258050310026e-05,3.3,0.9572064136025867,2.12469735205081,0.9572070783565355,8.441226704913344e-06,0.080284671900389,7.857018964540107e-06,9.081308163283902e-05
6.100258050310026e-05,3.3,0.9572064053591041,2.124697358054347,0.9572070720972903,8.441226184488901e-06,0.08028465871768346,7.857020562219004e-06,9.081307800618304e-05
6.110258050310026e-05,3.3,0.957206413743372,2.124697351869117,0.9572070784147061,8.441226720712185e-06,0.08028467187410773,7.857018977134164e-06,9.081308166655266e-05
6.120258050310026e-05,3.3,0.9572064067361084,2.124697356654316,0.9572070734315553,8.441226306106136e-06,0.080284659403227,7.857020613789438e-06,9.081307877938773e-05
6.130258050310026e-05,3.3,0.9572064130393194,2.124697352569839,0.957207077905088,8.441226659848396e-06,0.08028467157676913,7.857018964028421e-06,9.081308137123093e-05
6.140258050310027e-05,3.3,0.9572064060603507,2.12469735742835,0.9572070727233555,8.44122623883297e-06,0.08028465912737215,7.857020570172511e-06,9.081307836898326e-05
6.150258050310027e-05,3.3,0.9572064133782912,2.124697352116454,0.9572070782798557,8.441226699276077e-06,0.08028467169757307,7.857018991748755e-06,9.08130815884117e-05
6.160258050310027e-05,3.3,0.9572064068128537,2.124697356724846,0.9572070733766427,8.441226299920009e-06,0.08028465948751812,7.857020590896079e-06,9.081307874756069e-05
6.170258050310027e-05,3.3,0.9572064133939302,2.124697352100687,0.957207078335662,8.441226700646078e-06,0.08028467166723469,7.857019004810925e-06,9.081308162075383e-05
6.180258050310028e-05,3.3,0.9572064064710599,2.124697357099483,0.9572070729803613,8.441226267365346e-06,0.08028465935701769,7.85702056207128e-06,9.081307851791268e-05
6.190258050310028e-05,3.3,0.9572064128862255,2.124697352549216,0.9572070778782942,8.441226661710259e-06,0.08028467139945998,7.857018993179425e-06,9.081308135571185e-05
6.200258050310028e-05,3.3,0.9572064061301742,2.124697357531911,0.9572070725416958,8.441226229767017e-06,0.08028465920238032,7.857020532046303e-06,9.081307826370295e-05
6.210258050310028e-05,3.3,0.9572064127863639,2.124697352554348,0.9572070778311041,8.441226661302878e-06,0.08028467132467894,7.857019000677201e-06,9.081308132836753e-05
6.220258050310029e-05,3.3,0.9572064065734252,2.124697357077659,0.9572070729867689,8.441226269227953e-06,0.08028465946815157,7.857020542402778e-06,9.081307852162076e-05
6.230258050310029e-05,3.3,0.9572064131909526,2.124697352149486,0.957207078235832,8.441226696470028e-06,0.08028467146058234,7.857019029627484e-06,9.081308156291006e-05
6.240258050310029e-05,3.3,0.9572064057875281,2.124697358020796,0.9572070721553949,8.441226187242453e-06,0.08028465912610255,7.85702049456899e-06,9.081307803983578e-05
6.25025805031003e-05,3.3,0.9572064129146833,2.124697352353114,0.95720707794243,8.441226678812252e-06,0.08028467126854784,7.857019025887197e-06,9.08130813928868e-05
6.26025805031003e-05,3.3,0.957206405913816,2.124697357915831,0.9572070722777732,8.44122619635084e-06,0.08028465923592906,7.857020490634864e-06,9.081307811075128e-05
6.27025805031003e-05,3.3,0.9572064122119774,2.124697353048879,0.9572070772761022,8.441226618380461e-06,0.0802846709024645,7.857019004513186e-06,9.08130810067521e-05
6.28025805031003e-05,3.3,0.9572064063078283,2.124697357604094,0.9572070726173233,8.441226223395362e-06,0.08028465944698436,7.857020497011467e-06,9.081307830751821e-05
6.29025805031003e-05,3.3,0.9572064121389374,2.124697353048262,0.9572070773330328,8.441226618463936e-06,0.08028467087945558,7.857019016376994e-06,9.081308103974585e-05
6.30025805031003e-05,3.3,0.9572064060965867,2.1246973578383,0.9572070723630233,8.441226203042482e-06,0.08028465938028859,7.857020475364854e-06,9.081307816014872e-05
6.310258050310031e-05,3.3,0.957206412785175,2.124697352274218,0.9572070780414191,8.441226685749933e-06,0.08028467116275774,7.85701905864486e-06,9.081308145025916e-05
6.320258050310031e-05,3.3,0.9572064067891835,2.124697357155112,0.9572070730337423,8.441226262380823e-06,0.08028465974561766,7.857020497467845e-06,9.08130785488278e-05
6.330258050310031e-05,3.3,0.9572064125343842,2.124697352513822,0.957207077793417,8.441226664942547e-06,0.08028467099656357,7.857019056213927e-06,9.081308130654361e-05
6.340258050310032e-05,3.3,0.9572064066076628,2.124697357404233,0.9572070727638653,8.441226240714362e-06,0.080284659668626,7.85702047564192e-06,9.081307839243156e-05
6.350258050310032e-05,3.3,0.9572064121852689,2.124697352813523,0.9572070775021924,8.441226638930458e-06,0.08028467081300712,7.85701905122191e-06,9.081308113778131e-05
6.360258050310032e-05,3.3,0.9572064063912655,2.124697357707211,0.9572070725630442,8.441226214362291e-06,0.0802846596213631,7.85702045757485e-06,9.0813078276053e-05
6.370258050310032e-05,3.3,0.9572064118344508,2.124697353129581,0.9572070771901013,8.441226611491512e-06,0.080284670614503,7.857019046200987e-06,9.081308095692697e-05
6.380258050310032e-05,3.3,0.9572064067037647,2.124697357401006,0.9572070728317793,8.441226240956675e-06,0.08028465979647034,7.857020461118366e-06,9.081307843178272e-05
6.390258050310033e-05,3.3,0.9572064118452345,2.124697353123406,0.9572070772321277,8.441226612026174e-06,0.08028467058602139,7.857019057079863e-06,9.081308098128343e-05
6.400258050310033e-05,3.3,0.9572064066656587,2.124697357452898,0.9572070727261588,8.441226236443603e-06,0.08028465979556197,7.857020447170417e-06,9.081307837057395e-05
6.410258050310033e-05,3.3,0.9572064115078803,2.124697353417257,0.957207076961755,8.441226586519917e-06,0.08028467040972409,7.857019053533997e-06,9.081308082460416e-05
6.420258050310033e-05,3.3,0.957206406692528,2.124697357512488,0.9572070726651585,8.44122623123242e-06,0.0802846598161168,7.857020435229654e-06,9.081307833522207e-05
6.430258050310034e-05,3.3,0.9572064114333497,2.124697353496007,0.9572070768910588,8.441226579678042e-06,0.08028467032937461,7.857019058931904e-06,9.081308078363847e-05
6.440258050310034e-05,3.3,0.9572064067084233,2.124697357494832,0.9572070727212958,8.441226232766515e-06,0.08028465989165144,7.857020428787737e-06,9.08130783677514e-05
6.450258050310034e-05,3.3,0.9572064116328992,2.124697353217167,0.9572070771944661,8.44122660393063e-06,0.08028467042687704,7.857019081449212e-06,9.081308095946519e-05
6.460258050310034e-05,3.3,0.9572064066954964,2.124697357600447,0.9572070726222032,8.441226223555069e-06,0.08028465989186065,7.857020415518293e-06,9.08130783103249e-05
6.470258050310035e-05,3.3,0.957206412250786,2.124697352563624,0.9572070777631106,8.441226660712657e-06,0.08028467064931144,7.857019116291821e-06,9.081308128899776e-05
6.480258050310035e-05,3.3,0.957206406819746,2.124697357494051,0.9572070727314033,8.441226232789236e-06,0.080284659988222,7.85702041230715e-06,9.08130783736036e-05
6.490258050310035e-05,3.3,0.9572064120780379,2.124697352615908,0.9572070776650321,8.441226656220049e-06,0.08028467055655071,7.85701912031291e-06,9.081308123216332e-05
6.500258050310035e-05,3.3,0.9572064072910703,2.124697356997933,0.9572070732109215,8.441226275892276e-06,0.08028466025750461,7.857020426612112e-06,9.081307865148245e-05
6.510258050310036e-05,3.3,0.9572064115511382,2.124697353157727,0.9572070771724078,8.441226609151336e-06,0.0802846702797245,7.857019105657502e-06,9.081308094668962e-05
6.520258050310036e-05,3.3,0.9572064071876113,2.124697357151387,0.9572070730744381,8.44122626254282e-06,0.080284660239094,7.85702041179042e-06,9.081307857238777e-05
6.530258050310036e-05,3.3,0.9572064116441699,2.124697352985672,0.9572070772553712,8.441226624128283e-06,0.08028467027134005,7.857019118263428e-06,9.081308099476931e-05
6.540258050310036e-05,3.3,0.9572064076053062,2.124697356782622,0.9572070734238389,8.441226294554094e-06,0.08028466045197094,7.857020419136484e-06,9.081307877486411e-05
6.550258050310037e-05,3.3,0.9572064121511611,2.124697352376051,0.9572070778913059,8.441226677122357e-06,0.08028467052943113,7.85701915553285e-06,9.081308136329605e-05
6.560258050310037e-05,3.3,0.9572064071189492,2.124697357298596,0.957207072957773,8.44122624972389e-06,0.080284660272925,7.857020389971454e-06,9.081307850477568e-05
6.570258050310037e-05,3.3,0.957206411639176,2.124697352914424,0.9572070773484072,8.441226630348263e-06,0.08028467023048842,7.857019138236144e-06,9.081308104868804e-05
6.580258050310037e-05,3.3,0.9572064078596578,2.124697356607556,0.957207073642138,8.441226309727978e-06,0.08028466064369127,7.857020412895798e-06,9.081307890136356e-05
6.590258050310038e-05,3.3,0.9572064123995582,2.124697352068639,0.9572070781584799,8.44122670384875e-06,0.08028467056752903,7.857019184166101e-06,9.081308151812824e-05
6.600258050310038e-05,3.3,0.9572064072575067,2.124697357257344,0.9572070730080642,8.441226253267247e-06,0.08028466038497042,7.857020376000083e-06,9.081307853391528e-05
6.610258050310038e-05,3.3,0.9572064116159017,2.124697352863962,0.9572070773547198,8.441226634761589e-06,0.08028467014456284,7.857019154934804e-06,9.081308105235076e-05
6.620258050310038e-05,3.3,0.957206407808572,2.12469735677511,0.9572070735227854,8.441226295126546e-06,0.08028466067080789,7.857020391961046e-06,9.081307883219424e-05
6.630258050310039e-05,3.3,0.9572064114905946,2.124697352970005,0.9572070772599668,8.441226625558678e-06,0.08028467005691124,7.857019158469175e-06,9.081308099744341e-05
6.640258050310039e-05,3.3,0.9572064068399347,2.124697357820312,0.9572070724913561,8.441226204307987e-06,0.0802846602251643,7.857020336519941e-06,9.081307823447821e-05
6.650258050310039e-05,3.3,0.9572064115687839,2.124697352837797,0.957207077331041,8.441226637064541e-06,0.08028467004709428,7.85701916975899e-06,9.08130810386334e-05
6.660258050310039e-05,3.3,0.9572064077205644,2.12469735686574,0.9572070734399862,8.441226287252716e-06,0.08028466071740506,7.857020372302108e-06,9.081307878420748e-05
6.67025805031004e-05,3.3,0.9572064109697995,2.124697353402008,0.9572070768288717,8.441226588070802e-06,0.08028466977170243,7.85701915356727e-06,9.081308074762728e-05
6.68025805031004e-05,3.3,0.9572064080991461,2.124697356579169,0.9572070737283874,8.441226312107491e-06,0.08028466089203316,7.857020378569191e-06,9.081307895133505e-05
6.69025805031004e-05,3.3,0.9572064118884968,2.124697352427542,0.9572070777838014,8.441226672736695e-06,0.0802846701798604,7.857019205712437e-06,9.08130813010123e-05
6.70025805031004e-05,3.3,0.9572064080812952,2.12469735662565,0.9572070737266748,8.441226308058128e-06,0.08028466093102783,7.857020371149837e-06,9.081307895034053e-05
6.71025805031004e-05,3.3,0.9572064115842228,2.124697352668699,0.9572070774892106,8.441226651815315e-06,0.08028466999942123,7.857019199680002e-06,9.081308113029867e-05
6.720258050310041e-05,3.3,0.9572064080015903,2.124697356752391,0.9572070735697532,8.441226297030144e-06,0.08028466090071816,7.857020355785914e-06,9.0813078859402e-05
6.730258050310041e-05,3.3,0.9572064112751387,2.124697352967238,0.9572070772473189,8.441226625888326e-06,0.08028466984577963,7.857019195761845e-06,9.081308099012411e-05
6.740258050310041e-05,3.3,0.9572064081544532,2.124697356545417,0.9572070737504554,8.441226315029448e-06,0.08028466101816659,7.857020358221932e-06,9.081307896411777e-05
6.750258050310041e-05,3.3,0.9572064112142493,2.124697353074834,0.957207077164674,8.441226616523912e-06,0.08028466976652465,7.857019199365465e-06,9.081308094223276e-05
6.760258050310042e-05,3.3,0.957206408292232,2.124697356453609,0.9572070737693115,8.441226322985356e-06,0.08028466106970321,7.857020351208037e-06,9.081307897504269e-05
6.770258050310042e-05,3.3,0.957206411245077,2.124697353003457,0.9572070772404734,8.441226622740352e-06,0.08028466976327754,7.857019210087701e-06,9.081308098616074e-05
6.780258050310042e-05,3.3,0.9572064083019018,2.124697356447114,0.9572070738335127,8.441226323548001e-06,0.08028466113523866,7.857020347692406e-06,9.081307901224602e-05
6.790258050310042e-05,3.3,0.9572064114769578,2.124697352737223,0.957207077476192,8.441226645879903e-06,0.08028466983333467,7.857019228620857e-06,9.081308112276177e-05
6.800258050310043e-05,3.3,0.9572064086326936,2.124697356211743,0.9572070740240747,8.44122634395383e-06,0.08028466126547491,7.857020349081404e-06,9.081307912267486e-05
6.810258050310043e-05,3.3,0.9572064111973089,2.124697352960183,0.9572070772855454,8.441226626536433e-06,0.08028466970664874,7.857019226562812e-06,9.081308101228314e-05
6.820258050310043e-05,3.3,0.9572064084947843,2.124697356306085,0.9572070739049968,8.441226335776431e-06,0.08028466124635891,7.857020336704501e-06,9.081307905366752e-05
6.830258050310043e-05,3.3,0.9572064115845214,2.124697352549632,0.957207077682048,8.441226662206952e-06,0.08028466985701002,7.857019251742622e-06,9.081308124205853e-05
6.840258050310044e-05,3.3,0.957206408314939,2.124697356588725,0.957207073694593,8.441226311184317e-06,0.08028466118571122,7.857020319823172e-06,9.081307893173586e-05
6.850258050310044e-05,3.3,0.9572064115087171,2.124697352630217,0.957207077545032,8.441226655205473e-06,0.08028466975276287,7.857019252682508e-06,9.08130811626598e-05
6.860258050310044e-05,3.3,0.9572064090129506,2.12469735590091,0.9572070743387028,8.441226370924277e-06,0.08028466152671779,7.85702034285757e-06,9.081307930499633e-05
6.870258050310044e-05,3.3,0.9572064108731853,2.124697353175348,0.957207076953336,8.4412266078915e-06,0.08028466943655678,7.857019232046876e-06,9.0813080819773e-05
6.880258050310045e-05,3.3,0.9572064083465454,2.124697356626462,0.9572070736686042,8.44122630787819e-06,0.08028466124549632,7.857020305315991e-06,9.081307891667239e-05
6.890258050310045e-05,3.3,0.9572064118064433,2.124697352265061,0.9572070779434595,8.441226686951063e-06,0.08028466986669018,7.857019284856819e-06,9.081308139355219e-05
6.900258050310045e-05,3.3,0.9572064074827278,2.124697357490088,0.9572070728619643,8.441226232862352e-06,0.080284660902912,7.857020260872071e-06,9.081307844922148e-05
6.910258050310045e-05,3.3,0.9572064103678862,2.124697353673948,0.9572070765464594,8.441226564585941e-06,0.08028466917577388,7.85701922589034e-06,9.08130805839923e-05
6.920258050310046e-05,3.3,0.9572064082298473,2.124697356733324,0.9572070735486886,8.441226298599335e-06,0.08028466126131467,7.857020286378713e-06,9.08130788471767e-05
6.930258050310046e-05,3.3,0.9572064116998548,2.124697352264803,0.957207077876317,8.441226687017196e-06,0.0802846697665575,7.85701929436691e-06,9.081308135464718e-05
6.940258050310046e-05,3.3,0.9572064086649139,2.12469735631917,0.9572070739912767,8.441226334564478e-06,0.08028466150878873,7.85702029979027e-06,9.081307910365501e-05
6.950258050310046e-05,3.3,0.9572064114666706,2.124697352470896,0.9572070776361843,8.44122666912689e-06,0.08028466961480583,7.857019290313465e-06,9.08130812154921e-05
6.960258050310047e-05,3.3,0.9572064087636308,2.124697356256033,0.9572070741311384,8.441226340033866e-06,0.08028466161023588,7.857020299751713e-06,9.081307918470282e-05
6.970258050310047e-05,3.3,0.9572064116566034,2.124697352292273,0.957207077791197,8.441226684637992e-06,0.08028466965466215,7.857019303648679e-06,9.081308130532362e-05
6.980258050310047e-05,3.3,0.9572064087831144,2.124697356278155,0.9572070740884187,8.44122633809546e-06,0.08028466162613146,7.857020291107512e-06,9.081307915994467e-05
6.990258050310047e-05,3.3,0.9572064110512605,2.124697352847161,0.9572070773084413,8.441226636460515e-06,0.0802846693907606,7.857019287929402e-06,9.081308102556884e-05
7.000258050310048e-05,3.3,0.957206408579506,2.12469735654916,0.9572070737947305,8.441226314528168e-06,0.08028466151919023,7.85702027163109e-06,9.081307898975102e-05
7.010258050310048e-05,3.3,0.9572064100645031,2.124697353877702,0.9572070763356243,8.441226546929199e-06,0.08028466889888025,7.857019248862979e-06,9.081308046182183e-05
7.020258050310048e-05,3.3,0.9572064093808507,2.124697355655431,0.9572070746586344,8.441226392195602e-06,0.08028466196324613,7.857020304991986e-06,9.081307949038277e-05
7.030258050310048e-05,3.3,0.957206410942379,2.124697352934995,0.9572070771474196,8.441226628840038e-06,0.08028466924657437,7.857019293033845e-06,9.081308093225856e-05
7.040258050310049e-05,3.3,0.957206408438443,2.124697356753296,0.9572070736457068,8.441226296770901e-06,0.08028466151848965,7.85702025187418e-06,9.081307890338862e-05
7.050258050310049e-05,3.3,0.9572064101567502,2.124697353708897,0.9572070764978126,8.441226561623111e-06,0.08028466890677377,7.857019269060676e-06,9.081308055581305e-05
7.060258050310049e-05,3.3,0.9572064086850908,2.12469735652732,0.9572070738152353,8.441226316390834e-06,0.08028466163298477,7.857020253358702e-06,9.081307900162928e-05
7.070258050310049e-05,3.3,0.9572064098658054,2.124697353992588,0.9572070761195421,8.441226536984391e-06,0.08028466869562256,7.857019257515737e-06,9.081308033660615e-05
7.08025805031005e-05,3.3,0.9572064088712383,2.124697356281321,0.9572070739956785,8.441226337782563e-06,0.08028466175046586,7.857020255746854e-06,9.081307910619512e-05
7.09025805031005e-05,3.3,0.95720641014607,2.124697353692204,0.957207076499857,8.441226563084561e-06,0.08028466884171559,7.85701928134245e-06,9.081308055699995e-05
7.10025805031005e-05,3.3,0.9572064085169376,2.124697356655999,0.9572070736623367,8.44122630522921e-06,0.08028466162475671,7.857020234455783e-06,9.081307891302203e-05
7.11025805031005e-05,3.3,0.9572064097255196,2.124697354188976,0.9572070761084303,8.441226519903865e-06,0.08028466862226784,7.85701926961713e-06,9.081308033016908e-05
7.12025805031005e-05,3.3,0.9572064079907366,2.124697357224516,0.9572070730288235,8.441226255829735e-06,0.08028466135963559,7.857020198800141e-06,9.081307854589936e-05
7.130258050310051e-05,3.3,0.9572064097985266,2.124697354079473,0.9572070761576813,8.441226529430431e-06,0.0802846686143246,7.857019277647154e-06,9.08130803587122e-05
7.140258050310051e-05,3.3,0.9572064079220078,2.12469735734356,0.957207072984168,8.441226245469038e-06,0.08028466137199904,7.857020190571132e-06,9.081307852001976e-05
7.150258050310051e-05,3.3,0.9572064098623668,2.124697353925733,0.9572070763151491,8.441226542820828e-06,0.08028466865922725,7.85701929038497e-06,9.081308044996662e-05
7.160258050310051e-05,3.3,0.9572064083972208,2.124697356924925,0.9572070734279232,8.441226281809053e-06,0.08028466161171097,7.857020205570477e-06,9.081307877717462e-05
7.170258050310052e-05,3.3,0.9572064098589961,2.124697353965902,0.9572070762474466,8.441226539317229e-06,0.08028466859192891,7.857019293763682e-06,9.081308041073428e-05
7.180258050310052e-05,3.3,0.9572064085711883,2.124697356665871,0.957207073642523,8.441226304344916e-06,0.08028466174564199,7.857020209487293e-06,9.081307890153392e-05
7.190258050310052e-05,3.3,0.9572064103643505,2.124697353342948,0.9572070767381594,8.441226593475335e-06,0.08028466879251266,7.857019322223339e-06,9.081308069510411e-05
7.200258050310052e-05,3.3,0.9572064084222381,2.124697356885521,0.9572070734891707,8.441226285236992e-06,0.08028466170384602,7.857020196741816e-06,9.081307881266462e-05
7.210258050310053e-05,3.3,0.9572064101740828,2.124697353566745,0.9572070766273233,8.44122657402289e-06,0.08028466871329946,7.857019322075884e-06,9.081308063087582e-05
7.220258050310053e-05,3.3,0.9572064080378826,2.12469735728571,0.9572070731086616,8.44122625046945e-06,0.08028466155565124,7.857020173299201e-06,9.081307859215764e-05
7.230258050310053e-05,3.3,0.9572064098431299,2.12469735388963,0.957207076273986,8.441226545980173e-06,0.0802846685115711,7.857019312134582e-06,9.081308042611835e-05
7.240258050310053e-05,3.3,0.9572064081728248,2.124697357177256,0.9572070732239959,8.44122625987881e-06,0.08028466163860384,7.857020173384208e-06,9.081307865899175e-05
7.250258050310054e-05,3.3,0.9572064096891186,2.124697354008724,0.9572070761754352,8.441226535649967e-06,0.08028466843775559,7.857019312609793e-06,9.081308036901015e-05
7.260258050310054e-05,3.3,0.9572064083613442,2.124697357034641,0.9572070733433665,8.441226272247883e-06,0.08028466172577563,7.85702017322302e-06,9.081307872816575e-05
7.270258050310054e-05,3.3,0.9572064093781348,2.124697354388997,0.957207075822939,8.441226502591374e-06,0.08028466824074437,7.857019301923112e-06,9.081308016473931e-05
7.280258050310054e-05,3.3,0.9572064090258472,2.124697356393892,0.9572070739215036,8.441226327894242e-06,0.08028466202631346,7.857020194916163e-06,9.081307906319593e-05
7.290258050310055e-05,3.3,0.9572064093211128,2.124697354462568,0.9572070757331318,8.441226496194437e-06,0.08028466817064521,7.857019302870594e-06,9.081308011269672e-05
7.300258050310055e-05,3.3,0.9572064090630642,2.124697356325566,0.9572070739396078,8.441226333841466e-06,0.08028466206765741,7.85702018968974e-06,9.081307907368658e-05
7.310258050310055e-05,3.3,0.9572064102273918,2.124697353467899,0.9572070766889419,8.441226582628285e-06,0.08028466859072234,7.857019352927956e-06,9.081308066659123e-05
7.320258050310055e-05,3.3,0.9572064085878721,2.124697356779883,0.9572070735598659,8.441226294387188e-06,0.08028466191691276,7.857020166832635e-06,9.081307885362377e-05
7.330258050310056e-05,3.3,0.9572064102346026,2.124697353444143,0.9572070767223445,8.441226584698694e-06,0.08028466857633772,7.857019360046524e-06,9.081308068594955e-05
7.340258050310056e-05,3.3,0.9572064089910705,2.124697356432637,0.957207073906842,8.441226324526461e-06,0.08028466210669524,7.857020178122026e-06,9.081307905469503e-05
7.350258050310056e-05,3.3,0.9572064098900541,2.124697353746171,0.9572070764940795,8.441226558481617e-06,0.0802846684439006,7.857019354037029e-06,9.081308055367107e-05
7.360258050310056e-05,3.3,0.9572064089278767,2.12469735646975,0.9572070738430046,8.44122632131301e-06,0.08028466210794134,7.85702016936221e-06,9.081307901770045e-05
7.370258050310057e-05,3.3,0.9572064095242908,2.124697354101639,0.9572070760312852,8.44122652760963e-06,0.08028466819398926,7.857019338358832e-06,9.081308028548251e-05
7.380258050310057e-05,3.3,0.9572064087050914,2.124697356762556,0.9572070735308824,8.441226295851284e-06,0.08028466198701617,7.857020150007276e-06,9.081307883682352e-05
7.390258050310057e-05,3.3,0.9572064098152252,2.124697353720489,0.9572070764793004,8.441226560753315e-06,0.08028466837950023,7.857019363945334e-06,9.08130805451094e-05
7.400258050310057e-05,3.3,0.9572064086096034,2.124697356842976,0.9572070735269879,8.441226288871643e-06,0.08028466201504472,7.85702014432929e-06,9.08130788345652e-05
7.410258050310058e-05,3.3,0.9572064094051373,2.124697354252563,0.9572070759743732,8.441226514488004e-06,0.08028466811253378,7.85701934582094e-06,9.081308025250448e-05
7.420258050310058e-05,3.3,0.9572064082018455,2.124697357294755,0.9572070730678068,8.441226249611584e-06,0.08028466182341891,7.857020118394155e-06,9.081307856846818e-05
7.430258050310058e-05,3.3,0.9572064100900524,2.124697353537114,0.957207076602341,8.44122657664524e-06,0.08028466838181636,7.857019379934384e-06,9.081308061641458e-05
7.440258050310058e-05,3.3,0.9572064087541454,2.124697356682683,0.9572070736691688,8.441226302800593e-06,0.0802846621357556,7.857020141021674e-06,9.08130789169564e-05
7.450258050310058e-05,3.3,0.9572064095170725,2.124697354112368,0.9572070760828493,8.441226526677383e-06,0.08028466810923822,7.857019360907957e-06,9.081308031536963e-05
7.460258050310059e-05,3.3,0.9572064089943934,2.12469735646122,0.957207073897148,8.441226322029385e-06,0.08028466226866712,7.857020146924256e-06,9.081307904906929e-05
7.470258050310059e-05,3.3,0.9572064094950093,2.124697354047818,0.957207076048051,8.441226532319378e-06,0.08028466806484562,7.85701936443549e-06,9.081308029520533e-05
7.480258050310059e-05,3.3,0.9572064088382862,2.12469735665371,0.9572070736859932,8.4412263052946e-06,0.08028466219797055,7.857020131778341e-06,9.081307892670385e-05
7.49025805031006e-05,3.3,0.957206409769837,2.124697353752446,0.9572070763445134,8.44122655798421e-06,0.08028466817968623,7.857019382818561e-06,9.081308046700665e-05
7.50025805031006e-05,3.3,0.9572064088701505,2.124697356623587,0.9572070737809936,8.441226307910016e-06,0.08028466226714008,7.857020131706257e-06,9.081307898175531e-05
7.51025805031006e-05,3.3,0.9572064096298764,2.124697353906006,0.9572070762818092,8.441226544640641e-06,0.08028466812211474,7.85701938509602e-06,9.081308043067107e-05
7.52025805031006e-05,3.3,0.9572064087547314,2.124697356757648,0.9572070736254492,8.441226296257628e-06,0.08028466222130734,7.857020119394079e-06,9.081307889161565e-05
7.53025805031006e-05,3.3,0.9572064094285415,2.124697354146106,0.9572070760466773,8.441226523769802e-06,0.08028466798735069,7.857019378583422e-06,9.081308029441287e-05
7.540258050310061e-05,3.3,0.9572064089761017,2.124697356566065,0.9572070738394688,8.441226312886541e-06,0.08028466234468809,7.857020125195379e-06,9.081307901563899e-05
7.550258050310061e-05,3.3,0.9572064089139675,2.124697354643909,0.9572070754615871,8.441226480537132e-06,0.08028466768598305,7.857019356080826e-06,9.08130799553537e-05
7.560258050310061e-05,3.3,0.9572064093004513,2.124697356250899,0.9572070740570217,8.441226340258184e-06,0.08028466247356603,7.857020130428094e-06,9.081307914171046e-05
7.570258050310061e-05,3.3,0.9572064095882251,2.124697353973062,0.9572070762113617,8.441226538806517e-06,0.08028466801464824,7.857019395531328e-06,9.081308038984956e-05
7.580258050310062e-05,3.3,0.9572064085200779,2.124697356987618,0.9572070733641125,8.441226276283488e-06,0.08028466217324216,7.857020093365285e-06,9.081307874016768e-05
7.590258050310062e-05,3.3,0.9572064094476235,2.124697354062964,0.9572070761074486,8.441226531018262e-06,0.08028466793949667,7.857019395528818e-06,9.081308032963384e-05
7.600258050310062e-05,3.3,0.9572064087721267,2.124697356774076,0.9572070736171373,8.441226294816127e-06,0.08028466231454358,7.857020101069837e-06,9.081307888679454e-05
7.610258050310062e-05,3.3,0.9572064093025944,2.124697354167458,0.957207076053276,8.441226521958229e-06,0.08028466788870532,7.857019397684655e-06,9.081308029824132e-05
7.620258050310063e-05,3.3,0.9572064090230071,2.124697356505425,0.9572070738915758,8.441226318158308e-06,0.08028466246581047,7.857020109786333e-06,9.081307904583073e-05
7.630258050310063e-05,3.3,0.9572064089518292,2.124697354553603,0.9572070755354123,8.441226488403274e-06,0.08028466761990921,7.857019378134932e-06,9.081307999813987e-05
7.640258050310063e-05,3.3,0.957206408780191,2.124697356779696,0.9572070736134314,8.441226294322017e-06,0.0802846623646081,7.857020091332067e-06,9.081307888464477e-05
7.650258050310063e-05,3.3,0.957206409413424,2.124697354066287,0.9572070760301168,8.441226530742718e-06,0.08028466782736837,7.857019405889035e-06,9.081308028482278e-05
7.660258050310064e-05,3.3,0.9572064092736967,2.124697356253268,0.9572070741002223,8.441226340061222e-06,0.08028466261598727,7.857020109909256e-06,9.08130791667396e-05
7.670258050310064e-05,3.3,0.9572064087555614,2.124697354793513,0.9572070753858564,8.441226467547277e-06,0.08028466750194746,7.857019379965399e-06,9.081307991147415e-05
7.680258050310064e-05,3.3,0.9572064087322912,2.12469735683919,0.95720707353022,8.441226289149226e-06,0.08028466237413971,7.857020078455952e-06,9.081307883642213e-05
7.690258050310064e-05,3.3,0.9572064094452495,2.124697354038958,0.9572070760360117,8.441226533115165e-06,0.08028466778452321,7.857019414582761e-06,9.081308028824117e-05
7.700258050310065e-05,3.3,0.9572064088654832,2.124697356706865,0.9572070736754777,8.441226300642514e-06,0.08028466245989199,7.857020082020251e-06,9.081307892059785e-05
7.710258050310065e-05,3.3,0.9572064094666145,2.124697353994577,0.9572070760938461,8.441226536979638e-06,0.08028466778980861,7.85701942133267e-06,9.081308032175775e-05
7.720258050310065e-05,3.3,0.9572064087768507,2.124697356859719,0.9572070734982232,8.44122628733931e-06,0.08028466240170545,7.857020069089863e-06,9.081307881787703e-05
7.730258050310065e-05,3.3,0.9572064091748185,2.124697354343601,0.9572070758580644,8.441226506640193e-06,0.08028466765466254,7.857019414827923e-06,9.081308018512335e-05
7.740258050310066e-05,3.3,0.9572064090756232,2.124697356543451,0.9572070738499195,8.44122631481752e-06,0.08028466259084042,7.857020081137712e-06,9.081307902168434e-05
7.750258050310066e-05,3.3,0.9572064088879756,2.124697354597906,0.9572070755332901,8.441226484564346e-06,0.08028466747589609,7.857019404451703e-06,9.081307999691668e-05
7.760258050310066e-05,3.3,0.9572064089309167,2.124697356689625,0.9572070736909818,8.441226302119789e-06,0.08028466253750766,7.857020069759181e-06,9.081307892957873e-05
7.770258050310066e-05,3.3,0.9572064092310352,2.124697354210807,0.9572070759087787,8.441226518206156e-06,0.08028466762985056,7.857019426161825e-06,9.081308021451376e-05
7.780258050310067e-05,3.3,0.9572064091445791,2.124697356557351,0.9572070737849042,8.441226313576321e-06,0.08028466260726581,7.857020069412315e-06,9.081307898400545e-05
7.790258050310067e-05,3.3,0.9572064092000797,2.124697354226341,0.9572070758866977,8.441226516863244e-06,0.08028466759997312,7.857019428729292e-06,9.081308020171928e-05
7.800258050310067e-05,3.3,0.9572064090917485,2.124697356649375,0.9572070737678016,8.441226305566884e-06,0.08028466261920521,7.85702006494057e-06,9.081307897409385e-05
7.810258050310067e-05,3.3,0.9572064096745376,2.124697353691531,0.9572070763693078,8.441226563342051e-06,0.08028466780794734,7.857019454761127e-06,9.081308048139348e-05
7.820258050310067e-05,3.3,0.9572064087014135,2.124697356964842,0.9572070735026174,8.441226278194945e-06,0.08028466251481554,7.857020048815367e-06,9.08130788204177e-05
7.830258050310068e-05,3.3,0.9572064095568338,2.124697353835298,0.9572070762796708,8.441226550844244e-06,0.08028466774185639,7.85701945500707e-06,9.08130804294502e-05
7.840258050310068e-05,3.3,0.9572064093298094,2.124697356304067,0.9572070741620444,8.441226335603498e-06,0.08028466285024348,7.857020074935263e-06,9.081307920255533e-05
7.850258050310068e-05,3.3,0.957206409379774,2.124697354001053,0.9572070760617738,8.441226536451267e-06,0.08028466761714226,7.857019448926838e-06,9.081308030317981e-05
7.860258050310068e-05,3.3,0.9572064096445619,2.124697355966973,0.9572070743700966,8.44122636489259e-06,0.08028466297146127,7.857020080306275e-06,9.081307932312051e-05
7.870258050310069e-05,3.3,0.9572064091952454,2.124697354242655,0.9572070758790359,8.441226515442672e-06,0.08028466751192195,7.857019443967294e-06,9.081308019728344e-05
7.880258050310069e-05,3.3,0.9572064095256904,2.124697356162169,0.9572070742281844,8.441226347906629e-06,0.08028466292289195,7.857020070335953e-06,9.081307924088142e-05
7.890258050310069e-05,3.3,0.9572064092250587,2.124697354195253,0.9572070758879917,8.441226519567354e-06,0.08028466749273752,7.857019448696146e-06,9.081308020247414e-05
7.90025805031007e-05,3.3,0.9572064096088182,2.124697356103235,0.9572070742851545,8.441226353015715e-06,0.08028466297143798,7.857020068979606e-06,9.081307927389498e-05
7.91025805031007e-05,3.3,0.9572064087486798,2.124697354693115,0.9572070754660102,8.441226476314081e-06,0.08028466727000322,7.857019433490762e-06,9.081307995793681e-05
7.92025805031007e-05,3.3,0.9572064089716272,2.124697356670857,0.957207073715205,8.441226303739355e-06,0.08028466272291945,7.857020038760091e-06,9.081307894360813e-05
7.93025805031007e-05,3.3,0.9572064088071882,2.124697354638702,0.9572070754843521,8.44122648103893e-06,0.0802846672594993,7.857019437871524e-06,9.081307996856644e-05
7.94025805031007e-05,3.3,0.9572064092122281,2.124697356465681,0.957207073941045,8.441226321546662e-06,0.08028466284924707,7.857020045596015e-06,9.081307907448145e-05
7.95025805031007e-05,3.3,0.9572064090541558,2.124697354374969,0.9572070757185132,8.441226503954074e-06,0.0802846673479889,7.857019452793254e-06,9.081308010426395e-05
7.960258050310071e-05,3.3,0.9572064096467385,2.124697356014603,0.9572070743259066,8.441226360734298e-06,0.08028466305423002,7.857020059124444e-06,9.081307929750853e-05
7.970258050310071e-05,3.3,0.9572064089685633,2.124697354413035,0.9572070757411107,8.441226500667024e-06,0.08028466734130674,7.857019457058517e-06,9.081308011736021e-05
7.980258050310071e-05,3.3,0.9572064093588296,2.124697356312351,0.9572070740117604,8.441226334867331e-06,0.08028466292286385,7.85702004142737e-06,9.081307911545964e-05
7.990258050310072e-05,3.3,0.9572064088791213,2.124697354523496,0.9572070756088584,8.441226491063977e-06,0.08028466725831153,7.857019454718325e-06,9.081308004072035e-05
7.999999999999999e-05,3.3,0.9572064101374393,2.124697355420393,0.9572070749674118,8.441226412389382e-06,0.08028466339548097,7.857020081787042e-06,9.081307966925985e-05
