time,v(vapwr),v(iref),v(xref.vbiasp),v(xref.vbiasn),@m.xref.xm1.msky130_fd_pr__pfet_g5v0d10v5[id],v(xref.net1),@m.xref.xm39.msky130_fd_pr__nfet_g5v0d10v5[id],@m.xref.xm42.msky130_fd_pr__nfet_g5v0d10v5[gm]
1e-09,0.0003300000000000001,0.0001439403523223018,0.0001944291639001468,6.29679028493268e-05,1.259177504890312e-18,4.887538252226916e-06,1.979334371110588e-14,1.493780976379831e-14
2e-09,0.0006600000000000002,0.0002878221336279419,0.0003888350898783096,0.0001253122766144224,2.520002335701684e-18,6.443088175887743e-06,3.987392329687712e-14,2.973402726326237e-14
4e-09,0.00132,0.0005754636605920491,0.000778041715138315,0.0002493104689154983,5.046119360612381e-18,7.575723214600527e-06,8.010652971608413e-14,5.918125678661797e-14
8e-09,0.002640000000000001,0.001150331776491563,0.001558233469391665,0.0004953264696895414,1.011491171184686e-17,7.444229267349025e-06,1.602942252346411e-13,1.176788989912346e-13
1.6e-08,0.005280000000000002,0.002298686519387101,0.003125525972770118,0.0009814856239595555,2.031045953320737e-17,8.280632470040928e-06,3.183580089772457e-13,2.335641793159009e-13
3.2e-08,0.01056,0.004591033224331677,0.006282442861933608,0.001934140859420866,4.087911261741262e-17,8.861343216887513e-06,6.249438476907868e-13,4.617442162286508e-13
6.4e-08,0.02112000000000001,0.009164369723514853,0.01265745685883009,0.003786377834545787,8.236698184745843e-17,1.012154642696844e-05,1.195698000501455e-12,9.095075156230467e-13
1e-07,0.03300000000000001,0.01429886306338084,0.01988605166818318,0.005820132317154187,1.289523205640509e-16,1.040423238936888e-05,1.768277150020262e-12,1.407345510314378e-12
1.064e-07,0.03511200000000001,0.01521089340935335,0.02117499885361096,0.00617817377165276,1.371791438769772e-16,1.054929867103913e-05,1.862570802172141e-12,1.495657023180435e-12
1.192e-07,0.03933600000000001,0.01703442005210533,0.02375537840455688,0.006891866106873263,1.535649219152471e-16,1.07462305638849e-05,2.044719174858221e-12,1.672285623019834e-12
1.448e-07,0.04778400000000001,0.02067961929106625,0.02892379208838786,0.008311457773282196,1.860481672793941e-16,1.086402555534338e-05,2.384634402008595e-12,2.02597283846696e-12
1.96e-07,0.06468000000000003,0.02796418128369407,0.0392790883219135,0.01112896982160675,2.501313498525318e-16,1.114846932998022e-05,2.979294472502218e-12,2.737308719321709e-12
2.960000000000001e-07,0.09768000000000003,0.04217477305813495,0.05952810257174851,0.01658369362535719,3.786668537057813e-16,1.127186314187849e-05,3.908425106635377e-12,4.151010697330099e-12
3.960000000000001e-07,0.13068,0.05636601204212276,0.07977167149449953,0.02200171819143499,5.291132611046484e-16,1.139546405372791e-05,4.672681731627057e-12,5.60702322628088e-12
4.960000000000001e-07,0.16368,0.07053822036061694,0.0999936938190361,0.02739502850928542,7.213504817213475e-16,1.140205726276128e-05,5.378019106655846e-12,7.115398151258261e-12
5.960000000000001e-07,0.19668,0.08469032416138744,0.120188612340736,0.03276840067652063,9.749574710192174e-16,1.148564887625879e-05,6.080298769472988e-12,8.687391485981708e-12
6.960000000000001e-07,0.2296800000000001,0.09882056357966615,0.1403544508431565,0.03812421911999326,1.313156017432327e-15,1.14815198544677e-05,6.810100066661946e-12,1.03361666543492e-11
7.960000000000001e-07,0.2626800000000001,0.1129266368490948,0.160490680361263,0.04346404243798274,1.766007558243705e-15,1.156158008427689e-05,7.586190391741627e-12,1.207672560208987e-11
8.960000000000001e-07,0.2956800000000001,0.1270056888686825,0.1805974152752615,0.0487890255919877,2.373496525159395e-15,1.156211726627828e-05,8.422022350884651e-12,1.392562250080951e-11
9.96e-07,0.3286800000000001,0.1410542256916936,0.2006750588648758,0.05410024177775135,3.189251905853495e-15,1.164654599641733e-05,9.328595903545458e-12,1.590078659536015e-11
1.096e-06,0.3616800000000001,0.1550680187021726,0.2207241227852057,0.05939868786866088,4.28541819069718e-15,1.165645041311978e-05,1.031605753065059e-11,1.802138033881561e-11
1.196e-06,0.3946800000000001,0.1690419676713373,0.2407451678996815,0.06468545368898782,5.759173799691811e-15,1.174876467650312e-05,1.139433965623604e-11,2.030784479401531e-11
1.296e-06,0.4276800000000002,0.1829698946948914,0.2607386615301934,0.06996165073744876,7.741534770562624e-15,1.177088758058244e-05,1.25737736238366e-11,2.278195708640474e-11
1.396e-06,0.4606800000000002,0.1968443453955253,0.280704919318009,0.07522854838906716,1.040926252887483e-14,1.187384894953874e-05,1.386523260128075e-11,2.546705808264244e-11
1.496000000000001e-06,0.4936800000000003,0.210656336956568,0.300644038830562,0.08048751424795586,1.400100874100502e-14,1.191097025792857e-05,1.528055276692925e-11,2.838826157089853e-11
1.596000000000001e-06,0.5266800000000003,0.2243950217574325,0.3205558066705119,0.08574014923286379,1.883925191642662e-14,1.202773159305718e-05,1.683255419989438e-11,3.1572821270181e-11
1.696000000000001e-06,0.5596800000000003,0.2380473026925613,0.3404395655669015,0.09098824198076867,2.536018400276535e-14,1.208333822397417e-05,1.853546805739384e-11,3.50504642166829e-11
1.796000000000001e-06,0.5926800000000003,0.2515974087603741,0.360294031590002,0.09623392594606292,3.415456700953463e-14,1.22180927120946e-05,2.040495032059428e-11,3.885391438579084e-11
1.896000000000001e-06,0.6256800000000003,0.2650263449688867,0.3801171382632597,0.1014796787729282,4.602374700213534e-14,1.229716154778056e-05,2.245861052551686e-11,4.301940868880984e-11
1.996000000000001e-06,0.6586800000000004,0.2783113186626562,0.3999057781338278,0.1067285291130046,6.205689522238732e-14,1.245616036956963e-05,2.471609865118194e-11,4.758748154433997e-11
2.096000000000001e-06,0.6916800000000004,0.2914251070646983,0.4196555039740827,0.1119841209178796,8.37381172503991e-14,1.256641477346592e-05,2.719983318377843e-11,5.260381151019935e-11
2.196000000000001e-06,0.7246800000000003,0.3043353575409126,0.4393601574633409,0.1172510079478291,1.13096082522308e-13,1.275955176008811e-05,2.993527913913843e-11,5.812049931797044e-11
2.296000000000001e-06,0.7576800000000004,0.3170039624960765,0.4590113552679022,0.1225348261578249,1.529151005089987e-13,1.291352476659655e-05,3.295204759694626e-11,6.419757099905732e-11
2.396e-06,0.7906800000000003,0.3293865028461749,0.478597938055802,0.1278427304114447,2.070357560328684e-13,1.315700878649684e-05,3.628459288504157e-11,7.090522578862322e-11
2.496e-06,0.8236800000000002,0.3414319364014573,0.4981052952517366,0.1331837501588767,2.807885001908467e-13,1.337554338124757e-05,3.997402889289149e-11,7.832668176805481e-11
2.596e-06,0.8566800000000002,0.3530826829387096,0.5175144971605316,0.138569417215876,3.816282443407411e-13,1.369629333179338e-05,4.406969240370053e-11,8.656232667581942e-11
2.696e-06,0.8896800000000002,0.364275284265727,0.5368012033093165,0.1440143402567699,5.200787279257661e-13,1.401375789330772e-05,4.863231004308076e-11,9.573518511985345e-11
2.796e-06,0.9226800000000002,0.3749418387559039,0.5559345921212433,0.1495371091304629,7.111599244632664e-13,1.445575386310298e-05,5.373733874472785e-11,1.059988629467499e-10
2.896e-06,0.9556800000000002,0.3850123309161844,0.5748760944348439,0.1551611478823155,9.765877958648039e-13,1.492784627365671e-05,5.948078238822087e-11,1.175482725508032e-10
2.996e-06,0.98868,0.3944179089342687,0.5935778168085725,0.1609157976642512,1.348236958546595e-12,1.556076196199091e-05,6.598598090751936e-11,1.306348373536072e-10
3.096e-06,1.02168,0.4030949574443611,0.6119810665134076,0.166837280824149,1.873698780626323e-12,1.627315351864568e-05,7.34144214415718e-11,1.455872702029616e-10
3.196e-06,1.05468,0.4109895888279106,0.6300152415521917,0.1729697727839783,2.625381008555272e-12,1.720090146010013e-05,8.197929219948026e-11,1.628409110238941e-10
3.295999999999999e-06,1.08768,0.4180619392547862,0.6475968310938754,0.1793659795646479,3.715745697525275e-12,1.827647129033529e-05,9.196573373357597e-11,1.829776979080559e-10
3.395999999999999e-06,1.12068,0.424289744557983,0.6646293535321617,0.1860873342238699,5.323339079179718e-12,1.964015980327453e-05,1.037569813557504e-10,2.067817854505934e-10
3.495999999999999e-06,1.15368,0.4296705135517171,0.6810047496871735,0.1932031748790463,7.738147453486835e-12,2.123533346216266e-05,1.178721487407594e-10,2.353154750701024e-10
3.595999999999999e-06,1.18668,0.4342223951199706,0.696606603298011,0.2007888572652873,1.14421861936693e-11,2.320125818008344e-05,1.35015806329328e-10,2.700238586609827e-10
3.695999999999999e-06,1.21968,0.4379840021825102,0.7113160339673535,0.208922319413265,1.725518976062498e-11,2.548424492580106e-05,1.561480772372259e-10,3.128775730779675e-10
3.795999999999999e-06,1.25268,0.4410141136371405,0.7250202669701737,0.2176794359205531,2.660223325121591e-11,2.821418953454451e-05,1.825780168640749e-10,3.665694069015622e-10
3.895999999999999e-06,1.28568,0.4433931652395994,0.737623946941359,0.227128459029895,4.201154454095123e-11,3.133493712802477e-05,2.160953178342721e-10,4.347853089132825e-10
3.995999999999999e-06,1.31868,0.4452291621983289,0.7490627949819723,0.2373250375888311,6.804771578768161e-11,3.497138594865793e-05,2.591517557888392e-10,5.22586211908763e-10
4.095999999999999e-06,1.35168,0.4466724608961592,0.7593193515778138,0.2483093674100945,1.130608723271436e-10,3.9087302523759e-05,3.15127282366337e-10,6.369594432667471e-10
4.195999999999998e-06,1.38468,0.4479469228043756,0.7684414558703261,0.2601081466512047,1.924214751813884e-10,4.38549638761569e-05,3.887295164478738e-10,7.876576031073524e-10
4.295999999999998e-06,1.41768,0.449409898787081,0.7765670822291886,0.2727437932332358,3.34276254182854e-10,4.9356234537932e-05,4.866493076435709e-10,9.885609395048472e-10
4.395999999999998e-06,1.45068,0.4516579225716684,0.7839626674139006,0.2862541070055601,5.8890384546431e-10,5.597926028191301e-05,6.187113231790751e-10,1.260082361396493e-09
4.495999999999998e-06,1.48368,0.4556860241716723,0.7910824472682773,0.3007232699701979,1.040886358419461e-09,6.419041387249118e-05,8.000589620601588e-10,1.633709942081094e-09
4.595999999999998e-06,1.51668,0.4630446762440099,0.7986434953056308,0.3163182811443552,1.81562078484667e-09,7.495743356206644e-05,1.055399939279253e-09,2.160860345955937e-09
4.695999999999998e-06,1.54968,0.4757112065236687,0.8076635757146817,0.3333054666891345,3.055331929378804e-09,8.950769456285765e-05,1.427066645647399e-09,2.929679583382107e-09
4.795999999999998e-06,1.582679999999999,0.4952153572144908,0.819344356843316,0.3519877068512673,4.833768619131815e-09,0.0001093054738601414,1.988653950328707e-09,4.093572283222911e-09
4.895999999999998e-06,1.61568,0.5206022416683489,0.8346630785120919,0.3725308227381934,7.048820939372881e-09,0.0001355803767924382,2.864555962792054e-09,5.912276524860892e-09
4.995999999999998e-06,1.648679999999999,0.5469395403111613,0.8538241126465393,0.3947786125868634,9.452620674937745e-09,0.0001698288837002371,4.253304756571503e-09,8.801607020372317e-09
5.095999999999997e-06,1.68168,0.5682204927720459,0.8760559082816382,0.4182605572235309,1.187243720452407e-08,0.0002150332536258141,6.454892420931296e-09,1.339315219195764e-08
5.195999999999997e-06,1.714679999999999,0.5828695851436604,0.8999049295100948,0.4424413269726056,1.441251935891937e-08,0.0002778014666699956,9.915444606107307e-09,2.063442637488036e-08
5.295999999999997e-06,1.747679999999999,0.5941281379280516,0.9236031784834714,0.4670391262821342,1.754337556816792e-08,0.0003702175970324753,1.533404805901242e-08,3.202982910078521e-08
5.395999999999997e-06,1.780679999999999,0.6061282610575465,0.9452245974442124,0.4923526271943178,2.22691390436854e-08,0.0005159299085035386,2.398516403441795e-08,5.036943368355362e-08
5.495999999999997e-06,1.813679999999999,0.6224598084359743,0.9625313274774036,0.5198357957323788,3.082806482485313e-08,0.0007708395880434626,3.888445761560644e-08,8.238953586273983e-08
5.595999999999997e-06,1.846679999999999,0.6480271797484267,0.9715471678716732,0.5540160474952591,5.032210922138575e-08,0.001325260436447961,7.048771209197778e-08,1.521699964029213e-07
5.666331261034713e-06,1.869889316141456,0.6775906991234412,0.9672462403905483,0.5892245789435825,8.753706664192732e-08,0.002359264780602311,1.286516843474304e-07,2.872405300410664e-07
5.694765718880109e-06,1.879272687230436,0.6948620731161894,0.9604432768577635,0.6093749898238763,1.208138380670434e-07,0.003273786675257994,1.802013960540779e-07,4.142132778869612e-07
5.710011160635115e-06,1.884303683009588,0.7065226195945159,0.954448713290721,0.6230529124179954,1.502496278818397e-07,0.004076224298122147,2.255876905374875e-07,5.318032179908402e-07
5.736112480679284e-06,1.892917118624164,0.7348413546573939,0.9359156120881835,0.6570077489350966,2.556680375181327e-07,0.006904605663918424,3.866614211859729e-07,9.953926669299277e-07
5.746177219834786e-06,1.89623848254548,0.7500124768605936,0.9244769042173673,0.6758450043357425,3.400563312756166e-07,0.009095537808499194,5.141759745826669e-07,1.416273033601796e-06
5.757201386627489e-06,1.899876457587072,0.7724830261107481,0.9058966625302791,0.7049219200965179,5.187130688859787e-07,0.0135987536004612,7.781727395771491e-07,2.459001009622713e-06
5.764158555316957e-06,1.902172323254596,0.7917705896461577,0.8888348237634098,0.7310691344887555,7.422402847406704e-07,0.01888703205789002,1.097869290947007e-06,4.061473418780343e-06
5.77017992044544e-06,1.904159373746996,0.8139201523131112,0.8682991413205624,0.7624618692545191,1.109151470354228e-06,0.02692706921896252,1.594759382035533e-06,7.401098993126241e-06
5.774852156265494e-06,1.905701211567613,0.8360231384977015,0.847168312498765,0.7948010917809162,1.627482437703006e-06,0.03702674565095571,2.242436694276316e-06,1.340490760909942e-05
5.779187612296719e-06,1.907131912057918,0.8605149435227204,0.823408823569238,0.8309101207007364,2.420333660003887e-06,0.05031243155295983,3.12157719784446e-06,2.437853851223729e-05
5.784861882083601e-06,1.909004421087589,0.8924937470356591,0.7925264500913985,0.8770135968512088,3.85515757744757e-06,0.06987033654377246,4.457768803978223e-06,4.522492689091749e-05
5.790054930310687e-06,1.910718127002527,0.9132467087003253,0.7731658284143155,0.9056673422924635,5.043638466922746e-06,0.08329491835100167,5.382699155422546e-06,6.090746240831956e-05
5.792875219738182e-06,1.9116488225136,0.9193178137069187,0.7679977528821263,0.9142205293709306,5.427766694630134e-06,0.08747333332569705,5.669179596117339e-06,6.580362456730637e-05
5.796232040855593e-06,1.912756573482346,0.9235344846415982,0.7647508672911065,0.9218256157040221,5.71338922027575e-06,0.09128565233514548,5.92221210588063e-06,7.020249044578643e-05
5.799654591454713e-06,1.913886015180056,0.9263992234609976,0.7628906363323193,0.925555701237529,5.915046448440906e-06,0.09312068860082318,6.055786376763357e-06,7.237058056688817e-05
5.802881304037556e-06,1.914950830332394,0.9277618773904265,0.762666805479367,0.9273271505029407,6.003573126728935e-06,0.0940352358154708,6.113725654846026e-06,7.340198574653022e-05
5.808206593233518e-06,1.916708175767061,0.9285975802670233,0.7635154495926262,0.9285740424330599,6.067160682354319e-06,0.09465227583039483,6.159497415719541e-06,7.412847967347652e-05
5.817542033998141e-06,1.919788871219387,0.9290608112720179,0.7662093651705919,0.9290791373878102,6.09567614693104e-06,0.09492418868214365,6.17567796737051e-06,7.442290623966907e-05
5.830833004369316e-06,1.924174891441874,0.9290635614424227,0.7705695490967087,0.9291562447653966,6.10008199630982e-06,0.09496288079817745,6.180254564549811e-06,7.446783760228591e-05
5.851913665288855e-06,1.931131509545323,0.9292371169841535,0.7774548278806255,0.9292527834946668,6.109077815465865e-06,0.09503550388860149,6.182786948694908e-06,7.452413456046898e-05
5.894074987127933e-06,1.945044745752218,0.9294054711564711,0.7912473880527945,0.9294938057699109,6.125597327836876e-06,0.09517605460411231,6.194000126891959e-06,7.46646334279918e-05
5.97839763080609e-06,1.97287121816601,0.9299156658048441,0.8188067862578429,0.9299329278289616,6.160182835161835e-06,0.09546163423521548,6.21057143668078e-06,7.492069315220216e-05
6.07839763080609e-06,2.00587121816601,0.9303758590845841,0.8515226852783524,0.930462799898493,6.198732068168751e-06,0.0957836627912928,6.233498040659357e-06,7.522968259182667e-05
6.17839763080609e-06,2.03887121816601,0.9309427781072371,0.8842238737185748,0.9309608300659433,6.238000051047092e-06,0.09610516496786214,6.252472500194472e-06,7.55201865809262e-05
6.27839763080609e-06,2.07187121816601,0.9313783688396426,0.9169563151598421,0.9314639937159072,6.2748734949923e-06,0.0964104993259426,6.274254344763913e-06,7.581369207978947e-05
6.37839763080609e-06,2.10487121816601,0.9319204533511658,0.949672080714143,0.931939085676025,6.312645747268379e-06,0.09671696574939807,6.292310053874123e-06,7.609089458320082e-05
6.47839763080609e-06,2.13787121816601,0.9323346630508018,0.9824186635657429,0.9324189959966336,6.348055238697687e-06,0.09700796156656795,6.313101592401303e-06,7.637090532763402e-05
6.57839763080609e-06,2.17087121816601,0.9328545888175381,1.015147259920704,0.9328736982217063,6.384494778642557e-06,0.09730122871105215,6.330355265147088e-06,7.663627098782287e-05
6.678397630806089e-06,2.20387121816601,0.9332501159550283,1.047906041333861,0.9333332145090136,6.418615929404514e-06,0.09757978402687306,6.35028212597881e-06,7.690443479584505e-05
6.778397630806089e-06,2.23687121816601,0.9337501777429658,1.080645987246786,0.9337697274800159,6.453862851638735e-06,0.0978613833331808,6.366831139592443e-06,7.715923015887159e-05
6.878397630806089e-06,2.26987121816601,0.9341292562343546,1.113415385314791,0.9342112263458441,6.486842155748687e-06,0.09812904734978233,6.385996100900013e-06,7.741691779297747e-05
6.978397630806089e-06,2.30287121816601,0.9346114061016152,1.146165437576229,0.9346314274362284,6.521016036744354e-06,0.09840025632445412,6.401921549039022e-06,7.766222458672846e-05
7.078397630806089e-06,2.33587121816601,0.9349758817117737,1.178944174061938,0.9350568736689711,6.552975122332314e-06,0.09865829487486347,6.420408812709834e-06,7.79105699056206e-05
7.178397630806089e-06,2.36887121816601,0.9354417721253093,1.211703303221935,0.9354623455178549,6.58617709150437e-06,0.09892017593692015,6.435777977107434e-06,7.81473006824865e-05
7.278397630806089e-06,2.40187121816601,0.9357931795801252,1.244490338947845,0.9358733744095294,6.617217537324241e-06,0.09916963305000899,6.453657192873952e-06,7.838724783157661e-05
7.378397630806089e-06,2.43487121816601,0.93624422082452,1.2772576849257,0.9362654639459537,6.649533767927346e-06,0.09942308038225901,6.468526538587399e-06,7.861617975106089e-05
7.478397630806089e-06,2.46787121816601,0.9365838493369453,1.310052165585589,0.9366634527665881,6.679741222384452e-06,0.09966482824946897,6.485856069906806e-06,7.884852426603831e-05
7.578397630806088e-06,2.50087121816601,0.9370212652503654,1.342826991956108,0.9370433271973412,6.711246541618224e-06,0.09991060804266354,6.500273846713914e-06,7.907033128768034e-05
7.67839763080609e-06,2.53387121816601,0.9373502122980661,1.375628203561292,0.937429449797708,6.740694184755634e-06,0.1001453843426842,6.517103227523903e-06,7.929575151959783e-05
7.77839763080609e-06,2.56687121816601,0.9377750621703114,1.408409885660501,0.9377981107812914,6.771453179208968e-06,0.1003841501500986,6.531110435712801e-06,7.951101231043429e-05
7.87839763080609e-06,2.59987121816601,0.938094258859861,1.441217236469864,0.9381733422350421,6.8002032272799e-06,0.1006125668069598,6.547480955366209e-06,7.973007179982265e-05
7.978397630806091e-06,2.632871218166011,0.9385074629612893,1.474005243800401,0.9385316241321288,6.830271733828324e-06,0.1008448641633875,6.561111653719862e-06,7.993926843584776e-05
8.078397630806092e-06,2.665871218166011,0.9388176656243644,1.506818282449382,0.9388966796664693,6.858374173535018e-06,0.1010673800024771,6.577054562019136e-06,8.015238001107227e-05
8.178397630806093e-06,2.698871218166011,0.9392199869863578,1.539612204173599,0.9392451931883233,6.887797462378145e-06,0.1012936210404968,6.59033418578555e-06,8.035586487542105e-05
8.278397630806094e-06,2.731871218166011,0.9395218066145704,1.572430594304303,0.9396005218349621,6.915292003044681e-06,0.1015105413104932,6.605870712632729e-06,8.05632867800949e-05
8.378397630806094e-06,2.764871218166011,0.9399139222575252,1.605230070521662,0.9399397755794634,6.944110077898435e-06,0.1017310714352253,6.618820368652185e-06,8.076135337968502e-05
8.478397630806095e-06,2.797871218166012,0.940207897590071,1.638053518247204,0.9402857553972366,6.971031775571249e-06,0.101942652509869,6.633968539797551e-06,8.096330313331241e-05
8.578397630806096e-06,2.830871218166012,0.9405905041482031,1.670858132702172,0.940616449947796,6.99928780806717e-06,0.1021579073615214,6.646615190908932e-06,8.115635766329359e-05
8.678397630806097e-06,2.863871218166012,0.9408772675735589,1.703686216879331,0.9409537497550394,7.02568038440366e-06,0.1023645488247048,6.661402371268494e-06,8.135322309935952e-05
8.778397630806097e-06,2.896871218166013,0.9412511175311267,1.736495464364892,0.9412768625726087,7.05342361379985e-06,0.1025751015302673,6.673781919381947e-06,8.154183382555973e-05
8.878397630806098e-06,2.929871218166013,0.9415313398269514,1.769327698904998,0.9416063336254162,7.079335089435733e-06,0.1027772919814621,6.688241263675212e-06,8.173410968201461e-05
8.978397630806099e-06,2.962871218166013,0.9418970977509993,1.802141141714678,0.9419227354454992,7.106608974756493e-06,0.1029836533300991,6.700385612191944e-06,8.19187828714579e-05
9.0783976308061e-06,2.995871218166013,0.942171338314331,1.834977136864803,0.9422450424960276,7.132079317018107e-06,0.1031817779730973,6.714543534355966e-06,8.210685532773511e-05
9.1783976308061e-06,3.028871218166014,0.9425294901129208,1.867794503668581,0.9425552467232853,7.158913761156581e-06,0.1033842654742426,6.726472024361467e-06,8.228788894044643e-05
9.278397630806101e-06,3.061871218166014,0.9427981778875598,1.900633988380221,0.9428708211751777,7.183973037664934e-06,0.1035785821639853,6.740346585453165e-06,8.247200825932204e-05
9.378397630806102e-06,3.094871218166014,0.9431491025834464,1.933455100626372,0.943175140746268,7.210389979585217e-06,0.1037774025635491,6.752071430247294e-06,8.264958351456267e-05
9.478397630806102e-06,3.127871218166014,0.9434126108125224,1.966297844973495,0.9434843441802916,7.235064379106536e-06,0.1039681283193599,6.765677975641618e-06,8.28299594629541e-05
9.578397630806103e-06,3.160871218166014,0.943756662198912,1.999122533537827,0.9437830607485799,7.261084344077118e-06,0.104163467439936,6.777210060651598e-06,8.300423955461592e-05
9.678397630806104e-06,3.193871218166015,0.9440153375782574,2.031968319859378,0.944086249577792,7.285398506558835e-06,0.1043508131557155,6.790563480872386e-06,8.318107909318226e-05
9.778397630806105e-06,3.226871218166015,0.9443528544318976,2.064796415885245,0.9443796431318722,7.311041423331076e-06,0.104542852031341,6.801913448392388e-06,8.335222643462586e-05
9.878397630806105e-06,3.259871218166015,0.9446070288688251,2.097645029220192,0.9446771731581314,7.33501927969483e-06,0.1047270255146504,6.815028368158694e-06,8.352573633260498e-05
9.978397630806106e-06,3.292871218166016,0.9449383474604556,2.130476352337381,0.9449655316582104,7.36030551531932e-06,0.1049159460617269,6.826206984196175e-06,8.369391813891779e-05
9.999999999999999e-06,3.3,0.9449625094417029,2.137579858525002,0.945031196859722,7.364880520641642e-06,0.104952813814383,6.829678492452791e-06,8.373219275036304e-05
1.001e-05,3.3,0.9447879684784687,2.137762610040533,0.9448134367520615,7.350232415401822e-06,0.104839333511104,6.821933213988948e-06,8.360521250609021e-05
1.003e-05,3.3,0.9446887403239157,2.137860499400669,0.9446812531720801,7.342395892690994e-06,0.1047703907639888,6.817228986852615e-06,8.352812476604379e-05
1.007e-05,3.3,0.9447389053331485,2.137811122149012,0.9447443461553763,7.346348114465739e-06,0.1048033004828299,6.81947295649267e-06,8.356492015708997e-05
1.015e-05,3.3,0.9447017058185206,2.137847744286077,0.9446987915142941,7.343416705603723e-06,0.1047795518196006,6.817850605728264e-06,8.353835306870022e-05
1.025e-05,3.3,0.9447326006558107,2.137817334379748,0.9447359798784088,7.345850805906792e-06,0.1047989748829464,6.819168528855591e-06,8.356004104101318e-05
1.035e-05,3.3,0.9447059418981183,2.137843571314316,0.9447043408028791,7.343750695917999e-06,0.1047824521223941,6.818046978402129e-06,8.35415893839183e-05
1.045e-05,3.3,0.9447288664199377,2.137821010157737,0.944731133586365,7.345556559321097e-06,0.1047964513982791,6.818995352564258e-06,8.355721473564298e-05
1.055e-05,3.3,0.9447091037986209,2.137840460252826,0.9447084054667995,7.343999699176261e-06,0.1047845709584109,6.818191782651847e-06,8.354395987109738e-05
1.065e-05,3.3,0.9447261432033044,2.137823688015835,0.9447276671002721,7.345342201830955e-06,0.10479464551151,6.818871649778121e-06,8.355519311583685e-05
1.075e-05,3.3,0.9447114202870359,2.137838183616465,0.9447113266340446,7.34418191893463e-06,0.1047860936427944,6.818295854189898e-06,8.354566347623549e-05
1.085e-05,3.3,0.9447241473926137,2.137825648494746,0.9447251759202093,7.34518527234199e-06,0.1047933475212906,6.818782795116908e-06,8.35537402834146e-05
1.095e-05,3.3,0.9447131232029434,2.137836512084307,0.9447134319127103,7.344315707698636e-06,0.1047871910687626,6.818370846943503e-06,8.354689125973206e-05
1.105e-05,3.3,0.9447226839681175,2.137827083731751,0.9447233845501086,7.345070388749215e-06,0.1047924139687718,6.818718940581548e-06,8.355269557281352e-05
1.115000000000001e-05,3.3,0.9447143801064427,2.137835280080471,0.944714954175551,7.344414317086758e-06,0.1047879847461187,6.818425038641809e-06,8.354777903211553e-05
1.125000000000001e-05,3.3,0.9447216018484981,2.137828143524886,0.9447220877038578,7.344985558813871e-06,0.1047917378921912,6.8186727609083e-06,8.355193926359847e-05
1.135000000000001e-05,3.3,0.9447153106494692,2.13783436946627,0.9447160571983292,7.344487202457731e-06,0.1047885599992313,6.818464273895816e-06,8.35484223065981e-05
1.145000000000001e-05,3.3,0.94472079709341,2.137828930309081,0.9447211450494496,7.344922582454433e-06,0.1047912462336422,6.81863923816629e-06,8.35513895156878e-05
1.155000000000001e-05,3.3,0.9447160021805052,2.137833694056105,0.9447168582496531,7.344541261940727e-06,0.1047889779654916,6.818492729894815e-06,8.354888947354601e-05
1.165000000000001e-05,3.3,0.9447202008359952,2.13782951206468,0.9447204625179093,7.344876017794987e-06,0.1047908900243383,6.818615007895062e-06,8.355099146904953e-05
1.175000000000001e-05,3.3,0.9447165180255753,2.137833191396754,0.9447174411583921,7.344581494260884e-06,0.1047892823293246,6.81851339594447e-06,8.354922942140368e-05
1.185000000000001e-05,3.3,0.9447197558042839,2.13782994508488,0.9447199658638056,7.344841358714532e-06,0.1047906306037448,6.818597417216782e-06,8.355070182446334e-05
1.195000000000001e-05,3.3,0.9447169022584782,2.137832818172162,0.9447178639360377,7.344611366403067e-06,0.1047895032982255,6.818528344776666e-06,8.354947598205909e-05
1.205000000000001e-05,3.3,0.9447194225793069,2.137830268362797,0.9447196044924425,7.344815483863608e-06,0.1047904416379307,6.818584656508089e-06,8.355049107558127e-05
1.215000000000001e-05,3.3,0.9447171912898665,2.137832538235129,0.9447181727611341,7.344633771739754e-06,0.1047896649165587,6.818539226278985e-06,8.354965608650317e-05
1.225000000000001e-05,3.3,0.9447191673079692,2.137830515398098,0.94471933661356,7.344795711665835e-06,0.1047903013018446,6.818575244321072e-06,8.355033485068349e-05
1.235000000000001e-05,3.3,0.9447174105439683,2.137832326744355,0.9447183987874419,7.344650698542039e-06,0.1047897834235817,6.818547150238337e-06,8.354978790337164e-05
1.245000000000001e-05,3.3,0.9447189799292093,2.137830695464114,0.9447191471986637,7.344781300048575e-06,0.1047902018906371,6.818568622012097e-06,8.355022438533099e-05
1.255000000000002e-05,3.3,0.9447175760242603,2.137832167830107,0.9447185628519456,7.344663417094829e-06,0.1047898696514764,6.818552864248606e-06,8.354988358461857e-05
1.265000000000002e-05,3.3,0.94471883333027,2.13783083599001,0.9447190050281586,7.344770053178365e-06,0.1047901270665888,6.81856368922469e-06,8.355014147248828e-05
1.275000000000002e-05,3.3,0.9447177032650014,2.137832046356458,0.9447186830833282,7.344673138860765e-06,0.1047899330400942,6.818557015722523e-06,8.35499537027549e-05
1.285000000000002e-05,3.3,0.9447187212110097,2.137830942772518,0.9447189019904896,7.34476150720211e-06,0.1047900726478921,6.818560148696912e-06,8.355008138158615e-05
1.295000000000002e-05,3.3,0.9447178010271124,2.137831953538364,0.9447187702711144,7.344680567076479e-06,0.1047899792108398,6.818559989450743e-06,8.355000455013971e-05
1.305000000000002e-05,3.3,0.9447186374202278,2.137831021723722,0.9447188299850796,7.344755188939905e-06,0.1047900344043097,6.818557713112605e-06,8.35500393884479e-05
1.315000000000002e-05,3.3,0.9447178749265066,2.137831884234565,0.9447188315634615,7.344686113120816e-06,0.1047900118612606,6.818562045210444e-06,8.355004029551084e-05
1.325000000000002e-05,3.3,0.9447185722574636,2.13783108261384,0.944718777869542,7.344750316260315e-06,0.104790006524171,6.818555986349443e-06,8.355000899491627e-05
1.335000000000002e-05,3.3,0.9447179356091971,2.137831827528371,0.9447188784513726,7.344690650962079e-06,0.1047900370070071,6.8185635874334e-06,8.355006764034248e-05
1.345000000000002e-05,3.3,0.9447185187877395,2.137831132350554,0.9447187388201181,7.344746336214037e-06,0.1047899854914624,6.818554718422746e-06,8.354998622142767e-05
1.355000000000002e-05,3.3,0.9447179836592975,2.137831782996184,0.9447189119552284,7.344694214449347e-06,0.1047900551642521,6.81856465530327e-06,8.355008717970218e-05
1.365000000000002e-05,3.3,0.94471847632388,2.137831171450854,0.9447187111622046,7.344743207476359e-06,0.1047899703973896,6.818553855835577e-06,8.35499700913744e-05
1.375000000000002e-05,3.3,0.9447180198766554,2.137831750088786,0.9447189332626894,7.344696847456206e-06,0.1047900669191145,6.818565297011078e-06,8.355009960621398e-05
1.385000000000002e-05,3.3,0.9447184427251715,2.137831201917173,0.9447186924178197,7.344740769802695e-06,0.1047899599714186,6.818553306599854e-06,8.354995915962336e-05
1.395000000000003e-05,3.3,0.9447180501449562,2.137831722759722,0.9447189487308689,7.344699034055133e-06,0.1047900756317844,6.818565730628723e-06,8.355010862730741e-05
1.405000000000003e-05,3.3,0.9447184157484511,2.137831226129887,0.944718680033808,7.344738832595997e-06,0.1047899528758806,6.818552981039372e-06,8.354995193719378e-05
1.415000000000003e-05,3.3,0.9447180754300364,2.137831700148782,0.9447189594298561,7.344700843067335e-06,0.1047900818305643,6.818565999469592e-06,8.355011486704496e-05
1.425000000000003e-05,3.3,0.9447183917906313,2.137831247509419,0.9447186706452291,7.344737122116952e-06,0.1047899473679876,6.818552757458071e-06,8.354994646167385e-05
1.435000000000003e-05,3.3,0.9447180932089836,2.137831684987312,0.9447189628631306,7.344702055774807e-06,0.1047900842111669,6.818566015257909e-06,8.355011686946509e-05
1.445000000000003e-05,3.3,0.9447183746597447,2.137831262074577,0.9447186676856644,7.344735957121607e-06,0.1047899452587253,6.81855275419179e-06,8.354994473551797e-05
1.455000000000003e-05,3.3,0.9447181100262391,2.137831670578555,0.9447189657583186,7.344703208303717e-06,0.1047900862855295,6.818566016492842e-06,8.355011855807828e-05
1.465000000000003e-05,3.3,0.9447183595685671,2.13783127490977,0.9447186662813288,7.344734930498018e-06,0.1047899439627658,6.818552805762975e-06,8.354994391636065e-05
1.475000000000003e-05,3.3,0.9447181252679301,2.137831657412434,0.9447189675797328,7.344704261480285e-06,0.1047900877728201,6.818565984380917e-06,8.355011962047378e-05
1.485000000000003e-05,3.3,0.9447183447992669,2.137831287674312,0.9447186646717617,7.344733909439532e-06,0.104789942580272,6.818552846362731e-06,8.35499429775112e-05
1.495000000000003e-05,3.3,0.9447181388799597,2.137831645712102,0.944718968262774,7.344705197380549e-06,0.10479008866089,6.818565912863522e-06,8.355012001897788e-05
1.505000000000003e-05,3.3,0.9447183320001356,2.137831298643524,0.9447186647726542,7.344733032033404e-06,0.1047899421281965,6.818552940965616e-06,8.354994303619333e-05
1.515000000000003e-05,3.3,0.9447181510072546,2.137831635396394,0.9447189675820711,7.344706022478918e-06,0.1047900888014898,6.818565799272025e-06,8.355011962215334e-05
1.525000000000004e-05,3.3,0.9447183228723514,2.137831306014283,0.9447186681358776,7.344732442655877e-06,0.10478994340598,6.818553146415512e-06,8.354994499745129e-05
1.535000000000003e-05,3.3,0.9447181600255122,2.137831628111579,0.944718964276824,7.344706604983881e-06,0.1047900875576751,6.818565595250898e-06,8.355011769470546e-05
1.545000000000003e-05,3.3,0.9447183140006468,2.137831313183972,0.9447186712355239,7.344731869353885e-06,0.1047899445438716,6.818553342832077e-06,8.354994680499539e-05
1.555000000000003e-05,3.3,0.94471817113402,2.137831618417438,0.9447189637701485,7.344707380469096e-06,0.1047900877532386,6.818565494318965e-06,8.355011739936873e-05
1.565000000000003e-05,3.3,0.9447183049380145,2.137831320742174,0.9447186738162043,7.344731264880218e-06,0.1047899454686735,6.818553510632594e-06,8.35499483098835e-05
1.575000000000003e-05,3.3,0.9447181770401166,2.13783161410492,0.9447189582354638,7.344707725094249e-06,0.1047900852986255,6.818565219697433e-06,8.35501141717174e-05
1.585000000000003e-05,3.3,0.94471829651315,2.137831327865937,0.9447186764030796,7.344730695110557e-06,0.1047899463799307,6.818553681526348e-06,8.354994981838891e-05
1.595000000000003e-05,3.3,0.9447181840468161,2.137831608419646,0.9447189542493837,7.344708179705512e-06,0.1047900836296447,6.818565004018923e-06,8.35501118472017e-05
1.605000000000003e-05,3.3,0.9447182894507574,2.137831333634347,0.9447186800373136,7.344730233833303e-06,0.1047899478750377,6.818553882948295e-06,8.354995193771195e-05
1.615000000000003e-05,3.3,0.9447181913172112,2.137831602329232,0.944718951153308,7.344708666798901e-06,0.1047900824134618,6.818564822072458e-06,8.35501100417282e-05
1.625000000000003e-05,3.3,0.9447182827609666,2.137831339100655,0.9447186837022232,7.34472979671387e-06,0.10478994941243,6.818554080774781e-06,8.354995407492777e-05
1.635000000000002e-05,3.3,0.9447181980658506,2.137831596805035,0.944718947733733,7.344709108551803e-06,0.1047900810051432,6.818564632803274e-06,8.355010804758852e-05
1.645000000000002e-05,3.3,0.9447182774019189,2.137831343370992,0.9447186881745028,7.344729455283038e-06,0.1047899513793111,6.818554305731051e-06,8.354995668300232e-05
1.655000000000002e-05,3.3,0.9447182025813605,2.137831593409067,0.944718942492699,7.344709379978063e-06,0.1047900786143044,6.818564384604339e-06,8.355010499117841e-05
1.665000000000002e-05,3.3,0.944718269233293,2.137831350707788,0.9447186894032633,7.344728868290598e-06,0.1047899516575486,6.818554414873307e-06,8.35499573994769e-05
1.675000000000002e-05,3.3,0.9447182081307977,2.137831588776026,0.9447189387131607,7.344709750504976e-06,0.1047900769735454,6.818564190524221e-06,8.355010278710198e-05
1.685000000000002e-05,3.3,0.9447182643685896,2.13783135466044,0.9447186937096935,7.344728552226739e-06,0.1047899535758716,6.818554627159567e-06,8.354995991083682e-05
1.695000000000002e-05,3.3,0.9447182137590985,2.137831584031555,0.9447189354295921,7.344710129963465e-06,0.1047900755866767,6.818564014987137e-06,8.35501008722687e-05
1.705000000000002e-05,3.3,0.9447182587944767,2.137831359330433,0.9447186969967352,7.344728178736446e-06,0.104789954979512,6.818554800171192e-06,8.354996182769726e-05
1.715000000000002e-05,3.3,0.9447182202749737,2.137831578161766,0.9447189332267875,7.344710599588687e-06,0.1047900747427234,6.818563881493222e-06,8.35500995877268e-05
1.725000000000002e-05,3.3,0.9447182555660125,2.137831361816581,0.9447187021485447,7.344727980004324e-06,0.1047899573785359,6.818555035359996e-06,8.354996483208477e-05
1.735000000000002e-05,3.3,0.9447182219949298,2.137831577404763,0.9447189265114724,7.344710659824457e-06,0.1047900715200121,6.818563592228691e-06,8.355009567150846e-05
1.745000000000001e-05,3.3,0.9447182504134011,2.137831366296856,0.9447187052015328,7.344727621617769e-06,0.1047899586944869,6.818555193922121e-06,8.354996661245579e-05
1.755000000000001e-05,3.3,0.9447182276056341,2.137831572287316,0.9447189244404172,7.344711069279933e-06,0.1047900707071296,6.818563470230685e-06,8.355009446379479e-05
1.765000000000001e-05,3.3,0.9447182459251392,2.137831370264796,0.9447187083369781,7.344727304188806e-06,0.1047899600618411,6.818555353843693e-06,8.354996844091834e-05
1.775000000000001e-05,3.3,0.9447182341105683,2.137831566255296,0.9447189232156775,7.34471155195468e-06,0.1047900703349215,6.818563378408347e-06,8.355009374964426e-05
1.785000000000001e-05,3.3,0.9447182429942417,2.137831372566026,0.9447187129513254,7.344727120218178e-06,0.1047899622355836,6.818555560099087e-06,8.354997113187133e-05
1.795000000000001e-05,3.3,0.9447182375414375,2.137831563324458,0.9447189193006871,7.344711786371213e-06,0.1047900685356932,6.818563195291368e-06,8.355009146655052e-05
1.805000000000001e-05,3.3,0.9447182391851017,2.137831375917091,0.944718716562435,7.344726852147126e-06,0.1047899638802959,6.818555731750016e-06,8.35499732377461e-05
1.815000000000001e-05,3.3,0.9447182420180974,2.137831559248193,0.9447189166908697,7.344712112514778e-06,0.1047900674030376,6.818563061071465e-06,8.355008994462393e-05
1.825000000000001e-05,3.3,0.9447182347941185,2.137831379959215,0.9447187189616723,7.344726528717628e-06,0.104789964900257,6.818555858940479e-06,8.354997463686482e-05
1.835000000000001e-05,3.3,0.944718243357947,2.137831558388176,0.9447189113577561,7.344712181170703e-06,0.1047900648260125,6.818562834422941e-06,8.355008683448062e-05
1.845e-05,3.3,0.9447182316244616,2.137831382862102,0.944718722277929,7.344726296454259e-06,0.1047899664198863,6.818556014904988e-06,8.354997657079073e-05
1.855e-05,3.3,0.9447182466076485,2.137831555440883,0.9447189081181809,7.344712416975907e-06,0.1047900633468938,6.818562681093862e-06,8.355008494527443e-05
1.865e-05,3.3,0.9447182267341406,2.137831387441347,0.94471872383049,7.344725930014197e-06,0.1047899670371585,6.818556105102498e-06,8.35499774761394e-05
1.875e-05,3.3,0.9447182509147928,2.137831551288479,0.9447189062165035,7.344712749303194e-06,0.1047900625477574,6.818562578467302e-06,8.355008383632192e-05
1.885e-05,3.3,0.9447182254536748,2.137831388470626,0.9447187285828273,7.344725847726636e-06,0.1047899693365559,6.818556306586564e-06,8.35499802475846e-05
1.895e-05,3.3,0.9447182532806181,2.137831549194599,0.9447189026208196,7.344712916804184e-06,0.1047900608570968,6.818562417131346e-06,8.35500817394286e-05
1.905e-05,3.3,0.9447182233601719,2.137831390273405,0.94471873218451,7.344725703534315e-06,0.1047899710551804,6.818556463696391e-06,8.354998234797794e-05
1.915e-05,3.3,0.9447182584217609,2.137831544125743,0.9447189021846517,7.344713322522947e-06,0.1047900608021827,6.818562370232344e-06,8.355008148514616e-05
1.925e-05,3.3,0.9447182198273567,2.137831393808176,0.9447187343172005,7.344725420591898e-06,0.1047899719876984,6.81855657219223e-06,8.354998359166379e-05
1.935e-05,3.3,0.944718258362593,2.137831544340693,0.9447188967399814,7.344713305244967e-06,0.1047900581103405,6.818562149778833e-06,8.355007830992885e-05
1.945e-05,3.3,0.9447182180993464,2.137831395304914,0.9447187378856823,7.344725300876407e-06,0.104789973693296,6.818556727306795e-06,8.354998567270045e-05
1.954999999999999e-05,3.3,0.9447182624456365,2.137831540295811,0.9447188956406466,7.344713629007292e-06,0.1047900576941991,6.818562082086242e-06,8.355007766888559e-05
1.964999999999999e-05,3.3,0.9447182129027609,2.13783140055541,0.9447187379111944,7.344724880571318e-06,0.1047899735588148,6.818556755211959e-06,8.354998568749673e-05
1.974999999999999e-05,3.3,0.9447182646775355,2.137831538058527,0.9447188928356198,7.344713808088041e-06,0.104790056364575,6.818561958012417e-06,8.355007603308865e-05
1.984999999999999e-05,3.3,0.9447182113901372,2.137831402178248,0.9447187411492127,7.344724750639376e-06,0.1047899751150472,6.818556894496376e-06,8.354998757581287e-05
1.994999999999999e-05,3.3,0.9447182664930764,2.137831536248286,0.944718889767367,7.344713952980739e-06,0.1047900548942356,6.818561825218159e-06,8.355007424377755e-05
2.004999999999999e-05,3.3,0.9447182095615794,2.137831403945349,0.9447187441654561,7.344724609219967e-06,0.1047899765664518,6.81855702398093e-06,8.354998933479442e-05
2.014999999999999e-05,3.3,0.9447182678792478,2.137831534853312,0.9447188864885921,7.34471406463633e-06,0.1047900533012132,6.818561687252705e-06,8.355007233168814e-05
2.024999999999999e-05,3.3,0.9447182056423418,2.137831408126382,0.9447187446221372,7.344724274450594e-06,0.1047899766762426,6.818557063665714e-06,8.35499896010542e-05
2.034999999999999e-05,3.3,0.944718271054342,2.137831531505446,0.9447188853166292,7.344714332679241e-06,0.1047900528042735,6.81856162466148e-06,8.355007164827966e-05
2.044999999999999e-05,3.3,0.9447182038467401,2.137831409948838,0.9447187473733932,7.34472412856783e-06,0.1047899780084635,6.81855718034576e-06,8.354999120549974e-05
2.054999999999998e-05,3.3,0.9447182739092174,2.137831528387162,0.9447188838852691,7.344714582376869e-06,0.1047900521804584,6.818561551355557e-06,8.355007081358908e-05
2.064999999999998e-05,3.3,0.9447182016290362,2.137831412408612,0.9447187492179222,7.344723931591092e-06,0.104789978849785,6.818557267923866e-06,8.354999228114956e-05
2.074999999999998e-05,3.3,0.944718275662445,2.137831526489996,0.9447188814886018,7.34471473428184e-06,0.1047900510215739,6.81856144937504e-06,8.355006941593356e-05
2.084999999999998e-05,3.3,0.9447182007033231,2.137831413515111,0.944718752347433,7.344723842965259e-06,0.1047899803885577,6.818557396346362e-06,8.354999410619566e-05
2.094999999999998e-05,3.3,0.944718276832123,2.137831525162296,0.9447188788167838,7.34471484060666e-06,0.1047900497193209,6.818561337652289e-06,8.355006785781003e-05
2.104999999999998e-05,3.3,0.944718199528964,2.137831414879848,0.9447187549775046,7.344723733664153e-06,0.1047899816859073,6.818557503614198e-06,8.354999563997546e-05
2.114999999999998e-05,3.3,0.9447182794161545,2.137831522240877,0.9447188777487244,7.344715074572333e-06,0.1047900492480784,6.818561283869959e-06,8.355006723498736e-05
2.124999999999998e-05,3.3,0.9447181971409718,2.137831417500587,0.9447187561911464,7.344723523804797e-06,0.1047899822323683,6.818557562661393e-06,8.354999634770097e-05
2.134999999999998e-05,3.3,0.9447182809235738,2.137831520416051,0.9447188756014824,7.344715220749135e-06,0.1047900482145821,6.81856119163389e-06,8.355006598278991e-05
2.144999999999998e-05,3.3,0.94471819519583,2.137831419856611,0.9447187576428603,7.344723335072102e-06,0.1047899829032471,6.818557630124038e-06,8.354999719427161e-05
2.154999999999997e-05,3.3,0.9447182827511177,2.137831518278454,0.9447188739692002,7.34471539196086e-06,0.1047900474338684,6.818561120522101e-06,8.355006503091158e-05
2.164999999999997e-05,3.3,0.944718194968626,2.137831420289933,0.9447187609735499,7.344723300324184e-06,0.104789984588315,6.818557758318532e-06,8.354999913665363e-05
2.174999999999997e-05,3.3,0.9447182841375518,2.137831516608899,0.9447188720558265,7.34471552569643e-06,0.1047900464963024,6.818561041264205e-06,8.355006391510082e-05
2.184999999999997e-05,3.3,0.9447181939799845,2.137831421652407,0.9447187630865005,7.344723191137818e-06,0.104789985629088,6.818557844802295e-06,8.355000036885767e-05
2.194999999999997e-05,3.3,0.9447182849784197,2.137831515413681,0.9447188697859293,7.344715621487124e-06,0.1047900453741207,6.818560949123646e-06,8.355006259136399e-05
2.204999999999997e-05,3.3,0.9447181924914849,2.13783142348463,0.9447187646323465,7.344723044358632e-06,0.1047899863706608,6.818557911722778e-06,8.355000127033304e-05
2.214999999999997e-05,3.3,0.9447182858063878,2.137831514148222,0.944718867876841,7.344715722930312e-06,0.1047900444282052,6.818560871965692e-06,8.35500614780477e-05
2.224999999999997e-05,3.3,0.9447181922843773,2.137831424101569,0.9447187671471979,7.344722994838857e-06,0.1047899876428915,6.818558008569251e-06,8.355000273692772e-05
2.234999999999997e-05,3.3,0.9447182871606415,2.137831512422512,0.9447188664078937,7.344715861193126e-06,0.1047900437190727,6.818560809162369e-06,8.355006062141702e-05
2.244999999999997e-05,3.3,0.9447181907033116,2.137831426031152,0.944718768330404,7.344722840264084e-06,0.1047899882044721,6.818558060942469e-06,8.355000342691622e-05
2.254999999999997e-05,3.3,0.9447182886401289,2.137831510553755,0.9447188653257389,7.344716010913615e-06,0.1047900431996384,6.818560762276331e-06,8.355005999036067e-05
2.264999999999996e-05,3.3,0.9447181885149324,2.137831428741702,0.9447187687419021,7.344722623111066e-06,0.1047899883693688,6.818558084876981e-06,8.35500036668488e-05
2.274999999999996e-05,3.3,0.9447182893311246,2.137831509447455,0.9447188632796683,7.344716099608807e-06,0.1047900421765719,6.818560681247541e-06,8.355005879715245e-05
2.284999999999996e-05,3.3,0.9447181892480986,2.137831428405674,0.944718771903102,7.344722649879992e-06,0.104789989994008,6.818558201936867e-06,8.35500055103968e-05
2.294999999999996e-05,3.3,0.9447182914400568,2.137831506817863,0.944718862952999,7.34471631028113e-06,0.1047900420350578,6.818560664034807e-06,8.355005860668936e-05
2.304999999999996e-05,3.3,0.9447181881465084,2.137831430015486,0.944718773096489,7.344722520845155e-06,0.1047899905787503,6.818558251467094e-06,8.355000620632618e-05
2.314999999999996e-05,3.3,0.9447182931280536,2.137831504570153,0.9447188624451744,7.344716490397765e-06,0.1047900418214918,6.818560636472525e-06,8.355005831057552e-05
2.324999999999996e-05,3.3,0.944718187006701,2.13783143159899,0.9447187744604918,7.344722393939078e-06,0.1047899912612818,6.818558305544231e-06,8.355000700175963e-05
2.334999999999996e-05,3.3,0.9447182917768444,2.137831505472346,0.9447188589840992,7.344716418326408e-06,0.1047900400275468,6.818560511082299e-06,8.355005629213804e-05
2.344999999999996e-05,3.3,0.9447181867406755,2.137831432395735,0.944718776181423,7.34472232998181e-06,0.1047899921314231,6.818558371956873e-06,8.355000800535462e-05
2.354999999999996e-05,3.3,0.9447182924596522,2.137831504357197,0.9447188575428388,7.344716507736929e-06,0.1047900393068572,6.818560453963348e-06,8.355005545164532e-05
2.364999999999995e-05,3.3,0.9447181862178512,2.137831433448166,0.944718777596841,7.34472224555705e-06,0.104789992847593,6.818558426559898e-06,8.355000883077702e-05
2.374999999999995e-05,3.3,0.9447182937760618,2.137831502501885,0.9447188568349082,7.344716656435362e-06,0.1047900389655977,6.81856042343209e-06,8.355005503882613e-05
2.384999999999995e-05,3.3,0.9447181825907857,2.137831437666586,0.9447187759759202,7.344721907673557e-06,0.1047899919571188,6.818558377364476e-06,8.355000788542236e-05
2.394999999999995e-05,3.3,0.9447182939325057,2.137831501770648,0.9447188550646923,7.344716715164999e-06,0.104790038058909,6.81856035717648e-06,8.355005400648647e-05
2.404999999999995e-05,3.3,0.9447181824907361,2.137831438270106,0.9447187778624594,7.344721859192869e-06,0.104789992934669,6.818558445956499e-06,8.355000898560222e-05
2.414999999999995e-05,3.3,0.9447182951572144,2.13783150000818,0.9447188544687709,7.344716856431417e-06,0.1047900377551883,6.818560334348606e-06,8.355005365898753e-05
2.424999999999995e-05,3.3,0.9447181813221092,2.137831439958801,0.9447187786177033,7.344721723837972e-06,0.1047899933128986,6.818558475980937e-06,8.355000942601625e-05
2.434999999999995e-05,3.3,0.9447182951542089,2.137831499467067,0.9447188525952767,7.34471689993121e-06,0.1047900367888203,6.818560265459616e-06,8.355005256641488e-05
2.444999999999995e-05,3.3,0.9447181810670211,2.13783144085149,0.9447187800411723,7.344721652161416e-06,0.1047899940457492,6.818558528648187e-06,8.35500102561385e-05
2.454999999999995e-05,3.3,0.9447182951230094,2.137831498883149,0.9447188510041619,7.34471694688277e-06,0.1047900359663633,6.818560207247896e-06,8.355005163852166e-05
2.464999999999995e-05,3.3,0.9447181808402901,2.13783144163627,0.9447187813666639,7.344721589150988e-06,0.10478999472356,6.818558578486068e-06,8.355001102912118e-05
2.474999999999994e-05,3.3,0.9447182956630613,2.137831497745067,0.9447188499794285,7.344717038189126e-06,0.1047900354350948,6.818560169902441e-06,8.355005104093844e-05
2.484999999999994e-05,3.3,0.944718180108637,2.13783144298012,0.9447187821317262,7.344721481367807e-06,0.104789995109015,6.81855860842399e-06,8.355001147526621e-05
2.494999999999994e-05,3.3,0.9447182959339541,2.137831496885063,0.9447188487029617,7.344717107232524e-06,0.1047900347783164,6.818560122595036e-06,8.35500502965454e-05
2.504999999999994e-05,3.3,0.9447181812056229,2.137831442446166,0.9447187846206435,7.344721523919666e-06,0.1047899964081687,6.818558697008813e-06,8.35500129267564e-05
2.514999999999994e-05,3.3,0.9447182951487723,2.137831497087402,0.9447188466690185,7.34471709123322e-06,0.1047900337121084,6.818560050968911e-06,8.355004911039202e-05
2.524999999999994e-05,3.3,0.9447181797542652,2.13783144459178,0.9447187843424933,7.344721351926057e-06,0.1047899962768762,6.818558685010546e-06,8.355001276450916e-05
2.534999999999994e-05,3.3,0.9447182961914421,2.137831495369976,0.9447188464462135,7.344717228943871e-06,0.1047900336055528,6.818560041018671e-06,8.355004898048557e-05
2.544999999999994e-05,3.3,0.9447181804561545,2.137831444465826,0.9447187863135126,7.344721361812602e-06,0.1047899973047698,6.818558755376846e-06,8.355001391396534e-05
2.554999999999994e-05,3.3,0.9447182971502837,2.137831493765488,0.9447188462730822,7.344717357603449e-06,0.104790033504538,6.818560036458228e-06,8.355004887954742e-05
2.564999999999994e-05,3.3,0.9447181802357713,2.137831445305532,0.9447187873244293,7.344721294383039e-06,0.1047899978296542,6.818558792030846e-06,8.355001450349526e-05
2.574999999999993e-05,3.3,0.9447182974917914,2.137831492817899,0.9447188453830563,7.344717433664573e-06,0.1047900330454056,6.818560003624956e-06,8.355004836052047e-05
2.584999999999993e-05,3.3,0.9447181790274465,2.137831447136075,0.9447187873525122,7.344721147635796e-06,0.1047899978440798,6.818558793388425e-06,8.355001451984275e-05
2.594999999999993e-05,3.3,0.9447182985465836,2.137831491087968,0.9447188452397944,7.344717572376688e-06,0.1047900329692831,6.818559998457157e-06,8.355004827700045e-05
2.604999999999993e-05,3.3,0.9447181804153949,2.137831446422752,0.9447187897640673,7.344721204505607e-06,0.104789999123177,6.818558875602446e-06,8.35500159262199e-05
2.614999999999993e-05,3.3,0.944718297522532,2.137831491463362,0.94471884329924,7.344717542548747e-06,0.1047900319402265,6.818559932233162e-06,8.355004714530744e-05
2.624999999999993e-05,3.3,0.9447181797476709,2.137831447715424,0.9447187900493044,7.344721100813739e-06,0.1047899992662976,6.818558886997208e-06,8.355001609254102e-05
2.634999999999993e-05,3.3,0.9447182981959783,2.137831490116542,0.9447188429797824,7.344717650592514e-06,0.1047900317736902,6.818559920583322e-06,8.35500469590285e-05
2.644999999999993e-05,3.3,0.9447181812932786,2.137831446802449,0.9447187924037516,7.34472117368035e-06,0.1047900005254462,6.818558965396206e-06,8.355001746561523e-05
2.654999999999993e-05,3.3,0.9447182982852107,2.137831489450313,0.9447188421824979,7.344717704120933e-06,0.1047900313386611,6.818559895396293e-06,8.355004649408365e-05
2.664999999999993e-05,3.3,0.9447181812004852,2.137831447405691,0.9447187932362687,7.344721125217624e-06,0.1047900009563537,6.818558995796668e-06,8.355001795111066e-05
2.674999999999993e-05,3.3,0.9447182993822221,2.1378314876969,0.9447188424147762,7.344717844706626e-06,0.104790031467694,6.818559902001148e-06,8.355004662957258e-05
2.684999999999992e-05,3.3,0.9447181799780736,2.137831449330192,0.9447187929416199,7.344720970919955e-06,0.1047900008026527,6.818558985614354e-06,8.355001777924591e-05
2.694999999999992e-05,3.3,0.9447182989218531,2.137831487425118,0.944718841226305,7.344717866715151e-06,0.1047900308210152,6.818559864256417e-06,8.355004593648693e-05
2.704999999999992e-05,3.3,0.9447181806907818,2.137831449227985,0.9447187944715038,7.344720978892354e-06,0.10479000161632,6.818559037438713e-06,8.355001867144218e-05
2.714999999999992e-05,3.3,0.9447182995026077,2.137831486153602,0.9447188409763,7.344717968737582e-06,0.1047900306874237,6.818559855674477e-06,8.355004579070952e-05
2.724999999999992e-05,3.3,0.9447181803259442,2.137831450384354,0.9447187947829011,7.344720886051394e-06,0.104790001802025,6.818559044647122e-06,8.355001885302328e-05
2.734999999999992e-05,3.3,0.9447182975011222,2.13783148759801,0.9447188383366204,7.34471785330359e-06,0.1047900292813701,6.818559766856764e-06,8.355004425128589e-05
2.744999999999992e-05,3.3,0.9447181814473422,2.137831449844633,0.9447187964627212,7.34472092905685e-06,0.1047900026917202,6.818559102123272e-06,8.355001983266371e-05
2.754999999999992e-05,3.3,0.9447182980585701,2.137831486372968,0.944718838280977,7.3447179515977e-06,0.1047900292341228,6.818559767878856e-06,8.355004421885712e-05
2.764999999999992e-05,3.3,0.9447181812967085,2.137831450647593,0.9447187968730266,7.344720864555555e-06,0.1047900029229482,6.818559113864263e-06,8.355002007193001e-05
2.774999999999992e-05,3.3,0.9447182986569129,2.137831485051002,0.9447188383746026,7.344718057670681e-06,0.1047900292564918,6.818559775667919e-06,8.355004427347993e-05
2.784999999999991e-05,3.3,0.9447181810342484,2.137831451610985,0.9447187972014084,7.34472078719441e-06,0.1047900031061784,6.818559123642288e-06,8.355002026341865e-05
2.794999999999991e-05,3.3,0.9447182979901263,2.137831485138177,0.9447188370720087,7.344718050891166e-06,0.1047900285552192,6.818559733041428e-06,8.355004351383464e-05
2.804999999999991e-05,3.3,0.9447181789666107,2.13783145441409,0.9447187957489906,7.344720562552127e-06,0.1047900023716083,6.818559068221709e-06,8.355001941635536e-05
2.814999999999991e-05,3.3,0.9447182972560759,2.137831485193695,0.9447188358781061,7.344718046681052e-06,0.1047900279193864,6.818559692751071e-06,8.35500428175778e-05
2.824999999999991e-05,3.3,0.9447181792555179,2.13783145487087,0.9447187965062527,7.344720525728836e-06,0.1047900027844138,6.818559092186193e-06,8.355001985796674e-05
2.834999999999991e-05,3.3,0.944718297992917,2.137831483777366,0.9447188360733048,7.344718160292708e-06,0.1047900280046274,6.818559702401449e-06,8.35500429314377e-05
2.844999999999991e-05,3.3,0.9447181791253791,2.137831455625208,0.9447187968649019,7.344720465129087e-06,0.1047900029949468,6.818559100972338e-06,8.355002006710717e-05
2.854999999999991e-05,3.3,0.9447182975453277,2.13783148350333,0.9447188351147701,7.344718182478902e-06,0.1047900274775394,6.818559672919909e-06,8.355004237244487e-05
2.864999999999991e-05,3.3,0.9447181792531667,2.137831456253734,0.94471879744609,7.344720414553536e-06,0.1047900033090592,6.818559119892756e-06,8.35500204060343e-05
2.874999999999991e-05,3.3,0.9447182973731929,2.137831482932892,0.9447188345604329,7.344718228399957e-06,0.1047900271662635,6.818559656941279e-06,8.355004204917837e-05
2.884999999999991e-05,3.3,0.9447181793465005,2.13783145689782,0.9447187979293628,7.344720362739045e-06,0.1047900035823594,6.81855913350846e-06,8.355002068785629e-05
2.89499999999999e-05,3.3,0.9447182966920781,2.13783148302028,0.944718833381838,7.344718221608836e-06,0.1047900265311896,6.818559618471148e-06,8.355004136184593e-05
2.90499999999999e-05,3.3,0.944718180450631,2.137831456359517,0.944718799450908,7.34472040563546e-06,0.1047900044094892,6.818559181816216e-06,8.355002157519605e-05
2.91499999999999e-05,3.3,0.94471829656754,2.137831482401255,0.9447188329944418,7.344718271419478e-06,0.1047900263028398,6.818559609176601e-06,8.355004113593756e-05
2.92499999999999e-05,3.3,0.9447181799124087,2.137831457635337,0.9447187992188056,7.344720303250534e-06,0.1047900042994252,6.818559171806841e-06,8.355002143981853e-05
2.93499999999999e-05,3.3,0.9447182965581069,2.137831481791581,0.9447188326128464,7.344718320437551e-06,0.1047900260813092,6.818559599421864e-06,8.355004091341024e-05
2.94499999999999e-05,3.3,0.944718180319542,2.137831457955324,0.9447187998225822,7.344720277383292e-06,0.1047900046396308,6.818559188949149e-06,8.355002179192085e-05
2.95499999999999e-05,3.3,0.9447182961193056,2.137831481495842,0.94471883189207,7.344718344366231e-06,0.1047900256811461,6.818559577912131e-06,8.355004049307416e-05
2.96499999999999e-05,3.3,0.9447181812269259,2.137831457653452,0.944718801077411,7.344720301339391e-06,0.1047900053267861,6.81855922793128e-06,8.355002252371413e-05
2.97499999999999e-05,3.3,0.9447182950861611,2.137831481899399,0.9447188307029967,7.344718312279155e-06,0.104790025033579,6.818559540369949e-06,8.355003979962712e-05
2.98499999999999e-05,3.3,0.9447181817574775,2.137831457794318,0.9447188017157596,7.344720289830366e-06,0.1047900056908948,6.818559245238866e-06,8.355002289597933e-05
2.994999999999989e-05,3.3,0.9447182948048747,2.137831481489826,0.9447188303197507,7.344718345304885e-06,0.1047900248108333,6.818559530657114e-06,8.355003957613505e-05
3.004999999999989e-05,3.3,0.9447181814024133,2.13783145883021,0.9447188015586678,7.34472020667159e-06,0.104790005626529,6.818559236705798e-06,8.35500228043501e-05
3.014999999999989e-05,3.3,0.9447182951442225,2.137831480485784,0.9447188304543067,7.344718425908321e-06,0.1047900248545623,6.818559539957941e-06,8.355003965462247e-05
3.024999999999989e-05,3.3,0.9447181816579406,2.13783145923777,0.9447188019355743,7.344720173816743e-06,0.1047900058470211,6.81855924600678e-06,8.355002302414486e-05
3.034999999999989e-05,3.3,0.944718294454435,2.137831480562752,0.9447188295477876,7.344718419959207e-06,0.1047900243628494,6.818559510944915e-06,8.355003912596063e-05
3.044999999999989e-05,3.3,0.9447181815821568,2.137831459984164,0.9447188020702586,7.344720113835374e-06,0.1047900059292292,6.818559248832214e-06,8.355002310267811e-05
3.054999999999989e-05,3.3,0.9447182945197325,2.137831479833177,0.9447188295828015,7.344718478591833e-06,0.1047900243480692,6.818559517908563e-06,8.355003914639386e-05
3.064999999999989e-05,3.3,0.9447181832313488,2.137831458918543,0.9447188037818381,7.344720198936579e-06,0.1047900068673152,6.81855930174077e-06,8.355002410084794e-05
3.074999999999989e-05,3.3,0.9447182942053826,2.137831479432945,0.9447188291814675,7.344718510878335e-06,0.1047900241212756,6.818559506595448e-06,8.35500389123525e-05
3.08499999999999e-05,3.3,0.9447181833368502,2.137831459492606,0.9447188039545286,7.344720152747011e-06,0.1047900069778882,6.818559304383514e-06,8.355002420154692e-05
3.09499999999999e-05,3.3,0.9447182946797317,2.13783147836851,0.9447188295308668,7.344718596290333e-06,0.1047900242818757,6.818559522709902e-06,8.355003911613259e-05
3.10499999999999e-05,3.3,0.9447181834709331,2.137831460038583,0.9447188042005197,7.344720108805494e-06,0.1047900071360573,6.818559307989953e-06,8.355002434499439e-05
3.11499999999999e-05,3.3,0.9447182935912549,2.137831478761787,0.9447188284431433,7.344718565050277e-06,0.1047900236758162,6.81855949078146e-06,8.355003848179068e-05
3.124999999999991e-05,3.3,0.9447181848125004,2.137831459304269,0.9447188055251418,7.344720167377003e-06,0.1047900078602252,6.81855934927444e-06,8.355002511749479e-05
3.134999999999991e-05,3.3,0.9447182936280788,2.137831478059954,0.9447188284895188,7.344718621462689e-06,0.1047900236756546,6.818559496617592e-06,8.355003850884849e-05
3.144999999999991e-05,3.3,0.944718184087296,2.137831460757315,0.9447188048082689,7.344720050807603e-06,0.1047900075029119,6.818559321002367e-06,8.355002469940635e-05
3.154999999999991e-05,3.3,0.9447182936308846,2.137831477335806,0.9447188285398047,7.344718679681682e-06,0.1047900236830612,6.818559501613981e-06,8.355003853818744e-05
3.164999999999992e-05,3.3,0.9447181842981207,2.137831461257635,0.9447188050570035,7.34472001050942e-06,0.1047900076535882,6.818559326273669e-06,8.355002484445462e-05
3.174999999999992e-05,3.3,0.9447182905922118,2.137831479863348,0.9447188254760539,7.344718477528566e-06,0.1047900220438929,6.818559399943785e-06,8.355003675143552e-05
3.184999999999992e-05,3.3,0.9447181850923415,2.137831461085962,0.9447188056840727,7.344720024036101e-06,0.1047900080099969,6.818559343442265e-06,8.355002521014773e-05
3.194999999999992e-05,3.3,0.944718292718526,2.137831476998815,0.944718827703192,7.344718707091287e-06,0.104790023200868,6.818559479787539e-06,8.355003805030149e-05
3.204999999999993e-05,3.3,0.9447181850059269,2.137831461801492,0.9447188055824722,7.344719966539457e-06,0.1047900079831778,6.818559335315476e-06,8.355002515088429e-05
3.214999999999993e-05,3.3,0.944718289700447,2.137831479535344,0.9447188247116028,7.344718504208553e-06,0.1047900215866116,6.818559382941181e-06,8.355003630563284e-05
3.224999999999993e-05,3.3,0.9447181849181165,2.137831462564546,0.9447188053359499,7.344719905222505e-06,0.1047900078730965,6.818559323374421e-06,8.35500250071031e-05
3.234999999999993e-05,3.3,0.9447182896205575,2.137831478987667,0.944718824742117,7.344718548267817e-06,0.104790021575072,6.818559388786887e-06,8.355003632343826e-05
3.244999999999993e-05,3.3,0.9447181853480353,2.137831462646376,0.9447188057489232,7.344719898495281e-06,0.1047900081189216,6.818559332756597e-06,8.355002524793693e-05
3.254999999999994e-05,3.3,0.944718289492774,2.13783147843337,0.9447188247102262,7.34471859287661e-06,0.104790021540617,6.818559390700144e-06,8.35500363048508e-05
3.264999999999994e-05,3.3,0.9447181852825719,2.137831463430181,0.9447188056137076,7.344719835501403e-06,0.1047900080752885,6.818559323321596e-06,8.355002516906963e-05
3.274999999999994e-05,3.3,0.9447182896400823,2.137831477705048,0.9447188249309392,7.344718651380255e-06,0.1047900216269727,6.818559403534959e-06,8.355003643357866e-05
3.284999999999994e-05,3.3,0.9447181861801554,2.137831463150036,0.9447188063968589,7.344719857712359e-06,0.1047900085160406,6.81855934553258e-06,8.355002562578997e-05
3.294999999999995e-05,3.3,0.9447182894960378,2.137831477187317,0.9447188248953143,7.34471869305495e-06,0.1047900215939635,6.818559404723356e-06,8.355003641281211e-05
3.304999999999995e-05,3.3,0.9447181871250682,2.137831462806519,0.9447188072132431,7.344719885001892e-06,0.1047900089713534,6.818559369407712e-06,8.355002610189144e-05
3.314999999999995e-05,3.3,0.9447182888831489,2.137831477157548,0.9447188244739816,7.344718695661516e-06,0.1047900213407863,6.818559395578128e-06,8.355003616710205e-05
3.324999999999995e-05,3.3,0.9447181867997793,2.137831463770853,0.9447188067737845,7.344719807584818e-06,0.1047900087559256,6.81855935144898e-06,8.355002584559182e-05
3.334999999999996e-05,3.3,0.9447182888008688,2.137831476717789,0.9447188244113838,7.34471873104482e-06,0.1047900212816926,6.818559397936834e-06,8.355003613060426e-05
3.344999999999996e-05,3.3,0.944718186940572,2.137831464277338,0.9447188067409431,7.344719766815434e-06,0.1047900087679324,6.818559345218397e-06,8.355002582643024e-05
3.354999999999996e-05,3.3,0.9447182884364969,2.13783147631445,0.9447188243370873,7.344718763600473e-06,0.104790021222398,6.818559398844643e-06,8.355003608728516e-05
3.364999999999996e-05,3.3,0.944718187697275,2.13783146408814,0.9447188074150064,7.344719781763513e-06,0.1047900091462852,6.818559364522977e-06,8.35500262195315e-05
3.374999999999997e-05,3.3,0.9447182877300292,2.137831476513841,0.9447188236387069,7.344718747814875e-06,0.1047900208307655,6.818559378777006e-06,8.35500356800014e-05
3.384999999999997e-05,3.3,0.9447181863164666,2.137831466157052,0.9447188059085405,7.344719615907392e-06,0.1047900083845236,6.818559306867417e-06,8.355002534095997e-05
3.394999999999997e-05,3.3,0.9447182879596565,2.137831475595881,0.9447188239406764,7.344718821537515e-06,0.1047900209545585,6.81855939534212e-06,8.3550035856118e-05
3.404999999999997e-05,3.3,0.9447181887027704,2.137831464311913,0.9447188080834925,7.34471976342239e-06,0.104790009542864,6.818559379963981e-06,8.355002660937142e-05
3.414999999999998e-05,3.3,0.9447182866121631,2.13783147645952,0.9447188227446716,7.344718752570942e-06,0.1047900203114098,6.81855935621387e-06,8.355003515862155e-05
3.424999999999998e-05,3.3,0.9447181877366104,2.137831465945154,0.9447188069836567,7.344719632449291e-06,0.1047900090050382,6.818559334662802e-06,8.35500259679456e-05
3.434999999999998e-05,3.3,0.9447182866186624,2.137831475776526,0.9447188229389718,7.344718807480563e-06,0.1047900203834381,6.818559368205119e-06,8.355003527194546e-05
3.444999999999998e-05,3.3,0.944718187532514,2.137831466848247,0.9447188065484895,7.344719559912579e-06,0.1047900087986793,6.818559315642537e-06,8.355002571414903e-05
3.454999999999999e-05,3.3,0.944718285743655,2.137831476067294,0.9447188221445717,7.344718784408154e-06,0.1047900199492604,6.818559343393905e-06,8.355003480866359e-05
3.464999999999999e-05,3.3,0.9447181887713595,2.137831466139599,0.9447188076616729,7.344719616455468e-06,0.104790009409043,6.818559350010151e-06,8.355002636334416e-05
3.474999999999999e-05,3.3,0.9447182855157101,2.137831475710442,0.9447188221535332,7.344718813177778e-06,0.1047900199317581,6.81855934757188e-06,8.35500348138973e-05
3.484999999999999e-05,3.3,0.9447181891362582,2.137831466334703,0.94471880789652,7.344719600642658e-06,0.1047900095571435,6.818559353908442e-06,8.355002650029855e-05
3.495e-05,3.3,0.9447182851130114,2.137831475509365,0.9447188219417751,7.34471882948431e-06,0.1047900198008857,6.818559343583116e-06,8.355003469040826e-05
3.505e-05,3.3,0.9447181901240821,2.137831465833111,0.9447188086423849,7.344719640626174e-06,0.1047900099702172,6.818559376196549e-06,8.355002693527646e-05
3.515e-05,3.3,0.9447182841787335,2.137831475878021,0.944718821233573,7.344718800170397e-06,0.1047900193989167,6.81855932411591e-06,8.355003427739508e-05
3.525e-05,3.3,0.9447181904184331,2.137831466180308,0.9447188087135996,7.344719612609423e-06,0.1047900100233194,6.818559375982835e-06,8.355002697680115e-05
3.535000000000001e-05,3.3,0.9447182833455242,2.137831476210777,0.944718820676227,7.344718773707267e-06,0.1047900190733374,6.818559310438225e-06,8.355003395236049e-05
3.545000000000001e-05,3.3,0.9447181908838008,2.137831466322438,0.9447188088231395,7.344719601019902e-06,0.1047900101074286,6.818559375151001e-06,8.355002704067784e-05
3.555000000000001e-05,3.3,0.9447182828005141,2.137831476176818,0.9447188204398641,7.34471877662736e-06,0.1047900189236438,6.818559306660179e-06,8.355003381452054e-05
3.565000000000001e-05,3.3,0.9447181907538296,2.137831466944749,0.9447188085202634,7.344719551033077e-06,0.1047900099741053,6.818559360092351e-06,8.355002686403633e-05
3.575000000000002e-05,3.3,0.944718283906498,2.137831474412397,0.9447188217295855,7.344718918099024e-06,0.1047900195921801,6.818559353131565e-06,8.355003456668697e-05
3.585000000000002e-05,3.3,0.944718190993272,2.137831467291056,0.9447188085788291,7.344719523107015e-06,0.1047900100201873,6.818559359501005e-06,8.355002689818435e-05
3.595000000000002e-05,3.3,0.9447182823589366,2.137831475418989,0.9447188204266551,7.344718837709816e-06,0.1047900188751489,6.818559313400439e-06,8.355003380683047e-05
3.605000000000002e-05,3.3,0.9447181921548531,2.137831466712905,0.9447188094197099,7.344719569184339e-06,0.1047900104865456,6.818559384515941e-06,8.355002738857655e-05
3.615000000000002e-05,3.3,0.9447182816381108,2.137831475628779,0.9447188199198001,7.344718821094015e-06,0.1047900185857006,6.818559299769645e-06,8.355003351124071e-05
3.625000000000003e-05,3.3,0.9447181919884359,2.137831467347012,0.9447188090499815,7.344719518261945e-06,0.1047900103127167,6.81855936806568e-06,8.355002717294675e-05
3.635000000000003e-05,3.3,0.9447182814527368,2.137831475287169,0.9447188200975202,7.344718848623405e-06,0.1047900186680153,6.818559307899449e-06,8.355003361489219e-05
3.645000000000003e-05,3.3,0.9447181926896783,2.137831467255979,0.9447188094729556,7.344719525335844e-06,0.1047900105684148,6.818559376961038e-06,8.35500274196176e-05
3.655000000000003e-05,3.3,0.9447182811709737,2.137831474981263,0.9447188201507776,7.344718873316378e-06,0.1047900186618076,6.818559315748333e-06,8.355003364595752e-05
3.665000000000004e-05,3.3,0.9447181927875572,2.137831467666556,0.9447188094076854,7.344719492292249e-06,0.1047900105542164,6.818559371199887e-06,8.35500273815462e-05
3.675000000000004e-05,3.3,0.9447182787353086,2.137831477008075,0.9447188179047961,7.344718711211942e-06,0.1047900174626529,6.818559240805388e-06,8.355003233611626e-05
3.685000000000004e-05,3.3,0.9447181932622325,2.137831467716144,0.9447188094146177,7.344719488140151e-06,0.1047900105759177,6.81855936825105e-06,8.355002738558464e-05
3.695000000000004e-05,3.3,0.9447182817299371,2.137831473240845,0.944718821164209,7.344719013048851e-06,0.1047900191403175,6.818559360458537e-06,8.355003423699472e-05
3.705000000000005e-05,3.3,0.9447181935931646,2.137831467995631,0.9447188095670292,7.344719465553993e-06,0.1047900106849681,6.818559368530975e-06,8.355002747446456e-05
3.715000000000005e-05,3.3,0.9447182792120654,2.137831475383027,0.94471881888831,7.344718841697759e-06,0.1047900179343907,6.818559282915439e-06,8.355003290970805e-05
3.725000000000005e-05,3.3,0.9447181946463742,2.137831467462165,0.9447188103252827,7.344719508076403e-06,0.1047900110972126,6.818559392548697e-06,8.355002791667045e-05
3.735000000000005e-05,3.3,0.9447182814496582,2.137831472498695,0.944718821407613,7.34471907281419e-06,0.1047900192352832,6.818559374673862e-06,8.35500343789583e-05
3.745000000000006e-05,3.3,0.9447181950475609,2.137831467564798,0.9447188105339058,7.3447194996851e-06,0.1047900112270917,6.818559396296453e-06,8.355002803833272e-05
3.755000000000006e-05,3.3,0.9447182781397159,2.137831475361521,0.9447188183776101,7.34471884380099e-06,0.1047900176298188,6.818559271424217e-06,8.355003261188021e-05
3.765000000000006e-05,3.3,0.944718195403776,2.137831467704175,0.94471881053534,7.344719488355419e-06,0.1047900112505256,6.818559392362166e-06,8.355002803916458e-05
3.775000000000006e-05,3.3,0.9447182786565876,2.137831474342753,0.944718819191336,7.344718925528051e-06,0.1047900180257218,6.818559305334779e-06,8.355003308644503e-05
3.785000000000007e-05,3.3,0.9447181959558663,2.137831467663708,0.9447188107713903,7.344719491416407e-06,0.1047900113957389,6.818559396879525e-06,8.355002817682377e-05
3.795000000000007e-05,3.3,0.944718279201229,2.137831473171285,0.9447188201527446,7.344719019523326e-06,0.1047900185122981,6.818559342085386e-06,8.355003364713878e-05
3.805000000000007e-05,3.3,0.9447181955737146,2.137831468591582,0.9447188102248613,7.344719416949496e-06,0.1047900111300449,6.81855937411592e-06,8.355002785808509e-05
3.815000000000007e-05,3.3,0.9447182773352759,2.137831474728961,0.9447188182772617,7.344718894937829e-06,0.1047900175185829,6.818559278130541e-06,8.355003255337089e-05
3.825000000000008e-05,3.3,0.9447181960601789,2.137831468632795,0.9447188103621255,7.344719413466254e-06,0.1047900112196891,6.818559375833727e-06,8.355002793813318e-05
3.835000000000008e-05,3.3,0.9447182781062936,2.137831473397493,0.9447188194180095,7.344719001717563e-06,0.1047900180887554,6.818559323009846e-06,8.35500332186541e-05
3.845000000000008e-05,3.3,0.9447181962739675,2.137831468931274,0.9447188102724156,7.344719389394095e-06,0.1047900111881673,6.818559369983935e-06,8.355002788581028e-05
3.855000000000008e-05,3.3,0.9447182769247575,2.137831474088002,0.9447188184496977,7.344718946613733e-06,0.1047900175712561,6.818559290755638e-06,8.35500326539438e-05
3.865000000000009e-05,3.3,0.9447181973709051,2.137831468274279,0.944718811099824,7.344719441833321e-06,0.1047900116492178,6.818559394203003e-06,8.35500283683457e-05
3.875000000000009e-05,3.3,0.9447182771772739,2.137831473270603,0.9447188191099604,7.344719012244051e-06,0.1047900178807344,6.818559320348246e-06,8.355003303901084e-05
3.885000000000009e-05,3.3,0.944718197893869,2.137831468274481,0.944718811394462,7.344719441634479e-06,0.1047900118175893,6.818559402131665e-06,8.355002854017299e-05
3.895000000000009e-05,3.3,0.9447182765816,2.137831473312268,0.9447188188562943,7.344719009102436e-06,0.1047900177368575,6.818559313343328e-06,8.355003289107681e-05
3.90500000000001e-05,3.3,0.9447181974810058,2.137831469181063,0.9447188106915981,7.344719368890304e-06,0.1047900114678819,6.818559374211846e-06,8.355002813026262e-05
3.91500000000001e-05,3.3,0.9447182747705446,2.13783147484617,0.9447188172313823,7.344718886409249e-06,0.1047900168675251,6.818559259452798e-06,8.355003194344042e-05
3.92500000000001e-05,3.3,0.9447181990845972,2.137831467998365,0.9447188119390914,7.344719463418611e-06,0.1047900121420998,6.818559414382109e-06,8.355002885779102e-05
3.93500000000001e-05,3.3,0.9447182755137613,2.137831473515579,0.9447188184570846,7.344718993128486e-06,0.1047900174903467,6.818559305895871e-06,8.35500326582666e-05
3.945000000000011e-05,3.3,0.9447181985673663,2.137831469004605,0.9447188111419899,7.344719382698487e-06,0.1047900117460258,6.818559382625678e-06,8.355002839292172e-05
3.955000000000011e-05,3.3,0.944718275601671,2.137831472946382,0.9447188186531656,7.34471903886057e-06,0.1047900175755901,6.818559315794386e-06,8.355003277262389e-05
3.965000000000011e-05,3.3,0.944718199206217,2.13783146894625,0.9447188113762437,7.344719387166478e-06,0.1047900118816292,6.818559388607019e-06,8.35500285295332e-05
3.975000000000011e-05,3.3,0.9447182748084091,2.137831473271896,0.9447188182231679,7.344719012966648e-06,0.1047900173260246,6.818559304966842e-06,8.355003252185627e-05
3.985000000000011e-05,3.3,0.9447181997404321,2.137831468780926,0.9447188117083383,7.34471940027238e-06,0.1047900120714162,6.818559397507665e-06,8.355002872320656e-05
3.995000000000012e-05,3.3,0.9447182745407893,2.137831473114422,0.9447188181318873,7.344719025720396e-06,0.1047900172604328,6.818559304851083e-06,8.355003246862451e-05
4.005000000000012e-05,3.3,0.9447182002888596,2.137831468713406,0.9447188118930172,7.344719405509393e-06,0.1047900121907203,6.818559400030615e-06,8.355002883090758e-05
4.015000000000012e-05,3.3,0.9447182737515291,2.137831473463017,0.9447188176810638,7.344718997969197e-06,0.1047900170120526,6.818559291158042e-06,8.355003220570915e-05
4.025000000000012e-05,3.3,0.9447182003817178,2.137831469092836,0.9447188117591079,7.344719374971116e-06,0.1047900121305987,6.818559393602228e-06,8.355002875280908e-05
4.035000000000013e-05,3.3,0.9447182737914502,2.137831472929504,0.9447188179927805,7.344719040849365e-06,0.1047900171548761,6.818559305679562e-06,8.355003238750413e-05
4.045000000000013e-05,3.3,0.944718200705169,2.137831469241754,0.9447188117250578,7.34471936288533e-06,0.1047900121349748,6.818559388502247e-06,8.355002873294683e-05
4.055000000000013e-05,3.3,0.9447182736563846,2.137831472580549,0.9447188182389834,7.344719068952408e-06,0.1047900172690918,6.818559316920234e-06,8.355003253109172e-05
4.065000000000013e-05,3.3,0.9447182014376947,2.137831468963529,0.9447188121283884,7.344719384998381e-06,0.1047900123669002,6.818559399046741e-06,8.355002896816471e-05
4.075000000000014e-05,3.3,0.9447182728816771,2.137831472900505,0.9447188177728122,7.34471904349893e-06,0.1047900170097301,6.818559303196096e-06,8.355003225922684e-05
4.085000000000014e-05,3.3,0.9447182014401132,2.13783146938329,0.9447188119201856,7.344719351249381e-06,0.1047900122681188,6.818559389955649e-06,8.355002884673797e-05
4.095000000000014e-05,3.3,0.9447182728675615,2.137831472561685,0.9447188179588659,7.344719070744119e-06,0.1047900170852772,6.818559313573985e-06,8.355003236773478e-05
4.105000000000014e-05,3.3,0.9447182018533444,2.137831469470469,0.9447188119691624,7.344719344095539e-06,0.1047900123029547,6.818559390076244e-06,8.355002887529877e-05
4.115000000000015e-05,3.3,0.9447182715681293,2.137831473419071,0.9447188169584495,7.344719002264905e-06,0.1047900165411364,6.81855928194923e-06,8.355003178429972e-05
4.125000000000015e-05,3.3,0.9447182027768398,2.137831468907132,0.9447188125625579,7.344719389065256e-06,0.1047900126347171,6.818559407229932e-06,8.355002922136098e-05
4.135000000000015e-05,3.3,0.9447182714090057,2.137831473137592,0.9447188171753259,7.344719024951087e-06,0.1047900166441293,6.818559291435711e-06,8.35500319107836e-05
4.145000000000015e-05,3.3,0.9447182029877099,2.137831469036028,0.9447188125352857,7.344719378629018e-06,0.1047900126423132,6.818559402426137e-06,8.355002920545356e-05
4.155000000000016e-05,3.3,0.9447182718148462,2.13783147226085,0.9447188178662385,7.344719095298914e-06,0.1047900169862913,6.818559319161037e-06,8.355003231372305e-05
4.165000000000016e-05,3.3,0.9447182032601007,2.137831469247928,0.9447188124735333,7.344719361496981e-06,0.1047900126171953,6.818559399004943e-06,8.355002916943687e-05
4.175000000000016e-05,3.3,0.9447182707061641,2.13783147294845,0.9447188170646772,7.344719040403765e-06,0.1047900165581896,6.818559292434747e-06,8.355003184625885e-05
4.185000000000016e-05,3.3,0.9447182034807043,2.137831469492774,0.9447188123775931,7.344719341734289e-06,0.1047900125902737,6.818559391543697e-06,8.355002911348347e-05
4.195000000000017e-05,3.3,0.9447182712510652,2.137831472009918,0.9447188178539832,7.344719115670256e-06,0.1047900169573859,6.818559322656757e-06,8.35500323065818e-05
4.205000000000017e-05,3.3,0.9447182036273456,2.137831469765558,0.9447188122834852,7.344719319751458e-06,0.1047900125473996,6.818559387134553e-06,8.355002905859723e-05
4.215000000000017e-05,3.3,0.9447182681566114,2.13783147478621,0.9447188152469355,7.344718893539257e-06,0.1047900155756503,6.818559233950966e-06,8.355003078616585e-05
4.225000000000017e-05,3.3,0.94471820493226,2.137831468823793,0.9447188131149703,7.344719395013178e-06,0.1047900130079127,6.818559411912991e-06,8.355002954351318e-05
4.235000000000018e-05,3.3,0.9447182694806957,2.137831472978334,0.9447188169165951,7.344719038428747e-06,0.1047900164320389,6.818559295800097e-06,8.355003175990474e-05
4.245000000000018e-05,3.3,0.9447182047351146,2.137831469451982,0.9447188126299286,7.344719344576161e-06,0.1047900127647772,6.818559392966134e-06,8.355002926063712e-05
4.255000000000018e-05,3.3,0.9447182695617954,2.137831472421241,0.9447188172624419,7.344719083190489e-06,0.1047900165937538,6.818559311341498e-06,8.355003196160337e-05
4.265000000000018e-05,3.3,0.9447182044694182,2.137831470103447,0.9447188121379126,7.344719292291776e-06,0.1047900125235195,6.818559372802032e-06,8.355002897369397e-05
4.275000000000019e-05,3.3,0.9447182670269477,2.137831474675193,0.9447188150786949,7.344718902859462e-06,0.1047900154464349,6.818559235248133e-06,8.355003068805535e-05
4.285000000000019e-05,3.3,0.9447182054056896,2.137831469490577,0.944718812707928,7.344719341239426e-06,0.1047900128280892,6.818559391756195e-06,8.355002930612235e-05
4.295000000000019e-05,3.3,0.9447182686446299,2.137831472673667,0.9447188169116614,7.34471906321508e-06,0.1047900163828436,6.818559303801963e-06,8.355003175703336e-05
4.305000000000019e-05,3.3,0.9447182050660821,2.137831470385782,0.9447188119734786,7.344719269383307e-06,0.1047900124533513,6.818559364219645e-06,8.355002887779371e-05
4.31500000000002e-05,3.3,0.9447182664774286,2.137831474419306,0.9447188151989796,7.344718923624695e-06,0.1047900154806738,6.818559244533041e-06,8.35500307582093e-05
4.32500000000002e-05,3.3,0.9447182057539028,2.137831469967463,0.9447188124863685,7.344719302776558e-06,0.1047900127372792,6.818559379561451e-06,8.355002917690607e-05
4.33500000000002e-05,3.3,0.9447182688732955,2.137831471607704,0.9447188177318409,7.34471914883815e-06,0.1047900167954992,6.818559335571678e-06,8.35500322353622e-05
4.34500000000002e-05,3.3,0.944718205795253,2.137831470343767,0.9447188122122574,7.344719272507276e-06,0.1047900126138003,6.818559366398535e-06,8.355002901704258e-05
4.35500000000002e-05,3.3,0.9447182668211594,2.137831473308252,0.944718815993964,7.344719012832313e-06,0.1047900158737408,6.818559276529088e-06,8.355003122184389e-05
4.365000000000021e-05,3.3,0.9447182066840323,2.137831469823008,0.9447188128550413,7.344719314065381e-06,0.1047900129657305,6.818559386316841e-06,8.355002939190986e-05
4.375000000000021e-05,3.3,0.9447182681696343,2.137831471570794,0.9447188175284765,7.344719152051364e-06,0.1047900166557413,6.818559334249434e-06,8.355003211676545e-05
4.385000000000021e-05,3.3,0.9447182073832628,2.137831469482635,0.9447188132845332,7.344719341186923e-06,0.1047900132002768,6.818559399730262e-06,8.355002964238426e-05
4.395000000000021e-05,3.3,0.9447182669296393,2.137831472424599,0.9447188167196245,7.344719083839446e-06,0.104790016225353,6.818559307030896e-06,8.355003164504916e-05
4.405000000000022e-05,3.3,0.9447182072977223,2.137831470006249,0.944718812837805,7.344719299118311e-06,0.1047900129713523,6.818559383148968e-06,8.355002938185342e-05
4.415000000000022e-05,3.3,0.9447182673912716,2.137831471515236,0.9447188174867973,7.344719156790789e-06,0.1047900166166039,6.818559335831253e-06,8.355003209246283e-05
4.425000000000022e-05,3.3,0.9447182067542337,2.137831470855019,0.9447188122645187,7.344719231068171e-06,0.1047900126911326,6.818559359520536e-06,8.355002904751374e-05
4.435000000000022e-05,3.3,0.9447182657867215,2.137831472869667,0.9447188160193839,7.344719048455377e-06,0.1047900158388375,6.818559285864379e-06,8.355003123667767e-05
4.445000000000023e-05,3.3,0.944718208669928,2.137831469274144,0.9447188137660724,7.344719357500092e-06,0.1047900134893839,6.818559410185937e-06,8.355002992320951e-05
4.455000000000023e-05,3.3,0.9447182657636763,2.137831472498292,0.9447188163216603,7.344719078321984e-06,0.1047900159798126,6.818559299536626e-06,8.355003141296408e-05
4.465000000000023e-05,3.3,0.9447182084725468,2.137831469916436,0.944718813154822,7.344719305928716e-06,0.1047900131808503,6.818559386655952e-06,8.355002956673075e-05
4.475000000000023e-05,3.3,0.9447182659522356,2.137831471940108,0.944718816847883,7.344719123133579e-06,0.1047900162356935,6.818559321510108e-06,8.355003171985635e-05
4.485000000000024e-05,3.3,0.9447182087839313,2.137831469918057,0.9447188133232319,7.344719305689809e-06,0.104790013282404,6.818559390252471e-06,8.355002966494517e-05
4.495000000000024e-05,3.3,0.9447182658574101,2.137831471633926,0.9447188170180109,7.344719147783899e-06,0.104790016319336,6.818559328428994e-06,8.355003181907573e-05
4.505000000000024e-05,3.3,0.9447182085655509,2.137831470589719,0.9447188127511678,7.344719251764378e-06,0.1047900129914684,6.818559368630429e-06,8.355002933131685e-05
4.515000000000024e-05,3.3,0.9447182646787604,2.137831472495627,0.9447188161014637,7.344719078915672e-06,0.1047900158449662,6.818559295211e-06,8.355003128455211e-05
4.525000000000025e-05,3.3,0.9447182097609036,2.137831469649186,0.9447188137203026,7.34471932696543e-06,0.1047900135110979,6.818559400567879e-06,8.355002989651067e-05
4.535000000000025e-05,3.3,0.9447182650345428,2.137831471791364,0.944718816575829,7.344719135413432e-06,0.1047900160627554,6.818559317242652e-06,8.355003156120157e-05
4.545000000000025e-05,3.3,0.9447182100564248,2.137831469698343,0.9447188137300159,7.344719322909995e-06,0.1047900135348083,6.818559397632438e-06,8.355002990217387e-05
4.555000000000025e-05,3.3,0.9447182644275258,2.137831472093783,0.9447188163720222,7.344719111310995e-06,0.1047900159512115,6.818559310955131e-06,8.355003144234378e-05
4.565000000000026e-05,3.3,0.9447182105734986,2.137831469473296,0.9447188140116918,7.344719340823051e-06,0.1047900136868386,6.818559406745229e-06,8.355003006644471e-05
4.575000000000026e-05,3.3,0.9447182638518512,2.137831472358992,0.944718815975468,7.344719090189299e-06,0.1047900157276574,6.81855929978964e-06,8.355003121107661e-05
4.585000000000026e-05,3.3,0.9447182102358624,2.137831470203861,0.9447188133035364,7.344719282203911e-06,0.1047900133206902,6.818559381018274e-06,8.35500296534498e-05
4.595000000000026e-05,3.3,0.9447182641275266,2.137831471654364,0.9447188166454653,7.344719146745265e-06,0.1047900160686261,6.818559325089037e-06,8.355003160181775e-05
4.605000000000027e-05,3.3,0.9447182107562085,2.137831470040579,0.9447188135472913,7.344719295149759e-06,0.1047900134667122,6.818559386360596e-06,8.355002979560522e-05
4.615000000000027e-05,3.3,0.9447182616987027,2.137831473884527,0.9447188145261171,7.344718968289706e-06,0.1047900149582142,6.818559250704453e-06,8.355003036582528e-05
4.625000000000027e-05,3.3,0.9447182103428285,2.137831470687412,0.9447188129002447,7.344719243289955e-06,0.1047900131261559,6.818559363908663e-06,8.355002941825036e-05
4.635000000000027e-05,3.3,0.9447182633467047,2.137831471827047,0.944718816443538,7.344719133134185e-06,0.1047900159502146,6.818559320227815e-06,8.355003148405732e-05
4.645000000000028e-05,3.3,0.9447182108268689,2.137831470661063,0.9447188130421026,7.344719245238379e-06,0.1047900132115797,6.818559366951982e-06,8.355002950097957e-05
4.655000000000028e-05,3.3,0.9447182605897574,2.137831474373081,0.9447188139961912,7.344718929397777e-06,0.1047900146614662,6.818559235466912e-06,8.355003005677762e-05
4.665000000000028e-05,3.3,0.9447182109627053,2.137831470728256,0.9447188129445578,7.34471923978945e-06,0.1047900131807255,6.81855935994489e-06,8.355002944409049e-05
4.675000000000028e-05,3.3,0.9447182623556055,2.137831472195652,0.9447188159002519,7.344719103844803e-06,0.1047900156456679,6.818559304630661e-06,8.355003116721677e-05
4.685000000000028e-05,3.3,0.9447182110801611,2.137831471007594,0.944718812750182,7.344719217289365e-06,0.1047900130790389,6.818559353105735e-06,8.355002933073158e-05
4.695000000000029e-05,3.3,0.9447182613031473,2.137831472968697,0.9447188152401618,7.344719042060173e-06,0.1047900152920486,6.8185592828556e-06,8.355003078225692e-05
4.705000000000029e-05,3.3,0.9447182118242886,2.13783147059262,0.94471881322125,7.344719250392762e-06,0.1047900133454094,6.818559366204778e-06,8.355002960545325e-05
4.715000000000029e-05,3.3,0.9447182628348314,2.137831471044807,0.944718817020378,7.344719196204742e-06,0.1047900162069596,6.818559348477912e-06,8.355003182047177e-05
4.725000000000029e-05,3.3,0.9447182123345974,2.1378314703888,0.9447188135292475,7.34471926660135e-06,0.1047900135025014,6.818559377791191e-06,8.35500297850746e-05
4.73500000000003e-05,3.3,0.9447182613130404,2.137831472317112,0.9447188156807338,7.344719094443892e-06,0.1047900155053068,6.818559301387782e-06,8.355003103920057e-05
4.74500000000003e-05,3.3,0.9447182129120354,2.137831469997805,0.9447188139747804,7.344719297836065e-06,0.1047900137573145,6.818559389672598e-06,8.355003004490607e-05
4.75500000000003e-05,3.3,0.944718261436646,2.137831471856192,0.9447188161304715,7.344719131458487e-06,0.1047900157236547,6.818559320229669e-06,8.355003130148576e-05
4.76500000000003e-05,3.3,0.9447182136043816,2.137831469659677,0.9447188143197209,7.344719324779107e-06,0.104790013946126,6.818559400355798e-06,8.35500302460726e-05
4.775000000000031e-05,3.3,0.9447182616729158,2.137831471349952,0.9447188165646452,7.344719172077176e-06,0.1047900159438587,6.818559336746139e-06,8.3550031554694e-05
4.785000000000031e-05,3.3,0.9447182128052746,2.137831470854037,0.9447188132444996,7.3447192290319e-06,0.1047900133808047,6.818559362970842e-06,8.355002961900724e-05
4.795000000000031e-05,3.3,0.9447182596063706,2.137831473169307,0.9447188147802237,7.344719026524073e-06,0.1047900150019418,6.818559275335841e-06,8.355003051402976e-05
4.805000000000031e-05,3.3,0.9447182134814158,2.13783147039281,0.9447188136472243,7.344719265878566e-06,0.1047900136128568,6.818559373382607e-06,8.355002985387389e-05
4.815000000000032e-05,3.3,0.9447182609224019,2.13783147145734,0.9447188163291895,7.344719163705691e-06,0.104790015807533,6.818559330744537e-06,8.355003141738035e-05
4.825000000000032e-05,3.3,0.9447182138441069,2.137831470259472,0.9447188138839068,7.344719276472348e-06,0.1047900137460019,6.818559380100521e-06,8.355002999190453e-05
4.835000000000032e-05,3.3,0.944718258883955,2.13783147333664,0.94471881451472,7.34471901332299e-06,0.1047900148466559,6.818559268852143e-06,8.355003035919192e-05
4.845000000000032e-05,3.3,0.9447182137869599,2.137831470630298,0.944718813500886,7.344719246678252e-06,0.104790013543801,6.818559366913717e-06,8.35500297685285e-05
4.855000000000033e-05,3.3,0.9447182604387191,2.137831471406054,0.9447188163568563,7.344719167997931e-06,0.1047900157976508,6.818559336017709e-06,8.355003143351683e-05
4.865000000000033e-05,3.3,0.944718213795749,2.137831470975445,0.9447188132997839,7.344719218925053e-06,0.1047900134458442,6.818559358573566e-06,8.355002965124507e-05
4.875000000000033e-05,3.3,0.9447182591928,2.137831472373062,0.9447188153167887,7.344719090686395e-06,0.1047900152543773,6.818559299194015e-06,8.355003082695672e-05
4.885000000000033e-05,3.3,0.9447182147464849,2.137831470262366,0.9447188140134146,7.344719275924002e-06,0.1047900138256254,6.818559382589964e-06,8.355003006742939e-05
4.895000000000034e-05,3.3,0.9447182596342988,2.137831471590145,0.9447188160861462,7.344719153478687e-06,0.1047900156366124,6.818559329887677e-06,8.355003127564268e-05
4.905000000000034e-05,3.3,0.9447182150430125,2.137831470214798,0.9447188140394278,7.34471927964501e-06,0.1047900138589005,6.818559380029661e-06,8.355003008259952e-05
4.915000000000034e-05,3.3,0.9447182580722757,2.13783147297795,0.9447188147265657,7.344719042445386e-06,0.1047900149344267,6.818559280369477e-06,8.355003048274244e-05
4.925000000000034e-05,3.3,0.9447182147213661,2.137831470885907,0.944718813427202,7.344719225800394e-06,0.104790013531651,6.818559359685388e-06,8.355002972555172e-05
4.935000000000035e-05,3.3,0.9447182577961686,2.137831473004947,0.9447188147189144,7.34471904037117e-06,0.104790014915195,6.818559282793085e-06,8.355003047828172e-05
4.945000000000035e-05,3.3,0.9447182158957894,2.137831469929862,0.9447188142739751,7.344719302255582e-06,0.1047900139915695,6.818559386522651e-06,8.35500302193849e-05
4.955000000000035e-05,3.3,0.9447182587620503,2.137831471653005,0.9447188159024317,7.344719148729319e-06,0.1047900155231405,6.818559326455676e-06,8.355003116850267e-05
4.965000000000035e-05,3.3,0.9447182153291795,2.137831470767393,0.9447188134998473,7.344719235116795e-06,0.1047900135977374,6.818559357276728e-06,8.355002976791683e-05
4.975000000000036e-05,3.3,0.944718258186035,2.137831472033807,0.9447188155934385,7.344719118313795e-06,0.104790015361476,6.818559315586993e-06,8.355003098830059e-05
4.985000000000036e-05,3.3,0.9447182157670918,2.137831470631859,0.9447188137247783,7.344719245860359e-06,0.1047900137153665,6.8185593652299e-06,8.355002989909413e-05
4.995000000000036e-05,3.3,0.9447182564267843,2.137831473701279,0.9447188139391532,7.344718984864035e-06,0.104790014487719,6.818559258743016e-06,8.355003002353137e-05
5.005000000000036e-05,3.3,0.9447182158212284,2.13783147084326,0.9447188135024505,7.344719228844871e-06,0.104790013603327,6.818559356634443e-06,8.355002976943353e-05
5.015000000000037e-05,3.3,0.9447182591166159,2.13783147052979,0.9447188169864514,7.344719238911081e-06,0.1047900160734328,6.818559367637191e-06,8.355003180070035e-05
5.025000000000037e-05,3.3,0.944718215257961,2.137831471604078,0.9447188129497357,7.344719167872742e-06,0.1047900133247931,6.818559335319263e-06,8.355002944709088e-05
5.035000000000037e-05,3.3,0.9447182577918014,2.137831471569711,0.9447188158062659,7.34471915576548e-06,0.1047900154617804,6.818559324991151e-06,8.355003111242393e-05
5.045000000000037e-05,3.3,0.9447182164047869,2.137831470713863,0.9447188138091196,7.344719239044592e-06,0.1047900137797571,6.818559364654076e-06,8.355002994827868e-05
5.055000000000037e-05,3.3,0.9447182573056238,2.137831471866471,0.9447188155444696,7.344719132075605e-06,0.1047900153204115,6.818559316552101e-06,8.355003095974662e-05
5.065000000000038e-05,3.3,0.9447182167998435,2.137831470638779,0.9447188139602467,7.344719244942691e-06,0.1047900138678235,6.818559368407692e-06,8.355003003641388e-05
5.075000000000038e-05,3.3,0.944718255796565,2.137831473183176,0.9447188143121075,7.344719026740581e-06,0.1047900146564225,6.81855927653069e-06,8.35500302410395e-05
5.085000000000038e-05,3.3,0.9447182172491961,2.137831470390252,0.9447188141677422,7.344719264767405e-06,0.1047900139860026,6.818559374013196e-06,8.355003015742442e-05
5.095000000000038e-05,3.3,0.9447182580223376,2.137831470633738,0.9447188167236371,7.344719230935981e-06,0.1047900159144567,6.818559362140681e-06,8.355003164743234e-05
5.105000000000039e-05,3.3,0.9447182172816954,2.1378314706327,0.944718813987835,7.344719245263166e-06,0.1047900139004378,6.818559366172231e-06,8.35500300525017e-05
5.115000000000039e-05,3.3,0.9447182564203532,2.137831472000412,0.9447188152935938,7.344719121616391e-06,0.1047900151639552,6.818559312137117e-06,8.355003081343992e-05
5.125000000000039e-05,3.3,0.9447182173068321,2.137831470809133,0.9447188138098503,7.344719231069738e-06,0.1047900138121033,6.818559359051947e-06,8.355002994870188e-05
5.135000000000039e-05,3.3,0.9447182562912759,2.137831471930128,0.9447188153894663,7.344719127312008e-06,0.1047900152040464,6.8185593173008e-06,8.355003086935232e-05
5.14500000000004e-05,3.3,0.9447182175668974,2.137831470867603,0.9447188138383564,7.344719226277235e-06,0.1047900138294596,6.818559359642478e-06,8.355002996532505e-05
5.15500000000004e-05,3.3,0.9447182557783171,2.137831472159118,0.9447188151278136,7.344719109080919e-06,0.1047900150647626,6.818559308496119e-06,8.355003071675909e-05
5.16500000000004e-05,3.3,0.944718217928879,2.13783147068116,0.9447188139814424,7.344719241140988e-06,0.1047900139067607,6.818559364242129e-06,8.355003004877133e-05
5.17500000000004e-05,3.3,0.9447182543689514,2.137831473482814,0.9447188138508438,7.344719003148201e-06,0.1047900143858485,6.818559265409544e-06,8.355002997203695e-05
5.185000000000041e-05,3.3,0.9447182185657237,2.137831470246442,0.9447188143505367,7.344719275869692e-06,0.1047900141035182,6.818559376590783e-06,8.355003026402573e-05
5.195000000000041e-05,3.3,0.9447182558294,2.137831471567287,0.9447188156365811,7.344719156646146e-06,0.1047900153068273,6.818559330665049e-06,8.35500310134701e-05
5.205000000000041e-05,3.3,0.9447182178627911,2.137831471298746,0.9447188133799636,7.34471919151017e-06,0.1047900136027281,6.818559341163128e-06,8.355002969799149e-05
5.215000000000041e-05,3.3,0.9447182556284351,2.1378314715898,0.9447188156049997,7.344719154906075e-06,0.1047900152906139,6.818559329499656e-06,8.35500309950526e-05
5.225000000000042e-05,3.3,0.9447182183795323,2.137831470968909,0.9447188138406045,7.344719217848474e-06,0.1047900138513692,6.818559356077765e-06,8.355002996663465e-05
5.235000000000042e-05,3.3,0.9447182549410493,2.137831472138378,0.944718815025876,7.344719111040524e-06,0.1047900149847012,6.818559309599678e-06,8.355003065731246e-05
5.245000000000042e-05,3.3,0.9447182191007041,2.137831470479081,0.9447188142230264,7.344719256978319e-06,0.1047900140515519,6.818559369510568e-06,8.355003018966004e-05
5.255000000000042e-05,3.3,0.9447182536536031,2.137831473176003,0.9447188141011681,7.344719028066306e-06,0.1047900145007549,6.818559277062475e-06,8.355003011802798e-05
5.265000000000043e-05,3.3,0.9447182188921,2.137831470901637,0.9447188138239975,7.344719223077952e-06,0.1047900138568236,6.81855935297529e-06,8.355002995694807e-05
5.275000000000043e-05,3.3,0.9447182536607477,2.137831472947021,0.9447188143471738,7.344719046473781e-06,0.1047900146188861,6.818559287603814e-06,8.355003026149754e-05
5.285000000000043e-05,3.3,0.9447182184830849,2.137831471517464,0.944718813252821,7.344719173709071e-06,0.1047900135557008,6.818559333255604e-06,8.355002962384011e-05
5.295000000000043e-05,3.3,0.9447182547964169,2.137831471550742,0.9447188156268739,7.344719158336876e-06,0.1047900152857208,6.818559333157828e-06,8.355003100781196e-05
5.305000000000044e-05,3.3,0.9447182193839628,2.137831470783832,0.944718814062995,7.344719232377957e-06,0.1047900139908059,6.818559359843723e-06,8.355003009632864e-05
5.315000000000044e-05,3.3,0.9447182546683098,2.137831471431715,0.9447188156824512,7.344719167951519e-06,0.1047900153103725,6.818559335885761e-06,8.355003104022586e-05
5.325000000000044e-05,3.3,0.9447182193780516,2.137831471002116,0.9447188139031206,7.344719214830148e-06,0.1047900139090832,6.818559353880252e-06,8.355003000309063e-05
5.335000000000044e-05,3.3,0.9447182536949874,2.137831472197931,0.9447188149314807,7.344719106688511e-06,0.1047900149086994,6.818559310971253e-06,8.355003060226441e-05
5.345000000000045e-05,3.3,0.9447182192923331,2.137831471372821,0.9447188134880128,7.344719185055256e-06,0.1047900136942384,6.818559338824802e-06,8.355002976100154e-05
5.355000000000045e-05,3.3,0.9447182537636781,2.137831471916603,0.9447188151455547,7.344719129283162e-06,0.1047900150228572,6.818559318123895e-06,8.355003072711154e-05
5.365000000000045e-05,3.3,0.9447182196762236,2.137831471203071,0.9447188137238484,7.344719198568967e-06,0.1047900138179232,6.818559347096198e-06,8.355002989853766e-05
5.375000000000045e-05,3.3,0.9447182531130993,2.137831472405993,0.9447188146520322,7.344719090163691e-06,0.1047900147560454,6.818559302248912e-06,8.355003043929259e-05
5.385000000000046e-05,3.3,0.94471822019433,2.137831470862243,0.944718814023338,7.3447192257902e-06,0.104790013987843,6.818559355307234e-06,8.355003007319823e-05
5.395000000000046e-05,3.3,0.9447182519712916,2.137831473332812,0.9447188137625401,7.34471901604715e-06,0.1047900142860902,6.818559271716773e-06,8.355002992054609e-05
5.405000000000046e-05,3.3,0.9447182204290258,2.137831470771589,0.9447188141008438,7.344719232997129e-06,0.1047900140346521,6.818559356931315e-06,8.355003011839923e-05
5.415000000000046e-05,3.3,0.9447182543924425,2.137831470659553,0.9447188163010855,7.344719230129335e-06,0.104790015603357,6.818559363076328e-06,8.355003140101228e-05
5.425000000000046e-05,3.3,0.9447182201902712,2.137831471279264,0.9447188137367488,7.344719192263293e-06,0.1047900138391581,6.81855934501013e-06,8.355002990606058e-05
5.435000000000047e-05,3.3,0.9447182536159875,2.137831471281027,0.9447188156878362,7.344719180434438e-06,0.1047900152940974,6.818559339425339e-06,8.355003104336941e-05
5.445000000000047e-05,3.3,0.9447182212391155,2.13783147040159,0.9447188145875804,7.344719262461285e-06,0.1047900142942658,6.818559373231883e-06,8.355003040226049e-05
5.455000000000047e-05,3.3,0.9447182517366044,2.137831473067575,0.9447188140330618,7.344719037453428e-06,0.1047900144154975,6.818559283398639e-06,8.355003007831465e-05
5.465000000000047e-05,3.3,0.944718220465857,2.137831471427147,0.9447188136052644,7.344719180277313e-06,0.104790013782444,6.818559338246117e-06,8.355002982937772e-05
5.475000000000048e-05,3.3,0.9447182531807282,2.137831471293449,0.9447188156722243,7.344719179587971e-06,0.1047900152641929,6.818559342711374e-06,8.355003103426608e-05
5.485000000000048e-05,3.3,0.9447182213710485,2.13783147066548,0.9447188143296877,7.344719241198615e-06,0.1047900141736685,6.818559361612943e-06,8.355003025185703e-05
5.495000000000048e-05,3.3,0.9447182524048101,2.137831471908214,0.9447188150446052,7.344719130432229e-06,0.1047900149365557,6.818559320462257e-06,8.35500306682426e-05
5.505000000000048e-05,3.3,0.9447182216001263,2.137831470679845,0.9447188142986874,7.344719239963434e-06,0.1047900141627401,6.818559359581535e-06,8.355003023377785e-05
5.515000000000049e-05,3.3,0.944718252128592,2.137831471881163,0.9447188151030819,7.344719132704449e-06,0.1047900149674466,6.81855932248019e-06,8.35500307023459e-05
5.525000000000049e-05,3.3,0.944718221142527,2.137831471354396,0.9447188137113366,7.344719185889725e-06,0.1047900138467798,6.818559340425877e-06,8.35500298912371e-05
5.535000000000049e-05,3.3,0.9447182520939329,2.137831471733223,0.9447188151005382,7.344719144610832e-06,0.1047900149593639,6.818559323549189e-06,8.355003070086404e-05
5.545000000000049e-05,3.3,0.9447182214843965,2.137831471181237,0.9447188139293545,7.344719199692213e-06,0.1047900139690586,6.818559346669335e-06,8.355003001838295e-05
5.55500000000005e-05,3.3,0.94471825190196,2.137831471810421,0.9447188150171315,7.344719138470732e-06,0.1047900149047036,6.8185593225543e-06,8.355003065222162e-05
5.56500000000005e-05,3.3,0.9447182221125636,2.137831470765614,0.9447188143690455,7.344719232888331e-06,0.1047900142055279,6.818559361036129e-06,8.355003027480802e-05
5.57500000000005e-05,3.3,0.9447182515091218,2.137831472059069,0.9447188148007254,7.344719118616646e-06,0.1047900147914657,6.818559314939052e-06,8.355003052601432e-05
5.58500000000005e-05,3.3,0.9447182216263548,2.137831471410065,0.9447188136969281,7.344719181244955e-06,0.1047900138504793,6.818559337939331e-06,8.355002988283266e-05
5.595000000000051e-05,3.3,0.9447182509430789,2.137831472409503,0.9447188144349196,7.344719090640055e-06,0.1047900145964908,6.8185593026775e-06,8.355003031267865e-05
5.605000000000051e-05,3.3,0.9447182221013919,2.137831471081701,0.9447188139787648,7.344719207479469e-06,0.1047900140148835,6.818559344871496e-06,8.355003004719784e-05
5.615000000000051e-05,3.3,0.9447182510159583,2.137831472152141,0.9447188147269687,7.344719111306301e-06,0.1047900147476022,6.818559313277833e-06,8.355003048300047e-05
5.625000000000051e-05,3.3,0.944718222580734,2.137831470832845,0.944718814290312,7.344719227319351e-06,0.104790014179749,6.818559355535559e-06,8.355003022889033e-05
5.635000000000052e-05,3.3,0.9447182507201111,2.137831472256845,0.9447188146488935,7.3447191029917e-06,0.1047900147082322,6.818559310273039e-06,8.355003043746812e-05
5.645000000000052e-05,3.3,0.9447182223718985,2.137831471137285,0.9447188139886407,7.34471920291609e-06,0.1047900140226479,6.818559344773453e-06,8.355003005295674e-05
5.655000000000052e-05,3.3,0.9447182505539746,2.137831472282903,0.9447188145952674,7.344719100954386e-06,0.1047900146686136,6.818559310416995e-06,8.355003040619358e-05
5.665000000000052e-05,3.3,0.9447182221999865,2.137831471603888,0.9447188135463562,7.344719165460903e-06,0.104790013788546,6.818559329665442e-06,8.355002979501837e-05
5.675000000000053e-05,3.3,0.944718250536647,2.137831472107476,0.9447188146825829,7.344719115064746e-06,0.1047900147129596,6.818559313712037e-06,8.355003045711717e-05
5.685000000000053e-05,3.3,0.9447182232613456,2.137831470618852,0.944718814466473,7.344719244286921e-06,0.1047900142789952,6.818559360481511e-06,8.355003033162519e-05
5.695000000000053e-05,3.3,0.9447182494986557,2.137831472975477,0.9447188139026778,7.344719045640937e-06,0.104790014302122,6.818559286738803e-06,8.355003000227956e-05
5.705000000000053e-05,3.3,0.9447182230136645,2.137831471041067,0.9447188140242617,7.344719210427624e-06,0.1047900140538183,6.818559343800676e-06,8.355003007373092e-05
5.715000000000054e-05,3.3,0.9447182498458937,2.137831472416417,0.9447188144971407,7.344719090467823e-06,0.1047900146052234,6.818559309095543e-06,8.355003034896788e-05
5.725000000000054e-05,3.3,0.9447182226749287,2.137831471543449,0.9447188135946358,7.344719170154872e-06,0.1047900138344482,6.818559327720223e-06,8.355002982317483e-05
5.735000000000054e-05,3.3,0.9447182497725551,2.137831472357636,0.9447188145018255,7.344719095219149e-06,0.1047900146059286,6.818559309558205e-06,8.355003035170016e-05
5.745000000000054e-05,3.3,0.9447182229754493,2.137831471409139,0.9447188137398949,7.344719180848386e-06,0.1047900139060069,6.818559333623299e-06,8.355002990788781e-05
5.755000000000055e-05,3.3,0.944718250136579,2.137831471795178,0.9447188150034665,7.344719140313403e-06,0.1047900148737653,6.81855932627751e-06,8.355003064425501e-05
5.765000000000055e-05,3.3,0.9447182229230381,2.137831471719557,0.9447188135058243,7.344719155908633e-06,0.104790013787005,6.818559324778182e-06,8.355002977137875e-05
5.775000000000055e-05,3.3,0.9447182502004781,2.137831471537569,0.9447188152335412,7.344719161002938e-06,0.1047900149920789,6.818559334746122e-06,8.355003077843542e-05
5.785000000000055e-05,3.3,0.9447182238944685,2.137831470852456,0.9447188143225662,7.344719225283875e-06,0.1047900142179785,6.818559352904396e-06,8.355003024769784e-05
5.795000000000055e-05,3.3,0.9447182501785166,2.137831471406233,0.9447188153228838,7.344719171569882e-06,0.1047900150312751,6.818559339217836e-06,8.355003083053959e-05
5.805000000000056e-05,3.3,0.9447182237027671,2.137831471239203,0.944718814054259,7.344719194256185e-06,0.1047900140776558,6.8185593434635e-06,8.355003009122197e-05
5.815000000000056e-05,3.3,0.9447182500599349,2.13783147133628,0.9447188153001829,7.344719177235678e-06,0.1047900150183874,6.818559338577145e-06,8.35500308173004e-05
5.825000000000056e-05,3.3,0.9447182243124639,2.137831470747466,0.9447188144816773,7.344719233578783e-06,0.1047900143049078,6.818559357870915e-06,8.355003034048937e-05
5.835000000000056e-05,3.3,0.9447182496891112,2.137831471678534,0.9447188150302925,7.344719149847407e-06,0.1047900148687976,6.818559330561722e-06,8.355003065990305e-05
5.845000000000057e-05,3.3,0.9447182246433846,2.137831470610949,0.9447188146355976,7.344719244438799e-06,0.1047900143898906,6.818559362513166e-06,8.35500304302542e-05
5.855000000000057e-05,3.3,0.9447182496827609,2.137831471406067,0.9447188152908312,7.344719171756546e-06,0.1047900149983072,6.818559340942222e-06,8.355003081184812e-05
5.865000000000057e-05,3.3,0.9447182243686054,2.137831471042696,0.9447188143066548,7.344719209822585e-06,0.1047900142279115,6.818559349157157e-06,8.35500302384163e-05
5.875000000000057e-05,3.3,0.9447182486573079,2.137831472339328,0.9447188143498312,7.344719097081114e-06,0.1047900145090688,6.818559307232799e-06,8.355003026306153e-05
5.885000000000058e-05,3.3,0.9447182251191363,2.13783147038295,0.9447188148721348,7.344719262603875e-06,0.1047900145228923,6.818559369219012e-06,8.355003056820195e-05
5.895000000000058e-05,3.3,0.9447182481323566,2.137831472821546,0.9447188140106201,7.344719058493847e-06,0.1047900143208123,6.818559297211748e-06,8.355003006523487e-05
5.905000000000058e-05,3.3,0.9447182247153466,2.137831470978905,0.9447188141780088,7.344719214830459e-06,0.1047900141592064,6.818559344824693e-06,8.355003016339103e-05
5.915000000000058e-05,3.3,0.9447182490268851,2.137831471631319,0.9447188150820627,7.344719153875431e-06,0.1047900148836822,6.818559334542616e-06,8.3550030690095e-05
5.925000000000059e-05,3.3,0.9447182246634758,2.137831471196144,0.9447188140655872,7.344719197382657e-06,0.1047900141015059,6.818559340687678e-06,8.355003009782648e-05
5.935000000000059e-05,3.3,0.9447182485882001,2.137831471976274,0.9447188147945047,7.344719126294246e-06,0.1047900147376088,6.818559323651436e-06,8.355003052239341e-05
5.945000000000059e-05,3.3,0.9447182248447854,2.137831471097263,0.9447188141692622,7.344719205269652e-06,0.1047900141601815,6.818559343559455e-06,8.35500301582893e-05
5.955000000000059e-05,3.3,0.9447182484923632,2.137831471911602,0.9447188148090983,7.34471913152741e-06,0.1047900147439946,6.818559324376019e-06,8.355003053090407e-05
5.96500000000006e-05,3.3,0.9447182242952556,2.137831471861522,0.9447188134569969,7.344719144015422e-06,0.1047900137911891,6.81855931782101e-06,8.355002974289913e-05
5.97500000000006e-05,3.3,0.9447182489710819,2.137831471164558,0.9447188154791576,7.344719191422823e-06,0.1047900150888264,6.818559348988693e-06,8.355003092167994e-05
5.98500000000006e-05,3.3,0.9447182247065139,2.137831471588943,0.9447188137943099,7.34471916578671e-06,0.1047900139704143,6.81855932923699e-06,8.355002993961792e-05
5.99500000000006e-05,3.3,0.9447182489637542,2.137831471131312,0.9447188154293452,7.344719194097782e-06,0.1047900150559378,6.818559348420379e-06,8.355003089263028e-05
6.005000000000061e-05,3.3,0.9447182244280875,2.137831472104415,0.9447188134020424,7.344719124439566e-06,0.1047900137659161,6.818559315308057e-06,8.355002971084922e-05
6.015000000000061e-05,3.3,0.9447182487662708,2.137831471150166,0.9447188152846189,7.344719192651126e-06,0.1047900149921075,6.818559341197262e-06,8.35500308082279e-05
6.025000000000061e-05,3.3,0.9447182253833579,2.137831471193634,0.9447188143280411,7.344719197332504e-06,0.1047900142509768,6.818559347842408e-06,8.355003025088488e-05
6.035000000000061e-05,3.3,0.9447182484047146,2.137831471375014,0.944718815029828,7.344719174699917e-06,0.104790014847448,6.818559334214174e-06,8.355003065963653e-05
6.045000000000062e-05,3.3,0.9447182255279496,2.137831471218729,0.9447188143431716,7.344719195264219e-06,0.1047900142534141,6.818559349349626e-06,8.355003025970895e-05
6.055000000000062e-05,3.3,0.9447182477705536,2.137831471859948,0.9447188145903695,7.344719135933477e-06,0.104790014617767,6.818559318694982e-06,8.355003040334607e-05
6.065000000000062e-05,3.3,0.9447182258378961,2.137831471072189,0.944718814441985,7.344719206937464e-06,0.1047900143133746,6.818559351363562e-06,8.355003031733664e-05
6.075000000000062e-05,3.3,0.9447182468992734,2.137831472665208,0.9447188138660914,7.34471907149517e-06,0.1047900142239832,6.818559295805019e-06,8.35500299809517e-05
6.085000000000063e-05,3.3,0.9447182258877211,2.137831471183246,0.9447188142871024,7.344719197991017e-06,0.1047900142400911,6.818559344528391e-06,8.355003022700953e-05
6.095000000000063e-05,3.3,0.9447182476980213,2.137831471592318,0.9447188149295163,7.344719157476395e-06,0.1047900147929659,6.818559331060386e-06,8.355003060113511e-05
6.105000000000063e-05,3.3,0.9447182261244519,2.137831471038826,0.9447188144165043,7.344719209519556e-06,0.1047900143087093,6.818559348922654e-06,8.35500303024762e-05
6.115000000000063e-05,3.3,0.9447182468028785,2.13783147245159,0.9447188140736954,7.344719088703808e-06,0.1047900143340533,6.818559302865631e-06,8.355003010202527e-05
6.125000000000063e-05,3.3,0.944718226891103,2.137831470428416,0.9447188149385376,7.344719258328265e-06,0.1047900145833185,6.81855936703935e-06,8.355003060692402e-05
6.135000000000064e-05,3.3,0.9447182466283589,2.137831472532319,0.9447188141007139,7.344719082273953e-06,0.1047900143409212,6.818559305123766e-06,8.355003011778087e-05
6.145000000000064e-05,3.3,0.9447182265598434,2.137831470842083,0.9447188144685931,7.344719225185786e-06,0.1047900143421957,6.818559349626538e-06,8.355003033285423e-05
6.155000000000064e-05,3.3,0.9447182476076413,2.137831471381073,0.9447188151779015,7.344719174491032e-06,0.1047900149116215,6.81855934181633e-06,8.35500307459923e-05
6.165000000000064e-05,3.3,0.9447182261922671,2.137831471357366,0.9447188140864395,7.344719183885849e-06,0.1047900141413937,6.818559336338586e-06,8.355003010998379e-05
6.175000000000065e-05,3.3,0.944718247374052,2.137831471496729,0.9447188150356433,7.344719165274086e-06,0.1047900148312273,6.818559337850006e-06,8.355003066302801e-05
6.185000000000065e-05,3.3,0.9447182260962719,2.137831471596499,0.9447188138964618,7.344719164693251e-06,0.1047900140518876,6.818559327908722e-06,8.355002999918955e-05
6.195000000000065e-05,3.3,0.9447182473846157,2.137831471256499,0.9447188152737497,7.344719184585639e-06,0.1047900149539972,6.818559346561795e-06,8.355003080189066e-05
6.205000000000065e-05,3.3,0.9447182259268073,2.137831471903444,0.944718813646979,7.344719140073982e-06,0.1047900139187862,6.818559319580591e-06,8.355002985369224e-05
6.215000000000066e-05,3.3,0.9447182470142317,2.137831471568111,0.9447188148673786,7.344719159661232e-06,0.1047900147456947,6.818559331460177e-06,8.35500305648983e-05
6.225000000000066e-05,3.3,0.9447182271300363,2.137831470766734,0.944718814699397,7.344719231044472e-06,0.1047900144666283,6.818559357141054e-06,8.355003046745602e-05
6.235000000000066e-05,3.3,0.9447182467368184,2.137831471756019,0.9447188147119718,7.344719144650303e-06,0.1047900146549096,6.818559327662243e-06,8.355003047426543e-05
6.245000000000066e-05,3.3,0.9447182270660597,2.137831471013834,0.9447188144722879,7.344719211199756e-06,0.104790014348397,6.818559349036561e-06,8.35500303350068e-05
6.255000000000067e-05,3.3,0.9447182456438967,2.137831472813701,0.9447188137274561,7.344719059994667e-06,0.104790014135439,6.818559293752796e-06,8.355002990010065e-05
6.265000000000067e-05,3.3,0.9447182269255479,2.137831471273845,0.9447188141649191,7.344719190344336e-06,0.1047900141890078,6.818559337941819e-06,8.355003015575114e-05
6.275000000000067e-05,3.3,0.9447182466265119,2.137831471539183,0.9447188149973638,7.344719162122686e-06,0.1047900148070894,6.818559337232425e-06,8.35500306407049e-05
6.285000000000067e-05,3.3,0.9447182270818033,2.137831471216956,0.9447188142967323,7.344719194863639e-06,0.1047900142622566,6.818559341847628e-06,8.355003023262355e-05
6.295000000000068e-05,3.3,0.9447182463127974,2.137831471824823,0.9447188146657357,7.344719139266663e-06,0.1047900146292947,6.818559326291016e-06,8.355003044730083e-05
6.305000000000068e-05,3.3,0.9447182272295528,2.137831471181141,0.94471881427652,7.344719197691538e-06,0.1047900142560971,6.81855934034282e-06,8.355003022083576e-05
6.315000000000068e-05,3.3,0.9447182460365005,2.137831471948572,0.9447188145477579,7.344719129414029e-06,0.1047900145617871,6.818559323154911e-06,8.355003037849734e-05
6.325000000000068e-05,3.3,0.9447182267286258,2.137831471832617,0.9447188137319102,7.344719145488129e-06,0.1047900139667379,6.818559321952004e-06,8.355002990322163e-05
6.335000000000069e-05,3.3,0.9447182461300386,2.137831471735326,0.9447188147881956,7.344719146526221e-06,0.1047900146880063,6.818559331562091e-06,8.35500305187198e-05
6.345000000000069e-05,3.3,0.944718227265729,2.137831471432365,0.9447188141321078,7.344719177480258e-06,0.1047900141819147,6.818559335033219e-06,8.355003013661442e-05
6.355000000000069e-05,3.3,0.9447182467171851,2.137831470963953,0.9447188154138862,7.344719208339422e-06,0.1047900150236133,6.818559352127543e-06,8.355003088362e-05
6.36500000000007e-05,3.3,0.9447182272369758,2.137831471551745,0.9447188140849763,7.344719167892288e-06,0.1047900141521233,6.81855933429145e-06,8.355003010912742e-05
6.37500000000007e-05,3.3,0.9447182464649133,2.137831471184324,0.9447188151745015,7.344719190709442e-06,0.1047900148983548,6.81855934369047e-06,8.355003074401244e-05
6.38500000000007e-05,3.3,0.9447182276339868,2.137831471285133,0.9447188143179048,7.344719189188767e-06,0.1047900142801826,6.818559341399829e-06,8.355003024496892e-05
6.39500000000007e-05,3.3,0.9447182459302612,2.137831471562261,0.9447188147332547,7.344719160510639e-06,0.1047900146549448,6.818559330339122e-06,8.35500304866806e-05
6.40500000000007e-05,3.3,0.9447182279388373,2.137831471060873,0.9447188145699981,7.344719207112873e-06,0.1047900144203515,6.818559348831009e-06,8.355003039198876e-05
6.41500000000007e-05,3.3,0.9447182456964828,2.137831471727138,0.9447188146308059,7.344719147336074e-06,0.104790014608263,6.818559325523439e-06,8.355003042693284e-05
6.425000000000071e-05,3.3,0.9447182281702612,2.137831470917666,0.9447188146408214,7.344719218545777e-06,0.1047900144538763,6.818559351932463e-06,8.355003043329251e-05
6.435000000000071e-05,3.3,0.9447182451663492,2.137831472153898,0.944718814272581,7.344719113210134e-06,0.1047900144061344,6.818559315507183e-06,8.355003021801767e-05
6.445000000000071e-05,3.3,0.9447182277409144,2.137831471451893,0.9447188140991943,7.34471917574453e-06,0.1047900141737127,6.818559332274734e-06,8.355003011741792e-05
6.455000000000072e-05,3.3,0.9447182454731635,2.137831471755289,0.9447188146138379,7.344719145150713e-06,0.1047900145906681,6.818559326466096e-06,8.35500304170373e-05
6.465000000000072e-05,3.3,0.944718228787577,2.137831470539163,0.9447188150244086,7.34471924876147e-06,0.1047900146538125,6.818559365585341e-06,8.355003065699909e-05
6.475000000000072e-05,3.3,0.9447182440170863,2.137831473147086,0.9447188133505451,7.344719033759828e-06,0.1047900139246067,6.818559282872692e-06,8.355002968029145e-05
6.485000000000072e-05,3.3,0.9447182283646318,2.137831471060103,0.9447188144065168,7.344719207026223e-06,0.1047900143329955,6.818559343353205e-06,8.355003029664864e-05
6.495000000000072e-05,3.3,0.9447182441882791,2.137831472877627,0.9447188137187255,7.344719055364045e-06,0.1047900141139095,6.818559296457386e-06,8.355002989501127e-05
6.505000000000073e-05,3.3,0.9447182281550618,2.137831471412631,0.9447188140398963,7.344719178756159e-06,0.104790014153296,6.818559328292963e-06,8.355003008283711e-05
6.515000000000073e-05,3.3,0.9447182449448299,2.137831471900074,0.944718814599831,7.344719133694997e-06,0.1047900145789311,6.818559326778912e-06,8.3550030408867e-05
6.525000000000073e-05,3.3,0.9447182290510342,2.13783147058216,0.9447188148217764,7.344719245212621e-06,0.1047900145555455,6.818559357041207e-06,8.35500305388263e-05
6.535000000000073e-05,3.3,0.9447182453858577,2.137831471374078,0.9447188150868269,7.344719175830282e-06,0.1047900148330253,6.818559344057055e-06,8.355003069288097e-05
6.545000000000074e-05,3.3,0.9447182284911377,2.137831471237299,0.9447188142596716,7.344719192735728e-06,0.104790014267368,6.818559336208201e-06,8.35500302110091e-05
6.555000000000074e-05,3.3,0.9447182452957636,2.137831471321149,0.9447188151545318,7.344719180117595e-06,0.1047900148694708,6.818559346267916e-06,8.35500307323661e-05
6.565000000000074e-05,3.3,0.9447182281919462,2.13783147166973,0.9447188138623152,7.344719158072866e-06,0.1047900140563077,6.818559322768207e-06,8.355002997927251e-05
6.575000000000074e-05,3.3,0.9447182455794445,2.137831470950164,0.9447188154042483,7.3447192098453e-06,0.1047900149960344,6.818559355763734e-06,8.355003087800147e-05
6.585000000000075e-05,3.3,0.9447182283337047,2.13783147165564,0.9447188139278515,7.34471915915571e-06,0.1047900140978623,6.818559323806392e-06,8.355003001749157e-05
6.595000000000075e-05,3.3,0.9447182452121092,2.13783147129569,0.9447188150615426,7.344719182193251e-06,0.1047900148235875,6.818559342479425e-06,8.355003067813665e-05
6.605000000000075e-05,3.3,0.9447182285879889,2.137831471434505,0.9447188141910635,7.344719176846341e-06,0.1047900142277238,6.818559334475215e-06,8.355003017099569e-05
6.615000000000075e-05,3.3,0.9447182448375827,2.137831471510687,0.9447188148348359,7.344719165039073e-06,0.1047900146931962,6.818559336564843e-06,8.355003054592393e-05
6.625000000000076e-05,3.3,0.9447182285321687,2.137831471648669,0.9447188140675342,7.344719159646808e-06,0.1047900141673163,6.818559329396708e-06,8.355003009895229e-05
6.635000000000076e-05,3.3,0.9447182441681675,2.137831472074798,0.94471881428974,7.344719119918909e-06,0.1047900144063341,6.818559317653386e-06,8.355003022802615e-05
6.645000000000076e-05,3.3,0.9447182289989702,2.137831471293749,0.9447188143178741,7.344719188018945e-06,0.1047900142973029,6.818559338369821e-06,8.355003024494958e-05
6.655000000000076e-05,3.3,0.944718243535725,2.137831472679108,0.9447188137303008,7.344719071553431e-06,0.1047900141158157,6.818559297562912e-06,8.355002990176486e-05
6.665000000000077e-05,3.3,0.9447182290374534,2.137831471307893,0.9447188142838251,7.344719186868676e-06,0.1047900142789797,6.818559337255404e-06,8.355003022509235e-05
6.675000000000077e-05,3.3,0.9447182446876218,2.13783147135549,0.944718815022,7.344719177569236e-06,0.104790014784122,6.818559344403748e-06,8.355003065507713e-05
6.685000000000077e-05,3.3,0.9447182290226425,2.137831471514465,0.9447188140664853,7.344719170264988e-06,0.1047900141661555,6.818559329435038e-06,8.355003009834058e-05
6.695000000000077e-05,3.3,0.9447182440179616,2.137831471897072,0.9447188144722654,7.344719134260878e-06,0.1047900144973993,6.818559324870402e-06,8.355003033447417e-05
6.705000000000078e-05,3.3,0.9447182294708303,2.137831471023992,0.9447188146153167,7.344719209542975e-06,0.1047900144627389,6.818559347127034e-06,8.355003041841693e-05
6.715000000000078e-05,3.3,0.9447182441046804,2.137831471860448,0.9447188145547532,7.344719137174034e-06,0.1047900145423317,6.818559327475296e-06,8.355003038258073e-05
6.725000000000078e-05,3.3,0.9447182292323842,2.137831471386875,0.9447188141998565,7.344719180450534e-06,0.1047900142401991,6.818559333384063e-06,8.35500301761222e-05
6.735000000000078e-05,3.3,0.9447182434673473,2.137831472327473,0.9447188140407007,7.344719099848918e-06,0.1047900142672162,6.818559310434671e-06,8.355003008278895e-05
6.745000000000079e-05,3.3,0.9447182289581669,2.137831471770691,0.9447188138044164,7.344719149687644e-06,0.1047900140260004,6.818559320732562e-06,8.355002994550303e-05
6.755000000000079e-05,3.3,0.9447182440135402,2.137831471674256,0.9447188146232338,7.344719152176133e-06,0.1047900145740018,6.818559330596382e-06,8.355003042251834e-05
6.765000000000079e-05,3.3,0.9447182297779207,2.13783147108611,0.9447188145502192,7.344719204440659e-06,0.104790014436584,6.818559343436727e-06,8.355003038045236e-05
6.775000000000079e-05,3.3,0.9447182436470629,2.137831471961821,0.9447188144108716,7.344719129184255e-06,0.104790014465276,6.81855932270947e-06,8.355003029867097e-05
6.78500000000008e-05,3.3,0.9447182299412616,2.137831470866892,0.9447188146866026,7.344719222009563e-06,0.10479001449973,6.818559349671902e-06,8.355003045999067e-05
6.79500000000008e-05,3.3,0.9447182440091028,2.137831471505016,0.9447188148836941,7.344719165784398e-06,0.104790014714102,6.818559339122159e-06,8.355003057441791e-05
6.80500000000008e-05,3.3,0.9447182302470558,2.137831470721359,0.9447188148277109,7.344719233603003e-06,0.1047900145809865,6.818559353333754e-06,8.355003054228291e-05
6.81500000000008e-05,3.3,0.944718244191121,2.137831471189737,0.9447188151990178,7.344719191069271e-06,0.1047900148709352,6.818559351671908e-06,8.355003075831323e-05
6.82500000000008e-05,3.3,0.9447182300033498,2.13783147108792,0.9447188145042711,7.344719204216595e-06,0.1047900144025692,6.818559343564668e-06,8.35500303536541e-05
6.835000000000081e-05,3.3,0.9447182439674755,2.137831471424505,0.9447188149022955,7.344719172271781e-06,0.1047900147234504,6.818559339832751e-06,8.355003058526734e-05
6.845000000000081e-05,3.3,0.9447182297934646,2.137831471383011,0.9447188142816175,7.344719180564771e-06,0.1047900142864043,6.818559335675704e-06,8.355003022380353e-05
6.855000000000081e-05,3.3,0.9447182438688925,2.137831471366731,0.944718814925021,7.34471917695171e-06,0.1047900147334675,6.818559340956762e-06,8.35500305985208e-05
6.865000000000081e-05,3.3,0.9447182302823272,2.1378314709754,0.9447188146065315,7.344719213165617e-06,0.1047900144650744,6.818559345576991e-06,8.355003041329193e-05
6.875000000000082e-05,3.3,0.9447182434938526,2.137831471730974,0.9447188145964414,7.344719147797461e-06,0.1047900145548963,6.818559330559454e-06,8.355003040689454e-05
6.885000000000082e-05,3.3,0.944718230459175,2.137831470890648,0.9447188147103869,7.344719219917745e-06,0.1047900145257424,6.818559348125274e-06,8.355003047385997e-05
6.895000000000082e-05,3.3,0.9447182436500204,2.137831471373746,0.9447188149705622,7.344719176464306e-06,0.1047900147539744,6.818559343160361e-06,8.35500306250804e-05
6.905000000000082e-05,3.3,0.9447182295030303,2.137831471914844,0.9447188137785545,7.344719137907427e-06,0.1047900140250641,6.818559317622161e-06,8.355002993041935e-05
6.915000000000083e-05,3.3,0.9447182441751795,2.137831470839902,0.9447188154227238,7.344719219201149e-06,0.1047900149875656,6.818559359604409e-06,8.355003088877907e-05
6.925000000000083e-05,3.3,0.9447182292644022,2.137831472294914,0.9447188135577179,7.344719107432833e-06,0.1047900139129178,6.818559309274862e-06,8.355002980162753e-05
6.935000000000083e-05,3.3,0.9447182430745832,2.137831471834925,0.944718814398728,7.344719139586881e-06,0.1047900144459023,6.818559324552818e-06,8.35500302915904e-05
6.945000000000083e-05,3.3,0.9447182305753447,2.137831471076459,0.9447188146357388,7.344719204937738e-06,0.1047900144816544,6.818559346402998e-06,8.355003043032395e-05
6.955000000000084e-05,3.3,0.9447182430866484,2.137831471777976,0.9447188144933634,7.344719144161063e-06,0.1047900145016125,6.818559326804105e-06,8.355003034678129e-05
6.965000000000084e-05,3.3,0.9447182307448942,2.137831470844481,0.9447188148309003,7.3447192235302e-06,0.1047900145902438,6.818559352130194e-06,8.35500305441414e-05
6.975000000000084e-05,3.3,0.9447182426099838,2.13783147209733,0.9447188142229681,7.344719118652419e-06,0.1047900143538587,6.818559318393254e-06,8.355003018908784e-05
6.985000000000084e-05,3.3,0.9447182302688345,2.137831471577795,0.9447188141025208,7.344719164737427e-06,0.1047900142036353,6.818559327434398e-06,8.355003011935426e-05
6.995000000000085e-05,3.3,0.9447182430009028,2.137831471731225,0.9447188145354124,7.344719147949575e-06,0.1047900145214269,6.818559328670544e-06,8.355003037130336e-05
7.005000000000085e-05,3.3,0.9447182307088406,2.137831471100952,0.9447188145704062,7.344719202922335e-06,0.1047900144398047,6.818559345442877e-06,8.355003039222233e-05
7.015000000000085e-05,3.3,0.9447182429100061,2.137831471737018,0.9447188145501363,7.344719147515676e-06,0.1047900145249278,6.818559329935141e-06,8.355003037989028e-05
7.025000000000085e-05,3.3,0.944718231214155,2.137831470687029,0.9447188149512615,7.344719236024742e-06,0.104790014653082,6.818559356386778e-06,8.355003061433561e-05
7.035000000000086e-05,3.3,0.9447182426287419,2.137831471924619,0.9447188144841626,7.344719132531042e-06,0.104790014485004,6.8185593285911e-06,8.35500303414148e-05
7.045000000000086e-05,3.3,0.9447182312920118,2.137831470586534,0.9447188149819306,7.344719244077903e-06,0.1047900146677139,6.818559357701354e-06,8.355003063222154e-05
7.055000000000086e-05,3.3,0.9447182426806924,2.137831471824616,0.9447188145571148,7.344719140552831e-06,0.1047900145238045,6.818559331044306e-06,8.355003038396016e-05
7.065000000000086e-05,3.3,0.9447182307912795,2.137831471191576,0.9447188143873236,7.344719195607858e-06,0.104790014352439,6.818559337484245e-06,8.355003028545013e-05
7.075000000000087e-05,3.3,0.94471824315373,2.137831471236582,0.9447188151119889,7.344719187665236e-06,0.1047900148130855,6.818559350774423e-06,8.355003070755976e-05
7.085000000000087e-05,3.3,0.9447182312327744,2.137831470861832,0.9447188147428605,7.344719221964568e-06,0.1047900145533164,6.818559347399396e-06,8.355003049279702e-05
7.095000000000087e-05,3.3,0.9447182423295735,2.137831472034784,0.9447188143389138,7.344719123778076e-06,0.1047900144048801,6.818559324192833e-06,8.355003025670632e-05
7.105000000000087e-05,3.3,0.9447182306315041,2.137831471510006,0.944718814097054,7.344719170062121e-06,0.1047900142046727,6.818559326536403e-06,8.35500301161661e-05
7.115000000000088e-05,3.3,0.9447182428753181,2.137831471352212,0.9447188149134791,7.344719178465994e-06,0.1047900147091925,6.818559343765977e-06,8.355003059179033e-05
7.125000000000088e-05,3.3,0.9447182311430729,2.13783147106337,0.9447188145541218,7.34471920579248e-06,0.1047900144426353,6.818559342853561e-06,8.355003038272532e-05
7.135000000000088e-05,3.3,0.9447182424979462,2.137831471702178,0.9447188146440791,7.344719150460683e-06,0.1047900145700481,6.818559333972156e-06,8.355003043467741e-05
7.145000000000088e-05,3.3,0.9447182307000288,2.137831471656198,0.9447188140476465,7.344719158283948e-06,0.1047900141854792,6.818559323642125e-06,8.355003008735085e-05
7.155000000000089e-05,3.3,0.9447182427514744,2.137831471310019,0.9447188150034111,7.344719181901839e-06,0.1047900147527423,6.818559347565754e-06,8.355003064423907e-05
7.165000000000089e-05,3.3,0.9447182305081068,2.137831471868925,0.9447188138333001,7.344719141248e-06,0.1047900140655513,6.818559317458219e-06,8.355002996234517e-05
7.175000000000089e-05,3.3,0.9447182426035867,2.137831471481741,0.9447188147726966,7.344719168146782e-06,0.1047900146321801,6.818559339396363e-06,8.355003050968892e-05
7.185000000000089e-05,3.3,0.944718231026488,2.137831471444536,0.9447188142748049,7.344719175187344e-06,0.1047900142988354,6.818559332617434e-06,8.355003021982892e-05
7.19500000000009e-05,3.3,0.9447182422195356,2.137831471773272,0.9447188143993966,7.344719144842121e-06,0.1047900144448786,6.818559324809845e-06,8.35500302919818e-05
7.20500000000009e-05,3.3,0.944718231028182,2.137831471568584,0.9447188141845376,7.344719165212915e-06,0.1047900142467393,6.818559330302092e-06,8.355003016718538e-05
7.21500000000009e-05,3.3,0.9447182429392957,2.137831470878549,0.9447188152917607,7.344719216526433e-06,0.1047900149072292,6.818559357059251e-06,8.355003081240494e-05
7.22500000000009e-05,3.3,0.9447182311138917,2.137831471511866,0.9447188143073068,7.344719169743455e-06,0.1047900143191026,6.818559333208835e-06,8.355003023878237e-05
7.23500000000009e-05,3.3,0.9447182427479361,2.137831470996514,0.944718815140459,7.344719207109196e-06,0.1047900148365359,6.818559350227579e-06,8.355003072416647e-05
7.245000000000091e-05,3.3,0.9447182316986862,2.137831470958753,0.9447188148405823,7.344719214008888e-06,0.1047900146004351,6.818559351588003e-06,8.355003054978651e-05
7.255000000000091e-05,3.3,0.9447182414647723,2.137831472299813,0.9447188139220258,7.344719102772536e-06,0.1047900141893253,6.818559309020579e-06,8.355003001358259e-05
7.265000000000091e-05,3.3,0.9447182325869292,2.137831470097046,0.9447188156486036,7.344719282979555e-06,0.1047900150252352,6.818559379694019e-06,8.355003102101956e-05
7.275000000000091e-05,3.3,0.9447182429379093,2.137831470623336,0.9447188156613319,7.344719237046148e-06,0.1047900150886085,6.818559372223058e-06,8.355003102793585e-05
7.285000000000092e-05,3.3,0.9447182317456014,2.137831471047104,0.9447188146256942,7.344719206889284e-06,0.1047900144898364,6.81855934366365e-06,8.355003042446451e-05
7.295000000000092e-05,3.3,0.9447182415797414,2.137831472037568,0.9447188142691297,7.344719123816922e-06,0.1047900143735525,6.818559320810268e-06,8.355003021601064e-05
7.305000000000092e-05,3.3,0.9447182309421386,2.137831471905182,0.944718813804181,7.344719138181386e-06,0.104790014055608,6.818559315497281e-06,8.355002994536281e-05
7.315000000000092e-05,3.3,0.9447182421506009,2.137831471384699,0.9447188148239324,7.344719176107714e-06,0.1047900146616945,6.81855934071742e-06,8.355003053956938e-05
7.325000000000093e-05,3.3,0.9447182316534111,2.13783147128585,0.9447188144590631,7.34471918772637e-06,0.1047900144016071,6.818559337991193e-06,8.355003032728608e-05
7.335000000000093e-05,3.3,0.9447182419983192,2.137831471456161,0.9447188147211067,7.344719170415534e-06,0.1047900146100046,6.818559336715048e-06,8.355003047960178e-05
7.345000000000093e-05,3.3,0.9447182314089193,2.137831471658456,0.944718814171998,7.344719157854238e-06,0.1047900142503963,6.818559328072721e-06,8.355003015987077e-05
7.355000000000093e-05,3.3,0.9447182412711814,2.137831472134238,0.9447188141115794,7.344719116152667e-06,0.1047900142814896,6.818559316944158e-06,8.355003012412943e-05
7.365000000000094e-05,3.3,0.9447182324403129,2.137831470542768,0.9447188151950718,7.344719247195068e-06,0.1047900147879414,6.818559363707336e-06,8.355003075652174e-05
7.375000000000094e-05,3.3,0.9447182408995534,2.137831472556714,0.9447188137407666,7.344719082315038e-06,0.1047900140855203,6.81855930423161e-06,8.355002990787294e-05
7.385000000000094e-05,3.3,0.9447182316736755,2.137831471501203,0.9447188141703828,7.34471917040493e-06,0.1047900142543106,6.818559327141715e-06,8.355003015892882e-05
7.395000000000094e-05,3.3,0.9447182412186514,2.137831472158714,0.9447188141613497,7.344719114202447e-06,0.1047900143061286,6.818559318960979e-06,8.355003015315373e-05
7.405000000000095e-05,3.3,0.9447182316810401,2.137831471497112,0.9447188141935663,7.344719170731628e-06,0.1047900142666868,6.818559327919572e-06,8.355003017244936e-05
7.415000000000095e-05,3.3,0.9447182420544342,2.137831471161589,0.9447188151184506,7.344719194079075e-06,0.1047900148066248,6.818559352729182e-06,8.355003071133124e-05
7.425000000000095e-05,3.3,0.9447182318335156,2.137831471399003,0.9447188143386623,7.344719178566089e-06,0.1047900143369265,6.81855933404326e-06,8.355003025706886e-05
7.435000000000095e-05,3.3,0.9447182414594464,2.137831471703214,0.9447188146036667,7.344719150740924e-06,0.1047900145487853,6.818559332566709e-06,8.355003041111125e-05
7.445000000000096e-05,3.3,0.9447182321680394,2.137831471126763,0.9447188145984441,7.344719200337282e-06,0.1047900144738565,6.818559343017248e-06,8.35500304085725e-05
7.455000000000096e-05,3.3,0.9447182415940707,2.137831471521557,0.9447188147194793,7.344719165298706e-06,0.1047900145959277,6.81855933900503e-06,8.355003047865267e-05
7.465000000000096e-05,3.3,0.9447182319674718,2.137831471446937,0.9447188143090844,7.344719174665074e-06,0.1047900143225519,6.818559332810313e-06,8.355003023981915e-05
7.475000000000096e-05,3.3,0.9447182415074107,2.137831471541542,0.944718814628947,7.344719163722361e-06,0.1047900145525613,6.81855933509351e-06,8.355003042585454e-05
7.485000000000097e-05,3.3,0.9447182318837378,2.137831471618656,0.9447188141206628,7.344719160888192e-06,0.1047900142215895,6.818559326584992e-06,8.355003012993251e-05
7.495000000000097e-05,3.3,0.944718241755999,2.137831471227085,0.9447188150034294,7.344719188917703e-06,0.1047900147476231,6.818559348459053e-06,8.355003064425124e-05
7.505000000000097e-05,3.3,0.94471823233717,2.137831471076235,0.9447188146792631,7.344719204340697e-06,0.1047900145157469,6.818559345939922e-06,8.35500304557043e-05
7.515000000000097e-05,3.3,0.9447182409317598,2.137831472033536,0.9447188141504188,7.344719124367372e-06,0.104790014302154,6.818559318239943e-06,8.355003014678025e-05
7.525000000000098e-05,3.3,0.9447182325612745,2.137831470969198,0.9447188147335059,7.344719212867866e-06,0.1047900145549868,6.818559345925171e-06,8.355003048733844e-05
7.535000000000098e-05,3.3,0.944718240884266,2.137831472017554,0.9447188142785541,7.34471912566902e-06,0.1047900143654759,6.818559323436763e-06,8.35500302215084e-05
7.545000000000098e-05,3.3,0.9447182324071987,2.137831471131501,0.9447188145301604,7.344719199872973e-06,0.1047900144444394,6.818559339482293e-06,8.355003036874975e-05
7.555000000000098e-05,3.3,0.944718240559879,2.137831472242851,0.9447188140813445,7.344719107668756e-06,0.1047900142706209,6.818559315024772e-06,8.35500301064965e-05
7.565000000000099e-05,3.3,0.9447182318879075,2.137831471803829,0.9447188138828578,7.344719145999244e-06,0.1047900141076088,6.818559316351199e-06,8.355002999124539e-05
7.575000000000099e-05,3.3,0.9447182420502104,2.137831470663103,0.9447188155140241,7.34471923415876e-06,0.1047900150237602,6.818559364856327e-06,8.3550030942028e-05
7.585000000000099e-05,3.3,0.9447182310852253,2.137831472719911,0.944718813188253,7.344719072626816e-06,0.1047900137412707,6.818559292434651e-06,8.35500295861548e-05
7.595000000000099e-05,3.3,0.9447182413158707,2.137831471387361,0.9447188147423857,7.344719176185511e-06,0.104790014606225,6.818559340088735e-06,8.355003049201309e-05
7.6050000000001e-05,3.3,0.9447182327478183,2.137831470994576,0.9447188148202303,7.344719210762133e-06,0.1047900145942487,6.81855935008189e-06,8.355003053791569e-05
7.6150000000001e-05,3.3,0.944718240312186,2.13783147236113,0.944718813848578,7.344719098245712e-06,0.1047900141427161,6.818559307877696e-06,8.355002997074968e-05
7.6250000000001e-05,3.3,0.9447182327780153,2.137831471011029,0.9447188147432733,7.344719209429042e-06,0.1047900145607873,6.818559346157277e-06,8.355003049303476e-05
7.6350000000001e-05,3.3,0.9447182411926314,2.137831471365958,0.9447188148597668,7.344719177949396e-06,0.1047900146714693,6.818559343571424e-06,8.355003056046941e-05
7.6450000000001e-05,3.3,0.9447182324890175,2.137831471419804,0.9447188143713237,7.344719176664357e-06,0.1047900143615608,6.818559333871594e-06,8.355003027611523e-05
7.655000000000101e-05,3.3,0.9447182406853578,2.137831471887604,0.9447188143729837,7.344719136186464e-06,0.1047900144150986,6.81855932672124e-06,8.355003027657931e-05
7.665000000000101e-05,3.3,0.9447182327005221,2.137831471195581,0.944718814549829,7.344719194618253e-06,0.1047900144517582,6.818559340716024e-06,8.35500303802188e-05
7.675000000000101e-05,3.3,0.9447182408090549,2.137831471751013,0.9447188144713319,7.344719147124782e-06,0.1047900144667751,6.818559330139654e-06,8.355003033393558e-05
7.685000000000101e-05,3.3,0.9447182325254196,2.137831471458332,0.9447188143077244,7.344719173554191e-06,0.104790014324377,6.818559332313414e-06,8.355003023902444e-05
7.695000000000102e-05,3.3,0.9447182406879443,2.137831471756667,0.9447188144566153,7.344719146712838e-06,0.1047900144530614,6.818559330679681e-06,8.355003032535293e-05
7.705000000000102e-05,3.3,0.944718233114918,2.13783147092977,0.9447188148226432,7.344719215844263e-06,0.10479001459656,6.818559349968044e-06,8.355003053932287e-05
7.715000000000102e-05,3.3,0.944718240528487,2.137831471921718,0.9447188143433424,7.344719133498245e-06,0.104790014397032,6.818559326128861e-06,8.355003025929267e-05
7.725000000000102e-05,3.3,0.9447182329455605,2.137831471085573,0.944718814570073,7.344719203377391e-06,0.1047900144698138,6.818559340092738e-06,8.355003039202501e-05
7.735000000000103e-05,3.3,0.9447182402767602,2.137831472062417,0.9447188142603423,7.344719122274472e-06,0.1047900143529902,6.818559323325197e-06,8.355003021088732e-05
7.745000000000103e-05,3.3,0.9447182322678553,2.137831471868565,0.9447188138396823,7.344719140661804e-06,0.1047900140826302,6.818559315252755e-06,8.355002996606565e-05
7.755000000000103e-05,3.3,0.9447182406943546,2.137831471609839,0.9447188146635372,7.344719158515489e-06,0.1047900145741525,6.818559335724211e-06,8.355003044602908e-05
7.765000000000103e-05,3.3,0.9447182330584005,2.137831471103831,0.9447188146205517,7.344719201869779e-06,0.1047900144959505,6.818559341934927e-06,8.355003042146394e-05
7.775000000000104e-05,3.3,0.9447182401247256,2.137831472161037,0.9447188141221182,7.344719114398314e-06,0.1047900142839202,6.818559317872694e-06,8.355003013027562e-05
7.785000000000104e-05,3.3,0.9447182329073993,2.137831471325371,0.9447188143726147,7.344719184110911e-06,0.1047900143647451,6.818559333452975e-06,8.355003027686817e-05
7.795000000000104e-05,3.3,0.9447182403551783,2.137831471884663,0.9447188143754288,7.344719136538045e-06,0.1047900144130191,6.818559327400183e-06,8.35500302780053e-05
7.805000000000104e-05,3.3,0.9447182330486019,2.137831471216979,0.9447188144807098,7.344719192776121e-06,0.1047900144246875,6.818559336665225e-06,8.355003033990883e-05
7.815000000000105e-05,3.3,0.9447182408613202,2.137831471346042,0.9447188148947259,7.344719179665763e-06,0.1047900146876981,6.818559345171671e-06,8.355003058085717e-05
7.825000000000105e-05,3.3,0.9447182323650652,2.137831471985597,0.9447188137294115,7.344719131218544e-06,0.1047900140201283,6.818559312214437e-06,8.355002990175459e-05
7.835000000000105e-05,3.3,0.9447182408953797,2.137831471248033,0.9447188149183225,7.344719187534006e-06,0.1047900146947546,6.818559346920565e-06,8.355003059461874e-05
7.845000000000105e-05,3.3,0.9447182327502462,2.137831471616346,0.9447188141828239,7.344719160771282e-06,0.1047900142722791,6.818559325580254e-06,8.355003016618288e-05
7.855000000000106e-05,3.3,0.9447182412366553,2.13783147078072,0.9447188153376876,7.344719224986862e-06,0.1047900149187986,6.818559360873613e-06,8.355003083919075e-05
7.865000000000106e-05,3.3,0.9447182333840959,2.137831470973097,0.9447188148506408,7.344719212266986e-06,0.1047900146171838,6.818559349913545e-06,8.355003055564892e-05
7.875000000000106e-05,3.3,0.9447182402049406,2.137831471829267,0.944718814308814,7.344719141044478e-06,0.1047900143858303,6.818559323676115e-06,8.355003023915748e-05
7.885000000000106e-05,3.3,0.9447182335669314,2.137831470847322,0.9447188148820094,7.34471922231537e-06,0.1047900146321075,6.818559351260383e-06,8.355003057394372e-05
7.895000000000107e-05,3.3,0.9447182400738324,2.137831471934111,0.9447188143524076,7.344719132660894e-06,0.1047900143998979,6.818559326787095e-06,8.355003026458097e-05
7.905000000000107e-05,3.3,0.9447182331434539,2.137831471344366,0.9447188143750802,7.344719182501154e-06,0.104790014369587,6.818559332915901e-06,8.355003027830606e-05
7.915000000000107e-05,3.3,0.9447182398464452,2.137831472177848,0.9447188140550127,7.344719113143606e-06,0.1047900142510537,6.818559315103006e-06,8.355003009114129e-05
7.925000000000107e-05,3.3,0.9447182328494177,2.137831471615453,0.9447188141056304,7.344719160809313e-06,0.1047900142219742,6.818559324590243e-06,8.355003012116398e-05
7.935000000000107e-05,3.3,0.9447182404155505,2.137831471497648,0.9447188147215644,7.344719167632727e-06,0.1047900145975101,6.818559338994291e-06,8.355003047987169e-05
7.945000000000108e-05,3.3,0.9447182331566958,2.137831471469227,0.9447188142244942,7.344719172457548e-06,0.1047900142933208,6.818559327157705e-06,8.355003019048484e-05
7.955000000000108e-05,3.3,0.9447182410918008,2.137831470719497,0.9447188153549532,7.344719229959535e-06,0.1047900149354345,6.818559360132204e-06,8.355003084925998e-05
7.965000000000108e-05,3.3,0.9447182332291023,2.137831471406682,0.9447188144233053,7.344719177461027e-06,0.1047900143945351,6.818559334688658e-06,8.355003030642924e-05
7.975000000000108e-05,3.3,0.9447182398906618,2.137831471917072,0.9447188142894541,7.344719134094987e-06,0.1047900143689795,6.818559324196357e-06,8.355003022786681e-05
7.985000000000109e-05,3.3,0.9447182332151164,2.137831471421237,0.9447188143836339,7.344719176295879e-06,0.1047900143676955,6.818559334357515e-06,8.355003028329316e-05
7.995000000000109e-05,3.3,0.9447182399717123,2.137831471858331,0.9447188143178932,7.344719138788977e-06,0.1047900143802684,6.818559325824659e-06,8.355003024445219e-05
7.999999999999999e-05,3.3,0.9447182356858306,2.137831468745945,0.9447188169002534,7.344719390525833e-06,0.1047900157044941,6.818559419472844e-06,8.355003175097389e-05
