time,v(vapwr),v(iref),v(xref.vbiasp),v(xref.vbiasn),@m.xref.xm1.msky130_fd_pr__pfet_g5v0d10v5[id],v(xref.net1),@m.xref.xm39.msky130_fd_pr__nfet_g5v0d10v5[id],@m.xref.xm42.msky130_fd_pr__nfet_g5v0d10v5[gm]
1e-09,0.0003300000000000001,0.0001504555329185954,0.0002373416366111273,8.01246094131426e-05,1.214031904373115e-18,3.757459338140907e-06,1.22251007373418e-14,1.900899073702362e-14
2e-09,0.0006600000000000002,0.0003008706714834229,0.0004747674804586427,0.0001597370219788818,2.427432491117757e-18,4.561080042627536e-06,2.45672206187058e-14,3.790676197095029e-14
4e-09,0.00132,0.000601602297514816,0.0009500823888290337,0.0003182704520741527,4.852074282007995e-18,5.036159017562874e-06,4.920777508433801e-14,7.556870132423858e-14
8e-09,0.002640000000000001,0.001202709475583596,0.001902560730562999,0.0006330687023707391,9.691682410508945e-18,5.035673909013237e-06,9.812079351591983e-14,1.504738178332885e-13
1.6e-08,0.005280000000000002,0.002403673314998109,0.00381418949364827,0.001255086443848258,1.932519337651398e-17,5.619794282934243e-06,1.941679616837155e-13,2.989488198873998e-13
3.2e-08,0.01056,0.004801563614687372,0.007658543472421129,0.00247520401968924,3.836198251445711e-17,6.023757911077626e-06,3.788403030086549e-13,5.919821885080115e-13
6.4e-08,0.02112000000000001,0.009586409491794833,0.01540244096315065,0.004854783718136454,7.521938737357469e-17,6.828142314726331e-06,7.167651098623251e-13,1.170235440022657e-12
1e-07,0.03300000000000001,0.01495901743294448,0.02416333586698723,0.007479335286001194,1.142624977095846e-16,6.93797057600579e-06,1.048023166770073e-12,1.818270874211492e-12
1.064e-07,0.03511200000000001,0.01591340385103654,0.02572410963960941,0.007942468012191539,1.209055238824898e-16,7.042910870692388e-06,1.101880534469961e-12,1.933737811614252e-12
1.192e-07,0.03933600000000001,0.01782168052118841,0.02884778434751643,0.008866477711100681,1.339128088005585e-16,7.149503815238057e-06,1.205423098417418e-12,2.165110235679886e-12
1.448e-07,0.04778400000000001,0.02163658206347679,0.03510181650065772,0.01070733244923334,1.588172861836566e-16,7.207758814456783e-06,1.397179131803717e-12,2.630059360720477e-12
1.96e-07,0.06468000000000003,0.0292616961600374,0.04762718969876313,0.01436979012423082,2.045267728492968e-16,7.360520643855304e-06,1.730577240231955e-12,3.57125336540461e-12
2.960000000000001e-07,0.09768000000000003,0.044143514256092,0.07212231759955354,0.02148216958262797,2.837159354571794e-16,7.427131186296252e-06,2.263699679182261e-12,5.464973797208547e-12
3.960000000000001e-07,0.13068,0.05901552772264011,0.0966325565867875,0.02856435478367935,3.617063276706336e-16,7.514127876773763e-06,2.736275008727582e-12,7.451187025282499e-12
4.960000000000001e-07,0.16368,0.07387861940533427,0.1211462605198817,0.03562612507219801,4.48802822659857e-16,7.531097142964244e-06,3.209875512050732e-12,9.556026668307085e-12
5.960000000000001e-07,0.19668,0.08873167097622063,0.145658956270051,0.04267103744376555,5.513113625155541e-16,7.604182407100733e-06,3.715009593880505e-12,1.181148534394023e-11
6.960000000000001e-07,0.2296800000000001,0.1035725974585054,0.1701685288909878,0.04970072496873779,6.742646886594074e-16,7.620077198703511e-06,4.269781549851322e-12,1.425483165932586e-11
7.960000000000001e-07,0.2626800000000001,0.1183985855561325,0.194673803516966,0.05671617230319528,8.228042928943433e-16,7.695574752203907e-06,4.887643796903882e-12,1.692773003250839e-11
8.960000000000001e-07,0.2956800000000001,0.133206104343656,0.2191740228322714,0.06371807569495304,1.00279613691418e-15,7.717542148206212e-06,5.580633621814844e-12,1.987573485963153e-11
9.96e-07,0.3286800000000001,0.1479908238662736,0.2436686180232286,0.07070707102191277,1.221205675015698e-15,7.799456209874085e-06,6.36074583539377e-12,2.314833614892377e-11
1.096e-06,0.3616800000000001,0.1627474645890845,0.2681570942822726,0.07768375346463227,1.486425210376117e-15,7.830266069071499e-06,7.24073312738734e-12,2.67993708285246e-11
1.196e-06,0.3946800000000001,0.1774696140736161,0.2926389685890556,0.08464877677837468,1.808624798381443e-15,7.920910795964145e-06,8.234499621856214e-12,3.08877786301072e-11
1.296e-06,0.4276800000000002,0.1921494869312617,0.3171137088699974,0.09160281846755189,2.200162392106854e-15,7.96270708925735e-06,9.357528899209379e-12,3.547850218659095e-11
1.396e-06,0.4606800000000002,0.2067776144886903,0.3415806818581887,0.0985466611088779,2.676078387970108e-15,8.064266509972487e-06,1.062711379176084e-11,4.064361193145815e-11
1.496000000000001e-06,0.4936800000000003,0.2213424835252291,0.3660390983120506,0.1054811545639752,3.25470045252103e-15,8.11935005842941e-06,1.206277054514892e-11,4.64635010680618e-11
1.596000000000001e-06,0.5266800000000003,0.2358300776275622,0.3904879524474427,0.1124072934021064,3.958388792356598e-15,8.234341881283985e-06,1.368647125556046e-11,5.302831452776362e-11
1.696000000000001e-06,0.5596800000000003,0.250223335199843,0.4149259267590575,0.1193261853623831,4.8144626857836e-15,8.305484488833708e-06,1.552314654436724e-11,6.043947030406265e-11
1.796000000000001e-06,0.5926800000000003,0.2645015201138001,0.4393513221941859,0.1262391503994507,5.856353264329737e-15,8.437066123632918e-06,1.760098903487491e-11,6.881152245219968e-11
1.896000000000001e-06,0.6256800000000003,0.2786394923608599,0.463761942711121,0.13314770968065,7.125053590003564e-15,8.527879059903672e-06,1.995211756235926e-11,7.827419669042603e-11
1.996000000000001e-06,0.6586800000000004,0.2926068675916478,0.4881549377640234,0.140053700198372,8.670957960584284e-15,8.680239783901585e-06,2.261301251690765e-11,8.897492940241471e-11
2.096000000000001e-06,0.6916800000000004,0.3063671285162814,0.5125266363276559,0.1469592954748088,1.055620974968445e-14,8.795603797063325e-06,2.562543492443486e-11,1.010817482416049e-10
2.196000000000001e-06,0.7246800000000003,0.3198767754501173,0.5368723648554882,0.1538671803768001,1.285772436342745e-14,8.97457278894337e-06,2.903711052200728e-11,1.147869961532393e-10
2.296000000000001e-06,0.7576800000000004,0.3330845759973626,0.5611862024623,0.1607806171785139,1.567113306729818e-14,9.121456764305674e-06,3.2903069552541e-11,1.303116877494548e-10
2.396e-06,0.7906800000000003,0.3459311047110109,0.5854606972654146,0.1677036781208492,1.911597999125242e-14,9.335448335238954e-06,3.728677486299095e-11,1.479112623825198e-10
2.496e-06,0.8236800000000002,0.3583488635029157,0.6096866034063471,0.1746414208234807,2.334261812656217e-14,9.524138124444818e-06,4.226221379674296e-11,1.67882711465383e-10
2.596e-06,0.8566800000000002,0.3702632053490343,0.6338525238542527,0.1816002258277865,2.854151222286544e-14,9.785837799154334e-06,4.791589686229038e-11,1.905741559458016e-10
2.696e-06,0.8896800000000002,0.381594318789309,0.6579445420471638,0.1885880897013723,3.495589697979955e-14,1.003201144543477e-05,5.435031146637738e-11,2.163971563904189e-10
2.796e-06,0.9226800000000002,0.3922606375482765,0.6819458455662913,0.1956151185727511,4.289918529759106e-14,1.036093404727939e-05,6.168764204217407e-11,2.458436501300227e-10
2.896e-06,0.9556800000000002,0.4021835711384317,0.705836293116801,0.2026939834442956,5.277923660219093e-14,1.06889056253272e-05,7.007582588793013e-11,2.795083966650578e-10
2.996e-06,0.98868,0.4112932360009394,0.7295918824800917,0.2098405508486183,6.513268954883905e-14,1.111528884486106e-05,7.96956325300741e-11,3.181200312025488e-10
3.096e-06,1.02168,0.4195345921157976,0.7531842703955857,0.2170744722209334,8.0673978375184e-14,1.156253557671592e-05,9.077166847143955e-11,3.62583073098599e-10
3.196e-06,1.05468,0.426872825331315,0.7765800880038504,0.2244199038582253,1.003667552056093e-13,1.213263747590607e-05,1.035860265724055e-10,4.140362863590365e-10
3.295999999999999e-06,1.08768,0.433297084492618,0.7997401604623493,0.2319060515595405,1.255294924671902e-13,1.275572333383989e-05,1.184986219866284e-10,4.739319457727046e-10
3.395999999999999e-06,1.12068,0.4388215545772433,0.8226187422862228,0.2395677046448701,1.579938975880842e-13,1.353804689685976e-05,1.359732831921856e-10,5.441456144579972e-10
3.495999999999999e-06,1.15368,0.4434836081023238,0.8451627037611632,0.2474453557170578,2.003468330994644e-13,1.441890802571852e-05,1.566154322852372e-10,6.271251613910353e-10
3.595999999999999e-06,1.18668,0.4473396037197107,0.8673108862863601,0.2555850055522525,2.563053658172053e-13,1.551012336106474e-05,1.812211540194914e-10,7.260952938272798e-10
3.695999999999999e-06,1.21968,0.450459028991577,0.888994000684957,0.2640372200521447,3.313059585543438e-13,1.676120606900136e-05,2.108463650445048e-10,8.453339689174873e-10
3.795999999999999e-06,1.25268,0.4529182818879949,0.9101350012020705,0.2728554837343131,4.33446022598121e-13,1.829023339412642e-05,2.468971394802449e-10,9.90547127885234e-10
3.895999999999999e-06,1.28568,0.4547950077707551,0.9306501637025695,0.2820934489674631,5.750125639890647e-13,2.005732649427674e-05,2.912537421627726e-10,1.169368375049122e-09
3.995999999999999e-06,1.31868,0.4561636796022002,0.9504510418815365,0.291801317056936,7.750041524312909e-13,2.21874498449996e-05,3.464309436041988e-10,1.392023400633999e-09
4.095999999999999e-06,1.35168,0.4570926525113346,0.9694467811813127,0.3020212894131389,1.063373805654777e-12,2.465319049141602e-05,4.157917354390806e-10,1.672197042279377e-09
4.195999999999998e-06,1.38468,0.4576424747981682,0.9875465052049344,0.3127827269448986,1.488310410345174e-12,2.759083558141777e-05,5.038166958863811e-10,2.028152200099612e-09
4.295999999999998e-06,1.41768,0.4578652572821769,1.004661001680816,0.3240972816298165,2.129020012082624e-12,3.099382008593868e-05,6.164468182675683e-10,2.484130887117797e-09
4.395999999999998e-06,1.45068,0.4578046341731468,1.020702772244992,0.335954955608362,3.118737857044822e-12,3.502373344888205e-05,7.614917682074111e-10,3.072061485522268e-09
4.495999999999998e-06,1.48368,0.4574959536183063,1.035583921241407,0.3483212948707479,4.687328485156243e-12,3.971520417152462e-05,9.491058297652655e-10,3.833523554275678e-09
4.595999999999998e-06,1.51668,0.4569668496197637,1.049211621832954,0.3611361853375003,7.242620505736399e-12,4.528066772693756e-05,1.192277639396325e-09,4.821833731071279e-09
4.695999999999998e-06,1.54968,0.4562382305365926,1.06148160963497,0.3743139359969431,1.15310229243837e-11,5.182423554235048e-05,1.507269797957823e-09,6.1039089120931e-09
4.795999999999998e-06,1.582679999999999,0.4553263857258144,1.072270882139968,0.387744608221628,1.896646361898362e-11,5.963483469508176e-05,1.913831228329853e-09,7.761306659086503e-09
4.895999999999998e-06,1.61568,0.4542482659999432,1.081432405849567,0.4012962648273463,3.232994252837183e-11,6.890164599431071e-05,2.434975945963192e-09,9.889467492996374e-09
4.995999999999998e-06,1.648679999999999,0.4530341552842303,1.088795464283645,0.4148190734568715,5.731494885846398e-11,7.998793793934656e-05,3.096014919900895e-09,1.259404722441608e-08
5.095999999999997e-06,1.68168,0.4517578584428573,1.094178787856396,0.4281532438500627,1.060617653776642e-10,9.314750354060686e-05,3.922761435107636e-09,1.598377151279793e-08
5.195999999999997e-06,1.714679999999999,0.4506083080279673,1.097428266525989,0.4411466258111421,2.054454678981044e-10,0.0001088089472940722,4.939486264890678e-09,2.016239239671745e-08
5.295999999999997e-06,1.747679999999999,0.450059064464006,1.098499765321485,0.4536933284743537,4.165601525951524e-10,0.0001274106604106412,6.169532787123358e-09,2.523133349838489e-08
5.395999999999997e-06,1.780679999999999,0.451255446065263,1.097621758023867,0.465816711484635,8.783064006935614e-10,0.0001500276500242449,7.646790691661164e-09,3.13374106730861e-08
5.495999999999997e-06,1.813679999999999,0.4567772819506998,1.095572888525691,0.4778327162029633,1.88899053636169e-09,0.0001790860582759931,9.457901858100906e-09,3.884831823313196e-08
5.595999999999997e-06,1.846679999999999,0.4716063528086958,1.09400101947618,0.4905802187019332,3.988064972444604e-09,0.000220410657058908,1.184824782324624e-08,4.879724937627285e-08
5.695999999999997e-06,1.879679999999999,0.5022062260069198,1.095263025869788,0.5055183175589476,7.843982416223995e-09,0.000285404486456884,1.542651489825778e-08,6.375284344871919e-08
5.795999999999997e-06,1.912679999999999,0.5488313662485146,1.100835893786173,0.5243417607552524,1.394614925097157e-08,0.0003945779266353012,2.150684964103313e-08,8.93195839800612e-08
5.895999999999997e-06,1.945679999999999,0.5969166782986424,1.108815262772777,0.5487642438037009,2.341423882142624e-08,0.0005946675919403931,3.306574091866394e-08,1.384581830287285e-07
5.995999999999996e-06,1.978679999999999,0.6371148605571504,1.112293075217381,0.5832253265731653,4.284990104979613e-08,0.001061862952537688,6.04361939721273e-08,2.576834041679961e-07
6.028603024329233e-06,1.989438998028648,0.6506335215551026,1.110740780359902,0.598114009487001,5.49925450041149e-08,0.001365990452266533,7.826266607180294e-08,3.374904317781708e-07
6.093809072987708e-06,2.010956994085944,0.6954849283355076,1.090760769113767,0.6477712984495897,1.2601823987684e-07,0.003137980264815018,1.825301584456992e-07,8.384633819262402e-07
6.113746915873878e-06,2.01753648223838,0.7174394060360009,1.07662951515136,0.672757367808937,1.894695177591381e-07,0.004704236388122782,2.757748752778106e-07,1.336379727849271e-06
6.127919696972873e-06,2.022213500001048,0.7394988429105187,1.060111828377385,0.6983996040198283,2.862451297245526e-07,0.00702088939131059,4.15055790592857e-07,2.171171174521554e-06
6.138113404385196e-06,2.025577423447115,0.7617210123385434,1.041862122155634,0.7248803841148701,4.331383600850087e-07,0.01037817387263932,6.200426131801656e-07,3.605829778602427e-06
6.146715838169117e-06,2.028416226595809,0.7879556299618663,1.018816336391213,0.7571683711833245,7.022453580516692e-07,0.01607680629291063,9.75123231641629e-07,6.694879179242438e-06
6.153976751880605e-06,2.0308123281206,0.8180618393119196,0.9911770679310924,0.7953332160979822,1.198864211720609e-06,0.02530253851815296,1.567581392149934e-06,1.353153901608544e-05
6.161149702287074e-06,2.033179401754735,0.8527319045283405,0.9588287616562656,0.8396906136144155,2.121084135320155e-06,0.03932799788885763,2.498767562129998e-06,2.779544748253915e-05
6.168977096924033e-06,2.035762441984931,0.8824888348799745,0.931746041372845,0.8773450165621023,3.28998044438022e-06,0.05369861336388556,3.471935000073401e-06,4.539738459551243e-05
6.173933916345667e-06,2.03739819239407,0.8918875292514217,0.9241093725689801,0.8889436554960722,3.737333831506739e-06,0.05854174061402669,3.798246179023346e-06,5.158295999169904e-05
6.178661275296133e-06,2.038958220847724,0.8955468745658465,0.9220552386118482,0.8938331440106485,3.923087077197157e-06,0.06061796644382567,3.9411495253529e-06,5.426670660788793e-05
6.184031644138421e-06,2.040730442565679,0.8973890770461606,0.9219414818591055,0.8970579308885138,4.022887904073358e-06,0.06204241078005229,4.032747949254045e-06,5.605757116455476e-05
6.189673624441293e-06,2.042592296065627,0.8984529259273876,0.9227346335955015,0.8983607767642882,4.080515384078179e-06,0.06258935866837038,4.073492865690057e-06,5.678537831185945e-05
6.19590099312901e-06,2.044647327732573,0.8988232351614712,0.9244534937929273,0.8988326539911785,4.099278876878988e-06,0.06281611771814209,4.085669332037251e-06,5.704956627019496e-05
6.204222951465089e-06,2.04739357398348,0.8989460351153228,0.9270739544271858,0.8989795685282036,4.107035666823613e-06,0.0628677160022132,4.091926206880317e-06,5.713187447783739e-05
6.22086686813725e-06,2.052886066485293,0.899061357743318,0.9324994825702249,0.8990984847841937,4.11260610242316e-06,0.06294246522192305,4.094281248134086e-06,5.719852623019594e-05
6.254154701481569e-06,2.063871051488918,0.8992077235818071,0.9433829893994445,0.8992450582103595,4.122011258671775e-06,0.06300755867411384,4.100946229359127e-06,5.7280695652843e-05
6.320730368170207e-06,2.085841021496169,0.899557285863642,0.9651415127789902,0.8995937326413282,4.141234230138221e-06,0.06320482335294259,4.111386200821586e-06,5.747629322871686e-05
6.420730368170207e-06,2.118841021496169,0.9000267687095141,0.9978363105769781,0.90006481194422,4.169383336772477e-06,0.0634420073188773,4.1291910069862e-06,5.774079973416034e-05
6.520730368170207e-06,2.151841021496169,0.9005218967149746,1.030534085468634,0.9005587224588584,4.19728272825822e-06,0.06371635464682746,4.144690796549003e-06,5.80184435251355e-05
6.620730368170207e-06,2.184841021496169,0.9009726070829167,1.063241965587422,0.9010115908593451,4.224566901859301e-06,0.06394436501087969,4.161859487201483e-06,5.827328054654831e-05
6.720730368170207e-06,2.217841021496169,0.9014481649964738,1.095952990582093,0.9014857197020282,4.251599010021552e-06,0.06420840834642844,4.176728344630914e-06,5.854036610890984e-05
6.820730368170207e-06,2.250841021496168,0.9018818959429147,1.128672680553659,0.90192205571868,4.278096695554472e-06,0.06442819166585387,4.193322660382557e-06,5.878639868093418e-05
6.920730368170207e-06,2.283841021496169,0.9023399317524549,1.16139543741301,0.9023784081252654,4.304352495717491e-06,0.06468300623357547,4.207629909065904e-06,5.904397463910727e-05
7.020730368170207e-06,2.316841021496169,0.9027580871601747,1.194126007113278,0.9027993219356865,4.33012273244572e-06,0.06489520951005531,4.223692404224238e-06,5.928176031214121e-05
7.120730368170207e-06,2.349841021496168,0.9032001102164597,1.226859465691648,0.9032391304966363,4.35566605325205e-06,0.06514148761470205,4.237482587387351e-06,5.953045260689522e-05
7.220730368170206e-06,2.382841021496168,0.9036037960930609,1.259600229873728,0.9036453154451876,4.380753455627618e-06,0.06534653727678844,4.253041537485097e-06,5.976032272957985e-05
7.320730368170206e-06,2.415841021496169,0.9040311201363805,1.292343495538122,0.9040696873051027,4.40564016736798e-06,0.06558488751703642,4.266353658553888e-06,6.000069617062249e-05
7.420730368170206e-06,2.448841021496168,0.9044215477714902,1.325093598246127,0.9044622645667499,4.430098431678903e-06,0.06578337737574971,4.281448271039442e-06,6.02232320568755e-05
7.520730368170206e-06,2.481841021496168,0.904835658238656,1.35784553342877,0.9048729377447765,4.454398199931027e-06,0.06601467296254299,4.294338494543753e-06,6.045621820428875e-05
7.620730368170206e-06,2.514841021496169,0.9052142458861349,1.390603851226219,0.9052536605922336,4.478296401627257e-06,0.06620746532486291,4.309025504815248e-06,6.067236831946647e-05
7.720730368170207e-06,2.547841021496169,0.9056166049271576,1.423363295805616,0.9056525428911452,4.502080742701523e-06,0.06643264370270069,4.321554189576684e-06,6.089900513005505e-05
7.820730368170207e-06,2.580841021496169,0.9059845838497033,1.45612886384673,0.9060229239458827,4.525479341559725e-06,0.06662048179923707,4.335882621463596e-06,6.110959016802347e-05
7.920730368170208e-06,2.613841021496169,0.9063762600962917,1.488895033162752,0.9064112655238861,4.548798548836302e-06,0.06684017397042659,4.348090199245169e-06,6.133055042984534e-05
8.020730368170209e-06,2.646841021496169,0.9067344745096474,1.521667260157483,0.9067721456171327,4.571736506174647e-06,0.06702348835005575,4.3620887207924e-06,6.15360156604265e-05
8.12073036817021e-06,2.679841021496169,0.9071162168531398,1.55443967130472,0.9071506547793076,4.594623241083368e-06,0.06723807122110965,4.373999077847194e-06,6.175166949706601e-05
8.22073036817021e-06,2.71284102149617,0.9074653285046919,1.587218126605944,0.907502598023065,4.617129884052663e-06,0.06741715867934565,4.38768764295445e-06,6.19523069171023e-05
8.320730368170211e-06,2.74584102149617,0.9078377773914682,1.619996380170806,0.9078718511942115,4.639611593938685e-06,0.06762694142024238,4.399320257007336e-06,6.21629532784869e-05
8.420730368170212e-06,2.778841021496171,0.9081783950589738,1.652780661276585,0.9082153961750653,4.661714288642496e-06,0.06780208020981933,4.412717603621621e-06,6.235904370430785e-05
8.520730368170213e-06,2.81184102149617,0.9085421467380946,1.685564377246674,0.9085759576716687,4.683816988337431e-06,0.06800736008587183,4.424091182122722e-06,6.256497801425662e-05
8.620730368170213e-06,2.844841021496171,0.9088748408769541,1.718354098501223,0.9089116367712339,4.705541875260753e-06,0.06817882020066025,4.437215502417366e-06,6.275680174780411e-05
8.720730368170214e-06,2.877841021496171,0.9092304539316927,1.751142913512319,0.9092640526709723,4.727290379898241e-06,0.06837988105178398,4.448347895940771e-06,6.295831206410766e-05
8.820730368170215e-06,2.910841021496172,0.909555753579927,1.783937712001923,0.9095923743446717,4.74866208083661e-06,0.06854791734562098,4.461216383563852e-06,6.314613846499e-05
8.920730368170216e-06,2.943841021496172,0.9099037360908986,1.816731295926665,0.9099371507480285,4.770079055854698e-06,0.06874502068114681,4.472124003165762e-06,6.334349270937759e-05
9.020730368170216e-06,2.976841021496172,0.9102221238862281,1.849530839476002,0.9102585847091978,4.791120220827792e-06,0.0689098669159885,4.484752469768423e-06,6.352757139515713e-05
9.120730368170217e-06,3.009841021496172,0.9105629423966203,1.88232888758062,0.9105961900778076,4.812226668481064e-06,0.06910325369088616,4.49545040227614e-06,6.372101834160473e-05
9.220730368170218e-06,3.042841021496173,0.9108748616993481,1.915132869407078,0.9109111707362624,4.832958310831545e-06,0.06926512477164029,4.507853413765121e-06,6.390158084282941e-05
9.320730368170218e-06,3.075841021496172,0.9112089452958996,1.947935101107413,0.9112420371927958,4.853773660486563e-06,0.06945501655304019,4.518355494343708e-06,6.409135055606956e-05
9.42073036817022e-06,3.108841021496173,0.9115148008488445,1.980743241094571,0.9115509622437388,4.874215088011015e-06,0.06961410827262018,4.530546369225497e-06,6.426860923227786e-05
9.52073036817022e-06,3.141841021496173,0.911842543140299,2.013549399360274,0.9118754861360903,4.89475724104762e-06,0.0698007079102496,4.540865227871384e-06,6.445491311978286e-05
9.62073036817022e-06,3.174841021496174,0.912142707653887,2.046361438579657,0.9121787226319746,4.914926395454794e-06,0.0699572001663036,4.552856235310295e-06,6.462906439911071e-05
9.720730368170221e-06,3.207841021496173,0.9124644725096076,2.079171284914032,0.9124972702582623,4.935212040766197e-06,0.0701406947586625,4.563003490203362e-06,6.481209826063113e-05
9.820730368170222e-06,3.240841021496174,0.9127592874922147,2.111986986803637,0.9127951539899362,4.955125428893803e-06,0.07029475155610491,4.574805851830398e-06,6.49833220762433e-05
9.920730368170223e-06,3.273841021496174,0.9130754177647419,2.144800293993192,0.9131080706103919,4.975170502288614e-06,0.07047531690338231,4.584792394887909e-06,6.516327108357615e-05
9.999999999999999e-06,3.3,0.9133028998557422,2.17081620236898,0.9133386306549427,4.99074837762387e-06,0.07059290756235113,4.594190300414855e-06,6.529589897547397e-05
1.001e-05,3.3,0.9131361774200045,2.17097518688632,0.9131539393636264,4.980798568082715e-06,0.0705118063041398,4.588169128628207e-06,6.518965176180352e-05
1.003e-05,3.3,0.913041116085221,2.171067485768035,0.9130371372593846,4.975027977206498e-06,0.07045882567668536,4.58455915285662e-06,6.512247153813706e-05
1.007e-05,3.3,0.9130863064268095,2.171023810552762,0.9130890285001003,4.977757971229005e-06,0.07048228786039087,4.586170962319892e-06,6.515231616017958e-05
1.015e-05,3.3,0.9130534400565418,2.171055487773371,0.9130523098354137,4.975777855280055e-06,0.07046574234793211,4.585023937014357e-06,6.51311976438292e-05
1.025e-05,3.3,0.9130803456416546,2.171029601867034,0.9130818656156467,4.977395909440234e-06,0.07047907302144657,4.585945652833789e-06,6.51481963893521e-05
1.035e-05,3.3,0.9130573225388845,2.171051719298269,0.9130569070498352,4.976013398696322e-06,0.07046783728563927,4.585164844001426e-06,6.513384164462948e-05
1.045e-05,3.3,0.9130769351780325,2.171032910100679,0.9130778704186993,4.977189094437301e-06,0.07047726158050008,4.585822121710734e-06,6.514589854935763e-05
1.055e-05,3.3,0.9130601816155304,2.171048947339523,0.9130602237339646,4.97618666016984e-06,0.07046934300244245,4.585267155751484e-06,6.513574918310418e-05
1.065e-05,3.3,0.9130744986394395,2.171035270891772,0.9130750712939355,4.977041513262912e-06,0.07047599213895758,4.585735616453739e-06,6.514428863842392e-05
1.075e-05,3.3,0.9130622389147212,2.171046955176046,0.9130625648758564,4.976311182336295e-06,0.07047040534535956,4.585339427873116e-06,6.513709565893982e-05
1.085e-05,3.3,0.9130727418382398,2.171036970892789,0.9130730913032334,4.976935242739167e-06,0.07047509435678306,4.585674411477649e-06,6.514314985443275e-05
1.095e-05,3.3,0.9130637255766539,2.171045517535028,0.9130642256025143,4.976401044305381e-06,0.07047115861129535,4.585390729976385e-06,6.513805080579052e-05
1.105e-05,3.3,0.9130714741254685,2.171038195859759,0.9130716877568554,4.976858668966477e-06,0.07047445814907081,4.585631005674197e-06,6.514234261198985e-05
1.115000000000001e-05,3.3,0.9130648052668149,2.17104447461774,0.9130654100746193,4.976466233830166e-06,0.0704716956342024,4.585427343886383e-06,6.513873204191542e-05
1.125000000000001e-05,3.3,0.9130705532286892,2.171039084494734,0.9130706865020846,4.97680312041792e-06,0.07047400444083887,4.585600026419132e-06,6.51417667463855e-05
1.135000000000001e-05,3.3,0.913065587488117,2.171043720582847,0.913066253506956,4.976513366161055e-06,0.070472077822215,4.585453438877669e-06,6.513921713343761e-05
1.145000000000001e-05,3.3,0.9130698846059889,2.171039728335305,0.913069972109724,4.976762874579123e-06,0.0704736808786706,4.585577906071205e-06,6.514135586840176e-05
1.155000000000001e-05,3.3,0.9130661601464973,2.171043169539223,0.913066859568455,4.976547810082053e-06,0.07047235230775008,4.585472205064137e-06,6.513956570391697e-05
1.165000000000001e-05,3.3,0.9130693921949279,2.171040201861349,0.9130694556822189,4.976733275239221e-06,0.0704734470794588,4.585561904966228e-06,6.514105884877456e-05
1.175000000000001e-05,3.3,0.9130665781915384,2.171042768330731,0.9130672938919792,4.976572888123383e-06,0.07047254886940413,4.585485669358662e-06,6.513981550115044e-05
1.185000000000001e-05,3.3,0.9130690328803116,2.171040546252815,0.9130690860869204,4.976711748267249e-06,0.0704732798845583,4.585550439078002e-06,6.51408462787448e-05
1.195000000000001e-05,3.3,0.9130668864799482,2.171042473197966,0.9130676079316552,4.9765913356265e-06,0.07047269089470838,4.585495415665183e-06,6.513999611835448e-05
1.205000000000001e-05,3.3,0.9130687685229419,2.171040798722233,0.9130688201250554,4.976695967372371e-06,0.0704731596868172,4.585542175361792e-06,6.514069331275015e-05
1.215000000000001e-05,3.3,0.9130671121245706,2.171042258185753,0.9130678324278116,4.97660477489439e-06,0.07047279228657316,4.585502398331463e-06,6.514012523546141e-05
1.225000000000001e-05,3.3,0.9130685734682696,2.17104098453169,0.9130686282339144,4.976684353283813e-06,0.0704730730698428,4.585536201356958e-06,6.514058294797509e-05
1.235000000000001e-05,3.3,0.913067281701179,2.171042097054207,0.9130679968110147,4.976614846264302e-06,0.07047286643744337,4.585507521388751e-06,6.514021977917296e-05
1.245000000000001e-05,3.3,0.9130684302259631,2.171041119872841,0.9130684915663154,4.976675894043194e-06,0.0704730115098456,4.585531931931705e-06,6.514050434459155e-05
1.255000000000002e-05,3.3,0.9130674053147577,2.171041980318665,0.9130681132213564,4.976622142520095e-06,0.07047291882470982,4.585511163364081e-06,6.514028673171732e-05
1.265000000000002e-05,3.3,0.9130683220856181,2.171041221773061,0.9130683914977545,4.976669525044287e-06,0.07047296652911425,4.585528795335134e-06,6.514044679084755e-05
1.275000000000002e-05,3.3,0.9130674998614499,2.171041891623795,0.9130681987661166,4.976627686012047e-06,0.07047295723262396,4.585513849651764e-06,6.514033593220357e-05
1.285000000000002e-05,3.3,0.9130682397910531,2.171041298697288,0.9130683185989732,4.976664717273303e-06,0.07047293384971287,4.585526500441131e-06,6.514040486357549e-05
1.295000000000002e-05,3.3,0.9130675696313889,2.171041826805689,0.9130682589457906,4.976631737020318e-06,0.07047298412404987,4.585515753959375e-06,6.514037054417595e-05
1.305000000000002e-05,3.3,0.9130681789454183,2.171041355040849,0.9130682676397803,4.976661195942278e-06,0.07047291113062229,4.585524882042299e-06,6.514037555468166e-05
1.315000000000002e-05,3.3,0.9130676225504166,2.171041778063222,0.913068302043277,4.976634783218308e-06,0.0704730032840582,4.585517128815208e-06,6.514039533147494e-05
1.325000000000002e-05,3.3,0.9130681337717133,2.171041396235372,0.9130682323679671,4.976658621564043e-06,0.07047289553047024,4.585523747634893e-06,6.514035526825686e-05
1.335000000000002e-05,3.3,0.9130676605072858,2.171041743903099,0.9130683300786199,4.976636917860758e-06,0.07047301559296192,4.58551804081335e-06,6.514041145589906e-05
1.345000000000002e-05,3.3,0.9130680985850198,2.171041427860734,0.9130682069256577,4.976656645322424e-06,0.07047288438127666,4.585522917598038e-06,6.514034063519058e-05
1.355000000000002e-05,3.3,0.9130676906705226,2.171041717043861,0.9130683505322379,4.976638596195786e-06,0.07047302447229939,4.585518717621376e-06,6.51404232197613e-05
1.365000000000002e-05,3.3,0.9130680722550416,2.171041451026966,0.913068190299342,4.976655197826227e-06,0.0704728772352641,4.585522359278182e-06,6.514033107257351e-05
1.375000000000002e-05,3.3,0.9130677171461079,2.17104169368516,0.9130683673733103,4.976640055734478e-06,0.07047303173550964,4.585519280288248e-06,6.514043290590426e-05
1.385000000000002e-05,3.3,0.9130680490936603,2.171041471324947,0.9130681766240588,4.976653929569437e-06,0.0704728714076645,4.585521894402127e-06,6.514032320721176e-05
1.395000000000003e-05,3.3,0.9130677351078175,2.171041678494745,0.9130683757261258,4.976641004698574e-06,0.07047303513207466,4.585519582760247e-06,6.514043771008523e-05
1.405000000000003e-05,3.3,0.9130680331638042,2.171041484701747,0.9130681698550439,4.976653093931287e-06,0.07047286873437708,4.585521640227378e-06,6.514031931394244e-05
1.415000000000003e-05,3.3,0.9130677511025574,2.171041664943599,0.9130683826959205,4.976641851263524e-06,0.07047303790685226,4.585519841932762e-06,6.514044171883629e-05
1.425000000000003e-05,3.3,0.9130680203122808,2.171041495118089,0.9130681660438196,4.976652443343919e-06,0.07047286740385017,4.585521477235121e-06,6.51403171218238e-05
1.435000000000003e-05,3.3,0.913067762510836,2.171041655943751,0.913068385376359,4.976642413300935e-06,0.07047303872548313,4.5855199699372e-06,6.514044326059117e-05
1.445000000000003e-05,3.3,0.9130680094562696,2.171041503630254,0.9130681638354968,4.976651911778288e-06,0.07047286679419913,4.585521364402741e-06,6.514031585160399e-05
1.455000000000003e-05,3.3,0.9130677727850097,2.171041647731217,0.9130683872578587,4.9766429262053e-06,0.07047303918985375,4.585520072332219e-06,6.514044434284301e-05
1.465000000000003e-05,3.3,0.9130680001039444,2.171041510839312,0.913068162984896,4.976651461628728e-06,0.07047286679717064,4.585521293870058e-06,6.514031536226705e-05
1.475000000000003e-05,3.3,0.9130677816873686,2.171041640891851,0.913068387763002,4.9766433532625e-06,0.07047303903177995,4.585520132017988e-06,6.514044463349157e-05
1.485000000000003e-05,3.3,0.9130679919735069,2.171041517067247,0.91306816282934,4.976651072755401e-06,0.07047286711871129,4.585521244373192e-06,6.514031527268204e-05
1.495000000000003e-05,3.3,0.9130677891419382,2.171041635291461,0.9130683873941603,4.976643702914938e-06,0.07047303847387285,4.585520165165551e-06,6.514044442147221e-05
1.505000000000003e-05,3.3,0.9130679861784927,2.171041520889375,0.9130681650052767,4.976650834306017e-06,0.0704728685012569,4.585521266448204e-06,6.514031652404293e-05
1.515000000000003e-05,3.3,0.9130677949687245,2.171041631324754,0.9130683854049523,4.976643950431771e-06,0.07047303718134736,4.585520148243685e-06,6.514044327750566e-05
1.525000000000004e-05,3.3,0.9130679802968227,2.171041524988619,0.9130681666188575,4.976650578483138e-06,0.07047286963029538,4.585521270941277e-06,6.514031745197042e-05
1.535000000000003e-05,3.3,0.913067799557912,2.171041628480622,0.9130683825950603,4.976644127796886e-06,0.07047303550783662,4.585520107035907e-06,6.514044166152554e-05
1.545000000000003e-05,3.3,0.9130679739276866,2.171041529762089,0.9130681674097706,4.976650280461804e-06,0.0704728703746849,4.585521251348309e-06,6.514031790674564e-05
1.555000000000003e-05,3.3,0.913067804627147,2.171041625040496,0.9130683804923309,4.976644342451928e-06,0.07047303416155387,4.585520086925219e-06,6.514044045226382e-05
1.565000000000003e-05,3.3,0.9130679711486186,2.171041530914926,0.9130681715181231,4.97665020880242e-06,0.07047287264508967,4.585521331674479e-06,6.514032026953128e-05
1.575000000000003e-05,3.3,0.9130678101183936,2.171041621054713,0.9130683793126031,4.976644591251761e-06,0.07047303323543781,4.585520095187826e-06,6.514043977385902e-05
1.585000000000003e-05,3.3,0.9130679678730249,2.171041532638399,0.9130681749973665,4.976650101449066e-06,0.07047287462096648,4.585521393634642e-06,6.514032227049203e-05
1.595000000000003e-05,3.3,0.9130678133055096,2.171041619424907,0.9130683758797586,4.976644692747729e-06,0.0704730312798179,4.585520034769721e-06,6.514043779958322e-05
1.605000000000003e-05,3.3,0.9130679634368266,2.171041535552376,0.9130681771471444,4.976649919660317e-06,0.07047287598750682,4.585521415263114e-06,6.514032350681959e-05
1.615000000000003e-05,3.3,0.9130678170788487,2.171041617003367,0.9130683733831724,4.976644843793481e-06,0.07047302975858415,4.585520002150438e-06,6.51404363637883e-05
1.625000000000003e-05,3.3,0.9130679587225735,2.17104153898626,0.9130681786538647,4.976649705306585e-06,0.07047287705058648,4.585521418387314e-06,6.514032437330017e-05
1.635000000000002e-05,3.3,0.913067819716168,2.17104161583109,0.913068369869804,4.976644916709348e-06,0.07047302776420471,4.585519939553046e-06,6.514043434319423e-05
1.645000000000002e-05,3.3,0.9130679550390637,2.171041541387871,0.9130681810105058,4.976649555488925e-06,0.07047287851689937,4.58552144567673e-06,6.51403257286089e-05
1.655000000000002e-05,3.3,0.913067823232251,2.17104161348208,0.9130683674876073,4.976645063267692e-06,0.07047302629570089,4.58551991038821e-06,6.514043297318503e-05
1.665000000000002e-05,3.3,0.913067952641124,2.171041542516743,0.9130681843369287,4.976649485236813e-06,0.0704728804160565,4.585521503681752e-06,6.514032764168592e-05
1.675000000000002e-05,3.3,0.9130678254124558,2.171041612608806,0.9130683639979024,4.976645117530897e-06,0.07047302431963874,4.585519847682447e-06,6.514043096619386e-05
1.685000000000002e-05,3.3,0.9130679494133156,2.171041544539986,0.9130681866475593,4.976649359053952e-06,0.07047288185312002,4.585521530467006e-06,6.514032897053941e-05
1.695000000000002e-05,3.3,0.9130678290955514,2.17104161002047,0.9130683623047089,4.976645279069777e-06,0.07047302316240377,4.585519839993064e-06,6.51404299924551e-05
1.705000000000002e-05,3.3,0.9130679471867046,2.171041545537505,0.9130681899215687,4.976649297003438e-06,0.07047288373184127,4.585521586447348e-06,6.51403308534773e-05
1.715000000000002e-05,3.3,0.913067832497865,2.17104160771387,0.9130683602881613,4.976645422995024e-06,0.07047302186305318,4.585519821784081e-06,6.514042883273891e-05
1.725000000000002e-05,3.3,0.9130679440878918,2.171041547579402,0.9130681918964081,4.976649169616945e-06,0.07047288500695913,4.58552160394143e-06,6.514033198920614e-05
1.735000000000002e-05,3.3,0.9130678341570264,2.171041607227676,0.9130683568809564,4.976645453092921e-06,0.07047301992438229,4.585519761687479e-06,6.514042687319027e-05
1.745000000000001e-05,3.3,0.9130679417616671,2.171041548976702,0.9130681944279677,4.976649082496937e-06,0.07047288654633875,4.58552163725475e-06,6.514033344513327e-05
1.755000000000001e-05,3.3,0.9130678373661965,2.171041604973706,0.9130683552142939,4.976645593763604e-06,0.07047301879224069,4.585519753347523e-06,6.514042591470225e-05
1.765000000000001e-05,3.3,0.9130679388687147,2.171041550846686,0.9130681965025842,4.97664896584925e-06,0.07047288786968256,4.585521657481124e-06,6.514033463825484e-05
1.775000000000001e-05,3.3,0.913067839861035,2.17104160337878,0.9130683530278392,4.97664569324629e-06,0.07047301741974693,4.585519729507559e-06,6.51404246572574e-05
1.785000000000001e-05,3.3,0.9130679369628,2.171041551781725,0.9130681992397264,4.976648907639087e-06,0.07047288949045992,4.585521698482663e-06,6.514033621242473e-05
1.795000000000001e-05,3.3,0.9130678425455251,2.17104160170725,0.9130683510809566,4.976645797489538e-06,0.07047301616257505,4.585519712313904e-06,6.514042353759836e-05
1.805000000000001e-05,3.3,0.9130679349099556,2.171041552998555,0.9130682017436375,4.976648831777893e-06,0.07047289099862525,4.585521733083115e-06,6.514033765245735e-05
1.815000000000001e-05,3.3,0.9130678445274868,2.171041600573548,0.9130683486047864,4.976645868150662e-06,0.07047301465772816,4.585519679657182e-06,6.514042211351965e-05
1.825000000000001e-05,3.3,0.9130679331954572,2.171041553726178,0.9130682042597991,4.976648786538975e-06,0.07047289252388003,4.585521766660712e-06,6.514033909953738e-05
1.835000000000001e-05,3.3,0.9130678467249206,2.171041599174394,0.9130683466561276,4.976645955419997e-06,0.07047301340298515,4.585519662067337e-06,6.514042099283473e-05
1.845e-05,3.3,0.9130679313197707,2.171041554836608,0.9130682065630535,4.976648717311764e-06,0.07047289394734448,4.585521794296461e-06,6.514034042416774e-05
1.855e-05,3.3,0.9130678485505415,2.171041598166298,0.913068344315454,4.976646018236247e-06,0.0704730119634751,4.585519633176996e-06,6.51404196466811e-05
1.865e-05,3.3,0.9130679299697784,2.171041555403915,0.9130682092999101,4.976648682043641e-06,0.07047289556247249,4.585521835886749e-06,6.514034199818539e-05
1.875e-05,3.3,0.9130678495305713,2.171041597997233,0.9130683414702898,4.976646028600123e-06,0.07047301029290724,4.585519589013979e-06,6.514041801036985e-05
1.885e-05,3.3,0.9130679260269206,2.17104155864991,0.9130682092749036,4.976648479287846e-06,0.07047289590824063,4.585521794122087e-06,6.514034198373302e-05
1.895e-05,3.3,0.9130678512221269,2.171041597037681,0.913068339423686,4.976646088403215e-06,0.07047300899766736,4.585519567986549e-06,6.514041683334555e-05
1.905e-05,3.3,0.9130679243325263,2.171041559612489,0.9130682112584091,4.97664841929519e-06,0.0704728971775442,4.585521812883248e-06,6.514034312446714e-05
1.915e-05,3.3,0.9130678523556491,2.171041596637989,0.91306833681179,4.976646113204772e-06,0.07047300744731701,4.585519529352516e-06,6.51404153311944e-05
1.925e-05,3.3,0.91306792358434,2.171041559767467,0.9130682138862658,4.976648409757045e-06,0.07047289873746157,4.585521851709112e-06,6.514034463580015e-05
1.935e-05,3.3,0.9130678542681441,2.171041595329775,0.9130683352381896,4.976646194838085e-06,0.07047300636855813,4.585519522717367e-06,6.514041442620898e-05
1.945e-05,3.3,0.9130679212275052,2.171041561390758,0.9130682151224756,4.976648308458442e-06,0.07047289965688358,4.585521848655113e-06,6.514034534673668e-05
1.954999999999999e-05,3.3,0.9130678554286081,2.171041594758476,0.9130683330940254,4.976646230404873e-06,0.07047300503227699,4.585519498340303e-06,6.514041319306806e-05
1.964999999999999e-05,3.3,0.9130679192838207,2.171041562831656,0.9130682163426601,4.976648218504386e-06,0.07047290056296082,4.585521845783895e-06,6.514034604845748e-05
1.974999999999999e-05,3.3,0.9130678570003501,2.17104159387986,0.9130683312848002,4.976646285158283e-06,0.07047300384649915,4.585519484470628e-06,6.514041215256208e-05
1.984999999999999e-05,3.3,0.9130679199768652,2.171041561437674,0.9130682202538689,4.976648305830982e-06,0.0704729027134979,4.585521923215311e-06,6.5140348297909e-05
1.994999999999999e-05,3.3,0.9130678584839762,2.171041592943412,0.913068329766996,4.976646343564139e-06,0.07047300280717696,4.585519477976188e-06,6.514041127966328e-05
2.004999999999999e-05,3.3,0.9130679177456316,2.171041563128862,0.9130682210676775,4.976648200238541e-06,0.07047290342678118,4.58552190876061e-06,6.514034876590934e-05
2.014999999999999e-05,3.3,0.9130678607332909,2.171041591207514,0.9130683290427266,4.976646451958434e-06,0.07047300213604113,4.585519495023546e-06,6.514041086316024e-05
2.024999999999999e-05,3.3,0.9130679157069381,2.171041564687624,0.9130682219996478,4.976648102909956e-06,0.07047290419586069,4.585521897698682e-06,6.514034930186967e-05
2.034999999999999e-05,3.3,0.9130678619624066,2.17104159055119,0.9130683271692855,4.976646492845168e-06,0.0704730009337782,4.585519477723584e-06,6.514040978571644e-05
2.044999999999999e-05,3.3,0.9130679145569232,2.171041565351486,0.9130682236767174,4.976648061529834e-06,0.0704729053066059,4.585521909192981e-06,6.514035026637369e-05
2.054999999999998e-05,3.3,0.9130678632308511,2.171041589707563,0.913068325723228,4.97664654547912e-06,0.0704729999359336,4.585519472427868e-06,6.514040895407711e-05
2.064999999999998e-05,3.3,0.9130679130840598,2.171041566322328,0.9130682249922958,4.976648000962256e-06,0.0704729062425711,4.585521910772933e-06,6.514035102296733e-05
2.074999999999998e-05,3.3,0.9130678639466737,2.171041589508272,0.9130683238098203,4.976646557807431e-06,0.07047299872153813,4.585519453255514e-06,6.514040785364283e-05
2.084999999999998e-05,3.3,0.9130679112429472,2.171041567692593,0.9130682257111281,4.976647915415451e-06,0.07047290690362984,4.585521894392499e-06,6.514035143634844e-05
2.094999999999998e-05,3.3,0.9130678646734973,2.171041589270976,0.913068321776126,4.976646572518705e-06,0.07047299745070826,4.585519430562061e-06,6.514040668402617e-05
2.104999999999998e-05,3.3,0.9130679116374775,2.171041566870408,0.9130682286706077,4.976647966925282e-06,0.07047290859430569,4.58552194565995e-06,6.514035313842764e-05
2.114999999999998e-05,3.3,0.913067866351986,2.171041587906156,0.9130683211536351,4.976646657764662e-06,0.07047299683953054,4.585519449212308e-06,6.514040632605236e-05
2.124999999999998e-05,3.3,0.913067909740992,2.171041568405484,0.9130682291826449,4.976647871047214e-06,0.0704729091546105,4.585521923698108e-06,6.514035343287429e-05
2.134999999999998e-05,3.3,0.9130678670068959,2.171041587664099,0.91306831928907,4.976646672793032e-06,0.07047299566045617,4.585519430018411e-06,6.514040525370514e-05
2.144999999999998e-05,3.3,0.9130679098331118,2.171041567817551,0.9130682316557536,4.976647907929062e-06,0.07047291061599079,4.585521960922416e-06,6.514035485522409e-05
2.154999999999997e-05,3.3,0.9130678677346831,2.171041587475615,0.913068317699091,4.976646684439903e-06,0.07047299460385494,4.585519419587135e-06,6.514040433928217e-05
2.164999999999997e-05,3.3,0.9130679085414641,2.171041568762043,0.9130682325828243,4.976647848969439e-06,0.07047291136659158,4.585521951516493e-06,6.51403553883784e-05
2.174999999999997e-05,3.3,0.9130678687541701,2.171041586709674,0.9130683166785243,4.976646732260521e-06,0.07047299382681552,4.58551942426845e-06,6.514040375235376e-05
2.184999999999997e-05,3.3,0.9130679078505313,2.171041569039411,0.9130682341739489,4.976647831733869e-06,0.07047291242248309,4.585521962140815e-06,6.514035630346182e-05
2.194999999999997e-05,3.3,0.9130678703303309,2.171041585469102,0.9130683160736948,4.976646809733508e-06,0.07047299322965549,4.585519442781832e-06,6.514040340453209e-05
2.204999999999997e-05,3.3,0.91306790582931,2.171041570849447,0.9130682340308262,4.976647718627717e-06,0.07047291266713619,4.58552192204393e-06,6.514035622110226e-05
2.214999999999997e-05,3.3,0.9130678697675597,2.171041586390863,0.9130683134913098,4.976646752016167e-06,0.07047299172886477,4.585519401034357e-06,6.514040191932945e-05
2.224999999999997e-05,3.3,0.9130679055023458,2.171041570859404,0.9130682359008758,4.976647718085425e-06,0.07047291383544906,4.585521942916922e-06,6.514035729660955e-05
2.234999999999997e-05,3.3,0.9130678720162593,2.171041584378727,0.9130683138001552,4.976646877750799e-06,0.07047299156691524,4.585519445367504e-06,6.514040209700149e-05
2.244999999999997e-05,3.3,0.9130679052677756,2.171041570638052,0.9130682376649989,4.97664773203919e-06,0.07047291495550033,4.58552196049708e-06,6.514035831119539e-05
2.254999999999997e-05,3.3,0.9130678712820838,2.171041585557951,0.9130683111040947,4.97664680391538e-06,0.07047299001688653,4.585519399858255e-06,6.514040054641609e-05
2.264999999999996e-05,3.3,0.9130679041579617,2.171041571527208,0.9130682382327593,4.976647676506975e-06,0.07047291552269971,4.585521942311578e-06,6.514035863770152e-05
2.274999999999996e-05,3.3,0.9130678727708944,2.171041584300418,0.913068310735707,4.976646882475302e-06,0.07047298954426687,4.585519423694042e-06,6.514040033457753e-05
2.284999999999996e-05,3.3,0.9130679041532037,2.171041571191198,0.9130682400903896,4.976647697599957e-06,0.07047291667838809,4.58552196356391e-06,6.51403597060706e-05
2.294999999999996e-05,3.3,0.913067873847259,2.171041583408876,0.9130683102085684,4.976646938165729e-06,0.07047298900238894,4.585519442338609e-06,6.514040003143336e-05
2.304999999999996e-05,3.3,0.9130679033696024,2.17104157175719,0.9130682409448281,4.976647662270329e-06,0.07047291737175468,4.585521954674424e-06,6.51403601974597e-05
2.314999999999996e-05,3.3,0.9130678744770206,2.171041583049307,0.9130683090883625,4.976646960576841e-06,0.07047298818978656,4.585519442861568e-06,6.5140399387189e-05
2.324999999999996e-05,3.3,0.9130679015699065,2.171041573274699,0.9130682409263364,4.976647567470159e-06,0.07047291765263439,4.585521920761635e-06,6.514036018678848e-05
2.334999999999996e-05,3.3,0.9130678749781664,2.171041582898456,0.9130683078817845,4.976646969919217e-06,0.0704729873427484,4.585519440185395e-06,6.514039869326767e-05
2.344999999999996e-05,3.3,0.9130679006191573,2.171041573998163,0.9130682416077254,4.976647522298167e-06,0.07047291825894737,4.58552190752107e-06,6.514036057865048e-05
2.354999999999996e-05,3.3,0.9130678755769357,2.17104158240433,0.9130683069651114,4.976647000784574e-06,0.07047298663003415,4.585519446123347e-06,6.514039816608305e-05
2.364999999999995e-05,3.3,0.9130679018082587,2.171041572588297,0.9130682442552748,4.9766476104958e-06,0.07047291975973578,4.585521954654097e-06,6.514036210134089e-05
2.374999999999995e-05,3.3,0.9130678768224784,2.17104158136759,0.9130683067104407,4.976647065546572e-06,0.07047298622863653,4.5855194712366e-06,6.514039801964223e-05
2.384999999999995e-05,3.3,0.9130679007480083,2.17104157344101,0.9130682446950188,4.976647557238251e-06,0.070472920244269,4.585521935349298e-06,6.51403623542249e-05
2.394999999999995e-05,3.3,0.9130678771906495,2.171041581278776,0.9130683055449293,4.97664707102858e-06,0.07047298540604323,4.585519469165177e-06,6.514039734933788e-05
2.404999999999995e-05,3.3,0.9130678995855465,2.17104157442823,0.9130682449785555,4.976647495563673e-06,0.07047292065847374,4.585521911158989e-06,6.514036251726712e-05
2.414999999999995e-05,3.3,0.9130678763940309,2.171041582257642,0.913068303427488,4.976647009785903e-06,0.0704729841554967,4.585519437275891e-06,6.514039613153368e-05
2.424999999999995e-05,3.3,0.9130678982478962,2.171041575555834,0.9130682450462652,4.97664742512115e-06,0.0704729209694816,4.585521880909629e-06,6.514036255618011e-05
2.434999999999995e-05,3.3,0.9130678778004497,2.171041581127201,0.913068303357942,4.97664708038911e-06,0.07047298384565938,4.585519467235497e-06,6.514039609156436e-05
2.444999999999995e-05,3.3,0.9130678974732533,2.171041576240987,0.9130682454806711,4.976647382309376e-06,0.070472921440712,4.585521862678569e-06,6.514036280599547e-05
2.454999999999995e-05,3.3,0.9130678786173801,2.171041580423322,0.9130683028521028,4.97664712436573e-06,0.0704729833446925,4.585519482939087e-06,6.514039580066456e-05
2.464999999999995e-05,3.3,0.9130678982169875,2.171041575242302,0.9130682476661338,4.976647444809274e-06,0.07047292271884335,4.585521897056195e-06,6.51403640629233e-05
2.474999999999994e-05,3.3,0.9130678777512345,2.17104158144206,0.913068300846555,4.976647060637949e-06,0.07047298215104567,4.585519453810692e-06,6.514039464721308e-05
2.484999999999994e-05,3.3,0.913067897310103,2.1710415759841,0.9130682477951362,4.976647398475172e-06,0.07047292304177956,4.585521870494317e-06,6.514036413709021e-05
2.494999999999994e-05,3.3,0.9130678785318272,2.171041580870341,0.9130683003228737,4.976647096327924e-06,0.07047298164294255,4.58551946886624e-06,6.514039434604767e-05
2.504999999999994e-05,3.3,0.913067896915094,2.171041576344878,0.9130682485861193,4.976647375928625e-06,0.07047292367407462,4.585521863358839e-06,6.514036459199226e-05
2.514999999999994e-05,3.3,0.9130678795065814,2.171041580025996,0.9130683001288507,4.976647149081873e-06,0.07047298128808081,4.585519493676766e-06,6.514039423448389e-05
2.524999999999994e-05,3.3,0.9130678965035198,2.171041576483042,0.9130682495276984,4.976647367359761e-06,0.07047292436977239,4.585521861431313e-06,6.514036513351029e-05
2.534999999999994e-05,3.3,0.9130678802066419,2.171041579438131,0.9130682996829831,4.976647185805851e-06,0.07047298082946236,4.585519509498363e-06,6.514039397807116e-05
2.544999999999994e-05,3.3,0.9130678958141949,2.1710415770806,0.9130682498657804,4.976647330024614e-06,0.07047292478117834,4.585521842074042e-06,6.51403653279298e-05
2.554999999999994e-05,3.3,0.913067880512914,2.171041579248346,0.91306829899751,4.976647197641671e-06,0.0704729802533854,4.585519518960852e-06,6.514039358385198e-05
2.564999999999994e-05,3.3,0.9130678959609178,2.171041576781549,0.9130682511366972,4.976647348758913e-06,0.07047292561949166,4.585521851084771e-06,6.514036605886519e-05
2.574999999999993e-05,3.3,0.9130678817304558,2.171041578125631,0.9130682991558928,4.97664726780776e-06,0.0704729800754781,4.585519552678216e-06,6.514039367496962e-05
2.584999999999993e-05,3.3,0.9130678952447524,2.171041577468545,0.9130682513705533,4.976647305816443e-06,0.07047292597165376,4.585521829895276e-06,6.514036619334108e-05
2.594999999999993e-05,3.3,0.913067881338067,2.171041578590215,0.9130682977029849,4.976647238745134e-06,0.07047297915545213,4.585519537948206e-06,6.514039283936143e-05
2.604999999999993e-05,3.3,0.9130678950016403,2.171041577514054,0.913068252267017,4.976647303021015e-06,0.07047292663378009,4.585521828077094e-06,6.514036670891287e-05
2.614999999999993e-05,3.3,0.9130678820681298,2.171041577999976,0.9130682974281666,4.976647275610541e-06,0.07047297878574085,4.585519557760026e-06,6.514039268132472e-05
2.624999999999993e-05,3.3,0.9130678958270164,2.171041576581079,0.9130682540487078,4.976647361375509e-06,0.07047292769934016,4.585521853356215e-06,6.514036773362044e-05
2.634999999999993e-05,3.3,0.9130678825454329,2.171041577585622,0.9130682970767279,4.976647301499451e-06,0.07047297837490792,4.585519575956788e-06,6.514039247922022e-05
2.644999999999993e-05,3.3,0.9130678941999297,2.171041578207716,0.9130682532813167,4.976647259681259e-06,0.07047292758614307,4.585521802546358e-06,6.514036729223649e-05
2.654999999999993e-05,3.3,0.9130678811013409,2.171041579267452,0.9130682946313085,4.976647196295263e-06,0.07047297701622313,4.585519529277649e-06,6.514039107277183e-05
2.664999999999993e-05,3.3,0.9130678939094076,2.17104157849374,0.9130682537284294,4.976647241800575e-06,0.07047292803066153,4.58552178842478e-06,6.514036754936908e-05
2.674999999999993e-05,3.3,0.913067882182772,2.17104157815768,0.9130682949430888,4.976647265683326e-06,0.07047297691339763,4.585519567112926e-06,6.514039125211338e-05
2.684999999999992e-05,3.3,0.9130678937654824,2.171041578460151,0.9130682545524232,4.976647243944959e-06,0.07047292864589944,4.585521785974228e-06,6.514036802326313e-05
2.694999999999992e-05,3.3,0.9130678818801349,2.171041578676395,0.9130682937357727,4.976647233200093e-06,0.07047297612999588,4.585519557081758e-06,6.514039055775266e-05
2.704999999999992e-05,3.3,0.9130678937180546,2.17104157837132,0.913068255319975,4.97664724953272e-06,0.0704729292316227,4.585521782219663e-06,6.51403684646962e-05
2.714999999999992e-05,3.3,0.9130678830539265,2.171041577427577,0.9130682942835605,4.976647311292858e-06,0.07047297615064373,4.585519600313544e-06,6.514039087283043e-05
2.724999999999992e-05,3.3,0.9130678934771865,2.171041578456486,0.9130682558480232,4.976647244247164e-06,0.07047292970757461,4.585521771193112e-06,6.514036876837992e-05
2.734999999999992e-05,3.3,0.9130678831275743,2.171041577501249,0.9130682934856709,4.97664730665017e-06,0.07047297555731219,4.585519602411625e-06,6.514039041394704e-05
2.744999999999992e-05,3.3,0.9130678938266381,2.171041578101542,0.9130682568690157,4.976647266438596e-06,0.07047293040438399,4.58552177571106e-06,6.514036935557972e-05
2.754999999999992e-05,3.3,0.9130678830264425,2.171041577712502,0.9130682926367727,4.976647293415536e-06,0.07047297494301043,4.585519602695297e-06,6.51403899257278e-05
2.764999999999992e-05,3.3,0.9130678929525416,2.171041578869529,0.9130682568930012,4.976647218452014e-06,0.07047293063935427,4.585521750579336e-06,6.51403693693555e-05
2.774999999999992e-05,3.3,0.9130678847486677,2.17104157589459,0.913068293792669,4.976647407092247e-06,0.0704729752532524,4.585519663111422e-06,6.514039059055438e-05
2.784999999999991e-05,3.3,0.913067892570879,2.171041579289928,0.9130682571279998,4.97664719215934e-06,0.07047293096443313,4.585521732591834e-06,6.514036950449446e-05
2.794999999999991e-05,3.3,0.913067883947373,2.171041576768659,0.9130682921710326,4.976647352429379e-06,0.07047297428667569,4.585519639725847e-06,6.514038965789676e-05
2.804999999999991e-05,3.3,0.9130678924380723,2.171041579371889,0.9130682575903354,4.976647187047677e-06,0.07047293139521077,4.58552172130935e-06,6.514036977038539e-05
2.814999999999991e-05,3.3,0.9130678838871954,2.171041577042324,0.9130682913588509,4.976647335266844e-06,0.07047297369623691,4.585519640320646e-06,6.514038919079351e-05
2.824999999999991e-05,3.3,0.9130678917675371,2.17104157999083,0.9130682576344212,4.97664714836535e-06,0.07047293162525621,4.585521698408005e-06,6.514036979572341e-05
2.834999999999991e-05,3.3,0.9130678845375894,2.171041576314951,0.9130682913762297,4.976647380760577e-06,0.07047297349773542,4.585519664688442e-06,6.514038920080666e-05
2.844999999999991e-05,3.3,0.9130678935093116,2.171041578169043,0.9130682599928132,4.976647262279515e-06,0.07047293291796916,4.585521745443595e-06,6.514037115212397e-05
2.854999999999991e-05,3.3,0.9130678849058776,2.171041576010965,0.9130682911562193,4.976647399749316e-06,0.07047297318564227,4.58551968243759e-06,6.514038907428507e-05
2.864999999999991e-05,3.3,0.9130678934566403,2.171041578096112,0.9130682605470771,4.976647266870303e-06,0.07047293338096684,4.585521738090501e-06,6.514037147088844e-05
2.874999999999991e-05,3.3,0.9130678847752671,2.171041576109273,0.9130682906460178,4.976647393611938e-06,0.07047297274016066,4.585519691446815e-06,6.514038878086131e-05
2.884999999999991e-05,3.3,0.9130678933661561,2.171041578137415,0.9130682610395181,4.976647264300156e-06,0.07047293381991103,4.585521728374941e-06,6.514037175409885e-05
2.89499999999999e-05,3.3,0.9130678854366079,2.171041575609785,0.9130682906513266,4.976647424798448e-06,0.0704729725410433,4.585519714907717e-06,6.514038878392961e-05
2.90499999999999e-05,3.3,0.9130678922781524,2.171041579273596,0.9130682603886379,4.976647193255803e-06,0.07047293372075752,4.585521685612447e-06,6.514037137973158e-05
2.91499999999999e-05,3.3,0.9130678852233889,2.171041575777305,0.9130682898642867,4.976647414337323e-06,0.07047297197242915,4.585519715056801e-06,6.514038833128356e-05
2.92499999999999e-05,3.3,0.9130678927952327,2.171041578614719,0.9130682615536085,4.976647234482901e-06,0.07047293445853803,4.585521697377339e-06,6.51403720497445e-05
2.93499999999999e-05,3.3,0.9130678850444612,2.171041576076327,0.9130682891648264,4.976647395613287e-06,0.07047297145309,4.585519716834257e-06,6.514038792900762e-05
2.94499999999999e-05,3.3,0.9130678926531656,2.171041578739991,0.9130682618313473,4.976647226655031e-06,0.07047293477900271,4.585521683459103e-06,6.51403722094697e-05
2.95499999999999e-05,3.3,0.9130678853321227,2.171041575888232,0.9130682889358227,4.97664740734787e-06,0.0704729711533064,4.585519732419819e-06,6.51403877973113e-05
2.96499999999999e-05,3.3,0.9130678918589799,2.171041579584601,0.9130682614437919,4.976647173838584e-06,0.07047293479817172,4.585521648953752e-06,6.514037198655398e-05
2.97499999999999e-05,3.3,0.9130678850724717,2.171041576116866,0.9130682881706406,4.976647393062356e-06,0.07047297060378754,4.585519732190563e-06,6.514038735723596e-05
2.98499999999999e-05,3.3,0.9130678917554126,2.171041579645431,0.913068261896021,4.976647170045808e-06,0.07047293519674246,4.585521640559966e-06,6.514037224663811e-05
2.994999999999989e-05,3.3,0.9130678864351588,2.171041574723986,0.9130682890763788,4.976647480150378e-06,0.07047297083600898,4.585519780795529e-06,6.51403878781806e-05
3.004999999999989e-05,3.3,0.9130678916915436,2.171041579552821,0.9130682624435708,4.976647175874563e-06,0.07047293563549721,4.58552163545458e-06,6.514037256154402e-05
3.014999999999989e-05,3.3,0.9130678856123954,2.171041575636672,0.913068287708598,4.97664742306904e-06,0.07047297002180872,4.585519760970424e-06,6.514038709152188e-05
3.024999999999989e-05,3.3,0.9130678912166148,2.171041580019394,0.9130682624233227,4.976647146707143e-06,0.07047293581234781,4.585521613323285e-06,6.514037254988506e-05
3.034999999999989e-05,3.3,0.9130678856067113,2.171041575713445,0.9130682872551894,4.976647418251934e-06,0.07047296962555626,4.585519769015634e-06,6.514038683076005e-05
3.044999999999989e-05,3.3,0.9130678920904535,2.17104157920398,0.91306826359249,4.976647197669784e-06,0.07047293653738944,4.585521626895234e-06,6.514037322231287e-05
3.054999999999989e-05,3.3,0.9130678860661894,2.171041575260746,0.913068287415702,4.976647446552377e-06,0.07047296952059864,4.585519794540755e-06,6.51403869230901e-05
3.064999999999989e-05,3.3,0.913067891399295,2.171041579836188,0.9130682634147825,4.976647158159944e-06,0.07047293663177671,4.585521601183584e-06,6.514037312009327e-05
3.074999999999989e-05,3.3,0.9130678852774937,2.171041576106175,0.9130682861259815,4.976647393684121e-06,0.07047296875057686,4.585519776109433e-06,6.514038618132634e-05
3.08499999999999e-05,3.3,0.9130678917854753,2.171041579335427,0.9130682641229684,4.97664718949509e-06,0.0704729371383941,4.585521601583823e-06,6.514037352739073e-05
3.09499999999999e-05,3.3,0.9130678852386406,2.171041576234277,0.9130682857831611,4.976647385653277e-06,0.07047296841637728,4.585519786213084e-06,6.514038598416674e-05
3.10499999999999e-05,3.3,0.9130678911137399,2.171041580066933,0.9130682637469639,4.976647143747255e-06,0.07047293714170379,4.585521569868265e-06,6.514037331112229e-05
3.11499999999999e-05,3.3,0.9130678855385371,2.171041575919621,0.9130682857015937,4.976647405329087e-06,0.07047296820005665,4.585519804428147e-06,6.51403859372649e-05
3.124999999999991e-05,3.3,0.913067890665129,2.171041580431004,0.9130682637911852,4.976647121007079e-06,0.0704729373333816,4.585521551393964e-06,6.514037333654387e-05
3.134999999999991e-05,3.3,0.9130678856911455,2.17104157577865,0.9130682854172213,4.976647414139921e-06,0.0704729679005376,4.585519815359255e-06,6.51403857737212e-05
3.144999999999991e-05,3.3,0.9130678908129143,2.171041580344211,0.9130682641304416,4.976647126417226e-06,0.07047293765990653,4.585521541888389e-06,6.514037353165404e-05
3.154999999999991e-05,3.3,0.9130678854966029,2.171041575991168,0.9130682849307196,4.976647400849786e-06,0.07047296750671377,4.585519820374758e-06,6.514038549392379e-05
3.164999999999992e-05,3.3,0.9130678909784783,2.17104158015891,0.9130682646823897,4.97664713800644e-06,0.07047293807748213,4.585521539594372e-06,6.514037384909383e-05
3.174999999999992e-05,3.3,0.9130678862889292,2.171041575187997,0.91306828541899,4.976647451065507e-06,0.0704729675687031,4.585519853895721e-06,6.514038577475925e-05
3.184999999999992e-05,3.3,0.913067890960074,2.171041580158119,0.9130682649118,4.976647138060238e-06,0.07047293834784339,4.585521527428788e-06,6.514037398102643e-05
3.194999999999992e-05,3.3,0.9130678864480815,2.171041575029775,0.9130682852148321,4.976647460957541e-06,0.0704729673083673,4.585519866986954e-06,6.514038565735073e-05
3.204999999999993e-05,3.3,0.9130678916017697,2.17104157930929,0.9130682660877657,4.976647191179104e-06,0.07047293905013312,4.585521544202685e-06,6.514037465736724e-05
3.214999999999993e-05,3.3,0.9130678860668041,2.171041575537013,0.9130682845620343,4.976647429214639e-06,0.0704729668518781,4.58551986540678e-06,6.514038528190747e-05
3.224999999999993e-05,3.3,0.9130678901378447,2.171041580929982,0.9130682648359328,4.976647089816702e-06,0.07047293863718102,4.585521487651534e-06,6.514037393737219e-05
3.234999999999993e-05,3.3,0.913067887101722,2.171041574473177,0.9130682852676494,4.976647495731405e-06,0.07047296701940857,4.585519904825376e-06,6.514038568774834e-05
3.244999999999993e-05,3.3,0.9130678916141547,2.171041579429227,0.9130682665317206,4.976647183646439e-06,0.0704729395722048,4.585521520809285e-06,6.514037491268513e-05
3.254999999999994e-05,3.3,0.9130678866601825,2.171041574839735,0.9130682845354248,4.97664747283445e-06,0.07047296652899732,4.585519900516817e-06,6.51403852666224e-05
3.264999999999994e-05,3.3,0.9130678920256972,2.171041578970546,0.9130682672371319,4.976647212333575e-06,0.07047294004925869,4.585521524411585e-06,6.51403753183888e-05
3.274999999999994e-05,3.3,0.9130678867293138,2.171041574767523,0.9130682845003606,4.976647477350157e-06,0.07047296635708794,4.585519917504918e-06,6.514038524646421e-05
3.284999999999994e-05,3.3,0.9130678910195081,2.17104157996902,0.9130682664702878,4.976647149912542e-06,0.07047293985307518,4.58552148318787e-06,6.514037487733446e-05
3.294999999999995e-05,3.3,0.913067886520184,2.17104157507022,0.9130682838435924,4.976647458403085e-06,0.07047296590200001,4.585519915399913e-06,6.514038486873815e-05
3.304999999999995e-05,3.3,0.9130678907920055,2.171041580154133,0.9130682666275689,4.976647138350043e-06,0.07047294007376805,4.585521470777648e-06,6.51403749677834e-05
3.314999999999995e-05,3.3,0.9130678871172291,2.17104157443961,0.9130682841389858,4.97664749783641e-06,0.07047296588676241,4.585519941772149e-06,6.514038503864056e-05
3.324999999999995e-05,3.3,0.9130678900971286,2.17104158084498,0.913068266274212,4.976647095160092e-06,0.07047294005992256,4.585521442939504e-06,6.514037476454366e-05
3.334999999999996e-05,3.3,0.9130678874088282,2.171041574108048,0.9130682843249784,4.976647518575853e-06,0.07047296582506782,4.585519964427489e-06,6.514038514562317e-05
3.344999999999996e-05,3.3,0.9130678901233178,2.171041580798613,0.9130682665499773,4.976647098063236e-06,0.07047294033204533,4.585521434439195e-06,6.514037492313925e-05
3.354999999999996e-05,3.3,0.9130678871115211,2.171041574450361,0.9130682836657915,4.976647497164217e-06,0.07047296538076334,4.585519960876325e-06,6.514038476650435e-05
3.364999999999996e-05,3.3,0.9130678906565999,2.171041580372169,0.9130682672278321,4.976647124696067e-06,0.07047294078311944,4.585521438754068e-06,6.514037531299533e-05
3.374999999999997e-05,3.3,0.9130678867581264,2.171041574911024,0.9130682830840746,4.97664746833801e-06,0.07047296497251879,4.58551995963803e-06,6.514038443194133e-05
3.384999999999997e-05,3.3,0.9130678904985642,2.171041580426369,0.913068267430924,4.97664712133331e-06,0.0704729410188834,4.585521428408557e-06,6.51403754297937e-05
3.394999999999997e-05,3.3,0.9130678860948388,2.171041575447265,0.9130682823461274,4.976647434846001e-06,0.07047296448854073,4.585519954127999e-06,6.514038400752347e-05
3.404999999999997e-05,3.3,0.9130678906143855,2.171041580356727,0.9130682676246035,4.976647125675095e-06,0.07047294124906447,4.585521417905824e-06,6.514037554118035e-05
3.414999999999998e-05,3.3,0.9130678860914112,2.171041575528349,0.9130682819520872,4.97664742975761e-06,0.07047296417000905,4.585519958124265e-06,6.51403837809003e-05
3.424999999999998e-05,3.3,0.9130678910035598,2.171041579885542,0.9130682682780693,4.9766471551529e-06,0.07047294168908924,4.585521421458085e-06,6.51403759170092e-05
3.434999999999998e-05,3.3,0.9130678868224086,2.171041574902006,0.9130682824086048,4.976647468889383e-06,0.07047296424314622,4.585519987721394e-06,6.514038404347189e-05
3.444999999999998e-05,3.3,0.9130678906561305,2.171041580241169,0.9130682681248997,4.976647132917076e-06,0.07047294175170918,4.585521401444074e-06,6.514037582890706e-05
3.454999999999999e-05,3.3,0.9130678862039714,2.17104157545598,0.9130682816327644,4.976647434272914e-06,0.07047296375765838,4.585519979221697e-06,6.514038359725806e-05
3.464999999999999e-05,3.3,0.913067890624228,2.171041580240753,0.9130682681997464,4.976647132950879e-06,0.07047294192060628,4.585521388121526e-06,6.51403758719488e-05
3.474999999999999e-05,3.3,0.9130678855524772,2.171041576184643,0.9130682808187648,4.976647388699325e-06,0.07047296324911206,4.585519970228961e-06,6.51403831290974e-05
3.484999999999999e-05,3.3,0.9130678907871176,2.171041580008923,0.9130682685893038,4.976647147461452e-06,0.0704729422311102,4.585521384660277e-06,6.514037609599353e-05
3.495e-05,3.3,0.9130678863467236,2.171041575426018,0.9130682815172202,4.976647436118389e-06,0.07047296344270725,4.585520006068878e-06,6.514038353081673e-05
3.505e-05,3.3,0.9130678905565995,2.171041580337939,0.9130682684174892,4.976647126866579e-06,0.07047294228132778,4.585521364521957e-06,6.51403759971686e-05
3.515e-05,3.3,0.9130678859680562,2.171041575720065,0.9130682809727017,4.976647417757157e-06,0.07047296306343304,4.58552000455676e-06,6.514038321764672e-05
3.525e-05,3.3,0.9130678903664892,2.171041580518479,0.9130682685027913,4.97664711558143e-06,0.07047294244534397,4.585521352665273e-06,6.514037604622286e-05
3.535000000000001e-05,3.3,0.9130678859769081,2.171041575824515,0.9130682807420883,4.9766474111989e-06,0.07047296282734336,4.585520012660733e-06,6.514038308501749e-05
3.545000000000001e-05,3.3,0.9130678895968435,2.171041581282026,0.9130682679167862,4.976647067847135e-06,0.07047294230165188,4.585521320442035e-06,6.514037570917868e-05
3.555000000000001e-05,3.3,0.9130678868051442,2.171041574984935,0.9130682814389602,4.976647463691203e-06,0.07047296302448754,4.585520047945486e-06,6.514038348582696e-05
3.565000000000001e-05,3.3,0.9130678895598611,2.171041581338328,0.913068268072018,4.976647064321803e-06,0.07047294249788974,4.585521310678274e-06,6.514037579845207e-05
3.575000000000002e-05,3.3,0.9130678861761732,2.171041575626153,0.9130682806111031,4.976647423600986e-06,0.07047296252537223,4.585520036689171e-06,6.514038300969588e-05
3.585000000000002e-05,3.3,0.9130678893640302,2.171041581436806,0.9130682681105187,4.976647058189196e-06,0.07047294263445661,4.585521298079018e-06,6.514037582058959e-05
3.595000000000002e-05,3.3,0.9130678864828297,2.171041575265187,0.9130682807505278,4.976647446182169e-06,0.07047296247160781,4.585520054526575e-06,6.514038308989156e-05
3.605000000000002e-05,3.3,0.9130678911023137,2.171041579612984,0.9130682700220929,4.976647172231883e-06,0.07047294363014232,4.585521342200267e-06,6.514037692001398e-05
3.615000000000002e-05,3.3,0.9130678856627735,2.171041576126975,0.913068279898335,4.976647392294954e-06,0.07047296196053819,4.585520042651869e-06,6.514038259976263e-05
3.625000000000003e-05,3.3,0.9130678893440941,2.171041581528875,0.9130682682253979,4.976647052414098e-06,0.07047294292271383,4.58552127428006e-06,6.514037588665006e-05
3.635000000000003e-05,3.3,0.9130678874030163,2.171041574435066,0.9130682813335896,4.976647498057812e-06,0.07047296250799412,4.585520098933571e-06,6.514038342524872e-05
3.645000000000003e-05,3.3,0.9130678905651851,2.171041580219441,0.9130682695919667,4.976647134298949e-06,0.07047294366458262,4.585521302335932e-06,6.514037667261705e-05
3.655000000000003e-05,3.3,0.913067886869186,2.171041574833901,0.9130682808484477,4.97664747315816e-06,0.07047296216828224,4.585520097813857e-06,6.514038314622756e-05
3.665000000000004e-05,3.3,0.9130678900207501,2.171041580715684,0.9130682692606561,4.97664710328649e-06,0.07047294362298968,4.585521279530872e-06,6.51403764820608e-05
3.675000000000004e-05,3.3,0.9130678873586314,2.171041574459641,0.9130682810305474,4.976647496527575e-06,0.07047296214029654,4.585520116228251e-06,6.514038325096729e-05
3.685000000000004e-05,3.3,0.9130678905270311,2.171041580277084,0.9130682697599325,4.976647130689121e-06,0.0704729439609048,4.585521282034113e-06,6.51403767692097e-05
3.695000000000004e-05,3.3,0.9130678866061125,2.171041575290454,0.9130682800930723,4.976647444567613e-06,0.07047296160065267,4.585520100532586e-06,6.514038271178845e-05
3.705000000000005e-05,3.3,0.9130678913696118,2.171041579364474,0.9130682707700485,4.976647187760989e-06,0.07047294453642253,4.585521299632847e-06,6.514037735016754e-05
3.715000000000005e-05,3.3,0.9130678864919222,2.171041575277478,0.9130682799916529,4.976647445411373e-06,0.07047296144267895,4.585520110364282e-06,6.514038265346374e-05
3.725000000000005e-05,3.3,0.9130678903567137,2.171041580470749,0.9130682698582662,4.976647118574783e-06,0.07047294422576339,4.585521259580042e-06,6.514037682575544e-05
3.735000000000005e-05,3.3,0.9130678866130206,2.171041575207518,0.9130682798303302,4.976647449772754e-06,0.07047296126142953,4.585520117878679e-06,6.514038256068402e-05
3.745000000000006e-05,3.3,0.9130678905082874,2.171041580134334,0.9130682702842768,4.976647139652895e-06,0.07047294452431924,4.58552126053623e-06,6.514037707076924e-05
3.755000000000006e-05,3.3,0.9130678866611286,2.171041575170257,0.9130682797931651,4.976647452099947e-06,0.07047296113904929,4.585520128952801e-06,6.51403825393147e-05
3.765000000000006e-05,3.3,0.9130678913354736,2.171041579440562,0.9130682710189097,4.976647182992014e-06,0.0704729449683635,4.585521270376963e-06,6.514037749328403e-05
3.775000000000006e-05,3.3,0.9130678868877129,2.171041575026158,0.9130682798812468,4.976647461088404e-06,0.07047296107301157,4.585520143950242e-06,6.514038258997896e-05
3.785000000000007e-05,3.3,0.9130678902185612,2.171041580489965,0.91306827012161,4.976647117402087e-06,0.07047294466056782,4.585521231195022e-06,6.514037697720237e-05
3.795000000000007e-05,3.3,0.9130678868412998,2.171041575007065,0.913068279914657,4.976647462299018e-06,0.0704729609870021,4.585520156711118e-06,6.514038260919907e-05
3.805000000000007e-05,3.3,0.9130678909964077,2.171041579658311,0.9130682710167075,4.976647169408393e-06,0.0704729451773429,4.585521245999781e-06,6.514037749200856e-05
3.815000000000007e-05,3.3,0.9130678866715226,2.171041575251487,0.9130682794576794,4.976647447e-06,0.07047296067755915,4.58552015441449e-06,6.514038234637496e-05
3.825000000000008e-05,3.3,0.9130678908391207,2.171041579849029,0.9130682709729935,4.976647157476087e-06,0.07047294525057628,4.585521233883084e-06,6.514037746686213e-05
3.835000000000008e-05,3.3,0.91306788649797,2.171041575449517,0.9130682792344085,4.976647434613796e-06,0.07047296047461075,4.585520159303251e-06,6.514038221796628e-05
3.845000000000008e-05,3.3,0.913067890311485,2.17104158033615,0.9130682705528502,4.976647127032141e-06,0.07047294515543258,4.585521209858908e-06,6.514037722521411e-05
3.855000000000008e-05,3.3,0.9130678857624703,2.171041576230875,0.9130682783568562,4.976647385753843e-06,0.0704729599808377,4.585520143292471e-06,6.514038171325187e-05
3.865000000000009e-05,3.3,0.9130678905936374,2.171041579978691,0.9130682709074787,4.976647149398389e-06,0.07047294541778591,4.585521209042651e-06,6.514037742917264e-05
3.875000000000009e-05,3.3,0.913067886814153,2.171041575201865,0.9130682793471708,4.976647450080145e-06,0.07047296033370257,4.585520185028018e-06,6.514038228283001e-05
3.885000000000009e-05,3.3,0.9130678903380717,2.17104158035322,0.9130682706593276,4.976647125953096e-06,0.0704729453981462,4.585521190628046e-06,6.514037728644521e-05
3.895000000000009e-05,3.3,0.913067885541228,2.171041576440944,0.9130682779899413,4.976647372624444e-06,0.07047295961623926,4.585520154912488e-06,6.514038150223124e-05
3.90500000000001e-05,3.3,0.9130678902460939,2.171041580343934,0.9130682706589828,4.976647126558624e-06,0.07047294549274166,4.585521179632816e-06,6.51403772862425e-05
3.91500000000001e-05,3.3,0.9130678863612606,2.17104157559267,0.9130682787954137,4.976647425664489e-06,0.07047295990052532,4.585520189172679e-06,6.514038196549824e-05
3.92500000000001e-05,3.3,0.913067890393464,2.171041580207739,0.9130682709449878,4.97664713507003e-06,0.07047294571900904,4.585521177294394e-06,6.514037745073251e-05
3.93500000000001e-05,3.3,0.9130678862472195,2.171041575729244,0.9130682785615217,4.976647417120924e-06,0.07047295969973622,4.585520192914314e-06,6.51403818309808e-05
3.945000000000011e-05,3.3,0.9130678903652418,2.171041580210963,0.9130682710378972,4.976647134874427e-06,0.07047294585022472,4.585521169851438e-06,6.514037750416596e-05
3.955000000000011e-05,3.3,0.913067886779971,2.171041575285583,0.9130682788484976,4.976647444835523e-06,0.07047295974432101,4.585520211673021e-06,6.514038199603667e-05
3.965000000000011e-05,3.3,0.9130678904946049,2.171041580137974,0.9130682711250229,4.976647139422688e-06,0.07047294597726907,4.58552116239749e-06,6.514037755427149e-05
3.975000000000011e-05,3.3,0.9130678869894543,2.171041575036084,0.9130682790216814,4.976647460444386e-06,0.07047295973662643,4.585520227006905e-06,6.514038209564714e-05
3.985000000000011e-05,3.3,0.9130678899846121,2.171041580565014,0.9130682708503958,4.976647112745549e-06,0.07047294593778163,4.585521144077887e-06,6.514037739631632e-05
3.995000000000012e-05,3.3,0.9130678867801816,2.171041575257513,0.9130682788529544,4.976647446598593e-06,0.07047295957251329,4.585520231957579e-06,6.514038199860891e-05
4.005000000000012e-05,3.3,0.9130678906517453,2.171041579902707,0.9130682715669702,4.97664715414989e-06,0.07047294635300798,4.585521155753989e-06,6.514037780844733e-05
4.015000000000012e-05,3.3,0.9130678865220887,2.171041575484335,0.91306827844155,4.976647432426545e-06,0.07047295929869112,4.585520229338709e-06,6.514038176199589e-05
4.025000000000012e-05,3.3,0.9130678909070193,2.171041579613017,0.9130682719646862,4.976647172268864e-06,0.070472946618429,4.58552115819331e-06,6.514037803718815e-05
4.035000000000013e-05,3.3,0.9130678871234751,2.171041574983093,0.9130682788521,4.976647463738209e-06,0.0704729594040611,4.585520251372964e-06,6.51403819981249e-05
4.045000000000013e-05,3.3,0.9130678904778365,2.171041580110728,0.9130682714806636,4.976647141135223e-06,0.0704729464796997,4.585521133883359e-06,6.514037775880022e-05
4.055000000000013e-05,3.3,0.9130678870069492,2.171041575046407,0.9130682787243918,4.976647459793734e-06,0.07047295926453133,4.585520256880121e-06,6.514038192467704e-05
4.065000000000013e-05,3.3,0.913067891744894,2.171041578652352,0.9130682729286196,4.976647232357883e-06,0.07047294722291149,4.585521168567006e-06,6.514037859158181e-05
4.075000000000014e-05,3.3,0.9130678859969112,2.171041576063324,0.9130682778432536,4.976647396217055e-06,0.07047295877340588,4.585520240294723e-06,6.514038141789877e-05
4.085000000000014e-05,3.3,0.9130678906667531,2.171041579837034,0.9130682718917142,4.976647158266617e-06,0.07047294682943991,4.585521127666216e-06,6.514037799520816e-05
4.095000000000014e-05,3.3,0.9130678869162026,2.171041575251595,0.9130682784858422,4.976647446937894e-06,0.07047295898821679,4.585520268995801e-06,6.514038178748376e-05
4.105000000000014e-05,3.3,0.9130678903367336,2.171041580163977,0.913068271581856,4.976647137827149e-06,0.0704729467609429,4.585521109749521e-06,6.51403778169917e-05
4.115000000000015e-05,3.3,0.9130678865272943,2.171041575598438,0.9130682780422116,4.976647425265041e-06,0.07047295870729675,4.585520264523044e-06,6.514038153233471e-05
4.125000000000015e-05,3.3,0.9130678906414122,2.171041579879021,0.9130682719912805,4.976647155636627e-06,0.07047294702968177,4.585521112784173e-06,6.51403780524658e-05
4.135000000000015e-05,3.3,0.9130678865285468,2.17104157560817,0.913068278001661,4.976647424654306e-06,0.07047295861464588,4.585520271874461e-06,6.514038150901575e-05
4.145000000000015e-05,3.3,0.913067890232792,2.171041580181117,0.9130682717393697,4.97664713677658e-06,0.0704729469861525,4.585521096814171e-06,6.51403779075782e-05
4.155000000000016e-05,3.3,0.9130678869313429,2.171041575172863,0.9130682783168625,4.976647451877529e-06,0.07047295868571032,4.585520289924303e-06,6.514038169030636e-05
4.165000000000016e-05,3.3,0.9130678906513902,2.171041579775287,0.9130682721613738,4.976647162144625e-06,0.07047294725694052,4.585521100645446e-06,6.51403781502883e-05
4.175000000000016e-05,3.3,0.9130678872861847,2.171041574871584,0.9130682785709767,4.976647470699755e-06,0.07047295872600333,4.585520306453246e-06,6.51403818364621e-05
4.185000000000016e-05,3.3,0.9130678905666091,2.171041579757672,0.9130682722829557,4.976647163271162e-06,0.07047294738572453,4.585521095878363e-06,6.514037822021101e-05
4.195000000000017e-05,3.3,0.913067886306053,2.171041575822304,0.9130682775674618,4.976647411270555e-06,0.07047295818879594,4.585520284970199e-06,6.514038125929778e-05
4.205000000000017e-05,3.3,0.9130678910251089,2.171041579282443,0.9130682728002851,4.976647192985291e-06,0.07047294769740609,4.585521102928587e-06,6.514037851774775e-05
4.215000000000017e-05,3.3,0.9130678867295636,2.171041575499574,0.9130682778971185,4.976647431421929e-06,0.07047295826901419,4.585520303182837e-06,6.514038144890125e-05
4.225000000000017e-05,3.3,0.9130678901859886,2.171041580200974,0.913068271950278,4.976647135540202e-06,0.07047294737762093,4.585521069071585e-06,6.514037802886855e-05
4.235000000000018e-05,3.3,0.9130678861151929,2.171041576105744,0.913068277210042,4.976647393527915e-06,0.07047295788481098,4.585520290368341e-06,6.514038105373544e-05
4.245000000000018e-05,3.3,0.9130678911113742,2.171041579249602,0.9130682728423771,4.976647195024131e-06,0.07047294786143014,4.585521087430641e-06,6.514037854195237e-05
4.255000000000018e-05,3.3,0.9130678872156681,2.171041574987883,0.9130682783928136,4.976647463419095e-06,0.07047295835929622,4.585520334082188e-06,6.514038173400335e-05
4.265000000000018e-05,3.3,0.9130678909599067,2.171041579346184,0.9130682728407571,4.976647188999508e-06,0.07047294792618379,4.585521079802857e-06,6.514037854101753e-05
4.275000000000019e-05,3.3,0.9130678866157095,2.171041575716423,0.9130682775870296,4.976647417840198e-06,0.07047295791927512,4.585520317831376e-06,6.514038127056258e-05
4.285000000000019e-05,3.3,0.9130678911276355,2.171041579102424,0.913068273039283,4.976647204257674e-06,0.07047294808737312,4.585521077680125e-06,6.514037865519581e-05
4.295000000000019e-05,3.3,0.9130678871406133,2.171041575051996,0.9130682782590189,4.976647459414443e-06,0.07047295815995061,4.5855203460132e-06,6.514038165705735e-05
4.305000000000019e-05,3.3,0.9130678905146022,2.171041579809609,0.91306827248237,4.976647160021709e-06,0.0704729478954681,4.585521053470642e-06,6.514037833488756e-05
4.31500000000002e-05,3.3,0.9130678870201564,2.171041575258946,0.9130682778222556,4.97664744645497e-06,0.07047295789219456,4.585520340568217e-06,6.514038140585766e-05
4.32500000000002e-05,3.3,0.9130678904987115,2.171041579847635,0.9130682724951452,4.976647157638358e-06,0.07047294796844403,4.585521046085252e-06,6.51403783422329e-05
4.33500000000002e-05,3.3,0.9130678859186993,2.17104157646109,0.9130682767339467,4.976647371274514e-06,0.07047295732592661,4.585520315401366e-06,6.514038077992566e-05
4.34500000000002e-05,3.3,0.9130678904078662,2.171041579862392,0.9130682724413135,4.976647156734596e-06,0.07047294800515105,4.585521037332541e-06,6.514037831126903e-05
4.35500000000002e-05,3.3,0.9130678870511364,2.171041575244776,0.9130682778821414,4.976647447337533e-06,0.07047295779027396,4.585520357385994e-06,6.514038144030533e-05
4.365000000000021e-05,3.3,0.9130678909540687,2.171041579310726,0.9130682729832229,4.976647191224595e-06,0.07047294831792834,4.585521046299266e-06,6.51403786229429e-05
4.375000000000021e-05,3.3,0.9130678858918725,2.171041576420401,0.9130682767233811,4.976647373836201e-06,0.07047295719737565,4.585520329413066e-06,6.514038077385405e-05
4.385000000000021e-05,3.3,0.9130678911477598,2.171041579072223,0.9130682732820857,4.976647206146219e-06,0.0704729485213533,4.5855210476696e-06,6.514037879483104e-05
4.395000000000021e-05,3.3,0.9130678866587795,2.171041575728151,0.9130682774950127,4.976647417095701e-06,0.07047295749032882,4.585520359860588e-06,6.514038121765516e-05
4.405000000000022e-05,3.3,0.9130678913127396,2.17104157875266,0.9130682735367491,4.976647226163306e-06,0.07047294870225285,4.585521047944162e-06,6.51403789412965e-05
4.415000000000022e-05,3.3,0.9130678859851261,2.171041576397299,0.913068276781568,4.976647375263511e-06,0.07047295710031799,4.585520345523052e-06,6.514038080732272e-05
4.425000000000022e-05,3.3,0.9130678902874201,2.17104157989431,0.9130682724919118,4.976647154760005e-06,0.07047294827351373,4.585521010461035e-06,6.514037834036142e-05
4.435000000000022e-05,3.3,0.9130678858224797,2.17104157660528,0.9130682765032061,4.976647362249786e-06,0.07047295691827025,4.58552034338529e-06,6.514038064722712e-05
4.445000000000023e-05,3.3,0.9130678902839038,2.171041579960614,0.9130682724771022,4.976647150598489e-06,0.07047294832802196,4.585521002915002e-06,6.514037833184222e-05
4.455000000000023e-05,3.3,0.9130678865692315,2.171041575821257,0.9130682772539057,4.97664741127505e-06,0.0704729572012156,4.585520373229805e-06,6.514038107899023e-05
4.465000000000023e-05,3.3,0.9130678904456507,2.171041579604951,0.9130682729068451,4.976647172882445e-06,0.07047294858248028,4.585521009293068e-06,6.51403785790041e-05
4.475000000000023e-05,3.3,0.9130678857666874,2.17104157673156,0.9130682763305163,4.976647354337936e-06,0.07047295672093697,4.585520351840553e-06,6.514038054790988e-05
4.485000000000024e-05,3.3,0.9130678905760808,2.171041579539111,0.9130682729342627,4.976647176981962e-06,0.07047294865436564,4.585521003243727e-06,6.514037859477167e-05
4.495000000000024e-05,3.3,0.9130678865861701,2.171041575887813,0.9130682771686576,4.976647407093847e-06,0.07047295704859825,4.585520383802904e-06,6.514038102996453e-05
4.505000000000024e-05,3.3,0.9130678903928924,2.171041579695581,0.9130682727950312,4.97664716720621e-06,0.07047294864486534,4.585520992728308e-06,6.514037851469026e-05
4.515000000000024e-05,3.3,0.9130678857211746,2.171041576902456,0.9130682761611472,4.97664734362305e-06,0.07047295653040317,4.585520359791494e-06,6.514038045050234e-05
4.525000000000025e-05,3.3,0.9130678908074871,2.171041579248739,0.913068273216617,4.976647195149576e-06,0.07047294889823727,4.585520998538259e-06,6.51403787571619e-05
4.535000000000025e-05,3.3,0.9130678857762972,2.171041576767303,0.9130682763467917,4.976647352093001e-06,0.07047295655873521,4.585520372006117e-06,6.514038055727645e-05
4.545000000000025e-05,3.3,0.913067890137968,2.171041579909118,0.9130682725838938,4.976647153865989e-06,0.07047294865932485,4.58552097343395e-06,6.514037839325246e-05
4.555000000000025e-05,3.3,0.9130678859952822,2.171041576547345,0.9130682764642577,4.976647365845031e-06,0.07047295656137524,4.58552038148809e-06,6.514038062483805e-05
4.565000000000026e-05,3.3,0.9130678896539666,2.171041580373349,0.9130682721743731,4.976647124847816e-06,0.07047294851995886,4.585520955420807e-06,6.514037815771715e-05
4.575000000000026e-05,3.3,0.9130678856585916,2.171041576994184,0.9130682760036913,4.976647337882112e-06,0.07047295629032849,4.585520374468438e-06,6.514038035994825e-05
4.585000000000026e-05,3.3,0.9130678896146254,2.17104158045065,0.9130682721978612,4.97664712000516e-06,0.07047294858594624,4.585520949747084e-06,6.51403781712238e-05
4.595000000000026e-05,3.3,0.913067886287503,2.171041576366885,0.9130682764980547,4.976647377099637e-06,0.07047295646668121,4.58552039526296e-06,6.514038064428075e-05
4.605000000000027e-05,3.3,0.9130678901994058,2.171041579736035,0.9130682728356079,4.976647164713828e-06,0.07047294892889674,4.585520963204179e-06,6.514037853801878e-05
4.615000000000027e-05,3.3,0.9130678860717629,2.171041576528927,0.913068276423267,4.976647366982913e-06,0.0704729563871875,4.585520398249295e-06,6.514038060126852e-05
4.625000000000027e-05,3.3,0.9130678896063585,2.171041580412297,0.9130682723130747,4.976647122413989e-06,0.070472948738202,4.585520941724221e-06,6.514037823748466e-05
4.635000000000027e-05,3.3,0.9130678862167094,2.17104157645468,0.9130682763259352,4.976647371607159e-06,0.07047295628852467,4.585520401537886e-06,6.514038054528998e-05
4.645000000000028e-05,3.3,0.9130678894979768,2.171041580477319,0.9130682722653723,4.976647118359453e-06,0.0704729487664073,4.585520934476721e-06,6.51403782100469e-05
4.655000000000028e-05,3.3,0.9130678865194342,2.171041576205983,0.9130682765174055,4.976647387141977e-06,0.07047295633156825,4.585520412519356e-06,6.514038065541626e-05
4.665000000000028e-05,3.3,0.913067890103658,2.171041579749023,0.9130682730176184,4.976647163921653e-06,0.07047294916685978,4.585520950838874e-06,6.514037864269388e-05
4.675000000000028e-05,3.3,0.9130678855371726,2.171041577119225,0.9130682756675338,4.976647330065888e-06,0.07047295588883323,4.585520392923651e-06,6.514038016661857e-05
4.685000000000028e-05,3.3,0.9130678900318885,2.171041579842028,0.9130682729525106,4.976647158101517e-06,0.0704729491811015,4.585520943758972e-06,6.514037860524751e-05
4.695000000000029e-05,3.3,0.9130678856472952,2.171041577062597,0.9130682758078548,4.976647333592906e-06,0.07047295590228823,4.585520403085305e-06,6.514038024732414e-05
4.705000000000029e-05,3.3,0.9130678895400767,2.17104158035617,0.9130682724253539,4.976647125952358e-06,0.07047294898357576,4.585520922661095e-06,6.51403783020542e-05
4.715000000000029e-05,3.3,0.9130678863386738,2.171041576438736,0.9130682762946507,4.97664737257875e-06,0.07047295608218283,4.585520422837401e-06,6.514038052730433e-05
4.725000000000029e-05,3.3,0.913067889583706,2.171041580256202,0.9130682725736546,4.976647132215962e-06,0.0704729491031067,4.585520921189233e-06,6.514037838734564e-05
4.73500000000003e-05,3.3,0.9130678866441423,2.171041576138577,0.9130682764768805,4.976647391343165e-06,0.07047295611954936,4.585520433696373e-06,6.5140380632116e-05
4.74500000000003e-05,3.3,0.9130678900058491,2.171041579819345,0.9130682730737799,4.976647159530635e-06,0.07047294937255447,4.585520931701332e-06,6.514037867498903e-05
4.75500000000003e-05,3.3,0.9130678868128703,2.171041576032009,0.9130682765715797,4.976647397990333e-06,0.070472956118345,4.585520441736915e-06,6.514038068658312e-05
4.76500000000003e-05,3.3,0.9130678918127724,2.171041577902282,0.9130682748264991,4.97664727940891e-06,0.07047295022792234,4.585520978796951e-06,6.514037968305471e-05
4.775000000000031e-05,3.3,0.9130678857421027,2.171041577004536,0.9130682758056075,4.976647337214813e-06,0.07047295572266424,4.585520423708937e-06,6.514038024603909e-05
4.785000000000031e-05,3.3,0.9130678909551446,2.171041578763785,0.9130682741202181,4.976647225548442e-06,0.07047294995022806,4.585520952068678e-06,6.514037927684022e-05
4.795000000000031e-05,3.3,0.9130678852215205,2.171041577637427,0.9130682752190263,4.976647297619629e-06,0.07047295540912517,4.585520411107173e-06,6.514037990866962e-05
4.805000000000031e-05,3.3,0.9130678896207644,2.171041580121771,0.9130682726771123,4.976647140643667e-06,0.07047294933133201,4.585520903366407e-06,6.514037844684449e-05
4.815000000000032e-05,3.3,0.9130678862770272,2.171041576500517,0.9130682762605936,4.976647368717927e-06,0.07047295584201854,4.585520447834945e-06,6.514038050772386e-05
4.825000000000032e-05,3.3,0.9130678901870873,2.171041579596213,0.9130682732184431,4.976647173489789e-06,0.0704729496178985,4.5855209153263e-06,6.51403787581854e-05
4.835000000000032e-05,3.3,0.9130678867276848,2.171041576080826,0.9130682766352792,4.976647394948622e-06,0.07047295596973874,4.585520464291804e-06,6.514038072322422e-05
4.845000000000032e-05,3.3,0.9130678909920521,2.171041578674592,0.91306827410107,4.976647231136606e-06,0.0704729500642579,4.58552093723818e-06,6.51403792658229e-05
4.855000000000033e-05,3.3,0.9130678868259128,2.17104157603834,0.9130682767377797,4.976647397591066e-06,0.07047295598130351,4.585520471513962e-06,6.514038078217843e-05
4.865000000000033e-05,3.3,0.9130678915765481,2.171041578045594,0.913068274768227,4.976647270471357e-06,0.07047295041351205,4.585520952436229e-06,6.51403796495336e-05
4.875000000000033e-05,3.3,0.9130678865812407,2.171041576333084,0.9130682764115865,4.976647379151863e-06,0.07047295578773546,4.585520466724376e-06,6.514038059457131e-05
4.885000000000033e-05,3.3,0.913067890192162,2.171041579439732,0.9130682733826947,4.976647183309955e-06,0.07047294981456954,4.585520906238564e-06,6.514037885265105e-05
4.895000000000034e-05,3.3,0.913067886782744,2.171041576130019,0.9130682765553811,4.976647391847716e-06,0.07047295581486758,4.585520475570685e-06,6.514038067727586e-05
4.905000000000034e-05,3.3,0.9130678905877581,2.171041579065821,0.9130682737187623,4.976647206680346e-06,0.0704729500074473,4.585520911921254e-06,6.514037904593566e-05
4.915000000000034e-05,3.3,0.9130678863806236,2.171041576614916,0.9130682761258847,4.976647361512441e-06,0.07047295557552766,4.585520467478851e-06,6.514038043025414e-05
4.925000000000034e-05,3.3,0.9130678910913271,2.17104157846848,0.9130682743156944,4.976647244048166e-06,0.07047295032318941,4.585520925137932e-06,6.514037938925705e-05
4.935000000000035e-05,3.3,0.9130678858516668,2.171041577132211,0.9130682755660037,4.976647329175498e-06,0.0704729552780868,4.585520455226435e-06,6.514038010824268e-05
4.945000000000035e-05,3.3,0.9130678905755685,2.171041578933381,0.9130682738232606,4.976647214996221e-06,0.07047295013658757,4.58552090567009e-06,6.514037910603594e-05
4.955000000000035e-05,3.3,0.9130678868222926,2.171041576117541,0.9130682765678935,4.976647392622017e-06,0.07047295570399965,4.585520489464641e-06,6.514038068447533e-05
4.965000000000035e-05,3.3,0.9130678912679148,2.17104157829368,0.9130682745404163,4.976647254975296e-06,0.07047295050762838,4.585520922521036e-06,6.514037951850351e-05
4.975000000000036e-05,3.3,0.9130678868857096,2.171041576075097,0.9130682765803971,4.976647395270485e-06,0.07047295566678377,4.585520494816593e-06,6.51403806916679e-05
4.985000000000036e-05,3.3,0.9130678903530166,2.171041579170883,0.9130682736883626,4.976647200143633e-06,0.07047295015146815,4.585520892703449e-06,6.514037902844709e-05
4.995000000000036e-05,3.3,0.9130678865576131,2.17104157654499,0.9130682761698218,4.976647365858176e-06,0.07047295544181097,4.585520486639202e-06,6.514038045552886e-05
5.005000000000036e-05,3.3,0.9130678908544114,2.171041578628593,0.9130682742287347,4.976647234056529e-06,0.0704729504372442,4.585520904673268e-06,6.514037933923825e-05
5.015000000000037e-05,3.3,0.9130678869928919,2.171041576042858,0.913068276647427,4.976647397267614e-06,0.0704729556260669,4.585520505134624e-06,6.514038073022144e-05
5.025000000000037e-05,3.3,0.9130678907906824,2.171041578687537,0.9130682742100726,4.976647230372449e-06,0.07047295046219328,4.585520900229724e-06,6.514037932850478e-05
5.035000000000037e-05,3.3,0.9130678875600523,2.171041575539298,0.9130682770798262,4.976647428733467e-06,0.07047295579246658,4.585520521920814e-06,6.514038097891528e-05
5.045000000000037e-05,3.3,0.9130678906034768,2.171041578828638,0.9130682740033942,4.976647221562282e-06,0.07047295040064047,4.585520890107266e-06,6.514037920963321e-05
5.055000000000037e-05,3.3,0.9130678863346331,2.171041576833226,0.9130682758515963,4.97664734782267e-06,0.07047295519189829,4.585520489046326e-06,6.514038027250594e-05
5.065000000000038e-05,3.3,0.9130678909194335,2.171041578485882,0.9130682743530956,4.976647242997201e-06,0.0704729505976788,4.585520896452577e-06,6.514037941076084e-05
5.075000000000038e-05,3.3,0.9130678871034524,2.171041575986585,0.9130682766354543,4.976647400772962e-06,0.07047295551559321,4.585520516930102e-06,6.514038072333985e-05
5.085000000000038e-05,3.3,0.9130678910393708,2.171041578338945,0.9130682746104763,4.976647252189894e-06,0.07047295075232443,4.585520900022225e-06,6.514037955879077e-05
5.095000000000038e-05,3.3,0.9130678869795648,2.171041576112035,0.9130682764898598,4.976647392929901e-06,0.07047295541864645,4.585520516014624e-06,6.514038063960171e-05
5.105000000000039e-05,3.3,0.9130678913463952,2.171041577990145,0.9130682748766508,4.976647274006506e-06,0.0704729509091048,4.585520904050655e-06,6.51403797118783e-05
5.115000000000039e-05,3.3,0.9130678870114277,2.171041576129118,0.913068276506493,4.976647391849825e-06,0.07047295538824766,4.585520520930172e-06,6.514038064916975e-05
5.125000000000039e-05,3.3,0.9130678911955225,2.1710415781126,0.9130682747693242,4.976647266357794e-06,0.0704729508908127,4.585520897216874e-06,6.514037965014974e-05
5.135000000000039e-05,3.3,0.9130678866079166,2.171041576543246,0.9130682761566504,4.976647365957016e-06,0.07047295519630106,4.585520513993444e-06,6.514038044796091e-05
5.14500000000004e-05,3.3,0.9130678904740906,2.171041578846154,0.9130682740069864,4.976647220494106e-06,0.07047295056950036,4.585520870839109e-06,6.51403792116932e-05
5.15500000000004e-05,3.3,0.9130678871790094,2.171041576064776,0.9130682765644914,4.976647395846792e-06,0.07047295535296212,4.58552052985904e-06,6.514038068252968e-05
5.16500000000004e-05,3.3,0.913067890527315,2.171041578746813,0.9130682742139993,4.976647226716099e-06,0.07047295070026169,4.585520872973552e-06,6.514037933075483e-05
5.17500000000004e-05,3.3,0.9130678875945597,2.171041575667004,0.913068276903983,4.976647420710485e-06,0.07047295548019325,4.585520543434056e-06,6.514038087778736e-05
5.185000000000041e-05,3.3,0.9130678898966501,2.171041579362606,0.9130682736320911,4.976647188221303e-06,0.07047295046270231,4.585520851953374e-06,6.514037899607227e-05
5.195000000000041e-05,3.3,0.9130678868759207,2.171041576362966,0.9130682761432425,4.976647377206536e-06,0.07047295509969095,4.585520524045257e-06,6.514038044025377e-05
5.205000000000041e-05,3.3,0.9130678910700589,2.171041578237042,0.9130682747503722,4.976647258576927e-06,0.07047295100728962,4.585520882149914e-06,6.514037963924368e-05
5.215000000000041e-05,3.3,0.913067886951027,2.171041576339237,0.9130682762415245,4.976647378677352e-06,0.07047295510950344,4.585520531119416e-06,6.514038049678029e-05
5.225000000000042e-05,3.3,0.9130678906018965,2.171041578604475,0.9130682743068801,4.976647235630887e-06,0.07047295083452602,4.585520865154906e-06,6.51403793841713e-05
5.235000000000042e-05,3.3,0.9130678864981435,2.171041576852027,0.9130682757439357,4.976647346603906e-06,0.07047295485358329,4.585520519261494e-06,6.514038021059587e-05
5.245000000000042e-05,3.3,0.913067890819186,2.171041578360692,0.9130682745632854,4.976647250878123e-06,0.07047295098041834,4.585520869643587e-06,6.514037953164003e-05
5.255000000000042e-05,3.3,0.9130678869590172,2.171041576405309,0.9130682761270111,4.976647374528447e-06,0.07047295500237241,4.585520533973687e-06,6.514038043092059e-05
5.265000000000043e-05,3.3,0.9130678909299199,2.171041578284861,0.9130682746525178,4.97664725560986e-06,0.07047295105100859,4.58552086891015e-06,6.514037958296161e-05
5.275000000000043e-05,3.3,0.9130678871888315,2.171041576106713,0.913068276516062,4.976647393213631e-06,0.07047295515273067,4.58552054902475e-06,6.51403806546815e-05
5.285000000000043e-05,3.3,0.9130678912472584,2.171041577883823,0.9130682750944747,4.976647280702836e-06,0.07047295128499668,4.58552087867626e-06,6.514037983715061e-05
5.295000000000043e-05,3.3,0.9130678865959482,2.171041576798091,0.9130682758615944,4.976647349965499e-06,0.07047295481656898,4.585520533378191e-06,6.514038027826819e-05
5.305000000000044e-05,3.3,0.9130678909589967,2.171041578153856,0.913068274695039,4.97664726382537e-06,0.07047295113072043,4.585520863207587e-06,6.514037960741616e-05
5.315000000000044e-05,3.3,0.9130678872528799,2.171041576169589,0.9130682764303226,4.976647389251166e-06,0.07047295505246912,4.585520553486619e-06,6.514038060536965e-05
5.325000000000044e-05,3.3,0.9130678907654043,2.171041578323105,0.9130682746063252,4.976647253250112e-06,0.07047295111776786,4.585520857317543e-06,6.514037955639135e-05
5.335000000000044e-05,3.3,0.9130678864203615,2.171041576964952,0.9130682756819392,4.976647339536366e-06,0.07047295468100898,4.585520534096526e-06,6.514038017494182e-05
5.345000000000045e-05,3.3,0.9130678905762276,2.171041578495315,0.9130682743753553,4.976647242487896e-06,0.07047295103753155,4.585520847335136e-06,6.514037942355013e-05
5.355000000000045e-05,3.3,0.9130678875349135,2.171041575881277,0.9130682766727506,4.976647407278032e-06,0.07047295511185278,4.585520566827144e-06,6.514038074480238e-05
5.365000000000045e-05,3.3,0.9130678900482679,2.171041579093545,0.913068273960242,4.976647205069741e-06,0.07047295087401827,4.585520831673081e-06,6.514037918479798e-05
5.375000000000045e-05,3.3,0.9130678861653794,2.171041577310123,0.9130682752806702,4.976647317934757e-06,0.07047295444711471,4.585520527713547e-06,6.514037994415677e-05
5.385000000000046e-05,3.3,0.9130678911538398,2.171041577813743,0.9130682750492324,4.976647285124143e-06,0.07047295139892265,4.585520861680222e-06,6.514037981112586e-05
5.395000000000046e-05,3.3,0.9130678869563781,2.171041576587838,0.9130682759851662,4.976647363073407e-06,0.07047295474136019,4.585520552394159e-06,6.514038034934434e-05
5.405000000000046e-05,3.3,0.9130678904713795,2.171041578519058,0.9130682744163511,4.976647241023439e-06,0.07047295113156714,4.585520839866131e-06,6.514037944712552e-05
5.415000000000046e-05,3.3,0.9130678879861366,2.171041575461175,0.9130682770148844,4.976647433534738e-06,0.07047295518950171,4.585520586365996e-06,6.514038094158228e-05
5.425000000000046e-05,3.3,0.91306789080913,2.171041578069942,0.9130682748692209,4.976647269129102e-06,0.0704729513681383,4.58552085023782e-06,6.514037970759102e-05
5.435000000000047e-05,3.3,0.9130678874731625,2.171041576025201,0.9130682764434548,4.976647398260364e-06,0.0704729549005343,4.585520572173115e-06,6.514038061292848e-05
5.445000000000047e-05,3.3,0.9130678912535259,2.171041577708765,0.9130682752293388,4.976647291687762e-06,0.07047295155960663,4.585520858096667e-06,6.514037991471033e-05
5.455000000000047e-05,3.3,0.9130678873753905,2.17104157622473,0.9130682763226818,4.976647385760758e-06,0.07047295481878775,4.585520571580847e-06,6.514038054346656e-05
5.465000000000047e-05,3.3,0.9130678908100631,2.171041578122324,0.9130682748415808,4.976647265840236e-06,0.07047295140314974,4.585520843876968e-06,6.514037969169141e-05
5.475000000000048e-05,3.3,0.9130678880779618,2.1710415754496,0.9130682770237027,4.976647434238974e-06,0.07047295512239041,4.585520594880172e-06,6.514038094665722e-05
5.485000000000048e-05,3.3,0.9130678898117182,2.171041579187827,0.9130682738357107,4.976647199209945e-06,0.07047295096296471,4.585520810967186e-06,6.514037911316977e-05
5.495000000000048e-05,3.3,0.9130678865243,2.171041577033019,0.9130682754356934,4.976647335239585e-06,0.07047295436971111,4.585520549603814e-06,6.514038003332197e-05
5.505000000000048e-05,3.3,0.9130678906724853,2.171041578205456,0.9130682747796748,4.976647260656178e-06,0.07047295142260923,4.585520836458645e-06,6.51403796560851e-05
5.515000000000049e-05,3.3,0.9130678874785636,2.171041576151431,0.9130682763328613,4.976647390336446e-06,0.07047295475764398,4.585520579508716e-06,6.514038054932418e-05
5.525000000000049e-05,3.3,0.9130678905518859,2.171041578385395,0.9130682746800536,4.976647249391502e-06,0.07047295139608122,4.585520831231366e-06,6.514037959878836e-05
5.535000000000049e-05,3.3,0.9130678854134068,2.171041578347636,0.9130682742523479,4.976647253001287e-06,0.07047295377838415,4.585520519412406e-06,6.514037935272919e-05
5.545000000000049e-05,3.3,0.9130678907324064,2.171041578126869,0.9130682748364954,4.97664726557369e-06,0.07047295149672388,4.585520832607615e-06,6.514037968876528e-05
5.55500000000005e-05,3.3,0.9130678869075234,2.171041576788991,0.913068275828034,4.97664735046105e-06,0.07047295447888158,4.585520569710274e-06,6.514038025897638e-05
5.56500000000005e-05,3.3,0.9130678902703665,2.171041578608184,0.9130682743237928,4.976647235477766e-06,0.07047295128036221,4.585520814896625e-06,6.514037939388667e-05
5.57500000000005e-05,3.3,0.9130678856791906,2.171041578098624,0.9130682745670442,4.976647268565195e-06,0.07047295388023937,4.585520533876329e-06,6.514037953372524e-05
5.58500000000005e-05,3.3,0.913067890531148,2.171041578201599,0.9130682747121087,4.976647260933382e-06,0.07047295148605849,4.585520823457725e-06,6.51403796172233e-05
5.595000000000051e-05,3.3,0.9130678882595745,2.171041575451643,0.9130682770387141,4.976647434066052e-06,0.07047295498868471,4.585520611630898e-06,6.514038095529365e-05
5.605000000000051e-05,3.3,0.9130678902391569,2.171041578545299,0.9130682744027366,4.976647239432457e-06,0.07047295136273873,4.585520811939105e-06,6.514037943928935e-05
5.615000000000051e-05,3.3,0.913067885853575,2.171041577951984,0.9130682746780773,4.976647277726218e-06,0.07047295388552677,4.585520542523278e-06,6.514037959758698e-05
5.625000000000051e-05,3.3,0.9130678901620279,2.171041578588347,0.913068274372693,4.976647236749744e-06,0.07047295136949452,4.585520808651216e-06,6.514037942201002e-05
5.635000000000052e-05,3.3,0.9130678860679444,2.171041577862681,0.9130682748268107,4.97664728327798e-06,0.07047295393017217,4.585520549768094e-06,6.51403796831305e-05
5.645000000000052e-05,3.3,0.9130678898661158,2.171041578801099,0.9130682741958477,4.976647223469799e-06,0.07047295131182725,4.585520800583732e-06,6.514037932029729e-05
5.655000000000052e-05,3.3,0.9130678862725304,2.171041577536062,0.9130682751486855,4.976647303728553e-06,0.07047295406232418,4.585520561310199e-06,6.514037986825533e-05
5.665000000000052e-05,3.3,0.9130678900244654,2.171041578688347,0.9130682743405173,4.976647230506945e-06,0.07047295139759863,4.585520802719213e-06,6.514037940350349e-05
5.675000000000053e-05,3.3,0.9130678865135696,2.171041577360139,0.91306827528689,4.976647314710659e-06,0.07047295410061932,4.585520568398502e-06,6.514037994774307e-05
5.685000000000053e-05,3.3,0.9130678899954605,2.171041578650418,0.9130682743540132,4.976647232894927e-06,0.0704729514264044,4.585520800503614e-06,6.514037941126475e-05
5.695000000000053e-05,3.3,0.9130678866972123,2.171041577225783,0.9130682754238348,4.976647323098039e-06,0.07047295414605416,4.5855205745606e-06,6.514038002650616e-05
5.705000000000053e-05,3.3,0.9130678902547181,2.171041578421517,0.9130682744149574,4.976647247197632e-06,0.07047295147169073,4.585520800316157e-06,6.514037944631507e-05
5.715000000000054e-05,3.3,0.9130678863954962,2.171041577511549,0.9130682751872975,4.976647305236725e-06,0.07047295401597549,4.585520569905536e-06,6.514037989046428e-05
5.725000000000054e-05,3.3,0.9130678903716701,2.171041578198544,0.9130682747520655,4.976647261163991e-06,0.07047295164718653,4.585520808122981e-06,6.514037964020118e-05
5.735000000000054e-05,3.3,0.9130678863696017,2.171041577662803,0.9130682751091992,4.976647295749052e-06,0.07047295396006394,4.585520569878983e-06,6.514037984554634e-05
5.745000000000054e-05,3.3,0.9130678899647383,2.171041578543533,0.9130682743422773,4.976647239611494e-06,0.07047295148006182,4.585520793288803e-06,6.514037940451345e-05
5.755000000000055e-05,3.3,0.9130678865971072,2.171041577407835,0.9130682752845303,4.976647311696386e-06,0.07047295402197194,4.585520577322816e-06,6.514037994638725e-05
5.765000000000055e-05,3.3,0.9130678897601353,2.171041578857183,0.9130682741061248,4.976647219974964e-06,0.07047295138745092,4.585520784327523e-06,6.514037926869135e-05
5.775000000000055e-05,3.3,0.913067886971523,2.171041576973554,0.9130682756782557,4.976647338861957e-06,0.07047295418753548,4.585520590982995e-06,6.51403801728367e-05
5.785000000000055e-05,3.3,0.9130678904588053,2.171041578063801,0.913068274759858,4.976647269599193e-06,0.07047295170874172,4.585520801620931e-06,6.514037964468155e-05
5.795000000000055e-05,3.3,0.913067887308356,2.171041576687385,0.9130682760211823,4.976647356740151e-06,0.07047295432458306,4.585520603722906e-06,6.514038037007083e-05
5.805000000000056e-05,3.3,0.9130678897909993,2.171041578749999,0.9130682741123162,4.976647226694766e-06,0.07047295142850209,4.585520780071656e-06,6.514037927225086e-05
5.815000000000056e-05,3.3,0.9130678862080925,2.17104157794208,0.9130682747125931,4.976647278260256e-06,0.07047295370774563,4.58552056601136e-06,6.514037961744303e-05
5.825000000000056e-05,3.3,0.9130678894497523,2.171041579055214,0.9130682739125482,4.976647207622384e-06,0.07047295135259248,4.58552077221494e-06,6.514037915735531e-05
5.835000000000056e-05,3.3,0.9130678872189648,2.171041576829015,0.9130682757728917,4.976647347872884e-06,0.07047295417393251,4.58552060044956e-06,6.514038022726913e-05
5.845000000000057e-05,3.3,0.9130678903598324,2.171041578072729,0.9130682748218168,4.976647269063296e-06,0.07047295178737513,4.585520797687047e-06,6.514037968031551e-05
5.855000000000057e-05,3.3,0.9130678862547718,2.171041577879334,0.9130682748393045,4.976647282187482e-06,0.07047295372834948,4.58552057420589e-06,6.514037969032053e-05
5.865000000000057e-05,3.3,0.9130678900136687,2.17104157839252,0.9130682744736345,4.976647249077227e-06,0.07047295164754876,4.585520784835255e-06,6.514037948005975e-05
5.875000000000057e-05,3.3,0.9130678863490646,2.171041577780755,0.9130682749857644,4.976647288351663e-06,0.07047295377703905,4.585520580790616e-06,6.514037977455626e-05
5.885000000000058e-05,3.3,0.9130678896100034,2.171041578754766,0.9130682741730617,4.976647226440687e-06,0.07047295152372195,4.585520774114269e-06,6.514037930718683e-05
5.895000000000058e-05,3.3,0.913067887213223,2.171041576883407,0.9130682757807141,4.976647344460502e-06,0.07047295412677058,4.585520606576977e-06,6.514038023176813e-05
5.905000000000058e-05,3.3,0.9130678893165701,2.171041579080065,0.9130682738090092,4.976647206095227e-06,0.07047295137349817,4.585520761140718e-06,6.514037909780294e-05
5.915000000000058e-05,3.3,0.913067887187173,2.171041576924351,0.9130682756728759,4.97664734189736e-06,0.07047295406354395,4.585520604897366e-06,6.514038016974684e-05
5.925000000000059e-05,3.3,0.913067888716525,2.171041579800329,0.9130682732119725,4.976647161035252e-06,0.0704729511117255,4.585520741677278e-06,6.514037875441917e-05
5.935000000000059e-05,3.3,0.9130678869368937,2.17104157714204,0.9130682754053563,4.976647328296332e-06,0.07047295392429563,4.585520598706309e-06,6.514038001588561e-05
5.945000000000059e-05,3.3,0.9130678890934153,2.171041579413731,0.9130682736554295,4.976647185206769e-06,0.07047295133109756,4.585520753264106e-06,6.514037900947005e-05
5.955000000000059e-05,3.3,0.9130678868303538,2.171041577308861,0.9130682752588742,4.976647317851976e-06,0.07047295384186017,4.585520596040731e-06,6.514037993163855e-05
5.96500000000006e-05,3.3,0.9130678906039464,2.171041577760159,0.9130682752278378,4.976647288620626e-06,0.07047295207151617,4.585520798648147e-06,6.514037991383222e-05
5.97500000000006e-05,3.3,0.9130678861930908,2.171041578082758,0.9130682745195915,4.976647269435205e-06,0.07047295348389203,4.585520575843813e-06,6.514037950644419e-05
5.98500000000006e-05,3.3,0.9130678902441888,2.17104157814576,0.9130682748771626,4.976647264507017e-06,0.07047295192911994,4.585520785895676e-06,6.514037971214298e-05
5.99500000000006e-05,3.3,0.913067886330189,2.171041578002729,0.9130682746858065,4.976647274424032e-06,0.0704729535476144,4.585520582340521e-06,6.514037960204125e-05
6.005000000000061e-05,3.3,0.9130678902434427,2.171041577970112,0.913068274983035,4.976647275532619e-06,0.07047295199239376,4.585520787387035e-06,6.51403797730349e-05
6.015000000000061e-05,3.3,0.9130678869393539,2.171041577237333,0.913068275421598,4.976647322314659e-06,0.07047295386667185,4.585520606755025e-06,6.514038002522697e-05
6.025000000000061e-05,3.3,0.9130678901245115,2.171041578162032,0.9130682747772495,4.976647263515573e-06,0.07047295191084818,4.58552077966433e-06,6.514037965467829e-05
6.035000000000061e-05,3.3,0.9130678867547075,2.171041577503839,0.9130682752032366,4.976647305632878e-06,0.07047295375331938,4.585520601678433e-06,6.514037989963886e-05
6.045000000000062e-05,3.3,0.9130678901106353,2.171041578085259,0.9130682748594192,4.976647268338048e-06,0.07047295196628726,4.585520780096773e-06,6.514037970193786e-05
6.055000000000062e-05,3.3,0.9130678865353803,2.171041577765205,0.9130682750004784,4.976647289282348e-06,0.07047295364646372,4.585520597151931e-06,6.514037978302343e-05
6.065000000000062e-05,3.3,0.9130678898656898,2.171041578326823,0.9130682745806925,4.976647253236664e-06,0.07047295185242171,4.585520770030231e-06,6.514037954162936e-05
6.075000000000062e-05,3.3,0.9130678868722116,2.171041577539551,0.9130682752442374,4.976647303361576e-06,0.07047295374646331,4.585520605905248e-06,6.514037992322107e-05
6.085000000000063e-05,3.3,0.9130678893467369,2.171041578888428,0.9130682741092928,4.9766472181154e-06,0.07047295164841226,4.585520754351679e-06,6.5140379270506e-05
6.095000000000063e-05,3.3,0.9130678866882088,2.171041577681105,0.9130682750666969,4.976647294522951e-06,0.07047295364808362,4.585520602487247e-06,6.514037982110931e-05
6.105000000000063e-05,3.3,0.9130678889891201,2.171041579307279,0.9130682737276299,4.976647191914069e-06,0.07047295148662844,4.585520741259667e-06,6.514037905099425e-05
6.115000000000063e-05,3.3,0.9130678871858109,2.171041577170819,0.9130682753964959,4.976647326428389e-06,0.07047295378557707,4.585520614046317e-06,6.514038001079263e-05
6.125000000000063e-05,3.3,0.9130678891827159,2.17104157903867,0.9130682738385411,4.976647208725535e-06,0.07047295154845071,4.585520743326266e-06,6.514037911478288e-05
6.135000000000064e-05,3.3,0.9130678870324375,2.171041577358325,0.9130682752187006,4.976647314697558e-06,0.07047295369085325,4.58552061019034e-06,6.514037990853444e-05
6.145000000000064e-05,3.3,0.913067888283166,2.171041580017558,0.9130682729760314,4.976647147507319e-06,0.070472951166024,4.585520715693528e-06,6.514037861871429e-05
6.155000000000064e-05,3.3,0.9130678870081046,2.171041577295995,0.913068275197938,4.976647318616267e-06,0.07047295367134057,4.585520610708088e-06,6.514037989659449e-05
6.165000000000064e-05,3.3,0.9130678887997845,2.171041579511187,0.9130682735756221,4.976647179161684e-06,0.07047295145441411,4.585520732315137e-06,6.514037896356473e-05
6.175000000000065e-05,3.3,0.9130678858855243,2.17104157853599,0.9130682740788327,4.976647241064987e-06,0.07047295314270118,4.58552057861091e-06,6.514037925294754e-05
6.185000000000065e-05,3.3,0.913067890091277,2.171041578043669,0.9130682749306313,4.97664727095228e-06,0.07047295209142482,4.585520771538869e-06,6.514037974289065e-05
6.195000000000065e-05,3.3,0.9130678868318949,2.171041577594295,0.9130682749842448,4.976647299936607e-06,0.07047295354515869,4.585520607512679e-06,6.514037977369126e-05
6.205000000000065e-05,3.3,0.9130678899259456,2.171041578213269,0.9130682748394895,4.97664726034799e-06,0.07047295206024061,4.585520767559042e-06,6.514037969047084e-05
6.215000000000066e-05,3.3,0.913067886314288,2.171041578199259,0.9130682745384149,4.976647262093657e-06,0.07047295332527237,4.585520595817316e-06,6.514037951727426e-05
6.225000000000066e-05,3.3,0.9130678906030032,2.171041577495064,0.9130682753883822,4.976647305259007e-06,0.0704729523285638,4.585520782239462e-06,6.514038000616396e-05
6.235000000000066e-05,3.3,0.913067887534045,2.171041576896594,0.9130682757676619,4.976647343554546e-06,0.0704729538806844,4.585520634009153e-06,6.51403802242686e-05
6.245000000000066e-05,3.3,0.9130678896262115,2.171041578464767,0.9130682745638573,4.976647244636986e-06,0.07047295196342615,4.585520755777158e-06,6.51403795319421e-05
6.255000000000067e-05,3.3,0.9130678876685536,2.171041576708018,0.9130682758764921,4.976647355357975e-06,0.07047295391887856,4.585520638652721e-06,6.51403802868618e-05
6.265000000000067e-05,3.3,0.913067888910508,2.171041579192753,0.9130682737404525,4.9766471991214e-06,0.07047295159451579,4.585520729810434e-06,6.514037905836466e-05
6.275000000000067e-05,3.3,0.9130678869134349,2.171041577594587,0.9130682749940647,4.976647299898365e-06,0.07047295349908522,4.585520613673183e-06,6.514037977934064e-05
6.285000000000067e-05,3.3,0.9130678893771256,2.17104157868398,0.9130682743988375,4.976647230939402e-06,0.07047295190937435,4.58552074827885e-06,6.514037943703025e-05
6.295000000000068e-05,3.3,0.9130678869066025,2.171041577569646,0.913068275022357,4.976647301465787e-06,0.07047295350489381,4.585520615361707e-06,6.514037979561273e-05
6.305000000000068e-05,3.3,0.9130678885987564,2.171041579483681,0.9130682736217118,4.976647180938124e-06,0.07047295156012373,4.585520723912332e-06,6.514037899006991e-05
6.315000000000068e-05,3.3,0.9130678864178697,2.171041578205955,0.913068274433701,4.976647261647879e-06,0.07047295321806564,4.585520599491087e-06,6.51403794570507e-05
6.325000000000068e-05,3.3,0.9130678899487408,2.17104157807437,0.9130682750009256,4.976647269060142e-06,0.07047295221151675,4.585520763501064e-06,6.514037978331865e-05
6.335000000000069e-05,3.3,0.9130678862036447,2.171041578268474,0.9130682743881462,4.976647257777771e-06,0.0704729531836185,4.585520599683826e-06,6.514037943085002e-05
6.345000000000069e-05,3.3,0.9130678903367884,2.171041577715318,0.913068275286507,4.97664729149998e-06,0.07047295235237774,4.58552077099568e-06,6.51403799475695e-05
6.355000000000069e-05,3.3,0.9130678863355788,2.171041578310996,0.9130682744831161,4.976647255075402e-06,0.07047295321725808,4.585520603729091e-06,6.514037948547073e-05
6.36500000000007e-05,3.3,0.913067889560488,2.171041578434579,0.9130682745124699,4.976647246547607e-06,0.07047295200691699,4.58552074643728e-06,6.514037950238545e-05
6.37500000000007e-05,3.3,0.9130678871114104,2.171041577509255,0.9130682752601514,4.976647305205351e-06,0.0704729535655122,4.585520628202872e-06,6.514037993237917e-05
6.38500000000007e-05,3.3,0.9130678893381627,2.171041578614023,0.9130682743955145,4.976647235339824e-06,0.07047295196636008,4.585520741387475e-06,6.514037943511912e-05
6.39500000000007e-05,3.3,0.9130678871393749,2.171041577509938,0.913068275190138,4.976647305155512e-06,0.07047295352121048,4.585520627485126e-06,6.514037989211126e-05
6.40500000000007e-05,3.3,0.9130678890504702,2.171041578918836,0.9130682740835904,4.97664721627902e-06,0.07047295183193159,4.585520730937903e-06,6.514037925571737e-05
6.41500000000007e-05,3.3,0.9130678863054399,2.171041578297702,0.9130682743473781,4.976647255917924e-06,0.07047295312264504,4.585520603346758e-06,6.514037940740326e-05
6.425000000000071e-05,3.3,0.9130678886959128,2.171041579216641,0.9130682738009496,4.976647197675145e-06,0.07047295171482804,4.585520720927719e-06,6.514037909315763e-05
6.435000000000071e-05,3.3,0.9130678871565745,2.171041577474967,0.9130682751137963,4.976647307346611e-06,0.07047295346962691,4.585520627077946e-06,6.514037984820518e-05
6.445000000000071e-05,3.3,0.9130678891921638,2.171041578797419,0.9130682741107045,4.976647223864311e-06,0.07047295185938852,4.585520730004128e-06,6.514037927131038e-05
6.455000000000072e-05,3.3,0.913067887394573,2.171041577203967,0.9130682753818858,4.976647324297485e-06,0.07047295357621143,4.585520637094742e-06,6.51403800023955e-05
6.465000000000072e-05,3.3,0.9130678900232287,2.171041577913015,0.9130682749860939,4.976647279168759e-06,0.0704729522712902,4.58552075531023e-06,6.51403797747867e-05
6.475000000000072e-05,3.3,0.9130678874311298,2.171041577230188,0.9130682754289136,4.976647322642458e-06,0.07047295359471911,4.585520638885039e-06,6.514038002944337e-05
6.485000000000072e-05,3.3,0.9130678899263199,2.171041577968545,0.9130682750559207,4.976647275707547e-06,0.07047295232139034,4.585520755349158e-06,6.514037981494656e-05
6.495000000000072e-05,3.3,0.9130678871689704,2.171041577583022,0.9130682751277643,4.976647300561216e-06,0.07047295343944815,4.58552063175819e-06,6.514037985623886e-05
6.505000000000073e-05,3.3,0.9130678889310337,2.171041578928787,0.9130682740874895,4.976647215683932e-06,0.07047295188349922,4.585520725288376e-06,6.514037925795844e-05
6.515000000000073e-05,3.3,0.9130678861621432,2.171041578545372,0.913068274174483,4.976647240408412e-06,0.07047295299295163,4.585520603961674e-06,6.514037930796486e-05
6.525000000000073e-05,3.3,0.9130678889478955,2.171041579002664,0.9130682739956322,4.97664721104216e-06,0.07047295185203972,4.585520721267272e-06,6.514037920512714e-05
6.535000000000073e-05,3.3,0.9130678864376283,2.171041578344575,0.9130682743619934,4.976647252943124e-06,0.07047295307428147,4.585520610180813e-06,6.514037941581078e-05
6.545000000000074e-05,3.3,0.913067889058814,2.171041578769336,0.9130682741964231,4.976647225660168e-06,0.0704729519507121,4.585520726581239e-06,6.514037932061104e-05
6.555000000000074e-05,3.3,0.9130678872194063,2.171041577488225,0.9130682751882125,4.97664730649937e-06,0.07047295344619176,4.585520636016252e-06,6.514037989100692e-05
6.565000000000074e-05,3.3,0.9130678905275429,2.171041577216083,0.9130682757508464,4.976647322787607e-06,0.07047295267241944,4.585520772644698e-06,6.514038021462917e-05
6.575000000000074e-05,3.3,0.9130678871289271,2.171041577566698,0.9130682751638879,4.976647301596439e-06,0.07047295342313402,4.585520636666069e-06,6.514037987701511e-05
6.585000000000075e-05,3.3,0.9130678885931346,2.171041579162867,0.9130682738426431,4.976647201075511e-06,0.0704729518086771,4.585520713527954e-06,6.514037911713617e-05
6.595000000000075e-05,3.3,0.9130678864419431,2.171041578459009,0.9130682742157309,4.976647245759218e-06,0.07047295297297781,4.585520609711601e-06,6.514037933168842e-05
6.605000000000075e-05,3.3,0.9130678887732232,2.171041578958455,0.9130682739956162,4.976647213860971e-06,0.07047295188667864,4.585520717245061e-06,6.514037920511715e-05
6.615000000000075e-05,3.3,0.9130678864776163,2.171041578303202,0.913068274463604,4.976647255530388e-06,0.07047295308118037,4.585520617868088e-06,6.514037947425163e-05
6.625000000000076e-05,3.3,0.9130678892238173,2.171041578499803,0.9130682744278058,4.976647242536816e-06,0.0704729520959221,4.585520729054419e-06,6.514037945368911e-05
6.635000000000076e-05,3.3,0.9130678870008683,2.171041577866639,0.9130682749071597,4.97664728280173e-06,0.0704729532763293,4.58552063226397e-06,6.514037972936066e-05
6.645000000000076e-05,3.3,0.9130678892302964,2.171041578564239,0.9130682744391396,4.976647238490358e-06,0.07047295210488108,4.58552072897231e-06,6.5140379460207e-05
6.655000000000076e-05,3.3,0.9130678872053335,2.171041577571899,0.9130682751177859,4.976647301251164e-06,0.07047295336447965,4.585520639610954e-06,6.514037985050124e-05
6.665000000000077e-05,3.3,0.913067889941016,2.171041577769652,0.9130682752135147,4.97664728818737e-06,0.07047295247301633,4.585520750920891e-06,6.51403799055837e-05
6.675000000000077e-05,3.3,0.9130678868116281,2.171041578025516,0.9130682747450349,4.976647272876831e-06,0.07047295318445873,4.585520629382328e-06,6.514037963611514e-05
6.685000000000077e-05,3.3,0.9130678893933665,2.171041578366094,0.9130682745168348,4.976647250886788e-06,0.07047295216150122,4.585520728876657e-06,6.514037950489294e-05
6.695000000000077e-05,3.3,0.9130678873963143,2.171041577440007,0.9130682753188479,4.976647309482002e-06,0.07047295343980048,4.585520647668474e-06,6.514037996614134e-05
6.705000000000078e-05,3.3,0.9130678892421673,2.171041578477272,0.9130682744891693,4.976647243946071e-06,0.07047295215583274,4.585520727236828e-06,6.514037948897967e-05
6.715000000000078e-05,3.3,0.9130678869768258,2.171041577951967,0.9130682747818258,4.976647277452046e-06,0.07047295318144164,4.585520632796492e-06,6.514037965727676e-05
6.725000000000078e-05,3.3,0.9130678890532546,2.17104157861235,0.9130682743451168,4.976647235514736e-06,0.07047295209061383,4.585520722773337e-06,6.51403794061287e-05
6.735000000000078e-05,3.3,0.913067886859373,2.171041578006264,0.9130682747195739,4.976647274073614e-06,0.07047295314959448,4.585520631292225e-06,6.514037962147288e-05
6.745000000000079e-05,3.3,0.913067889711268,2.171041577904858,0.9130682749791382,4.976647279758032e-06,0.07047295239511243,4.585520740378128e-06,6.51403797707832e-05
6.755000000000079e-05,3.3,0.9130678869929028,2.17104157784592,0.9130682748704902,4.976647284104729e-06,0.07047295320720151,4.585520637206958e-06,6.514037970827181e-05
6.765000000000079e-05,3.3,0.9130678896652267,2.171041577958225,0.9130682748847312,4.976647276419657e-06,0.07047295235654129,4.585520736964837e-06,6.514037971648544e-05
6.775000000000079e-05,3.3,0.9130678871658986,2.171041577776891,0.91306827491177,4.976647288394198e-06,0.07047295322171673,4.585520638965261e-06,6.514037973201369e-05
6.78500000000008e-05,3.3,0.9130678896416623,2.171041577936037,0.9130682749182264,4.976647277818416e-06,0.07047295238168867,4.585520736847076e-06,6.514037973575017e-05
6.79500000000008e-05,3.3,0.9130678872566946,2.171041577681258,0.913068275043271,4.9766472943743e-06,0.07047295327467852,4.585520643805206e-06,6.514037980764585e-05
6.80500000000008e-05,3.3,0.9130678888005734,2.171041578815017,0.9130682740886097,4.976647222856652e-06,0.07047295200961748,4.585520710749846e-06,6.514037925859971e-05
6.81500000000008e-05,3.3,0.9130678870340734,2.171041577873853,0.9130682748654944,4.976647282341434e-06,0.07047295318559839,4.585520639297266e-06,6.514037970539839e-05
6.82500000000008e-05,3.3,0.9130678893287213,2.171041578264439,0.9130682746665556,4.976647257283215e-06,0.07047295227931367,4.585520727722518e-06,6.514037959100264e-05
6.835000000000081e-05,3.3,0.9130678875082133,2.171041577484745,0.913068275301937,4.976647306646164e-06,0.07047295337962955,4.585520653234953e-06,6.514037995641647e-05
6.845000000000081e-05,3.3,0.9130678897548282,2.171041577791977,0.913068275104531,4.976647286832118e-06,0.07047295249233881,4.58552073957517e-06,6.514037984290092e-05
6.855000000000081e-05,3.3,0.9130678874036626,2.17104157753875,0.9130682752041893,4.97664730328276e-06,0.07047295332697895,4.585520651174138e-06,6.51403799001973e-05
6.865000000000081e-05,3.3,0.9130678889687529,2.171041578566209,0.9130682743930243,4.976647238431711e-06,0.0704729521672902,4.585520717885173e-06,6.514037943368241e-05
6.875000000000082e-05,3.3,0.9130678881404494,2.171041576804654,0.9130682758909957,4.976647349176416e-06,0.07047295363603297,4.585520672659042e-06,6.514038029521087e-05
6.885000000000082e-05,3.3,0.9130678899116751,2.17104157767858,0.9130682751210377,4.976647293910147e-06,0.07047295251098798,4.585520738776693e-06,6.514037985239459e-05
6.895000000000082e-05,3.3,0.9130678872647086,2.171041577785382,0.9130682749965692,4.976647287836835e-06,0.07047295322024882,4.58552064622538e-06,6.514037978078706e-05
6.905000000000082e-05,3.3,0.9130678898605792,2.171041577642038,0.9130682751766338,4.976647296216836e-06,0.07047295254504661,4.585520739471675e-06,6.51403798843704e-05
6.915000000000083e-05,3.3,0.9130678875423147,2.171041577455946,0.9130682752937245,4.976647308445645e-06,0.07047295334549059,4.585520656500884e-06,6.514037995169306e-05
6.925000000000083e-05,3.3,0.9130678900013001,2.171041577435124,0.9130682754297561,4.976647309169562e-06,0.0704729526656011,4.585520746627951e-06,6.51403800299525e-05
6.935000000000083e-05,3.3,0.9130678880164927,2.171041577012649,0.9130682756983467,4.976647336151952e-06,0.07047295352789752,4.585520669118363e-06,6.514038018440978e-05
6.945000000000083e-05,3.3,0.9130678899043683,2.171041577568669,0.9130682753277614,4.976647300811173e-06,0.07047295262700998,4.585520742594347e-06,6.514037997129093e-05
6.955000000000084e-05,3.3,0.9130678875057414,2.171041577469939,0.913068275273785,4.97664730757671e-06,0.07047295332442281,4.585520657277731e-06,6.514037994022639e-05
6.965000000000084e-05,3.3,0.913067888555729,2.171041578992218,0.913068273956015,4.976647211794892e-06,0.0704729520029262,4.585520700467213e-06,6.514037918233702e-05
6.975000000000084e-05,3.3,0.9130678866210435,2.171041578464942,0.9130682742099059,4.976647245343343e-06,0.07047295282589716,4.585520626271301e-06,6.514037932834184e-05
6.985000000000084e-05,3.3,0.9130678888544134,2.171041578598962,0.9130682743042527,4.976647236403992e-06,0.07047295216729997,4.585520710468593e-06,6.514037938262426e-05
6.995000000000085e-05,3.3,0.9130678870113285,2.171041578171596,0.9130682746295705,4.976647263658411e-06,0.07047295301362234,4.58552063955104e-06,6.514037956971026e-05
7.005000000000085e-05,3.3,0.9130678896006597,2.17104157780566,0.9130682750338668,4.976647286011528e-06,0.07047295251055755,4.585520731559006e-06,6.514037980225858e-05
7.015000000000085e-05,3.3,0.9130678873979475,2.171041577725795,0.9130682750977532,4.976647291543959e-06,0.07047295322480639,4.585520654145641e-06,6.514037983898262e-05
7.025000000000085e-05,3.3,0.9130678894698218,2.171041577878203,0.9130682749927649,4.976647281490883e-06,0.07047295249806114,4.585520729582137e-06,6.51403797786191e-05
7.035000000000086e-05,3.3,0.9130678877426077,2.171041577344059,0.9130682753871283,4.976647315418752e-06,0.07047295334906578,4.58552066387745e-06,6.51403800054153e-05
7.045000000000086e-05,3.3,0.9130678890272146,2.171041578435266,0.9130682744480663,4.97664724663555e-06,0.07047295225422223,4.585520712392415e-06,6.514037946533812e-05
7.055000000000086e-05,3.3,0.913067887726096,2.171041577402607,0.9130682753479623,4.976647311747781e-06,0.07047295332940401,4.585520662891383e-06,6.514037998288991e-05
7.065000000000086e-05,3.3,0.9130678889067891,2.17104157851977,0.9130682744155647,4.97664724136144e-06,0.07047295224182844,4.585520711123717e-06,6.514037944664354e-05
7.075000000000087e-05,3.3,0.9130678872461888,2.171041577854927,0.9130682748670035,4.976647283477029e-06,0.07047295309743967,4.58552064963794e-06,6.514037970626948e-05
7.085000000000087e-05,3.3,0.9130678889063488,2.171041578523026,0.9130682744009776,4.97664724115709e-06,0.07047295224426033,4.585520709623144e-06,6.514037943825367e-05
7.095000000000087e-05,3.3,0.9130678876979993,2.171041577439279,0.9130682752824912,4.976647309453342e-06,0.07047295328782495,4.585520662243268e-06,6.514037994523534e-05
7.105000000000087e-05,3.3,0.9130678893969534,2.171041578030457,0.9130682749508787,4.976647271951838e-06,0.07047295250078567,4.585520725786496e-06,6.514037975452694e-05
7.115000000000088e-05,3.3,0.91306788804759,2.171041577116381,0.9130682756064517,4.976647329633642e-06,0.07047295343314962,4.585520672433356e-06,6.514038013155982e-05
7.125000000000088e-05,3.3,0.9130678898892868,2.171041577486999,0.913068275409881,4.976647305940583e-06,0.07047295271637569,4.585520739088911e-06,6.514038001851927e-05
7.135000000000088e-05,3.3,0.9130678874356167,2.171041577706482,0.9130682749929717,4.976647292747219e-06,0.0704729531402377,4.585520655185949e-06,6.514037977871952e-05
7.145000000000088e-05,3.3,0.913067889277248,2.17104157804209,0.9130682748655709,4.976647271251716e-06,0.07047295247532424,4.585520721608812e-06,6.51403797054625e-05
7.155000000000089e-05,3.3,0.9130678878908748,2.171041577290925,0.9130682753432372,4.976647318717141e-06,0.07047295330063715,4.585520665814649e-06,6.514037998017302e-05
7.165000000000089e-05,3.3,0.9130678898575895,2.171041577512786,0.9130682754120814,4.976647304329788e-06,0.07047295273238419,4.585520737421754e-06,6.514038001978484e-05
7.175000000000089e-05,3.3,0.9130678873864443,2.17104157774538,0.9130682749811848,4.976647290318351e-06,0.07047295312553703,4.585520655909994e-06,6.514037977194034e-05
7.185000000000089e-05,3.3,0.9130678892712691,2.171041577954286,0.9130682749393731,4.976647276764604e-06,0.07047295252142431,4.585520722422587e-06,6.514037974790957e-05
7.19500000000009e-05,3.3,0.9130678873248383,2.171041577963225,0.9130682747249739,4.976647276659568e-06,0.0704729530000064,4.585520649073632e-06,6.514037962458183e-05
7.20500000000009e-05,3.3,0.913067889084478,2.171041578255319,0.9130682745897841,4.976647257915807e-06,0.07047295236555838,4.585520711309005e-06,6.514037954684495e-05
7.21500000000009e-05,3.3,0.9130678872995741,2.171041577918064,0.9130682748857203,4.976647279500931e-06,0.07047295307309859,4.585520654032637e-06,6.51403797170343e-05
7.22500000000009e-05,3.3,0.9130678888366764,2.171041578442567,0.913068274408773,4.976647246224475e-06,0.0704729522850826,4.585520705532177e-06,6.514037944273724e-05
7.23500000000009e-05,3.3,0.9130678877414952,2.171041577543758,0.9130682752930206,4.976647302884686e-06,0.07047295325353725,4.585520667111806e-06,6.514037995129134e-05
7.245000000000091e-05,3.3,0.9130678891788109,2.171041578137473,0.9130682747784361,4.976647265289065e-06,0.07047295245913877,4.58552071621498e-06,6.514037965534658e-05
7.255000000000091e-05,3.3,0.9130678870226745,2.171041578249418,0.9130682745940126,4.976647258771698e-06,0.07047295292778491,4.58552064653865e-06,6.514037954926144e-05
7.265000000000091e-05,3.3,0.913067889164124,2.171041578142794,0.9130682746915901,4.976647264958715e-06,0.070472952425493,4.585520712856097e-06,6.514037960539753e-05
7.275000000000091e-05,3.3,0.9130678878669318,2.171041577318524,0.9130682753603144,4.976647316991315e-06,0.07047295327636259,4.585520670059068e-06,6.514037998999498e-05
7.285000000000092e-05,3.3,0.9130678889650158,2.171041578308791,0.9130682746502529,4.976647254589047e-06,0.07047295240919,4.585520711313792e-06,6.514037958162267e-05
7.295000000000092e-05,3.3,0.9130678874006811,2.171041577864576,0.9130682748986865,4.976647282833107e-06,0.07047295305636192,4.58552065704843e-06,6.514037972449321e-05
7.305000000000092e-05,3.3,0.9130678884202259,2.17104157882938,0.9130682741321167,4.976647222049052e-06,0.07047295217306786,4.585520695444292e-06,6.514037928361885e-05
7.315000000000092e-05,3.3,0.9130678868978629,2.171041578411873,0.9130682742780004,4.976647248606108e-06,0.07047295276406389,4.58552063912191e-06,6.514037936750838e-05
7.325000000000093e-05,3.3,0.9130678891484856,2.171041578204895,0.9130682746869142,4.976647261064205e-06,0.07047295243623836,4.585520711228563e-06,6.514037960270812e-05
7.335000000000093e-05,3.3,0.9130678874055391,2.171041577846396,0.9130682748806751,4.976647283973319e-06,0.07047295303909842,4.585520657541117e-06,6.51403797141341e-05
7.345000000000093e-05,3.3,0.9130678889866739,2.171041578186448,0.9130682747231041,4.976647262263e-06,0.07047295245883768,4.585520711631783e-06,6.514037962352272e-05
7.355000000000093e-05,3.3,0.9130678882937207,2.171041577015842,0.9130682757411065,4.976647335883281e-06,0.0704729534310879,4.585520683912983e-06,6.514038020900727e-05
7.365000000000094e-05,3.3,0.9130678891875919,2.171041578073151,0.9130682749337596,4.976647269323804e-06,0.07047295255729609,4.58552071781218e-06,6.514037974467938e-05
7.375000000000094e-05,3.3,0.9130678873698906,2.171041577987649,0.9130682747350503,4.976647275115867e-06,0.07047295296709677,4.585520653734272e-06,6.514037963037864e-05
7.385000000000094e-05,3.3,0.9130678891673865,2.171041577978449,0.913068274916985,4.97664727527334e-06,0.07047295255368881,4.585520716814683e-06,6.514037973503166e-05
7.395000000000094e-05,3.3,0.913067887278719,2.171041578024239,0.9130682747369381,4.976647272842165e-06,0.07047295296176483,4.585520654514904e-06,6.514037963146452e-05
7.405000000000095e-05,3.3,0.9130678892168467,2.171041578095093,0.913068274766391,4.976647267938909e-06,0.07047295249074433,4.585520711538959e-06,6.514037964841804e-05
7.415000000000095e-05,3.3,0.9130678874900973,2.171041577910142,0.9130682747956393,4.976647279950774e-06,0.07047295298240157,4.585520657013351e-06,6.514037966522613e-05
7.425000000000095e-05,3.3,0.9130678887892623,2.171041578353358,0.9130682745279783,4.97664725183544e-06,0.07047295238658584,4.585520703719608e-06,6.514037951129616e-05
7.435000000000095e-05,3.3,0.9130678876202935,2.171041577724987,0.9130682750590172,4.976647291540245e-06,0.0704729531005317,4.585520665311077e-06,6.514037981670675e-05
7.445000000000096e-05,3.3,0.9130678888028742,2.171041578368992,0.913068274517636,4.976647250850619e-06,0.07047295238676417,4.585520702836653e-06,6.514037950534775e-05
7.455000000000096e-05,3.3,0.9130678875864398,2.171041577837758,0.9130682748940318,4.976647284470201e-06,0.07047295302103253,4.585520660750381e-06,6.514037972181609e-05
7.465000000000096e-05,3.3,0.9130678894357405,2.171041577722899,0.9130682751672629,4.976647291246306e-06,0.07047295268939245,4.58552072197079e-06,6.514037987897623e-05
7.475000000000096e-05,3.3,0.9130678873361436,2.171041577943742,0.9130682748341215,4.976647277880794e-06,0.07047295298567835,4.585520659854771e-06,6.514037968735892e-05
7.485000000000097e-05,3.3,0.9130678890176152,2.171041578182926,0.9130682746713664,4.976647262475714e-06,0.07047295246202784,4.585520706936906e-06,6.514037959376509e-05
7.495000000000097e-05,3.3,0.9130678880252049,2.17104157732264,0.9130682754217299,4.976647316693629e-06,0.07047295325441785,4.585520677736522e-06,6.514038002531932e-05
7.505000000000097e-05,3.3,0.9130678887582013,2.171041578469934,0.9130682745373706,4.976647244525448e-06,0.07047295240539683,4.585520702340962e-06,6.514037951669665e-05
7.515000000000097e-05,3.3,0.9130678875493554,2.171041577835271,0.9130682748868335,4.976647284635779e-06,0.0704729530034556,4.585520662185266e-06,6.514037971767748e-05
7.525000000000098e-05,3.3,0.9130678890921767,2.171041578031748,0.9130682748437222,4.976647271946296e-06,0.07047295254879245,4.585520711265956e-06,6.514037969289333e-05
7.535000000000098e-05,3.3,0.9130678879689554,2.171041577531409,0.9130682751202756,4.976647303603522e-06,0.07047295311016152,4.585520669287761e-06,6.514037985194068e-05
7.545000000000098e-05,3.3,0.9130678899195522,2.171041577188269,0.9130682756638789,4.976647324682816e-06,0.07047295293314745,4.585520735154533e-06,6.514038016460282e-05
7.555000000000098e-05,3.3,0.9130678877569217,2.171041577667074,0.9130682750678847,4.97664729514136e-06,0.07047295308008718,4.58552066841306e-06,6.514037982180674e-05
7.565000000000099e-05,3.3,0.9130678891892882,2.171041577972843,0.9130682748695365,4.976647275619093e-06,0.07047295257109813,4.585520710830649e-06,6.51403797077404e-05
7.575000000000099e-05,3.3,0.9130678881450793,2.171041577315746,0.9130682753971906,4.976647317096362e-06,0.07047295322650493,4.58552067891918e-06,6.51403800112056e-05
7.585000000000099e-05,3.3,0.9130678887707131,2.171041578368664,0.9130682746130867,4.976647250879022e-06,0.07047295245732235,4.585520702637537e-06,6.514037956024439e-05
7.595000000000099e-05,3.3,0.91306788757139,2.171041577897477,0.9130682748641384,4.976647280725832e-06,0.0704729529782454,4.585520663218907e-06,6.514037970462456e-05
7.6050000000001e-05,3.3,0.9130678885503593,2.171041578539529,0.9130682744128037,4.976647240209271e-06,0.07047295236898661,4.585520696158794e-06,6.51403794450525e-05
7.6150000000001e-05,3.3,0.9130678876186428,2.171041577871001,0.9130682749100336,4.976647282375907e-06,0.07047295299656235,4.585520664928684e-06,6.514037973102095e-05
7.6250000000001e-05,3.3,0.9130678892251591,2.17104157787041,0.9130682750693765,4.976647282039603e-06,0.070472952673357,4.585520715668348e-06,6.51403798226773e-05
7.6350000000001e-05,3.3,0.913067887198219,2.171041578173551,0.9130682745984677,4.976647263490941e-06,0.07047295284760179,4.585520656192773e-06,6.514037955182521e-05
7.6450000000001e-05,3.3,0.9130678897159402,2.171041577305366,0.9130682755468392,4.976647317383749e-06,0.07047295289909665,4.585520729335071e-06,6.514038009728792e-05
7.655000000000101e-05,3.3,0.9130678879560619,2.1710415774779,0.9130682753400514,4.976647306965824e-06,0.07047295318799834,4.585520678628887e-06,6.514037997834221e-05
7.665000000000101e-05,3.3,0.9130678894078562,2.171041577606403,0.9130682752034821,4.976647298565293e-06,0.07047295274295805,4.585520718773859e-06,6.514037989980757e-05
7.675000000000101e-05,3.3,0.9130678877116838,2.171041577687553,0.9130682750760057,4.976647293867555e-06,0.07047295305924915,4.58552067150942e-06,6.514037982647914e-05
7.685000000000101e-05,3.3,0.9130678885244461,2.17104157855379,0.9130682743093103,4.976647239320417e-06,0.07047295233420958,4.585520691540859e-06,6.514037938552867e-05
7.695000000000102e-05,3.3,0.913067887555637,2.171041577864693,0.9130682749251433,4.976647282787974e-06,0.07047295298883616,4.585520667085794e-06,6.514037973971118e-05
7.705000000000102e-05,3.3,0.9130678881255939,2.17104157896748,0.9130682739556555,4.976647213453479e-06,0.07047295217526582,4.585520680460215e-06,6.514037918212576e-05
7.715000000000102e-05,3.3,0.9130678882082832,2.171041577250941,0.9130682753976228,4.976647321148771e-06,0.07047295320275579,4.585520681698667e-06,6.514038001145561e-05
7.725000000000102e-05,3.3,0.9130678891081289,2.171041578013181,0.9130682748514832,4.976647273107022e-06,0.07047295258912421,4.585520707237668e-06,6.514037969735554e-05
7.735000000000103e-05,3.3,0.9130678869487795,2.171041578625485,0.913068274175668,4.976647235186214e-06,0.07047295263725481,4.585520645295702e-06,6.514037930865548e-05
7.745000000000103e-05,3.3,0.9130678894445295,2.171041577632343,0.9130682752570382,4.976647296927512e-06,0.07047295277986701,4.585520718976324e-06,6.514037993060858e-05
7.755000000000103e-05,3.3,0.9130678874278793,2.171041578103603,0.9130682746873163,4.976647267824047e-06,0.0704729528673971,4.585520661314712e-06,6.514037960292604e-05
7.765000000000103e-05,3.3,0.9130678889479421,2.171041578118506,0.9130682747816561,4.976647266536243e-06,0.07047295256496237,4.585520704217226e-06,6.514037965719627e-05
7.775000000000104e-05,3.3,0.9130678882051285,2.171041577346868,0.913068275365457,4.976647315128319e-06,0.07047295317997096,4.585520681664124e-06,6.514037999295567e-05
7.785000000000104e-05,3.3,0.9130678890092344,2.171041577947207,0.9130682749629081,4.976647277273162e-06,0.07047295264950984,4.585520709543913e-06,6.514037976144259e-05
7.795000000000104e-05,3.3,0.9130678876272388,2.171041577990313,0.9130682748513438,4.976647274884843e-06,0.07047295294068036,4.585520666516182e-06,6.514037969726575e-05
7.805000000000104e-05,3.3,0.9130678893682713,2.171041577700837,0.9130682751011572,4.976647292647214e-06,0.07047295271776328,4.585520713154192e-06,6.514037984095596e-05
7.815000000000105e-05,3.3,0.9130678882806158,2.171041577213259,0.9130682755473647,4.976647323495963e-06,0.07047295325645188,4.585520687986189e-06,6.514038009757898e-05
7.825000000000105e-05,3.3,0.9130678891682775,2.171041577765021,0.913068275123792,4.976647288668764e-06,0.07047295272975655,4.585520713665298e-06,6.514037985397265e-05
7.835000000000105e-05,3.3,0.9130678879347788,2.171041577682646,0.9130682750701931,4.976647294119796e-06,0.07047295303755297,4.585520673538055e-06,6.514037982313592e-05
7.845000000000105e-05,3.3,0.9130678885699784,2.171041578435745,0.9130682744512306,4.976647246718169e-06,0.07047295242191398,4.585520693221814e-06,6.514037946715364e-05
7.855000000000106e-05,3.3,0.9130678879656138,2.171041577568553,0.9130682752199235,4.976647301273779e-06,0.0704729531031783,4.585520678431738e-06,6.514037990925269e-05
7.865000000000106e-05,3.3,0.9130678892953089,2.171041577703573,0.9130682752074447,4.976647292493652e-06,0.07047295277511137,4.585520715392167e-06,6.514037990208518e-05
7.875000000000106e-05,3.3,0.9130678878868261,2.171041577609631,0.91306827509876,4.976647298715216e-06,0.07047295304394315,4.585520675174773e-06,6.514037983956613e-05
7.885000000000106e-05,3.3,0.9130678882483456,2.17104157877767,0.9130682741766842,4.976647225336424e-06,0.07047295230532195,4.585520683835081e-06,6.51403793092495e-05
7.895000000000107e-05,3.3,0.9130678880832177,2.171041577469074,0.9130682751621262,4.976647307488602e-06,0.07047295306687383,4.585520677793582e-06,6.514037987601243e-05
7.905000000000107e-05,3.3,0.9130678890986988,2.171041577888846,0.9130682751078878,4.976647280913439e-06,0.07047295273438178,4.585520711817391e-06,6.514037984482545e-05
7.915000000000107e-05,3.3,0.9130678874674659,2.171041578184453,0.9130682745061439,4.976647262739433e-06,0.07047295276162661,4.585520658441372e-06,6.514037949872723e-05
7.925000000000107e-05,3.3,0.9130678898914475,2.17104157703558,0.9130682758541131,4.976647334273287e-06,0.07047295308032925,4.585520733976029e-06,6.514038027401359e-05
7.935000000000107e-05,3.3,0.9130678873438864,2.171041578239483,0.9130682746139319,4.976647259316298e-06,0.07047295281231185,4.585520661584635e-06,6.514037956071938e-05
7.945000000000108e-05,3.3,0.9130678895600995,2.171041577345887,0.9130682754546233,4.976647314878846e-06,0.07047295290287692,4.585520721195101e-06,6.514038004424884e-05
7.955000000000108e-05,3.3,0.9130678886443052,2.171041576886298,0.9130682759127055,4.976647343928011e-06,0.07047295340188804,4.585520701620835e-06,6.514038030770322e-05
7.965000000000108e-05,3.3,0.9130678888273618,2.171041578132291,0.9130682747757536,4.976647265700858e-06,0.07047295259261022,4.585520700521773e-06,6.514037965379988e-05
7.975000000000108e-05,3.3,0.913067887960824,2.171041577654331,0.9130682751211141,4.976647295890911e-06,0.07047295303714193,4.585520677837309e-06,6.514037985242293e-05
7.985000000000109e-05,3.3,0.9130678879978054,2.171041578911852,0.9130682739805613,4.976647216976812e-06,0.07047295222264852,4.585520677042276e-06,6.514037919645022e-05
7.995000000000109e-05,3.3,0.9130678883460436,2.171041577222873,0.9130682753905155,4.976647322876414e-06,0.07047295315793492,4.585520686294799e-06,6.514038000736943e-05
7.999999999999999e-05,3.3,0.9130678882036494,2.171041578766627,0.9130682740534178,4.976647226040536e-06,0.07047295225799273,4.585520679014269e-06,6.514037923835181e-05
