time,v(vapwr),v(iref),v(xref.vbiasp),v(xref.vbiasn),@m.xref.xm1.msky130_fd_pr__pfet_g5v0d10v5[id],v(xref.net1),@m.xref.xm39.msky130_fd_pr__nfet_g5v0d10v5[id],@m.xref.xm42.msky130_fd_pr__nfet_g5v0d10v5[gm]
1e-09,0.0003300000000000001,0.0001548882045121041,0.0002665377982633199,9.394679271133742e-05,1.183360823930404e-18,2.424644114611747e-06,6.925001082392093e-15,2.228925653014674e-14
2e-09,0.0006600000000000002,0.0003097433515188892,0.0005332001924655996,0.0001875437497624014,2.364666412943643e-18,2.784539673894158e-06,1.387619219456905e-14,4.450972104079883e-14
4e-09,0.00132,0.0006193571915684376,0.0010669456932508,0.0003741384826185259,4.721000490816666e-18,2.998010921011721e-06,2.770861340107937e-14,8.885064237654142e-14
8e-09,0.002640000000000001,0.00123822312961476,0.002136036665335851,0.0007452108277849187,9.407777961881029e-18,3.064376761025022e-06,5.504575667285662e-14,1.771961701162045e-13
1.6e-08,0.005280000000000002,0.002474657653489077,0.004279853303405326,0.001480134916026994,1.867222779911134e-17,3.422078392647772e-06,1.083357447574309e-13,3.528201862365296e-13
3.2e-08,0.01056,0.004943286807989473,0.008585022944624756,0.002927942058867423,3.672774214412821e-17,3.719045567756352e-06,2.092890398250701e-13,7.013153448994731e-13
6.4e-08,0.02112000000000001,0.009868888272569551,0.01724009358409403,0.005769735434833142,7.073141445090768e-17,4.188834843261633e-06,3.889682073903794e-13,1.394931124031205e-12
1e-07,0.03300000000000001,0.01539918042115791,0.02701608458212206,0.008922243613148292,1.053282530704912e-16,4.260883795760093e-06,5.592566421635338e-13,2.179116853050812e-12
1.064e-07,0.03511200000000001,0.01638156871575241,0.0287566521079115,0.009479841744278808,1.11060682515435e-16,4.31721569744987e-06,5.864917820724896e-13,2.319435657037477e-12
1.192e-07,0.03933600000000001,0.01834584347733164,0.03223950184215015,0.01059321344342379,1.22148042496021e-16,4.376214300286956e-06,6.385823545484262e-13,2.601080309299754e-12
1.448e-07,0.04778400000000001,0.02227277165720674,0.03921067201916711,0.01281418983327381,1.428451149737387e-16,4.408867265886648e-06,7.344277082968667e-13,3.168818841258243e-12
1.96e-07,0.06468000000000003,0.03012236380446678,0.05316780865158937,0.01724071556276644,1.788259980666847e-16,4.494957061388893e-06,9.013952551919428e-13,4.324699081659196e-12
2.960000000000001e-07,0.09768000000000003,0.04544547764691427,0.0804586989164371,0.02585326439590151,2.342561867627449e-16,4.537363544409387e-06,1.180720088076542e-12,6.677624141379036e-12
3.960000000000001e-07,0.13068,0.0607635058911106,0.1077707254720938,0.0344403571145641,2.812620835583901e-16,4.595809441749819e-06,1.450303243641197e-12,9.192636895231549e-12
4.960000000000001e-07,0.16368,0.07607760833987441,0.1350950769143357,0.04300906216323842,3.281551328443716e-16,4.615218330982974e-06,1.740377965940748e-12,1.192424409360001e-11
5.960000000000001e-07,0.19668,0.09138656845304909,0.1624281289197142,0.05156169149475443,3.787405409405558e-16,4.669156355145787e-06,2.066730825280876e-12,1.493918438907136e-11
6.960000000000001e-07,0.2296800000000001,0.1066880309134605,0.1897679607540374,0.06009912699246223,4.350018514330544e-16,4.690424501767935e-06,2.440735190770543e-12,1.831405044033995e-11
7.960000000000001e-07,0.2626800000000001,0.121978786420196,0.2171133313921822,0.06862175311527596,4.983415517783478e-16,4.748314178962836e-06,2.872831744913976e-12,2.213417342272315e-11
8.960000000000001e-07,0.2956800000000001,0.1372547904427785,0.2444632898468632,0.07712973299709378,5.700259043806674e-16,4.775414947790665e-06,3.373932081454547e-12,2.649402653597573e-11
9.96e-07,0.3286800000000001,0.1525110742939637,0.2718170188073256,0.08562315224996375,6.513556375149237e-16,4.839747557419873e-06,3.956094194382686e-12,3.149877814531961e-11
1.096e-06,0.3616800000000001,0.167741550169551,0.2991737502486482,0.09410203850746969,7.437460717931217e-16,4.874638748288859e-06,4.633004670037648e-12,3.726652675135055e-11
1.196e-06,0.3946800000000001,0.182938799601073,0.3265327135018281,0.1025664137034856,8.487764861083262e-16,4.947211036718899e-06,5.420342400013949e-12,4.393103160489172e-11
1.296e-06,0.4276800000000002,0.1980937643757097,0.3538930855149545,0.1110162823759537,9.682300938421902e-16,4.991696831345102e-06,6.336194551204095e-12,5.164477838897319e-11
1.396e-06,0.4606800000000002,0.2131953864284218,0.3812539463808411,0.119451662441088,1.10413300905906e-15,5.074406338095034e-06,7.401435737317163e-12,6.058244653271822e-11
1.496000000000001e-06,0.4936800000000003,0.2282301308406075,0.4086142209480311,0.127872560366616,1.258796872896804e-15,5.130524362266999e-06,8.640229945606943e-12,7.094474564908642e-11
1.596000000000001e-06,0.5266800000000003,0.2431814378285467,0.4359726554917818,0.1362790129584831,1.434866609584067e-15,5.225612207679846e-06,1.008051018173586e-11,8.296281851729487e-11
1.696000000000001e-06,0.5596800000000003,0.258029060770795,0.4633277570714754,0.1446710696949595,1.635377358914568e-15,5.295855950605704e-06,1.175463556121075e-11,9.69031786055247e-11
1.796000000000001e-06,0.5926800000000003,0.2727482588313465,0.4906777060065772,0.1530488329741784,1.863823628101718e-15,5.406110718761757e-06,1.370002448255751e-11,1.130734427606348e-10
1.896000000000001e-06,0.6256800000000003,0.287308886185576,0.5180202509339967,0.1614124422960708,2.124244357970996e-15,5.493610450663789e-06,1.596003047937976e-11,1.318288278338909e-10
1.996000000000001e-06,0.6586800000000004,0.3016743671629062,0.5453526287668311,0.1697621283460088,2.421326575962093e-15,5.622573591726866e-06,1.858479442035054e-11,1.535797909241701e-10
2.096000000000001e-06,0.6916800000000004,0.3158006547312021,0.5726714857070353,0.1780982233917026,2.760533465150247e-15,5.731375432016086e-06,2.163243405985988e-11,1.788008104141991e-10
2.196000000000001e-06,0.7246800000000003,0.3296352662366276,0.5999727036755694,0.1864212329418011,3.148270121242525e-15,5.883693620856768e-06,2.517021447354881e-11,2.080408084228638e-10
2.296000000000001e-06,0.7576800000000004,0.3431165422120115,0.6272512709960758,0.1947318496355095,3.592091064390259e-15,6.019138019428986e-06,2.927618120229616e-11,2.419352065248326e-10
2.396e-06,0.7906800000000003,0.3561734045313121,0.6545011419035117,0.2030310674763595,4.100964804317317e-15,6.20100658488303e-06,3.404081383027289e-11,2.81220555552591e-10
2.496e-06,0.8236800000000002,0.3687260241603085,0.6817151074937784,0.2113202571479024,4.685610816841754e-15,6.370360923025204e-06,3.956936138403126e-11,3.267518895013143e-10
2.596e-06,0.8566800000000002,0.3806877159396073,0.7088847632424663,0.2196013264070255,5.358919927141784e-15,6.590348729419152e-06,4.598428321672165e-11,3.795241463509693e-10
2.696e-06,0.8896800000000002,0.3919683792901411,0.7360003759164858,0.2278768638780896,6.136502829843943e-15,6.803793856478114e-06,5.34287346052301e-11,4.406983546018504e-10
2.796e-06,0.9226800000000002,0.402479664127344,0.7630507980222543,0.2361503701137798,7.037391558270232e-15,7.074060930583729e-06,6.207038272875532e-11,5.116347890089138e-10
2.896e-06,0.9556800000000002,0.4121415934273764,0.7900235333598669,0.2444264949639134,8.084920545999959e-15,7.34622163845476e-06,7.210690965247918e-11,5.939349029252522e-10
2.996e-06,0.98868,0.4208898894243098,0.816904658842575,0.2527113644243517,9.30788894856871e-15,7.684440899747055e-06,8.377236718481615e-11,6.894958976202178e-10
3.096e-06,1.02168,0.4286828267880948,0.8436786894132474,0.2610128829679159,1.074209786867381e-14,8.036716051618055e-06,9.734630033102189e-11,8.005812761610306e-10
3.196e-06,1.05468,0.435506159002815,0.870328326700307,0.2693411269138847,1.24324239805604e-14,8.468845933897286e-06,1.131647844838852e-10,9.299145593509252e-10
3.295999999999999e-06,1.08768,0.4413749449685541,0.8968339897321654,0.2777086744023654,1.443569023187173e-14,8.932749079510714e-06,1.316361437878404e-10,1.080802441379572e-09
3.395999999999999e-06,1.12068,0.4463317669812324,0.9231731028929473,0.2861309647747399,1.682471664009865e-14,9.497007019379299e-06,1.532605152376789e-10,1.257299337790861e-09
3.495999999999999e-06,1.15368,0.4504418160939693,0.949319173939696,0.2946265416677407,1.969411769545101e-14,1.011886723088433e-05,1.786573808705857e-10,1.464425325238751e-09
3.595999999999999e-06,1.18668,0.453785907786423,0.9752407516409181,0.3032172567001676,2.316868329991402e-14,1.087139467864454e-05,2.086005140843712e-10,1.708457876994949e-09
3.695999999999999e-06,1.21968,0.4564528491890901,1.000900323582061,0.3119281777292772,2.741563760023792e-14,1.171910149503247e-05,2.440661175168775e-10,1.997315726070957e-09
3.795999999999999e-06,1.25268,0.4585324968688774,1.026253212783517,0.3207872948054101,3.266279863997403e-14,1.274180271652882e-05,2.862939770633545e-10,2.341066700963397e-09
3.895999999999999e-06,1.28568,0.4601101947127409,1.051246650965366,0.3298247530335459,3.922575985944913e-14,1.3914002752856e-05,3.368697286665219e-10,2.752587181074759e-09
3.995999999999999e-06,1.31868,0.461263110541262,1.075818999230827,0.3390715332052865,4.754926621179624e-14,1.532520114865972e-05,3.978268656820005e-10,3.248406684585238e-09
4.095999999999999e-06,1.35168,0.4620582762575099,1.099899257656708,0.3485573507826921,5.827116726995847e-14,1.696316722003337e-05,4.71777282369267e-10,3.84975801029992e-09
4.195999999999998e-06,1.38468,0.4625518716603738,1.123406679505687,0.3583078140170627,7.232343847465289e-14,1.893081147355949e-05,5.620642124244634e-10,4.58384399422313e-09
4.295999999999998e-06,1.41768,0.4627895001406298,1.146250624074166,0.3683406442844062,9.109492378568263e-14,2.123320850476614e-05,6.729396592501072e-10,5.485269010021481e-09
4.395999999999998e-06,1.45068,0.4628070876919846,1.168330486002947,0.3786612818228199,1.166998116572988e-13,2.399096275617672e-05,8.097419554236426e-10,6.597521839529903e-09
4.495999999999998e-06,1.48368,0.4626318722203163,1.189535439084276,0.3892579258417764,1.524323533622422e-13,2.723041350479996e-05,9.790491038081809e-10,7.974217861485952e-09
4.595999999999998e-06,1.51668,0.4622833882513609,1.209743956818516,0.4000966250845502,2.035582747130141e-13,3.109201775542735e-05,1.188732866870677e-09,9.679609537624184e-09
4.695999999999998e-06,1.54968,0.4617744834886504,1.22882321759448,0.4111169205723775,2.787323862948546e-13,3.562141854052981e-05,1.447828436939749e-09,1.178753957441221e-08
4.795999999999998e-06,1.582679999999999,0.4611120692893535,1.24662855189144,0.4222288414631482,3.926173026309828e-13,4.096805255648756e-05,1.766057875445511e-09,1.437768544478788e-08
4.895999999999998e-06,1.61568,0.4602979081004825,1.263004004682608,0.4333119176939088,5.708721012162873e-13,4.717041105983572e-05,2.152857831710474e-09,1.752767586400871e-08
4.995999999999998e-06,1.648679999999999,0.4593295215942967,1.277785376843896,0.4442172672622219,8.599577832154387e-13,5.433743887041818e-05,2.61574559193378e-09,2.129994119240165e-08
5.095999999999997e-06,1.68168,0.458201490738222,1.290807472290705,0.454773506193793,1.347013591633678e-12,6.242287018414002e-05,3.158058615860773e-09,2.572325126245938e-08
5.195999999999997e-06,1.714679999999999,0.4569074294222045,1.301917028525506,0.4647972655588243,2.20135392913612e-12,7.139212924960465e-05,3.776340691362865e-09,3.077143452570511e-08
5.295999999999997e-06,1.747679999999999,0.4554428138980434,1.310991719723306,0.4741081318650158,3.763476527114688e-12,8.100369157228541e-05,4.458155605993399e-09,3.634516033110472e-08
5.395999999999997e-06,1.780679999999999,0.4538090156883694,1.317963453849313,0.4825470691674727,6.740466434839487e-12,9.099869033416968e-05,5.181371142459198e-09,4.226576545223416e-08
5.495999999999997e-06,1.813679999999999,0.4520190482338812,1.322841492093179,0.4899954831140834,1.264277499467456e-11,0.0001009386227849802,5.915988789502377e-09,4.828943392472684e-08
5.595999999999997e-06,1.846679999999999,0.4501072557878981,1.325730218134814,0.4963919429972571,2.477103704518509e-11,0.0001104603081474914,6.628777509279136e-09,5.414476531479833e-08
5.695999999999997e-06,1.879679999999999,0.4481487158428994,1.326837683590875,0.5017441003942129,5.044770761083895e-11,0.0001191819762686195,7.290040158947066e-09,5.958774902536279e-08
5.795999999999997e-06,1.912679999999999,0.4463025225852699,1.326476846297976,0.5061374996318981,1.059974494995018e-10,0.0001269989165667286,7.881082332498882e-09,6.446350563607739e-08
5.895999999999997e-06,1.945679999999999,0.4449096779709057,1.325070853856672,0.509748856723158,2.274611344396725e-10,0.0001340298808723802,8.401884001056886e-09,6.876970845840764e-08
5.995999999999996e-06,1.978679999999999,0.4447018076260962,1.323183261099894,0.5128797674152421,4.918250884081704e-10,0.0001409893779350068,8.880594626486298e-09,7.273599599739054e-08
6.095999999999996e-06,2.011679999999999,0.4471901501840864,1.321597258925031,0.5160301530802154,1.051809551788173e-09,0.0001493307542098622,9.389777926200265e-09,7.695878238297272e-08
6.195999999999996e-06,2.044679999999999,0.4551590080794125,1.321427711903014,0.5200083162440183,2.168106948339794e-09,0.0001619268312535164,1.00756203213231e-08,8.264463486599671e-08
6.295999999999996e-06,2.077679999999999,0.4726957479139706,1.324111887318354,0.5259741646004005,4.171585518910035e-09,0.0001833500282478126,1.120117084036859e-08,9.197220382587588e-08
6.395999999999996e-06,2.110679999999999,0.5030201383899835,1.330917472030703,0.5351927475565096,7.293668322641905e-09,0.0002201591207073798,1.319482107323583e-08,1.085096699825357e-07
6.495999999999996e-06,2.143679999999999,0.5430654500505206,1.341862369466842,0.5485096831663588,1.160828981856946e-08,0.0002815166422337543,1.671803447680002e-08,1.378261209503959e-07
6.595999999999996e-06,2.176679999999999,0.5817144048113085,1.354989177871265,0.5662892843662168,1.757486184347685e-08,0.0003848687395563244,2.292372000963889e-08,1.898004381183835e-07
6.695999999999996e-06,2.209679999999999,0.6125416175292014,1.366795015240877,0.5895518799367769,2.725358163224993e-08,0.0005758166512090789,3.461385224674155e-08,2.889485729085691e-07
6.795999999999996e-06,2.242679999999999,0.6450254248083644,1.371267062493908,0.6228652974464092,4.881586239612832e-08,0.001024897112812675,6.22715127130656e-08,5.29978583374963e-07
6.808499999999996e-06,2.246804999999999,0.6500844594694893,1.370791570428363,0.6282598860817021,5.357961410223423e-08,0.00112504983580111,6.84555165720063e-08,5.850856727067384e-07
6.833499999999996e-06,2.255054999999999,0.6610631583189176,1.369017985695983,0.6399721810256184,6.557916741468846e-08,0.00137721120257844,8.403602551007757e-08,7.258492008457067e-07
6.883499999999996e-06,2.271554999999999,0.6917333425199724,1.357168807788929,0.672638814797187,1.154799691845217e-07,0.002411260935737116,1.481231423846198e-07,1.333405964807938e-06
6.91046212778945e-06,2.280452502170519,0.7163723525651374,1.342955683628496,0.6990991806898987,1.821047234387693e-07,0.003761873710935645,2.324398698750237e-07,2.200314609776635e-06
6.933328744236793e-06,2.287998485598142,0.7474559466989242,1.320843117682666,0.7329097741773248,3.239505416453154e-07,0.006505327970538126,4.053492178615873e-07,4.207774071835395e-06
6.952779628738077e-06,2.294417277483566,0.7868283597163651,1.28904318111499,0.776618436642334,6.660145476613642e-07,0.01245708700108987,7.874395615167941e-07,9.644197363718543e-06
6.972793436289215e-06,2.301021833975441,0.8311589483970907,1.252091432938104,0.8268384406906272,1.437526425895541e-06,0.02344813438786825,1.511914590917446e-06,2.289277717102653e-05
6.991868046007487e-06,2.307316455182471,0.8538525844224829,1.236064347726568,0.8529764594967563,2.067442579592729e-06,0.03098504572465237,2.013946292609133e-06,3.349583148269723e-05
7.00428096256685e-06,2.311412717647061,0.8564916543391998,1.23757503674078,0.8562744750701613,2.15346747176457e-06,0.03202308998468533,2.083164477484898e-06,3.500385916928732e-05
7.018874792561632e-06,2.316228681545339,0.857190495196431,1.241706949043601,0.8572054632841477,2.177331934207313e-06,0.0323237792430013,2.103186395458501e-06,3.543588426274902e-05
7.03141167477155e-06,2.320365852674612,0.857356769055483,1.245702458410951,0.8573732104726912,2.182833535297286e-06,0.03238325188320631,2.106967080673087e-06,3.551401893849345e-05
7.048327782087613e-06,2.325948168088912,0.8574617197443991,1.251197492522367,0.8575052897574544,2.186746175740025e-06,0.03243099753969617,2.110213583506287e-06,3.557560222766875e-05
7.074599732765326e-06,2.334617911812558,0.8576206016979819,1.259748313229437,0.8576470123480715,2.192261607990012e-06,0.03248743337477998,2.113775552203464e-06,3.564174286031394e-05
7.127143634120751e-06,2.351957399259848,0.857904056869358,1.276871051797655,0.8579464368352426,2.202591848435546e-06,0.03260277026682445,2.121384269892652e-06,3.57816885673906e-05
7.227143634120751e-06,2.384957399259848,0.8584621669783717,1.309449919935704,0.8584889473908164,2.222598246737566e-06,0.0328159168429668,2.135152701241671e-06,3.603596173834527e-05
7.327143634120751e-06,2.417957399259848,0.8589935997559822,1.342046656023812,0.8590350773283664,2.242059791487919e-06,0.03302859841924922,2.149090712139054e-06,3.629285470510369e-05
7.427143634120751e-06,2.450957399259848,0.8595319935051947,1.374641834925642,0.8595589330871598,2.261640831403063e-06,0.03323566607782689,2.162467712241234e-06,3.654013509798934e-05
7.52714363412075e-06,2.483957399259848,0.8600458757978825,1.407253499964097,0.8600865289855155,2.280712224767212e-06,0.03344239919038367,2.176014655882238e-06,3.679003144756685e-05
7.62714363412075e-06,2.516957399259848,0.8605662282495175,1.439863559478649,0.860593324162451,2.299901891096349e-06,0.03364389107312284,2.189032724659593e-06,3.703087398775538e-05
7.72714363412075e-06,2.549957399259848,0.8610639907825556,1.472488892695014,0.8611038827997695,2.318613189483871e-06,0.03384514076313774,2.202219057158514e-06,3.727429108411533e-05
7.827143634120751e-06,2.582957399259848,0.8615677725834264,1.505112581888045,0.861595012110141,2.337441650731454e-06,0.03404149850614493,2.214906712976191e-06,3.750918460490187e-05
7.927143634120752e-06,2.615957399259849,0.8620506789059821,1.537750474634731,0.8620898628519633,2.355819679850685e-06,0.03423767883970039,2.227759595534473e-06,3.774658688511477e-05
8.027143634120752e-06,2.648957399259849,0.8625391751529918,1.570386707965993,0.8625665384999821,2.374313309059988e-06,0.03442928736678025,2.240141678531986e-06,3.797595708662415e-05
8.127143634120753e-06,2.681957399259849,0.8630083473426287,1.603036178621781,0.8630468655637284,2.392382174993715e-06,0.03462076836023435,2.252685391567325e-06,3.820776222771798e-05
8.227143634120754e-06,2.714957399259849,0.8634827038506747,1.635683989376505,0.8635101676318649,2.41056484126053e-06,0.03480797179026128,2.264784101080441e-06,3.843199167982159e-05
8.327143634120755e-06,2.747957399259849,0.8639391418512267,1.668344165865849,0.8639770284872251,2.428346252061277e-06,0.03499508487679123,2.277040400506518e-06,3.865857578093481e-05
8.427143634120755e-06,2.78095739925985,0.864400373049558,1.701002703218299,0.8644279114599127,2.4462391259026e-06,0.03517818813642583,2.288875399576174e-06,3.887800377308951e-05
8.527143634120756e-06,2.81395739925985,0.8648449693766377,1.73367280956473,0.8648822517365117,2.463752620242377e-06,0.03536123056758207,2.300863801534056e-06,3.909970549031448e-05
8.627143634120757e-06,2.84695739925985,0.8652939877917645,1.766341309315927,0.8653215753674163,2.481374994696388e-06,0.03554050921479836,2.312452854847018e-06,3.931464025365043e-05
8.727143634120758e-06,2.879957399259851,0.8657275417807756,1.799020652459828,0.8657642461117153,2.498638210718547e-06,0.03571974931179592,2.324190981739483e-06,3.953176664831894e-05
8.827143634120758e-06,2.912957399259851,0.8661651782008498,1.831698419653588,0.8661927953825882,2.51600795346087e-06,0.03589545590839647,2.335550368113314e-06,3.97424929298053e-05
8.927143634120759e-06,2.945957399259851,0.8665884176225696,1.864386369199986,0.8666245744474427,2.533037211735963e-06,0.0360711398612376,2.347054392770022e-06,3.995532786303937e-05
9.02714363412076e-06,2.978957399259851,0.8670154081983248,1.897072791475739,0.8670430460945803,2.550170087700129e-06,0.0362434990789567,2.358198586848803e-06,4.016209845901437e-05
9.12714363412076e-06,3.011957399259852,0.8674289934989835,1.929768777454592,0.8674646403950801,2.566980328075743e-06,0.03641585140978825,2.369483257042603e-06,4.037090195829566e-05
9.227143634120761e-06,3.044957399259852,0.8678460219270954,1.962463284059469,0.8678736850399538,2.583891411356012e-06,0.03658507400159047,2.380425839707601e-06,4.057395688000764e-05
9.327143634120762e-06,3.077957399259852,0.8682505485135084,1.995166793211432,0.868285736468632,2.600496206738631e-06,0.03675429918305759,2.391504593192543e-06,4.077896656409118e-05
9.427143634120763e-06,3.110957399259852,0.86865823305918,2.027868870969808,0.8686859435709379,2.617199153170572e-06,0.03692057669146756,2.402257901725912e-06,4.097852433780528e-05
9.527143634120764e-06,3.143957399259852,0.8690542475201568,2.060579433330789,0.8690890437692464,2.633611115032329e-06,0.03708686394954267,2.413143173681327e-06,4.117996145935e-05
9.627143634120764e-06,3.176957399259853,0.8694531551200337,2.093288610894344,0.8694809603140389,2.650118665079935e-06,0.03725037486140442,2.423718703973175e-06,4.137622727976785e-05
9.727143634120765e-06,3.209957399259853,0.8698411604506131,2.126005794601058,0.869875660882004,2.666349557767174e-06,0.03741390144579733,2.434422144044756e-06,4.157430078289638e-05
9.827143634120766e-06,3.242957399259853,0.8702318096144821,2.158721643076215,0.8702597937530906,2.682673421344569e-06,0.03757481184810258,2.444830593076743e-06,4.176746677969749e-05
9.927143634120766e-06,3.275957399259854,0.8706122848914015,2.191445033758434,0.8706466291161121,2.698734910482696e-06,0.03773575083713154,2.455363567925862e-06,4.196238394696793e-05
9.999999999999999e-06,3.3,0.8708924026934236,2.215284308079113,0.8709207100464015,2.710533484684675e-06,0.03785116462500086,2.462813801832368e-06,4.210072349919996e-05
1.001e-05,3.3,0.8706911820148985,2.215464006465397,0.870711989123384,2.703287169782064e-06,0.03777751136169614,2.458158210043833e-06,4.199535564934239e-05
1.003e-05,3.3,0.8705439976371916,2.215606585349259,0.870544102650671,2.697546566078746e-06,0.0377200180997108,2.454312283709815e-06,4.191068510162238e-05
1.007e-05,3.3,0.8705815272826901,2.215571028845162,0.8705813373018961,2.698977167091199e-06,0.03773273388604378,2.455166534062129e-06,4.192945736716024e-05
1.015e-05,3.3,0.8705581669779131,2.215592771242081,0.8705590513475798,2.698102362618907e-06,0.03772515635086447,2.454653227386375e-06,4.191822121889011e-05
1.025e-05,3.3,0.870574807194476,2.215577535755568,0.870574369293658,2.69871529875471e-06,0.03773045093334882,2.455000724866513e-06,4.1925944087065e-05
1.035e-05,3.3,0.8705614546608295,2.215589596464433,0.870562307698991,2.698230104300602e-06,0.03772627403122571,2.454727584063365e-06,4.191986292735426e-05
1.045e-05,3.3,0.8705721310642576,2.215580114030945,0.8705717516550748,2.698611544435789e-06,0.03772955845739957,2.454940583693733e-06,4.192462430439311e-05
1.055e-05,3.3,0.8705635345894503,2.215587595277802,0.8705643176175322,2.698310626145116e-06,0.03772696028699735,2.45477369674518e-06,4.192087625335382e-05
1.065e-05,3.3,0.8705704840392289,2.215581696369324,0.8705701781566264,2.698547870570611e-06,0.0377290216583623,2.454904455547294e-06,4.192383097364985e-05
1.075e-05,3.3,0.8705648259320133,2.215586356646416,0.8705655376822385,2.698360465350902e-06,0.03772737674810862,2.454801692873001e-06,4.19214913695901e-05
1.085e-05,3.3,0.8705694602631349,2.215582675824867,0.870569221851231,2.698508458139934e-06,0.03772869538429076,2.454882502336402e-06,4.192334882420699e-05
1.095e-05,3.3,0.8705656350553459,2.215585584652807,0.8705662857121212,2.698391528026906e-06,0.0377276320857699,2.454818856170214e-06,4.192186850337818e-05
1.105e-05,3.3,0.870568816642331,2.21558328805641,0.8705686329442558,2.698483823250125e-06,0.03772849438927788,2.454868988575005e-06,4.192305191069175e-05
1.115000000000001e-05,3.3,0.8705661441776756,2.2155851021014,0.8705667469083846,2.698410944070656e-06,0.03772778955444352,2.454829435039152e-06,4.19221010251218e-05
1.125000000000001e-05,3.3,0.8705684109511022,2.215583670530467,0.8705682688617888,2.698468433932294e-06,0.03772837005704953,2.45486063865151e-06,4.192286834907359e-05
1.135000000000001e-05,3.3,0.8705664680915267,2.215584798109214,0.8705670350791833,2.698423175151523e-06,0.0377278880278549,2.454836039828261e-06,4.192224631271422e-05
1.145000000000001e-05,3.3,0.8705681510011555,2.215583913018395,0.8705680399291574,2.698458677568984e-06,0.0377282917857012,2.454855394131491e-06,4.19227529269499e-05
1.155000000000001e-05,3.3,0.8705666781365015,2.21558460364991,0.8705672181225151,2.698430998796344e-06,0.03772795067908066,2.454840228758924e-06,4.192233859809666e-05
1.165000000000001e-05,3.3,0.8705679859119264,2.215584063939628,0.8705678979687824,2.698452605840767e-06,0.03772824315792511,2.454852147717348e-06,4.192268135416455e-05
1.175000000000001e-05,3.3,0.8705668112648287,2.215584483476022,0.8705673315059633,2.69843583324722e-06,0.03772798957075044,2.454842818457612e-06,4.192239576290982e-05
1.185000000000001e-05,3.3,0.8705678759331963,2.215584162178579,0.8705678050333755,2.698448653955486e-06,0.03772821122295527,2.454850028520916e-06,4.192263449855526e-05
1.195000000000001e-05,3.3,0.8705668973982414,2.215584408272126,0.8705674027096213,2.69843885819626e-06,0.03772801409102437,2.454844438869091e-06,4.192243166182903e-05
1.205000000000001e-05,3.3,0.8705678052226139,2.215584222610581,0.87056774726132,2.698446223394572e-06,0.03772819127413056,2.454848717018853e-06,4.192260537142548e-05
1.215000000000001e-05,3.3,0.8705669562588503,2.215584359200532,0.8705674499909655,2.698440831627134e-06,0.03772803046982805,2.454845509045579e-06,4.192245549977045e-05
1.225000000000001e-05,3.3,0.8705677579528652,2.215584260378258,0.8705677104933652,2.698444704843181e-06,0.03772817848241216,2.454847888124008e-06,4.192258683402798e-05
1.235000000000001e-05,3.3,0.8705669960152121,2.215584328314404,0.8705674809154732,2.69844207332413e-06,0.0377280412808593,2.454846203096649e-06,4.192247109103659e-05
1.245000000000001e-05,3.3,0.8705677229127812,2.215584286960306,0.8705676834564666,2.6984436363007e-06,0.03772816897942484,2.454847284403024e-06,4.19225732027702e-05
1.255000000000002e-05,3.3,0.8705670233386065,2.215584309424498,0.8705675003603601,2.698442832299855e-06,0.03772804817945639,2.454846633390825e-06,4.192248089458307e-05
1.265000000000002e-05,3.3,0.8705677011372919,2.215584300613976,0.8705676686631055,2.698443088010353e-06,0.03772816367258417,2.454846960550635e-06,4.19225657443941e-05
1.275000000000002e-05,3.3,0.8705670420960084,2.215584298488571,0.8705675127759073,2.698443271259659e-06,0.03772805267933337,2.454846902424596e-06,4.192248715412353e-05
1.285000000000002e-05,3.3,0.8705676835213676,2.215584310236575,0.8705676573188669,2.698442701930968e-06,0.03772815953026055,2.454846716573266e-06,4.192256002497109e-05
1.295000000000002e-05,3.3,0.8705670585345514,2.215584289594762,0.8705675234448231,2.698443628076179e-06,0.03772805660146976,2.454847130278963e-06,4.192249253306466e-05
1.305000000000002e-05,3.3,0.8705676711764407,2.215584315242434,0.8705676501296834,2.698442501554455e-06,0.03772815680445539,2.454846568009556e-06,4.192255640041903e-05
1.315000000000002e-05,3.3,0.8705670692449927,2.215584286419253,0.8705675290066194,2.698443754760922e-06,0.0377280587721666,2.454847241493658e-06,4.192249533712965e-05
1.325000000000002e-05,3.3,0.8705676598468345,2.215584319495182,0.8705676438674982,2.698442331447655e-06,0.03772815438423273,2.454846441398843e-06,4.192255324323118e-05
1.335000000000002e-05,3.3,0.8705670791788149,2.215584283408925,0.8705675340865553,2.698443874889452e-06,0.03772806078670125,2.454847341110472e-06,4.192249789825645e-05
1.345000000000002e-05,3.3,0.8705676526000503,2.215584319669821,0.8705676413745483,2.698442325463873e-06,0.03772815326551789,2.454846400343846e-06,4.192255198639656e-05
1.355000000000002e-05,3.3,0.8705670886789995,2.215584280823967,0.8705675388897286,2.698443977899992e-06,0.03772806271106284,2.454847434129002e-06,4.19225003198507e-05
1.365000000000002e-05,3.3,0.8705676434635268,2.215584322192216,0.8705676366698727,2.698442224926327e-06,0.03772815137020023,2.454846309868827e-06,4.192254961445982e-05
1.375000000000002e-05,3.3,0.8705670918941913,2.215584284386403,0.8705675377629388,2.698443833528839e-06,0.03772806258324818,2.454847392798078e-06,4.192249975170409e-05
1.385000000000002e-05,3.3,0.8705676362772317,2.21558432274635,0.8705676340309315,2.698442203604453e-06,0.03772815019098447,2.454846266138409e-06,4.192254828401508e-05
1.395000000000003e-05,3.3,0.8705670989292378,2.215584283977132,0.8705675402696322,2.698443849021472e-06,0.03772806371800642,2.454847433453297e-06,4.192250101547253e-05
1.405000000000003e-05,3.3,0.8705676287402898,2.215584323715834,0.8705676309500288,2.698442165557352e-06,0.03772814885768676,2.454846212459043e-06,4.192254673074195e-05
1.415000000000003e-05,3.3,0.8705671059856207,2.215584283365778,0.8705675430278021,2.698443872673893e-06,0.03772806494373868,2.454847479571526e-06,4.192250240603282e-05
1.425000000000003e-05,3.3,0.8705676237477799,2.215584322325884,0.8705676301234232,2.698442222438276e-06,0.03772814830300594,2.454846209943808e-06,4.192254631402829e-05
1.435000000000003e-05,3.3,0.8705671117927066,2.215584283922877,0.870567544353246,2.698443849313622e-06,0.03772806567049972,2.454847493390037e-06,4.192250307424862e-05
1.445000000000003e-05,3.3,0.870567617973836,2.215584321822161,0.8705676286846806,2.698442243637565e-06,0.0377281475349804,2.454846193677193e-06,4.192254558868948e-05
1.455000000000003e-05,3.3,0.8705671168796679,2.215584284774239,0.8705675455962641,2.69844381417411e-06,0.03772806636937164,2.454847505324113e-06,4.192250370090815e-05
1.465000000000003e-05,3.3,0.870567612224084,2.215584321578053,0.870567626866909,2.698442254346597e-06,0.03772814663324641,2.454846168964411e-06,4.192254467225128e-05
1.475000000000003e-05,3.3,0.8705671253258926,2.215584282331907,0.8705675496829411,2.698443911579489e-06,0.03772806805732507,2.454847581345197e-06,4.192250576127414e-05
1.485000000000003e-05,3.3,0.8705676071710617,2.215584320702239,0.8705676259208833,2.698442290468985e-06,0.03772814603306793,2.454846164037171e-06,4.19225441953242e-05
1.495000000000003e-05,3.3,0.8705671271719897,2.215584286463789,0.870567547626371,2.698443744408873e-06,0.03772806761393468,2.454847518532763e-06,4.192250472436489e-05
1.505000000000003e-05,3.3,0.8705676018625385,2.215584320232561,0.8705676245717068,2.698442310224279e-06,0.03772814529987804,2.454846149576934e-06,4.192254351513918e-05
1.515000000000003e-05,3.3,0.8705671349011035,2.215584284397516,0.8705675513724153,2.698443826730199e-06,0.03772806918324546,2.454847586885999e-06,4.192250661299402e-05
1.525000000000004e-05,3.3,0.870567598708978,2.215584317665827,0.8705676253896469,2.698442414367286e-06,0.03772814531447954,2.454846184363437e-06,4.192254392755959e-05
1.535000000000003e-05,3.3,0.8705671409894231,2.215584283715315,0.8705675537649322,2.69844385338756e-06,0.03772807027874667,2.454847624901845e-06,4.192250781920888e-05
1.545000000000003e-05,3.3,0.870567593938185,2.215584316827713,0.8705676244760449,2.698442448925434e-06,0.03772814472980961,2.454846179914916e-06,4.192254346697686e-05
1.555000000000003e-05,3.3,0.8705671450940304,2.215584285294305,0.8705675538773001,2.698443789001455e-06,0.03772807058559395,2.454847611221294e-06,4.192250787582798e-05
1.565000000000003e-05,3.3,0.8705675866930372,2.215584318714108,0.8705676210573274,2.698442373798493e-06,0.03772814327541883,2.454846118892749e-06,4.19225417433747e-05
1.575000000000003e-05,3.3,0.8705671495037495,2.21558428634544,0.8705675543411979,2.698443745892006e-06,0.03772807101090956,2.454847605683578e-06,4.192250810968226e-05
1.585000000000003e-05,3.3,0.870567581461366,2.215584318612933,0.8705676196920928,2.698442378657782e-06,0.03772814253473172,2.454846104221749e-06,4.192254105508777e-05
1.595000000000003e-05,3.3,0.8705671533916004,2.215584287587889,0.8705675547155837,2.69844369513236e-06,0.03772807140952913,2.454847597866577e-06,4.192250829840805e-05
1.605000000000003e-05,3.3,0.8705675779226368,2.215584316879172,0.870567619857415,2.698442449211682e-06,0.03772814232950807,2.454846123868681e-06,4.192254113847001e-05
1.615000000000003e-05,3.3,0.87056715729738,2.215584289041651,0.8705675546939954,2.698443635833772e-06,0.03772807166272791,2.454847581570692e-06,4.192250828749282e-05
1.625000000000003e-05,3.3,0.8705675723402134,2.215584317494261,0.8705676178682002,2.698442425190803e-06,0.03772814137593979,2.454846094880294e-06,4.192254013558623e-05
1.635000000000002e-05,3.3,0.8705671611263212,2.2155842903358,0.8705675548940601,2.698443582993972e-06,0.03772807199624036,2.454847570083772e-06,4.19225083883307e-05
1.645000000000002e-05,3.3,0.870567568411586,2.215584316222393,0.8705676175302395,2.69844247714545e-06,0.03772814099715605,2.454846103080774e-06,4.192253996522393e-05
1.655000000000002e-05,3.3,0.8705671666504331,2.215584289622276,0.8705675570777665,2.698443610999549e-06,0.03772807301201591,2.454847603801503e-06,4.192250948927286e-05
1.665000000000002e-05,3.3,0.8705675638741072,2.215584315820481,0.8705676165704922,2.698442494050106e-06,0.03772814040575316,2.454846097060074e-06,4.192253948137123e-05
1.675000000000002e-05,3.3,0.8705671711354509,2.215584290037373,0.8705675578565693,2.698443593570172e-06,0.03772807354372071,2.454847605526288e-06,4.192250988189863e-05
1.685000000000002e-05,3.3,0.8705675601328583,2.215584314817863,0.8705676163492709,2.698442535101038e-06,0.03772814007161763,2.454846107685083e-06,4.192253936986435e-05
1.695000000000002e-05,3.3,0.8705671745066905,2.215584291613546,0.8705675578225819,2.698443529405879e-06,0.03772807378733868,2.454847589285355e-06,4.192250986473501e-05
1.705000000000002e-05,3.3,0.8705675564009796,2.215584313941998,0.870567615767517,2.698442571030721e-06,0.03772813961401393,2.454846110036679e-06,4.192253907658559e-05
1.715000000000002e-05,3.3,0.8705671802121655,2.21558429035976,0.8705675599922142,2.698443579207282e-06,0.03772807479432202,2.454847622867888e-06,4.192251095858476e-05
1.725000000000002e-05,3.3,0.870567552075943,2.215584313530937,0.870567615003445,2.698442588273721e-06,0.03772813909447879,2.454846108214582e-06,4.192253869138537e-05
1.735000000000002e-05,3.3,0.8705671841543187,2.215584291033324,0.8705675607932062,2.698443551417745e-06,0.03772807532906829,2.454847625408731e-06,4.192251136239924e-05
1.745000000000001e-05,3.3,0.870567548692647,2.215584312263891,0.8705676150920355,2.698442639953259e-06,0.03772813887100605,2.454846125652956e-06,4.192253873607657e-05
1.755000000000001e-05,3.3,0.8705671877812035,2.215584291892677,0.8705675609595869,2.698443516170243e-06,0.03772807563515033,2.454847614076404e-06,4.192251144625897e-05
1.765000000000001e-05,3.3,0.8705675442493968,2.215584312525288,0.8705676135332677,2.698442630050736e-06,0.03772813807776261,2.454846105729843e-06,4.192253795020866e-05
1.775000000000001e-05,3.3,0.8705671911426659,2.215584292792663,0.8705675612344542,2.698443479320845e-06,0.03772807598274731,2.454847604975151e-06,4.192251158481512e-05
1.785000000000001e-05,3.3,0.8705675404100507,2.215584311987377,0.8705676129671928,2.6984426523458e-06,0.0377281376326569,2.454846108039641e-06,4.192253766483166e-05
1.795000000000001e-05,3.3,0.8705671954182135,2.215584292979704,0.870567562210515,2.698443471133747e-06,0.03772807656920591,2.454847611994358e-06,4.192251207689723e-05
1.805000000000001e-05,3.3,0.87056753686281,2.215584311211702,0.8705676125813763,2.698442684201715e-06,0.03772813725113417,2.454846114354466e-06,4.192253747033616e-05
1.815000000000001e-05,3.3,0.8705672002352748,2.215584292177783,0.8705675639881928,2.698443502814149e-06,0.03772807743542551,2.454847637015668e-06,4.19225129731361e-05
1.825000000000001e-05,3.3,0.870567532913086,2.215584311030979,0.8705676117697051,2.698442692085147e-06,0.03772813672434218,2.454846110907682e-06,4.192253706113411e-05
1.835000000000001e-05,3.3,0.8705672037514693,2.215584292666655,0.8705675644616143,2.698443482547901e-06,0.03772807784374051,2.454847632881529e-06,4.192251321180127e-05
1.845e-05,3.3,0.870567529692316,2.215584310213212,0.8705676115460326,2.698442725592946e-06,0.0377281364015506,2.454846120748247e-06,4.192253694838573e-05
1.855e-05,3.3,0.8705672076809655,2.215584292719479,0.8705675654183185,2.698443479833593e-06,0.03772807842024099,2.454847639646376e-06,4.192251369412615e-05
1.865e-05,3.3,0.870567525194713,2.21558431075725,0.8705676100934232,2.698442704282238e-06,0.03772813565425918,2.454846102705941e-06,4.192253621603714e-05
1.875e-05,3.3,0.8705672114168936,2.215584292871617,0.8705675660310935,2.698443473136322e-06,0.03772807887543801,2.454847638732375e-06,4.192251400305141e-05
1.885e-05,3.3,0.8705675234444153,2.215584308633768,0.8705676111900399,2.698442790314277e-06,0.03772813579096681,2.454846142307086e-06,4.192253676894617e-05
1.895e-05,3.3,0.8705672139949489,2.215584294169123,0.8705675656927906,2.698443420345359e-06,0.03772807899531668,2.454847616664918e-06,4.192251383246559e-05
1.905e-05,3.3,0.870567516293237,2.215584312203819,0.8705676072117646,2.698442647166191e-06,0.03772813417223897,2.454846066924233e-06,4.192253476321549e-05
1.915e-05,3.3,0.870567219491823,2.215584292359257,0.8705675682924559,2.698443492638931e-06,0.0377280801398607,2.454847660670197e-06,4.192251514313529e-05
1.925e-05,3.3,0.8705675164300866,2.21558430824726,0.8705676100624773,2.698442806962658e-06,0.03772813492214568,2.454846145887665e-06,4.192253620049578e-05
1.935e-05,3.3,0.8705672198374308,2.215584295795689,0.8705675659552355,2.698443353780459e-06,0.03772807956483509,2.454847593514128e-06,4.192251396474466e-05
1.945e-05,3.3,0.870567510860856,2.215584310377838,0.8705676072270713,2.698442721725425e-06,0.03772813370298743,2.45484609612322e-06,4.192253477097223e-05
1.954999999999999e-05,3.3,0.8705672240099305,2.215584295080842,0.8705675673855001,2.698443382038701e-06,0.03772808029654542,2.454847611511135e-06,4.192251468583021e-05
1.964999999999999e-05,3.3,0.8705675061303724,2.215584311618232,0.8705676053775901,2.698442672321234e-06,0.03772813282727284,2.454846068571926e-06,4.192253383852691e-05
1.974999999999999e-05,3.3,0.8705672280249162,2.215584294476188,0.8705675687423674,2.698443405869351e-06,0.03772808100160608,2.454847627925519e-06,4.192251536991189e-05
1.984999999999999e-05,3.3,0.8705675057740889,2.21558430823654,0.8705676077368244,2.698442808970384e-06,0.03772813341221848,2.454846136093164e-06,4.192253502801378e-05
1.994999999999999e-05,3.3,0.8705672301959354,2.215584295801717,0.87056756813872,2.698443352006609e-06,0.03772808102076251,2.454847600365916e-06,4.192251506554917e-05
2.004999999999999e-05,3.3,0.8705675022456028,2.215584308630428,0.870567606621841,2.69844279358126e-06,0.03772813279878615,2.454846124678764e-06,4.192253446588494e-05
2.014999999999999e-05,3.3,0.8705672333435428,2.215584296158163,0.870567568522681,2.698443337143232e-06,0.03772808138134951,2.454847595208907e-06,4.192251525911513e-05
2.024999999999999e-05,3.3,0.8705674988194987,2.215584308696994,0.8705676058784718,2.698442791398872e-06,0.03772813231376939,2.454846121701065e-06,4.192253409111373e-05
2.034999999999999e-05,3.3,0.8705672364179425,2.21558429613605,0.8705675692166813,2.698443337582464e-06,0.03772808184713035,2.454847597199016e-06,4.192251560899554e-05
2.044999999999999e-05,3.3,0.8705674951748937,2.215584309100002,0.8705676048607137,2.698442775658846e-06,0.03772813173309997,2.454846112554316e-06,4.19225335780021e-05
2.054999999999998e-05,3.3,0.8705672373640843,2.215584298542046,0.8705675676153852,2.698443240257317e-06,0.03772808151817114,2.454847547216664e-06,4.192251480164329e-05
2.064999999999998e-05,3.3,0.8705674933735037,2.215584307723749,0.8705676052172402,2.698442831515886e-06,0.03772813163558245,2.454846134045353e-06,4.192253375777178e-05
2.074999999999998e-05,3.3,0.870567241553018,2.21558429748931,0.8705675692761653,2.698443282161007e-06,0.03772808231316186,2.454847571435629e-06,4.192251563895112e-05
2.084999999999998e-05,3.3,0.8705674904436251,2.215584307615199,0.8705676047020217,2.698442836333581e-06,0.03772813123969707,2.454846135620279e-06,4.192253349802813e-05
2.094999999999998e-05,3.3,0.8705672439106885,2.215584298102628,0.8705675693088312,2.698443257039087e-06,0.03772808254234256,2.454847558910531e-06,4.19225156554039e-05
2.104999999999998e-05,3.3,0.870567486959166,2.215584307997031,0.8705676036441299,2.6984428214255e-06,0.0377281306552458,2.4548461249394e-06,4.192253296468065e-05
2.114999999999998e-05,3.3,0.870567245717111,2.215584299476537,0.8705675686579142,2.698443201275619e-06,0.03772808253361159,2.454847530985847e-06,4.192251532721032e-05
2.124999999999998e-05,3.3,0.8705674837203919,2.215584308337009,0.8705676025251486,2.698442808171489e-06,0.03772813005253991,2.45484611268711e-06,4.192253240053369e-05
2.134999999999998e-05,3.3,0.8705672504265538,2.215584297524816,0.8705675711642651,2.698443279415291e-06,0.03772808361889218,2.454847574503305e-06,4.192251659083635e-05
2.144999999999998e-05,3.3,0.8705674809854146,2.215584308046996,0.870567602427313,2.698442820290389e-06,0.0377281298013807,2.454846123726146e-06,4.192253235122253e-05
2.154999999999997e-05,3.3,0.8705672522583596,2.215584298565405,0.8705675706367407,2.698443237112185e-06,0.03772808365044446,2.454847549501501e-06,4.192251632485631e-05
2.164999999999997e-05,3.3,0.8705674806459925,2.215584305523511,0.8705676041531858,2.698442922271416e-06,0.03772813018765556,2.454846175662763e-06,4.192253322138145e-05
2.174999999999997e-05,3.3,0.8705672545209152,2.215584299252526,0.8705675708286882,2.698443209022549e-06,0.03772808392613867,2.454847541136662e-06,4.19225164216163e-05
2.184999999999997e-05,3.3,0.8705674766313076,2.215584306891091,0.8705676023762642,2.698442867624372e-06,0.03772812936563264,2.454846148026905e-06,4.192253232551563e-05
2.194999999999997e-05,3.3,0.8705672570228963,2.215584299552039,0.8705675710342142,2.698443196554397e-06,0.03772808420571132,2.45484753309149e-06,4.192251652522223e-05
2.204999999999997e-05,3.3,0.8705674736954395,2.21558430704575,0.8705676016197917,2.698442861811343e-06,0.03772812889642513,2.454846143514588e-06,4.192253194413481e-05
2.214999999999997e-05,3.3,0.8705672600590463,2.215584299157653,0.8705675718853642,2.698443212035945e-06,0.03772808470927022,2.45484753963739e-06,4.192251695433722e-05
2.224999999999997e-05,3.3,0.8705674709236476,2.215584307167021,0.8705676009327652,2.698442857322637e-06,0.03772812845081636,2.454846140605893e-06,4.192253159776692e-05
2.234999999999997e-05,3.3,0.8705672625568431,2.215584299118413,0.8705675724390655,2.698443213251915e-06,0.03772808510463103,2.454847539770947e-06,4.192251723348615e-05
2.244999999999997e-05,3.3,0.8705674680427145,2.215584307486251,0.870567600035107,2.698442844853895e-06,0.03772812793325624,2.454846132865354e-06,4.192253114520229e-05
2.254999999999997e-05,3.3,0.870567263652849,2.215584300604786,0.8705675715848301,2.698443153050906e-06,0.0377280850130977,2.454847507991684e-06,4.192251680278822e-05
2.264999999999996e-05,3.3,0.8705674673004731,2.215584305705406,0.870567601327688,2.69844291689714e-06,0.03772812818064397,2.454846174338209e-06,4.192253179690452e-05
2.274999999999996e-05,3.3,0.8705672665216385,2.215584300353432,0.870567572277584,2.698443162779559e-06,0.03772808545366757,2.454847511446785e-06,4.192251715204437e-05
2.284999999999996e-05,3.3,0.8705674646283993,2.215584305770804,0.870567600639952,2.69844291465095e-06,0.03772812774297206,2.454846170907013e-06,4.192253145017816e-05
2.294999999999996e-05,3.3,0.8705672689398017,2.215584300307059,0.8705675728488544,2.698443164295154e-06,0.03772808585035599,2.454847512270407e-06,4.192251744005135e-05
2.304999999999996e-05,3.3,0.870567462074003,2.215584306033499,0.8705675999458384,2.698442904417393e-06,0.03772812730528401,2.454846167216843e-06,4.192253110023581e-05
2.314999999999996e-05,3.3,0.8705672712599034,2.215584300367004,0.8705675733844526,2.698443161530739e-06,0.0377280862326021,2.454847512421357e-06,4.192251771007466e-05
2.324999999999996e-05,3.3,0.8705674612516576,2.215584304397609,0.8705676009721832,2.698442970617611e-06,0.03772812746572531,2.454846202326627e-06,4.192253161770686e-05
2.334999999999996e-05,3.3,0.8705672757316596,2.215584298216307,0.8705675758817348,2.698443247742356e-06,0.03772808729338512,2.454847557019385e-06,4.192251896913104e-05
2.344999999999996e-05,3.3,0.8705674579172327,2.21558430566586,0.8705675995027411,2.698442919881894e-06,0.03772812676115938,2.454846181002649e-06,4.192253087686154e-05
2.354999999999996e-05,3.3,0.8705672764285485,2.215584299912568,0.8705675746420768,2.698443179122247e-06,0.03772808706021605,2.454847516993797e-06,4.192251834411409e-05
2.364999999999995e-05,3.3,0.8705674560575708,2.215584305160974,0.8705675995399412,2.698442940550832e-06,0.03772812657811449,2.454846193784537e-06,4.192253089562816e-05
2.374999999999995e-05,3.3,0.8705672780778511,2.215584300340506,0.8705675745427888,2.698443161592993e-06,0.03772808721485917,2.454847503213591e-06,4.192251829404345e-05
2.384999999999995e-05,3.3,0.8705674540098204,2.215584305010717,0.8705675993447524,2.698442946922988e-06,0.0377281263203838,2.454846200962201e-06,4.192253079723057e-05
2.394999999999995e-05,3.3,0.8705672818874787,2.215584298595789,0.8705675766438759,2.698443231504003e-06,0.03772808813322601,2.454847539159647e-06,4.192251935334989e-05
2.404999999999995e-05,3.3,0.8705674514799246,2.215584305294904,0.8705675987768766,2.698442935818097e-06,0.0377281259357326,2.454846199575081e-06,4.192253051093242e-05
2.414999999999995e-05,3.3,0.8705672826518056,2.215584300162604,0.8705675754596107,2.698443168102491e-06,0.03772808791168334,2.454847500843256e-06,4.192251875626142e-05
2.424999999999995e-05,3.3,0.8705674507331945,2.215584303931974,0.8705675996317072,2.69844299098128e-06,0.03772812604679557,2.4548462301981e-06,4.192253094192851e-05
2.434999999999995e-05,3.3,0.8705672852863555,2.215584299564032,0.8705675762946437,2.698443191890954e-06,0.03772808838659261,2.45484750841352e-06,4.192251917725308e-05
2.444999999999995e-05,3.3,0.8705674484919845,2.21558430425516,0.8705675989107425,2.698442978257984e-06,0.03772812561187778,2.454846225164382e-06,4.192253057844647e-05
2.454999999999995e-05,3.3,0.8705672860868087,2.21558430075945,0.8705675756110312,2.698443143486209e-06,0.03772808833109192,2.454847481896583e-06,4.192251883258111e-05
2.464999999999995e-05,3.3,0.8705674453108319,2.215584305432926,0.8705675974710034,2.698442931155112e-06,0.03772812492975331,2.454846203763113e-06,4.192252985257542e-05
2.474999999999994e-05,3.3,0.8705672885747868,2.215584300198325,0.8705675766520449,2.698443165783852e-06,0.03772808887483932,2.45484749430925e-06,4.192251935742558e-05
2.484999999999994e-05,3.3,0.8705674447784887,2.215584303994029,0.8705675985223776,2.698442989355094e-06,0.03772812511395608,2.454846238538449e-06,4.192253038266271e-05
2.494999999999994e-05,3.3,0.8705672914747046,2.215584299274732,0.8705675777078253,2.698443202661504e-06,0.03772808942075154,2.454847507200991e-06,4.19225198897145e-05
2.504999999999994e-05,3.3,0.8705674427628172,2.215584304011768,0.8705675981947287,2.698442988936805e-06,0.03772812482072572,2.454846242085114e-06,4.192253021747995e-05
2.514999999999994e-05,3.3,0.8705672909899548,2.215584301733606,0.8705675756703349,2.698443103411929e-06,0.03772808889153341,2.454847450313112e-06,4.192251886245062e-05
2.524999999999994e-05,3.3,0.8705674393634584,2.215584305715108,0.8705675962563167,2.698442920636398e-06,0.03772812397266347,2.454846208980504e-06,4.192252924018981e-05
2.534999999999994e-05,3.3,0.8705672940004177,2.215584300449864,0.8705675771426629,2.698443154821039e-06,0.0377280895778984,2.454847472876123e-06,4.192251960475363e-05
2.544999999999994e-05,3.3,0.8705674383755652,2.215584304861368,0.8705675968216169,2.698442955267468e-06,0.03772812399320171,2.454846232473068e-06,4.192252952520959e-05
2.554999999999994e-05,3.3,0.8705672954154998,2.215584300854506,0.870567577074491,2.69844313826707e-06,0.03772808973049981,2.454847460586261e-06,4.192251957037377e-05
2.564999999999994e-05,3.3,0.8705674391091104,2.215584302244465,0.8705675989590671,2.698443060863669e-06,0.03772812456414609,2.454846291183603e-06,4.192253060287009e-05
2.574999999999993e-05,3.3,0.8705672977220958,2.215584300283404,0.8705675779339619,2.698443160994429e-06,0.0377280901956886,2.454847469827772e-06,4.192252000368778e-05
2.584999999999993e-05,3.3,0.8705674361051157,2.215584303526301,0.8705675973911075,2.69844300953082e-06,0.03772812385053368,2.454846266085816e-06,4.192252981235262e-05
2.594999999999993e-05,3.3,0.8705672987341269,2.215584300959913,0.870567577569251,2.698443133518537e-06,0.03772809023817705,2.454847451273898e-06,4.192251981979971e-05
2.604999999999993e-05,3.3,0.8705674342038884,2.215584303776435,0.8705675968588888,2.698442999708345e-06,0.03772812349593409,2.454846264423034e-06,4.192252954402984e-05
2.614999999999993e-05,3.3,0.8705673001851845,2.215584301189103,0.8705675777099692,2.698443124046173e-06,0.03772809045557382,2.454847444179285e-06,4.192251989073727e-05
2.624999999999993e-05,3.3,0.8705674334946317,2.215584302739841,0.8705675975785402,2.698443041684545e-06,0.03772812358067459,2.454846290750489e-06,4.192252990686988e-05
2.634999999999993e-05,3.3,0.8705673020686108,2.215584301096017,0.870567578192357,2.698443127527439e-06,0.03772809078843872,2.45484744499857e-06,4.19225201339363e-05
2.644999999999993e-05,3.3,0.8705674295180891,2.215584305128856,0.870567595102194,2.698442945773213e-06,0.03772812255430873,2.454846244990286e-06,4.192252865836454e-05
2.654999999999993e-05,3.3,0.8705673031500618,2.215584301498461,0.8705675779440168,2.69844311111178e-06,0.03772809086741619,2.45484742929723e-06,4.192252000872106e-05
2.664999999999993e-05,3.3,0.8705674303247892,2.215584302763272,0.8705675970191241,2.698443041206809e-06,0.03772812305696355,2.454846298215715e-06,4.192252962484346e-05
2.674999999999993e-05,3.3,0.870567304027934,2.215584302251224,0.8705675775357562,2.698443080575484e-06,0.03772809088511717,2.454847410354236e-06,4.192251980287709e-05
2.684999999999992e-05,3.3,0.8705674263447397,2.215584305294038,0.8705675943520932,2.698442939570314e-06,0.03772812197173891,2.45484624769339e-06,4.192252828019889e-05
2.694999999999992e-05,3.3,0.8705673071277467,2.215584300677281,0.8705675792024951,2.69844314369312e-06,0.03772809162550064,2.454847438124481e-06,4.19225206431988e-05
2.704999999999992e-05,3.3,0.8705674274151234,2.21558430255413,0.8705675968650852,2.698443050085148e-06,0.03772812268500757,2.454846314183042e-06,4.192252954719669e-05
2.714999999999992e-05,3.3,0.8705673063260919,2.215584303005997,0.8705675773914137,2.698443049747919e-06,0.03772809115330829,2.454847387681872e-06,4.192251973008625e-05
2.724999999999992e-05,3.3,0.8705674242205507,2.215584304317472,0.870567594816834,2.698442979331156e-06,0.03772812181697562,2.454846277480227e-06,4.192252851452695e-05
2.734999999999992e-05,3.3,0.8705673096662616,2.215584301001348,0.8705675794230652,2.698443130227678e-06,0.03772809201608997,2.454847423952043e-06,4.192252075438816e-05
2.744999999999992e-05,3.3,0.8705674243480566,2.215584302847164,0.8705675960356779,2.698443038702211e-06,0.03772812208413266,2.454846314534703e-06,4.192252912904577e-05
2.754999999999992e-05,3.3,0.8705673095895364,2.215584302545897,0.8705675781976309,2.698443067850099e-06,0.03772809174530536,2.454847386837488e-06,4.19225201365459e-05
2.764999999999992e-05,3.3,0.8705674223253719,2.215584303426852,0.8705675951267755,2.698443015586187e-06,0.03772812161627083,2.45484630328536e-06,4.192252867080731e-05
2.774999999999992e-05,3.3,0.8705673110477159,2.215584302580295,0.8705675784211261,2.698443066244646e-06,0.03772809197419011,2.454847382657004e-06,4.192252024921893e-05
2.784999999999991e-05,3.3,0.8705674192318432,2.215584305230476,0.8705675931871855,2.69844294319e-06,0.03772812078964845,2.454846268827018e-06,4.192252769292076e-05
2.794999999999991e-05,3.3,0.8705673129803628,2.215584302012807,0.8705675790900282,2.698443088881415e-06,0.03772809235867775,2.454847388464305e-06,4.192252058645613e-05
2.804999999999991e-05,3.3,0.8705674206227523,2.215584302287169,0.8705675958107864,2.698443061873461e-06,0.03772812155146345,2.454846337185329e-06,4.192252901568427e-05
2.814999999999991e-05,3.3,0.8705673140157412,2.215584302358104,0.8705675790555617,2.698443074780424e-06,0.03772809249296777,2.454847378769397e-06,4.192252056907076e-05
2.824999999999991e-05,3.3,0.8705674186413167,2.215584302997724,0.8705675949287671,2.698443033465156e-06,0.03772812109620919,2.454846326359054e-06,4.192252857099897e-05
2.834999999999991e-05,3.3,0.8705673162447574,2.215584301288342,0.8705675801696933,2.698443117661738e-06,0.03772809302787138,2.454847394883759e-06,4.192252113078232e-05
2.844999999999991e-05,3.3,0.8705674164770472,2.215584303863914,0.8705675940856419,2.698442998797305e-06,0.03772812065826051,2.454846316198811e-06,4.192252814592266e-05
2.854999999999991e-05,3.3,0.8705673150164106,2.215584304088304,0.8705675777359305,2.698443004744231e-06,0.03772809232968942,2.454847330958381e-06,4.192251990373073e-05
2.864999999999991e-05,3.3,0.8705674159075967,2.215584303112935,0.8705675944789169,2.698443029216082e-06,0.03772812065245601,2.454846333755614e-06,4.192252834420988e-05
2.874999999999991e-05,3.3,0.8705673170244349,2.215584303057033,0.8705675790436964,2.69844304610362e-06,0.03772809292540252,2.454847351863478e-06,4.19225205630667e-05
2.884999999999991e-05,3.3,0.8705674147902549,2.215584303112551,0.8705675942655755,2.698443029396794e-06,0.03772812043396884,2.454846337749363e-06,4.192252823665555e-05
2.89499999999999e-05,3.3,0.8705673191780832,2.215584302160524,0.8705675801035784,2.698443081997451e-06,0.03772809343549784,2.454847367129924e-06,4.192252109742665e-05
2.90499999999999e-05,3.3,0.8705674138838412,2.215584302646835,0.8705675944056237,2.698443048342883e-06,0.03772812034107303,2.454846349537829e-06,4.192252830727104e-05
2.91499999999999e-05,3.3,0.8705673204720806,2.215584302141494,0.8705675801939686,2.698443082574542e-06,0.03772809360745778,2.454847360578898e-06,4.192252114299279e-05
2.92499999999999e-05,3.3,0.8705674121650104,2.215584303316299,0.8705675936103484,2.698443021555343e-06,0.03772811992442982,2.454846340156077e-06,4.192252790631949e-05
2.93499999999999e-05,3.3,0.8705673217811776,2.215584301803897,0.8705675807919211,2.698443096017627e-06,0.03772809395538539,2.454847365529449e-06,4.19225214444594e-05
2.94499999999999e-05,3.3,0.8705674111601281,2.215584303159146,0.8705675936652923,2.698443028051943e-06,0.03772811980466283,2.454846349881032e-06,4.192252793402706e-05
2.95499999999999e-05,3.3,0.8705673214388416,2.215584303424933,0.8705675793965132,2.69844303058947e-06,0.03772809360682886,2.4548473257132e-06,4.192252074092181e-05
2.96499999999999e-05,3.3,0.8705674097686261,2.21558430342201,0.8705675932175172,2.698443017640093e-06,0.03772811951359555,2.454846348042338e-06,4.192252770827607e-05
2.97499999999999e-05,3.3,0.8705673223087256,2.215584303673448,0.8705675792593175,2.698443020422437e-06,0.03772809369640866,2.454847314230632e-06,4.192252067174499e-05
2.98499999999999e-05,3.3,0.8705674087956371,2.215584303290536,0.8705675931255666,2.698443023094736e-06,0.03772811934914092,2.45484635405037e-06,4.19225276619232e-05
2.994999999999989e-05,3.3,0.8705673238780922,2.215584303158079,0.8705675800077994,2.698443041007517e-06,0.03772809409029922,2.454847322964229e-06,4.192252104910512e-05
3.004999999999989e-05,3.3,0.8705674078702181,2.215584303271864,0.8705675928937091,2.698443023985816e-06,0.03772811913364002,2.454846357045846e-06,4.192252754503313e-05
3.014999999999989e-05,3.3,0.8705673247608069,2.215584303282727,0.8705675800285307,2.698443035842038e-06,0.03772809422829931,2.454847315445202e-06,4.192252105955068e-05
3.024999999999989e-05,3.3,0.8705674075580709,2.215584302550074,0.8705675935582956,2.698443053187253e-06,0.03772811923347663,2.45484638006227e-06,4.192252788010711e-05
3.034999999999989e-05,3.3,0.8705673251750139,2.215584303944879,0.870567579662477,2.698443009034234e-06,0.03772809423074691,2.454847299280854e-06,4.192252087498913e-05
3.044999999999989e-05,3.3,0.8705674066008665,2.215584302230571,0.870567593481832,2.698443066235169e-06,0.03772811907924623,2.454846386105863e-06,4.192252784156266e-05
3.054999999999989e-05,3.3,0.870567327699584,2.215584302358975,0.870567581425113,2.698443072720068e-06,0.0377280949709401,2.454847331274838e-06,4.192252176366185e-05
3.064999999999989e-05,3.3,0.870567403543245,2.215584304555344,0.8705675912304778,2.698442972782602e-06,0.03772811816810991,2.454846343173941e-06,4.192252670648973e-05
3.074999999999989e-05,3.3,0.8705673272956282,2.21558430382308,0.8705675799566968,2.698443013640247e-06,0.03772809459100657,2.454847290154853e-06,4.192252102331639e-05
3.08499999999999e-05,3.3,0.8705674041048368,2.215584303034372,0.8705675927357285,2.698443034136099e-06,0.03772811856245128,2.454846385025127e-06,4.192252746540631e-05
3.09499999999999e-05,3.3,0.8705673291884785,2.215584302816668,0.8705675810172474,2.698443054012153e-06,0.03772809508222558,2.454847306594225e-06,4.192252155801486e-05
3.10499999999999e-05,3.3,0.8705674042981493,2.215584301728224,0.8705675936431524,2.698443086867187e-06,0.03772811875251448,2.45484641313054e-06,4.192252792291332e-05
3.11499999999999e-05,3.3,0.8705673286692753,2.215584304376043,0.8705675798725636,2.698442991100893e-06,0.03772809480861165,2.454847273202341e-06,4.192252098088638e-05
3.124999999999991e-05,3.3,0.8705674023130754,2.215584302770834,0.8705675925365391,2.698443045046845e-06,0.03772811824824981,2.454846395469336e-06,4.192252736499172e-05
3.134999999999991e-05,3.3,0.8705673311822868,2.215584302641948,0.870567581668527,2.698443060774451e-06,0.03772809555514318,2.454847306257576e-06,4.192252188636207e-05
3.144999999999991e-05,3.3,0.8705674016654915,2.215584302570424,0.8705675925108922,2.698443053237808e-06,0.03772811811509813,2.454846402467856e-06,4.192252735206656e-05
3.154999999999991e-05,3.3,0.8705673314069831,2.215584303379245,0.8705675809590733,2.698443030959361e-06,0.03772809542915896,2.454847282871214e-06,4.192252152866759e-05
3.164999999999992e-05,3.3,0.870567400180921,2.215584303171647,0.8705675918770931,2.698443029172406e-06,0.03772811777274693,2.454846395628199e-06,4.192252703252602e-05
3.174999999999992e-05,3.3,0.8705673324430849,2.215584303226004,0.870567581188132,2.698443036995809e-06,0.03772809562931586,2.454847280673911e-06,4.192252164414817e-05
3.184999999999992e-05,3.3,0.870567400224383,2.215584302308289,0.8705675926229868,2.69844306403955e-06,0.03772811791325411,2.454846419714082e-06,4.192252740859252e-05
3.194999999999992e-05,3.3,0.8705673333554704,2.215584303077129,0.8705675816151993,2.698443042874413e-06,0.03772809589682912,2.454847283055712e-06,4.192252185945996e-05
3.204999999999993e-05,3.3,0.8705673988178557,2.215584302894218,0.8705675919133508,2.698443040580348e-06,0.03772811754830602,2.454846410923496e-06,4.19225270508162e-05
3.214999999999993e-05,3.3,0.8705673349194224,2.215584302330482,0.8705675823381409,2.698443072802257e-06,0.03772809626667827,2.454847292114652e-06,4.192252222394468e-05
3.224999999999993e-05,3.3,0.8705673977051994,2.215584303157544,0.8705675915680292,2.69844303010849e-06,0.03772811731065155,2.454846410318009e-06,4.1922526876718e-05
3.234999999999993e-05,3.3,0.8705673349649281,2.215584303111467,0.8705675817833919,2.698443041249114e-06,0.03772809618937129,2.45484727255181e-06,4.192252194424925e-05
3.244999999999993e-05,3.3,0.870567396840386,2.215584303318241,0.8705675912867908,2.698443023745276e-06,0.03772811709836799,2.454846410965479e-06,4.192252673492892e-05
3.254999999999994e-05,3.3,0.8705673364469317,2.21558430243713,0.8705675823383896,2.698443068268246e-06,0.03772809650023611,2.454847277848252e-06,4.192252222406139e-05
3.264999999999994e-05,3.3,0.8705673966979437,2.215584302618701,0.8705675919393148,2.69844305202305e-06,0.03772811720873199,2.454846432809883e-06,4.192252706392001e-05
3.274999999999994e-05,3.3,0.8705673351863421,2.215584304576804,0.870567580409662,2.698442982026681e-06,0.0377280959428737,2.454847227428673e-06,4.192252125163853e-05
3.284999999999994e-05,3.3,0.8705673958340366,2.215584302639495,0.8705675917199848,2.698443051311224e-06,0.03772811702185145,2.454846434608974e-06,4.192252695334443e-05
3.294999999999995e-05,3.3,0.8705673362204366,2.21558430414047,0.870567581107452,2.698442999498599e-06,0.03772809629731971,2.454847236356589e-06,4.192252160344237e-05
3.304999999999995e-05,3.3,0.8705673952651195,2.215584302454515,0.8705675916838986,2.698443058867447e-06,0.03772811689943347,2.454846440493812e-06,4.192252693515609e-05
3.314999999999995e-05,3.3,0.8705673366030598,2.215584304531024,0.8705675808898885,2.69844298366613e-06,0.03772809633025601,2.454847224823205e-06,4.192252149374678e-05
3.324999999999995e-05,3.3,0.8705673937315594,2.215584303401895,0.8705675905898131,2.698443020826672e-06,0.03772811641124096,2.4548464223897e-06,4.192252638354946e-05
3.334999999999996e-05,3.3,0.8705673379401637,2.21558430404031,0.8705675814218847,2.698443003289472e-06,0.03772809662333917,2.454847230215605e-06,4.192252176196193e-05
3.344999999999996e-05,3.3,0.8705673925413658,2.215584303815983,0.8705675902510748,2.698443004276761e-06,0.03772811618578228,2.454846421342866e-06,4.192252621277015e-05
3.354999999999996e-05,3.3,0.87056733960919,2.21558430287786,0.8705675825395368,2.698443049997595e-06,0.03772809712062836,2.454847248776742e-06,4.192252232545112e-05
3.364999999999996e-05,3.3,0.8705673924431182,2.215584303278731,0.8705675907405978,2.698443025992432e-06,0.03772811624715897,2.454846439039464e-06,4.192252645957929e-05
3.374999999999997e-05,3.3,0.8705673380915033,2.215584305150555,0.8705675804953067,2.698442958421076e-06,0.03772809651714572,2.45484719611791e-06,4.192252129479513e-05
3.384999999999997e-05,3.3,0.8705673932335697,2.215584301722063,0.8705675920468593,2.698443088754339e-06,0.03772811659727971,2.454846474849955e-06,4.19225271181702e-05
3.394999999999997e-05,3.3,0.8705673420065242,2.215584301880614,0.8705675837222708,2.698443089924318e-06,0.03772809773932504,2.454847262786614e-06,4.192252292174822e-05
3.404999999999997e-05,3.3,0.8705673912913803,2.215584303070552,0.8705675907379289,2.698443034572122e-06,0.03772811603600785,2.454846451818484e-06,4.192252645824242e-05
3.414999999999998e-05,3.3,0.8705673399017065,2.215584304676823,0.870567581236139,2.698442977288347e-06,0.03772809698235696,2.454847200156864e-06,4.19225216682967e-05
3.424999999999998e-05,3.3,0.8705673924306796,2.215584301201763,0.8705675923439731,2.698443109889771e-06,0.03772811649179989,2.454846494302819e-06,4.192252726797597e-05
3.434999999999998e-05,3.3,0.8705673433230076,2.215584301885857,0.8705675839466298,2.698443089517529e-06,0.03772809802242155,2.45484725532518e-06,4.192252303485606e-05
3.444999999999998e-05,3.3,0.870567389497213,2.215584303476207,0.870567590126134,2.698443018452296e-06,0.03772811562027405,2.454846450414806e-06,4.192252614979864e-05
3.454999999999999e-05,3.3,0.8705673410632784,2.215584304797971,0.8705675812083997,2.698442972222727e-06,0.0377280971750909,2.454847187159767e-06,4.192252165430308e-05
3.464999999999999e-05,3.3,0.8705673896305604,2.215584302851107,0.8705675905633561,2.698443043682244e-06,0.03772811567305837,2.454846466330442e-06,4.192252637023973e-05
3.474999999999999e-05,3.3,0.870567343684595,2.21558430259689,0.870567583436896,2.698443060743309e-06,0.03772809804869854,2.454847231396142e-06,4.192252277785294e-05
3.484999999999999e-05,3.3,0.8705673888531941,2.215584302999406,0.8705675904997825,2.698443037807099e-06,0.03772811554994075,2.454846471084362e-06,4.192252633819088e-05
3.495e-05,3.3,0.8705673440779206,2.215584302789426,0.8705675831410461,2.698443052908023e-06,0.03772809804542787,2.454847218618255e-06,4.192252262868901e-05
3.505e-05,3.3,0.8705673893886584,2.21558430186011,0.8705675914807581,2.698443083747483e-06,0.03772811578934775,2.454846499419278e-06,4.192252683277874e-05
3.515e-05,3.3,0.8705673432688306,2.215584304254418,0.870567581915647,2.698442993852004e-06,0.03772809771658017,2.454847185049741e-06,4.192252201086843e-05
3.525e-05,3.3,0.8705673877149028,2.215584303044963,0.8705675901109698,2.698443036135469e-06,0.03772811522172445,2.454846474086195e-06,4.192252614216858e-05
3.535000000000001e-05,3.3,0.8705673435762626,2.215584304611091,0.870567581629001,2.698442979399221e-06,0.03772809771256426,2.454847172738518e-06,4.19225218663443e-05
3.545000000000001e-05,3.3,0.8705673874767795,2.21558430258971,0.8705675905199972,2.698443054559991e-06,0.03772811526923719,2.454846489103041e-06,4.192252634839451e-05
3.555000000000001e-05,3.3,0.8705673447636453,2.21558430384419,0.870567582608769,2.698443010201006e-06,0.03772809814757667,2.454847189092284e-06,4.192252236031538e-05
3.565000000000001e-05,3.3,0.8705673878633702,2.215584301766682,0.8705675912514158,2.698443087747356e-06,0.03772811542897844,2.454846511380269e-06,4.192252671716258e-05
3.575000000000002e-05,3.3,0.8705673446620352,2.215584304661041,0.8705675818989614,2.698442977220579e-06,0.03772809799334906,2.4548471674265e-06,4.192252200244315e-05
3.585000000000002e-05,3.3,0.8705673875911101,2.215584301431862,0.8705675913954498,2.698443101312237e-06,0.03772811538801352,2.454846520180116e-06,4.192252678978508e-05
3.595000000000002e-05,3.3,0.870567347557287,2.21558430210632,0.8705675844004772,2.698443079985165e-06,0.03772809895318865,2.454847218345876e-06,4.192252326364369e-05
3.605000000000002e-05,3.3,0.870567384570052,2.215584304016373,0.8705675889565887,2.698442997363008e-06,0.03772811444874031,2.454846470757934e-06,4.192252556017301e-05
3.615000000000002e-05,3.3,0.8705673472902488,2.215584302980872,0.8705675835146347,2.698443044698731e-06,0.03772809873866807,2.454847192641088e-06,4.192252281702074e-05
3.625000000000003e-05,3.3,0.8705673850685299,2.215584303010975,0.8705675899776637,2.69844303790042e-06,0.03772811470981067,2.454846499543004e-06,4.192252607497746e-05
3.635000000000003e-05,3.3,0.8705673462844518,2.215584304377981,0.8705675821988503,2.698442988414219e-06,0.03772809837206145,2.454847157404741e-06,4.192252215363077e-05
3.645000000000003e-05,3.3,0.8705673861873411,2.215584301419398,0.8705675912180676,2.698443102023468e-06,0.03772811505152562,2.454846532970601e-06,4.192252670036331e-05
3.655000000000003e-05,3.3,0.8705673499769132,2.215584301205276,0.8705675852940536,2.698443116022783e-06,0.03772809953630161,2.454847221839334e-06,4.192252371415366e-05
3.665000000000004e-05,3.3,0.8705673837213599,2.215584303468824,0.8705675895183399,2.698443019605818e-06,0.03772811437070074,2.454846500155451e-06,4.192252584340327e-05
3.675000000000004e-05,3.3,0.8705673473928318,2.215584304377341,0.870567582251839,2.698442988275668e-06,0.03772809857066738,2.454847147582877e-06,4.192252218033975e-05
3.685000000000004e-05,3.3,0.8705673857689787,2.215584300871736,0.87056759174381,2.698443124207319e-06,0.03772811505760458,2.454846555640261e-06,4.192252696543609e-05
3.695000000000004e-05,3.3,0.8705673497209157,2.215584302494539,0.8705675843082327,2.698443063983083e-06,0.03772809936903095,2.454847188893788e-06,4.192252321712021e-05
3.705000000000005e-05,3.3,0.8705673843166886,2.215584301952341,0.87056759066084,2.698443080773328e-06,0.03772811459514726,2.454846536463469e-06,4.192252641943154e-05
3.715000000000005e-05,3.3,0.8705673492082568,2.215584303358594,0.8705675835229161,2.698443029157392e-06,0.03772809918032345,2.454847166024971e-06,4.192252282117943e-05
3.725000000000005e-05,3.3,0.8705673836964053,2.215584302075441,0.8705675905732461,2.698443075892891e-06,0.0377281144791568,2.454846539723593e-06,4.192252637527285e-05
3.735000000000005e-05,3.3,0.8705673493811632,2.215584303624188,0.8705675833325242,2.698443018403478e-06,0.03772809919832844,2.454847156586056e-06,4.192252272518488e-05
3.745000000000006e-05,3.3,0.8705673843093563,2.215584300953173,0.8705675913950224,2.698443121134193e-06,0.03772811468227668,2.454846563286178e-06,4.192252678959562e-05
3.755000000000006e-05,3.3,0.8705673508121502,2.215584302575899,0.8705675844688557,2.698443060535171e-06,0.03772809967548314,2.45484717721128e-06,4.19225232980925e-05
3.765000000000006e-05,3.3,0.8705673831192602,2.21558430189314,0.8705675904423266,2.698443083342053e-06,0.03772811426776959,2.454846546885034e-06,4.192252630927289e-05
3.775000000000006e-05,3.3,0.8705673512140746,2.215584302608729,0.8705675844425208,2.698443059149481e-06,0.03772809974965578,2.454847171520112e-06,4.19225232848117e-05
3.785000000000007e-05,3.3,0.870567383359059,2.215584301110692,0.8705675913258972,2.698443114912246e-06,0.0377281144934716,2.454846571815747e-06,4.192252675475097e-05
3.795000000000007e-05,3.3,0.8705673502366673,2.215584304083744,0.8705675830769789,2.698442999713534e-06,0.03772809935471171,2.454847135839154e-06,4.192252259633492e-05
3.805000000000007e-05,3.3,0.8705673827402937,2.215584301326862,0.8705675909058525,2.698443106272236e-06,0.03772811426834585,2.454846567156275e-06,4.192252654297842e-05
3.815000000000007e-05,3.3,0.8705673531347271,2.215584301386306,0.8705675857500704,2.698443108242574e-06,0.03772810036477479,2.454847191209578e-06,4.192252394403984e-05
3.825000000000008e-05,3.3,0.8705673814294396,2.215584302335414,0.8705675899761377,2.698443065727687e-06,0.03772811386476866,2.454846551102965e-06,4.192252607424097e-05
3.835000000000008e-05,3.3,0.8705673524294089,2.215584302577593,0.8705675845965354,2.698443060227124e-06,0.03772810004380513,2.454847160288551e-06,4.192252336245354e-05
3.845000000000008e-05,3.3,0.8705673817598022,2.215584301525751,0.8705675906019704,2.698443098383709e-06,0.03772811399981248,2.454846570253413e-06,4.192252638977282e-05
3.855000000000008e-05,3.3,0.8705673520645669,2.215584303232256,0.8705675840853516,2.698443033837308e-06,0.03772809994562545,2.454847143903858e-06,4.192252310472393e-05
3.865000000000009e-05,3.3,0.8705673815228717,2.2155843014907,0.8705675906193394,2.698443099834493e-06,0.03772811393151712,2.454846575190998e-06,4.192252639853328e-05
3.875000000000009e-05,3.3,0.8705673517580261,2.215584304031927,0.8705675833997992,2.698443001581262e-06,0.0377280997849705,2.454847123695269e-06,4.192252275908145e-05
3.885000000000009e-05,3.3,0.8705673806192578,2.215584301981093,0.8705675900547217,2.698443080160047e-06,0.03772811365909663,2.45484656710122e-06,4.19225261138699e-05
3.895000000000009e-05,3.3,0.8705673527721933,2.215584303351255,0.8705675841664258,2.698443028925515e-06,0.03772810012620614,2.454847136430646e-06,4.192252314559311e-05
3.90500000000001e-05,3.3,0.8705673801779341,2.215584302037539,0.8705675899955067,2.698443077945405e-06,0.03772811356467914,2.454846570281677e-06,4.192252608401763e-05
3.91500000000001e-05,3.3,0.8705673523873092,2.215584304141339,0.8705675833702856,2.698442997068384e-06,0.03772809992512705,2.454847113835522e-06,4.19225227441953e-05
3.92500000000001e-05,3.3,0.8705673786556323,2.215584303324976,0.8705675886469079,2.698443026167071e-06,0.03772811301937234,2.454846544524351e-06,4.192252540408998e-05
3.93500000000001e-05,3.3,0.8705673536297078,2.215584303141095,0.8705675842847209,2.698443037287479e-06,0.03772810031698052,2.454847129935598e-06,4.192252320522929e-05
3.945000000000011e-05,3.3,0.8705673794161685,2.21558430201164,0.8705675898545648,2.698443079104556e-06,0.03772811336476518,2.454846576316589e-06,4.192252601296345e-05
3.955000000000011e-05,3.3,0.8705673533615751,2.215584303999931,0.8705675835952402,2.698443002635663e-06,0.03772810015078696,2.454847109899316e-06,4.192252285760742e-05
3.965000000000011e-05,3.3,0.8705673798465159,2.215584301331483,0.8705675905352387,2.698443106514494e-06,0.03772811353054992,2.454846596009383e-06,4.192252635614579e-05
3.975000000000011e-05,3.3,0.8705673570593765,2.215584300270117,0.8705675871127292,2.698443152747385e-06,0.03772810144330353,2.454847184981976e-06,4.192252463103811e-05
3.985000000000011e-05,3.3,0.870567379324491,2.215584301564682,0.8705675903374243,2.698443097171999e-06,0.03772811338419865,2.454846596295311e-06,4.192252625641439e-05
3.995000000000012e-05,3.3,0.870567354622248,2.215584303242261,0.8705675842255111,2.698443033053774e-06,0.03772810051577038,2.454847115183797e-06,4.192252317536973e-05
4.005000000000012e-05,3.3,0.8705673788477575,2.215584301749236,0.8705675900633053,2.698443089787986e-06,0.03772811322093096,2.454846594259342e-06,4.192252611821284e-05
4.015000000000012e-05,3.3,0.8705673538016213,2.215584304354489,0.8705675834218556,2.698442988248942e-06,0.03772810030619817,2.45484709281105e-06,4.192252277018287e-05
4.025000000000012e-05,3.3,0.8705673785388396,2.215584301696615,0.8705675899121018,2.69844309195944e-06,0.0377281130991954,2.454846595058438e-06,4.192252604198298e-05
4.035000000000013e-05,3.3,0.870567355657402,2.215584302693206,0.870567584922617,2.698443055078661e-06,0.0377281008937875,2.454847122628107e-06,4.19225235268279e-05
4.045000000000013e-05,3.3,0.8705673779289208,2.215584302082415,0.8705675896396268,2.698443076466092e-06,0.03772811293488179,2.454846593179173e-06,4.192252590461012e-05
4.055000000000013e-05,3.3,0.8705673548918382,2.215584303889705,0.8705675839153747,2.698443006861435e-06,0.03772810061547661,2.454847095525169e-06,4.192252301899828e-05
4.065000000000013e-05,3.3,0.8705673780902172,2.215584301503886,0.8705675900530637,2.698443099811067e-06,0.03772811301118576,2.4548466066156e-06,4.19225261130579e-05
4.075000000000014e-05,3.3,0.8705673564677799,2.215584302496586,0.8705675852123796,2.698443062900445e-06,0.03772810113235463,2.454847120743902e-06,4.192252367291407e-05
4.085000000000014e-05,3.3,0.8705673780361647,2.215584301479608,0.8705675901473054,2.698443100799503e-06,0.03772811297680888,2.45484661285648e-06,4.192252616057434e-05
4.095000000000014e-05,3.3,0.8705673558670679,2.215584303265098,0.8705675846905242,2.698443031946889e-06,0.03772810101696356,2.45484710495484e-06,4.192252340980502e-05
4.105000000000014e-05,3.3,0.8705673779211326,2.215584301224261,0.870567590224712,2.698443111131064e-06,0.03772811293706698,2.454846618662267e-06,4.192252619960363e-05
4.115000000000015e-05,3.3,0.8705673575327832,2.215584301954451,0.870567585844617,2.698443084641245e-06,0.03772810148328492,2.454847126996313e-06,4.192252399166867e-05
4.125000000000015e-05,3.3,0.8705673762835944,2.215584302520921,0.8705675890595481,2.698443058997511e-06,0.03772811246626429,2.454846596407017e-06,4.192252561215826e-05
4.135000000000015e-05,3.3,0.8705673560461745,2.215584303777484,0.8705675841100975,2.69844301122329e-06,0.0377281009494727,2.454847083636187e-06,4.192252311716357e-05
4.145000000000015e-05,3.3,0.8705673767636443,2.21558430188453,0.8705675896247608,2.698443084632115e-06,0.0377281125974011,2.454846613151135e-06,4.192252589712702e-05
4.155000000000016e-05,3.3,0.8705673559985426,2.215584304021331,0.8705675840810253,2.698443001380496e-06,0.03772810100160476,2.45484707919468e-06,4.192252310250328e-05
4.165000000000016e-05,3.3,0.8705673769079871,2.215584301375881,0.8705675900207388,2.698443105156892e-06,0.03772811267049721,2.45484662602405e-06,4.19225260967725e-05
4.175000000000016e-05,3.3,0.8705673582748337,2.215584302007251,0.8705675859051625,2.698443082398331e-06,0.03772810169871187,2.454847116482929e-06,4.192252402218676e-05
4.185000000000016e-05,3.3,0.8705673761031812,2.215584301904514,0.8705675894897096,2.698443083922962e-06,0.03772811242455674,2.454846617793778e-06,4.192252582904226e-05
4.195000000000017e-05,3.3,0.870567357022415,2.215584303678523,0.8705675843854545,2.698443015075677e-06,0.03772810123358095,2.454847078342951e-06,4.192252325598468e-05
4.205000000000017e-05,3.3,0.8705673766694673,2.215584301062524,0.8705675902825625,2.698443117849831e-06,0.03772811263608832,2.454846639599583e-06,4.192252622878181e-05
4.215000000000017e-05,3.3,0.8705673588843008,2.215584301806266,0.8705675861753202,2.698443090426553e-06,0.0377281019174542,2.45484711494971e-06,4.192252415839005e-05
4.225000000000017e-05,3.3,0.8705673760209547,2.215584301509391,0.8705675897482604,2.698443099895559e-06,0.03772811238828252,2.454846631331226e-06,4.192252595940147e-05
4.235000000000018e-05,3.3,0.8705673578403407,2.215584303292901,0.8705675848838035,2.698443030530933e-06,0.03772810152934235,2.454847082104379e-06,4.192252350723593e-05
4.245000000000018e-05,3.3,0.8705673757089313,2.215584301747969,0.8705675895276,2.698443090304694e-06,0.03772811225224872,2.454846629983273e-06,4.192252584815213e-05
4.255000000000018e-05,3.3,0.8705673583295153,2.215584302869827,0.8705675853460204,2.69844304754794e-06,0.03772810175075307,2.45484708882296e-06,4.19225237402727e-05
4.265000000000018e-05,3.3,0.8705673750301471,2.215584302278097,0.8705675890356724,2.698443068991629e-06,0.03772811201948887,2.454846622664625e-06,4.192252560013591e-05
4.275000000000019e-05,3.3,0.8705673576719223,2.215584303909684,0.8705675842030063,2.698443005641959e-06,0.03772810141403554,2.454847059311887e-06,4.192252316399049e-05
4.285000000000019e-05,3.3,0.8705673744369974,2.215584302489288,0.8705675888014474,2.698443060549062e-06,0.03772811188144827,2.454846620840707e-06,4.192252548204727e-05
4.295000000000019e-05,3.3,0.8705673577825391,2.21558430395805,0.8705675843244745,2.698443003671984e-06,0.03772810151458025,2.454847058502537e-06,4.192252322522924e-05
4.305000000000019e-05,3.3,0.870567374248236,2.215584302543813,0.8705675886721622,2.698443058374655e-06,0.03772811177942861,2.454846621407453e-06,4.192252541686746e-05
4.31500000000002e-05,3.3,0.8705673590678953,2.215584302847006,0.8705675852885898,2.698443048360193e-06,0.03772810190815504,2.454847076668477e-06,4.192252371131135e-05
4.32500000000002e-05,3.3,0.8705673752895603,2.215584301152513,0.8705675898696599,2.698443114419633e-06,0.03772811213407991,2.454846652178859e-06,4.192252602061883e-05
4.33500000000002e-05,3.3,0.8705673575647579,2.215584304538732,0.8705675837874747,2.698442980248513e-06,0.03772810144442756,2.454847039261516e-06,4.192252295448275e-05
4.34500000000002e-05,3.3,0.8705673740569835,2.215584302288301,0.8705675888923886,2.698443068724087e-06,0.03772811174009232,2.454846633462969e-06,4.192252552790436e-05
4.35500000000002e-05,3.3,0.8705673583922476,2.215584303910792,0.870567584583649,2.698443005490347e-06,0.03772810177668028,2.454847053850121e-06,4.192252335589243e-05
4.365000000000021e-05,3.3,0.870567373945569,2.215584302187241,0.8705675888883738,2.698443072822726e-06,0.03772811168514357,2.45484663663777e-06,4.192252552588213e-05
4.375000000000021e-05,3.3,0.8705673590237322,2.215584303587701,0.8705675849338343,2.698443018447354e-06,0.03772810195263828,2.454847058437494e-06,4.192252353244547e-05
4.385000000000021e-05,3.3,0.8705673722164256,2.215584303682902,0.8705675874894985,2.698443012664528e-06,0.0377281111422287,2.454846608546627e-06,4.192252482060501e-05
4.395000000000021e-05,3.3,0.8705673601276819,2.215584302444558,0.8705675859343767,2.698443064459339e-06,0.03772810235761952,2.454847077502945e-06,4.1922524036894e-05
4.405000000000022e-05,3.3,0.8705673741793173,2.215584301355095,0.8705675897279985,2.698443106401556e-06,0.03772811186103409,2.454846662679468e-06,4.192252594920375e-05
4.415000000000022e-05,3.3,0.8705673585626255,2.215584304359734,0.870567584150358,2.698442987330737e-06,0.0377281017924969,2.454847033892801e-06,4.192252313743263e-05
4.425000000000022e-05,3.3,0.870567374082296,2.215584301380964,0.870567589645295,2.698443105370943e-06,0.03772811178230524,2.454846663865133e-06,4.192252590750933e-05
4.435000000000022e-05,3.3,0.8705673614443654,2.215584301592038,0.8705675867294684,2.698443098699939e-06,0.03772810273914626,2.454847089006436e-06,4.192252443775565e-05
4.445000000000023e-05,3.3,0.870567371904913,2.215584303321106,0.8705675879029912,2.698443027325104e-06,0.03772811112116788,2.454846627963826e-06,4.19225250290829e-05
4.455000000000023e-05,3.3,0.8705673607499986,2.215584302568763,0.8705675857140188,2.698443059349679e-06,0.03772810244335946,2.45484706258967e-06,4.192252392578998e-05
4.465000000000023e-05,3.3,0.8705673717543954,2.215584303382204,0.8705675877787894,2.698443024879303e-06,0.03772811102597384,2.454846628336758e-06,4.192252496646394e-05
4.475000000000023e-05,3.3,0.8705673599590386,2.215584303592657,0.8705675847176616,2.698443018108491e-06,0.03772810215165923,2.454847036766306e-06,4.192252342344961e-05
4.485000000000024e-05,3.3,0.8705673737439631,2.215584301142785,0.8705675901028085,2.698443115042014e-06,0.0377281117816321,2.45484668398161e-06,4.192252613818084e-05
4.495000000000024e-05,3.3,0.8705673622799162,2.215584301177182,0.870567587055544,2.698443115333563e-06,0.03772810301311202,2.454847086529996e-06,4.192252460215135e-05
4.505000000000024e-05,3.3,0.8705673723983516,2.21558430240307,0.8705675887493909,2.69844306433428e-06,0.03772811125868856,2.454846656641614e-06,4.192252545582102e-05
4.515000000000024e-05,3.3,0.8705673597583725,2.215584303896788,0.8705675844669961,2.698443005853596e-06,0.03772810216731307,2.454847024827355e-06,4.192252329706665e-05
4.525000000000025e-05,3.3,0.8705673733854332,2.215584301329371,0.8705675897601467,2.698443107558115e-06,0.03772811155928142,2.454846682548685e-06,4.192252596542219e-05
4.535000000000025e-05,3.3,0.8705673620591938,2.21558430177528,0.8705675865489905,2.698443091207034e-06,0.03772810293884585,2.454847068880069e-06,4.192252434675557e-05
4.545000000000025e-05,3.3,0.8705673718698419,2.215584302675068,0.8705675884392854,2.698443053425686e-06,0.03772811105092294,2.454846655755582e-06,4.19225252994771e-05
4.555000000000025e-05,3.3,0.8705673593284678,2.215584304767662,0.8705675838042407,2.698442970739614e-06,0.03772810203715093,2.454847003762356e-06,4.19225229629176e-05
4.565000000000026e-05,3.3,0.870567374113771,2.215584300257473,0.8705675905906879,2.698443150747825e-06,0.03772811175083878,2.45484670720879e-06,4.192252638416482e-05
4.575000000000026e-05,3.3,0.8705673608255226,2.215584303310212,0.8705675852835124,2.6984430293888e-06,0.03772810259465388,2.454847034496554e-06,4.19225237087273e-05
4.585000000000026e-05,3.3,0.870567371454752,2.215584302683787,0.8705675882321137,2.698443053135389e-06,0.03772811088370521,2.454846656884599e-06,4.192252519503066e-05
4.595000000000026e-05,3.3,0.8705673609894498,2.215584303398634,0.870567585181691,2.698443025792728e-06,0.03772810260940541,2.454847029129972e-06,4.192252365739034e-05
4.605000000000027e-05,3.3,0.8705673717740405,2.21558430229255,0.8705675886978005,2.698443068891321e-06,0.03772811099890225,2.45484667025647e-06,4.192252542982021e-05
4.615000000000027e-05,3.3,0.870567360834346,2.215584303741327,0.8705675849877931,2.698443011973172e-06,0.03772810258801384,2.454847021955167e-06,4.192252355963028e-05
4.625000000000027e-05,3.3,0.8705673721883943,2.215584301702338,0.870567589160647,2.698443092670527e-06,0.03772811111017489,2.454846683723142e-06,4.192252566317803e-05
4.635000000000027e-05,3.3,0.8705673616876162,2.215584302933371,0.8705675858461314,2.698443044482674e-06,0.03772810293270146,2.454847038495619e-06,4.192252399238203e-05
4.645000000000028e-05,3.3,0.8705673719344282,2.21558430172585,0.8705675891144201,2.698443091758704e-06,0.03772811104917354,2.454846685426413e-06,4.192252563987344e-05
4.655000000000028e-05,3.3,0.8705673624104856,2.215584302405069,0.8705675862788225,2.698443065715325e-06,0.03772810313034555,2.454847045360202e-06,4.192252421053275e-05
4.665000000000028e-05,3.3,0.8705673715065105,2.215584302036708,0.8705675887787501,2.698443079265464e-06,0.03772811088564755,2.454846680714808e-06,4.19225254706379e-05
4.675000000000028e-05,3.3,0.8705673623068836,2.215584302649279,0.8705675859845806,2.698443055866158e-06,0.03772810307309871,2.454847035960425e-06,4.192252406218157e-05
4.685000000000028e-05,3.3,0.8705673716400886,2.215584301701468,0.8705675890364342,2.698443092787201e-06,0.03772811092789084,2.454846689416955e-06,4.192252560055747e-05
4.695000000000029e-05,3.3,0.8705673627072906,2.21558430232222,0.8705675863670833,2.698443069017875e-06,0.03772810325180928,2.454847041798922e-06,4.192252425502901e-05
4.705000000000029e-05,3.3,0.8705673712555991,2.215584302119383,0.8705675887546153,2.698443075963118e-06,0.03772811078431778,2.454846685861594e-06,4.192252545847238e-05
4.715000000000029e-05,3.3,0.8705673611985458,2.215584303982478,0.8705675847700507,2.698443002178126e-06,0.03772810274270853,2.454847002950566e-06,4.192252344984222e-05
4.725000000000029e-05,3.3,0.8705673718592907,2.215584301379223,0.8705675893121596,2.698443105771238e-06,0.03772811093368087,2.454846701143186e-06,4.192252573957431e-05
4.73500000000003e-05,3.3,0.8705673637995511,2.21558430135808,0.8705675872313281,2.698443107800719e-06,0.03772810364200617,2.454847055798915e-06,4.19225246907574e-05
4.74500000000003e-05,3.3,0.8705673713089814,2.215584301756619,0.8705675890915279,2.698443090608572e-06,0.03772811081479564,2.454846698761575e-06,4.192252562833842e-05
4.75500000000003e-05,3.3,0.8705673617357108,2.215584303605138,0.8705675851123861,2.698443017340592e-06,0.03772810295005392,2.454847005267457e-06,4.192252362243629e-05
4.76500000000003e-05,3.3,0.8705673713403487,2.215584301645308,0.8705675891301141,2.698443095100187e-06,0.03772811078721772,2.454846702132592e-06,4.192252564779468e-05
4.775000000000031e-05,3.3,0.8705673607465709,2.215584304718439,0.870567584230759,2.69844297251721e-06,0.03772810268527384,2.454846982846655e-06,4.19225231779394e-05
4.785000000000031e-05,3.3,0.8705673717967695,2.215584301039534,0.8705675895842783,2.698443119501922e-06,0.03772811090383035,2.454846714889793e-06,4.192252587677562e-05
4.795000000000031e-05,3.3,0.8705673628349966,2.215584302785574,0.8705675861457436,2.698443050282242e-06,0.03772810338999238,2.45484702366878e-06,4.192252414342606e-05
4.805000000000031e-05,3.3,0.8705673706363023,2.215584302205398,0.870567588518837,2.698443072580763e-06,0.0377281104904914,2.454846693486942e-06,4.192252533960718e-05
4.815000000000032e-05,3.3,0.8705673626435007,2.215584303123996,0.8705675857744152,2.698443036640538e-06,0.0377281033027653,2.454847012725979e-06,4.192252395621036e-05
4.825000000000032e-05,3.3,0.8705673709656944,2.215584301688703,0.8705675889571016,2.698443093403138e-06,0.03772811060244191,2.454846705839867e-06,4.192252556057132e-05
4.835000000000032e-05,3.3,0.8705673622461119,2.215584303613027,0.8705675853862225,2.698443016945889e-06,0.03772810320973508,2.454847001412662e-06,4.192252376049147e-05
4.845000000000032e-05,3.3,0.8705673704275317,2.215584301984423,0.8705675885491727,2.698443081537993e-06,0.03772811042144406,2.454846699021044e-06,4.192252535490453e-05
4.855000000000033e-05,3.3,0.8705673628694238,2.215584303150111,0.870567585850774,2.698443035552009e-06,0.03772810341132891,2.454847009441955e-06,4.192252399470541e-05
4.865000000000033e-05,3.3,0.8705673697919145,2.215584302732378,0.8705675878459772,2.698443051419623e-06,0.03772811013322155,2.454846685835904e-06,4.192252500037124e-05
4.875000000000033e-05,3.3,0.8705673627541289,2.215584303273249,0.8705675855871335,2.698443030595312e-06,0.03772810336011463,2.454847001005111e-06,4.19225238617834e-05
4.885000000000033e-05,3.3,0.8705673707016003,2.215584301669157,0.8705675888957192,2.698443094231933e-06,0.03772811045973651,2.454846711870961e-06,4.192252552962767e-05
4.895000000000034e-05,3.3,0.8705673628077817,2.215584303297184,0.8705675858074862,2.698443029620416e-06,0.03772810347678301,2.454847003551229e-06,4.192252397287791e-05
4.905000000000034e-05,3.3,0.8705673694075643,2.215584302846991,0.870567587786667,2.698443046847219e-06,0.03772811003681385,2.454846689139714e-06,4.192252497047115e-05
4.915000000000034e-05,3.3,0.8705673632123148,2.215584303012429,0.8705675858586158,2.698443041062641e-06,0.037728103533633,2.45484700229059e-06,4.192252399865554e-05
4.925000000000034e-05,3.3,0.8705673701154808,2.215584301905311,0.8705675885544996,2.698443084779994e-06,0.03772811026049638,2.454846709092569e-06,4.192252535759487e-05
4.935000000000035e-05,3.3,0.8705673630399184,2.215584303280683,0.8705675857455724,2.69844303025249e-06,0.03772810353378142,2.454846997342759e-06,4.192252394166051e-05
4.945000000000035e-05,3.3,0.8705673692181694,2.215584302811229,0.8705675877643255,2.69844304831991e-06,0.03772810995138993,2.454846693380169e-06,4.192252495920986e-05
4.955000000000035e-05,3.3,0.8705673623785344,2.215584303996926,0.8705675850028708,2.698443001419142e-06,0.03772810331425913,2.4548469782162e-06,4.192252356720716e-05
4.965000000000035e-05,3.3,0.8705673687314956,2.21558430333875,0.8705675872821015,2.698443027083586e-06,0.03772810974415443,2.454846684926196e-06,4.192252471608532e-05
4.975000000000036e-05,3.3,0.8705673630980264,2.215584303446566,0.8705675854592924,2.698443023543201e-06,0.03772810351082788,2.454846986186896e-06,4.192252379732294e-05
4.985000000000036e-05,3.3,0.8705673698493737,2.215584301923184,0.870567588701961,2.69844308409759e-06,0.03772811020099651,2.454846719212803e-06,4.192252543194532e-05
4.995000000000036e-05,3.3,0.8705673625027572,2.215584304185437,0.8705675849706846,2.698442993785902e-06,0.03772810337646123,2.454846973016298e-06,4.19225235509772e-05
5.005000000000036e-05,3.3,0.8705673687863928,2.215584302981702,0.8705675874785983,2.698443041498096e-06,0.03772810973832747,2.454846693878721e-06,4.192252481515701e-05
5.015000000000037e-05,3.3,0.8705673635209349,2.215584303232305,0.8705675858533749,2.69844303213506e-06,0.03772810371967763,2.45484699070177e-06,4.192252399600727e-05
5.025000000000037e-05,3.3,0.8705673689025029,2.21558430281571,0.8705675877938246,2.698443048185851e-06,0.03772810981253455,2.454846703170951e-06,4.192252497408717e-05
5.035000000000037e-05,3.3,0.8705673637543244,2.215584303017937,0.8705675859876968,2.69844304075951e-06,0.03772810380353202,2.454846991451343e-06,4.192252406372867e-05
5.045000000000037e-05,3.3,0.8705673681077731,2.215584303554884,0.8705675869841014,2.698443018445969e-06,0.03772810949295535,2.454846687222943e-06,4.192252456584455e-05
5.055000000000037e-05,3.3,0.8705673628806716,2.215584304038445,0.8705675850133923,2.698442999667352e-06,0.03772810350170846,2.45484696721583e-06,4.192252357250659e-05
5.065000000000038e-05,3.3,0.8705673692688978,2.215584302426946,0.8705675880840213,2.698443063834857e-06,0.03772810984067627,2.454846714158537e-06,4.192252512039878e-05
5.075000000000038e-05,3.3,0.8705673631823898,2.215584303838092,0.8705675852481201,2.698443007715411e-06,0.03772810361988683,2.454846970278064e-06,4.192252369084946e-05
5.085000000000038e-05,3.3,0.8705673693743714,2.21558430203673,0.870567588414278,2.698443079581707e-06,0.03772810991929433,2.45484672381835e-06,4.192252528690764e-05
5.095000000000038e-05,3.3,0.8705673631846782,2.215584303866466,0.8705675853408148,2.698443006569042e-06,0.03772810368640438,2.454846970284233e-06,4.192252373758262e-05
5.105000000000039e-05,3.3,0.870567369555476,2.215584301868499,0.8705675885270717,2.698443086350204e-06,0.03772810992556366,2.454846728373039e-06,4.192252534377695e-05
5.115000000000039e-05,3.3,0.8705673644231327,2.21558430264477,0.8705675865268238,2.698443055733679e-06,0.03772810413022541,2.454846995113383e-06,4.192252433553822e-05
5.125000000000039e-05,3.3,0.8705673683996707,2.215584302974386,0.8705675875697856,2.698443041851109e-06,0.0377281095571619,2.454846708966506e-06,4.192252486113735e-05
5.135000000000039e-05,3.3,0.8705673630763255,2.215584304010006,0.870567585092758,2.698443000786932e-06,0.03772810366720824,2.45484696057532e-06,4.192252361251613e-05
5.14500000000004e-05,3.3,0.8705673696472277,2.215584301688872,0.8705675887264388,2.698443093592284e-06,0.0377281099266864,2.45484673704471e-06,4.192252544429511e-05
5.15500000000004e-05,3.3,0.8705673642607871,2.215584302963085,0.8705675862048302,2.698443042899831e-06,0.0377281040859387,2.454846983709106e-06,4.192252417319467e-05
5.16500000000004e-05,3.3,0.8705673681984099,2.215584302981002,0.8705675875006115,2.69844304161388e-06,0.03772810946802127,2.454846711381296e-06,4.192252482626407e-05
5.17500000000004e-05,3.3,0.8705673633728274,2.215584303875143,0.8705675852457123,2.698443006190466e-06,0.03772810378665391,2.454846959974228e-06,4.192252368962948e-05
5.185000000000041e-05,3.3,0.8705673689053862,2.215584302277952,0.8705675880518725,2.698443069907487e-06,0.0377281096254287,2.454846725898497e-06,4.192252510419756e-05
5.195000000000041e-05,3.3,0.8705673638329342,2.215584303579679,0.8705675856386867,2.698443018056841e-06,0.03772810395662199,2.454846966810858e-06,4.192252388775656e-05
5.205000000000041e-05,3.3,0.8705673686706402,2.215584302468868,0.8705675878827925,2.698443062230613e-06,0.03772810953589275,2.454846723967278e-06,4.192252501895276e-05
5.215000000000041e-05,3.3,0.8705673642470365,2.215584303165347,0.8705675860687286,2.698443034731693e-06,0.03772810413773139,2.454846974582157e-06,4.192252410457224e-05
5.225000000000042e-05,3.3,0.8705673695791547,2.215584301480034,0.8705675888651123,2.698443102038284e-06,0.03772810984570637,2.454846748069496e-06,4.192252551421586e-05
5.235000000000042e-05,3.3,0.8705673628609245,2.215584304608667,0.8705675848027257,2.698442976636637e-06,0.03772810372637229,2.454846944275299e-06,4.192252346628266e-05
5.245000000000042e-05,3.3,0.8705673692002828,2.215584301784113,0.8705675884449777,2.698443089811808e-06,0.03772810966965521,2.454846740412844e-06,4.192252530239592e-05
5.255000000000042e-05,3.3,0.8705673637249747,2.215584303855136,0.8705675855203396,2.698443006946015e-06,0.0377281040042282,2.454846958727171e-06,4.192252382808477e-05
5.265000000000043e-05,3.3,0.8705673681692809,2.215584302641392,0.8705675874958286,2.698443055336553e-06,0.03772810930953201,2.454846720832061e-06,4.192252482385863e-05
5.275000000000043e-05,3.3,0.8705673646006696,2.215584303067974,0.8705675862290678,2.698443038612209e-06,0.03772810428397361,2.454846972669923e-06,4.192252418540728e-05
5.285000000000043e-05,3.3,0.8705673686065486,2.215584302051407,0.8705675883107457,2.698443079103269e-06,0.03772810956113133,2.454846741181818e-06,4.192252523472116e-05
5.295000000000043e-05,3.3,0.8705673641426194,2.215584303614633,0.8705675857049017,2.698443016598716e-06,0.03772810412955113,2.454846959144437e-06,4.192252392113457e-05
5.305000000000044e-05,3.3,0.8705673691643787,2.215584301538412,0.8705675885775283,2.69844309974208e-06,0.03772810962490114,2.454846748948801e-06,4.192252536922815e-05
5.315000000000044e-05,3.3,0.8705673642866563,2.215584303491837,0.8705675858180207,2.698443021537356e-06,0.03772810419785076,2.454846959923214e-06,4.192252397816505e-05
5.325000000000044e-05,3.3,0.8705673678261203,2.215584302803025,0.8705675873897416,2.69844304885868e-06,0.037728109183204,2.454846723915927e-06,4.192252477037536e-05
5.335000000000044e-05,3.3,0.8705673646986616,2.215584303088479,0.8705675862662057,2.698443037769325e-06,0.03772810438505539,2.454846968119986e-06,4.192252420412886e-05
5.345000000000045e-05,3.3,0.8705673678811203,2.215584302674554,0.8705675875692775,2.698443054040016e-06,0.03772810921504083,2.454846729842623e-06,4.192252486089406e-05
5.355000000000045e-05,3.3,0.8705673643239435,2.215584303603026,0.8705675857598991,2.69844301704043e-06,0.03772810424035108,2.454846954781517e-06,4.19225239488602e-05
5.365000000000045e-05,3.3,0.8705673672397835,2.215584303365082,0.8705675868751312,2.698443026242298e-06,0.03772810894378113,2.454846716011521e-06,4.192252451092244e-05
5.375000000000045e-05,3.3,0.8705673653295901,2.215584302514118,0.8705675867230244,2.698443060876079e-06,0.03772810460391113,2.454846974742439e-06,4.192252443444456e-05
5.385000000000046e-05,3.3,0.8705673679251368,2.215584302626067,0.8705675876186495,2.698443055991907e-06,0.03772810917227427,2.454846734622665e-06,4.192252488578671e-05
5.395000000000046e-05,3.3,0.8705673648901029,2.215584303061148,0.8705675861737134,2.698443038844795e-06,0.03772810444414438,2.454846960439362e-06,4.192252415749435e-05
5.405000000000046e-05,3.3,0.8705673687704024,2.215584301665988,0.8705675886730596,2.698443094647398e-06,0.03772810950980231,2.454846760199627e-06,4.192252541739613e-05
5.415000000000046e-05,3.3,0.8705673644144607,2.215584303589917,0.8705675858054366,2.698443017556554e-06,0.03772810434019822,2.454846950672822e-06,4.192252397181706e-05
5.425000000000046e-05,3.3,0.87056736854568,2.215584301820952,0.8705675883041196,2.698443088421478e-06,0.03772810935328549,2.454846753581695e-06,4.192252523138656e-05
5.435000000000047e-05,3.3,0.8705673652474368,2.215584302739837,0.8705675866827546,2.698443051770584e-06,0.03772810467354568,2.454846968736603e-06,4.192252441413883e-05
5.445000000000047e-05,3.3,0.870567367794885,2.215584302529122,0.8705675877322934,2.698443059927355e-06,0.03772810912728887,2.454846742357351e-06,4.192252494308598e-05
5.455000000000047e-05,3.3,0.8705673651933239,2.215584302781664,0.8705675865089565,2.698443050089104e-06,0.03772810464054248,2.454846963124464e-06,4.19225243265133e-05
5.465000000000047e-05,3.3,0.8705673682067366,2.215584302098458,0.8705675880306387,2.698443077262264e-06,0.03772810920291771,2.454846750793764e-06,4.192252509350523e-05
5.475000000000048e-05,3.3,0.8705673651699811,2.215584303000735,0.870567586265441,2.698443041243413e-06,0.03772810458464813,2.454846955867804e-06,4.192252420373793e-05
5.485000000000048e-05,3.3,0.8705673687158384,2.215584301662282,0.8705675885035834,2.698443094805278e-06,0.03772810934071381,2.454846763097309e-06,4.192252533195346e-05
5.495000000000048e-05,3.3,0.8705673655352391,2.215584302637722,0.8705675867917313,2.698443055852569e-06,0.03772810479290095,2.454846966212451e-06,4.192252446907975e-05
5.505000000000048e-05,3.3,0.8705673673763179,2.215584302823234,0.8705675874478466,2.698443048109426e-06,0.03772810894713499,2.454846740911533e-06,4.192252479967727e-05
5.515000000000049e-05,3.3,0.8705673652646206,2.215584302954942,0.8705675863250718,2.698443043079064e-06,0.03772810465778374,2.454846954009004e-06,4.192252423380105e-05
5.525000000000049e-05,3.3,0.8705673679148409,2.215584302232407,0.8705675879178588,2.698443071895015e-06,0.03772810908381101,2.454846753138882e-06,4.192252503664624e-05
5.535000000000049e-05,3.3,0.8705673650460224,2.21558430317564,0.8705675861330895,2.698443034196738e-06,0.03772810461795435,2.454846948033829e-06,4.192252413700736e-05
5.545000000000049e-05,3.3,0.8705673669714546,2.215584303363316,0.8705675869317699,2.698443026353519e-06,0.03772810871522181,2.45484673248104e-06,4.192252453948491e-05
5.55500000000005e-05,3.3,0.8705673654262495,2.215584302785352,0.8705675865403435,2.698443049905471e-06,0.03772810478528348,2.454846955649613e-06,4.192252434233463e-05
5.56500000000005e-05,3.3,0.870567366347635,2.215584303908086,0.8705675864109951,2.698443004440995e-06,0.03772810850707268,2.454846722390917e-06,4.19225242769225e-05
5.57500000000005e-05,3.3,0.8705673642861687,2.215584304117439,0.8705675851659448,2.698442996266918e-06,0.03772810433748703,2.454846922798578e-06,4.1922523649396e-05
5.58500000000005e-05,3.3,0.8705673680477233,2.215584302113216,0.8705675881067789,2.698443076689884e-06,0.03772810907060034,2.454846762234372e-06,4.19225251318974e-05
5.595000000000051e-05,3.3,0.8705673639604152,2.21558430455054,0.8705675849195289,2.698442978820651e-06,0.03772810427358027,2.454846915926488e-06,4.192252352515746e-05
5.605000000000051e-05,3.3,0.8705673678712594,2.215584302143247,0.8705675879831355,2.698443075503125e-06,0.03772810900725244,2.454846760680912e-06,4.192252506956058e-05
5.615000000000051e-05,3.3,0.8705673646278397,2.215584303628117,0.8705675858747496,2.698443015981706e-06,0.03772810463038705,2.454846935970133e-06,4.192252400675512e-05
5.625000000000051e-05,3.3,0.8705673664371512,2.215584303630472,0.8705675865901464,2.698443015641771e-06,0.03772810849930269,2.454846730708614e-06,4.192252436724978e-05
5.635000000000052e-05,3.3,0.8705673658149397,2.215584302509792,0.8705675868243454,2.698443060978507e-06,0.03772810498422856,2.454846955928251e-06,4.192252448551816e-05
5.645000000000052e-05,3.3,0.8705673676021058,2.215584302372517,0.8705675878979662,2.698443066282029e-06,0.03772810892609359,2.454846761927265e-06,4.192252502662086e-05
5.655000000000052e-05,3.3,0.8705673646982648,2.215584303647851,0.8705675857112212,2.698443015174143e-06,0.03772810462066817,2.454846929382514e-06,4.192252392430725e-05
5.665000000000052e-05,3.3,0.8705673668651192,2.21558430316741,0.8705675871119061,2.698443034282975e-06,0.03772810863137582,2.454846745503944e-06,4.192252463030928e-05
5.675000000000053e-05,3.3,0.8705673642923388,2.215584304225422,0.8705675851260113,2.6984429919041e-06,0.03772810444183239,2.454846914671935e-06,4.192252362925767e-05
5.685000000000053e-05,3.3,0.8705673679291804,2.215584301993549,0.8705675880807152,2.698443081541446e-06,0.03772810894573311,2.45484676871584e-06,4.192252511876068e-05
5.695000000000053e-05,3.3,0.8705673641941387,2.215584304339361,0.8705675852619066,2.698442987316176e-06,0.03772810451105241,2.454846916419272e-06,4.192252369777157e-05
5.705000000000053e-05,3.3,0.8705673665841875,2.215584303286729,0.8705675867751101,2.698443029505084e-06,0.03772810846975695,2.454846740606841e-06,4.192252446050744e-05
5.715000000000054e-05,3.3,0.8705673651090055,2.215584303425738,0.8705675859862677,2.698443024084823e-06,0.03772810478580862,2.454846931340987e-06,4.192252406297671e-05
5.725000000000054e-05,3.3,0.8705673664071133,2.215584303321971,0.8705675868607887,2.698443028108016e-06,0.03772810847469432,2.454846744072427e-06,4.19225245037045e-05
5.735000000000054e-05,3.3,0.8705673662674034,2.21558430224205,0.8705675870028657,2.698443071726136e-06,0.037728105163031,2.454846952805698e-06,4.192252457552062e-05
5.745000000000054e-05,3.3,0.8705673676087222,2.215584302204723,0.8705675879995823,2.698443073059045e-06,0.03772810884582277,2.454846771284784e-06,4.192252507785744e-05
5.755000000000055e-05,3.3,0.8705673654657041,2.215584303152716,0.8705675862152041,2.698443035060157e-06,0.03772810491265859,2.45484693361107e-06,4.192252417839963e-05
5.765000000000055e-05,3.3,0.8705673669554636,2.215584303001487,0.8705675872301671,2.698443040971769e-06,0.03772810855634903,2.454846755272047e-06,4.19225246899371e-05
5.775000000000055e-05,3.3,0.8705673648587453,2.215584303793656,0.8705675854984639,2.698443009260419e-06,0.03772810468397086,2.45484691617806e-06,4.192252381703624e-05
5.785000000000055e-05,3.3,0.8705673676547838,2.21558430218274,0.8705675879670774,2.698443073940111e-06,0.03772810879299193,2.454846773086484e-06,4.192252506147046e-05
5.795000000000055e-05,3.3,0.870567365407625,2.215584303343076,0.8705675860616674,2.698443027379311e-06,0.03772810490144433,2.454846927571272e-06,4.192252410098873e-05
5.805000000000056e-05,3.3,0.8705673671141337,2.215584302623507,0.8705675875040377,2.698443056216364e-06,0.03772810860925001,2.454846764029208e-06,4.192252482801818e-05
5.815000000000056e-05,3.3,0.8705673648585507,2.21558430388685,0.8705675855525878,2.6984430054959e-06,0.03772810474633585,2.45484691475025e-06,4.192252384432218e-05
5.825000000000056e-05,3.3,0.870567366778766,2.215584303004666,0.8705675871263567,2.698443040869849e-06,0.03772810845802482,2.454846756726742e-06,4.192252463760107e-05
5.835000000000056e-05,3.3,0.870567365343199,2.215584303385662,0.8705675860658318,2.698443025668724e-06,0.03772810494560831,2.454846925056914e-06,4.192252410308702e-05
5.845000000000057e-05,3.3,0.8705673666872848,2.215584303133051,0.8705675870042167,2.698443035697451e-06,0.03772810839332304,2.454846755331943e-06,4.192252457602149e-05
5.855000000000057e-05,3.3,0.8705673647116264,2.215584304000103,0.8705675854483808,2.69844300094308e-06,0.03772810475093273,2.454846909902553e-06,4.192252379178207e-05
5.865000000000057e-05,3.3,0.870567368093149,2.215584301626039,0.8705675884376476,2.698443096362404e-06,0.03772810887234462,2.454846788848663e-06,4.192252529872419e-05
5.875000000000057e-05,3.3,0.8705673642323167,2.215584304505058,0.870567585045007,2.698442980617196e-06,0.03772810463059884,2.454846899594031e-06,4.192252358840916e-05
5.885000000000058e-05,3.3,0.8705673668234513,2.215584302842225,0.8705675871832763,2.698443047424888e-06,0.03772810841697265,2.454846761722221e-06,4.1922524666302e-05
5.895000000000058e-05,3.3,0.8705673647952882,2.215584304197895,0.8705675854142358,2.698442992940768e-06,0.03772810477778206,2.45484690678003e-06,4.192252377456498e-05
5.905000000000058e-05,3.3,0.8705673669607855,2.215584302537331,0.8705675873672137,2.698443059720528e-06,0.03772810846173466,2.454846767033703e-06,4.192252475903962e-05
5.915000000000058e-05,3.3,0.8705673651345244,2.21558430378903,0.8705675858263249,2.698443009405857e-06,0.03772810494130639,2.454846914838908e-06,4.192252398232915e-05
5.925000000000059e-05,3.3,0.8705673662625217,2.215584303408672,0.8705675865634651,2.698443024627496e-06,0.03772810816369884,2.454846750043937e-06,4.192252435380917e-05
5.935000000000059e-05,3.3,0.8705673662053486,2.215584302577469,0.8705675869157968,2.69844305818622e-06,0.03772810533913371,2.454846938241814e-06,4.192252453161444e-05
5.945000000000059e-05,3.3,0.8705673661173845,2.215584303492467,0.8705675865263972,2.698443021264233e-06,0.0377281081260337,2.454846750727892e-06,4.192252433512033e-05
5.955000000000059e-05,3.3,0.8705673658963953,2.215584302970311,0.8705675864878357,2.698443042363819e-06,0.03772810521376949,2.454846927149793e-06,4.19225243158472e-05
5.96500000000006e-05,3.3,0.8705673660595978,2.215584303552135,0.8705675865934479,2.698443018862597e-06,0.03772810813003536,2.454846753434862e-06,4.192252436892573e-05
5.97500000000006e-05,3.3,0.870567365500486,2.215584303534115,0.8705675858995305,2.698443019648411e-06,0.0377281050276098,2.454846912749819e-06,4.19225240192378e-05
5.98500000000006e-05,3.3,0.8705673673431417,2.215584302118645,0.8705675879581802,2.698443076575909e-06,0.03772810858582367,2.454846785362186e-06,4.192252505699153e-05
5.99500000000006e-05,3.3,0.8705673651476443,2.215584303815289,0.870567585740686,2.698443008343248e-06,0.03772810499351431,2.454846907885881e-06,4.192252393915078e-05
6.005000000000061e-05,3.3,0.8705673671792339,2.215584302277915,0.870567587698838,2.698443070166875e-06,0.03772810847634839,2.45484678068196e-06,4.192252492623864e-05
6.015000000000061e-05,3.3,0.870567365420393,2.215584303587857,0.870567586067246,2.698443017489392e-06,0.03772810512291155,2.454846914293491e-06,4.192252410379403e-05
6.025000000000061e-05,3.3,0.8705673670592505,2.215584302485201,0.8705675874517936,2.698443061811574e-06,0.03772810837284867,2.454846776181286e-06,4.192252480168549e-05
6.035000000000061e-05,3.3,0.8705673653669032,2.21558430364909,0.8705675859199364,2.698443015023907e-06,0.03772810509046008,2.454846909813132e-06,4.192252402952325e-05
6.045000000000062e-05,3.3,0.8705673666270702,2.215584302976065,0.8705675870147018,2.698443042047964e-06,0.0377281082032386,2.454846767404705e-06,4.192252458131461e-05
6.055000000000062e-05,3.3,0.8705673654276412,2.215584303609768,0.8705675859730925,2.698443016603239e-06,0.0377281051261658,2.454846909960158e-06,4.192252405632263e-05
6.065000000000062e-05,3.3,0.8705673658899656,2.215584303626335,0.8705675864791531,2.698443015890768e-06,0.03772810799871457,2.454846756454625e-06,4.192252431130426e-05
6.075000000000062e-05,3.3,0.8705673671385107,2.215584301629097,0.8705675878953367,2.698443096355808e-06,0.03772810581655116,2.454846951973567e-06,4.192252502547206e-05
6.085000000000063e-05,3.3,0.8705673651042287,2.215584304370307,0.8705675857737143,2.69844298595583e-06,0.03772810773150947,2.454846741884506e-06,4.192252395563805e-05
6.095000000000063e-05,3.3,0.8705673654621158,2.21558430345355,0.8705675860330121,2.698443022908507e-06,0.03772810518775605,2.45484690880939e-06,4.192252408653331e-05
6.105000000000063e-05,3.3,0.8705673665449589,2.215584302878541,0.8705675872714562,2.698443045999606e-06,0.03772810823242578,2.454846776888618e-06,4.192252471076427e-05
6.115000000000063e-05,3.3,0.8705673644262749,2.215584304533512,0.8705675848877316,2.698442979438805e-06,0.03772810480943429,2.454846881747995e-06,4.192252350911011e-05
6.125000000000063e-05,3.3,0.8705673677249506,2.215584301639438,0.8705675882640013,2.698443095876185e-06,0.03772810856162276,2.454846800228854e-06,4.192252521118267e-05
6.135000000000064e-05,3.3,0.8705673665710454,2.21558430240439,0.8705675870249215,2.698443065122956e-06,0.03772810556576299,2.45484692915493e-06,4.192252458662858e-05
6.145000000000064e-05,3.3,0.8705673672982094,2.215584302047529,0.870567588001295,2.698443079455444e-06,0.03772810845414683,2.454846795304025e-06,4.192252507873301e-05
6.155000000000064e-05,3.3,0.8705673646469325,2.215584304456431,0.8705675851810046,2.698442982519378e-06,0.03772810494395899,2.454846886394872e-06,4.192252365696873e-05
6.165000000000064e-05,3.3,0.8705673664433567,2.215584302785508,0.870567587100632,2.698443049772966e-06,0.03772810812473024,2.454846775962713e-06,4.192252462464117e-05
6.175000000000065e-05,3.3,0.8705673648242439,2.215584304278518,0.8705675853951639,2.698442989679501e-06,0.037728105033591,2.454846890302055e-06,4.192252376494202e-05
6.185000000000065e-05,3.3,0.8705673664101091,2.215584302945723,0.8705675869842165,2.698443043306145e-06,0.03772810806841182,2.454846774309956e-06,4.192252456594812e-05
6.195000000000065e-05,3.3,0.8705673659456394,2.215584303157823,0.8705675864056184,2.698443034781824e-06,0.0377281053993505,2.454846912204322e-06,4.192252427438851e-05
6.205000000000065e-05,3.3,0.8705673663410883,2.215584303004333,0.8705675870717813,2.69844304094891e-06,0.03772810808313837,2.454846777262033e-06,4.192252461009693e-05
6.215000000000066e-05,3.3,0.8705673658743047,2.215584303191999,0.8705675863455362,2.698443033411979e-06,0.03772810539667028,2.454846909732338e-06,4.192252424409597e-05
6.225000000000066e-05,3.3,0.8705673668183914,2.215584302428763,0.870567587585621,2.698443064127452e-06,0.0377281082445922,2.454846789900695e-06,4.192252486916256e-05
6.235000000000066e-05,3.3,0.8705673657460146,2.215584303476467,0.8705675861157212,2.698443021940158e-06,0.0377281053332943,2.454846903542005e-06,4.192252412822789e-05
6.245000000000066e-05,3.3,0.8705673665343157,2.215584302803534,0.8705675872433871,2.698443049031407e-06,0.03772810811139593,2.454846783052015e-06,4.192252469661713e-05
6.255000000000067e-05,3.3,0.8705673649243872,2.215584304232126,0.8705675854195555,2.698442991538526e-06,0.0377281051057509,2.45484688695458e-06,4.192252377723778e-05
6.265000000000067e-05,3.3,0.8705673664722952,2.215584302777382,0.8705675871411888,2.698443050096995e-06,0.03772810805943143,2.454846781738294e-06,4.192252464509241e-05
6.275000000000067e-05,3.3,0.8705673659687437,2.215584303146952,0.8705675864726339,2.698443035217404e-06,0.0377281054872116,2.454846909772581e-06,4.192252430817372e-05
6.285000000000067e-05,3.3,0.8705673666945842,2.215584302548222,0.8705675873946357,2.698443059320575e-06,0.03772810813233932,2.454846788389446e-06,4.192252477287425e-05
6.295000000000068e-05,3.3,0.8705673647529888,2.215584304460372,0.8705675852917502,2.698442982344127e-06,0.03772810509145592,2.454846882237534e-06,4.192252371279986e-05
6.305000000000068e-05,3.3,0.8705673651877365,2.21558430408605,0.8705675857470695,2.698442997426044e-06,0.03772810754425843,2.454846752139994e-06,4.192252394221178e-05
6.315000000000068e-05,3.3,0.8705673670384229,2.215584301950995,0.8705675876040736,2.698443083367648e-06,0.03772810591149017,2.454846933402777e-06,4.192252487861802e-05
6.325000000000068e-05,3.3,0.8705673662466881,2.215584302916776,0.8705675870432145,2.698443044499935e-06,0.0377281079741625,2.454846782664236e-06,4.192252459569612e-05
6.335000000000069e-05,3.3,0.8705673657126175,2.215584303477702,0.8705675860854,2.69844302189523e-06,0.0377281054025629,2.454846897972764e-06,4.192252411293947e-05
6.345000000000069e-05,3.3,0.8705673662392402,2.21558430308085,0.8705675869335862,2.698443037873436e-06,0.03772810792365292,2.454846780954685e-06,4.192252454042472e-05
6.355000000000069e-05,3.3,0.8705673646490218,2.215584304560111,0.8705675851049723,2.698442978330747e-06,0.03772810507664485,2.454846874948416e-06,4.192252361863025e-05
6.36500000000007e-05,3.3,0.8705673663137373,2.215584302972119,0.8705675869123798,2.698443042254505e-06,0.03772810790158976,2.454846781361595e-06,4.192252452973366e-05
6.37500000000007e-05,3.3,0.8705673651454903,2.215584304099299,0.8705675856131461,2.698442996870717e-06,0.0377281052659112,2.454846885648452e-06,4.192252387483888e-05
6.38500000000007e-05,3.3,0.8705673658818582,2.215584303419577,0.8705675865517033,2.698443024244177e-06,0.03772810776272673,2.454846774056796e-06,4.192252434788984e-05
6.39500000000007e-05,3.3,0.8705673656844103,2.215584303461199,0.8705675860962583,2.698443022565959e-06,0.03772810544793344,2.454846895672565e-06,4.192252411841183e-05
6.40500000000007e-05,3.3,0.87056736598542,2.215584303140981,0.8705675868921592,2.698443035482436e-06,0.03772810786514493,2.45484678272001e-06,4.192252451954029e-05
6.41500000000007e-05,3.3,0.8705673659937049,2.215584303220602,0.8705675863627284,2.698443032238503e-06,0.03772810555633995,2.454846900723136e-06,4.192252425275922e-05
6.425000000000071e-05,3.3,0.8705673663827675,2.215584302751792,0.8705675871480532,2.698443051144166e-06,0.03772810793951637,2.454846789372656e-06,4.192252464855598e-05
6.435000000000071e-05,3.3,0.8705673659492768,2.215584303243615,0.8705675863723464,2.69844303131552e-06,0.03772810557346251,2.454846900100595e-06,4.19225242576084e-05
6.445000000000071e-05,3.3,0.8705673662655713,2.215584302894247,0.8705675871424502,2.698443045407274e-06,0.037728107922943,2.454846790154944e-06,4.192252464573112e-05
6.455000000000072e-05,3.3,0.870567365606971,2.215584303668738,0.870567585949591,2.698443014194025e-06,0.03772810544007548,2.454846889731144e-06,4.192252404446511e-05
6.465000000000072e-05,3.3,0.8705673662753983,2.215584303071565,0.8705675869266296,2.698443038243237e-06,0.03772810783470139,2.454846786089552e-06,4.192252453692005e-05
6.475000000000072e-05,3.3,0.870567365858318,2.215584303334433,0.870567586246277,2.698443027660493e-06,0.0377281055568088,2.454846895590101e-06,4.192252419404644e-05
6.485000000000072e-05,3.3,0.8705673669052131,2.215584302129974,0.8705675877901468,2.698443076184184e-06,0.03772810812070733,2.454846806433728e-06,4.192252497228562e-05
6.495000000000072e-05,3.3,0.8705673663634412,2.215584302939673,0.8705675866793592,2.698443043531138e-06,0.03772810572039928,2.454846904568632e-06,4.19225244123949e-05
6.505000000000073e-05,3.3,0.8705673668129856,2.215584302245309,0.8705675876868649,2.698443071539141e-06,0.03772810807303556,2.454846804824371e-06,4.192252492021333e-05
6.515000000000073e-05,3.3,0.8705673669472088,2.21558430227256,0.870567587278603,2.698443070391593e-06,0.03772810593969817,2.454846917411392e-06,4.192252471451956e-05
6.525000000000073e-05,3.3,0.8705673652927567,2.215584303913808,0.8705675861035458,2.698443004368133e-06,0.03772810750808556,2.454846769995702e-06,4.192252412194196e-05
6.535000000000073e-05,3.3,0.8705673669296082,2.215584302223513,0.8705675873050059,2.698443072375457e-06,0.03772810596601356,2.454846916956816e-06,4.192252472783111e-05
6.545000000000074e-05,3.3,0.8705673656649022,2.215584303613317,0.8705675864866347,2.698443016450542e-06,0.03772810762526978,2.454846779626304e-06,4.192252431508555e-05
6.555000000000074e-05,3.3,0.8705673658136933,2.215584303483906,0.8705675860302949,2.698443021629371e-06,0.03772810553830197,2.454846887249124e-06,4.192252408515269e-05
6.565000000000074e-05,3.3,0.8705673669203743,2.215584302156489,0.870567587928106,2.698443075110788e-06,0.03772810811345546,2.454846812940775e-06,4.192252504184137e-05
6.575000000000074e-05,3.3,0.8705673668277177,2.215584302423297,0.8705675871411052,2.698443064320467e-06,0.03772810593691238,2.454846911556928e-06,4.192252464519636e-05
6.585000000000075e-05,3.3,0.8705673661772902,2.215584303001199,0.87056758699909,2.698443041100202e-06,0.03772810777839784,2.454846792709716e-06,4.192252457345426e-05
6.595000000000075e-05,3.3,0.8705673649734061,2.215584304222523,0.8705675854509384,2.69844299191888e-06,0.03772810536394382,2.454846872538287e-06,4.192252379305419e-05
6.605000000000075e-05,3.3,0.8705673668549757,2.215584302385685,0.8705675875953702,2.69844306586238e-06,0.03772810797170516,2.454846807017558e-06,4.19225248740852e-05
6.615000000000075e-05,3.3,0.8705673663257678,2.215584302994184,0.8705675866344488,2.698443041334792e-06,0.03772810578481053,2.454846898661231e-06,4.192252438975084e-05
6.625000000000076e-05,3.3,0.8705673676658238,2.215584301321702,0.8705675886518136,2.6984431087203e-06,0.03772810832818524,2.454846831513984e-06,4.192252540671908e-05
6.635000000000076e-05,3.3,0.8705673655780799,2.215584303659099,0.8705675861243843,2.698443014587546e-06,0.03772810561864073,2.454846886485831e-06,4.192252413258772e-05
6.645000000000076e-05,3.3,0.8705673666055498,2.215584302573616,0.8705675872423008,2.698443058308365e-06,0.03772810782698917,2.4548468003785e-06,4.192252469607731e-05
6.655000000000076e-05,3.3,0.8705673676194476,2.215584301611647,0.8705675879528412,2.698443096988315e-06,0.03772810626534208,2.454846927044165e-06,4.192252505445179e-05
6.665000000000077e-05,3.3,0.8705673654746139,2.21558430374226,0.8705675862529609,2.698443011270589e-06,0.03772810746995103,2.454846778875038e-06,4.192252419727562e-05
6.675000000000077e-05,3.3,0.8705673662098833,2.215584303007881,0.870567586502327,2.698443040798871e-06,0.03772810577707589,2.454846893331424e-06,4.192252432313741e-05
6.685000000000077e-05,3.3,0.8705673664633411,2.215584302661096,0.870567587370701,2.698443054795977e-06,0.03772810784552623,2.454846804894286e-06,4.192252476081378e-05
6.695000000000077e-05,3.3,0.8705673659935189,2.215584303222936,0.870567586266889,2.698443032144083e-06,0.03772810570553655,2.454846887386329e-06,4.192252420443531e-05
6.705000000000078e-05,3.3,0.8705673675050623,2.215584301782943,0.8705675881893312,2.698443090112811e-06,0.03772810811797007,2.454846824102655e-06,4.192252517354777e-05
6.715000000000078e-05,3.3,0.8705673667065202,2.215584302651474,0.8705675870021611,2.698443055121377e-06,0.0377281059726395,2.45484690329054e-06,4.19225245751407e-05
6.725000000000078e-05,3.3,0.8705673673959633,2.215584301640426,0.8705675883335559,2.698443095886024e-06,0.03772810815643154,2.454846828071478e-06,4.19225252462631e-05
6.735000000000078e-05,3.3,0.8705673666841774,2.215584302723998,0.8705675868594517,2.698443052195154e-06,0.0377281059350732,2.45484689932642e-06,4.19225245031893e-05
6.745000000000079e-05,3.3,0.8705673662746359,2.215584302843072,0.8705675871708283,2.698443047473441e-06,0.03772810774221234,2.454846802452228e-06,4.192252466004406e-05
6.755000000000079e-05,3.3,0.8705673660739044,2.215584303156639,0.870567586433225,2.698443034810093e-06,0.03772810579802586,2.454846889029056e-06,4.192252428829588e-05
6.765000000000079e-05,3.3,0.8705673667202162,2.21558430236832,0.8705675876445169,2.698443066584171e-06,0.03772810789666473,2.454846813765611e-06,4.19225248988672e-05
6.775000000000079e-05,3.3,0.8705673662039916,2.215584303175264,0.8705675864405386,2.698443034038191e-06,0.03772810581029371,2.454846888601734e-06,4.192252429198253e-05
6.78500000000008e-05,3.3,0.8705673663663317,2.215584302827618,0.870567587140584,2.698443048083946e-06,0.03772810770971374,2.454846803109988e-06,4.192252464479683e-05
6.79500000000008e-05,3.3,0.8705673671341139,2.215584302153264,0.8705675874113946,2.698443075182417e-06,0.03772810615801768,2.454846909877848e-06,4.192252478146509e-05
6.80500000000008e-05,3.3,0.8705673669701909,2.215584302183383,0.8705675877817743,2.698443074017281e-06,0.03772810792122498,2.454846818274304e-06,4.192252496806909e-05
6.81500000000008e-05,3.3,0.8705673651292943,2.215584304264995,0.8705675854143019,2.698442990179653e-06,0.03772810547481799,2.45484686415027e-06,4.192252377457834e-05
6.82500000000008e-05,3.3,0.8705673662100694,2.215584302866831,0.8705675868603076,2.698443046523314e-06,0.03772810759216336,2.454846797991675e-06,4.19225245034887e-05
6.835000000000081e-05,3.3,0.8705673664956666,2.21558430281046,0.8705675868375846,2.69844304873059e-06,0.03772810597939393,2.454846895663188e-06,4.192252449216306e-05
6.845000000000081e-05,3.3,0.8705673661380273,2.215584303014763,0.8705675868959878,2.698443040558429e-06,0.0377281075927239,2.454846799540071e-06,4.192252452147788e-05
6.855000000000081e-05,3.3,0.8705673675801037,2.215584301566728,0.8705675879663122,2.698443098808466e-06,0.03772810638437282,2.454846920349971e-06,4.192252506124012e-05
6.865000000000081e-05,3.3,0.8705673662473615,2.215584303040697,0.870567587023996,2.69844303949448e-06,0.03772810762411657,2.45484680324586e-06,4.192252458601655e-05
6.875000000000082e-05,3.3,0.8705673649178237,2.215584304486525,0.8705675851903126,2.698442981262701e-06,0.03772810543464317,2.454846856790377e-06,4.192252366164813e-05
6.885000000000082e-05,3.3,0.8705673670628727,2.215584302050187,0.8705675877810232,2.698443079383866e-06,0.03772810787864361,2.454846820832468e-06,4.192252496769239e-05
6.895000000000082e-05,3.3,0.8705673656209945,2.215584303668087,0.870567586061563,2.698443014217881e-06,0.03772810574253607,2.454846876147772e-06,4.192252410091074e-05
6.905000000000082e-05,3.3,0.8705673677022961,2.215584301398629,0.8705675884016858,2.698443105607705e-06,0.03772810808503751,2.454846835407342e-06,4.192252528061649e-05
6.915000000000083e-05,3.3,0.8705673667937428,2.215584302515394,0.8705675872249095,2.698443060604979e-06,0.03772810615550477,2.45484690187581e-06,4.192252468744104e-05
6.925000000000083e-05,3.3,0.8705673666247894,2.215584302352636,0.8705675874953357,2.698443067232136e-06,0.03772810776021773,2.454846815557043e-06,4.192252482365693e-05
6.935000000000083e-05,3.3,0.8705673663603155,2.215584302999744,0.8705675866902045,2.698443041104701e-06,0.0377281059789747,2.454846889233298e-06,4.192252441785484e-05
6.945000000000083e-05,3.3,0.8705673655300166,2.215584303578868,0.8705675864418319,2.698443017862743e-06,0.03772810738484041,2.454846792362636e-06,4.192252429250585e-05
6.955000000000084e-05,3.3,0.8705673658779802,2.215584303513722,0.8705675862090879,2.698443020414884e-06,0.03772810582638811,2.454846877483643e-06,4.192252417528784e-05
6.965000000000084e-05,3.3,0.870567365112546,2.21558430388832,0.8705675861364979,2.698443005425023e-06,0.03772810726723901,2.454846786174217e-06,4.192252413856362e-05
6.975000000000084e-05,3.3,0.8705673653404861,2.215584304251892,0.8705675854696567,2.698442990677186e-06,0.03772810558045769,2.454846860118561e-06,4.192252380248412e-05
6.985000000000084e-05,3.3,0.8705673664432327,2.21558430258652,0.8705675872283081,2.698443057811684e-06,0.03772810763713617,2.454846811379113e-06,4.192252468902852e-05
6.995000000000085e-05,3.3,0.8705673661944024,2.215584303184869,0.870567586585154,2.698443033651464e-06,0.03772810597387195,2.454846884949442e-06,4.192252436489087e-05
7.005000000000085e-05,3.3,0.8705673666675401,2.215584302376084,0.8705675875563504,2.698443066278717e-06,0.03772810774347536,2.454846819264306e-06,4.192252485442057e-05
7.015000000000085e-05,3.3,0.8705673669759594,2.215584302365684,0.8705675873569809,2.698443066625128e-06,0.03772810625139685,2.45484690179677e-06,4.192252475402713e-05
7.025000000000085e-05,3.3,0.8705673660825419,2.215584303014297,0.8705675868167477,2.69844304058584e-06,0.03772810747516999,2.45484680324995e-06,4.192252448153024e-05
7.035000000000086e-05,3.3,0.8705673669065901,2.215584302278595,0.8705675873550409,2.69844307015341e-06,0.03772810626076478,2.454846901129623e-06,4.192252475304903e-05
7.045000000000086e-05,3.3,0.8705673660269755,2.21558430305191,0.8705675869315429,2.698443039074721e-06,0.03772810750346173,2.454846806566225e-06,4.192252453940652e-05
7.055000000000086e-05,3.3,0.8705673672935508,2.215584302050444,0.8705675875070872,2.698443079311753e-06,0.037728106325476,2.45484690382758e-06,4.19225248297071e-05
7.065000000000086e-05,3.3,0.8705673667110824,2.215584302451516,0.8705675876019915,2.698443063225083e-06,0.03772810772693124,2.454846822288904e-06,4.192252487743081e-05
7.075000000000087e-05,3.3,0.8705673662882805,2.215584302984342,0.87056758661455,2.698443041737667e-06,0.03772810602514162,2.45484688308419e-06,4.192252437971105e-05
7.085000000000087e-05,3.3,0.8705673675846253,2.215584301316728,0.8705675885203056,2.698443108933731e-06,0.03772810803676852,2.454846843562784e-06,4.192252534042304e-05
7.095000000000087e-05,3.3,0.8705673650852646,2.215584304321146,0.8705675855001547,2.698442987917756e-06,0.03772810564454544,2.454846857544988e-06,4.192252381785858e-05
7.105000000000087e-05,3.3,0.8705673662473689,2.215584302708726,0.8705675871426868,2.698443052904597e-06,0.03772810755439806,2.454846812691517e-06,4.192252464586237e-05
7.115000000000088e-05,3.3,0.8705673673825236,2.21558430201757,0.8705675876476773,2.698443080626274e-06,0.03772810639896693,2.454846905504841e-06,4.192252490058796e-05
7.125000000000088e-05,3.3,0.8705673655956241,2.215584303526943,0.8705675864041118,2.698443019950566e-06,0.03772810728553536,2.45484679677479e-06,4.192252427349026e-05
7.135000000000088e-05,3.3,0.8705673655174445,2.21558430393281,0.8705675857986425,2.698443003539814e-06,0.03772810576993778,2.454846862948106e-06,4.192252396834896e-05
7.145000000000088e-05,3.3,0.8705673663060459,2.215584302889153,0.8705675869706627,2.698443045607573e-06,0.0377281074730684,2.454846810127517e-06,4.192252455913191e-05
7.155000000000089e-05,3.3,0.8705673661623486,2.215584303200331,0.870567586515172,2.698443033031595e-06,0.03772810602370907,2.454846878827938e-06,4.192252432960547e-05
7.165000000000089e-05,3.3,0.8705673664675233,2.215584302484219,0.870567587374877,2.698443061940634e-06,0.03772810760576916,2.454846819726501e-06,4.192252476292725e-05
7.175000000000089e-05,3.3,0.8705673661100602,2.215584303293389,0.8705675863433442,2.698443029280275e-06,0.03772810597214348,2.454846874442981e-06,4.192252424297342e-05
7.185000000000089e-05,3.3,0.870567365831894,2.2155843032658,0.8705675866319111,2.698443030464063e-06,0.03772810733764242,2.454846803568322e-06,4.192252438834204e-05
7.19500000000009e-05,3.3,0.8705673667175106,2.215584302538246,0.8705675871104497,2.698443059693123e-06,0.03772810624958572,2.454846891094681e-06,4.192252462972979e-05
7.20500000000009e-05,3.3,0.870567365914618,2.215584303149023,0.8705675867629213,2.69844303516883e-06,0.03772810737477889,2.454846807040143e-06,4.192252445439436e-05
7.21500000000009e-05,3.3,0.8705673678843091,2.215584301302489,0.8705675883382131,2.698443109436514e-06,0.03772810668545747,2.45484691824329e-06,4.192252524873917e-05
7.22500000000009e-05,3.3,0.8705673654485437,2.215584303559585,0.8705675864933534,2.698443018653914e-06,0.0377281072687762,2.454846801723604e-06,4.192252431848377e-05
7.23500000000009e-05,3.3,0.8705673655341085,2.215584303884648,0.870567585625572,2.698443005482849e-06,0.03772810575306312,2.454846856372232e-06,4.192252388109089e-05
7.245000000000091e-05,3.3,0.8705673672413655,2.215584301937712,0.8705675880285324,2.698443083900758e-06,0.0377281077955732,2.45484683677614e-06,4.192252509248478e-05
7.255000000000091e-05,3.3,0.8705673646184656,2.215584304786413,0.8705675850665483,2.698442969193166e-06,0.03772810556371446,2.45484684348811e-06,4.192252359924316e-05
7.265000000000091e-05,3.3,0.8705673667623397,2.215584302381127,0.8705675874221488,2.698443066060909e-06,0.03772810758149253,2.454846823277817e-06,4.192252478676189e-05
7.275000000000091e-05,3.3,0.870567366186218,2.215584303120809,0.8705675866565848,2.698443036240038e-06,0.03772810612332748,2.454846878938378e-06,4.192252440090063e-05
7.285000000000092e-05,3.3,0.8705673672401458,2.215584301784072,0.8705675880125703,2.698443090107363e-06,0.03772810777814992,2.454846837125274e-06,4.192252508443905e-05
7.295000000000092e-05,3.3,0.8705673666302837,2.215584302889783,0.8705675868524863,2.698443045505846e-06,0.03772810619871369,2.454846882909487e-06,4.19225244996688e-05
7.305000000000092e-05,3.3,0.8705673661520502,2.215584302947317,0.8705675869005711,2.69844304328127e-06,0.03772810738326726,2.454846812547696e-06,4.192252452379606e-05
7.315000000000092e-05,3.3,0.8705673668241791,2.215584302543461,0.8705675871380012,2.698443059466435e-06,0.03772810630498721,2.454846888916349e-06,4.192252464361869e-05
7.325000000000093e-05,3.3,0.870567365784911,2.215584303311265,0.8705675864575452,2.698443028634616e-06,0.03772810722169652,2.454846803005344e-06,4.192252430043289e-05
7.335000000000093e-05,3.3,0.8705673667735623,2.215584302696408,0.8705675869704501,2.698443053295762e-06,0.03772810625702385,2.4548468845053e-06,4.1922524559144e-05
7.345000000000093e-05,3.3,0.8705673661399814,2.215584302975869,0.8705675869468555,2.698443042129729e-06,0.03772810738309066,2.454846814594641e-06,4.192252454713092e-05
7.355000000000093e-05,3.3,0.8705673664718221,2.215584302861302,0.8705675867391357,2.698443046680056e-06,0.0377281061832024,2.454846878875883e-06,4.192252444252078e-05
7.365000000000094e-05,3.3,0.8705673662347977,2.215584302764517,0.8705675870806813,2.698443050653009e-06,0.03772810742012117,2.454846818186905e-06,4.192252461460275e-05
7.375000000000094e-05,3.3,0.8705673659160863,2.215584303564663,0.8705675861048096,2.698443018351202e-06,0.0377281059721771,2.454846863989469e-06,4.192252412270844e-05
7.385000000000094e-05,3.3,0.8705673665784875,2.21558430241589,0.8705675873954936,2.698443064684355e-06,0.03772810752199155,2.454846825750056e-06,4.19225247733241e-05
7.395000000000094e-05,3.3,0.8705673660227811,2.21558430342525,0.8705675862969195,2.698443023966783e-06,0.03772810604473021,2.454846867976646e-06,4.192252421956506e-05
7.405000000000095e-05,3.3,0.8705673661694093,2.215584302974967,0.8705675868202669,2.69844304216182e-06,0.03772810731578294,2.454846813150591e-06,4.192252448330917e-05
7.415000000000095e-05,3.3,0.8705673656291093,2.215584303827476,0.8705675859114435,2.698443007777799e-06,0.03772810591705054,2.454846858893433e-06,4.192252402521722e-05
7.425000000000095e-05,3.3,0.8705673653577026,2.215584303798726,0.8705675860547102,2.698443009007839e-06,0.03772810704397641,2.454846796229461e-06,4.192252409733435e-05
7.435000000000095e-05,3.3,0.8705673665166899,2.215584302832665,0.8705675868552327,2.698443047830028e-06,0.03772810625385641,2.454846879651203e-06,4.192252450105292e-05
7.445000000000096e-05,3.3,0.8705673647919505,2.215584304362205,0.8705675855754768,2.698442986330928e-06,0.03772810686930554,2.454846785918257e-06,4.192252385571539e-05
7.455000000000096e-05,3.3,0.8705673657388158,2.21558430364671,0.8705675859380727,2.698443015063426e-06,0.03772810594563225,2.454846858296676e-06,4.192252403864304e-05
7.465000000000096e-05,3.3,0.8705673670451671,2.215584302015957,0.870567587785871,2.698443080769694e-06,0.03772810762862,2.4548468363365e-06,4.192252497014325e-05
7.475000000000096e-05,3.3,0.8705673656086071,2.215584303997758,0.8705675858086332,2.698443000902341e-06,0.03772810590494934,2.454846855134627e-06,4.192252397338203e-05
7.485000000000097e-05,3.3,0.8705673671084421,2.215584301857599,0.8705675878340294,2.698443087157022e-06,0.03772810764148696,2.454846837649068e-06,4.1922524994425e-05
7.495000000000097e-05,3.3,0.8705673649803358,2.215584304393992,0.8705675855932564,2.698442984990477e-06,0.03772810583518319,2.454846849980758e-06,4.192252386479349e-05
7.505000000000097e-05,3.3,0.8705673651174182,2.21558430380028,0.8705675859329908,2.698443008981028e-06,0.03772810697601248,2.454846795039854e-06,4.192252403596766e-05
7.515000000000097e-05,3.3,0.870567367463599,2.215584301912255,0.8705675877200194,2.698443084867964e-06,0.03772810657938565,2.454846897635479e-06,4.192252493705657e-05
7.525000000000098e-05,3.3,0.8705673644835538,2.215584304493253,0.8705675855330864,2.698442981083451e-06,0.03772810682672863,2.454846786673953e-06,4.192252383434458e-05
7.535000000000098e-05,3.3,0.870567365502961,2.215584303915931,0.8705675856580943,2.69844300422349e-06,0.0377281058735569,2.454846850433045e-06,4.192252389748403e-05
7.545000000000098e-05,3.3,0.8705673661239796,2.215584302821851,0.8705675871272247,2.698443048353785e-06,0.03772810737324195,2.454846823105372e-06,4.19225246380708e-05
7.555000000000098e-05,3.3,0.8705673658450296,2.215584303527391,0.8705675861583917,2.698443019867227e-06,0.03772810605291343,2.454846861400702e-06,4.192252414972148e-05
7.565000000000099e-05,3.3,0.870567365069516,2.215584303993694,0.8705675858763277,2.698443001175394e-06,0.03772810693406192,2.454846795136351e-06,4.192252400739866e-05
7.575000000000099e-05,3.3,0.8705673663727601,2.215584303016551,0.870567586673181,2.698443040423509e-06,0.03772810623902086,2.454846872579752e-06,4.192252440926596e-05
7.585000000000099e-05,3.3,0.8705673659691733,2.215584303131181,0.8705675867351405,2.698443035881714e-06,0.03772810722256043,2.45484681512936e-06,4.192252444039116e-05
7.595000000000099e-05,3.3,0.870567366662475,2.215584302552911,0.8705675869721349,2.698443059108717e-06,0.03772810635050988,2.454846878846005e-06,4.192252455999145e-05
7.6050000000001e-05,3.3,0.8705673672441258,2.215584301760903,0.8705675880499331,2.698443091042859e-06,0.03772810767160342,2.45484684528173e-06,4.192252510327852e-05
7.6150000000001e-05,3.3,0.8705673658781025,2.215584303539873,0.8705675862809216,2.69844301935807e-06,0.03772810611634402,2.454846862904915e-06,4.192252421149751e-05
7.6250000000001e-05,3.3,0.8705673669092896,2.215584302116449,0.870567587669189,2.698443076730803e-06,0.03772810753753177,2.454846836792928e-06,4.1922524911317e-05
7.6350000000001e-05,3.3,0.8705673658830226,2.215584303667872,0.8705675862394106,2.698443014186748e-06,0.03772810610580683,2.454846861738823e-06,4.192252419056775e-05
7.6450000000001e-05,3.3,0.8705673654566554,2.215584303608211,0.8705675862508682,2.698443016689e-06,0.03772810703861276,2.454846805155793e-06,4.192252419623459e-05
7.655000000000101e-05,3.3,0.8705673670532456,2.215584302325185,0.8705675873530682,2.698443068249044e-06,0.03772810649992785,2.454846886417475e-06,4.192252475204771e-05
7.665000000000101e-05,3.3,0.8705673659059071,2.215584303154089,0.8705675867696445,2.698443034965874e-06,0.03772810721138774,2.454846817331073e-06,4.192252445778862e-05
7.675000000000101e-05,3.3,0.8705673665206165,2.215584302931445,0.8705675867246665,2.698443043839108e-06,0.03772810628894912,2.454846871778634e-06,4.192252443522236e-05
7.685000000000101e-05,3.3,0.8705673672453393,2.215584301615114,0.8705675881530849,2.698443096931746e-06,0.03772810768456576,2.454846849005664e-06,4.192252515528589e-05
7.695000000000102e-05,3.3,0.8705673651962393,2.215584304395539,0.870567585488219,2.698442984895646e-06,0.03772810586379457,2.454846843616277e-06,4.192252381183481e-05
7.705000000000102e-05,3.3,0.8705673653767496,2.215584303554242,0.8705675863425643,2.69844301888102e-06,0.03772810705341152,2.454846808273444e-06,4.19225242424661e-05
7.715000000000102e-05,3.3,0.8705673674642248,2.21558430183511,0.8705675877929986,2.698443087983872e-06,0.0377281066715168,2.454846895197965e-06,4.192252497384878e-05
7.725000000000102e-05,3.3,0.87056736567759,2.215584303483169,0.8705675864732114,2.698443021706956e-06,0.03772810708921338,2.454846811815463e-06,4.192252430833484e-05
7.735000000000103e-05,3.3,0.8705673673570242,2.215584301990216,0.8705675876207251,2.698443081734572e-06,0.03772810661789507,2.454846890925775e-06,4.192252488699319e-05
7.745000000000103e-05,3.3,0.8705673660573429,2.21558430315478,0.8705675869196785,2.698443034915255e-06,0.03772810723609971,2.454846822410666e-06,4.192252453343221e-05
7.755000000000103e-05,3.3,0.8705673657012617,2.215584303741398,0.8705675859105003,2.698443011243899e-06,0.03772810603177352,2.454846851825562e-06,4.1922524024739e-05
7.765000000000103e-05,3.3,0.8705673665759817,2.215584302495697,0.8705675873977761,2.698443061461117e-06,0.03772810739936214,2.454846833360011e-06,4.192252477447762e-05
7.775000000000104e-05,3.3,0.8705673663339178,2.215584303052347,0.8705675866537412,2.698443038983259e-06,0.03772810629404288,2.454846868363547e-06,4.192252439946287e-05
7.785000000000104e-05,3.3,0.8705673679677232,2.215584300963103,0.8705675888347508,2.698443123161524e-06,0.03772810789309171,2.454846866130003e-06,4.192252549896641e-05
7.795000000000104e-05,3.3,0.870567366722208,2.215584302618398,0.8705675871448786,2.698443056454219e-06,0.03772810646990098,2.454846879138094e-06,4.192252464708142e-05
7.805000000000104e-05,3.3,0.870567366395819,2.215584302691381,0.8705675871404877,2.698443053583579e-06,0.03772810730051861,2.454846828123487e-06,4.192252464476027e-05
7.815000000000105e-05,3.3,0.870567366080383,2.215584303361413,0.8705675863439384,2.698443026536449e-06,0.03772810619529041,2.454846860825577e-06,4.19225242432669e-05
7.825000000000105e-05,3.3,0.8705673656563327,2.215584303409863,0.8705675864876822,2.698443024671405e-06,0.03772810706844391,2.454846813714404e-06,4.192252431563177e-05
7.835000000000105e-05,3.3,0.8705673663496256,2.215584302961366,0.8705675868938568,2.6984430426559e-06,0.03772810639212794,2.454846872902819e-06,4.192252452052218e-05
7.845000000000105e-05,3.3,0.8705673668808044,2.2155843020582,0.8705675876759463,2.698443079088124e-06,0.03772810747470107,2.454846840927317e-06,4.192252491472582e-05
7.855000000000106e-05,3.3,0.8705673659527748,2.215584303566915,0.8705675863105868,2.698443018254377e-06,0.03772810619452483,2.45484685942825e-06,4.192252422645114e-05
7.865000000000106e-05,3.3,0.8705673659017955,2.215584303170526,0.8705675865900406,2.698443034302698e-06,0.03772810709377589,2.454846816637095e-06,4.192252436723936e-05
7.875000000000106e-05,3.3,0.8705673666503275,2.215584302685383,0.8705675870064429,2.698443053759081e-06,0.03772810644222847,2.454846874755942e-06,4.192252457728536e-05
7.885000000000106e-05,3.3,0.870567366527964,2.215584302533716,0.8705675871749821,2.698443059932751e-06,0.03772810728827792,2.4548468303715e-06,4.192252466215235e-05
7.895000000000107e-05,3.3,0.8705673661802251,2.215584303160319,0.8705675865764706,2.698443034644501e-06,0.03772810629796935,2.454846864739573e-06,4.19225243605035e-05
7.905000000000107e-05,3.3,0.8705673667903572,2.215584302211896,0.8705675875588481,2.698443072893307e-06,0.03772810742032453,2.454846839125184e-06,4.192252485568847e-05
7.915000000000107e-05,3.3,0.8705673655606101,2.215584303865847,0.870567585988927,2.698443006237678e-06,0.03772810609819308,2.454846851220387e-06,4.192252406427742e-05
7.925000000000107e-05,3.3,0.8705673667987444,2.215584302183202,0.8705675874440013,2.698443074051233e-06,0.03772810737483611,2.454846836859416e-06,4.192252479778668e-05
7.935000000000107e-05,3.3,0.8705673663237213,2.215584303229635,0.8705675867396739,2.698443031822951e-06,0.0377281063649704,2.454846867817791e-06,4.192252444278541e-05
7.945000000000108e-05,3.3,0.8705673657916321,2.215584303221595,0.8705675865019227,2.698443032256377e-06,0.03772810704457578,2.454846815780993e-06,4.19225243228128e-05
7.955000000000108e-05,3.3,0.8705673678611523,2.215584301387957,0.870567588240299,2.69844310598691e-06,0.03772810689079283,2.454846901389298e-06,4.192252519936517e-05
7.965000000000108e-05,3.3,0.8705673659099146,2.215584303091067,0.8705675867320949,2.698443037511146e-06,0.03772810711447686,2.454846821603276e-06,4.19225244388597e-05
7.975000000000108e-05,3.3,0.8705673661651622,2.215584303291282,0.8705675864888026,2.698443029356595e-06,0.03772810628916626,2.454846861440096e-06,4.192252431630266e-05
7.985000000000109e-05,3.3,0.8705673663097859,2.215584302563526,0.8705675873130976,2.698443058761309e-06,0.03772810731308943,2.454846834924491e-06,4.192252473178742e-05
7.995000000000109e-05,3.3,0.8705673654181287,2.215584304030623,0.8705675858511334,2.698442999602855e-06,0.03772810607131029,2.45484684682829e-06,4.192252399480503e-05
7.999999999999999e-05,3.3,0.8705673662607302,2.215584302715775,0.8705675870173122,2.698443052618672e-06,0.03772810720449698,2.454846828588645e-06,4.192252458266077e-05
