time,v(out),v(inp),i(VDD),@m.xdut.xraw.x11.msky130_fd_pr__pfet_g5v0d10v5[id]
0.0,1.567474102326446,1.5675,-0.0002465830767915935,4.854291072517711e-06
2e-11,1.567474102326353,1.5675,-0.0002465830768986159,4.854291072514074e-06
4e-11,1.567474102326244,1.5675,-0.0002465830768721863,4.854291072512189e-06
8.000000000000001e-11,1.567474102326018,1.5675,-0.0002465830769125543,4.854291072509106e-06
1.6e-10,1.567474102325846,1.5675,-0.0002465830768462563,4.854291072494153e-06
3.2e-10,1.567474102325863,1.5675,-0.0002465830769206508,4.854291072471225e-06
6.400000000000001e-10,1.567474102324271,1.5675,-0.0002465830769279584,4.85429107242712e-06
1.28e-09,1.567474102323547,1.5675,-0.0002465830769791446,4.854291072394758e-06
2.56e-09,1.567474102330491,1.5675,-0.0002465830769305817,4.854291072446976e-06
4.560000000000001e-09,1.567474102343377,1.5675,-0.00024658307709472,4.854291072236675e-06
6.560000000000001e-09,1.567474102367814,1.5675,-0.0002465830772400722,4.85429107211767e-06
8.56e-09,1.567474102410186,1.5675,-0.0002465830774246469,4.854291072013747e-06
1.056e-08,1.567474102471753,1.5675,-0.0002465830776351004,4.854291071953379e-06
1.256e-08,1.567474102553307,1.5675,-0.0002465830777916246,4.854291071938304e-06
1.456e-08,1.567474102654919,1.5675,-0.0002465830779739955,4.854291071913803e-06
1.656e-08,1.56747410277545,1.5675,-0.0002465830781024767,4.854291071906699e-06
1.856e-08,1.567474102913098,1.5675,-0.0002465830782702106,4.854291071915055e-06
2.056e-08,1.567474103065177,1.5675,-0.0002465830783842219,4.854291071926846e-06
2.256e-08,1.567474103229423,1.5675,-0.0002465830785110769,4.85429107190331e-06
2.456000000000001e-08,1.567474103402221,1.5675,-0.0002465830785844279,4.854291071859096e-06
2.656000000000001e-08,1.567474103580292,1.5675,-0.0002465830787506582,4.854291071843506e-06
2.856000000000001e-08,1.567474103760838,1.5675,-0.0002465830787572385,4.854291071859188e-06
3.056000000000001e-08,1.567474103940857,1.5675,-0.000246583078777135,4.854291071828816e-06
3.256000000000001e-08,1.567474104117344,1.5675,-0.0002465830788237558,4.854291071834608e-06
3.456000000000001e-08,1.567474104287402,1.5675,-0.0002465830788573192,4.854291071848278e-06
3.656e-08,1.567474104448166,1.5675,-0.0002465830788247459,4.854291071815776e-06
3.856e-08,1.567474104597587,1.5675,-0.0002465830788590771,4.854291071840592e-06
4.056e-08,1.567474104734759,1.5675,-0.0002465830787741955,4.854291071841359e-06
4.256e-08,1.567474104858229,1.5675,-0.0002465830787696025,4.854291071815811e-06
4.456e-08,1.567474104967041,1.5675,-0.0002465830787256653,4.854291071852745e-06
4.655999999999999e-08,1.567474105061118,1.5675,-0.0002465830786955729,4.854291071872591e-06
4.855999999999999e-08,1.567474105140159,1.5675,-0.0002465830786128537,4.854291071862374e-06
5.055999999999999e-08,1.567474105204316,1.5675,-0.0002465830785971706,4.854291071844814e-06
5.255999999999999e-08,1.567474105254345,1.5675,-0.0002465830785421236,4.854291071840584e-06
5.455999999999999e-08,1.567474105290655,1.5675,-0.000246583078487587,4.854291071848493e-06
5.655999999999999e-08,1.567474105314474,1.5675,-0.000246583078433515,4.854291071834199e-06
5.855999999999998e-08,1.56747410532763,1.5675,-0.0002465830784064326,4.854291071834215e-06
6.055999999999998e-08,1.567474105331669,1.5675,-0.0002465830783265035,4.854291071840264e-06
6.255999999999999e-08,1.567474105328273,1.5675,-0.0002465830782734439,4.854291071829758e-06
6.455999999999999e-08,1.567474105318641,1.5675,-0.0002465830782605056,4.85429107183813e-06
6.656e-08,1.567474105303858,1.5675,-0.0002465830782211661,4.854291071838565e-06
6.856e-08,1.567474105285345,1.5675,-0.0002465830781952618,4.854291071829698e-06
7.056e-08,1.567474105264461,1.5675,-0.0002465830781827422,4.854291071842047e-06
7.256000000000001e-08,1.567474105242457,1.5675,-0.0002465830781436713,4.85429107183738e-06
7.456000000000001e-08,1.567474105220967,1.5675,-0.0002465830781444706,4.854291071833733e-06
7.656000000000002e-08,1.567474105201441,1.5675,-0.0002465830781053075,4.854291071842383e-06
7.856000000000002e-08,1.567474105184774,1.5675,-0.0002465830781059275,4.854291071826729e-06
8.056000000000003e-08,1.567474105171364,1.5675,-0.0002465830781330193,4.854291071834624e-06
8.256000000000003e-08,1.567474105161529,1.5675,-0.0002465830781067922,4.854291071845688e-06
8.456000000000004e-08,1.567474105155634,1.5675,-0.0002465830781070115,4.854291071827607e-06
8.656000000000004e-08,1.567474105153869,1.5675,-0.0002465830781070772,4.854291071840379e-06
8.856000000000005e-08,1.567474105156388,1.5675,-0.0002465830781202799,4.854291071843817e-06
9.056000000000005e-08,1.567474105163103,1.5675,-0.0002465830781067337,4.854291071824502e-06
9.256000000000006e-08,1.567474105173449,1.5675,-0.0002465830781196453,4.854291071837585e-06
9.456000000000006e-08,1.56747410518679,1.5675,-0.0002465830781324455,4.854291071834884e-06
9.656000000000007e-08,1.567474105202748,1.5675,-0.0002465830781052589,4.854291071823659e-06
9.856000000000007e-08,1.56747410522101,1.5675,-0.0002465830781311726,4.854291071842319e-06
1.005600000000001e-07,1.567474105240918,1.5675,-0.0002465830781171355,4.85429107183337e-06
1.025600000000001e-07,1.567474105262313,1.5675,-0.0002465830781429326,4.854291071825848e-06
1.045600000000001e-07,1.567474105285126,1.5675,-0.000246583078142084,4.854291071845907e-06
1.065600000000001e-07,1.567474105309047,1.5675,-0.0002465830781411942,4.854291071826047e-06
1.085600000000001e-07,1.567474105333546,1.5675,-0.0002465830781136898,4.854291071825699e-06
1.105600000000001e-07,1.567474105358031,1.5675,-0.0002465830781260755,4.854291071849442e-06
1.125600000000001e-07,1.567474105382115,1.5675,-0.0002465830781118832,4.854291071823016e-06
1.145600000000001e-07,1.567474105405723,1.5675,-0.0002465830781110049,4.854291071832831e-06
1.165600000000001e-07,1.567474105428694,1.5675,-0.0002465830781234469,4.854291071848281e-06
1.185600000000001e-07,1.567474105450424,1.5675,-0.0002465830781093421,4.854291071817309e-06
1.205600000000001e-07,1.567474105470751,1.5675,-0.0002465830781351789,4.854291071840832e-06
1.225600000000001e-07,1.567474105489669,1.5675,-0.0002465830781078822,4.854291071844224e-06
1.245600000000001e-07,1.567474105506783,1.5675,-0.0002465830780939491,4.854291071815658e-06
1.265600000000001e-07,1.567474105521922,1.5675,-0.0002465830781066825,4.854291071851468e-06
1.285600000000001e-07,1.567474105535299,1.5675,-0.0002465830780662954,4.854291071871492e-06
1.305600000000001e-07,1.567474105547178,1.5675,-0.00024658307807915,4.854291071861524e-06
1.325600000000001e-07,1.567474105557763,1.5675,-0.0002465830781053492,4.854291071850808e-06
1.345600000000001e-07,1.567474105567233,1.5675,-0.000246583078078404,4.854291071840428e-06
1.365600000000001e-07,1.567474105575426,1.5675,-0.0002465830780648026,4.854291071842377e-06
1.3856e-07,1.567474105582262,1.5675,-0.0002465830780512519,4.854291071839193e-06
1.4056e-07,1.56747410558785,1.5675,-0.0002465830780643406,4.854291071836404e-06
1.4256e-07,1.567474105592255,1.5675,-0.0002465830780774731,4.854291071839995e-06
1.4456e-07,1.567474105595644,1.5675,-0.0002465830780507541,4.854291071836089e-06
1.4656e-07,1.567474105598193,1.5675,-0.0002465830780639558,4.854291071837092e-06
1.4856e-07,1.56747410559986,1.5675,-0.0002465830780505973,4.854291071844225e-06
1.5056e-07,1.567474105600709,1.5675,-0.0002465830780505657,4.854291071835395e-06
1.5256e-07,1.567474105600998,1.5675,-0.0002465830780505549,4.854291071835684e-06
1.5456e-07,1.567474105601051,1.5675,-0.000246583078050553,4.854291071842246e-06
1.5656e-07,1.567474105601157,1.5675,-0.0002465830780372526,4.854291071829272e-06
1.5856e-07,1.567474105601492,1.5675,-0.0002465830780372401,4.854291071836678e-06
1.6056e-07,1.567474105602114,1.5675,-0.000246583078037217,4.854291071841458e-06
1.625599999999999e-07,1.567474105603235,1.5675,-0.0002465830780371752,4.854291071825813e-06
1.645599999999999e-07,1.567474105604911,1.5675,-0.0002465830780371129,4.854291071842537e-06
1.665599999999999e-07,1.567474105607099,1.5675,-0.0002465830780104385,4.854291071842593e-06
1.685599999999999e-07,1.567474105609882,1.5675,-0.000246583078036928,4.854291071826703e-06
1.705599999999999e-07,1.567474105613333,1.5675,-0.0002465830780367996,4.854291071845899e-06
1.725599999999999e-07,1.567474105617296,1.5675,-0.0002465830780233557,4.85429107183478e-06
1.745599999999999e-07,1.56747410562159,1.5675,-0.0002465830780364925,4.854291071826003e-06
1.765599999999999e-07,1.567474105626206,1.5675,-0.0002465830780363207,4.854291071848242e-06
1.785599999999999e-07,1.567474105631094,1.5675,-0.0002465830780361389,4.85429107182943e-06
1.805599999999999e-07,1.567474105636218,1.5675,-0.0002465830780226518,4.854291071829896e-06
1.825599999999999e-07,1.567474105641517,1.5675,-0.0002465830780357512,4.854291071847792e-06
1.845599999999998e-07,1.567474105646847,1.5675,-0.0002465830780222564,4.854291071821412e-06
1.865599999999998e-07,1.567474105652249,1.5675,-0.000246583078035352,4.854291071833568e-06
1.885599999999998e-07,1.56747410565765,1.5675,-0.0002465830780351511,4.854291071848092e-06
1.905599999999998e-07,1.567474105662943,1.5675,-0.0002465830780349542,4.85429107181512e-06
1.925599999999998e-07,1.567474105668075,1.5675,-0.0002465830780347633,4.854291071842809e-06
1.945599999999998e-07,1.567474105673175,1.5675,-0.000246583078021277,4.854291071841378e-06
1.965599999999998e-07,1.567474105678216,1.5675,-0.0002465830780210895,4.854291071811716e-06
1.985599999999998e-07,1.567474105682968,1.5675,-0.0002465830780076163,4.85429107185617e-06
2.005599999999998e-07,1.567474105687445,1.5675,-0.0002465830779808568,4.854291071895266e-06
2.025599999999998e-07,1.567474105691857,1.5675,-0.0002465830779939891,4.854291071896269e-06
2.045599999999998e-07,1.56747410569619,1.5675,-0.0002465830779805315,4.854291071910749e-06
2.065599999999998e-07,1.56747410570037,1.5675,-0.0002465830780202654,4.854291071922341e-06
2.085599999999997e-07,1.567474105704418,1.5675,-0.0002465830780068184,4.854291071905723e-06
2.105599999999997e-07,1.567474105708308,1.5675,-0.0002465830779800807,4.854291071892319e-06
2.125599999999997e-07,1.567474105712095,1.5675,-0.0002465830780065328,4.854291071850674e-06
2.145599999999997e-07,1.567474105715778,1.5675,-0.0002465830780329888,4.854291071837007e-06
2.165599999999997e-07,1.567474105719226,1.5675,-0.000246583078019564,4.854291071856118e-06
2.185599999999997e-07,1.567474105722508,1.5675,-0.0002465830780061454,4.854291071830856e-06
2.205599999999997e-07,1.567474105725591,1.5675,-0.0002465830780060308,4.854291071834065e-06
2.225599999999997e-07,1.567474105728336,1.5675,-0.0002465830780325216,4.854291071851725e-06
2.245599999999997e-07,1.567474105730842,1.5675,-0.0002465830780058354,4.854291071823738e-06
2.265599999999997e-07,1.567474105733087,1.5675,-0.000246583078005752,4.854291071837166e-06
2.285599999999997e-07,1.567474105734637,1.5675,-0.0002465830779791012,4.854291071843381e-06
2.305599999999997e-07,1.567474105735128,1.5675,-0.000246583077979083,4.854291071817521e-06
2.325599999999996e-07,1.567474105734693,1.5675,-0.0002465830779790992,4.854291071845229e-06
2.345599999999996e-07,1.567474105733692,1.5675,-0.00024658307796584,4.854291071837928e-06
2.365599999999996e-07,1.567474105732231,1.5675,-0.0002465830779525978,4.854291071817165e-06
2.385599999999996e-07,1.567474105730528,1.5675,-0.0002465830779659576,4.85429107184895e-06
2.405599999999996e-07,1.567474105728623,1.5675,-0.000246583077952732,4.854291071829364e-06
2.425599999999996e-07,1.567474105726451,1.5675,-0.0002465830779794058,4.85429107182305e-06
2.445599999999996e-07,1.567474105724178,1.5675,-0.0002465830779661939,4.854291071854085e-06
2.465599999999996e-07,1.56747410572195,1.5675,-0.0002465830779529803,4.854291071821451e-06
2.485599999999996e-07,1.567474105719684,1.5675,-0.0002465830779796575,4.85429107183483e-06
2.505599999999996e-07,1.567474105717422,1.5675,-0.0002465830779531487,4.854291071854279e-06
2.525599999999996e-07,1.567474105715294,1.5675,-0.0002465830779266349,4.8542910718135e-06
2.545599999999995e-07,1.567474105713397,1.5675,-0.0002465830779532984,4.854291071813337e-06
2.565599999999995e-07,1.567474105711816,1.5675,-0.0002465830779799502,4.854291071834037e-06
2.585599999999995e-07,1.567474105710498,1.5675,-0.0002465830779799992,4.854291071828434e-06
2.605599999999995e-07,1.567474105709381,1.5675,-0.0002465830779933372,4.854291071826702e-06
2.625599999999995e-07,1.56747410570854,1.5675,-0.000246583077980072,4.854291071843616e-06
2.645599999999995e-07,1.567474105708208,1.5675,-0.0002465830779800844,4.854291071830627e-06
2.665599999999995e-07,1.567474105708532,1.5675,-0.0002465830779534794,4.854291071833345e-06
2.685599999999995e-07,1.567474105709317,1.5675,-0.0002465830779667466,4.854291071847714e-06
2.705599999999995e-07,1.567474105710366,1.5675,-0.0002465830779534112,4.854291071823627e-06
2.725599999999995e-07,1.567474105711693,1.5675,-0.0002465830779533618,4.854291071836299e-06
2.745599999999995e-07,1.567474105713179,1.5675,-0.0002465830779533066,4.854291071845995e-06
2.765599999999995e-07,1.567474105714755,1.5675,-0.0002465830779532479,4.854291071822439e-06
2.785599999999994e-07,1.567474105716351,1.5675,-0.000246583077966485,4.854291071845423e-06
2.805599999999994e-07,1.567474105717892,1.5675,-0.0002465830779531312,4.854291071842485e-06
2.825599999999994e-07,1.567474105719336,1.5675,-0.0002465830779530775,4.854291071822647e-06
2.845599999999994e-07,1.567474105720766,1.5675,-0.0002465830779663208,4.854291071851314e-06
2.865599999999994e-07,1.567474105722247,1.5675,-0.0002465830779529693,4.854291071836307e-06
2.885599999999994e-07,1.567474105723703,1.5675,-0.000246583077952915,4.854291071826037e-06
2.905599999999994e-07,1.567474105725197,1.5675,-0.0002465830779794525,4.854291071855723e-06
2.925599999999994e-07,1.567474105726685,1.5675,-0.0002465830779528041,4.854291071851718e-06
2.945599999999994e-07,1.567474105728044,1.5675,-0.00024658307796605,4.854291071837666e-06
2.965599999999994e-07,1.567474105729241,1.5675,-0.000246583077952709,4.85429107183865e-06
2.985599999999994e-07,1.5674741057302,1.5675,-0.0002465830779792664,4.854291071838049e-06
3.005599999999994e-07,1.567474105731012,1.5675,-0.0002465830779659396,4.854291071836172e-06
3.025599999999993e-07,1.567474105731713,1.5675,-0.00024658307797921,4.854291071840578e-06
3.045599999999993e-07,1.567474105732136,1.5675,-0.0002465830779526013,4.854291071836846e-06
3.065599999999993e-07,1.567474105732153,1.5675,-0.0002465830779658972,4.854291071839308e-06
3.085599999999993e-07,1.567474105731968,1.5675,-0.0002465830779792006,4.854291071842286e-06
3.105599999999993e-07,1.567474105731786,1.5675,-0.0002465830779659108,4.854291071835749e-06
3.125599999999993e-07,1.567474105731659,1.5675,-0.000246583077979212,4.854291071842814e-06
3.145599999999993e-07,1.56747410573151,1.5675,-0.0002465830779792176,4.854291071839421e-06
3.165599999999993e-07,1.567474105731137,1.5675,-0.0002465830779792315,4.854291071832282e-06
3.185599999999993e-07,1.567474105730678,1.5675,-0.0002465830779526555,4.854291071843695e-06
3.205599999999993e-07,1.567474105730176,1.5675,-0.0002465830779526742,4.85429107183741e-06
3.225599999999993e-07,1.56747410572972,1.5675,-0.0002465830779526912,4.854291071830051e-06
3.245599999999992e-07,1.567474105729403,1.5675,-0.000246583077979296,4.854291071839193e-06
3.265599999999992e-07,1.567474105729175,1.5675,-0.0002465830779660079,4.854291071834534e-06
3.285599999999992e-07,1.56747410572899,1.5675,-0.0002465830779527184,4.854291071832321e-06
3.305599999999992e-07,1.567474105728911,1.5675,-0.0002465830779793143,4.854291071839986e-06
3.325599999999992e-07,1.567474105728952,1.5675,-0.0002465830779660163,4.854291071833846e-06
3.345599999999992e-07,1.567474105729124,1.5675,-0.0002465830779527134,4.854291071837319e-06
3.365599999999992e-07,1.567474105729417,1.5675,-0.0002465830779527025,4.854291071842076e-06
3.385599999999992e-07,1.567474105729687,1.5675,-0.0002465830779792854,4.854291071830503e-06
3.405599999999992e-07,1.567474105729836,1.5675,-0.0002465830779526869,4.85429107183829e-06
3.425599999999992e-07,1.567474105729937,1.5675,-0.0002465830779526831,4.854291071842346e-06
3.445599999999992e-07,1.567474105730034,1.5675,-0.000246583077965976,4.854291071827916e-06
3.465599999999992e-07,1.56747410572995,1.5675,-0.0002465830779659791,4.854291071833504e-06
3.485599999999991e-07,1.567474105729679,1.5675,-0.0002465830779792857,4.854291071838573e-06
3.505599999999991e-07,1.567474105729268,1.5675,-0.0002465830779660045,4.854291071829375e-06
3.525599999999991e-07,1.567474105728671,1.5675,-0.0002465830779527302,4.854291071834467e-06
3.545599999999991e-07,1.567474105728014,1.5675,-0.0002465830779527546,4.854291071836336e-06
3.565599999999991e-07,1.567474105727387,1.5675,-0.000246583077952778,4.854291071832977e-06
3.585599999999991e-07,1.567474105726743,1.5675,-0.0002465830779660985,4.854291071844347e-06
3.605599999999991e-07,1.567474105725999,1.5675,-0.0002465830779528297,4.854291071837655e-06
3.625599999999991e-07,1.567474105725221,1.5675,-0.0002465830779528586,4.85429107183272e-06
3.645599999999991e-07,1.56747410572454,1.5675,-0.0002465830779528839,4.854291071843779e-06
3.665599999999991e-07,1.567474105724003,1.5675,-0.0002465830779529039,4.854291071831105e-06
3.685599999999991e-07,1.567474105723544,1.5675,-0.000246583077952921,4.854291071832694e-06
3.705599999999991e-07,1.567474105723173,1.5675,-0.0002465830779529347,4.85429107184375e-06
3.72559999999999e-07,1.567474105722972,1.5675,-0.0002465830779529422,4.85429107182687e-06
3.74559999999999e-07,1.567474105722892,1.5675,-0.0002465830779662417,4.854291071838764e-06
3.76559999999999e-07,1.56747410572298,1.5675,-0.0002465830779662384,4.854291071840132e-06
3.78559999999999e-07,1.567474105723165,1.5675,-0.000246583077979528,4.854291071824088e-06
3.80559999999999e-07,1.56747410572334,1.5675,-0.0002465830779795215,4.854291071842031e-06
3.82559999999999e-07,1.567474105723489,1.5675,-0.0002465830779662195,4.854291071835874e-06
3.84559999999999e-07,1.567474105723552,1.5675,-0.0002465830779529206,4.854291071827006e-06
3.86559999999999e-07,1.567474105723605,1.5675,-0.0002465830779529187,4.854291071843051e-06
3.88559999999999e-07,1.567474105723721,1.5675,-0.0002465830779662108,4.854291071833477e-06
3.90559999999999e-07,1.567474105723897,1.5675,-0.0002465830779795007,4.854291071830778e-06
3.92559999999999e-07,1.56747410572399,1.5675,-0.0002465830779529044,4.854291071841713e-06
3.945599999999989e-07,1.567474105723912,1.5675,-0.0002465830779529072,4.854291071829855e-06
3.965599999999989e-07,1.567474105723746,1.5675,-0.0002465830779529134,4.854291071836438e-06
3.985599999999989e-07,1.567474105723574,1.5675,-0.0002465830779529199,4.854291071845057e-06
4.005599999999989e-07,1.567474105723369,1.5675,-0.000246583077966224,4.85429107182638e-06
4.025599999999989e-07,1.567474105723094,1.5675,-0.0002465830779662342,4.854291071840439e-06
4.045599999999989e-07,1.567474105722783,1.5675,-0.0002465830779529493,4.854291071843327e-06
4.065599999999989e-07,1.567474105722589,1.5675,-0.0002465830779529565,4.854291071824109e-06
4.085599999999989e-07,1.567474105722591,1.5675,-0.0002465830779795494,4.854291071845514e-06
4.105599999999989e-07,1.567474105722644,1.5675,-0.0002465830779396579,4.854291071835127e-06
4.125599999999989e-07,1.567474105722604,1.5675,-0.0002465830779529559,4.854291071820394e-06
4.145599999999989e-07,1.567474105722517,1.5675,-0.0002465830779662556,4.854291071847239e-06
4.165599999999989e-07,1.567474105722424,1.5675,-0.0002465830779529626,4.854291071832577e-06
4.185599999999988e-07,1.567474105722231,1.5675,-0.0002465830779662663,4.854291071829065e-06
4.205599999999988e-07,1.56747410572206,1.5675,-0.0002465830779529761,4.854291071849081e-06
4.225599999999988e-07,1.567474105722025,1.5675,-0.0002465830779529774,4.854291071826171e-06
4.245599999999988e-07,1.567474105722062,1.5675,-0.0002465830779795691,4.854291071835797e-06
4.265599999999988e-07,1.567474105722133,1.5675,-0.0002465830779662699,4.854291071846228e-06
4.285599999999988e-07,1.56747410572206,1.5675,-0.0002465830779529761,4.854291071822745e-06
4.305599999999988e-07,1.567474105721925,1.5675,-0.0002465830779662777,4.854291071842012e-06
4.325599999999988e-07,1.567474105721837,1.5675,-0.0002465830779529844,4.854291071836748e-06
4.345599999999988e-07,1.567474105721869,1.5675,-0.0002465830779529833,4.854291071819686e-06
4.365599999999988e-07,1.567474105722021,1.5675,-0.0002465830779795706,4.854291071852681e-06
4.385599999999988e-07,1.567474105722255,1.5675,-0.0002465830779529689,4.854291071835326e-06
4.405599999999988e-07,1.56747410572257,1.5675,-0.0002465830779529572,4.854291071825527e-06
4.425599999999987e-07,1.567474105722893,1.5675,-0.0002465830779795381,4.8542910718572e-06
4.445599999999987e-07,1.567474105723263,1.5675,-0.0002465830779396349,4.854291071858941e-06
4.465599999999987e-07,1.567474105723583,1.5675,-0.0002465830779529195,4.854291071838359e-06
4.485599999999987e-07,1.567474105723774,1.5675,-0.0002465830779662089,4.854291071835621e-06
4.505599999999987e-07,1.567474105723782,1.5675,-0.0002465830779529121,4.854291071847555e-06
4.525599999999987e-07,1.567474105723729,1.5675,-0.0002465830779529141,4.854291071831795e-06
4.545599999999987e-07,1.567474105723795,1.5675,-0.0002465830779795046,4.854291071840023e-06
4.565599999999987e-07,1.56747410572386,1.5675,-0.0002465830779529092,4.854291071842737e-06
4.585599999999987e-07,1.567474105723875,1.5675,-0.0002465830779529086,4.854291071828198e-06
4.605599999999987e-07,1.56747410572398,1.5675,-0.0002465830779529047,4.85429107184385e-06
4.625599999999987e-07,1.567474105724155,1.5675,-0.0002465830779528982,4.854291071836025e-06
4.645599999999986e-07,1.567474105724301,1.5675,-0.0002465830779528928,4.854291071829893e-06
4.665599999999986e-07,1.567474105724431,1.5675,-0.0002465830779528879,4.854291071843285e-06
4.685599999999986e-07,1.567474105724588,1.5675,-0.0002465830779528821,4.854291071832477e-06
4.705599999999986e-07,1.56747410572462,1.5675,-0.0002465830779528809,4.854291071835865e-06
4.725599999999986e-07,1.567474105724509,1.5675,-0.0002465830779528851,4.854291071842297e-06
4.745599999999986e-07,1.567474105724517,1.5675,-0.0002465830779528848,4.85429107182802e-06
4.765599999999986e-07,1.567474105724701,1.5675,-0.0002465830779794708,4.854291071837615e-06
4.785599999999986e-07,1.567474105724905,1.5675,-0.0002465830779528703,4.854291071842813e-06
4.805599999999987e-07,1.567474105724994,1.5675,-0.0002465830779395705,4.854291071826902e-06
4.825599999999987e-07,1.567474105724995,1.5675,-0.000246583077952867,4.854291071840389e-06
4.845599999999988e-07,1.567474105724987,1.5675,-0.0002465830779528673,4.854291071839757e-06
4.865599999999988e-07,1.567474105725031,1.5675,-0.0002465830779528657,4.85429107182732e-06
4.885599999999989e-07,1.567474105725078,1.5675,-0.0002465830779794569,4.854291071845516e-06
4.905599999999989e-07,1.567474105725134,1.5675,-0.0002465830779528618,4.854291071833545e-06
4.92559999999999e-07,1.567474105725293,1.5675,-0.0002465830779661524,4.854291071826215e-06
4.94559999999999e-07,1.567474105725533,1.5675,-0.0002465830779661434,4.854291071847781e-06
4.96559999999999e-07,1.56747410572575,1.5675,-0.0002465830779528389,4.854291071827983e-06
4.985599999999991e-07,1.567474105725894,1.5675,-0.0002465830779528335,4.854291071830126e-06
5.005599999999991e-07,1.567474105725959,1.5675,-0.0002465830779661276,4.854291071848506e-06
5.025599999999992e-07,1.567474105726035,1.5675,-0.0002465830779528283,4.854291071820454e-06
5.045599999999992e-07,1.567474105726024,1.5675,-0.0002465830779794217,4.854291071836233e-06
5.065599999999993e-07,1.567474105725708,1.5675,-0.0002465830779661369,4.854291071851742e-06
5.085599999999993e-07,1.567474105725186,1.5675,-0.0002465830779528599,4.854291071814223e-06
5.105599999999994e-07,1.567474105724585,1.5675,-0.0002465830779661787,4.854291071809654e-06
5.125599999999994e-07,1.567474105723988,1.5675,-0.0002465830779529044,4.854291071834039e-06
5.145599999999994e-07,1.567474105723459,1.5675,-0.0002465830779529241,4.85429107182926e-06
5.165599999999995e-07,1.567474105723043,1.5675,-0.0002465830779529396,4.854291071821149e-06
5.185599999999995e-07,1.567474105722731,1.5675,-0.0002465830779795441,4.854291071839903e-06
5.205599999999996e-07,1.567474105722552,1.5675,-0.0002465830779662544,4.854291071829268e-06
5.225599999999996e-07,1.567474105722608,1.5675,-0.0002465830779529558,4.854291071828327e-06
5.245599999999997e-07,1.567474105722749,1.5675,-0.0002465830779795435,4.854291071843426e-06
5.265599999999997e-07,1.567474105722953,1.5675,-0.0002465830779662395,4.854291071825344e-06
5.285599999999998e-07,1.567474105723246,1.5675,-0.000246583077952932,4.854291071836619e-06
5.305599999999998e-07,1.567474105723547,1.5675,-0.0002465830779529208,4.854291071845355e-06
5.325599999999998e-07,1.567474105723868,1.5675,-0.0002465830779662054,4.854291071823058e-06
5.345599999999999e-07,1.567474105724077,1.5675,-0.0002465830779529011,4.854291071844184e-06
5.365599999999999e-07,1.567474105724055,1.5675,-0.0002465830779529019,4.854291071838611e-06
5.3856e-07,1.56747410572388,1.5675,-0.0002465830779529085,4.854291071823559e-06
5.4056e-07,1.567474105723743,1.5675,-0.0002465830779529135,4.854291071845771e-06
5.425600000000001e-07,1.567474105723646,1.5675,-0.0002465830779662137,4.854291071831055e-06
5.445600000000001e-07,1.567474105723565,1.5675,-0.0002465830779662167,4.854291071832128e-06
5.465600000000002e-07,1.567474105723644,1.5675,-0.0002465830779529173,4.854291071848299e-06
5.485600000000002e-07,1.567474105723816,1.5675,-0.0002465830779529109,4.854291071827139e-06
5.505600000000002e-07,1.567474105724044,1.5675,-0.0002465830779529024,4.854291071840406e-06
5.525600000000003e-07,1.567474105724389,1.5675,-0.0002465830779528896,4.854291071847881e-06
5.545600000000003e-07,1.567474105724816,1.5675,-0.0002465830779661701,4.854291071823954e-06
5.565600000000004e-07,1.567474105725259,1.5675,-0.0002465830779661536,4.854291071846771e-06
5.585600000000004e-07,1.56747410572561,1.5675,-0.000246583077952844,4.854291071843103e-06
5.605600000000005e-07,1.567474105725709,1.5675,-0.0002465830779528404,4.854291071820919e-06
5.625600000000005e-07,1.567474105725672,1.5675,-0.0002465830779528418,4.85429107185274e-06
5.645600000000006e-07,1.567474105725795,1.5675,-0.0002465830779528372,4.854291071835985e-06
5.665600000000006e-07,1.567474105725897,1.5675,-0.0002465830779794264,4.854291071822503e-06
5.685600000000006e-07,1.567474105725855,1.5675,-0.000246583077979428,4.854291071851902e-06
5.705600000000007e-07,1.567474105725887,1.5675,-0.0002465830779528338,4.854291071823057e-06
5.725600000000007e-07,1.567474105725846,1.5675,-0.0002465830779528352,4.85429107182973e-06
5.745600000000008e-07,1.567474105725596,1.5675,-0.0002465830779528446,4.854291071854554e-06
5.765600000000008e-07,1.567474105725383,1.5675,-0.0002465830779528525,4.854291071818816e-06
5.785600000000009e-07,1.567474105725249,1.5675,-0.0002465830779528575,4.854291071845257e-06
5.805600000000009e-07,1.567474105725044,1.5675,-0.0002465830779395687,4.854291071851984e-06
5.82560000000001e-07,1.567474105724654,1.5675,-0.0002465830779528796,4.854291071808206e-06
5.84560000000001e-07,1.56747410572414,1.5675,-0.0002465830779528988,4.854291071789178e-06
5.86560000000001e-07,1.567474105723783,1.5675,-0.000246583077979505,4.854291071792164e-06
5.885600000000011e-07,1.567474105723656,1.5675,-0.0002465830779795098,4.854291071835127e-06
5.905600000000011e-07,1.567474105723696,1.5675,-0.0002465830779662118,4.854291071829269e-06
5.925600000000012e-07,1.567474105723619,1.5675,-0.0002465830779795111,4.854291071822582e-06
5.945600000000012e-07,1.567474105723365,1.5675,-0.0002465830779529276,4.854291071849792e-06
5.965600000000013e-07,1.567474105723078,1.5675,-0.0002465830779529383,4.854291071827439e-06
5.985600000000013e-07,1.567474105722701,1.5675,-0.0002465830779529523,4.854291071828722e-06
6.005600000000013e-07,1.567474105722225,1.5675,-0.00024658307795297,4.854291071846787e-06
6.025600000000014e-07,1.56747410572176,1.5675,-0.0002465830779662838,4.854291071820992e-06
6.045600000000014e-07,1.567474105721456,1.5675,-0.0002465830779529986,4.8542910718376e-06
6.065600000000015e-07,1.567474105721273,1.5675,-0.0002465830779530054,4.854291071843983e-06
6.085600000000015e-07,1.567474105721153,1.5675,-0.0002465830779530099,4.854291071819352e-06
6.105600000000016e-07,1.56747410572108,1.5675,-0.0002465830779530126,4.85429107184435e-06
6.125600000000016e-07,1.567474105721011,1.5675,-0.0002465830779530152,4.854291071840329e-06
6.145600000000017e-07,1.56747410572091,1.5675,-0.000246583077953019,4.85429107182573e-06
6.165600000000017e-07,1.567474105720905,1.5675,-0.0002465830779530191,4.854291071850588e-06
6.185600000000017e-07,1.567474105721021,1.5675,-0.0002465830779530148,4.854291071833435e-06
6.205600000000018e-07,1.567474105721107,1.5675,-0.0002465830779530116,4.854291071830839e-06
6.225600000000018e-07,1.567474105721111,1.5675,-0.0002465830779663079,4.854291071850614e-06
6.245600000000019e-07,1.56747410572098,1.5675,-0.0002465830779397199,4.854291071825903e-06
6.265600000000019e-07,1.567474105720907,1.5675,-0.000246583077953019,4.854291071835825e-06
6.28560000000002e-07,1.567474105721001,1.5675,-0.0002465830779530156,4.854291071846672e-06
6.30560000000002e-07,1.567474105721254,1.5675,-0.0002465830779795991,4.854291071819447e-06
6.325600000000021e-07,1.567474105721569,1.5675,-0.0002465830779662909,4.854291071842203e-06
6.345600000000021e-07,1.567474105721839,1.5675,-0.0002465830779529843,4.854291071839569e-06
6.365600000000021e-07,1.567474105722184,1.5675,-0.000246583077966268,4.854291071818511e-06
6.385600000000022e-07,1.567474105722616,1.5675,-0.0002465830779795485,4.854291071848246e-06
6.405600000000022e-07,1.567474105723099,1.5675,-0.000246583077966234,4.854291071832161e-06
6.425600000000023e-07,1.567474105723594,1.5675,-0.0002465830779662155,4.854291071827956e-06
6.445600000000023e-07,1.567474105723987,1.5675,-0.000246583077966201,4.854291071850398e-06
6.465600000000024e-07,1.567474105724169,1.5675,-0.0002465830779396012,4.854291071821715e-06
6.485600000000024e-07,1.567474105724283,1.5675,-0.0002465830779528935,4.854291071834444e-06
6.505600000000025e-07,1.567474105724391,1.5675,-0.000246583077966186,4.854291071848848e-06
6.525600000000025e-07,1.5674741057245,1.5675,-0.0002465830779661819,4.854291071818861e-06
6.545600000000025e-07,1.567474105724621,1.5675,-0.0002465830779661774,4.854291071844308e-06
6.565600000000026e-07,1.567474105724727,1.5675,-0.000246583077952877,4.854291071842014e-06
6.585600000000026e-07,1.56747410572496,1.5675,-0.0002465830779661648,4.85429107181742e-06
6.605600000000027e-07,1.567474105725239,1.5675,-0.0002465830779794509,4.854291071852259e-06
6.625600000000027e-07,1.56747410572539,1.5675,-0.0002465830779528523,4.854291071866968e-06
6.645600000000028e-07,1.567474105725522,1.5675,-0.0002465830779395509,4.854291071833163e-06
6.665600000000028e-07,1.567474105725657,1.5675,-0.0002465830779528423,4.854291071840561e-06
6.685600000000029e-07,1.567474105725756,1.5675,-0.0002465830779661352,4.854291071850948e-06
6.705600000000029e-07,1.567474105725848,1.5675,-0.0002465830779661317,4.854291071819818e-06
6.725600000000029e-07,1.567474105725936,1.5675,-0.0002465830779661285,4.854291071846025e-06
6.74560000000003e-07,1.56747410572581,1.5675,-0.0002465830779528367,4.854291071844463e-06
6.76560000000003e-07,1.567474105725464,1.5675,-0.0002465830779528495,4.854291071818524e-06
6.785600000000031e-07,1.567474105725194,1.5675,-0.0002465830779528596,4.854291071851229e-06
6.805600000000031e-07,1.567474105725028,1.5675,-0.0002465830779528657,4.854291071832544e-06
6.825600000000032e-07,1.56747410572487,1.5675,-0.0002465830779528716,4.854291071817553e-06
6.845600000000032e-07,1.567474105724656,1.5675,-0.0002465830779528796,4.854291071858908e-06
6.865600000000033e-07,1.567474105724421,1.5675,-0.0002465830779528883,4.854291071894478e-06
6.885600000000033e-07,1.567474105724083,1.5675,-0.0002465830779529009,4.854291071909222e-06
6.905600000000033e-07,1.567474105723677,1.5675,-0.000246583077952916,4.85429107190416e-06
6.925600000000034e-07,1.567474105723213,1.5675,-0.0002465830779396368,4.854291071924176e-06
6.945600000000034e-07,1.567474105722812,1.5675,-0.0002465830779263552,4.8542910719186e-06
6.965600000000035e-07,1.567474105722606,1.5675,-0.0002465830779529559,4.854291071913546e-06
6.985600000000035e-07,1.567474105722349,1.5675,-0.0002465830779529654,4.854291071934178e-06
7.005600000000036e-07,1.56747410572214,1.5675,-0.0002465830779662696,4.854291071910356e-06
7.025600000000036e-07,1.56747410572225,1.5675,-0.0002465830779529691,4.854291071887089e-06
7.045600000000037e-07,1.567474105722698,1.5675,-0.0002465830779529524,4.854291071859842e-06
7.065600000000037e-07,1.567474105723326,1.5675,-0.0002465830779662255,4.854291071840614e-06
7.085600000000037e-07,1.56747410572373,1.5675,-0.0002465830779662105,4.854291071854299e-06
7.105600000000038e-07,1.567474105723892,1.5675,-0.000246583077952908,4.854291071835241e-06
7.125600000000038e-07,1.567474105724141,1.5675,-0.0002465830779528987,4.854291071836684e-06
7.145600000000039e-07,1.567474105724527,1.5675,-0.0002465830779528844,4.854291071853368e-06
7.165600000000039e-07,1.567474105724992,1.5675,-0.0002465830779528671,4.854291071822463e-06
7.18560000000004e-07,1.56747410572538,1.5675,-0.0002465830779528526,4.854291071837903e-06
7.20560000000004e-07,1.567474105725533,1.5675,-0.000246583077952847,4.854291071849444e-06
7.225600000000041e-07,1.567474105725447,1.5675,-0.0002465830779528502,4.854291071812342e-06
7.245600000000041e-07,1.567474105725188,1.5675,-0.0002465830779528598,4.854291071812922e-06
7.265600000000041e-07,1.567474105724641,1.5675,-0.0002465830779661766,4.854291071830541e-06
7.285600000000042e-07,1.567474105723821,1.5675,-0.0002465830779529107,4.854291071825575e-06
7.305600000000042e-07,1.567474105722992,1.5675,-0.0002465830779529415,4.854291071829015e-06
7.325600000000043e-07,1.56747410572225,1.5675,-0.0002465830779529691,4.854291071842251e-06
7.345600000000043e-07,1.56747410572162,1.5675,-0.0002465830779529925,4.854291071829652e-06
7.365600000000044e-07,1.567474105721189,1.5675,-0.0002465830779530086,4.854291071837504e-06
7.385600000000044e-07,1.567474105720827,1.5675,-0.000246583077953022,4.854291071840598e-06
7.405600000000045e-07,1.567474105720428,1.5675,-0.0002465830779530369,4.854291071825253e-06
7.425600000000045e-07,1.567474105720044,1.5675,-0.0002465830779796441,4.85429107184365e-06
7.445600000000045e-07,1.56747410571967,1.5675,-0.0002465830779397686,4.854291071834719e-06
7.465600000000046e-07,1.567474105719393,1.5675,-0.0002465830779663718,4.85429107182451e-06
7.485600000000046e-07,1.567474105719373,1.5675,-0.0002465830779530761,4.854291071850245e-06
7.505600000000047e-07,1.567474105719468,1.5675,-0.0002465830779530726,4.854291071828964e-06
7.525600000000047e-07,1.56747410571948,1.5675,-0.0002465830779663686,4.854291071830264e-06
7.545600000000048e-07,1.567474105719402,1.5675,-0.0002465830779663715,4.854291071850902e-06
7.565600000000048e-07,1.567474105719391,1.5675,-0.0002465830779530754,4.854291071822617e-06
7.585600000000049e-07,1.567474105719488,1.5675,-0.0002465830779530718,4.854291071837831e-06
7.605600000000049e-07,1.567474105719697,1.5675,-0.000246583077979657,4.854291071848918e-06
7.625600000000049e-07,1.567474105720138,1.5675,-0.0002465830779663441,4.854291071820141e-06
7.64560000000005e-07,1.567474105720519,1.5675,-0.000246583077939737,4.854291071845245e-06
7.66560000000005e-07,1.567474105720724,1.5675,-0.0002465830779530259,4.854291071841051e-06
7.685600000000051e-07,1.567474105721042,1.5675,-0.000246583077953014,4.854291071823373e-06
7.705600000000051e-07,1.567474105721587,1.5675,-0.0002465830779795867,4.854291071851104e-06
7.725600000000052e-07,1.567474105722157,1.5675,-0.0002465830779662691,4.854291071832717e-06
7.745600000000052e-07,1.567474105722683,1.5675,-0.000246583077952953,4.854291071829895e-06
7.765600000000053e-07,1.567474105723244,1.5675,-0.0002465830779662286,4.854291071852565e-06
7.785600000000053e-07,1.567474105723791,1.5675,-0.0002465830779529117,4.85429107182581e-06
7.805600000000053e-07,1.567474105724223,1.5675,-0.0002465830779528957,4.854291071836595e-06
7.825600000000054e-07,1.567474105724469,1.5675,-0.0002465830779528865,4.854291071849382e-06
7.845600000000054e-07,1.567474105724685,1.5675,-0.0002465830779528785,4.854291071814534e-06
7.865600000000055e-07,1.567474105724825,1.5675,-0.0002465830779661697,4.854291071819014e-06
7.885600000000055e-07,1.567474105724798,1.5675,-0.0002465830779794673,4.854291071839461e-06
7.905600000000056e-07,1.567474105724815,1.5675,-0.0002465830779528737,4.854291071828232e-06
7.925600000000056e-07,1.567474105724872,1.5675,-0.0002465830779528715,4.854291071833056e-06
7.945600000000057e-07,1.56747410572489,1.5675,-0.0002465830779528709,4.854291071846234e-06
7.965600000000057e-07,1.567474105724905,1.5675,-0.0002465830779528703,4.854291071830466e-06
7.985600000000057e-07,1.567474105724983,1.5675,-0.0002465830779528674,4.854291071839864e-06
8.005600000000058e-07,1.567474105725022,1.5675,-0.0002465830779794589,4.854291071840014e-06
8.025600000000058e-07,1.567474105724879,1.5675,-0.0002465830779528712,4.854291071829282e-06
8.045600000000059e-07,1.567474105724765,1.5675,-0.0002465830779794685,4.854291071847175e-06
8.065600000000059e-07,1.56747410572468,1.5675,-0.0002465830779528787,4.854291071832573e-06
8.08560000000006e-07,1.567474105724406,1.5675,-0.0002465830779528889,4.854291071831979e-06
8.10560000000006e-07,1.567474105723943,1.5675,-0.0002465830779529062,4.854291071846513e-06
8.125600000000061e-07,1.567474105723483,1.5675,-0.0002465830779795162,4.854291071827309e-06
8.145600000000061e-07,1.567474105723156,1.5675,-0.0002465830779529354,4.854291071836385e-06
8.165600000000061e-07,1.56747410572288,1.5675,-0.0002465830779529456,4.854291071842143e-06
8.185600000000062e-07,1.567474105722691,1.5675,-0.0002465830779662492,4.854291071823471e-06
8.205600000000062e-07,1.567474105722611,1.5675,-0.0002465830779662521,4.854291071837367e-06
8.225600000000063e-07,1.567474105722547,1.5675,-0.0002465830779662545,4.854291071833902e-06
8.245600000000063e-07,1.567474105722541,1.5675,-0.0002465830779662547,4.85429107182173e-06
8.265600000000064e-07,1.567474105722694,1.5675,-0.0002465830779529526,4.854291071845797e-06
8.285600000000064e-07,1.567474105722997,1.5675,-0.0002465830779529413,4.854291071832891e-06
8.305600000000065e-07,1.567474105723276,1.5675,-0.0002465830779529309,4.854291071824674e-06
8.325600000000065e-07,1.567474105723483,1.5675,-0.0002465830779529232,4.854291071851055e-06
8.345600000000065e-07,1.567474105723596,1.5675,-0.000246583077952919,4.854291071828882e-06
8.365600000000066e-07,1.567474105723513,1.5675,-0.000246583077952922,4.854291071831053e-06
8.385600000000066e-07,1.567474105723385,1.5675,-0.0002465830779662234,4.854291071854138e-06
8.405600000000067e-07,1.567474105723277,1.5675,-0.0002465830779529309,4.854291071826029e-06
8.425600000000067e-07,1.567474105723082,1.5675,-0.0002465830779529381,4.854291071834681e-06
8.445600000000068e-07,1.567474105722937,1.5675,-0.0002465830779529436,4.854291071849015e-06
8.465600000000068e-07,1.567474105722887,1.5675,-0.0002465830779529454,4.854291071823384e-06
8.485600000000069e-07,1.567474105722797,1.5675,-0.0002465830779529487,4.8542910718389e-06
8.505600000000069e-07,1.567474105722786,1.5675,-0.0002465830779795421,4.854291071842696e-06
8.525600000000069e-07,1.567474105722993,1.5675,-0.0002465830779529415,4.854291071819892e-06
8.54560000000007e-07,1.567474105723288,1.5675,-0.0002465830779795234,4.854291071842238e-06
8.56560000000007e-07,1.567474105723515,1.5675,-0.0002465830779662185,4.854291071837341e-06
8.585600000000071e-07,1.567474105723609,1.5675,-0.0002465830779529185,4.854291071819029e-06
8.605600000000071e-07,1.56747410572368,1.5675,-0.0002465830779529159,4.854291071850185e-06
8.625600000000072e-07,1.567474105723829,1.5675,-0.0002465830779529103,4.854291071834226e-06
8.645600000000072e-07,1.567474105723998,1.5675,-0.000246583077952904,4.854291071822923e-06
8.665600000000073e-07,1.567474105724094,1.5675,-0.0002465830779529005,4.854291071851565e-06
8.685600000000073e-07,1.567474105723979,1.5675,-0.0002465830779529047,4.854291071822523e-06
8.705600000000073e-07,1.567474105723897,1.5675,-0.0002465830779529078,4.854291071831047e-06
8.725600000000074e-07,1.567474105724088,1.5675,-0.0002465830779661972,4.854291071849883e-06
8.745600000000074e-07,1.567474105724201,1.5675,-0.0002465830779528965,4.854291071816126e-06
8.765600000000075e-07,1.567474105724155,1.5675,-0.0002465830779528982,4.854291071843356e-06
8.785600000000075e-07,1.567474105724191,1.5675,-0.0002465830779528969,4.85429107184353e-06
8.805600000000076e-07,1.567474105724405,1.5675,-0.0002465830779794819,4.854291071813953e-06
8.825600000000076e-07,1.567474105724648,1.5675,-0.0002465830779528799,4.85429107185499e-06
8.845600000000077e-07,1.567474105724862,1.5675,-0.0002465830779528719,4.854291071901211e-06
8.865600000000077e-07,1.56747410572515,1.5675,-0.0002465830779661577,4.854291071896617e-06
8.885600000000077e-07,1.56747410572539,1.5675,-0.0002465830779528523,4.854291071874333e-06
8.905600000000078e-07,1.567474105725624,1.5675,-0.0002465830779528436,4.854291071858709e-06
8.925600000000078e-07,1.567474105725952,1.5675,-0.0002465830779528313,4.85429107184286e-06
8.945600000000079e-07,1.567474105726159,1.5675,-0.0002465830779528236,4.854291071844515e-06
8.965600000000079e-07,1.567474105726156,1.5675,-0.0002465830779528238,4.854291071841703e-06
8.98560000000008e-07,1.567474105726098,1.5675,-0.0002465830779528259,4.854291071835861e-06
9.00560000000008e-07,1.567474105726094,1.5675,-0.0002465830779528261,4.85429107183902e-06
9.02560000000008e-07,1.567474105726155,1.5675,-0.0002465830779528238,4.854291071838357e-06
9.045600000000081e-07,1.567474105726086,1.5675,-0.0002465830779528264,4.854291071840682e-06
9.065600000000081e-07,1.567474105725868,1.5675,-0.000246583077966131,4.854291071840161e-06
9.085600000000082e-07,1.567474105725587,1.5675,-0.0002465830779528449,4.854291071834719e-06
9.105600000000082e-07,1.567474105725236,1.5675,-0.000246583077952858,4.85429107184041e-06
9.125600000000083e-07,1.567474105724784,1.5675,-0.0002465830779528748,4.854291071835616e-06
9.145600000000083e-07,1.567474105724294,1.5675,-0.000246583077952893,4.854291071830521e-06
9.165600000000084e-07,1.567474105723907,1.5675,-0.0002465830779529075,4.854291071841497e-06
9.185600000000084e-07,1.567474105723595,1.5675,-0.000246583077952919,4.854291071836844e-06
9.205600000000084e-07,1.567474105723318,1.5675,-0.0002465830779529294,4.85429107183257e-06
9.225600000000085e-07,1.567474105723037,1.5675,-0.0002465830779662363,4.854291071841352e-06
9.245600000000085e-07,1.5674741057228,1.5675,-0.0002465830779529487,4.854291071830318e-06
9.265600000000086e-07,1.567474105722664,1.5675,-0.0002465830779529536,4.854291071832706e-06
9.285600000000086e-07,1.567474105722492,1.5675,-0.00024658307795296,4.854291071839996e-06
9.305600000000087e-07,1.567474105722218,1.5675,-0.0002465830779529702,4.854291071828028e-06
9.325600000000087e-07,1.56747410572198,1.5675,-0.0002465830779529792,4.854291071842751e-06
9.345600000000088e-07,1.567474105721946,1.5675,-0.0002465830779529804,4.854291071838e-06
9.365600000000088e-07,1.567474105722064,1.5675,-0.000246583077979569,4.854291071825855e-06
9.385600000000088e-07,1.567474105722221,1.5675,-0.0002465830779529702,4.854291071843937e-06
9.405600000000089e-07,1.567474105722252,1.5675,-0.000246583077952969,4.854291071828389e-06
9.425600000000089e-07,1.56747410572232,1.5675,-0.0002465830779529664,4.854291071823664e-06
9.44560000000009e-07,1.567474105722494,1.5675,-0.00024658307795296,4.854291071848189e-06
9.46560000000009e-07,1.567474105722613,1.5675,-0.0002465830779529556,4.854291071826944e-06
9.485600000000091e-07,1.567474105722779,1.5675,-0.0002465830779396529,4.854291071826433e-06
9.505600000000091e-07,1.567474105722893,1.5675,-0.0002465830779529451,4.854291071850799e-06
9.525600000000092e-07,1.56747410572294,1.5675,-0.0002465830779529434,4.854291071823884e-06
9.545600000000092e-07,1.567474105723158,1.5675,-0.0002465830779529353,4.854291071830361e-06
9.565600000000091e-07,1.567474105723511,1.5675,-0.0002465830779662187,4.854291071852275e-06
9.58560000000009e-07,1.567474105723646,1.5675,-0.0002465830779662137,4.85429107182264e-06
9.60560000000009e-07,1.567474105723841,1.5675,-0.0002465830779529099,4.854291071837449e-06
9.62560000000009e-07,1.567474105724075,1.5675,-0.0002465830779529012,4.854291071851576e-06
9.64560000000009e-07,1.56747410572392,1.5675,-0.000246583077952907,4.854291071815883e-06
9.665600000000088e-07,1.56747410572365,1.5675,-0.0002465830779396205,4.854291071817341e-06
9.685600000000088e-07,1.56747410572353,1.5675,-0.0002465830779529214,4.854291071839626e-06
9.705600000000087e-07,1.567474105723518,1.5675,-0.000246583077952922,4.854291071823738e-06
9.725600000000087e-07,1.5674741057236,1.5675,-0.0002465830779529188,4.854291071829359e-06
9.745600000000086e-07,1.567474105723752,1.5675,-0.0002465830779529133,4.854291071845846e-06
9.765600000000085e-07,1.567474105723768,1.5675,-0.0002465830779529126,4.854291071818323e-06
9.785600000000085e-07,1.567474105723645,1.5675,-0.0002465830779529172,4.854291071841719e-06
9.805600000000084e-07,1.567474105723559,1.5675,-0.0002465830779662168,4.854291071844267e-06
9.825600000000083e-07,1.567474105723532,1.5675,-0.0002465830779662179,4.854291071816237e-06
9.845600000000083e-07,1.567474105723368,1.5675,-0.000246583077966224,4.854291071854402e-06
9.865600000000082e-07,1.567474105723132,1.5675,-0.0002465830779529362,4.854291071869853e-06
9.885600000000082e-07,1.567474105722944,1.5675,-0.0002465830779396468,4.854291071827866e-06
9.90560000000008e-07,1.567474105722747,1.5675,-0.0002465830779529506,4.854291071839459e-06
9.92560000000008e-07,1.567474105722639,1.5675,-0.0002465830779529546,4.854291071848796e-06
9.94560000000008e-07,1.567474105722761,1.5675,-0.0002465830779529501,4.854291071812379e-06
9.96560000000008e-07,1.567474105723087,1.5675,-0.000246583077952938,4.854291071816234e-06
9.985600000000079e-07,1.567474105723436,1.5675,-0.0002465830779662215,4.854291071833254e-06
1e-06,1.5674741057264,1.5675,-0.0002465830780218469,4.854291071904154e-06
1.0001e-06,1.567496060950471,1.5725,-0.0002412541230818562,4.854266088519363e-06
1.0003e-06,1.567556555946044,1.5825,-0.0002363215602070082,4.854255261613024e-06
1.0007e-06,1.567688987350317,1.6025,-0.0002372601417657627,4.8542662353986e-06
1.001e-06,1.567773385078315,1.6175,-0.0002366836114382535,4.854260461225356e-06
1.00107154318739e-06,1.567779626184772,1.6175,-0.0002411257714217197,4.854284581316564e-06
1.001214629562171e-06,1.567777717027164,1.6175,-0.0002461446348525273,4.85429809187103e-06
1.001500802311733e-06,1.567751078021394,1.6175,-0.0002460452713761193,4.854284424273484e-06
1.002073147810857e-06,1.567703909034824,1.6175,-0.0002458817521179654,4.854280260481211e-06
1.002782400443405e-06,1.567640855204903,1.6175,-0.0002460972438595645,4.854272394672139e-06
1.004200905708501e-06,1.567518371310863,1.6175,-0.0002460164886715,4.854277502270902e-06
1.006200905708501e-06,1.567369508248342,1.6175,-0.0002467169169980023,4.85427285565358e-06
1.008200905708501e-06,1.567294771976149,1.6175,-0.0002472476449755252,4.854271665611816e-06
1.010200905708501e-06,1.56734336172323,1.6175,-0.0002484777545222264,4.854261045635569e-06
1.012200905708501e-06,1.567564843187356,1.6175,-0.0002494077773369012,4.854258254317004e-06
1.014200905708501e-06,1.567993934564204,1.6175,-0.0002509298900616585,4.854249670812117e-06
1.016200905708501e-06,1.568656826588943,1.6175,-0.0002520555358006551,4.854249054753837e-06
1.018200905708501e-06,1.569563081975531,1.6175,-0.0002536888681058347,4.854242474358781e-06
1.020200905708501e-06,1.570713531543841,1.6175,-0.0002548536921762511,4.85424223796506e-06
1.022200905708501e-06,1.572095944604335,1.6175,-0.0002564473642209951,4.854235686570393e-06
1.024200905708501e-06,1.57369243257198,1.6175,-0.000257517978882715,4.854234640750505e-06
1.026200905708501e-06,1.575476761913588,1.6175,-0.0002589493585443991,4.854227850394186e-06
1.028200905708501e-06,1.577420313419959,1.6175,-0.0002598219017908026,4.854226569258007e-06
1.030200905708501e-06,1.579490055494541,1.6175,-0.0002610002804034885,4.854220563457627e-06
1.032200905708501e-06,1.581652958054392,1.6175,-0.0002616021583002493,4.854220243158526e-06
1.0342009057085e-06,1.583874389372519,1.6175,-0.0002624693891837567,4.854216059252099e-06
1.0362009057085e-06,1.586121299534858,1.6175,-0.0002627604784793691,4.854217484218781e-06
1.0382009057085e-06,1.588361047080269,1.6175,-0.0002632922945140285,4.854215545910832e-06
1.0402009057085e-06,1.590563659429189,1.6175,-0.0002632660344956633,4.854218859329636e-06
1.0422009057085e-06,1.592701049748601,1.6175,-0.0002634716957712912,4.854219041917443e-06
1.0442009057085e-06,1.594748528964996,1.6175,-0.0002631529741185877,4.854223976567086e-06
1.0462009057085e-06,1.596684311487504,1.6175,-0.0002630708153415913,4.854225890657161e-06
1.0482009057085e-06,1.598490383887668,1.6175,-0.0002625094494082642,4.854232031516842e-06
1.0502009057085e-06,1.60015220927638,1.6175,-0.0002621983985573453,4.854235225102015e-06
1.0522009057085e-06,1.601659054326592,1.6175,-0.0002614594319658438,4.854242143888036e-06
1.0542009057085e-06,1.603003842276809,1.6175,-0.0002609885983014811,4.854246181309499e-06
1.0562009057085e-06,1.604183044754815,1.6175,-0.0002601420188786988,4.854253476578754e-06
1.0582009057085e-06,1.605196657776931,1.6175,-0.000259581006208685,4.8542579535581e-06
1.0602009057085e-06,1.606047752790845,1.6175,-0.0002586932014183329,4.854265254079931e-06
1.0622009057085e-06,1.606742554450765,1.6175,-0.0002581048547741672,4.854269797886212e-06
1.0642009057085e-06,1.607289724470698,1.6175,-0.0002572328244420884,4.85427676318571e-06
1.066200905708499e-06,1.607700519066322,1.6175,-0.0002566687966501856,4.854281033760783e-06
1.068200905708499e-06,1.607987863523519,1.6175,-0.0002558570300724912,4.854287355840099e-06
1.070200905708499e-06,1.608166572516824,1.6175,-0.0002553557614798391,4.854291050874294e-06
1.072200905708499e-06,1.608252268781696,1.6175,-0.0002546352105299403,4.854296464827605e-06
1.074200905708499e-06,1.608261662861682,1.6175,-0.0002542216911240923,4.854299332031546e-06
1.076200905708499e-06,1.608211373675051,1.6175,-0.0002536102102702453,4.854303629745451e-06
1.078200905708499e-06,1.608118281266957,1.6175,-0.0002532969254621842,4.854305485569176e-06
1.080200905708499e-06,1.607998313574223,1.6175,-0.0002528006265100417,4.854308537538655e-06
1.082200905708499e-06,1.607866899025992,1.6175,-0.0002525891861578908,4.85430928702153e-06
1.084200905708499e-06,1.607737784517241,1.6175,-0.0002522042701136723,4.854311062092363e-06
1.086200905708499e-06,1.607623617540077,1.6175,-0.0002520873525180945,4.854310717938729e-06
1.088200905708499e-06,1.607534849927552,1.6175,-0.0002518021294619706,4.85431129401332e-06
1.090200905708499e-06,1.607480468597788,1.6175,-0.0002517655333359894,4.854309978643786e-06
1.092200905708499e-06,1.607467017868798,1.6175,-0.0002515625059141852,4.854309540223489e-06
1.094200905708499e-06,1.607499477480221,1.6175,-0.0002515872576832094,4.854307473212863e-06
1.096200905708499e-06,1.607580409154037,1.6175,-0.0002514452641938143,4.854306285211274e-06
1.098200905708499e-06,1.607710957991199,1.6175,-0.0002515097981417596,4.854303748610206e-06
1.100200905708498e-06,1.607890104918614,1.6175,-0.0002514062319514487,4.854302117326075e-06
1.102200905708498e-06,1.608115751152734,1.6175,-0.0002514886292474426,4.854299413636559e-06
1.104200905708498e-06,1.608384043721206,1.6175,-0.0002514016674139473,4.854297642984455e-06
1.106200905708498e-06,1.608690496693234,1.6175,-0.0002514818255310174,4.85429505065835e-06
1.108200905708498e-06,1.609029353653717,1.6175,-0.0002513924802331694,4.854293401494712e-06
1.110200905708498e-06,1.609394703049543,1.6175,-0.0002514539803190034,4.854291142901967e-06
1.112200905708498e-06,1.609779846667046,1.6175,-0.000251347714040844,4.85428980850573e-06
1.114200905708498e-06,1.610178376130128,1.6175,-0.0002513791262844903,4.854288030582921e-06
1.116200905708498e-06,1.610583525677426,1.6175,-0.0002512468016745013,4.854287125475843e-06
1.118200905708498e-06,1.610989188226832,1.6175,-0.0002512422544885446,4.854285897833706e-06
1.120200905708498e-06,1.611389240572922,1.6175,-0.00025108031350047,4.854285461168524e-06
1.122200905708498e-06,1.611778487757972,1.6175,-0.0002510392984879849,4.854284784216337e-06
1.124200905708498e-06,1.612151956915472,1.6175,-0.0002508492225431471,4.854284793579694e-06
1.126200905708498e-06,1.612505766814996,1.6175,-0.0002507757590973619,4.854284613436141e-06
1.128200905708498e-06,1.612836392544259,1.6175,-0.000250562992822796,4.854285000035515e-06
1.130200905708498e-06,1.613141462749057,1.6175,-0.0002504643759762217,4.854285227148409e-06
1.132200905708497e-06,1.613419001316493,1.6175,-0.0002502369598036703,4.854285894263023e-06
1.134200905708497e-06,1.613668158631653,1.6175,-0.0002501223422082388,4.854286417886013e-06
1.136200905708497e-06,1.613888438831312,1.6175,-0.0002498894976847744,4.854287255774353e-06
1.138200905708497e-06,1.614080373819254,1.6175,-0.0002497685288448702,4.854287960598135e-06
1.140200905708497e-06,1.614244746016047,1.6175,-0.0002495393882518718,4.854288859699325e-06
1.142200905708497e-06,1.614383215247063,1.6175,-0.000249421068391556,4.854289635458331e-06
1.144200905708497e-06,1.614497547521519,1.6175,-0.0002492036719961115,4.854290496531604e-06
1.146200905708497e-06,1.614590205508562,1.6175,-0.0002490955083950568,4.854291248163713e-06
1.148200905708497e-06,1.614663593791259,1.6175,-0.0002488961227471556,4.854291989904754e-06
1.150200905708497e-06,1.61472062346056,1.6175,-0.000248803612101487,4.854292643136048e-06
1.152200905708497e-06,1.614763983461865,1.6175,-0.0002486263698628132,4.854293206422871e-06
1.154200905708497e-06,1.614796688894192,1.6175,-0.0002485527885866449,4.854293710412872e-06
1.156200905708497e-06,1.61482138650003,1.6175,-0.0002483996145846608,4.85429406106778e-06
1.158200905708497e-06,1.614840894488746,1.6175,-0.0002483460696505352,4.854294391051997e-06
1.160200905708497e-06,1.614857547947101,1.6175,-0.0002482168390677817,4.854294520007165e-06
1.162200905708497e-06,1.614873735631275,1.6175,-0.0002481825202824808,4.854294675253945e-06
1.164200905708496e-06,1.614891288350574,1.6175,-0.0002480753883694892,4.854294595752451e-06
1.166200905708496e-06,1.614912015346772,1.6175,-0.0002480579618068902,4.854294595416515e-06
1.168200905708496e-06,1.614937135851954,1.6175,-0.0002479698029151338,4.854294337593111e-06
1.170200905708496e-06,1.614967815070252,1.6175,-0.0002479658834827928,4.854294216198666e-06
1.172200905708496e-06,1.615004636447289,1.6175,-0.0002478927825818852,4.854293822567805e-06
1.174200905708496e-06,1.615048134937297,1.6175,-0.0002478984325116221,4.854293623589051e-06
1.176200905708496e-06,1.615098305616516,1.6175,-0.0002478361757356023,4.854293142781429e-06
1.178200905708496e-06,1.615155130373059,1.6175,-0.0002478473772493805,4.854292912254759e-06
1.180200905708496e-06,1.615218117267703,1.6175,-0.0002477918953467868,4.854292391688712e-06
1.182200905708496e-06,1.615286816083257,1.6175,-0.000247804957283893,4.854292173094673e-06
1.184200905708496e-06,1.615360382516164,1.6175,-0.0002477526858451572,4.8542916553384e-06
1.186200905708496e-06,1.615438078033355,1.6175,-0.0002477645526978435,4.854291484179358e-06
1.188200905708496e-06,1.615518853337335,1.6175,-0.0002477126838770819,4.854291002201778e-06
1.190200905708496e-06,1.615601828624875,1.6175,-0.0002477211298495613,4.854290904607443e-06
1.192200905708496e-06,1.615685891641644,1.6175,-0.0002476677463475265,4.854290481121494e-06
1.194200905708496e-06,1.61577015548113,1.6175,-0.0002476714504747326,4.854290471829512e-06
1.196200905708495e-06,1.615853567695743,1.6175,-0.0002476155444925693,4.854290117876372e-06
1.198200905708495e-06,1.615935343952446,1.6175,-0.0002476140587140529,4.854290200703797e-06
1.200200905708495e-06,1.616014585859963,1.6175,-0.0002475554523232233,4.854289917315549e-06
1.202200905708495e-06,1.616090689996551,1.6175,-0.0002475490821424322,4.854290087617212e-06
1.204200905708495e-06,1.616162973302498,1.6175,-0.0002474882752868505,4.854289867764402e-06
1.206200905708495e-06,1.616231058018958,1.6175,-0.000247477902619154,4.854290112877991e-06
1.208200905708495e-06,1.616294504460177,1.6175,-0.0002474158763234632,4.854289943003402e-06
1.210200905708495e-06,1.616353173265371,1.6175,-0.0002474027527792054,4.854290246342693e-06
1.212200905708495e-06,1.616406866091402,1.6175,-0.0002473407592367808,4.854290109941619e-06
1.214200905708495e-06,1.616455667171887,1.6175,-0.0002473262986848284,4.854290452327383e-06
1.216200905708495e-06,1.616499593026356,1.6175,-0.0002472656611402864,4.854290331294401e-06
1.218200905708495e-06,1.616538915641792,1.6175,-0.0002472512539009384,4.854290693949525e-06
1.220200905708495e-06,1.616573822499648,1.6175,-0.0002471931977773561,4.854290572200146e-06
1.222200905708495e-06,1.616604723871693,1.6175,-0.0002471800616924686,4.85429093859012e-06
1.224200905708495e-06,1.61663192452072,1.6175,-0.0002471255878731021,4.854290801774559e-06
1.226200905708495e-06,1.616655917413165,1.6175,-0.0002471146656742138,4.854291157966491e-06
1.228200905708495e-06,1.616677068312439,1.6175,-0.0002470644711979835,4.854290995226134e-06
1.230200905708494e-06,1.616695898023226,1.6175,-0.0002470563756968764,4.854291331847878e-06
1.232200905708494e-06,1.616712780765247,1.6175,-0.0002470108219185307,4.854291137518109e-06
1.234200905708494e-06,1.61672821662149,1.6175,-0.0002470058255339351,4.854291449091101e-06
1.236200905708494e-06,1.616742544221706,1.6175,-0.000246964947297776,4.854291220280162e-06
1.238200905708494e-06,1.616756204649568,1.6175,-0.0002469630095444611,4.854291505700228e-06
1.240200905708494e-06,1.616769468500333,1.6175,-0.0002469265573098854,4.854291244103712e-06
1.242200905708494e-06,1.616782692054442,1.6175,-0.0002469273795777353,4.85429150491778e-06
1.244200905708494e-06,1.616796058402529,1.6175,-0.0002468948838755583,4.854291214820566e-06
1.246200905708494e-06,1.61680982621711,1.6175,-0.0002468979815092322,4.854291455939378e-06
1.248200905708494e-06,1.616824084272628,1.6175,-0.0002468688297179096,4.854291143723186e-06
1.250200905708494e-06,1.616838992878137,1.6175,-0.0002468736106396289,4.854291371281498e-06
1.252200905708494e-06,1.616854550830154,1.6175,-0.0002468471249976959,4.854291043972613e-06
1.254200905708494e-06,1.616870829294361,1.6175,-0.0002468529662291233,4.854291264338141e-06
1.256200905708494e-06,1.616887750127078,1.6175,-0.0002468284757532116,4.854290929336294e-06
1.258200905708494e-06,1.616905311829472,1.6175,-0.0002468347893680556,4.854291149046481e-06
1.260200905708494e-06,1.616923378082989,1.6175,-0.0002468116887672497,4.85429081347107e-06
1.262200905708493e-06,1.616941895446798,1.6175,-0.000246817973028557,4.854291038331354e-06
1.264200905708493e-06,1.616960690965375,1.6175,-0.0002467957650709374,4.85429070730972e-06
1.266200905708493e-06,1.616979681254481,1.6175,-0.0002468016379910174,4.854290941136584e-06
1.268200905708493e-06,1.616998678250064,1.6175,-0.0002467799574695917,4.854290618942567e-06
1.270200905708493e-06,1.617017589461379,1.6175,-0.0002467851716848267,4.85429086461789e-06
1.272200905708493e-06,1.61703623099843,1.6175,-0.0002467637920157173,4.854290553520081e-06
1.274200905708493e-06,1.617054518941792,1.6175,-0.0002467682339004402,4.854290811909281e-06
1.276200905708493e-06,1.617072289011661,1.6175,-0.0002467470582668356,4.854290512541201e-06
1.278200905708493e-06,1.61708947914039,1.6175,-0.0002467507328021816,4.854290783183809e-06
1.280200905708493e-06,1.617105955331044,1.6175,-0.000246729774178333,4.854290495209617e-06
1.282200905708493e-06,1.617121685696159,1.6175,-0.0002467327808567292,4.854290776346485e-06
1.284200905708493e-06,1.617136572202846,1.6175,-0.0002467121342800879,4.854290497875542e-06
1.286200905708493e-06,1.617150616543955,1.6175,-0.000246714637246656,4.854290787125546e-06
1.288200905708493e-06,1.617163757634245,1.6175,-0.0002466944491738513,4.854290516014893e-06
1.290200905708493e-06,1.617176029787498,1.6175,-0.0002466966467730406,4.854290810618267e-06
1.292200905708493e-06,1.617187405903826,1.6175,-0.0002466770846296464,4.854290544421485e-06
1.294200905708492e-06,1.617197948495626,1.6175,-0.0002466791804006921,4.854290841417667e-06
1.296200905708492e-06,1.617207658571495,1.6175,-0.0002466604060610291,4.854290577452683e-06
1.298200905708492e-06,1.617216620040095,1.6175,-0.0002466625852601566,4.854290874262677e-06
1.300200905708492e-06,1.617224854343591,1.6175,-0.000246644734424104,4.854290610718748e-06
1.302200905708492e-06,1.617232458778186,1.6175,-0.0002466471463186619,4.854290904814268e-06
1.304200905708492e-06,1.617239466878487,1.6175,-0.0002466303141064945,4.85429063945336e-06
1.306200905708492e-06,1.617245981166728,1.6175,-0.0002466330616822783,4.854290929234545e-06
1.308200905708492e-06,1.617252039253854,1.6175,-0.0002466172958857454,4.854290661430784e-06
1.310200905708492e-06,1.617257741424639,1.6175,-0.0002466204322777696,4.854290945935247e-06
1.312200905708492e-06,1.617263122442004,1.6175,-0.0002466057327159997,4.85429067534027e-06
1.314200905708492e-06,1.617268274301035,1.6175,-0.0002466092635427823,4.854290954037619e-06
1.316200905708492e-06,1.61727322359357,1.6175,-0.0002465955867975375,4.854290680246122e-06
1.318200905708492e-06,1.617278049751664,1.6175,-0.0002465994771772782,4.854290953374865e-06
1.320200905708492e-06,1.61728276777167,1.6175,-0.0002465867455199919,4.854290677469708e-06
1.322200905708492e-06,1.617287442137311,1.6175,-0.0002465909299071703,4.854290945696682e-06
1.324200905708492e-06,1.617292074707958,1.6175,-0.0002465790417930579,4.854290668333322e-06
1.326200905708492e-06,1.617296714470019,1.6175,-0.0002465834357569175,4.854290932049658e-06
1.328200905708491e-06,1.61730135031754,1.6175,-0.00024657227771076,4.854290654493315e-06
1.330200905708491e-06,1.617306016740035,1.6175,-0.0002465767893673151,4.854290914778339e-06
1.332200905708491e-06,1.617310691222424,1.6175,-0.0002465662466016131,4.854290637699593e-06
1.334200905708491e-06,1.617315395935154,1.6175,-0.000246570786578048,4.854290895599759e-06
1.336200905708491e-06,1.617320099483779,1.6175,-0.0002465607526114767,4.854290620481564e-06
1.338200905708491e-06,1.617324814653569,1.6175,-0.0002465652425232454,4.85429087663386e-06
1.340200905708491e-06,1.617329504210828,1.6175,-0.0002465556258555083,4.854290604065481e-06
1.342200905708491e-06,1.617334174789197,1.6175,-0.0002465600037942622,4.854290859132646e-06
1.344200905708491e-06,1.617338786491979,1.6175,-0.0002465507320614562,4.854290590019611e-06
1.346200905708491e-06,1.617343342964688,1.6175,-0.0002465549557640102,4.854290844668778e-06
1.348200905708491e-06,1.617347804563159,1.6175,-0.0002465459776700255,4.854290579454056e-06
1.350200905708491e-06,1.617352174723201,1.6175,-0.0002465500246388665,4.854290833655728e-06
1.352200905708491e-06,1.617356416484286,1.6175,-0.0002465413090977073,4.854290572463653e-06
1.354200905708491e-06,1.617360535252562,1.6175,-0.0002465451751985481,4.854290826198328e-06
1.356200905708491e-06,1.617364498517762,1.6175,-0.0002465367086359185,4.85429056900533e-06
1.358200905708491e-06,1.617368315121581,1.6175,-0.0002465404047990661,4.854290822165242e-06
1.36020090570849e-06,1.617371958025394,1.6175,-0.0002465321875889357,4.854290568634803e-06
1.36220090570849e-06,1.617375440245078,1.6175,-0.0002465357356756717,4.854290820779246e-06
1.36420090570849e-06,1.617378740547703,1.6175,-0.0002465277774609107,4.8542905708677e-06
1.36620090570849e-06,1.617381876186923,1.6175,-0.0002465312057012871,4.854290821631056e-06
1.36820090570849e-06,1.61738483144705,1.6175,-0.0002465235210924731,4.85429057478956e-06
1.37020090570849e-06,1.617387627344197,1.6175,-0.0002465268598539166,4.8542908239072e-06
1.37220090570849e-06,1.617390252919171,1.6175,-0.0002465194642621476,4.854290580081921e-06
1.37420090570849e-06,1.617392732062286,1.6175,-0.0002465227421944284,4.854290826786688e-06
1.37620090570849e-06,1.61739505751042,1.6175,-0.0002465156483883987,4.854290585322545e-06
1.37820090570849e-06,1.617397254927945,1.6175,-0.000246518889744339,4.854290829536267e-06
1.38020090570849e-06,1.617399319512999,1.6175,-0.0002465121055710143,4.854290590115486e-06
1.38220090570849e-06,1.617401277529154,1.6175,-0.0002465153282555459,4.854290831370364e-06
1.38420090570849e-06,1.617403125446347,1.6175,-0.0002465088554216205,4.854290594095029e-06
1.38620090570849e-06,1.617404889024583,1.6175,-0.000246512070127878,4.854290832512897e-06
1.38820090570849e-06,1.617406564921031,1.6175,-0.0002465059034755456,4.854290597316122e-06
1.39020090570849e-06,1.617408177455485,1.6175,-0.0002465091139743852,4.8542908325043e-06
1.392200905708489e-06,1.617409722617932,1.6175,-0.0002465032421683075,4.854290599071658e-06
1.394200905708489e-06,1.617411222622442,1.6175,-0.0002465064459766285,4.854290831168119e-06
1.396200905708489e-06,1.617412672193336,1.6175,-0.0002465008527509924,4.854290599692742e-06
1.398200905708489e-06,1.617414091011413,1.6175,-0.0002465040423870148,4.854290828620018e-06
1.400200905708489e-06,1.617415472230809,1.6175,-0.0002464987077810229,4.854290599137546e-06
1.402200905708489e-06,1.617416832871653,1.6175,-0.00024650187276217,4.854290825077018e-06
1.404200905708489e-06,1.61741816446205,1.6175,-0.0002464967747517987,4.854290597965487e-06
1.406200905708489e-06,1.617419481457129,1.6175,-0.000246499902823309,4.854290821150478e-06
1.408200905708489e-06,1.617420773906985,1.6175,-0.0002464950193451246,4.854290596307856e-06
1.410200905708489e-06,1.617422054006938,1.6175,-0.0002464980982491537,4.854290816985884e-06
1.412200905708489e-06,1.617423310660495,1.6175,-0.0002464934080506365,4.854290594645247e-06
1.414200905708489e-06,1.617424554200004,1.6175,-0.0002464964269646908,4.854290812637755e-06
1.416200905708489e-06,1.617425772806606,1.6175,-0.0002464919109693262,4.85429059302179e-06
1.418200905708489e-06,1.617426975434282,1.6175,-0.0002464948612131097,4.854290808617382e-06
1.420200905708489e-06,1.617428149983826,1.6175,-0.0002464905034493472,4.854290591667047e-06
1.422200905708489e-06,1.617429304519294,1.6175,-0.0002464933790273182,4.854290804880071e-06
1.424200905708488e-06,1.617430427097242,1.6175,-0.0002464891666659389,4.854290590702324e-06
1.426200905708488e-06,1.617431525321247,1.6175,-0.0002464919645464276,4.854290801600563e-06
1.428200905708488e-06,1.617432587772837,1.6175,-0.0002464878879450092,4.854290590415633e-06
1.430200905708488e-06,1.617433621958241,1.6175,-0.0002464906079367842,4.854290799188471e-06
1.432200905708488e-06,1.617434617255473,1.6175,-0.0002464866603096237,4.854290590596438e-06
1.434200905708488e-06,1.617435581331148,1.6175,-0.0002464893045266264,4.854290797075101e-06
1.436200905708488e-06,1.617436504543916,1.6175,-0.0002464854815894997,4.85429059129605e-06
1.438200905708488e-06,1.617437394868618,1.6175,-0.0002464880537838253,4.854290795435713e-06
1.440200905708488e-06,1.617438243706628,1.6175,-0.0002464843528695564,4.854290592461575e-06
1.442200905708488e-06,1.617439059384128,1.6175,-0.000246486858113912,4.85429079414648e-06
1.444200905708488e-06,1.617439834327276,1.6175,-0.0002464832777686287,4.854290593652322e-06
1.446200905708488e-06,1.617440577193771,1.6175,-0.0002464857214861586,4.854290793067864e-06
1.448200905708488e-06,1.617441281326693,1.6175,-0.0002464822606244718,4.854290595248277e-06
1.450200905708488e-06,1.617441955599753,1.6175,-0.0002464846481497353,4.854290792110583e-06
1.452200905708488e-06,1.617442594127328,1.6175,-0.0002464813056073849,4.854290596923064e-06
1.454200905708488e-06,1.617443205854024,1.6175,-0.0002464836417946944,4.854290791372514e-06
1.456200905708488e-06,1.617443785489196,1.6175,-0.0002464804159524272,4.854290598404465e-06
1.458200905708487e-06,1.617444341904423,1.6175,-0.0002464827047210448,4.854290790389333e-06
1.460200905708487e-06,1.617444870207993,1.6175,-0.0002464795932100579,4.854290599958935e-06
1.462200905708487e-06,1.617445379021559,1.6175,-0.0002464818374909357,4.854290789524043e-06
1.464200905708487e-06,1.617445863702862,1.6175,-0.0002464788371125184,4.85429060149675e-06
1.466200905708487e-06,1.617446332501751,1.6175,-0.0002464810387242726,4.854290788439712e-06
1.468200905708487e-06,1.61744678086458,1.6175,-0.0002464781454704182,4.854290602703387e-06
1.470200905708487e-06,1.617447216561314,1.6175,-0.0002464803054722618,4.854290787090931e-06
1.472200905708487e-06,1.617447635039057,1.6175,-0.0002464775146759242,4.85429060371604e-06
1.474200905708487e-06,1.617448043530541,1.6175,-0.0002464796330080558,4.854290785544686e-06
1.476200905708487e-06,1.617448437406141,1.6175,-0.0002464769395796075,4.854290604414515e-06
1.478200905708487e-06,1.617448823338447,1.6175,-0.0002464790158564537,4.854290783872848e-06
1.480200905708487e-06,1.617449196606777,1.6175,-0.0002464764143951771,4.854290605011836e-06
1.482200905708487e-06,1.617449563328246,1.6175,-0.000246478447867248,4.854290782201616e-06
1.484200905708487e-06,1.617449918698651,1.6175,-0.0002464759329537635,4.854290605868756e-06
1.486200905708487e-06,1.617450268328133,1.6175,-0.0002464779227843402,4.854290780751352e-06
1.488200905708487e-06,1.617450607366596,1.6175,-0.0002464754891747649,4.854290606678084e-06
1.490200905708486e-06,1.617450940976184,1.6175,-0.0002464774346325492,4.854290779140514e-06
1.492200905708486e-06,1.617451264310881,1.6175,-0.0002464750775300768,4.854290607207793e-06
1.494200905708486e-06,1.617451582161424,1.6175,-0.0002464769781532849,4.854290777218054e-06
1.496200905708486e-06,1.617451889747958,1.6175,-0.0002464746932780985,4.854290607645995e-06
1.498200905708486e-06,1.617452191567298,1.6175,-0.0002464765489704823,4.854290775551594e-06
1.500200905708486e-06,1.617452482961254,1.6175,-0.0002464743323368713,4.854290608411658e-06
1.502200905708486e-06,1.617452768200401,1.6175,-0.0002464761435709335,4.854290774128224e-06
1.504200905708486e-06,1.617453042798973,1.6175,-0.0002464739919835718,4.854290609312129e-06
1.506200905708486e-06,1.617453310867519,1.6175,-0.0002464757593264307,4.854290772967547e-06
1.508200905708486e-06,1.617453568147419,1.6175,-0.0002464736700391151,4.854290610340327e-06
1.510200905708486e-06,1.617453818633988,1.6175,-0.0002464753945299032,4.854290771527952e-06
1.512200905708486e-06,1.617454058309667,1.6175,-0.0002464733652662601,4.854290611032221e-06
1.514200905708486e-06,1.617454291082234,1.6175,-0.0002464750483193161,4.854290770124213e-06
1.516200905708486e-06,1.617454513184492,1.6175,-0.0002464730770970232,4.854290611978942e-06
1.518200905708486e-06,1.617454728464684,1.6175,-0.0002464747201401234,4.854290768984853e-06
1.520200905708486e-06,1.617454933407384,1.6175,-0.0002464728053083176,4.854290613028876e-06
1.522200905708485e-06,1.617455131791591,1.6175,-0.0002464744098217796,4.854290767851859e-06
1.524200905708485e-06,1.617455320335212,1.6175,-0.0002464725498230759,4.854290614032765e-06
1.526200905708485e-06,1.617455502752131,1.6175,-0.0002464741174743037,4.854290766986612e-06
1.528200905708485e-06,1.617455675974729,1.6175,-0.0002464723107527999,4.854290615257477e-06
1.530200905708485e-06,1.617455843613859,1.6175,-0.0002464738430000478,4.854290765878692e-06
1.532200905708485e-06,1.617456002785713,1.6175,-0.0002464720881256563,4.854290616172952e-06
1.534200905708485e-06,1.617456157011791,1.6175,-0.0002464735863275853,4.854290764687974e-06
1.536200905708485e-06,1.617456303557208,1.6175,-0.0002464718817581165,4.85429061715179e-06
1.538200905708485e-06,1.617456445819056,1.6175,-0.0002464733470442189,4.854290763543668e-06
1.540200905708485e-06,1.617456581188637,1.6175,-0.000246471691223209,4.854290618075448e-06
1.542200905708485e-06,1.617456712915023,1.6175,-0.0002464731246040549,4.854290762495428e-06
1.544200905708485e-06,1.61745683849101,1.6175,-0.000246471515791432,4.854290619135433e-06
1.546200905708485e-06,1.61745696101332,1.6175,-0.0002464729182546212,4.85429076162863e-06
1.548200905708485e-06,1.617457078051398,1.6175,-0.0002464713547416142,4.854290620114879e-06
1.550200905708485e-06,1.617457192539642,1.6175,-0.0002464727269350406,4.854290760716775e-06
1.552200905708485e-06,1.617457302117527,1.6175,-0.0002464712069397198,4.854290621331207e-06
1.554200905708484e-06,1.617457409559231,1.6175,-0.0002464725493718043,4.854290759879201e-06
1.556200905708484e-06,1.617457512562361,1.6175,-0.0002464710711725783,4.854290622311173e-06
1.558200905708484e-06,1.617457613740139,1.6175,-0.0002464723845189223,4.854290758601971e-06
1.560200905708484e-06,1.617457710843608,1.6175,-0.0002464709463887281,4.854290622973976e-06
1.562200905708484e-06,1.617457806337305,1.6175,-0.0002464722309867669,4.854290757521888e-06
1.564200905708484e-06,1.617457898029733,1.6175,-0.000246470831285257,4.854290623846957e-06
1.566200905708484e-06,1.61745798824463,1.6175,-0.0002464720876916635,4.854290756492049e-06
1.568200905708484e-06,1.617458074852401,1.6175,-0.0002464707247579323,4.854290624632309e-06
1.570200905708484e-06,1.617458160050796,1.6175,-0.0002464719535479946,4.8542907552828e-06
1.572200905708484e-06,1.61745824178245,1.6175,-0.0002464706258850783,4.854290625354667e-06
1.574200905708484e-06,1.617458322128718,1.6175,-0.0002464718275313555,4.85429075426463e-06
1.576200905708484e-06,1.617458399100649,1.6175,-0.0002464705337122001,4.854290626377579e-06
1.578200905708484e-06,1.617458474684273,1.6175,-0.0002464717087565193,4.854290753461181e-06
1.580200905708484e-06,1.617458546975559,1.6175,-0.0002464704476346854,4.854290627342849e-06
1.582200905708484e-06,1.617458617870043,1.6175,-0.0002464715967790263,4.854290752677065e-06
1.584200905708484e-06,1.617458685547737,1.6175,-0.0002464703671021498,4.854290628228908e-06
1.586200905708484e-06,1.617458751832803,1.6175,-0.000246471490955185,4.854290751711722e-06
1.588200905708483e-06,1.617458814990299,1.6175,-0.0002464702916826659,4.854290629003143e-06
1.590200905708483e-06,1.61745887677075,1.6175,-0.0002464713909983966,4.854290750522487e-06
1.592200905708483e-06,1.617458935531706,1.6175,-0.0002464702211416949,4.854290629663982e-06
1.594200905708483e-06,1.617458992959395,1.6175,-0.0002464712964729248,4.854290749535072e-06
1.596200905708483e-06,1.617459047488476,1.6175,-0.0002464701551217539,4.85429063059313e-06
1.598200905708483e-06,1.617459100742929,1.6175,-0.0002464712073526694,4.854290748718872e-06
1.600200905708483e-06,1.617459151247634,1.6175,-0.0002464700935419637,4.854290631399029e-06
1.602200905708483e-06,1.617459200567676,1.6175,-0.0002464711233285051,4.854290747892059e-06
1.604200905708483e-06,1.617459247300787,1.6175,-0.0002464700363308509,4.854290632292127e-06
1.606200905708483e-06,1.617459292953317,1.6175,-0.0002464710442614316,4.854290747183661e-06
1.608200905708483e-06,1.617459336197442,1.6175,-0.0002464699832818236,4.854290633163425e-06
1.610200905708483e-06,1.617459378474643,1.6175,-0.0002464709700236955,4.854290746305318e-06
1.612200905708483e-06,1.617459418520742,1.6175,-0.0002464699342269282,4.854290634058115e-06
1.614200905708483e-06,1.617459457718246,1.6175,-0.0002464709004339183,4.854290745497578e-06
1.616200905708483e-06,1.617459494860864,1.6175,-0.0002464698890378385,4.854290634856492e-06
1.618200905708483e-06,1.617459531272134,1.6175,-0.0002464708352042968,4.854290744714088e-06
1.620200905708482e-06,1.617459565799585,1.6175,-0.0002464698475333552,4.854290635735044e-06
1.622200905708482e-06,1.617459599698299,1.6175,-0.0002464707742474432,4.854290743963507e-06
1.624200905708482e-06,1.617459631873819,1.6175,-0.0002464698094674655,4.854290636472612e-06
1.626200905708482e-06,1.617459663518255,1.6175,-0.0002464707173046207,4.854290742933288e-06
1.628200905708482e-06,1.61745969357709,1.6175,-0.0002464697745691774,4.854290637040289e-06
1.630200905708482e-06,1.617459723185051,1.6175,-0.000246470663906896,4.854290742016702e-06
1.632200905708482e-06,1.617459751328524,1.6175,-0.0002464697426234526,4.854290637756536e-06
1.634200905708482e-06,1.617459779084448,1.6175,-0.00024647061396014,4.854290741338465e-06
1.636200905708482e-06,1.617459805480692,1.6175,-0.0002464697134044319,4.854290638497493e-06
1.638200905708482e-06,1.617459831537935,1.6175,-0.0002464705670933886,4.854290740291983e-06
1.640200905708482e-06,1.617459856327065,1.6175,-0.0002464696865820828,4.85429063922556e-06
1.642200905708482e-06,1.617459880805867,1.6175,-0.0002464705230975096,4.854290739689217e-06
1.644200905708482e-06,1.617459904088747,1.6175,-0.0002464696619886226,4.854290640025563e-06
1.646200905708482e-06,1.617459927087808,1.6175,-0.000246470481792225,4.854290738953681e-06
1.648200905708482e-06,1.617459948952823,1.6175,-0.0002464696393245693,4.854290640781037e-06
1.650200905708482e-06,1.617459970549243,1.6175,-0.0002464704428389668,4.854290738389695e-06
1.652200905708481e-06,1.617459991063616,1.6175,-0.0002464696185446648,4.854290641588264e-06
1.654200905708481e-06,1.617460011317328,1.6175,-0.0002464704061266329,4.85429073756335e-06
1.656200905708481e-06,1.617460030538274,1.6175,-0.0002464695993786214,4.854290642292343e-06
1.658200905708481e-06,1.617460049507611,1.6175,-0.0002464703713849954,4.854290736862413e-06
1.660200905708481e-06,1.61746006749129,1.6175,-0.0002464695816360294,4.854290643006672e-06
1.662200905708481e-06,1.617460085229363,1.6175,-0.0002464703386365825,4.854290736117895e-06
1.664200905708481e-06,1.61746010202622,1.6175,-0.0002464695653928153,4.854290643571855e-06
1.666200905708481e-06,1.617460118579536,1.6175,-0.0002464703075719685,4.854290735394663e-06
1.668200905708481e-06,1.617460134232845,1.6175,-0.000246469550353117,4.854290644390451e-06
1.670200905708481e-06,1.617460149658204,1.6175,-0.0002464702781874307,4.85429073462638e-06
1.672200905708481e-06,1.617460164232172,1.6175,-0.0002464695364991364,4.854290644943575e-06
1.674200905708481e-06,1.617460178587659,1.6175,-0.000246470250425234,4.854290733862456e-06
1.676200905708481e-06,1.617460192135274,1.6175,-0.0002464695238134452,4.854290645456997e-06
1.678200905708481e-06,1.61746020547885,1.6175,-0.0002464702241083969,4.854290733212916e-06
1.680200905708481e-06,1.617460218059952,1.6175,-0.0002464695122384756,4.854290646408964e-06
1.682200905708481e-06,1.617460230458479,1.6175,-0.0002464701992853921,4.854290732754519e-06
1.68420090570848e-06,1.617460242147839,1.6175,-0.0002464695016226974,4.854290647140114e-06
1.68620090570848e-06,1.617460253671742,1.6175,-0.0002464701758444467,4.854290732103541e-06
1.68820090570848e-06,1.617460264535775,1.6175,-0.0002464694920407992,4.854290647695719e-06
1.69020090570848e-06,1.617460275252501,1.6175,-0.0002464701536476162,4.85429073136147e-06
1.69220090570848e-06,1.617460285358476,1.6175,-0.0002464694833415086,4.854290648329631e-06
1.69420090570848e-06,1.617460295336253,1.6175,-0.0002464701327563425,4.854290730673508e-06
1.69620090570848e-06,1.617460304743078,1.6175,-0.0002464694755067995,4.854290648807604e-06
1.69820090570848e-06,1.617460314039361,1.6175,-0.000246470113046629,4.854290729904722e-06
1.70020090570848e-06,1.617460322809926,1.6175,-0.0002464694684657128,4.854290649383152e-06
1.70220090570848e-06,1.617460331484727,1.6175,-0.0002464700944474212,4.85429072932777e-06
1.70420090570848e-06,1.6174603396725,1.6175,-0.0002464694622007307,4.854290650098407e-06
1.70620090570848e-06,1.61746034777702,1.6175,-0.00024647007686175,4.854290728647556e-06
1.70820090570848e-06,1.617460355430059,1.6175,-0.000246469456654975,4.854290650605163e-06
1.71020090570848e-06,1.617460363005882,1.6175,-0.0002464700602197986,4.85429072822786e-06
1.71220090570848e-06,1.617460370162756,1.6175,-0.0002464694516792027,4.854290651507697e-06
1.71420090570848e-06,1.617460377255404,1.6175,-0.0002464700445450318,4.854290727786449e-06
1.71620090570848e-06,1.617460383955186,1.6175,-0.0002464694473633421,4.854290652091247e-06
1.718200905708479e-06,1.617460390596635,1.6175,-0.0002464700296220629,4.85429072709966e-06
1.720200905708479e-06,1.617460396874291,1.6175,-0.0002464694434655667,4.854290652492141e-06
1.722200905708479e-06,1.617460403095156,1.6175,-0.0002464700155681205,4.854290726403682e-06
1.724200905708479e-06,1.617460408975453,1.6175,-0.000246469440063595,4.854290653046147e-06
1.726200905708479e-06,1.617460414803952,1.6175,-0.0002464700021950831,4.854290725709003e-06
1.728200905708479e-06,1.617460420310558,1.6175,-0.0002464694371554968,4.854290653679781e-06
1.730200905708479e-06,1.617460425763794,1.6175,-0.0002464699895147303,4.854290725223741e-06
1.732200905708479e-06,1.617460430917945,1.6175,-0.0002464694346201777,4.854290654145835e-06
1.734200905708479e-06,1.617460436022626,1.6175,-0.0002464699774720928,4.854290724534557e-06
1.736200905708479e-06,1.617460440843057,1.6175,-0.0002464694324027613,4.854290654645946e-06
1.738200905708479e-06,1.617460445611064,1.6175,-0.0002464699659995493,4.854290724080368e-06
1.740200905708479e-06,1.617460450115908,1.6175,-0.0002464694305686136,4.854290655232316e-06
1.742200905708479e-06,1.617460454572092,1.6175,-0.0002464699550955008,4.854290723453255e-06
1.744200905708479e-06,1.617460458775616,1.6175,-0.0002464694290099074,4.854290655766264e-06
1.746200905708479e-06,1.617460462926704,1.6175,-0.0002464699447458699,4.85429072299252e-06
1.748200905708479e-06,1.617460466844463,1.6175,-0.0002464694277391104,4.854290656465234e-06
1.750200905708478e-06,1.617460470713737,1.6175,-0.0002464699348694329,4.854290722447096e-06
1.752200905708478e-06,1.617460474368454,1.6175,-0.0002464694266747324,4.854290656882937e-06
1.754200905708478e-06,1.617460477972914,1.6175,-0.0002464699254248227,4.854290721873537e-06
1.756200905708478e-06,1.617460481375351,1.6175,-0.000246469425882223,4.854290657411753e-06
1.758200905708478e-06,1.617460484728469,1.6175,-0.0002464699164377308,4.854290721469267e-06
1.760200905708478e-06,1.617460487895032,1.6175,-0.0002464694253338778,4.854290657925083e-06
1.762200905708478e-06,1.61746049101638,1.6175,-0.00024646990782704,4.854290720865959e-06
1.764200905708478e-06,1.617460493968788,1.6175,-0.0002464694249084925,4.854290658323585e-06
1.766200905708478e-06,1.617460496875198,1.6175,-0.0002464698997375774,4.854290720327961e-06
1.768200905708478e-06,1.617460499623868,1.6175,-0.0002464694247247219,4.854290658902913e-06
1.770200905708478e-06,1.61746050232736,1.6175,-0.000246469891955765,4.854290719793673e-06
1.772200905708478e-06,1.61746050488734,1.6175,-0.0002464694247682625,4.85429065940287e-06
1.774200905708478e-06,1.61746050740433,1.6175,-0.0002464698844937283,4.854290719478763e-06
1.776200905708478e-06,1.617460509791372,1.6175,-0.0002464694249182493,4.854290659969815e-06
1.778200905708478e-06,1.617460512140216,1.6175,-0.0002464698774033849,4.854290718887878e-06
1.780200905708478e-06,1.617460514374086,1.6175,-0.0002464694252530431,4.85429066042586e-06
1.782200905708477e-06,1.617460516566703,1.6175,-0.0002464698706702594,4.854290718391995e-06
1.784200905708477e-06,1.61746051865255,1.6175,-0.0002464694256656373,4.854290660850905e-06
1.786200905708477e-06,1.617460520697662,1.6175,-0.0002464698642406501,4.854290718015358e-06
1.788200905708477e-06,1.617460522646811,1.6175,-0.0002464694262350648,4.854290661404617e-06
1.790200905708477e-06,1.61746052455665,1.6175,-0.000246469858073791,4.854290717486502e-06
1.792200905708477e-06,1.617460526380597,1.6175,-0.0002464694269604431,4.854290661838541e-06
1.794200905708477e-06,1.617460528164446,1.6175,-0.0002464698521955022,4.854290717245449e-06
1.796200905708477e-06,1.617460529872125,1.6175,-0.0002464694277613157,4.854290662459137e-06
1.798200905708477e-06,1.617460531541887,1.6175,-0.0002464698465252298,4.854290716711841e-06
1.800200905708477e-06,1.617460533145623,1.6175,-0.0002464694286633741,4.854290662933704e-06
1.802200905708477e-06,1.617460534708036,1.6175,-0.0002464698411287469,4.854290716403759e-06
1.804200905708477e-06,1.617460536210102,1.6175,-0.0002464694295998008,4.854290663410885e-06
1.806200905708477e-06,1.617460537669749,1.6175,-0.0002464698359659092,4.854290715777347e-06
1.808200905708477e-06,1.617460539075776,1.6175,-0.0002464694306101053,4.854290663737123e-06
1.810200905708477e-06,1.61746054043775,1.6175,-0.0002464698309831316,4.854290715418191e-06
1.812200905708477e-06,1.617460541751909,1.6175,-0.000246469431693943,4.854290664145833e-06
1.814200905708476e-06,1.617460543020944,1.6175,-0.000246469826180083,4.854290714945292e-06
1.816200905708476e-06,1.617460544248965,1.6175,-0.0002464694328775176,4.854290664556064e-06
1.818200905708476e-06,1.617460545430297,1.6175,-0.0002464698215563555,4.854290714390831e-06
1.820200905708476e-06,1.61746054657698,1.6175,-0.0002464694340540838,4.854290664936267e-06
1.822200905708476e-06,1.617460547676707,1.6175,-0.0002464698171913225,4.854290714033867e-06
1.824200905708476e-06,1.617460548747775,1.6175,-0.000246469435329574,4.854290665345799e-06
1.826200905708476e-06,1.617460549771144,1.6175,-0.0002464698129649076,4.854290713529502e-06
1.828200905708476e-06,1.617460550771169,1.6175,-0.0002464694365972508,4.854290665634001e-06
1.830200905708476e-06,1.617460551725794,1.6175,-0.0002464698089032505,4.854290713082572e-06
1.832200905708476e-06,1.617460552666228,1.6175,-0.0002464694379095909,4.854290666128874e-06
1.834200905708476e-06,1.617460553556623,1.6175,-0.0002464698049658679,4.854290712793365e-06
1.836200905708476e-06,1.617460554434583,1.6175,-0.0002464694392665338,4.854290666588779e-06
1.838200905708476e-06,1.617460555261954,1.6175,-0.000246469801179415,4.85429071220749e-06
1.840200905708476e-06,1.617460556081348,1.6175,-0.0002464694406014069,4.854290666907017e-06
1.842200905708476e-06,1.6174605568494,1.6175,-0.0002464697975436087,4.854290711993879e-06
1.844200905708476e-06,1.617460557614423,1.6175,-0.0002464694419803985,4.854290667366667e-06
1.846200905708476e-06,1.617460558328111,1.6175,-0.0002464697939650331,4.854290711522348e-06
1.848200905708475e-06,1.617460559044054,1.6175,-0.0002464694434297205,4.854290667608763e-06
1.850200905708475e-06,1.61746055970811,1.6175,-0.0002464697906161697,4.854290711102577e-06
1.852200905708475e-06,1.617460560378439,1.6175,-0.0002464694448692891,4.854290668068487e-06
1.854200905708475e-06,1.617460560996087,1.6175,-0.0002464697873106191,4.85429071084265e-06
1.856200905708475e-06,1.61746056162328,1.6175,-0.0002464694462722993,4.85429066850745e-06
1.858200905708475e-06,1.617460562196818,1.6175,-0.0002464697841678717,4.854290710393886e-06
1.860200905708475e-06,1.617460562783778,1.6175,-0.0002464694477316328,4.854290668744516e-06
1.862200905708475e-06,1.617460563316056,1.6175,-0.0002464697811079346,4.854290709973954e-06
1.864200905708475e-06,1.617460563865614,1.6175,-0.0002464694491672995,4.854290669173591e-06
1.866200905708475e-06,1.617460564359658,1.6175,-0.0002464697781438866,4.85429070972917e-06
1.868200905708475e-06,1.61746056487364,1.6175,-0.0002464694506323049,4.85429066962761e-06
1.870200905708475e-06,1.61746056533212,1.6175,-0.0002464697753154497,4.854290709336775e-06
1.872200905708475e-06,1.617460565814409,1.6175,-0.0002464694520865157,4.854290669851252e-06
1.874200905708475e-06,1.617460566240287,1.6175,-0.0002464697725159976,4.854290708765831e-06
1.876200905708475e-06,1.61746056669285,1.6175,-0.0002464694535164521,4.854290670100254e-06
1.878200905708475e-06,1.617460567088678,1.6175,-0.0002464697698650304,4.854290708506839e-06
1.880200905708474e-06,1.617460567513996,1.6175,-0.0002464694550282986,4.854290670586046e-06
1.882200905708474e-06,1.617460567882015,1.6175,-0.0002464697672560006,4.85429070821672e-06
1.884200905708474e-06,1.617460568281972,1.6175,-0.0002464694564756406,4.854290670972745e-06
1.886200905708474e-06,1.617460568623666,1.6175,-0.0002464697647419689,4.854290708001376e-06
1.888200905708474e-06,1.617460568999904,1.6175,-0.0002464694579248442,4.854290671351466e-06
1.890200905708474e-06,1.61746056931758,1.6175,-0.000246469762282899,4.854290707707538e-06
1.892200905708474e-06,1.617460569671951,1.6175,-0.0002464694593890512,4.85429067170889e-06
1.894200905708474e-06,1.617460569967705,1.6175,-0.0002464697599451263,4.854290707255788e-06
1.896200905708474e-06,1.617460570302623,1.6175,-0.0002464694608282042,4.854290672019487e-06
1.898200905708474e-06,1.617460570578142,1.6175,-0.000246469757635423,4.854290707061676e-06
1.900200905708474e-06,1.617460570894652,1.6175,-0.0002464694622422019,4.854290672365876e-06
1.902200905708474e-06,1.617460571150625,1.6175,-0.0002464697554335034,4.854290706749441e-06
1.904200905708474e-06,1.617460571448778,1.6175,-0.0002464694636576095,4.854290672732322e-06
1.906200905708474e-06,1.617460571685834,1.6175,-0.0002464697532595633,4.854290706352877e-06
1.908200905708474e-06,1.617460571969966,1.6175,-0.0002464694650875388,4.854290672878302e-06
1.910200905708474e-06,1.617460572194868,1.6175,-0.0002464697511796723,4.854290705912731e-06
1.912200905708474e-06,1.617460572464976,1.6175,-0.000246469466491849,4.854290673207495e-06
1.914200905708474e-06,1.61746057267154,1.6175,-0.0002464697491142816,4.854290705601663e-06
1.916200905708474e-06,1.617460572924239,1.6175,-0.0002464694678575994,4.854290673444519e-06
1.918200905708474e-06,1.617460573112722,1.6175,-0.0002464697471565831,4.854290705265787e-06
1.920200905708475e-06,1.617460573348285,1.6175,-0.0002464694692113634,4.854290673822033e-06
1.922200905708475e-06,1.617460573519566,1.6175,-0.0002464697451868654,4.854290705016503e-06
1.924200905708475e-06,1.617460573739401,1.6175,-0.0002464694705663524,4.854290674191443e-06
1.926200905708475e-06,1.617460573894254,1.6175,-0.0002464697433114192,4.854290704878392e-06
1.928200905708475e-06,1.617460574099399,1.6175,-0.0002464694719092024,4.854290674537247e-06
1.930200905708475e-06,1.617460574239091,1.6175,-0.0002464697414902694,4.854290704593911e-06
1.932200905708475e-06,1.617460574430094,1.6175,-0.000246469473213253,4.854290674847219e-06
1.934200905708476e-06,1.617460574556871,1.6175,-0.0002464697396967191,4.854290704229004e-06
1.936200905708476e-06,1.617460574736976,1.6175,-0.000246469474531486,4.854290674973912e-06
1.938200905708476e-06,1.617460574852436,1.6175,-0.0002464697379039952,4.854290703849269e-06
1.940200905708476e-06,1.61746057502237,1.6175,-0.0002464694758372218,4.854290675345593e-06
1.942200905708476e-06,1.617460575127748,1.6175,-0.0002464697361918036,4.854290703696263e-06
1.944200905708476e-06,1.617460575289038,1.6175,-0.0002464694771436541,4.854290675660008e-06
1.946200905708476e-06,1.61746057538507,1.6175,-0.0002464697344935776,4.85429070347314e-06
1.948200905708477e-06,1.61746057553765,1.6175,-0.0002464694784374616,4.854290675956058e-06
1.950200905708477e-06,1.617460575625084,1.6175,-0.000246469732862478,4.854290703047263e-06
1.952200905708477e-06,1.617460575769864,1.6175,-0.0002464694796521003,4.8542906761079e-06
1.954200905708477e-06,1.617460575849797,1.6175,-0.0002464697313117265,4.854290702776903e-06
1.956200905708477e-06,1.61746057598833,1.6175,-0.0002464694809204362,4.854290676459123e-06
1.958200905708477e-06,1.61746057606141,1.6175,-0.0002464697297747587,4.854290702607715e-06
1.960200905708478e-06,1.617460576193397,1.6175,-0.0002464694821626777,4.85429067674755e-06
1.962200905708478e-06,1.617460576260119,1.6175,-0.000246469728264864,4.854290702271503e-06
1.964200905708478e-06,1.617460576386702,1.6175,-0.0002464694833654671,4.854290676885156e-06
1.966200905708478e-06,1.617460576448289,1.6175,-0.0002464697268218436,4.854290701801254e-06
1.968200905708478e-06,1.617460576570402,1.6175,-0.0002464694845819104,4.854290677049389e-06
1.970200905708478e-06,1.617460576626232,1.6175,-0.0002464697253792038,4.854290701629355e-06
1.972200905708478e-06,1.617460576742278,1.6175,-0.0002464694857722006,4.854290677417318e-06
1.974200905708479e-06,1.617460576791875,1.6175,-0.000246469723976911,4.854290701494894e-06
1.976200905708479e-06,1.617460576902275,1.6175,-0.0002464694869363397,4.85429067773636e-06
1.978200905708479e-06,1.617460576946151,1.6175,-0.0002464697225883374,4.854290701457292e-06
1.980200905708479e-06,1.617460577051034,1.6175,-0.0002464694881008968,4.85429067820931e-06
1.982200905708479e-06,1.61746057708981,1.6175,-0.0002464697212134554,4.854290701207747e-06
1.984200905708479e-06,1.617460577190392,1.6175,-0.0002464694892392106,4.85429067833133e-06
1.986200905708479e-06,1.617460577224632,1.6175,-0.000246469719918681,4.854290700848984e-06
1.98820090570848e-06,1.617460577320489,1.6175,-0.0002464694903911655,4.854290678630539e-06
1.99020090570848e-06,1.617460577348797,1.6175,-0.0002464697185844135,4.854290700765818e-06
1.99220090570848e-06,1.617460577438465,1.6175,-0.0002464694914770888,4.854290678950178e-06
1.99420090570848e-06,1.617460577461443,1.6175,-0.0002464697173303534,4.854290700598901e-06
1.99620090570848e-06,1.617460577546539,1.6175,-0.000246469492576677,4.854290679254319e-06
1.99820090570848e-06,1.617460577564628,1.6175,-0.0002464697160633488,4.854290700282176e-06
2.000200905708481e-06,1.617460577645411,1.6175,-0.0002464694936234214,4.854290679342409e-06
2.002200905708481e-06,1.617460577659724,1.6175,-0.0002464697148099416,4.854290699975958e-06
2.004200905708481e-06,1.617460577736693,1.6175,-0.0002464694947103377,4.854290679505318e-06
2.006200905708481e-06,1.617460577747263,1.6175,-0.0002464697136631874,4.854290699744412e-06
2.008200905708481e-06,1.617460577820962,1.6175,-0.0002464694957310324,4.854290679838679e-06
2.010200905708481e-06,1.617460577828622,1.6175,-0.000246469712516663,4.854290699629023e-06
2.012200905708481e-06,1.617460577900181,1.6175,-0.0002464694967918045,4.854290680139141e-06
2.014200905708482e-06,1.617460577906104,1.6175,-0.0002464697113569865,4.854290699478342e-06
2.016200905708482e-06,1.617460577975921,1.6175,-0.00024646949779952,4.854290680353716e-06
2.018200905708482e-06,1.617460577980345,1.6175,-0.000246469710210727,4.854290698987957e-06
2.020200905708482e-06,1.617460578048586,1.6175,-0.0002464694988472393,4.854290680244647e-06
2.022200905708482e-06,1.617460578051502,1.6175,-0.0002464697091310646,4.85429069866977e-06
2.024200905708482e-06,1.617460578118048,1.6175,-0.0002464694998817814,4.854290680541625e-06
2.026200905708482e-06,1.617460578118876,1.6175,-0.0002464697080382465,4.854290698572863e-06
2.028200905708483e-06,1.617460578183214,1.6175,-0.0002464695008500008,4.854290680877665e-06
2.030200905708483e-06,1.617460578181326,1.6175,-0.0002464697069456115,4.854290698520576e-06
2.032200905708483e-06,1.617460578242949,1.6175,-0.0002464695018450152,4.854290681177782e-06
2.034200905708483e-06,1.617460578239419,1.6175,-0.0002464697059462139,4.854290698417376e-06
2.036200905708483e-06,1.617460578299889,1.6175,-0.0002464695027470582,4.854290681338373e-06
2.038200905708483e-06,1.617460578295582,1.6175,-0.0002464697049202953,4.854290697966681e-06
2.040200905708484e-06,1.617460578355217,1.6175,-0.00024646950372894,4.854290681326361e-06
2.042200905708484e-06,1.61746057835012,1.6175,-0.0002464697039077336,4.854290697669573e-06
2.044200905708484e-06,1.617460578408331,1.6175,-0.0002464695046311253,4.854290681477927e-06
2.046200905708484e-06,1.617460578401156,1.6175,-0.0002464697028820056,4.854290697417882e-06
2.048200905708484e-06,1.617460578456851,1.6175,-0.000246469505546778,4.854290681721536e-06
2.050200905708484e-06,1.6174605784473,1.6175,-0.0002464697019096456,4.854290697295902e-06
2.052200905708484e-06,1.617460578500465,1.6175,-0.0002464695064759096,4.854290681936064e-06
2.054200905708485e-06,1.617460578489119,1.6175,-0.0002464697009773359,4.854290697163804e-06
2.056200905708485e-06,1.617460578541151,1.6175,-0.0002464695073652607,4.854290682191258e-06
2.058200905708485e-06,1.617460578529027,1.6175,-0.0002464697000185043,4.854290696986802e-06
2.060200905708485e-06,1.61746057857957,1.6175,-0.0002464695082812892,4.854290682380357e-06
2.062200905708485e-06,1.617460578565927,1.6175,-0.0002464696991129706,4.854290696695719e-06
2.064200905708485e-06,1.617460578615143,1.6175,-0.0002464695091442375,4.854290682388921e-06
2.066200905708485e-06,1.617460578600378,1.6175,-0.0002464696981942315,4.854290696429421e-06
2.068200905708486e-06,1.617460578648112,1.6175,-0.0002464695099806897,4.854290682676915e-06
2.070200905708486e-06,1.617460578632032,1.6175,-0.0002464696973021894,4.854290696391334e-06
2.072200905708486e-06,1.617460578678065,1.6175,-0.0002464695108438471,4.854290682885511e-06
2.074200905708486e-06,1.617460578660341,1.6175,-0.0002464696963570858,4.854290696220664e-06
2.076200905708486e-06,1.617460578704132,1.6175,-0.0002464695116672596,4.854290683083559e-06
2.078200905708486e-06,1.617460578684316,1.6175,-0.0002464696954786258,4.854290696070795e-06
2.080200905708487e-06,1.617460578726246,1.6175,-0.0002464695125041157,4.854290683272917e-06
2.082200905708487e-06,1.617460578705005,1.6175,-0.0002464696946135846,4.85429069574415e-06
2.084200905708487e-06,1.617460578745297,1.6175,-0.0002464695132878996,4.854290683258587e-06
2.086200905708487e-06,1.617460578722926,1.6175,-0.0002464696937619428,4.854290695394836e-06
2.088200905708487e-06,1.617460578762065,1.6175,-0.0002464695141249546,4.854290683275134e-06
2.090200905708487e-06,1.617460578739284,1.6175,-0.0002464696929768417,4.854290695149834e-06
2.092200905708487e-06,1.617460578778237,1.6175,-0.0002464695149354387,4.854290683477455e-06
2.094200905708488e-06,1.617460578755757,1.6175,-0.0002464696921518467,4.854290695115253e-06
2.096200905708488e-06,1.617460578794944,1.6175,-0.0002464695157193098,4.854290683716023e-06
2.098200905708488e-06,1.617460578773018,1.6175,-0.0002464696913933049,4.854290694956293e-06
2.100200905708488e-06,1.617460578812282,1.6175,-0.0002464695164898612,4.854290684007787e-06
2.102200905708488e-06,1.617460578790582,1.6175,-0.0002464696905416764,4.854290694965007e-06
2.104200905708488e-06,1.617460578829948,1.6175,-0.0002464695172736967,4.854290684222167e-06
2.106200905708488e-06,1.617460578808667,1.6175,-0.0002464696897565109,4.854290694868619e-06
2.108200905708489e-06,1.617460578847706,1.6175,-0.0002464695180309358,4.85429068447552e-06
2.110200905708489e-06,1.617460578825926,1.6175,-0.0002464696889846727,4.854290694644133e-06
2.112200905708489e-06,1.617460578864091,1.6175,-0.0002464695187350401,4.854290684499408e-06
2.114200905708489e-06,1.617460578842378,1.6175,-0.0002464696882128645,4.854290694450088e-06
2.116200905708489e-06,1.617460578880653,1.6175,-0.0002464695194657307,4.854290684595542e-06
2.118200905708489e-06,1.617460578858767,1.6175,-0.0002464696874410586,4.854290694218421e-06
2.12020090570849e-06,1.617460578896231,1.6175,-0.000246469520196458,4.854290684863559e-06
2.12220090570849e-06,1.617460578873916,1.6175,-0.0002464696867357813,4.854290694224397e-06
2.12420090570849e-06,1.617460578910871,1.6175,-0.0002464695209139237,4.854290685041974e-06
2.12620090570849e-06,1.61746057888868,1.6175,-0.0002464696860172218,4.85429069409548e-06
2.12820090570849e-06,1.617460578925682,1.6175,-0.0002464695216446795,4.85429068520445e-06
2.13020090570849e-06,1.617460578904258,1.6175,-0.0002464696853119285,4.854290693971401e-06
2.13220090570849e-06,1.617460578941548,1.6175,-0.0002464695223488031,4.854290685377005e-06
2.134200905708491e-06,1.617460578920224,1.6175,-0.0002464696845800278,4.854290693713255e-06
2.136200905708491e-06,1.617460578957202,1.6175,-0.0002464695230396381,4.854290685353162e-06
2.138200905708491e-06,1.61746057893586,1.6175,-0.0002464696838747325,4.854290693494391e-06
2.140200905708491e-06,1.617460578972005,1.6175,-0.0002464695237039118,4.854290685489629e-06
2.142200905708491e-06,1.617460578949945,1.6175,-0.0002464696831429018,4.854290693356284e-06
2.144200905708491e-06,1.61746057898478,1.6175,-0.0002464695243815574,4.854290685589646e-06
2.146200905708491e-06,1.617460578961218,1.6175,-0.0002464696824643616,4.854290693160452e-06
2.148200905708492e-06,1.617460578994108,1.6175,-0.0002464695250593312,4.854290685816177e-06
2.150200905708492e-06,1.617460578968858,1.6175,-0.000246469681799253,4.854290693197554e-06
2.152200905708492e-06,1.61746057899999,1.6175,-0.0002464695257106401,4.854290686034034e-06
2.154200905708492e-06,1.617460578974123,1.6175,-0.0002464696811209364,4.854290693082046e-06
2.156200905708492e-06,1.617460579004857,1.6175,-0.000246469526361987,4.854290686200876e-06
2.158200905708492e-06,1.617460578979148,1.6175,-0.0002464696804559252,4.854290692970437e-06
2.160200905708493e-06,1.617460579009407,1.6175,-0.0002464695270133456,4.854290686302784e-06
2.162200905708493e-06,1.617460578983381,1.6175,-0.0002464696798308328,4.854290692821546e-06
2.164200905708493e-06,1.617460579012915,1.6175,-0.0002464695276647429,4.854290686467057e-06
2.166200905708493e-06,1.617460578986665,1.6175,-0.0002464696791791829,4.854290692612497e-06
2.168200905708493e-06,1.617460579015766,1.6175,-0.0002464695282762752,4.854290686484371e-06
2.170200905708493e-06,1.617460578989475,1.6175,-0.0002464696785541435,4.854290692423209e-06
2.172200905708493e-06,1.617460579018637,1.6175,-0.0002464695288745103,4.854290686502771e-06
2.174200905708494e-06,1.617460578992897,1.6175,-0.0002464696779556742,4.854290692218206e-06
2.176200905708494e-06,1.617460579021757,1.6175,-0.0002464695295126256,4.854290686622151e-06
2.178200905708494e-06,1.617460578995818,1.6175,-0.0002464696773173342,4.854290692112974e-06
2.180200905708494e-06,1.617460579024121,1.6175,-0.0002464695300842866,4.854290686860808e-06
2.182200905708494e-06,1.617460578998149,1.6175,-0.0002464696767189057,4.854290692001132e-06
2.184200905708494e-06,1.617460579026426,1.6175,-0.0002464695306958392,4.854290686902754e-06
2.186200905708494e-06,1.617460579000938,1.6175,-0.0002464696761337565,4.854290691904705e-06
2.188200905708495e-06,1.617460579029556,1.6175,-0.0002464695313073611,4.854290687031541e-06
2.190200905708495e-06,1.617460579004699,1.6175,-0.0002464696755219782,4.854290691786787e-06
2.192200905708495e-06,1.617460579033436,1.6175,-0.0002464695319055587,4.854290687154175e-06
2.194200905708495e-06,1.617460579009214,1.6175,-0.0002464696749234683,4.854290691643325e-06
2.196200905708495e-06,1.617460579038084,1.6175,-0.0002464695325037277,4.854290687224429e-06
2.198200905708495e-06,1.61746057901425,1.6175,-0.0002464696743648286,4.85429069147516e-06
2.200200905708496e-06,1.617460579043196,1.6175,-0.0002464695330486935,4.854290687324127e-06
2.202200905708496e-06,1.617460579019777,1.6175,-0.0002464696737529846,4.854290691291366e-06
2.204200905708496e-06,1.617460579048419,1.6175,-0.0002464695336069516,4.854290687430631e-06
2.206200905708496e-06,1.617460579024594,1.6175,-0.0002464696731810564,4.854290691239585e-06
2.208200905708496e-06,1.617460579052464,1.6175,-0.0002464695341652536,4.854290687549669e-06
2.210200905708496e-06,1.617460579028231,1.6175,-0.0002464696726091723,4.854290691199476e-06
2.212200905708496e-06,1.617460579055043,1.6175,-0.0002464695346970171,4.85429068770162e-06
2.214200905708497e-06,1.617460579030177,1.6175,-0.0002464696720506475,4.854290691045293e-06
2.216200905708497e-06,1.617460579056099,1.6175,-0.0002464695352687267,4.85429068789643e-06
2.218200905708497e-06,1.617460579030551,1.6175,-0.0002464696715320706,4.85429069110325e-06
2.220200905708497e-06,1.617460579055707,1.6175,-0.0002464695358537868,4.854290688057389e-06
2.222200905708497e-06,1.617460579030134,1.6175,-0.0002464696709869302,4.854290691011651e-06
2.224200905708497e-06,1.617460579054978,1.6175,-0.0002464695363590804,4.8542906881841e-06
2.226200905708497e-06,1.617460579029639,1.6175,-0.0002464696704284961,4.854290690938547e-06
2.228200905708498e-06,1.617460579054579,1.6175,-0.0002464695368510652,4.854290688316443e-06
2.230200905708498e-06,1.617460579029729,1.6175,-0.0002464696698966334,4.854290690848883e-06
2.232200905708498e-06,1.617460579054894,1.6175,-0.0002464695374360989,4.854290688422417e-06
2.234200905708498e-06,1.617460579030928,1.6175,-0.0002464696693780257,4.854290690768592e-06
2.236200905708498e-06,1.617460579056611,1.6175,-0.000246469537928005,4.854290688554311e-06
2.238200905708498e-06,1.617460579033469,1.6175,-0.0002464696688327753,4.854290690701263e-06
2.240200905708499e-06,1.617460579059715,1.6175,-0.0002464695384464525,4.854290688683884e-06
2.242200905708499e-06,1.617460579037262,1.6175,-0.0002464696683140712,4.854290690499498e-06
2.244200905708499e-06,1.617460579063192,1.6175,-0.0002464695389914791,4.854290688617909e-06
2.246200905708499e-06,1.617460579040489,1.6175,-0.0002464696678352777,4.854290690316541e-06
2.248200905708499e-06,1.617460579065578,1.6175,-0.0002464695394833604,4.854290688653907e-06
2.250200905708499e-06,1.617460579042221,1.6175,-0.0002464696673299468,4.854290690169148e-06
2.252200905708499e-06,1.617460579066474,1.6175,-0.000246469539975297,4.854290688675367e-06
2.2542009057085e-06,1.6174605790424,1.6175,-0.0002464696668379701,4.854290690013658e-06
2.2562009057085e-06,1.617460579065564,1.6175,-0.0002464695404540044,4.854290688778582e-06
2.2582009057085e-06,1.617460579041113,1.6175,-0.0002464696663327515,4.854290689964305e-06
2.2602009057085e-06,1.617460579063468,1.6175,-0.0002464695409593489,4.854290689031054e-06
2.2622009057085e-06,1.617460579038408,1.6175,-0.0002464696658541786,4.854290690033327e-06
2.2642009057085e-06,1.61746057906003,1.6175,-0.0002464695414248538,4.854290689166155e-06
2.266200905708501e-06,1.617460579035098,1.6175,-0.0002464696653490352,4.854290690011023e-06
2.268200905708501e-06,1.617460579056926,1.6175,-0.0002464695419036428,4.854290689301501e-06
2.270200905708501e-06,1.617460579032819,1.6175,-0.00024646966485715,4.854290689951109e-06
2.272200905708501e-06,1.617460579055209,1.6175,-0.0002464695423690836,4.854290689415353e-06
2.274200905708501e-06,1.61746057903225,1.6175,-0.0002464696644183871,4.854290689856501e-06
2.276200905708501e-06,1.617460579055634,1.6175,-0.0002464695428743343,4.854290689480399e-06
2.278200905708501e-06,1.617460579033658,1.6175,-0.0002464696639396613,4.854290689731275e-06
2.280200905708502e-06,1.617460579057344,1.6175,-0.0002464695433263512,4.854290689569365e-06
2.282200905708502e-06,1.617460579035692,1.6175,-0.000246469663487505,4.854290689689022e-06
2.284200905708502e-06,1.617460579059063,1.6175,-0.0002464695437783678,4.85429068966233e-06
2.286200905708502e-06,1.617460579037407,1.6175,-0.0002464696630087677,4.854290689620321e-06
2.288200905708502e-06,1.617460579060335,1.6175,-0.000246469544256994,4.854290689741305e-06
2.290200905708502e-06,1.617460579038484,1.6175,-0.0002464696625566471,4.85429068937327e-06
2.292200905708502e-06,1.617460579060757,1.6175,-0.0002464695447090589,4.854290689640916e-06
2.294200905708503e-06,1.617460579038651,1.6175,-0.0002464696621045604,4.854290689205903e-06
2.296200905708503e-06,1.617460579061007,1.6175,-0.0002464695451079442,4.85429068966652e-06
2.298200905708503e-06,1.617460579039709,1.6175,-0.0002464696616657369,4.854290689100115e-06
2.300200905708503e-06,1.617460579062088,1.6175,-0.000246469545573281,4.854290689713585e-06
2.302200905708503e-06,1.617460579040964,1.6175,-0.0002464696612402027,4.854290689036154e-06
2.304200905708503e-06,1.61746057906314,1.6175,-0.0002464695460386189,4.854290689932694e-06
2.306200905708504e-06,1.617460579042319,1.6175,-0.0002464696608146647,4.854290689076578e-06
2.308200905708504e-06,1.617460579064757,1.6175,-0.0002464695464374534,4.85429069005507e-06
2.310200905708504e-06,1.617460579044407,1.6175,-0.000246469660375803,4.854290689067679e-06
2.312200905708504e-06,1.617460579066692,1.6175,-0.0002464695468894619,4.854290690165039e-06
2.314200905708504e-06,1.617460579046512,1.6175,-0.0002464696599502371,4.854290689027439e-06
2.316200905708504e-06,1.617460579068746,1.6175,-0.000246469547341466,4.854290690268025e-06
2.318200905708504e-06,1.617460579048672,1.6175,-0.0002464696595379657,4.854290688947916e-06
2.320200905708505e-06,1.617460579070378,1.6175,-0.0002464695477934858,4.854290690322165e-06
2.322200905708505e-06,1.617460579050289,1.6175,-0.000246469659085825,4.854290688878482e-06
2.324200905708505e-06,1.617460579071769,1.6175,-0.0002464695481657357,4.854290690397142e-06
2.326200905708505e-06,1.617460579051605,1.6175,-0.0002464696586735849,4.854290688819734e-06
2.328200905708505e-06,1.617460579072711,1.6175,-0.0002464695485911882,4.854290690516189e-06
2.330200905708505e-06,1.61746057905263,1.6175,-0.0002464696582613558,4.854290688775794e-06
2.332200905708505e-06,1.617460579073589,1.6175,-0.0002464695489767537,4.854290690592526e-06
2.334200905708506e-06,1.617460579054038,1.6175,-0.0002464696578757053,4.854290688728012e-06
2.336200905708506e-06,1.617460579075094,1.6175,-0.0002464695494154818,4.854290690654219e-06
2.338200905708506e-06,1.61746057905541,1.6175,-0.0002464696574368702,4.854290688539687e-06
2.340200905708506e-06,1.617460579076048,1.6175,-0.0002464695498409339,4.854290690574229e-06
2.342200905708506e-06,1.617460579056298,1.6175,-0.0002464696570246461,4.854290688357497e-06
2.344200905708506e-06,1.617460579076495,1.6175,-0.0002464695502132188,4.854290690540961e-06
2.346200905708507e-06,1.617460579056542,1.6175,-0.0002464696566390389,4.854290688141557e-06
2.348200905708507e-06,1.61746057907591,1.6175,-0.0002464695506387282,4.854290690449379e-06
2.350200905708507e-06,1.617460579055775,1.6175,-0.0002464696562534693,4.854290688001821e-06
2.352200905708507e-06,1.617460579075025,1.6175,-0.0002464695509977663,4.85429069043322e-06
2.354200905708507e-06,1.617460579054891,1.6175,-0.0002464696558546076,4.854290687877383e-06
2.356200905708507e-06,1.617460579073635,1.6175,-0.000246469551410009,4.854290690483704e-06
2.358200905708507e-06,1.617460579053279,1.6175,-0.000246469655455773,4.854290687815855e-06
2.360200905708508e-06,1.617460579071731,1.6175,-0.0002464695518222709,4.854290690509549e-06
2.362200905708508e-06,1.617460579051928,1.6175,-0.0002464696550702251,4.85429068773801e-06
2.364200905708508e-06,1.617460579070648,1.6175,-0.0002464695521946128,4.854290690586526e-06
2.366200905708508e-06,1.617460579050954,1.6175,-0.0002464696546713668,4.854290687680169e-06
2.368200905708508e-06,1.617460579069358,1.6175,-0.0002464695525669624,4.854290690638153e-06
2.370200905708508e-06,1.617460579049799,1.6175,-0.0002464696543124046,4.854290687639889e-06
2.372200905708508e-06,1.617460579068086,1.6175,-0.0002464695529393114,4.854290690741838e-06
2.374200905708509e-06,1.617460579048827,1.6175,-0.0002464696539268427,4.854290687605689e-06
2.376200905708509e-06,1.617460579067061,1.6175,-0.0002464695533249476,4.85429069090845e-06
2.378200905708509e-06,1.617460579048025,1.6175,-0.0002464696535412743,4.854290687664956e-06
2.380200905708509e-06,1.617460579066359,1.6175,-0.0002464695536839789,4.854290691010943e-06
2.382200905708509e-06,1.617460579048016,1.6175,-0.0002464696531822696,4.854290687666725e-06
2.384200905708509e-06,1.617460579066845,1.6175,-0.0002464695540429659,4.854290691097181e-06
2.38620090570851e-06,1.617460579049067,1.6175,-0.0002464696528232254,4.854290687654149e-06
2.38820090570851e-06,1.617460579068284,1.6175,-0.000246469554415214,4.854290691176116e-06
2.39020090570851e-06,1.617460579051477,1.6175,-0.000246469652477427,4.854290687584239e-06
2.39220090570851e-06,1.617460579071339,1.6175,-0.0002464695548272915,4.85429069121726e-06
2.39420090570851e-06,1.617460579055201,1.6175,-0.0002464696520916904,4.854290687512302e-06
2.39620090570851e-06,1.617460579075181,1.6175,-0.0002464695551462642,4.854290691361539e-06
2.39820090570851e-06,1.617460579059323,1.6175,-0.0002464696517192354,4.854290687614231e-06
2.400200905708511e-06,1.617460579079124,1.6175,-0.0002464695555317157,4.854290691511373e-06
2.402200905708511e-06,1.617460579063202,1.6175,-0.0002464696513733825,4.854290687648407e-06
2.404200905708511e-06,1.617460579082656,1.6175,-0.0002464695558506999,4.85429069161641e-06
2.406200905708511e-06,1.617460579066809,1.6175,-0.0002464696510009467,4.854290687589027e-06
2.408200905708511e-06,1.617460579085973,1.6175,-0.0002464695562095817,4.854290691645134e-06
2.410200905708511e-06,1.617460579070051,1.6175,-0.0002464696506684139,4.854290687428267e-06
2.412200905708511e-06,1.617460579088847,1.6175,-0.0002464695565551834,4.854290691561462e-06
2.414200905708512e-06,1.617460579072727,1.6175,-0.0002464696503359022,4.8542906873264e-06
2.416200905708512e-06,1.617460579090808,1.6175,-0.0002464695569008191,4.854290691561217e-06
2.418200905708512e-06,1.617460579074081,1.6175,-0.0002464696499901432,4.854290687252178e-06
2.420200905708512e-06,1.617460579091508,1.6175,-0.0002464695572199088,4.854290691591011e-06
2.422200905708512e-06,1.617460579074701,1.6175,-0.000246469649631115,4.85429068720181e-06
2.424200905708512e-06,1.617460579091754,1.6175,-0.0002464695575789047,4.854290691623181e-06
2.426200905708513e-06,1.617460579074344,1.6175,-0.0002464696493120127,4.854290687115428e-06
2.428200905708513e-06,1.617460579090191,1.6175,-0.0002464695578980785,4.854290691670173e-06
2.430200905708513e-06,1.617460579072359,1.6175,-0.0002464696489530813,4.854290687124534e-06
2.432200905708513e-06,1.617460579087796,1.6175,-0.0002464695582039868,4.854290691725162e-06
2.434200905708513e-06,1.617460579069722,1.6175,-0.0002464696486340638,4.854290687051641e-06
2.436200905708513e-06,1.617460579084944,1.6175,-0.0002464695585763945,4.854290691766656e-06
2.438200905708513e-06,1.617460579067171,1.6175,-0.000246469648315043,4.854290687020735e-06
2.440200905708514e-06,1.617460579082383,1.6175,-0.0002464695588690125,4.854290691826524e-06
2.442200905708514e-06,1.617460579064777,1.6175,-0.0002464696479694234,4.854290686984316e-06
2.444200905708514e-06,1.617460579079739,1.6175,-0.0002464695591882266,4.854290691854025e-06
2.446200905708514e-06,1.617460579062047,1.6175,-0.0002464696476637058,4.854290686910071e-06
2.448200905708514e-06,1.617460579076572,1.6175,-0.0002464695595207565,4.854290691884985e-06
2.450200905708514e-06,1.617460579058797,1.6175,-0.000246469647318118,4.854290686918704e-06
2.452200905708514e-06,1.617460579073284,1.6175,-0.0002464695598399945,4.854290692092383e-06
2.454200905708515e-06,1.617460579056017,1.6175,-0.0002464696470256987,4.854290687003805e-06
2.456200905708515e-06,1.617460579070802,1.6175,-0.0002464695601592025,4.854290692158348e-06
2.458200905708515e-06,1.617460579054147,1.6175,-0.0002464696467332455,4.854290687029617e-06
2.460200905708515e-06,1.617460579069446,1.6175,-0.0002464695605049616,4.854290692243044e-06
2.462200905708515e-06,1.617460579053519,1.6175,-0.0002464696464141532,4.85429068698932e-06
2.464200905708515e-06,1.617460579069354,1.6175,-0.0002464695607974877,4.854290692311144e-06
2.466200905708516e-06,1.6174605790543,1.6175,-0.0002464696460950085,4.854290686978257e-06
2.468200905708516e-06,1.617460579070669,1.6175,-0.000246469561129851,4.85429069233968e-06
2.470200905708516e-06,1.617460579056522,1.6175,-0.0002464696457625137,4.854290686955628e-06
2.472200905708516e-06,1.617460579073355,1.6175,-0.0002464695613956808,4.854290692392463e-06
2.474200905708516e-06,1.617460579059571,1.6175,-0.000246469645483174,4.854290686899013e-06
2.476200905708516e-06,1.617460579076552,1.6175,-0.000246469561701381,4.854290692398516e-06
2.478200905708516e-06,1.617460579063311,1.6175,-0.0002464696451772157,4.854290686864942e-06
2.480200905708517e-06,1.617460579080383,1.6175,-0.0002464695620469472,4.85429069244258e-06
2.482200905708517e-06,1.617460579067275,1.6175,-0.0002464696448712491,4.854290686800442e-06
2.484200905708517e-06,1.617460579083995,1.6175,-0.0002464695623260391,4.854290692444606e-06
2.486200905708517e-06,1.61746057907042,1.6175,-0.0002464696445653129,4.854290686772296e-06
2.488200905708517e-06,1.61746057908643,1.6175,-0.0002464695626583606,4.854290692509645e-06
2.490200905708517e-06,1.617460579072409,1.6175,-0.0002464696442727162,4.854290686757814e-06
2.492200905708517e-06,1.617460579087574,1.6175,-0.0002464695629508408,4.854290692556101e-06
2.494200905708518e-06,1.617460579073114,1.6175,-0.0002464696439535743,4.854290686732775e-06
2.496200905708518e-06,1.61746057908782,1.6175,-0.0002464695632433543,4.854290692583391e-06
2.498200905708518e-06,1.617460579073266,1.6175,-0.0002464696436211565,4.854290686705261e-06
2.500200905708518e-06,1.617460579087872,1.6175,-0.0002464695635092821,4.85429069262486e-06
2.502200905708518e-06,1.617460579073325,1.6175,-0.0002464696433552246,4.854290686678257e-06
2.504200905708518e-06,1.617460579087556,1.6175,-0.0002464695638018166,4.854290692665154e-06
2.506200905708519e-06,1.617460579072895,1.6175,-0.0002464696430893109,4.854290686635678e-06
2.508200905708519e-06,1.617460579086764,1.6175,-0.0002464695641209617,4.854290692689118e-06
2.510200905708519e-06,1.617460579072384,1.6175,-0.0002464696427968071,4.854290686611684e-06
2.512200905708519e-06,1.617460579086618,1.6175,-0.0002464695643868969,4.854290692746997e-06
2.514200905708519e-06,1.617460579072788,1.6175,-0.0002464696425308624,4.854290686602601e-06
2.516200905708519e-06,1.61746057908715,1.6175,-0.0002464695646661032,4.854290692748261e-06
2.518200905708519e-06,1.617460579073699,1.6175,-0.0002464696422516023,4.854290686424477e-06
2.52020090570852e-06,1.617460579088363,1.6175,-0.0002464695649319879,4.854290692621395e-06
2.52220090570852e-06,1.617460579075269,1.6175,-0.0002464696419457247,4.854290686306924e-06
2.52420090570852e-06,1.617460579089941,1.6175,-0.0002464695652377484,4.854290692573536e-06
2.52620090570852e-06,1.617460579077104,1.6175,-0.0002464696416930232,4.854290686286726e-06
2.52820090570852e-06,1.617460579091501,1.6175,-0.0002464695655302131,4.854290692596092e-06
2.53020090570852e-06,1.617460579078169,1.6175,-0.0002464696414270539,4.854290686181348e-06
2.53220090570852e-06,1.617460579091917,1.6175,-0.0002464695658094239,4.854290692566707e-06
2.534200905708521e-06,1.617460579078309,1.6175,-0.0002464696411345259,4.854290686164565e-06
2.536200905708521e-06,1.617460579091287,1.6175,-0.00024646956610197,4.854290692624554e-06
2.538200905708521e-06,1.617460579077293,1.6175,-0.0002464696408553375,4.854290686134414e-06
2.540200905708521e-06,1.617460579089976,1.6175,-0.0002464695663812449,4.854290692649729e-06
2.542200905708521e-06,1.617460579075763,1.6175,-0.0002464696405894647,4.854290686137089e-06
2.544200905708521e-06,1.617460579088237,1.6175,-0.0002464695666339429,4.854290692711064e-06
2.546200905708522e-06,1.61746057907418,1.6175,-0.0002464696403102974,4.854290686132857e-06
2.548200905708522e-06,1.617460579086592,1.6175,-0.0002464695668733408,4.85429069272311e-06
2.550200905708522e-06,1.617460579073139,1.6175,-0.0002464696400444064,4.854290686098841e-06
2.552200905708522e-06,1.617460579085975,1.6175,-0.000246469567125997,4.854290692742065e-06
2.554200905708522e-06,1.617460579072977,1.6175,-0.0002464696397651862,4.854290686080789e-06
2.556200905708522e-06,1.617460579086043,1.6175,-0.0002464695674052207,4.854290692794942e-06
2.558200905708522e-06,1.617460579073375,1.6175,-0.0002464696395125382,4.854290686070759e-06
2.560200905708523e-06,1.617460579086399,1.6175,-0.0002464695676578407,4.854290692795572e-06
2.562200905708523e-06,1.617460579073694,1.6175,-0.0002464696392731895,4.854290686003207e-06
2.564200905708523e-06,1.617460579086573,1.6175,-0.0002464695679370604,4.854290692804994e-06
2.566200905708523e-06,1.617460579073905,1.6175,-0.0002464696390205484,4.854290686000476e-06
2.568200905708523e-06,1.617460579086345,1.6175,-0.0002464695681498127,4.854290692855885e-06
2.570200905708523e-06,1.61746057907356,1.6175,-0.000246469638741335,4.8542906859983e-06
2.572200905708523e-06,1.617460579085544,1.6175,-0.0002464695684290687,4.85429069285646e-06
2.574200905708524e-06,1.617460579072347,1.6175,-0.0002464696385020434,4.854290685942761e-06
2.576200905708524e-06,1.617460579084195,1.6175,-0.0002464695686950486,4.854290692866538e-06
2.578200905708524e-06,1.617460579071458,1.6175,-0.0002464696382228503,4.854290685904145e-06
2.580200905708524e-06,1.617460579083577,1.6175,-0.0002464695689344083,4.854290692848328e-06
2.582200905708524e-06,1.617460579071134,1.6175,-0.0002464696379436361,4.854290685882066e-06
2.584200905708524e-06,1.617460579083169,1.6175,-0.0002464695692136497,4.854290693029121e-06
2.586200905708525e-06,1.617460579070672,1.6175,-0.0002464696377043165,4.854290686056505e-06
2.588200905708525e-06,1.617460579082313,1.6175,-0.0002464695694530184,4.854290693126742e-06
2.590200905708525e-06,1.617460579069837,1.6175,-0.0002464696374384178,4.854290686063768e-06
2.592200905708525e-06,1.617460579081425,1.6175,-0.0002464695697056846,4.854290693138466e-06
2.594200905708525e-06,1.617460579069139,1.6175,-0.0002464696372124035,4.854290686022323e-06
2.596200905708525e-06,1.617460579080744,1.6175,-0.0002464695699583432,4.854290693165868e-06
2.598200905708525e-06,1.617460579068494,1.6175,-0.0002464696369597943,4.85429068603518e-06
2.600200905708526e-06,1.617460579079797,1.6175,-0.0002464695701711222,4.854290693208906e-06
2.602200905708526e-06,1.617460579067506,1.6175,-0.0002464696367470873,4.854290686056974e-06
2.604200905708526e-06,1.617460579078861,1.6175,-0.0002464695704370868,4.854290693261838e-06
2.606200905708526e-06,1.617460579067127,1.6175,-0.0002464696364944681,4.854290686073897e-06
2.608200905708526e-06,1.617460579079039,1.6175,-0.000246469570676417,4.854290693287059e-06
2.610200905708526e-06,1.6174605790681,1.6175,-0.0002464696362683916,4.854290686026966e-06
2.612200905708526e-06,1.617460579080375,1.6175,-0.0002464695709024075,4.854290693291826e-06
2.614200905708527e-06,1.617460579069562,1.6175,-0.0002464696360290005,4.85429068600755e-06
2.616200905708527e-06,1.617460579081677,1.6175,-0.0002464695711815853,4.854290693290871e-06
2.618200905708527e-06,1.617460579070726,1.6175,-0.0002464696358029169,4.854290685995438e-06
2.620200905708527e-06,1.617460579082542,1.6175,-0.0002464695713677039,4.854290693341762e-06
2.622200905708527e-06,1.617460579071557,1.6175,-0.0002464696355768457,4.854290686001533e-06
2.624200905708527e-06,1.617460579083158,1.6175,-0.0002464695716336108,4.854290693327239e-06
2.626200905708528e-06,1.617460579072252,1.6175,-0.0002464696353108902,4.854290685938902e-06
2.628200905708528e-06,1.61746057908368,1.6175,-0.0002464695718862245,4.854290693312924e-06
2.630200905708528e-06,1.617460579072802,1.6175,-0.000246469635071533,4.85429068591047e-06
2.632200905708528e-06,1.61746057908407,1.6175,-0.0002464695721122503,4.854290693342367e-06
2.634200905708528e-06,1.617460579073258,1.6175,-0.0002464696348587722,4.854290685924245e-06
2.636200905708528e-06,1.617460579084124,1.6175,-0.0002464695723382886,4.854290693378169e-06
2.638200905708528e-06,1.617460579072845,1.6175,-0.0002464696346061543,4.854290685929117e-06
2.640200905708529e-06,1.617460579083219,1.6175,-0.000246469572551066,4.854290693362523e-06
2.642200905708529e-06,1.617460579071785,1.6175,-0.0002464696343801535,4.854290685887586e-06
2.644200905708529e-06,1.617460579081657,1.6175,-0.0002464695728037574,4.854290693420238e-06
2.646200905708529e-06,1.617460579069359,1.6175,-0.0002464696341409069,4.854290685901211e-06
2.648200905708529e-06,1.617460579078201,1.6175,-0.0002464695730432227,4.85429069338603e-06
2.650200905708529e-06,1.617460579065432,1.6175,-0.0002464696339150128,4.854290685877998e-06
2.65220090570853e-06,1.617460579073722,1.6175,-0.0002464695732295401,4.854290693435756e-06
2.65420090570853e-06,1.617460579060643,1.6175,-0.0002464696336891507,4.854290685871429e-06
2.65620090570853e-06,1.617460579068685,1.6175,-0.0002464695734424713,4.854290693448726e-06
2.65820090570853e-06,1.617460579055759,1.6175,-0.0002464696334765885,4.854290685846036e-06
2.66020090570853e-06,1.617460579063905,1.6175,-0.0002464695736952823,4.854290693440817e-06
2.66220090570853e-06,1.617460579051363,1.6175,-0.0002464696332507118,4.85429068582051e-06
2.66420090570853e-06,1.617460579059766,1.6175,-0.0002464695739081801,4.854290693436984e-06
2.666200905708531e-06,1.617460579047806,1.6175,-0.0002464696330381004,4.854290685820786e-06
2.668200905708531e-06,1.61746057905672,1.6175,-0.0002464695741077407,4.854290693457307e-06
2.670200905708531e-06,1.617460579045159,1.6175,-0.0002464696328121586,4.854290685823078e-06
2.672200905708531e-06,1.617460579054177,1.6175,-0.0002464695743205791,4.85429069350192e-06
2.674200905708531e-06,1.61746057904299,1.6175,-0.0002464696325729025,4.854290685843684e-06
2.676200905708531e-06,1.617460579052414,1.6175,-0.0002464695745333884,4.854290693504292e-06
2.678200905708531e-06,1.617460579042037,1.6175,-0.0002464696324000836,4.854290685791972e-06
2.680200905708532e-06,1.617460579052035,1.6175,-0.0002464695747594428,4.854290693479175e-06
2.682200905708532e-06,1.617460579042218,1.6175,-0.0002464696321474436,4.854290685790416e-06
2.684200905708532e-06,1.617460579052483,1.6175,-0.0002464695749588734,4.854290693535372e-06
2.686200905708532e-06,1.617460579042856,1.6175,-0.0002464696319745656,4.854290685814486e-06
2.688200905708532e-06,1.617460579053134,1.6175,-0.0002464695751848894,4.854290693565191e-06
2.690200905708532e-06,1.617460579043482,1.6175,-0.000246469631775095,4.854290685808951e-06
2.692200905708533e-06,1.617460579053354,1.6175,-0.000246469575371032,4.854290693520623e-06
2.694200905708533e-06,1.617460579043602,1.6175,-0.0002464696315490503,4.854290685625783e-06
2.696200905708533e-06,1.617460579053263,1.6175,-0.0002464695755970758,4.854290693358505e-06
2.698200905708533e-06,1.617460579043462,1.6175,-0.0002464696313496082,4.854290685681535e-06
2.700200905708533e-06,1.6174605790529,1.6175,-0.0002464695757965366,4.854290693510536e-06
2.702200905708533e-06,1.617460579042991,1.6175,-0.0002464696311235854,4.854290685613383e-06
2.704200905708533e-06,1.617460579052083,1.6175,-0.0002464695759827177,4.854290693363361e-06
2.706200905708534e-06,1.61746057904205,1.6175,-0.0002464696309374696,4.854290685519541e-06
2.708200905708534e-06,1.617460579051244,1.6175,-0.0002464695762220857,4.854290693332409e-06
2.710200905708534e-06,1.617460579041487,1.6175,-0.0002464696307114503,4.854290685509529e-06
2.712200905708534e-06,1.617460579050738,1.6175,-0.0002464695764215518,4.854290693331736e-06
2.714200905708534e-06,1.617460579041394,1.6175,-0.0002464696305120065,4.854290685487286e-06
2.716200905708534e-06,1.617460579050688,1.6175,-0.0002464695766342975,4.854290693322104e-06
2.718200905708534e-06,1.617460579041488,1.6175,-0.0002464696302992592,4.854290685497815e-06
2.720200905708535e-06,1.617460579051077,1.6175,-0.0002464695768470268,4.854290693375349e-06
2.722200905708535e-06,1.617460579042419,1.6175,-0.0002464696301130737,4.854290685502401e-06
2.724200905708535e-06,1.617460579052227,1.6175,-0.0002464695770065419,4.854290693328885e-06
2.726200905708535e-06,1.617460579043634,1.6175,-0.0002464696299135813,4.854290685453306e-06
2.728200905708535e-06,1.617460579053397,1.6175,-0.0002464695772059456,4.854290693363127e-06
2.730200905708535e-06,1.617460579045049,1.6175,-0.0002464696297140813,4.854290685498879e-06
2.732200905708536e-06,1.617460579054825,1.6175,-0.0002464695774319328,4.854290693367934e-06
2.734200905708536e-06,1.617460579046373,1.6175,-0.0002464696295278812,4.854290685478842e-06
2.736200905708536e-06,1.617460579055986,1.6175,-0.0002464695775914474,4.854290693394237e-06
2.738200905708536e-06,1.617460579047582,1.6175,-0.0002464696293150925,4.854290685464341e-06
2.740200905708536e-06,1.617460579056711,1.6175,-0.0002464695778041642,4.854290693337571e-06
2.742200905708536e-06,1.617460579047902,1.6175,-0.0002464696291555227,4.854290685420694e-06
2.744200905708536e-06,1.617460579056627,1.6175,-0.0002464695779637252,4.854290693350536e-06
2.746200905708537e-06,1.617460579047452,1.6175,-0.0002464696289560922,4.854290685428678e-06
2.748200905708537e-06,1.61746057905574,1.6175,-0.000246469578176502,4.8542906933616e-06
2.750200905708537e-06,1.617460579046645,1.6175,-0.0002464696287566748,4.854290685420252e-06
2.752200905708537e-06,1.617460579055055,1.6175,-0.0002464695783626783,4.854290693330727e-06
2.754200905708537e-06,1.61746057904618,1.6175,-0.0002464696285838379,4.854290685411136e-06
2.756200905708537e-06,1.617460579054583,1.6175,-0.0002464695785754396,4.854290693378136e-06
2.758200905708537e-06,1.617460579045789,1.6175,-0.0002464696283711086,4.854290685452589e-06
2.760200905708538e-06,1.617460579054219,1.6175,-0.0002464695787483075,4.854290693393677e-06
2.762200905708538e-06,1.617460579045606,1.6175,-0.0002464696281982611,4.85429068544312e-06
2.764200905708538e-06,1.617460579054168,1.6175,-0.0002464695789477567,4.854290693356135e-06
2.766200905708538e-06,1.617460579046036,1.6175,-0.0002464696280120943,4.854290685366084e-06
2.768200905708538e-06,1.617460579055156,1.6175,-0.0002464695791338707,4.854290693308222e-06
2.770200905708538e-06,1.617460579047764,1.6175,-0.0002464696278258792,4.854290685335769e-06
2.772200905708539e-06,1.617460579057257,1.6175,-0.0002464695793332399,4.854290693299064e-06
2.774200905708539e-06,1.617460579050115,1.6175,-0.0002464696276662339,4.85429068532758e-06
2.776200905708539e-06,1.617460579059501,1.6175,-0.0002464695795060107,4.854290693297663e-06
2.778200905708539e-06,1.617460579052391,1.6175,-0.0002464696274799984,4.854290685387898e-06
2.780200905708539e-06,1.617460579061657,1.6175,-0.0002464695796920814,4.854290693380517e-06
2.782200905708539e-06,1.6174605790544,1.6175,-0.0002464696273070694,4.854290685404564e-06
2.784200905708539e-06,1.617460579063474,1.6175,-0.0002464695798515716,4.854290693412399e-06
2.78620090570854e-06,1.617460579056395,1.6175,-0.0002464696271208443,4.854290685450567e-06
2.78820090570854e-06,1.617460579065463,1.6175,-0.0002464695800509449,4.854290693400571e-06
2.79020090570854e-06,1.617460579058222,1.6175,-0.0002464696269213291,4.854290685388367e-06
2.79220090570854e-06,1.617460579067119,1.6175,-0.0002464695802370341,4.854290693352612e-06
2.79420090570854e-06,1.61746057905999,1.6175,-0.000246469626748409,4.85429068538133e-06
2.79620090570854e-06,1.617460579068766,1.6175,-0.0002464695804098272,4.854290693351075e-06
2.79820090570854e-06,1.617460579061665,1.6175,-0.0002464696265356029,4.854290685358104e-06
2.800200905708541e-06,1.617460579070227,1.6175,-0.0002464695806092202,4.854290693360464e-06
2.802200905708541e-06,1.617460579062839,1.6175,-0.0002464696263892979,4.854290685419633e-06
2.804200905708541e-06,1.617460579071055,1.6175,-0.0002464695807820436,4.854290693423211e-06
2.806200905708541e-06,1.617460579063375,1.6175,-0.0002464696262164237,4.854290685419498e-06
2.808200905708541e-06,1.617460579071297,1.6175,-0.0002464695809415924,4.854290693381316e-06
2.810200905708541e-06,1.617460579063652,1.6175,-0.000246469626016966,4.854290685393889e-06
2.812200905708542e-06,1.61746057907143,1.6175,-0.0002464695811011453,4.854290693374346e-06
2.814200905708542e-06,1.617460579063786,1.6175,-0.0002464696258574031,4.854290685404457e-06
2.816200905708542e-06,1.617460579071614,1.6175,-0.0002464695812872893,4.854290693376164e-06
2.818200905708542e-06,1.617460579064287,1.6175,-0.0002464696256978267,4.854290685404498e-06
2.820200905708542e-06,1.617460579072149,1.6175,-0.0002464695814468273,4.854290693392907e-06
2.822200905708542e-06,1.617460579064926,1.6175,-0.0002464696255382451,4.85429068538859e-06
2.824200905708542e-06,1.617460579072844,1.6175,-0.0002464695816462488,4.854290693392572e-06
2.826200905708543e-06,1.617460579065752,1.6175,-0.0002464696253387671,4.854290685405497e-06
2.828200905708543e-06,1.617460579073518,1.6175,-0.000246469581792485,4.854290693370239e-06
2.830200905708543e-06,1.617460579066427,1.6175,-0.0002464696251791842,4.854290685412168e-06
2.832200905708543e-06,1.617460579074284,1.6175,-0.0002464695819254213,4.854290693376782e-06
2.834200905708543e-06,1.617460579067274,1.6175,-0.0002464696250328913,4.854290685394181e-06
2.836200905708543e-06,1.617460579075046,1.6175,-0.0002464695821115438,4.854290693383512e-06
2.838200905708543e-06,1.617460579068113,1.6175,-0.0002464696248600058,4.854290685392514e-06
2.840200905708544e-06,1.617460579075827,1.6175,-0.0002464695822843691,4.854290693373569e-06
2.842200905708544e-06,1.61746057906896,1.6175,-0.0002464696247004164,4.854290685412825e-06
2.844200905708544e-06,1.61746057907672,1.6175,-0.0002464695824571902,4.854290693359367e-06
2.846200905708544e-06,1.6174605790703,1.6175,-0.0002464696245009193,4.854290685414025e-06
2.848200905708544e-06,1.617460579078368,1.6175,-0.0002464695826299832,4.854290693368133e-06
2.850200905708544e-06,1.617460579072145,1.6175,-0.0002464696243678858,4.854290685394729e-06
2.852200905708545e-06,1.617460579080195,1.6175,-0.0002464695827628801,4.854290693383754e-06
2.854200905708545e-06,1.617460579074093,1.6175,-0.0002464696241949589,4.854290685407548e-06
2.856200905708545e-06,1.617460579082043,1.6175,-0.0002464695829356657,4.854290693355344e-06
2.858200905708545e-06,1.617460579075843,1.6175,-0.0002464696240486326,4.854290685438964e-06
2.860200905708545e-06,1.617460579083729,1.6175,-0.0002464695831084573,4.8542906934172e-06
2.862200905708545e-06,1.617460579077617,1.6175,-0.0002464696238890087,4.854290685463669e-06
2.864200905708545e-06,1.61746057908541,1.6175,-0.0002464695832546561,4.854290693394177e-06
2.866200905708546e-06,1.617460579079267,1.6175,-0.0002464696237027965,4.854290685444819e-06
2.868200905708546e-06,1.617460579087015,1.6175,-0.0002464695834008578,4.854290693359689e-06
2.870200905708546e-06,1.617460579080861,1.6175,-0.0002464696235431794,4.854290685414172e-06
2.872200905708546e-06,1.617460579088299,1.6175,-0.0002464695835603678,4.854290693358778e-06
2.874200905708546e-06,1.617460579081868,1.6175,-0.0002464696233835841,4.85429068544061e-06
2.876200905708546e-06,1.617460579088791,1.6175,-0.0002464695837199073,4.854290693368034e-06
2.878200905708546e-06,1.617460579081845,1.6175,-0.0002464696232240271,4.854290685448746e-06
2.880200905708547e-06,1.61746057908817,1.6175,-0.0002464695838661919,4.854290693372225e-06
2.882200905708547e-06,1.617460579080964,1.6175,-0.000246469623064502,4.854290685452903e-06
2.884200905708547e-06,1.61746057908702,1.6175,-0.0002464695839991995,4.854290693396141e-06
2.886200905708547e-06,1.617460579079417,1.6175,-0.0002464696228917053,4.854290685479729e-06
2.888200905708547e-06,1.617460579085236,1.6175,-0.0002464695841854166,4.854290693369877e-06
2.890200905708547e-06,1.617460579077757,1.6175,-0.0002464696227853951,4.854290685471451e-06
2.892200905708548e-06,1.617460579083538,1.6175,-0.0002464695843317412,4.854290693359268e-06
2.894200905708548e-06,1.617460579076329,1.6175,-0.0002464696226125939,4.854290685461291e-06
2.896200905708548e-06,1.617460579082328,1.6175,-0.0002464695845046405,4.854290693360289e-06
2.898200905708548e-06,1.617460579075333,1.6175,-0.0002464696224663697,4.854290685476229e-06
2.900200905708548e-06,1.617460579081491,1.6175,-0.0002464695846376366,4.85429069334239e-06
2.902200905708548e-06,1.617460579074729,1.6175,-0.0002464696223068343,4.854290685457958e-06
2.904200905708548e-06,1.617460579080769,1.6175,-0.0002464695847839247,4.854290693338584e-06
2.906200905708549e-06,1.617460579073898,1.6175,-0.0002464696221606038,4.854290685472308e-06
2.908200905708549e-06,1.617460579079919,1.6175,-0.0002464695849302177,4.854290693327062e-06
2.910200905708549e-06,1.617460579073228,1.6175,-0.000246469622001071,4.854290685474412e-06
2.912200905708549e-06,1.617460579079308,1.6175,-0.0002464695850897983,4.854290693317131e-06
2.914200905708549e-06,1.617460579072806,1.6175,-0.0002464696218681217,4.854290685479729e-06
2.916200905708549e-06,1.617460579078888,1.6175,-0.0002464695852227787,4.854290693311649e-06
2.918200905708549e-06,1.617460579072528,1.6175,-0.0002464696217218707,4.854290685477595e-06
2.92020090570855e-06,1.617460579078778,1.6175,-0.0002464695853690442,4.854290693312417e-06
2.92220090570855e-06,1.617460579072468,1.6175,-0.0002464696215756116,4.854290685484629e-06
2.92420090570855e-06,1.617460579078581,1.6175,-0.0002464695855286094,4.854290693310781e-06
2.92620090570855e-06,1.617460579072396,1.6175,-0.0002464696214160564,4.854290685494346e-06
2.92820090570855e-06,1.617460579078492,1.6175,-0.0002464695856482811,4.854290693320404e-06
2.93020090570855e-06,1.617460579072308,1.6175,-0.0002464696212697984,4.854290685517544e-06
2.932200905708551e-06,1.617460579078111,1.6175,-0.0002464695857812601,4.854290693339444e-06
2.934200905708551e-06,1.617460579071607,1.6175,-0.0002464696211368596,4.85429068553603e-06
2.936200905708551e-06,1.617460579077303,1.6175,-0.000246469585914255,4.854290693313628e-06
2.938200905708551e-06,1.617460579071091,1.6175,-0.0002464696209906175,4.854290685526749e-06
2.940200905708551e-06,1.617460579077133,1.6175,-0.0002464695861004121,4.854290693298822e-06
2.942200905708551e-06,1.617460579071291,1.6175,-0.0002464696208443486,4.854290685533639e-06
2.944200905708551e-06,1.617460579077452,1.6175,-0.0002464695862200687,4.854290693290451e-06
2.946200905708552e-06,1.617460579071752,1.6175,-0.0002464696206980701,4.854290685510918e-06
2.948200905708552e-06,1.617460579077696,1.6175,-0.000246469586339728,4.854290693274683e-06
2.950200905708552e-06,1.617460579071546,1.6175,-0.0002464696205784095,4.854290685525439e-06
2.952200905708552e-06,1.617460579076917,1.6175,-0.0002464695865126112,4.854290693246962e-06
2.954200905708552e-06,1.617460579070563,1.6175,-0.0002464696204321847,4.854290685509959e-06
2.956200905708552e-06,1.617460579075805,1.6175,-0.000246469586632321,4.854290693235843e-06
2.958200905708552e-06,1.617460579069201,1.6175,-0.0002464696202992704,4.854290685513265e-06
2.960200905708553e-06,1.617460579074148,1.6175,-0.0002464695867786439,4.854290693224616e-06
2.962200905708553e-06,1.617460579067619,1.6175,-0.0002464696201530679,4.854290685529141e-06
2.964200905708553e-06,1.617460579072544,1.6175,-0.0002464695869116686,4.854290693242246e-06
2.966200905708553e-06,1.617460579066097,1.6175,-0.0002464696200334561,4.854290685535429e-06
2.968200905708553e-06,1.617460579071079,1.6175,-0.0002464695870579843,4.854290693232936e-06
2.970200905708553e-06,1.617460579064759,1.6175,-0.0002464696198872446,4.854290685562734e-06
2.972200905708554e-06,1.61746057907007,1.6175,-0.0002464695871643938,4.854290693244316e-06
2.974200905708554e-06,1.617460579064424,1.6175,-0.0002464696197409957,4.854290685576343e-06
2.976200905708554e-06,1.617460579070298,1.6175,-0.0002464695873372396,4.854290693231909e-06
2.978200905708554e-06,1.617460579065352,1.6175,-0.0002464696195946998,4.854290685565549e-06
2.980200905708554e-06,1.617460579071634,1.6175,-0.0002464695874568583,4.854290693221064e-06
2.982200905708554e-06,1.617460579066807,1.6175,-0.0002464696195015704,4.85429068557167e-06
2.984200905708554e-06,1.617460579073111,1.6175,-0.0002464695876030648,4.854290693191354e-06
2.986200905708555e-06,1.617460579068444,1.6175,-0.0002464696193685445,4.854290685568494e-06
2.988200905708555e-06,1.617460579074691,1.6175,-0.0002464695877359708,4.854290693216878e-06
2.990200905708555e-06,1.617460579069891,1.6175,-0.0002464696192222293,4.854290685581709e-06
2.992200905708555e-06,1.617460579075894,1.6175,-0.0002464695878555944,4.854290693187801e-06
2.994200905708555e-06,1.617460579071034,1.6175,-0.0002464696191025185,4.854290685621663e-06
2.996200905708555e-06,1.617460579076782,1.6175,-0.0002464695879752298,4.854290693194945e-06
2.998200905708555e-06,1.617460579071744,1.6175,-0.0002464696189695272,4.854290685586671e-06
3.000200905708556e-06,1.617460579077651,1.6175,-0.0002464695881480518,4.85429069316234e-06
3.002200905708556e-06,1.617460579073054,1.6175,-0.0002464696188498101,4.854290685580391e-06
3.004200905708556e-06,1.617460579078853,1.6175,-0.0002464695882543789,4.8542906931563e-06
3.006200905708556e-06,1.617460579073946,1.6175,-0.0002464696187301085,4.854290685598547e-06
3.008200905708556e-06,1.617460579079687,1.6175,-0.0002464695883873128,4.854290693120458e-06
3.010200905708556e-06,1.617460579074896,1.6175,-0.0002464696185838118,4.85429068559373e-06
3.012200905708557e-06,1.617460579080386,1.6175,-0.0002464695885202517,4.854290693148513e-06
3.014200905708557e-06,1.617460579075338,1.6175,-0.0002464696184774235,4.854290685638493e-06
3.016200905708557e-06,1.617460579080656,1.6175,-0.00024646958863991,4.85429069315509e-06
3.018200905708557e-06,1.617460579075508,1.6175,-0.0002464696183311558,4.854290685666364e-06
3.020200905708557e-06,1.617460579080509,1.6175,-0.0002464695887595839,4.854290693188651e-06
3.022200905708557e-06,1.617460579075192,1.6175,-0.0002464696182114993,4.854290685681369e-06
3.024200905708557e-06,1.617460579080352,1.6175,-0.000246469588905851,4.854290693135296e-06
3.026200905708558e-06,1.617460579075417,1.6175,-0.0002464696181051189,4.854290685650129e-06
3.028200905708558e-06,1.617460579080625,1.6175,-0.0002464695890122127,4.854290693108761e-06
3.030200905708558e-06,1.617460579075865,1.6175,-0.0002464696179854339,4.854290685665127e-06
3.032200905708558e-06,1.61746057908131,1.6175,-0.0002464695891318557,4.854290693115284e-06
3.034200905708558e-06,1.617460579076592,1.6175,-0.0002464696178391455,4.854290685678866e-06
3.036200905708558e-06,1.617460579081815,1.6175,-0.0002464695892382088,4.854290693104892e-06
3.038200905708559e-06,1.617460579077045,1.6175,-0.0002464696176928673,4.854290685690265e-06
3.040200905708559e-06,1.617460579082018,1.6175,-0.0002464695893711661,4.854290693124949e-06
3.042200905708559e-06,1.617460579077135,1.6175,-0.0002464696176263815,4.854290685710569e-06
3.044200905708559e-06,1.61746057908221,1.6175,-0.0002464695895041238,4.854290693126439e-06
3.046200905708559e-06,1.617460579077538,1.6175,-0.0002464696174934017,4.854290685746202e-06
3.048200905708559e-06,1.617460579082884,1.6175,-0.0002464695895971742,4.854290693103437e-06
3.050200905708559e-06,1.617460579078652,1.6175,-0.0002464696173470988,4.854290685709905e-06
3.05220090570856e-06,1.617460579084075,1.6175,-0.0002464695897566877,4.854290693082796e-06
3.05420090570856e-06,1.617460579079886,1.6175,-0.0002464696172273846,4.854290685730925e-06
3.05620090570856e-06,1.61746057908545,1.6175,-0.0002464695898763049,4.854290693051485e-06
3.05820090570856e-06,1.617460579081086,1.6175,-0.0002464696171076715,4.854290685713556e-06
3.06020090570856e-06,1.617460579086036,1.6175,-0.0002464695899693585,4.854290693037642e-06
3.06220090570856e-06,1.617460579081202,1.6175,-0.0002464696169747024,4.854290685696018e-06
3.06420090570856e-06,1.617460579085624,1.6175,-0.0002464695900890423,4.85429069300679e-06
3.066200905708561e-06,1.617460579080366,1.6175,-0.0002464696168550651,4.854290685719698e-06
3.068200905708561e-06,1.617460579084363,1.6175,-0.000246469590222054,4.854290693036102e-06
3.070200905708561e-06,1.61746057907917,1.6175,-0.0002464696167354412,4.854290685751101e-06
3.072200905708561e-06,1.617460579083529,1.6175,-0.0002464695903417534,4.854290693019345e-06
3.074200905708561e-06,1.617460579078809,1.6175,-0.0002464696166556757,4.854290685776425e-06
3.076200905708561e-06,1.617460579083535,1.6175,-0.0002464695904348286,4.854290693058241e-06
3.078200905708562e-06,1.617460579079056,1.6175,-0.0002464696165359982,4.854290685799266e-06
3.080200905708562e-06,1.617460579083721,1.6175,-0.0002464695905411936,4.85429069303676e-06
3.082200905708562e-06,1.61746057907946,1.6175,-0.0002464696164163148,4.854290685841574e-06
3.084200905708562e-06,1.617460579084448,1.6175,-0.0002464695906741313,4.854290693013421e-06
3.086200905708562e-06,1.617460579080361,1.6175,-0.0002464696163099094,4.854290685780684e-06
3.088200905708562e-06,1.617460579085235,1.6175,-0.0002464695907671775,4.854290693019125e-06
3.090200905708562e-06,1.617460579081062,1.6175,-0.0002464696161902149,4.854290685826575e-06
3.092200905708563e-06,1.617460579085761,1.6175,-0.0002464695908735298,4.854290692971993e-06
3.094200905708563e-06,1.617460579081323,1.6175,-0.0002464696160705368,4.854290685793286e-06
3.096200905708563e-06,1.617460579085554,1.6175,-0.000246469590993206,4.854290692960325e-06
3.098200905708563e-06,1.617460579080567,1.6175,-0.0002464696159774895,4.854290685802652e-06
3.100200905708563e-06,1.617460579084403,1.6175,-0.0002464695910996206,4.85429069295218e-06
3.102200905708563e-06,1.617460579079393,1.6175,-0.0002464696158844578,4.854290685838627e-06
3.104200905708563e-06,1.617460579083016,1.6175,-0.0002464695912326371,4.854290692959216e-06
3.106200905708564e-06,1.617460579077866,1.6175,-0.0002464696157648462,4.854290685818958e-06
3.108200905708564e-06,1.61746057908167,1.6175,-0.0002464695913124661,4.854290692944722e-06
3.110200905708564e-06,1.617460579076843,1.6175,-0.0002464696156186229,4.854290685858557e-06
3.112200905708564e-06,1.617460579080892,1.6175,-0.0002464695914587563,4.854290692937928e-06
3.114200905708564e-06,1.61746057907655,1.6175,-0.0002464696155255584,4.854290685860043e-06
3.116200905708564e-06,1.617460579080797,1.6175,-0.0002464695915518353,4.854290692909492e-06
3.118200905708565e-06,1.617460579076548,1.6175,-0.0002464696154457795,4.854290685848408e-06
3.120200905708565e-06,1.617460579080878,1.6175,-0.0002464695916980937,4.854290692886504e-06
3.122200905708565e-06,1.617460579076702,1.6175,-0.0002464696153261054,4.854290685865309e-06
3.124200905708565e-06,1.617460579081052,1.6175,-0.0002464695917645696,4.854290692906621e-06
3.126200905708565e-06,1.617460579076863,1.6175,-0.0002464696152197276,4.854290685889866e-06
3.128200905708565e-06,1.617460579081143,1.6175,-0.0002464695918975311,4.854290692878039e-06
3.130200905708565e-06,1.617460579077121,1.6175,-0.0002464696151266426,4.854290685884946e-06
3.132200905708566e-06,1.617460579081287,1.6175,-0.0002464695919906012,4.854290692887642e-06
3.134200905708566e-06,1.617460579076966,1.6175,-0.0002464696149936835,4.854290685899625e-06
3.136200905708566e-06,1.617460579080955,1.6175,-0.0002464695920969854,4.854290692862149e-06
3.138200905708566e-06,1.617460579076794,1.6175,-0.0002464696149139109,4.854290685909261e-06
3.140200905708566e-06,1.617460579080914,1.6175,-0.0002464695922166552,4.854290692855066e-06
3.142200905708566e-06,1.617460579077071,1.6175,-0.0002464696148208252,4.85429068589759e-06
3.144200905708566e-06,1.617460579081501,1.6175,-0.0002464695923363018,4.854290692828976e-06
3.146200905708567e-06,1.61746057907773,1.6175,-0.0002464696146878359,4.854290685945162e-06
3.148200905708567e-06,1.617460579081967,1.6175,-0.0002464695924293599,4.854290692862714e-06
3.150200905708567e-06,1.617460579078175,1.6175,-0.0002464696145947439,4.854290685960719e-06
3.152200905708567e-06,1.617460579082569,1.6175,-0.0002464695925357094,4.854290692843058e-06
3.154200905708567e-06,1.617460579079178,1.6175,-0.0002464696144750382,4.854290685995594e-06
3.156200905708567e-06,1.617460579083759,1.6175,-0.0002464695926553335,4.854290692853978e-06
3.158200905708568e-06,1.617460579080166,1.6175,-0.0002464696143819261,4.854290686015722e-06
3.160200905708568e-06,1.617460579084519,1.6175,-0.0002464695927483806,4.85429069284496e-06
3.162200905708568e-06,1.617460579081201,1.6175,-0.0002464696143021086,4.854290685965789e-06
3.164200905708568e-06,1.617460579085954,1.6175,-0.0002464695928414026,4.854290692788702e-06
3.166200905708568e-06,1.617460579082627,1.6175,-0.0002464696141823872,4.85429068600158e-06
3.168200905708568e-06,1.617460579086859,1.6175,-0.0002464695929344444,4.854290692805474e-06
3.170200905708568e-06,1.617460579083147,1.6175,-0.0002464696140892925,4.854290686017667e-06
3.172200905708569e-06,1.617460579086992,1.6175,-0.0002464695930408113,4.854290692820483e-06
3.174200905708569e-06,1.617460579082973,1.6175,-0.000246469613982927,4.854290686046011e-06
3.176200905708569e-06,1.617460579086345,1.6175,-0.0002464695931073178,4.854290692789008e-06
3.178200905708569e-06,1.617460579081787,1.6175,-0.0002464696138898958,4.854290686026175e-06
3.180200905708569e-06,1.617460579084549,1.6175,-0.0002464695932137566,4.854290692761649e-06
3.182200905708569e-06,1.617460579079389,1.6175,-0.000246469613783613,4.854290686045086e-06
3.184200905708569e-06,1.617460579081511,1.6175,-0.0002464695933069449,4.854290692761373e-06
3.18620090570857e-06,1.617460579075828,1.6175,-0.0002464696136640772,4.854290686061772e-06
3.18820090570857e-06,1.617460579077531,1.6175,-0.0002464695933868719,4.854290692776453e-06
3.19020090570857e-06,1.61746057907171,1.6175,-0.0002464696135711549,4.854290686095128e-06
3.19220090570857e-06,1.61746057907333,1.6175,-0.0002464695934801036,4.85429069275195e-06
3.19420090570857e-06,1.617460579067707,1.6175,-0.0002464696134516354,4.854290686066028e-06
3.19620090570857e-06,1.617460579069761,1.6175,-0.0002464695935600153,4.854290692723203e-06
3.198200905708571e-06,1.617460579064664,1.6175,-0.0002464696133453768,4.854290686090337e-06
3.200200905708571e-06,1.617460579067173,1.6175,-0.0002464695936664834,4.85429069275246e-06
3.202200905708571e-06,1.617460579062495,1.6175,-0.0002464696132523821,4.854290686117854e-06
3.204200905708571e-06,1.617460579065385,1.6175,-0.0002464695937729219,4.854290692715485e-06
3.206200905708571e-06,1.617460579061121,1.6175,-0.0002464696131859508,4.854290686099464e-06
3.208200905708571e-06,1.617460579064083,1.6175,-0.0002464695938793422,4.854290692682033e-06
3.210200905708571e-06,1.617460579059859,1.6175,-0.0002464696131062188,4.854290686120392e-06
3.212200905708572e-06,1.617460579063016,1.6175,-0.0002464695939591608,4.854290692654516e-06
3.214200905708572e-06,1.617460579059192,1.6175,-0.0002464696129865752,4.854290686075755e-06
3.216200905708572e-06,1.617460579062401,1.6175,-0.0002464695940389626,4.854290692641166e-06
3.218200905708572e-06,1.617460579058458,1.6175,-0.0002464696128802306,4.854290686123995e-06
3.220200905708572e-06,1.617460579061708,1.6175,-0.0002464695941453603,4.854290692667004e-06
3.222200905708572e-06,1.617460579057879,1.6175,-0.0002464696128137697,4.854290686158812e-06
3.224200905708572e-06,1.617460579060857,1.6175,-0.0002464695942650603,4.854290692639026e-06
3.226200905708573e-06,1.617460579056599,1.6175,-0.0002464696127074455,4.854290686133782e-06
3.228200905708573e-06,1.617460579059435,1.6175,-0.0002464695943581886,4.854290692629364e-06
3.230200905708573e-06,1.617460579055451,1.6175,-0.0002464696126277092,4.854290686187138e-06
3.232200905708573e-06,1.617460579058527,1.6175,-0.0002464695944380013,4.854290692650138e-06
3.234200905708573e-06,1.617460579054701,1.6175,-0.0002464696125479582,4.854290686179768e-06
3.236200905708573e-06,1.617460579057695,1.6175,-0.0002464695945311076,4.854290692631532e-06
3.238200905708574e-06,1.617460579053892,1.6175,-0.0002464696124416164,4.854290686227438e-06
3.240200905708574e-06,1.617460579057026,1.6175,-0.0002464695946242079,4.854290692654409e-06
3.242200905708574e-06,1.617460579053565,1.6175,-0.0002464696123751461,4.854290686255948e-06
3.244200905708574e-06,1.61746057905687,1.6175,-0.0002464695947172891,4.854290692637626e-06
3.246200905708574e-06,1.61746057905348,1.6175,-0.0002464696122687774,4.854290686253878e-06
3.248200905708574e-06,1.61746057905687,1.6175,-0.0002464695947837716,4.85429069261339e-06
3.250200905708574e-06,1.617460579053639,1.6175,-0.0002464696121756961,4.854290686238017e-06
3.252200905708575e-06,1.617460579057276,1.6175,-0.0002464695948901283,4.854290692582028e-06
3.254200905708575e-06,1.617460579054333,1.6175,-0.0002464696120825949,4.85429068622799e-06
3.256200905708575e-06,1.617460579057937,1.6175,-0.0002464695949432898,4.854290692548852e-06
3.258200905708575e-06,1.617460579054882,1.6175,-0.0002464696120027955,4.854290686231217e-06
3.260200905708575e-06,1.617460579058356,1.6175,-0.000246469595076239,4.854290692543577e-06
3.262200905708575e-06,1.617460579055347,1.6175,-0.0002464696119229993,4.854290686257317e-06
3.264200905708575e-06,1.617460579058902,1.6175,-0.0002464695951294047,4.85429069254813e-06
3.266200905708576e-06,1.617460579056022,1.6175,-0.0002464696118298988,4.854290686281409e-06
3.268200905708576e-06,1.61746057905969,1.6175,-0.0002464695952091542,4.854290692534584e-06
3.270200905708576e-06,1.617460579056759,1.6175,-0.0002464696117633889,4.854290686288259e-06
3.272200905708576e-06,1.61746057906024,1.6175,-0.0002464695953420987,4.854290692536484e-06
3.274200905708576e-06,1.617460579057281,1.6175,-0.0002464696116835906,4.854290686306026e-06
3.276200905708576e-06,1.61746057906071,1.6175,-0.0002464695954218601,4.854290692535584e-06
3.278200905708577e-06,1.617460579057818,1.6175,-0.0002464696115904952,4.854290686313783e-06
3.280200905708577e-06,1.617460579061281,1.6175,-0.0002464695954750247,4.854290692497407e-06
3.282200905708577e-06,1.617460579058255,1.6175,-0.0002464696114841071,4.854290686320398e-06
3.284200905708577e-06,1.617460579061361,1.6175,-0.0002464695955680972,4.854290692501581e-06
3.286200905708577e-06,1.617460579057997,1.6175,-0.0002464696114176342,4.854290686342939e-06
3.288200905708577e-06,1.6174605790607,1.6175,-0.0002464695956479007,4.854290692478084e-06
3.290200905708577e-06,1.617460579057027,1.6175,-0.0002464696113245949,4.854290686328135e-06
3.292200905708578e-06,1.617460579059402,1.6175,-0.000246469595727728,4.854290692455259e-06
3.294200905708578e-06,1.617460579055401,1.6175,-0.0002464696112714695,4.854290686479619e-06
3.296200905708578e-06,1.617460579057443,1.6175,-0.0002464695958341727,4.854290692643827e-06
3.298200905708578e-06,1.617460579053335,1.6175,-0.0002464696111784709,4.85429068657482e-06
3.300200905708578e-06,1.617460579055429,1.6175,-0.000246469595927323,4.854290692677181e-06
3.302200905708578e-06,1.617460579051612,1.6175,-0.0002464696110854596,4.854290686598343e-06
3.304200905708578e-06,1.617460579054063,1.6175,-0.0002464695959672633,4.854290692656187e-06
3.306200905708579e-06,1.617460579050476,1.6175,-0.000246469611005723,4.854290686636816e-06
3.308200905708579e-06,1.61746057905314,1.6175,-0.0002464695960736695,4.85429069270113e-06
3.310200905708579e-06,1.617460579050202,1.6175,-0.0002464696109392507,4.85429068665695e-06
3.312200905708579e-06,1.617460579053505,1.6175,-0.0002464695961534348,4.854290692674243e-06
3.314200905708579e-06,1.61746057905104,1.6175,-0.0002464696108461441,4.854290686704467e-06
3.316200905708579e-06,1.617460579054572,1.6175,-0.0002464695962464706,4.854290692704342e-06
3.31820090570858e-06,1.61746057905224,1.6175,-0.0002464696107796171,4.85429068672086e-06
3.32020090570858e-06,1.617460579055897,1.6175,-0.0002464695963394967,4.854290692692312e-06
3.32220090570858e-06,1.617460579053816,1.6175,-0.000246469610686483,4.854290686686957e-06
3.32420090570858e-06,1.617460579057815,1.6175,-0.0002464695964059078,4.854290692586055e-06
3.32620090570858e-06,1.617460579056148,1.6175,-0.0002464696106199139,4.854290686659124e-06
3.32820090570858e-06,1.617460579060344,1.6175,-0.0002464695964589997,4.854290692626343e-06
3.33020090570858e-06,1.617460579058503,1.6175,-0.0002464696105666403,4.854290686732804e-06
3.332200905708581e-06,1.617460579062313,1.6175,-0.0002464695965520018,4.854290692655378e-06
3.334200905708581e-06,1.617460579060224,1.6175,-0.0002464696104602043,4.854290686770923e-06
3.336200905708581e-06,1.617460579063828,1.6175,-0.0002464695966317244,4.854290692635983e-06
3.338200905708581e-06,1.617460579061587,1.6175,-0.0002464696104069677,4.854290686739054e-06
3.340200905708581e-06,1.617460579064854,1.6175,-0.0002464695967247616,4.854290692607281e-06
3.342200905708581e-06,1.617460579062522,1.6175,-0.000246469610300561,4.854290686768089e-06
3.344200905708581e-06,1.617460579065807,1.6175,-0.0002464695967779121,4.854290692566508e-06
3.346200905708582e-06,1.617460579063106,1.6175,-0.0002464696102340568,4.854290686724337e-06
3.348200905708582e-06,1.617460579065691,1.6175,-0.0002464695968709918,4.854290692550772e-06
3.350200905708582e-06,1.617460579062283,1.6175,-0.0002464696101676051,4.85429068673501e-06
3.352200905708582e-06,1.617460579064185,1.6175,-0.0002464695969242338,4.854290692511681e-06
3.354200905708582e-06,1.617460579060361,1.6175,-0.0002464696100878976,4.854290686715583e-06
3.356200905708582e-06,1.617460579061819,1.6175,-0.0002464695970041007,4.854290692480103e-06
3.358200905708583e-06,1.617460579057499,1.6175,-0.0002464696099949287,4.854290686734289e-06
3.360200905708583e-06,1.61746057905848,1.6175,-0.0002464695970707074,4.85429069251043e-06
3.362200905708583e-06,1.617460579053948,1.6175,-0.0002464696099551714,4.854290686773038e-06
3.364200905708583e-06,1.617460579054788,1.6175,-0.0002464695971639201,4.854290692477226e-06
3.366200905708583e-06,1.617460579050197,1.6175,-0.000246469609848939,4.854290686741356e-06
3.368200905708583e-06,1.617460579051147,1.6175,-0.0002464695972172415,4.854290692452144e-06
3.370200905708583e-06,1.617460579046813,1.6175,-0.000246469609769286,4.854290686763955e-06
3.372200905708584e-06,1.617460579047956,1.6175,-0.0002464695972838426,4.854290692467701e-06
3.374200905708584e-06,1.61746057904393,1.6175,-0.0002464696097428002,4.854290686794803e-06
3.376200905708584e-06,1.617460579045208,1.6175,-0.0002464695973770202,4.854290692437779e-06
3.378200905708584e-06,1.617460579041356,1.6175,-0.0002464696096631171,4.85429068681436e-06
3.380200905708584e-06,1.617460579043148,1.6175,-0.0002464695974169864,4.854290692477729e-06
3.382200905708584e-06,1.617460579039875,1.6175,-0.0002464696095700967,4.854290686867769e-06
3.384200905708584e-06,1.617460579041997,1.6175,-0.0002464695975101046,4.854290692460029e-06
3.386200905708585e-06,1.617460579039022,1.6175,-0.0002464696094903495,4.854290686833058e-06
3.388200905708585e-06,1.617460579041492,1.6175,-0.0002464695975766058,4.854290692444377e-06
3.390200905708585e-06,1.617460579038853,1.6175,-0.0002464696093972804,4.854290686861714e-06
3.392200905708585e-06,1.617460579041474,1.6175,-0.0002464695976563854,4.854290692387085e-06
3.394200905708585e-06,1.617460579038964,1.6175,-0.0002464696093573868,4.854290686821134e-06
3.396200905708585e-06,1.617460579041566,1.6175,-0.0002464695977361609,4.854290692377772e-06
3.398200905708586e-06,1.617460579039005,1.6175,-0.0002464696092510134,4.854290686832864e-06
3.400200905708586e-06,1.617460579041463,1.6175,-0.0002464695977893506,4.854290692365184e-06
3.402200905708586e-06,1.617460579038841,1.6175,-0.0002464696091978335,4.854290686874218e-06
3.404200905708586e-06,1.6174605790416,1.6175,-0.0002464695978425315,4.854290692363644e-06
3.406200905708586e-06,1.617460579039298,1.6175,-0.0002464696091579271,4.854290686861639e-06
3.408200905708586e-06,1.617460579041762,1.6175,-0.0002464695979356009,4.854290692354874e-06
3.410200905708586e-06,1.617460579039073,1.6175,-0.000246469609091453,4.854290686887367e-06
3.412200905708587e-06,1.617460579041239,1.6175,-0.0002464695979888063,4.854290692346954e-06
3.414200905708587e-06,1.617460579038429,1.6175,-0.0002464696090249946,4.854290686893551e-06
3.416200905708587e-06,1.617460579040586,1.6175,-0.0002464695980952025,4.854290692346804e-06
3.418200905708587e-06,1.617460579037672,1.6175,-0.0002464696089452438,4.854290686930776e-06
3.420200905708587e-06,1.617460579039813,1.6175,-0.0002464695981484171,4.854290692349298e-06
3.422200905708587e-06,1.617460579037061,1.6175,-0.0002464696088654876,4.854290686940347e-06
3.424200905708588e-06,1.617460579039098,1.6175,-0.0002464695981883332,4.854290692319331e-06
3.426200905708588e-06,1.617460579036181,1.6175,-0.0002464696087857414,4.85429068697387e-06
3.428200905708588e-06,1.617460579038086,1.6175,-0.0002464695982681498,4.854290692363341e-06
3.430200905708588e-06,1.617460579035307,1.6175,-0.000246469608732588,4.854290686983491e-06
3.432200905708588e-06,1.617460579037574,1.6175,-0.0002464695983213547,4.854290692303162e-06
3.434200905708588e-06,1.617460579034993,1.6175,-0.0002464696086395243,4.854290686962631e-06
3.436200905708588e-06,1.617460579037125,1.6175,-0.0002464695984011503,4.854290692307095e-06
3.438200905708589e-06,1.617460579034521,1.6175,-0.0002464696086262454,4.854290686984245e-06
3.440200905708589e-06,1.617460579036627,1.6175,-0.0002464695984676513,4.85429069226893e-06
3.442200905708589e-06,1.617460579033915,1.6175,-0.000246469608546489,4.854290686963442e-06
3.444200905708589e-06,1.617460579035957,1.6175,-0.0002464695985075657,4.854290692241967e-06
3.446200905708589e-06,1.617460579033149,1.6175,-0.000246469608453442,4.854290686973517e-06
3.448200905708589e-06,1.617460579035019,1.6175,-0.000246469598600676,4.854290692227024e-06
3.450200905708589e-06,1.61746057903214,1.6175,-0.0002464696084268866,4.85429068700528e-06
3.45220090570859e-06,1.617460579033873,1.6175,-0.0002464695986539046,4.854290692240062e-06
3.45420090570859e-06,1.617460579031022,1.6175,-0.0002464696083338528,4.854290687014091e-06
3.45620090570859e-06,1.61746057903291,1.6175,-0.0002464695987204229,4.854290692230368e-06
3.45820090570859e-06,1.617460579030117,1.6175,-0.0002464696082807005,4.8542906870194e-06
3.46020090570859e-06,1.617460579032052,1.6175,-0.0002464695988135301,4.854290692228212e-06
3.46220090570859e-06,1.617460579029612,1.6175,-0.0002464696082142369,4.854290687016231e-06
3.464200905708591e-06,1.617460579031584,1.6175,-0.0002464695988401406,4.854290692182606e-06
3.466200905708591e-06,1.617460579029041,1.6175,-0.0002464696081344792,4.854290687066695e-06
3.468200905708591e-06,1.617460579031065,1.6175,-0.0002464695989066424,4.854290692224088e-06
3.470200905708591e-06,1.61746057902852,1.6175,-0.0002464696080946091,4.854290687085982e-06
3.472200905708591e-06,1.617460579030506,1.6175,-0.000246469598959849,4.854290692212245e-06
3.474200905708591e-06,1.617460579028124,1.6175,-0.0002464696080281414,4.854290687115734e-06
3.476200905708591e-06,1.617460579030312,1.6175,-0.0002464695990396352,4.854290692218041e-06
3.478200905708592e-06,1.617460579027942,1.6175,-0.0002464696079616658,4.85429068707046e-06
3.480200905708592e-06,1.617460579030027,1.6175,-0.0002464695991194247,4.854290692118964e-06
3.482200905708592e-06,1.617460579027781,1.6175,-0.0002464696079084858,4.854290687046079e-06
3.484200905708592e-06,1.617460579029899,1.6175,-0.0002464695991859119,4.854290692140632e-06
3.486200905708592e-06,1.617460579027464,1.6175,-0.0002464696078154222,4.854290687133978e-06
3.488200905708592e-06,1.617460579029288,1.6175,-0.000246469599225824,4.854290692175303e-06
3.490200905708592e-06,1.617460579026748,1.6175,-0.0002464696077622629,4.854290687128741e-06
3.492200905708593e-06,1.617460579028457,1.6175,-0.0002464695993056339,4.854290692162938e-06
3.494200905708593e-06,1.617460579025926,1.6175,-0.000246469607695811,4.854290687137695e-06
3.496200905708593e-06,1.617460579027831,1.6175,-0.0002464695993721396,4.854290692116433e-06
3.498200905708593e-06,1.617460579025527,1.6175,-0.00024646960764264,4.854290687142988e-06
3.500200905708593e-06,1.617460579027541,1.6175,-0.0002464695994386328,4.854290692117165e-06
3.502200905708593e-06,1.617460579025206,1.6175,-0.0002464696076027623,4.854290687159251e-06
3.504200905708594e-06,1.617460579027133,1.6175,-0.000246469599491834,4.854290692125191e-06
3.506200905708594e-06,1.617460579024828,1.6175,-0.0002464696075495906,4.854290687183422e-06
3.508200905708594e-06,1.617460579026778,1.6175,-0.0002464695995583296,4.854290692094839e-06
3.510200905708594e-06,1.617460579024602,1.6175,-0.00024646960746982,4.854290687191802e-06
3.512200905708594e-06,1.617460579026746,1.6175,-0.0002464695996115167,4.85429069213904e-06
3.514200905708594e-06,1.617460579025019,1.6175,-0.0002464696074166186,4.85429068724244e-06
3.516200905708594e-06,1.617460579027808,1.6175,-0.0002464695996779597,4.854290692106696e-06
3.518200905708595e-06,1.617460579026711,1.6175,-0.0002464696073633697,4.854290687221585e-06
3.520200905708595e-06,1.61746057902999,1.6175,-0.0002464695997310644,4.854290692085823e-06
3.522200905708595e-06,1.617460579029585,1.6175,-0.0002464696072967803,4.854290687209116e-06
3.524200905708595e-06,1.617460579033775,1.6175,-0.0002464695997708131,4.854290692049147e-06
3.526200905708595e-06,1.617460579034264,1.6175,-0.0002464696072833097,4.854290687244914e-06
3.528200905708595e-06,1.617460579039138,1.6175,-0.000246469599863689,4.854290692083151e-06
3.530200905708595e-06,1.617460579040198,1.6175,-0.0002464696072033101,4.854290687265237e-06
3.532200905708596e-06,1.617460579045717,1.6175,-0.0002464695999299267,4.854290692063954e-06
3.534200905708596e-06,1.617460579047459,1.6175,-0.0002464696071498541,4.854290687268403e-06
3.536200905708596e-06,1.617460579053435,1.6175,-0.000246469599996122,4.854290692030579e-06
3.538200905708596e-06,1.617460579055439,1.6175,-0.0002464696070830748,4.854290687257321e-06
3.540200905708596e-06,1.617460579061441,1.6175,-0.0002464696000357137,4.854290692001952e-06
3.542200905708596e-06,1.61746057906332,1.6175,-0.0002464696070162992,4.854290687241111e-06
3.544200905708597e-06,1.61746057906886,1.6175,-0.0002464696000753272,4.854290691976415e-06
3.546200905708597e-06,1.617460579070192,1.6175,-0.0002464696069894506,4.854290687243637e-06
3.548200905708597e-06,1.617460579075174,1.6175,-0.0002464696001681677,4.854290691983304e-06
3.550200905708597e-06,1.617460579075903,1.6175,-0.0002464696069227557,4.854290687303018e-06
3.552200905708597e-06,1.617460579080114,1.6175,-0.0002464696002211699,4.854290691976491e-06
3.554200905708597e-06,1.617460579080036,1.6175,-0.0002464696068694161,4.854290687263865e-06
3.556200905708597e-06,1.617460579083525,1.6175,-0.0002464696002609325,4.854290691970133e-06
3.558200905708598e-06,1.617460579082875,1.6175,-0.000246469606829421,4.854290687331807e-06
3.560200905708598e-06,1.617460579085774,1.6175,-0.0002464696003273312,4.854290691970577e-06
3.562200905708598e-06,1.617460579084499,1.6175,-0.0002464696067495816,4.854290687334313e-06
3.564200905708598e-06,1.617460579086636,1.6175,-0.0002464696003804851,4.854290691968226e-06
3.566200905708598e-06,1.6174605790845,1.6175,-0.0002464696066830992,4.854290687351102e-06
3.568200905708598e-06,1.617460579085842,1.6175,-0.0002464696004204041,4.854290691951676e-06
3.570200905708598e-06,1.617460579082974,1.6175,-0.0002464696066432665,4.85429068733669e-06
3.572200905708599e-06,1.617460579083579,1.6175,-0.0002464696004736742,4.854290691925086e-06
3.574200905708599e-06,1.617460579080261,1.6175,-0.0002464696065635884,4.854290687329764e-06
3.576200905708599e-06,1.617460579080536,1.6175,-0.0002464696005269734,4.854290691918147e-06
3.578200905708599e-06,1.617460579076927,1.6175,-0.0002464696065238231,4.854290687371596e-06
3.580200905708599e-06,1.617460579077008,1.6175,-0.000246469600593587,4.854290691900185e-06
3.582200905708599e-06,1.617460579073172,1.6175,-0.0002464696064707768,4.854290687335622e-06
3.5842009057086e-06,1.6174605790729,1.6175,-0.0002464696006203328,4.854290691854202e-06
3.5862009057086e-06,1.617460579069014,1.6175,-0.000246469606404449,4.854290687359096e-06
3.5882009057086e-06,1.617460579068823,1.6175,-0.0002464696006736704,4.854290691888159e-06
3.5902009057086e-06,1.617460579065094,1.6175,-0.0002464696063514088,4.854290687381168e-06
3.5922009057086e-06,1.617460579065102,1.6175,-0.0002464696007269948,4.85429069186426e-06
3.5942009057086e-06,1.617460579061429,1.6175,-0.0002464696063116558,4.854290687426424e-06
3.5962009057086e-06,1.617460579061535,1.6175,-0.0002464696007803134,4.854290691903044e-06
3.598200905708601e-06,1.617460579057991,1.6175,-0.0002464696062585977,4.854290687439759e-06
3.600200905708601e-06,1.617460579058107,1.6175,-0.0002464696008336269,4.854290691896123e-06
3.602200905708601e-06,1.617460579054755,1.6175,-0.0002464696061922357,4.854290687482854e-06
3.604200905708601e-06,1.617460579055274,1.6175,-0.0002464696008736217,4.854290691898995e-06
3.606200905708601e-06,1.617460579052531,1.6175,-0.0002464696061524289,4.854290687439231e-06
3.608200905708601e-06,1.617460579053513,1.6175,-0.0002464696009401697,4.854290691835516e-06
3.610200905708601e-06,1.617460579051233,1.6175,-0.0002464696061258842,4.854290687482261e-06
3.612200905708602e-06,1.617460579052692,1.6175,-0.0002464696009933862,4.854290691858556e-06
3.614200905708602e-06,1.617460579050744,1.6175,-0.0002464696060461235,4.854290687492439e-06
3.616200905708602e-06,1.617460579052488,1.6175,-0.0002464696010199867,4.854290691854121e-06
3.618200905708602e-06,1.617460579050914,1.6175,-0.0002464696060062277,4.85429068748013e-06
3.620200905708602e-06,1.617460579053015,1.6175,-0.0002464696010598566,4.854290691825132e-06
3.622200905708602e-06,1.617460579051778,1.6175,-0.0002464696059530096,4.854290687485388e-06
3.624200905708603e-06,1.617460579053919,1.6175,-0.0002464696010997124,4.854290691814579e-06
3.626200905708603e-06,1.617460579052576,1.6175,-0.0002464696059263869,4.854290687516574e-06
3.628200905708603e-06,1.617460579054748,1.6175,-0.000246469601166164,4.854290691819069e-06
3.630200905708603e-06,1.61746057905348,1.6175,-0.0002464696058332779,4.854290687545636e-06
3.632200905708603e-06,1.617460579055604,1.6175,-0.0002464696011927251,4.854290691830976e-06
3.634200905708603e-06,1.617460579054091,1.6175,-0.0002464696058066623,4.854290687570465e-06
3.636200905708603e-06,1.617460579055696,1.6175,-0.0002464696012592042,4.85429069184527e-06
3.638200905708604e-06,1.617460579053729,1.6175,-0.0002464696057401933,4.854290687595881e-06
3.640200905708604e-06,1.617460579054969,1.6175,-0.0002464696012991207,4.8542906918212e-06
3.642200905708604e-06,1.61746057905274,1.6175,-0.0002464696057003406,4.854290687559764e-06
3.644200905708604e-06,1.617460579053679,1.6175,-0.0002464696013523546,4.854290691797417e-06
3.646200905708604e-06,1.617460579051211,1.6175,-0.0002464696056738045,4.854290687591376e-06
3.648200905708604e-06,1.617460579052058,1.6175,-0.0002464696014056009,4.854290691771825e-06
3.650200905708604e-06,1.61746057904953,1.6175,-0.0002464696055940881,4.854290687556768e-06
3.652200905708605e-06,1.61746057905021,1.6175,-0.0002464696014455591,4.854290691715031e-06
3.654200905708605e-06,1.617460579047516,1.6175,-0.0002464696055542736,4.854290687582318e-06
3.656200905708605e-06,1.617460579048162,1.6175,-0.0002464696015121176,4.854290691761022e-06
3.658200905708605e-06,1.617460579045371,1.6175,-0.0002464696055011675,4.854290687581409e-06
3.660200905708605e-06,1.617460579045608,1.6175,-0.0002464696015653986,4.854290691701014e-06
3.662200905708605e-06,1.61746057904256,1.6175,-0.0002464696054613825,4.854290687566756e-06
3.664200905708606e-06,1.617460579042715,1.6175,-0.0002464696016053957,4.854290691701821e-06
3.666200905708606e-06,1.617460579039695,1.6175,-0.0002464696054083032,4.854290687586381e-06
3.668200905708606e-06,1.617460579039932,1.6175,-0.0002464696016453886,4.85429069166858e-06
3.670200905708606e-06,1.617460579037033,1.6175,-0.0002464696053685127,4.854290687587959e-06
3.672200905708606e-06,1.617460579037461,1.6175,-0.0002464696017119631,4.854290691681998e-06
3.674200905708606e-06,1.617460579034872,1.6175,-0.0002464696053154071,4.854290687636028e-06
3.676200905708606e-06,1.617460579035566,1.6175,-0.0002464696017785159,4.854290691692288e-06
3.678200905708607e-06,1.617460579033191,1.6175,-0.0002464696052755802,4.85429068762655e-06
3.680200905708607e-06,1.617460579033976,1.6175,-0.0002464696018051681,4.854290691679418e-06
3.682200905708607e-06,1.617460579031541,1.6175,-0.0002464696052224557,4.854290687629208e-06
3.684200905708607e-06,1.617460579032338,1.6175,-0.0002464696018451185,4.854290691512238e-06
3.686200905708607e-06,1.617460579030101,1.6175,-0.0002464696051826198,4.854290687465923e-06
3.688200905708607e-06,1.617460579030969,1.6175,-0.0002464696018717624,4.854290691450722e-06
3.690200905708607e-06,1.617460579028765,1.6175,-0.0002464696051294836,4.854290687459861e-06
3.692200905708608e-06,1.617460579029588,1.6175,-0.0002464696019382962,4.854290691417398e-06
3.694200905708608e-06,1.61746057902719,1.6175,-0.0002464696051029492,4.854290687404064e-06
3.696200905708608e-06,1.61746057902773,1.6175,-0.0002464696019516618,4.854290691383147e-06
3.698200905708608e-06,1.617460579025059,1.6175,-0.0002464696050631389,4.854290687433652e-06
3.700200905708608e-06,1.617460579025374,1.6175,-0.0002464696020049354,4.8542906913406e-06
3.702200905708608e-06,1.617460579022562,1.6175,-0.0002464696049967494,4.854290687394407e-06
3.704200905708609e-06,1.61746057902285,1.6175,-0.0002464696020316222,4.854290691322921e-06
3.706200905708609e-06,1.617460579020453,1.6175,-0.000246469604970235,4.854290687400664e-06
3.708200905708609e-06,1.617460579021355,1.6175,-0.0002464696020715673,4.854290691287556e-06
3.710200905708609e-06,1.617460579019546,1.6175,-0.0002464696049037862,4.854290687401455e-06
3.712200905708609e-06,1.617460579020836,1.6175,-0.0002464696021247725,4.854290691329707e-06
3.714200905708609e-06,1.617460579019123,1.6175,-0.000246469604877209,4.854290687457184e-06
3.716200905708609e-06,1.617460579020427,1.6175,-0.0002464696021779737,4.854290691299609e-06
3.71820090570861e-06,1.617460579018793,1.6175,-0.0002464696048240353,4.854290687456568e-06
3.72020090570861e-06,1.61746057902016,1.6175,-0.0002464696022178731,4.854290691318872e-06
3.72220090570861e-06,1.617460579018777,1.6175,-0.0002464696047841464,4.854290687468384e-06
3.72420090570861e-06,1.61746057902048,1.6175,-0.0002464696022710471,4.85429069129721e-06
3.72620090570861e-06,1.617460579019242,1.6175,-0.0002464696047176468,4.85429068747798e-06
3.72820090570861e-06,1.617460579021008,1.6175,-0.000246469602284324,4.854290691287713e-06
3.73020090570861e-06,1.617460579019878,1.6175,-0.0002464696046910301,4.854290687506176e-06
3.732200905708611e-06,1.617460579021554,1.6175,-0.0002464696023640826,4.854290691276209e-06
3.734200905708611e-06,1.617460579020137,1.6175,-0.000246469604651131,4.854290687490097e-06
3.736200905708611e-06,1.617460579021508,1.6175,-0.0002464696023773808,4.854290691267799e-06
3.738200905708611e-06,1.617460579020055,1.6175,-0.000246469604624541,4.854290687510501e-06
3.740200905708611e-06,1.617460579021409,1.6175,-0.0002464696024305704,4.854290691298102e-06
3.742200905708611e-06,1.617460579019902,1.6175,-0.0002464696045713608,4.854290687571098e-06
3.744200905708612e-06,1.617460579021266,1.6175,-0.0002464696024571687,4.854290691301189e-06
3.746200905708612e-06,1.617460579019825,1.6175,-0.0002464696045314742,4.854290687581104e-06
3.748200905708612e-06,1.617460579021212,1.6175,-0.0002464696025369497,4.854290691286934e-06
3.750200905708612e-06,1.61746057901989,1.6175,-0.0002464696044915823,4.854290687557408e-06
3.752200905708612e-06,1.617460579021476,1.6175,-0.0002464696025635327,4.854290691237667e-06
3.754200905708612e-06,1.617460579020252,1.6175,-0.0002464696044516794,4.854290687549298e-06
3.756200905708612e-06,1.617460579021723,1.6175,-0.0002464696026034131,4.854290691230983e-06
3.758200905708613e-06,1.617460579020496,1.6175,-0.0002464696043984844,4.854290687566438e-06
3.760200905708613e-06,1.617460579022183,1.6175,-0.0002464696026565818,4.854290691238583e-06
3.762200905708613e-06,1.617460579021098,1.6175,-0.000246469604371869,4.854290687595893e-06
3.764200905708613e-06,1.617460579022593,1.6175,-0.0002464696026964561,4.85429069124856e-06
3.766200905708613e-06,1.617460579021281,1.6175,-0.0002464696043319728,4.854290687585489e-06
3.768200905708613e-06,1.617460579022812,1.6175,-0.0002464696027230409,4.854290691183504e-06
3.770200905708613e-06,1.617460579021595,1.6175,-0.0002464696042787751,4.854290687590847e-06
3.772200905708614e-06,1.61746057902301,1.6175,-0.0002464696027496265,4.854290691221726e-06
3.774200905708614e-06,1.617460579021744,1.6175,-0.0002464696042521766,4.854290687632572e-06
3.776200905708614e-06,1.617460579023336,1.6175,-0.0002464696028028004,4.85429069119985e-06
3.778200905708614e-06,1.617460579022281,1.6175,-0.0002464696041989707,4.854290687600249e-06
3.780200905708614e-06,1.617460579023933,1.6175,-0.0002464696028293711,4.854290691181698e-06
3.782200905708614e-06,1.617460579022978,1.6175,-0.0002464696041457588,4.854290687624152e-06
3.784200905708615e-06,1.617460579024656,1.6175,-0.0002464696028825302,4.854290691177641e-06
3.786200905708615e-06,1.617460579023622,1.6175,-0.0002464696041457349,4.854290687628991e-06
3.788200905708615e-06,1.617460579025402,1.6175,-0.0002464696029356884,4.854290691152625e-06
3.790200905708615e-06,1.617460579024587,1.6175,-0.000246469604092513,4.854290687657427e-06
3.792200905708615e-06,1.617460579026222,1.6175,-0.0002464696029622508,4.854290691159659e-06
3.794200905708615e-06,1.617460579025328,1.6175,-0.0002464696040392995,4.854290687627873e-06
3.796200905708615e-06,1.617460579026977,1.6175,-0.0002464696030021122,4.854290691125172e-06
3.798200905708616e-06,1.61746057902589,1.6175,-0.0002464696040126856,4.854290687624722e-06
3.800200905708616e-06,1.617460579027341,1.6175,-0.0002464696030685811,4.854290691103458e-06
3.802200905708616e-06,1.617460579026037,1.6175,-0.0002464696039594942,4.854290687659366e-06
3.804200905708616e-06,1.617460579027393,1.6175,-0.0002464696030818756,4.854290691118201e-06
3.806200905708616e-06,1.617460579026218,1.6175,-0.000246469603946191,4.854290687674133e-06
3.808200905708616e-06,1.617460579027724,1.6175,-0.0002464696031217528,4.854290691136987e-06
3.810200905708617e-06,1.617460579027108,1.6175,-0.0002464696039195649,4.854290687703386e-06
3.812200905708617e-06,1.617460579029663,1.6175,-0.0002464696031615701,4.854290691108893e-06
3.814200905708617e-06,1.617460579030278,1.6175,-0.000246469603892854,4.854290687691574e-06
3.816200905708617e-06,1.617460579033867,1.6175,-0.0002464696032145997,4.854290691091693e-06
3.818200905708617e-06,1.617460579035247,1.6175,-0.0002464696038527797,4.854290687679661e-06
3.820200905708617e-06,1.617460579039256,1.6175,-0.0002464696032675852,4.854290691066502e-06
3.822200905708617e-06,1.617460579040899,1.6175,-0.0002464696038259765,4.854290687703763e-06
3.824200905708618e-06,1.6174605790452,1.6175,-0.000246469603293957,4.854290691076319e-06
3.826200905708618e-06,1.6174605790471,1.6175,-0.0002464696037858564,4.854290687715645e-06
3.828200905708618e-06,1.617460579051532,1.6175,-0.0002464696033203145,4.854290691095441e-06
3.830200905708618e-06,1.617460579053672,1.6175,-0.0002464696037457224,4.854290687748553e-06
3.832200905708618e-06,1.617460579058364,1.6175,-0.0002464696033599498,4.854290691089542e-06
3.834200905708618e-06,1.617460579060515,1.6175,-0.0002464696037188749,4.854290687787771e-06
3.836200905708618e-06,1.617460579064924,1.6175,-0.0002464696034128917,4.854290691100024e-06
3.838200905708619e-06,1.617460579066691,1.6175,-0.0002464696036920522,4.85429068777417e-06
3.840200905708619e-06,1.617460579070871,1.6175,-0.000246469603425967,4.854290691060197e-06
3.842200905708619e-06,1.617460579072473,1.6175,-0.0002464696036253547,4.854290687758844e-06
3.844200905708619e-06,1.617460579076161,1.6175,-0.0002464696034656596,4.854290691035436e-06
3.846200905708619e-06,1.617460579077119,1.6175,-0.0002464696035852923,4.85429068776611e-06
3.848200905708619e-06,1.617460579080092,1.6175,-0.0002464696035054029,4.854290691040953e-06
3.85020090570862e-06,1.617460579080196,1.6175,-0.0002464696035718815,4.854290687790577e-06
3.85220090570862e-06,1.617460579082443,1.6175,-0.0002464696035452049,4.854290691049704e-06
3.85420090570862e-06,1.617460579082179,1.6175,-0.0002464696035186217,4.854290687820197e-06
3.85620090570862e-06,1.617460579084113,1.6175,-0.0002464696035717357,4.854290691070475e-06
3.85820090570862e-06,1.617460579083485,1.6175,-0.0002464696035052767,4.85429068784538e-06
3.86020090570862e-06,1.617460579085009,1.6175,-0.0002464696036115918,4.854290691048975e-06
3.86220090570862e-06,1.61746057908384,1.6175,-0.000246469603465374,4.854290687805018e-06
3.864200905708621e-06,1.61746057908472,1.6175,-0.0002464696036381956,4.854290690983956e-06
3.866200905708621e-06,1.617460579083163,1.6175,-0.0002464696034122132,4.854290687774886e-06
3.868200905708621e-06,1.617460579083842,1.6175,-0.0002464696036648212,4.854290690945143e-06
3.870200905708621e-06,1.617460579081961,1.6175,-0.0002464696033723684,4.854290687790898e-06
3.872200905708621e-06,1.617460579082126,1.6175,-0.0002464696037047745,4.854290690991323e-06
3.874200905708621e-06,1.617460579079812,1.6175,-0.0002464696033591519,4.854290687866428e-06
3.876200905708621e-06,1.617460579079497,1.6175,-0.0002464696037447618,4.854290691030833e-06
3.878200905708622e-06,1.617460579077004,1.6175,-0.0002464696033193669,4.854290687903216e-06
3.880200905708622e-06,1.617460579077249,1.6175,-0.0002464696037980313,4.854290691021817e-06
3.882200905708622e-06,1.617460579075354,1.6175,-0.0002464696032795388,4.85429068786228e-06
3.884200905708622e-06,1.617460579075507,1.6175,-0.0002464696037980962,4.854290690971957e-06
3.886200905708622e-06,1.617460579073392,1.6175,-0.0002464696032530189,4.854290687893688e-06
3.888200905708622e-06,1.617460579073928,1.6175,-0.0002464696038380443,4.854290690969921e-06
3.890200905708623e-06,1.617460579072301,1.6175,-0.000246469603239763,4.854290687834587e-06
3.892200905708623e-06,1.617460579072984,1.6175,-0.0002464696038779689,4.854290690901162e-06
3.894200905708623e-06,1.617460579071855,1.6175,-0.0002464696031865936,4.854290687850891e-06
3.896200905708623e-06,1.617460579073321,1.6175,-0.0002464696039311423,4.854290690922098e-06
3.898200905708623e-06,1.617460579072765,1.6175,-0.0002464696031599667,4.854290687855907e-06
3.900200905708623e-06,1.617460579074516,1.6175,-0.0002464696039576909,4.854290690911275e-06
3.902200905708623e-06,1.617460579074255,1.6175,-0.0002464696031466149,4.854290687891151e-06
3.904200905708624e-06,1.617460579076375,1.6175,-0.0002464696039576217,4.854290690952312e-06
3.906200905708624e-06,1.617460579076271,1.6175,-0.0002464696031066504,4.854290687924747e-06
3.908200905708624e-06,1.617460579078422,1.6175,-0.000246469603997435,4.854290690930403e-06
3.910200905708624e-06,1.617460579078643,1.6175,-0.0002464696030666727,4.854290687889873e-06
3.912200905708624e-06,1.617460579081125,1.6175,-0.0002464696040372239,4.85429069089857e-06
3.914200905708624e-06,1.617460579081459,1.6175,-0.0002464696030532715,4.854290687921147e-06
3.916200905708624e-06,1.617460579084158,1.6175,-0.000246469604063704,4.854290690889774e-06
3.918200905708625e-06,1.617460579084678,1.6175,-0.0002464696029999658,4.854290687939559e-06
3.920200905708625e-06,1.617460579087224,1.6175,-0.000246469604090183,4.854290690923912e-06
3.922200905708625e-06,1.617460579087603,1.6175,-0.0002464696029865605,4.854290687943861e-06
3.924200905708625e-06,1.617460579090127,1.6175,-0.0002464696041166679,4.854290690904692e-06
3.926200905708625e-06,1.617460579090467,1.6175,-0.000246469602933268,4.854290687981322e-06
3.928200905708625e-06,1.617460579092803,1.6175,-0.0002464696041564579,4.854290690896386e-06
3.930200905708626e-06,1.617460579092904,1.6175,-0.0002464696029198809,4.854290687938967e-06
3.932200905708626e-06,1.61746057909492,1.6175,-0.0002464696042095651,4.854290690865717e-06
3.934200905708626e-06,1.617460579094437,1.6175,-0.0002464696028666379,4.854290687967595e-06
3.936200905708626e-06,1.617460579095824,1.6175,-0.0002464696042228279,4.854290690851447e-06
3.938200905708626e-06,1.617460579095045,1.6175,-0.0002464696028400223,4.854290687967561e-06
3.940200905708626e-06,1.617460579096122,1.6175,-0.0002464696042760028,4.854290690880438e-06
3.942200905708626e-06,1.617460579095023,1.6175,-0.0002464696028134302,4.854290687996422e-06
3.944200905708627e-06,1.617460579095963,1.6175,-0.0002464696042893052,4.854290690846637e-06
3.946200905708627e-06,1.61746057909477,1.6175,-0.0002464696027602536,4.8542906879536e-06
3.948200905708627e-06,1.617460579095564,1.6175,-0.000246469604315913,4.854290690800251e-06
3.950200905708627e-06,1.617460579094177,1.6175,-0.0002464696027602757,4.854290687975491e-06
3.952200905708627e-06,1.617460579094709,1.6175,-0.0002464696043425377,4.854290690796209e-06
3.954200905708627e-06,1.617460579093032,1.6175,-0.0002464696027204288,4.854290687975356e-06
3.956200905708627e-06,1.617460579092954,1.6175,-0.0002464696043824925,4.854290690802693e-06
3.958200905708628e-06,1.617460579090672,1.6175,-0.0002464696026806271,4.854290687990296e-06
3.960200905708628e-06,1.61746057909034,1.6175,-0.0002464696043825898,4.854290690813723e-06
3.962200905708628e-06,1.617460579087757,1.6175,-0.0002464696026408461,4.854290688008597e-06
3.964200905708628e-06,1.617460579086829,1.6175,-0.0002464696044492028,4.854290690823957e-06
3.966200905708628e-06,1.617460579083743,1.6175,-0.0002464696026144024,4.854290688047802e-06
3.968200905708628e-06,1.61746057908278,1.6175,-0.0002464696044227605,4.854290690800441e-06
3.970200905708629e-06,1.617460579079707,1.6175,-0.0002464696026012561,4.854290688010215e-06
3.972200905708629e-06,1.617460579078545,1.6175,-0.000246469604449511,4.854290690778116e-06
3.974200905708629e-06,1.61746057907555,1.6175,-0.0002464696025615213,4.854290688025766e-06
3.976200905708629e-06,1.617460579074544,1.6175,-0.0002464696044895493,4.854290690756834e-06
3.978200905708629e-06,1.617460579071724,1.6175,-0.0002464696025483671,4.854290688006822e-06
3.980200905708629e-06,1.617460579071075,1.6175,-0.0002464696045295678,4.854290690742623e-06
3.982200905708629e-06,1.617460579068543,1.6175,-0.000246469602508596,4.85429068802463e-06
3.98420090570863e-06,1.617460579068087,1.6175,-0.0002464696045562719,4.854290690774508e-06
3.98620090570863e-06,1.617460579065829,1.6175,-0.0002464696024954004,4.854290688212219e-06
3.98820090570863e-06,1.617460579065912,1.6175,-0.0002464696045829457,4.854290690941896e-06
3.99020090570863e-06,1.617460579064412,1.6175,-0.0002464696024688602,4.854290688264515e-06
3.99220090570863e-06,1.617460579064952,1.6175,-0.0002464696046095745,4.854290690967397e-06
3.99420090570863e-06,1.617460579063859,1.6175,-0.0002464696024289913,4.854290688298773e-06
3.99620090570863e-06,1.617460579065048,1.6175,-0.0002464696046494604,4.854290690946719e-06
3.998200905708631e-06,1.617460579064508,1.6175,-0.0002464696023890777,4.854290688259562e-06
4.000200905708631e-06,1.617460579065804,1.6175,-0.0002464696046494322,4.85429069092792e-06
4.002200905708631e-06,1.617460579065174,1.6175,-0.0002464696023757565,4.854290688277726e-06
4.004200905708631e-06,1.617460579066607,1.6175,-0.0002464696047158847,4.854290690901508e-06
4.006200905708631e-06,1.617460579066058,1.6175,-0.0002464696023358341,4.854290688293293e-06
4.008200905708631e-06,1.617460579067228,1.6175,-0.0002464696047158616,4.854290690954735e-06
4.010200905708632e-06,1.61746057906644,1.6175,-0.0002464696023358199,4.854290688339855e-06
4.012200905708632e-06,1.617460579067532,1.6175,-0.0002464696047424433,4.854290690946213e-06
4.014200905708632e-06,1.617460579066806,1.6175,-0.0002464696022826203,4.85429068834036e-06
4.016200905708632e-06,1.617460579067905,1.6175,-0.0002464696047690224,4.85429069092712e-06
4.018200905708632e-06,1.617460579067051,1.6175,-0.0002464696022560183,4.854290688331428e-06
4.020200905708632e-06,1.617460579068078,1.6175,-0.000246469604795609,4.854290690906928e-06
4.022200905708632e-06,1.617460579067189,1.6175,-0.0002464696022427166,4.854290688337887e-06
4.024200905708633e-06,1.617460579067971,1.6175,-0.0002464696048222059,4.854290690946606e-06
4.026200905708633e-06,1.61746057906691,1.6175,-0.0002464696022028375,4.854290688397673e-06
4.028200905708633e-06,1.61746057906769,1.6175,-0.0002464696048488094,4.854290690930455e-06
4.030200905708633e-06,1.61746057906662,1.6175,-0.0002464696021762554,4.854290688363161e-06
4.032200905708633e-06,1.617460579067391,1.6175,-0.0002464696048754135,4.854290690909554e-06
4.034200905708633e-06,1.617460579066487,1.6175,-0.0002464696021762603,4.854290688384695e-06
4.036200905708633e-06,1.617460579067326,1.6175,-0.0002464696048887123,4.854290690890439e-06
4.038200905708634e-06,1.61746057906629,1.6175,-0.0002464696021230817,4.854290688365094e-06
4.040200905708634e-06,1.617460579067006,1.6175,-0.0002464696049153172,4.85429069087072e-06
4.042200905708634e-06,1.617460579065971,1.6175,-0.0002464696021097971,4.85429068838021e-06
4.044200905708634e-06,1.617460579066717,1.6175,-0.0002464696049419209,4.854290690917048e-06
4.046200905708634e-06,1.617460579065733,1.6175,-0.000246469602083213,4.854290688436826e-06
4.048200905708634e-06,1.617460579066502,1.6175,-0.0002464696049552254,4.854290690883467e-06
4.050200905708635e-06,1.617460579065573,1.6175,-0.0002464696020699224,4.854290688404033e-06
4.052200905708635e-06,1.617460579066474,1.6175,-0.0002464696049951159,4.854290690885868e-06
4.054200905708635e-06,1.617460579065796,1.6175,-0.0002464696020433211,4.85429068844043e-06
4.056200905708635e-06,1.617460579067051,1.6175,-0.0002464696050349839,4.854290690857499e-06
4.058200905708635e-06,1.617460579066805,1.6175,-0.0002464696020299871,4.854290688387978e-06
4.060200905708635e-06,1.617460579068417,1.6175,-0.0002464696050748226,4.854290690862609e-06
4.062200905708635e-06,1.617460579068333,1.6175,-0.0002464696019900409,4.854290688439503e-06
4.064200905708636e-06,1.61746057907006,1.6175,-0.0002464696050747615,4.854290690876627e-06
4.066200905708636e-06,1.617460579070215,1.6175,-0.0002464696019766743,4.854290688479026e-06
4.068200905708636e-06,1.617460579072323,1.6175,-0.0002464696051012702,4.854290690857277e-06
4.070200905708636e-06,1.617460579072775,1.6175,-0.0002464696019499861,4.854290688427871e-06
4.072200905708636e-06,1.617460579075099,1.6175,-0.0002464696051543529,4.854290690827904e-06
4.074200905708636e-06,1.617460579075812,1.6175,-0.0002464696019365767,4.85429068844033e-06
4.076200905708636e-06,1.617460579078147,1.6175,-0.000246469605167536,4.854290690829494e-06
4.078200905708637e-06,1.617460579078758,1.6175,-0.0002464696018965776,4.85429068846121e-06
4.080200905708637e-06,1.61746057908105,1.6175,-0.000246469605194021,4.854290690806509e-06
4.082200905708637e-06,1.617460579081528,1.6175,-0.0002464696018698816,4.854290688430464e-06
4.084200905708637e-06,1.617460579083546,1.6175,-0.0002464696052338176,4.854290690796609e-06
4.086200905708637e-06,1.617460579083662,1.6175,-0.0002464696018565057,4.854290688456988e-06
4.088200905708637e-06,1.61746057908515,1.6175,-0.0002464696052736474,4.854290690806578e-06
4.090200905708638e-06,1.617460579084597,1.6175,-0.000246469601829878,4.85429068848217e-06
4.092200905708638e-06,1.617460579085561,1.6175,-0.0002464696052869286,4.854290690818788e-06
4.094200905708638e-06,1.617460579084817,1.6175,-0.0002464696018032768,4.854290688496764e-06
4.096200905708638e-06,1.617460579085697,1.6175,-0.0002464696053135165,4.85429069079978e-06
4.098200905708638e-06,1.617460579085123,1.6175,-0.000246469601763376,4.854290688481227e-06
4.100200905708638e-06,1.617460579086242,1.6175,-0.0002464696053267927,4.854290690789458e-06
4.102200905708638e-06,1.617460579085533,1.6175,-0.0002464696017500642,4.854290688501147e-06
4.104200905708639e-06,1.617460579086536,1.6175,-0.0002464696053533748,4.854290690757659e-06
4.106200905708639e-06,1.617460579085888,1.6175,-0.0002464696017367546,4.854290688480054e-06
4.108200905708639e-06,1.617460579086693,1.6175,-0.0002464696053666655,4.854290690755554e-06
4.110200905708639e-06,1.617460579085864,1.6175,-0.000246469601696866,4.85429068848857e-06
4.112200905708639e-06,1.617460579086727,1.6175,-0.0002464696053932571,4.854290690763481e-06
4.114200905708639e-06,1.617460579085881,1.6175,-0.0002464696016835689,4.8542906885021e-06
4.116200905708639e-06,1.617460579086443,1.6175,-0.0002464696054198606,4.854290690773916e-06
4.11820090570864e-06,1.617460579085458,1.6175,-0.0002464696016702881,4.854290688535699e-06
4.12020090570864e-06,1.617460579086184,1.6175,-0.0002464696054198703,4.854290690747575e-06
4.12220090570864e-06,1.617460579085397,1.6175,-0.0002464696016436975,4.854290688530737e-06
4.12420090570864e-06,1.617460579086276,1.6175,-0.0002464696054597564,4.854290690741473e-06
4.12620090570864e-06,1.617460579085702,1.6175,-0.0002464696016170931,4.85429068853736e-06
4.12820090570864e-06,1.617460579086601,1.6175,-0.0002464696054597443,4.854290690762684e-06
4.130200905708641e-06,1.617460579085946,1.6175,-0.000246469601590491,4.85429068854617e-06
4.132200905708641e-06,1.617460579087154,1.6175,-0.0002464696054996132,4.854290690741818e-06
4.134200905708641e-06,1.617460579086985,1.6175,-0.0002464696015638594,4.854290688551239e-06
4.136200905708641e-06,1.617460579088341,1.6175,-0.000246469605499569,4.854290690752492e-06
4.138200905708641e-06,1.617460579088275,1.6175,-0.0002464696015372184,4.854290688605311e-06
4.140200905708641e-06,1.617460579089876,1.6175,-0.0002464696055128084,4.854290690761623e-06
4.142200905708641e-06,1.617460579090039,1.6175,-0.0002464696015371529,4.854290688591225e-06
4.144200905708642e-06,1.617460579091671,1.6175,-0.0002464696055393346,4.854290690731909e-06
4.146200905708642e-06,1.617460579091643,1.6175,-0.0002464696015105002,4.854290688571365e-06
4.148200905708642e-06,1.617460579093176,1.6175,-0.0002464696055658716,4.854290690712038e-06
4.150200905708642e-06,1.617460579093204,1.6175,-0.0002464696014838492,4.854290688576494e-06
4.152200905708642e-06,1.617460579094653,1.6175,-0.0002464696055924096,4.854290690687646e-06
4.154200905708642e-06,1.617460579094421,1.6175,-0.0002464696014838039,4.854290688563475e-06
4.156200905708642e-06,1.617460579095609,1.6175,-0.0002464696056189671,4.854290690681681e-06
4.158200905708643e-06,1.617460579095152,1.6175,-0.0002464696014305907,4.854290688566449e-06
4.160200905708643e-06,1.617460579095994,1.6175,-0.0002464696056322492,4.854290690692843e-06
4.162200905708643e-06,1.617460579095124,1.6175,-0.0002464696014438883,4.854290688592236e-06
4.164200905708643e-06,1.617460579095614,1.6175,-0.0002464696056588563,4.854290690686084e-06
4.166200905708643e-06,1.617460579094565,1.6175,-0.000246469601417316,4.85429068861653e-06
4.168200905708643e-06,1.617460579094872,1.6175,-0.0002464696056854768,4.854290690683698e-06
4.170200905708644e-06,1.617460579093668,1.6175,-0.00024646960137746,4.854290688602782e-06
4.172200905708644e-06,1.617460579093875,1.6175,-0.0002464696057254034,4.854290690671768e-06
4.174200905708644e-06,1.617460579092649,1.6175,-0.0002464696013774979,4.854290688616285e-06
4.176200905708644e-06,1.617460579093039,1.6175,-0.0002464696057254345,4.854290690687086e-06
4.178200905708644e-06,1.617460579091974,1.6175,-0.0002464696013376336,4.85429068863586e-06
4.180200905708644e-06,1.617460579092309,1.6175,-0.0002464696057653512,4.854290690693109e-06
4.182200905708644e-06,1.617460579091146,1.6175,-0.0002464696013243679,4.854290688662919e-06
4.184200905708645e-06,1.617460579091383,1.6175,-0.0002464696057653856,4.854290690669954e-06
4.186200905708645e-06,1.617460579090201,1.6175,-0.0002464696013111066,4.854290688647358e-06
4.188200905708645e-06,1.617460579090543,1.6175,-0.0002464696057654168,4.854290690669961e-06
4.190200905708645e-06,1.617460579089561,1.6175,-0.0002464696012845374,4.854290688657544e-06
4.192200905708645e-06,1.617460579090144,1.6175,-0.0002464696058053211,4.854290690644738e-06
4.194200905708645e-06,1.617460579089301,1.6175,-0.0002464696012712506,4.854290688639984e-06
4.196200905708645e-06,1.617460579089916,1.6175,-0.0002464696058319225,4.854290690632409e-06
4.198200905708646e-06,1.617460579089121,1.6175,-0.0002464696012446643,4.854290688650243e-06
4.200200905708646e-06,1.617460579089875,1.6175,-0.0002464696058452206,4.854290690613964e-06
4.202200905708646e-06,1.61746057908941,1.6175,-0.0002464696012446536,4.85429068862741e-06
4.204200905708646e-06,1.617460579090566,1.6175,-0.0002464696058717878,4.854290690604295e-06
4.206200905708646e-06,1.617460579090384,1.6175,-0.0002464696012047278,4.854290688642422e-06
4.208200905708646e-06,1.61746057909162,1.6175,-0.0002464696058850451,4.854290690608555e-06
4.210200905708647e-06,1.617460579091467,1.6175,-0.0002464696011780946,4.854290688669007e-06
4.212200905708647e-06,1.617460579092645,1.6175,-0.0002464696059115999,4.854290690625182e-06
4.214200905708647e-06,1.617460579092403,1.6175,-0.0002464696011514669,4.85429068868952e-06
4.216200905708647e-06,1.617460579093424,1.6175,-0.000246469605938164,4.854290690615282e-06
4.218200905708647e-06,1.617460579092927,1.6175,-0.0002464696011381508,4.854290688706193e-06
4.220200905708647e-06,1.617460579093675,1.6175,-0.0002464696059647476,4.854290690632786e-06
4.222200905708647e-06,1.617460579092849,1.6175,-0.0002464696011115608,4.854290688709309e-06
4.224200905708648e-06,1.617460579093246,1.6175,-0.0002464696059647635,4.854290690623263e-06
4.226200905708648e-06,1.617460579092333,1.6175,-0.00024646960111158,4.854290688707879e-06
4.228200905708648e-06,1.617460579092808,1.6175,-0.0002464696060046693,4.854290690594514e-06
4.230200905708648e-06,1.617460579091763,1.6175,-0.0002464696010451187,4.854290688696487e-06
4.232200905708648e-06,1.617460579092084,1.6175,-0.0002464696060046962,4.854290690578253e-06
4.234200905708648e-06,1.617460579091216,1.6175,-0.0002464696010451391,4.854290688711487e-06
4.236200905708649e-06,1.617460579091762,1.6175,-0.0002464696060047082,4.85429069059187e-06
4.238200905708649e-06,1.617460579090819,1.6175,-0.0002464696010451538,4.8542906887227e-06
4.240200905708649e-06,1.617460579090918,1.6175,-0.0002464696060446291,4.854290690579966e-06
4.242200905708649e-06,1.617460579089648,1.6175,-0.0002464696010451974,4.854290688743666e-06
4.244200905708649e-06,1.617460579089926,1.6175,-0.000246469606071259,4.854290690603792e-06
4.246200905708649e-06,1.617460579088893,1.6175,-0.0002464696010053361,4.854290688752935e-06
4.248200905708649e-06,1.617460579089313,1.6175,-0.0002464696060712818,4.854290690596765e-06
4.25020090570865e-06,1.617460579088565,1.6175,-0.0002464696010053482,4.85429068877808e-06
4.25220090570865e-06,1.617460579089221,1.6175,-0.0002464696060978781,4.854290690609988e-06
4.25420090570865e-06,1.617460579088646,1.6175,-0.0002464696009787523,4.854290688786704e-06
4.25620090570865e-06,1.617460579089282,1.6175,-0.0002464696061244688,4.854290690600631e-06
4.25820090570865e-06,1.617460579088585,1.6175,-0.000246469600938865,4.854290688780277e-06
4.26020090570865e-06,1.617460579089199,1.6175,-0.0002464696061377684,4.854290690581396e-06
4.26220090570865e-06,1.617460579088418,1.6175,-0.0002464696009388712,4.854290688758856e-06
4.264200905708651e-06,1.617460579088978,1.6175,-0.0002464696061377767,4.854290690550594e-06
4.266200905708651e-06,1.61746057908843,1.6175,-0.0002464696009255743,4.854290688772341e-06
4.268200905708651e-06,1.617460579089318,1.6175,-0.0002464696061776535,4.854290690534146e-06
4.270200905708651e-06,1.617460579088858,1.6175,-0.0002464696008989654,4.854290688752443e-06
4.272200905708651e-06,1.617460579089559,1.6175,-0.000246469606190941,4.854290690518812e-06
4.274200905708651e-06,1.617460579088821,1.6175,-0.0002464696008989668,4.85429068876468e-06
4.276200905708652e-06,1.617460579089245,1.6175,-0.0002464696061776562,4.854290690547336e-06
4.278200905708652e-06,1.617460579088315,1.6175,-0.0002464696008723927,4.854290688807252e-06
4.280200905708652e-06,1.617460579088555,1.6175,-0.0002464696062308677,4.85429069056344e-06
4.282200905708652e-06,1.617460579087401,1.6175,-0.0002464696008325371,4.854290688832674e-06
4.284200905708652e-06,1.617460579087452,1.6175,-0.0002464696062309088,4.8542906905505e-06
4.286200905708652e-06,1.617460579086398,1.6175,-0.0002464696008059815,4.854290688776918e-06
4.288200905708652e-06,1.617460579086636,1.6175,-0.0002464696062442357,4.854290690519191e-06
4.290200905708653e-06,1.617460579085586,1.6175,-0.0002464696008060117,4.854290688804876e-06
4.292200905708653e-06,1.617460579085923,1.6175,-0.0002464696062841517,4.854290690502436e-06
4.294200905708653e-06,1.617460579085007,1.6175,-0.0002464696007794403,4.854290688820665e-06
4.296200905708653e-06,1.617460579085375,1.6175,-0.000246469606284172,4.854290690535118e-06
4.298200905708653e-06,1.61746057908467,1.6175,-0.0002464696007528599,4.854290688811032e-06
4.300200905708653e-06,1.617460579085321,1.6175,-0.000246469606284174,4.85429069049289e-06
4.302200905708653e-06,1.617460579084756,1.6175,-0.0002464696007395602,4.854290688808514e-06
4.304200905708654e-06,1.617460579085477,1.6175,-0.0002464696063107612,4.854290690463822e-06
4.306200905708654e-06,1.617460579085053,1.6175,-0.0002464696007395491,4.854290688768713e-06
4.308200905708654e-06,1.617460579085819,1.6175,-0.000246469606324045,4.854290690467928e-06
4.310200905708654e-06,1.617460579085418,1.6175,-0.0002464696006996461,4.854290688797698e-06
4.312200905708654e-06,1.617460579086263,1.6175,-0.0002464696063506214,4.854290690456192e-06
4.314200905708654e-06,1.617460579085756,1.6175,-0.0002464696006996336,4.854290688812861e-06
4.316200905708655e-06,1.617460579086287,1.6175,-0.0002464696063772135,4.854290690481979e-06
4.318200905708655e-06,1.617460579085483,1.6175,-0.0002464696006996437,4.854290688833129e-06
4.320200905708655e-06,1.617460579085838,1.6175,-0.0002464696063639337,4.854290690460308e-06
4.322200905708655e-06,1.617460579084955,1.6175,-0.0002464696006597738,4.854290688846949e-06
4.324200905708655e-06,1.6174605790852,1.6175,-0.0002464696063905505,4.854290690455834e-06
4.326200905708655e-06,1.617460579084313,1.6175,-0.0002464696006597978,4.854290688812507e-06
4.328200905708655e-06,1.617460579084646,1.6175,-0.000246469606417164,4.85429069046155e-06
4.330200905708656e-06,1.617460579083745,1.6175,-0.0002464696006199295,4.854290688876358e-06
4.332200905708656e-06,1.617460579083989,1.6175,-0.0002464696064171885,4.854290690492134e-06
4.334200905708656e-06,1.617460579083062,1.6175,-0.0002464696006066584,4.854290688896276e-06
4.336200905708656e-06,1.617460579083431,1.6175,-0.0002464696064570987,4.85429069049434e-06
4.338200905708656e-06,1.617460579082707,1.6175,-0.0002464696005933751,4.854290688903043e-06
4.340200905708656e-06,1.617460579083233,1.6175,-0.000246469606457106,4.854290690481721e-06
4.342200905708656e-06,1.617460579082643,1.6175,-0.0002464696005933774,4.854290688875765e-06
4.344200905708657e-06,1.61746057908323,1.6175,-0.0002464696064571061,4.854290690429543e-06
4.346200905708657e-06,1.617460579082719,1.6175,-0.0002464696005933746,4.854290688864052e-06
4.348200905708657e-06,1.617460579083392,1.6175,-0.0002464696064969896,4.854290690455933e-06
4.350200905708657e-06,1.617460579082904,1.6175,-0.0002464696005534783,4.854290688863338e-06
4.352200905708657e-06,1.617460579083543,1.6175,-0.000246469606496984,4.854290690393332e-06
4.354200905708657e-06,1.617460579082926,1.6175,-0.000246469600540181,4.85429068883389e-06
4.356200905708658e-06,1.617460579083471,1.6175,-0.0002464696065102832,4.854290690369874e-06
4.358200905708658e-06,1.617460579082821,1.6175,-0.0002464696005268883,4.854290688830601e-06
4.360200905708658e-06,1.617460579083285,1.6175,-0.000246469606536883,4.854290690382762e-06
4.362200905708658e-06,1.617460579082635,1.6175,-0.0002464696005003023,4.854290688852924e-06
4.364200905708658e-06,1.617460579083015,1.6175,-0.000246469606563486,4.854290690375113e-06
4.366200905708658e-06,1.617460579082283,1.6175,-0.0002464696004737224,4.854290688870973e-06
4.368200905708658e-06,1.617460579082686,1.6175,-0.0002464696065634983,4.854290690390677e-06
4.370200905708659e-06,1.617460579081843,1.6175,-0.0002464696004870353,4.854290688874794e-06
4.372200905708659e-06,1.617460579082216,1.6175,-0.0002464696065635157,4.854290690383698e-06
4.374200905708659e-06,1.617460579081447,1.6175,-0.00024646960048705,4.854290688891918e-06
4.376200905708659e-06,1.617460579081879,1.6175,-0.0002464696066034178,4.854290690405835e-06
4.378200905708659e-06,1.617460579081472,1.6175,-0.0002464696004604561,4.854290688902863e-06
4.380200905708659e-06,1.617460579082416,1.6175,-0.0002464696066432872,4.854290690384709e-06
4.382200905708659e-06,1.617460579082228,1.6175,-0.0002464696004338351,4.85429068893169e-06
4.38420090570866e-06,1.617460579083213,1.6175,-0.0002464696066166646,4.854290690406951e-06
4.38620090570866e-06,1.617460579083108,1.6175,-0.0002464696004338023,4.854290688935292e-06
4.38820090570866e-06,1.617460579084173,1.6175,-0.0002464696066698148,4.854290690411201e-06
4.39020090570866e-06,1.617460579084387,1.6175,-0.0002464696004204582,4.854290688954491e-06
4.39220090570866e-06,1.617460579085907,1.6175,-0.0002464696066697504,4.854290690390945e-06
4.39420090570866e-06,1.617460579086096,1.6175,-0.0002464696004070982,4.854290688927158e-06
4.396200905708661e-06,1.61746057908723,1.6175,-0.0002464696066962941,4.854290690392126e-06
4.398200905708661e-06,1.617460579087439,1.6175,-0.0002464696003937518,4.854290688977585e-06
4.400200905708661e-06,1.617460579088734,1.6175,-0.0002464696066829417,4.854290690392159e-06
4.402200905708661e-06,1.617460579088843,1.6175,-0.000246469600380403,4.85429068891498e-06
4.404200905708661e-06,1.617460579089859,1.6175,-0.0002464696067227893,4.854290690333303e-06
4.406200905708661e-06,1.617460579089718,1.6175,-0.0002464696003803705,4.854290688932108e-06
4.408200905708661e-06,1.617460579090579,1.6175,-0.000246469606709466,4.85429069036875e-06
4.410200905708662e-06,1.617460579090377,1.6175,-0.0002464696003404565,4.85429068893357e-06
4.412200905708662e-06,1.617460579091326,1.6175,-0.0002464696067360312,4.854290690328915e-06
4.414200905708662e-06,1.617460579091126,1.6175,-0.0002464696003271322,4.854290688931618e-06
4.416200905708662e-06,1.617460579091807,1.6175,-0.0002464696067360133,4.85429069033813e-06
4.418200905708662e-06,1.617460579091269,1.6175,-0.0002464696003138303,4.854290688964354e-06
4.420200905708662e-06,1.617460579091661,1.6175,-0.0002464696067493152,4.854290690366959e-06
4.422200905708662e-06,1.617460579090915,1.6175,-0.0002464696002872505,4.854290688977147e-06
4.424200905708663e-06,1.617460579091199,1.6175,-0.0002464696067759254,4.854290690347003e-06
4.426200905708663e-06,1.617460579090445,1.6175,-0.0002464696002872681,4.854290688966783e-06
4.428200905708663e-06,1.617460579090605,1.6175,-0.0002464696067493546,4.854290690336435e-06
4.430200905708663e-06,1.617460579089736,1.6175,-0.0002464696002739979,4.854290688943351e-06
4.432200905708663e-06,1.617460579089994,1.6175,-0.0002464696067892666,4.854290690292428e-06
4.434200905708663e-06,1.617460579089216,1.6175,-0.0002464696002740173,4.854290688950159e-06
4.436200905708664e-06,1.617460579089548,1.6175,-0.0002464696067892832,4.854290690300555e-06
4.438200905708664e-06,1.617460579088917,1.6175,-0.0002464696002341389,4.854290688962048e-06
4.440200905708664e-06,1.61746057908939,1.6175,-0.0002464696068291786,4.854290690303896e-06
4.442200905708664e-06,1.617460579088832,1.6175,-0.000246469600234142,4.85429068896993e-06
4.444200905708664e-06,1.617460579089368,1.6175,-0.0002464696068158829,4.854290690334389e-06
4.446200905708664e-06,1.617460579089013,1.6175,-0.0002464696002075423,4.854290688988036e-06
4.448200905708664e-06,1.617460579089624,1.6175,-0.0002464696068557628,4.854290690306942e-06
4.450200905708665e-06,1.617460579089175,1.6175,-0.0002464696002075364,4.854290689009974e-06
4.452200905708665e-06,1.617460579089857,1.6175,-0.0002464696068690507,4.854290690322587e-06
4.454200905708665e-06,1.617460579089667,1.6175,-0.0002464696001942216,4.854290689015746e-06
4.456200905708665e-06,1.617460579090499,1.6175,-0.0002464696068690268,4.854290690325739e-06
4.458200905708665e-06,1.617460579090295,1.6175,-0.0002464696001676053,4.854290689033432e-06
4.460200905708665e-06,1.617460579091179,1.6175,-0.000246469606882298,4.854290690317902e-06
4.462200905708665e-06,1.617460579091164,1.6175,-0.0002464696001675729,4.85429068899765e-06
4.464200905708666e-06,1.617460579092225,1.6175,-0.0002464696068955556,4.854290690275521e-06
4.466200905708666e-06,1.617460579092273,1.6175,-0.0002464696001808281,4.854290688986762e-06
4.468200905708666e-06,1.617460579093354,1.6175,-0.0002464696069221066,4.854290690286383e-06
4.470200905708666e-06,1.617460579093452,1.6175,-0.0002464696001408948,4.854290688993944e-06
4.472200905708666e-06,1.617460579094536,1.6175,-0.000246469606935359,4.854290690261486e-06
4.474200905708666e-06,1.617460579094552,1.6175,-0.0002464696001408539,4.854290689024191e-06
4.476200905708667e-06,1.617460579095484,1.6175,-0.0002464696069486204,4.854290690277003e-06
4.478200905708667e-06,1.617460579095442,1.6175,-0.0002464696001275243,4.854290689022272e-06
4.480200905708667e-06,1.617460579096292,1.6175,-0.0002464696069618868,4.854290690289839e-06
4.482200905708667e-06,1.617460579096007,1.6175,-0.0002464696000876139,4.854290689027854e-06
4.484200905708667e-06,1.617460579096643,1.6175,-0.0002464696069884666,4.854290690268578e-06
4.486200905708667e-06,1.617460579096402,1.6175,-0.0002464696001008957,4.854290689052713e-06
4.488200905708667e-06,1.617460579097248,1.6175,-0.0002464696070017407,4.854290690284501e-06
4.490200905708668e-06,1.617460579097135,1.6175,-0.0002464696001008683,4.854290689053864e-06
4.492200905708668e-06,1.617460579097955,1.6175,-0.0002464696070017143,4.854290690288163e-06
4.494200905708668e-06,1.617460579097865,1.6175,-0.0002464696000875447,4.854290689060262e-06
4.496200905708668e-06,1.617460579098832,1.6175,-0.0002464696070282746,4.85429069027393e-06
4.498200905708668e-06,1.61746057909868,1.6175,-0.0002464696000875144,4.854290689049232e-06
4.500200905708668e-06,1.617460579099419,1.6175,-0.0002464696070016599,4.854290690260883e-06
4.502200905708668e-06,1.617460579099323,1.6175,-0.0002464696000608975,4.854290689020859e-06
4.504200905708669e-06,1.617460579100247,1.6175,-0.000246469607054815,4.854290690209587e-06
4.506200905708669e-06,1.617460579100067,1.6175,-0.0002464696000209804,4.854290689046014e-06
4.508200905708669e-06,1.617460579100785,1.6175,-0.000246469607028202,4.854290690247745e-06
4.510200905708669e-06,1.617460579100693,1.6175,-0.000246469600020957,4.854290689042257e-06
4.512200905708669e-06,1.617460579101522,1.6175,-0.0002464696070680641,4.854290690220012e-06
4.514200905708669e-06,1.617460579100984,1.6175,-0.0002464695999943533,4.854290689065446e-06
4.51620090570867e-06,1.617460579101151,1.6175,-0.0002464696070680779,4.854290690237456e-06
4.51820090570867e-06,1.617460579100549,1.6175,-0.0002464696000076659,4.854290689058443e-06
4.52020090570867e-06,1.617460579100927,1.6175,-0.0002464696070946792,4.854290690241147e-06
4.52220090570867e-06,1.617460579100212,1.6175,-0.0002464695999544926,4.854290689072531e-06
4.52420090570867e-06,1.617460579100316,1.6175,-0.0002464696070947019,4.854290690221792e-06
4.52620090570867e-06,1.61746057909948,1.6175,-0.0002464695999545197,4.854290689059816e-06
4.52820090570867e-06,1.617460579099524,1.6175,-0.0002464696070947313,4.854290690202634e-06
4.530200905708671e-06,1.617460579098667,1.6175,-0.00024646959995455,4.854290689038123e-06
4.532200905708671e-06,1.617460579098852,1.6175,-0.0002464696071080529,4.854290690193348e-06
4.534200905708671e-06,1.617460579098199,1.6175,-0.0002464695999545674,4.854290689049482e-06
4.536200905708671e-06,1.617460579098674,1.6175,-0.0002464696071346524,4.854290690162958e-06
4.538200905708671e-06,1.617460579098376,1.6175,-0.0002464695999412643,4.854290689066589e-06
4.540200905708671e-06,1.617460579099175,1.6175,-0.0002464696071346338,4.85429069020793e-06
4.542200905708671e-06,1.617460579098813,1.6175,-0.0002464695999279516,4.854290689057729e-06
4.544200905708672e-06,1.617460579099149,1.6175,-0.0002464696071346348,4.854290690195565e-06
4.546200905708672e-06,1.617460579098801,1.6175,-0.0002464695999412485,4.854290689087308e-06
4.548200905708672e-06,1.617460579099509,1.6175,-0.0002464696071479179,4.85429069020575e-06
4.550200905708672e-06,1.617460579099113,1.6175,-0.0002464695999013475,4.854290689108243e-06
4.552200905708672e-06,1.617460579099524,1.6175,-0.0002464696071745103,4.854290690192932e-06
4.554200905708672e-06,1.617460579099117,1.6175,-0.0002464695999013473,4.854290689120727e-06
4.556200905708673e-06,1.617460579099617,1.6175,-0.0002464696071745068,4.854290690228557e-06
4.558200905708673e-06,1.617460579099277,1.6175,-0.0002464695998747484,4.854290689113638e-06
4.560200905708673e-06,1.617460579099914,1.6175,-0.0002464696071744958,4.854290690193802e-06
4.562200905708673e-06,1.617460579099602,1.6175,-0.0002464695998880328,4.854290689138317e-06
4.564200905708673e-06,1.617460579100064,1.6175,-0.0002464696071877867,4.854290690212251e-06
4.566200905708673e-06,1.617460579099565,1.6175,-0.0002464695998348482,4.854290689135456e-06
4.568200905708673e-06,1.617460579099819,1.6175,-0.0002464696072143888,4.854290690213283e-06
4.570200905708674e-06,1.617460579099182,1.6175,-0.0002464695998348625,4.854290689138381e-06
4.572200905708674e-06,1.617460579099418,1.6175,-0.0002464696072144037,4.854290690198933e-06
4.574200905708674e-06,1.617460579098781,1.6175,-0.0002464695998481739,4.854290689097932e-06
4.576200905708674e-06,1.617460579099062,1.6175,-0.000246469607214417,4.85429069014551e-06
4.578200905708674e-06,1.617460579098461,1.6175,-0.0002464695998614823,4.854290689125883e-06
4.580200905708674e-06,1.617460579098644,1.6175,-0.0002464696072410254,4.854290690185872e-06
4.582200905708674e-06,1.617460579097912,1.6175,-0.0002464695998349097,4.854290689120146e-06
4.584200905708675e-06,1.617460579098067,1.6175,-0.0002464696072277504,4.854290690152055e-06
4.586200905708675e-06,1.617460579097367,1.6175,-0.0002464695997950405,4.854290689144265e-06
4.588200905708675e-06,1.617460579097622,1.6175,-0.0002464696072410634,4.854290690174979e-06
4.590200905708675e-06,1.617460579097129,1.6175,-0.0002464695998083458,4.854290689141994e-06
4.592200905708675e-06,1.61746057909746,1.6175,-0.000246469607254366,4.85429069017549e-06
4.594200905708675e-06,1.617460579096873,1.6175,-0.0002464695997950589,4.854290689149093e-06
4.596200905708676e-06,1.617460579097173,1.6175,-0.0002464696072543766,4.854290690157885e-06
4.598200905708676e-06,1.617460579096696,1.6175,-0.0002464695997950655,4.854290689167011e-06
4.600200905708676e-06,1.617460579096929,1.6175,-0.0002464696072942752,4.854290690185837e-06
4.602200905708676e-06,1.617460579096243,1.6175,-0.0002464695997551929,4.854290689166604e-06
4.604200905708676e-06,1.617460579096501,1.6175,-0.0002464696072676981,4.854290690180119e-06
4.606200905708676e-06,1.617460579095901,1.6175,-0.0002464695997419091,4.854290689185799e-06
4.608200905708676e-06,1.617460579096126,1.6175,-0.0002464696072810085,4.854290690164489e-06
4.610200905708677e-06,1.617460579095512,1.6175,-0.0002464695997552201,4.85429068916347e-06
4.612200905708677e-06,1.617460579095714,1.6175,-0.0002464696073209134,4.854290690158445e-06
4.614200905708677e-06,1.617460579095231,1.6175,-0.0002464695997286376,4.854290689210999e-06
4.616200905708677e-06,1.617460579095655,1.6175,-0.0002464696073342121,4.854290690176055e-06
4.618200905708677e-06,1.61746057909522,1.6175,-0.0002464695997153414,4.854290689146928e-06
4.620200905708677e-06,1.617460579095687,1.6175,-0.0002464696073342109,4.854290690108493e-06
4.622200905708678e-06,1.617460579095394,1.6175,-0.000246469599715335,4.854290689157554e-06
4.624200905708678e-06,1.617460579095946,1.6175,-0.0002464696073342012,4.854290690118797e-06
4.626200905708678e-06,1.617460579095584,1.6175,-0.0002464695997153279,4.854290689153894e-06
4.628200905708678e-06,1.617460579095963,1.6175,-0.0002464696073474971,4.854290690116917e-06
4.630200905708678e-06,1.617460579095496,1.6175,-0.0002464695997153312,4.854290689160065e-06
4.632200905708678e-06,1.617460579095911,1.6175,-0.000246469607347499,4.854290690105714e-06
4.634200905708678e-06,1.617460579095519,1.6175,-0.0002464695996887374,4.854290689171613e-06
4.636200905708679e-06,1.617460579095794,1.6175,-0.0002464696073740964,4.854290690124283e-06
4.638200905708679e-06,1.617460579095208,1.6175,-0.0002464695996754525,4.854290689173031e-06
4.640200905708679e-06,1.617460579095466,1.6175,-0.0002464696073741085,4.854290690118353e-06
4.642200905708679e-06,1.617460579094946,1.6175,-0.0002464695996754623,4.854290689196732e-06
4.644200905708679e-06,1.6174605790951,1.6175,-0.0002464696073741221,4.854290690134591e-06
4.646200905708679e-06,1.617460579094349,1.6175,-0.0002464695996488915,4.854290689205345e-06
4.648200905708679e-06,1.61746057909439,1.6175,-0.0002464696073741486,4.854290690129077e-06
4.65020090570868e-06,1.617460579093593,1.6175,-0.0002464695996223265,4.854290689229254e-06
4.65220090570868e-06,1.617460579093674,1.6175,-0.0002464696073874717,4.854290690144329e-06
4.65420090570868e-06,1.617460579093004,1.6175,-0.0002464695996489415,4.854290689229501e-06
4.65620090570868e-06,1.617460579093142,1.6175,-0.0002464696074140844,4.854290690114634e-06
4.65820090570868e-06,1.617460579092563,1.6175,-0.0002464695996356614,4.854290689179814e-06
4.66020090570868e-06,1.617460579092908,1.6175,-0.0002464696074140931,4.854290690080722e-06
4.662200905708681e-06,1.617460579092594,1.6175,-0.0002464695996223637,4.854290689175863e-06
4.664200905708681e-06,1.617460579093067,1.6175,-0.0002464696074140872,4.854290690074541e-06
4.666200905708681e-06,1.617460579092683,1.6175,-0.0002464695996622499,4.854290689192833e-06
4.668200905708681e-06,1.617460579093026,1.6175,-0.0002464696074406817,4.854290690065501e-06
4.670200905708681e-06,1.617460579092542,1.6175,-0.0002464695996356622,4.854290689191196e-06
4.672200905708681e-06,1.617460579092847,1.6175,-0.0002464696074539849,4.8542906900716e-06
4.674200905708681e-06,1.617460579092407,1.6175,-0.0002464695995957777,4.854290689198747e-06
4.676200905708682e-06,1.617460579092654,1.6175,-0.000246469607453992,4.854290690095483e-06
4.678200905708682e-06,1.617460579091966,1.6175,-0.0002464695995824976,4.85429068921995e-06
4.680200905708682e-06,1.617460579092,1.6175,-0.0002464696074540164,4.854290690075645e-06
4.682200905708682e-06,1.617460579091352,1.6175,-0.000246469599569224,4.854290689230023e-06
4.684200905708682e-06,1.617460579091386,1.6175,-0.0002464696074540392,4.854290690104754e-06
4.686200905708682e-06,1.617460579090642,1.6175,-0.0002464695995958434,4.854290689244244e-06
4.688200905708682e-06,1.6174605790907,1.6175,-0.0002464696074673613,4.854290690104475e-06
4.690200905708683e-06,1.617460579090039,1.6175,-0.0002464695995692728,4.854290689261077e-06
4.692200905708683e-06,1.617460579090344,1.6175,-0.0002464696074939675,4.854290690087477e-06
4.694200905708683e-06,1.617460579090029,1.6175,-0.0002464695995825697,4.85429068922449e-06
4.696200905708683e-06,1.617460579090539,1.6175,-0.0002464696074939602,4.854290690055772e-06
4.698200905708683e-06,1.617460579090382,1.6175,-0.0002464695995559636,4.854290689201784e-06
4.700200905708683e-06,1.617460579091036,1.6175,-0.0002464696074939417,4.854290690034049e-06
4.702200905708684e-06,1.617460579090747,1.6175,-0.0002464695995559501,4.854290689209058e-06
4.704200905708684e-06,1.617460579091156,1.6175,-0.0002464696074939372,4.854290690042903e-06
4.706200905708684e-06,1.617460579090657,1.6175,-0.0002464695995559534,4.854290689218473e-06
4.708200905708684e-06,1.617460579090789,1.6175,-0.0002464696075205439,4.854290690031777e-06
4.710200905708684e-06,1.61746057909006,1.6175,-0.0002464695995027897,4.854290689236984e-06
4.712200905708684e-06,1.617460579090237,1.6175,-0.0002464696075338608,4.854290690077167e-06
4.714200905708684e-06,1.617460579089921,1.6175,-0.0002464695995160913,4.854290689267792e-06
4.716200905708685e-06,1.617460579090508,1.6175,-0.0002464696075338508,4.854290690065445e-06
4.718200905708685e-06,1.61746057909043,1.6175,-0.0002464695994894794,4.854290689257302e-06
4.720200905708685e-06,1.617460579091197,1.6175,-0.0002464696075338252,4.854290690052826e-06
4.722200905708685e-06,1.617460579091404,1.6175,-0.0002464695995027397,4.854290689261631e-06
4.724200905708685e-06,1.61746057909235,1.6175,-0.0002464696075337823,4.854290690048203e-06
4.726200905708685e-06,1.617460579092635,1.6175,-0.0002464695995159903,4.854290689263596e-06
4.728200905708685e-06,1.617460579093683,1.6175,-0.0002464696075603257,4.854290689928505e-06
4.730200905708686e-06,1.617460579093693,1.6175,-0.000246469599489358,4.854290689119684e-06
4.732200905708686e-06,1.617460579094394,1.6175,-0.0002464696075735957,4.854290689980615e-06
4.734200905708686e-06,1.617460579094383,1.6175,-0.0002464695994494429,4.8542906892083e-06
4.736200905708686e-06,1.617460579094922,1.6175,-0.000246469607600169,4.854290689902958e-06
4.738200905708686e-06,1.617460579094587,1.6175,-0.0002464695994494353,4.854290689119433e-06
4.740200905708686e-06,1.617460579094926,1.6175,-0.0002464696076134654,4.854290689981981e-06
4.742200905708687e-06,1.617460579094446,1.6175,-0.0002464695994760335,4.854290689227703e-06
4.744200905708687e-06,1.617460579094427,1.6175,-0.0002464696076001874,4.854290689882141e-06
4.746200905708687e-06,1.617460579093645,1.6175,-0.0002464695994494703,4.854290689062588e-06
4.748200905708687e-06,1.61746057909363,1.6175,-0.0002464696076002171,4.854290689768723e-06
4.750200905708687e-06,1.617460579092901,1.6175,-0.000246469599449498,4.854290689028045e-06
4.752200905708687e-06,1.617460579092901,1.6175,-0.0002464696076135407,4.854290689777762e-06
4.754200905708687e-06,1.617460579092069,1.6175,-0.0002464695994362325,4.854290689002218e-06
4.756200905708688e-06,1.617460579091701,1.6175,-0.0002464696076268819,4.854290689738309e-06
4.758200905708688e-06,1.617460579090594,1.6175,-0.0002464695994362873,4.854290689028447e-06
4.760200905708688e-06,1.617460579090288,1.6175,-0.0002464696076269344,4.854290689797292e-06
4.762200905708688e-06,1.617460579089187,1.6175,-0.0002464695994363397,4.854290689062686e-06
4.764200905708688e-06,1.617460579088805,1.6175,-0.0002464696076136931,4.854290689789092e-06
4.766200905708688e-06,1.617460579087948,1.6175,-0.0002464695994363858,4.854290689044389e-06
4.768200905708688e-06,1.617460579088034,1.6175,-0.0002464696076270183,4.854290689744726e-06
4.770200905708689e-06,1.617460579087489,1.6175,-0.0002464695994364028,4.854290689025772e-06
4.772200905708689e-06,1.617460579087951,1.6175,-0.0002464696076270213,4.854290689736271e-06
4.774200905708689e-06,1.617460579088096,1.6175,-0.0002464695994363803,4.854290689019039e-06
4.776200905708689e-06,1.617460579089054,1.6175,-0.0002464696076668697,4.854290689736771e-06
4.778200905708689e-06,1.617460579089324,1.6175,-0.0002464695994097417,4.854290689024778e-06
4.780200905708689e-06,1.617460579090407,1.6175,-0.0002464696077067089,4.854290689755176e-06
4.78220090570869e-06,1.617460579090811,1.6175,-0.0002464695993963898,4.854290689067145e-06
4.78420090570869e-06,1.617460579091871,1.6175,-0.0002464696076534684,4.854290689767728e-06
4.78620090570869e-06,1.617460579092325,1.6175,-0.0002464695993697406,4.854290689083245e-06
4.78820090570869e-06,1.617460579093494,1.6175,-0.0002464696076932976,4.854290689769441e-06
4.79020090570869e-06,1.617460579093992,1.6175,-0.0002464695993696785,4.854290689054829e-06
4.79220090570869e-06,1.617460579095337,1.6175,-0.0002464696076799326,4.854290689742744e-06
4.79420090570869e-06,1.61746057909596,1.6175,-0.0002464695993563088,4.85429068903593e-06
4.796200905708691e-06,1.617460579096949,1.6175,-0.000246469607693169,4.854290689712704e-06
4.798200905708691e-06,1.617460579097137,1.6175,-0.000246469599382858,4.854290689038416e-06
4.800200905708691e-06,1.617460579097943,1.6175,-0.0002464696077064285,4.85429068973546e-06
4.802200905708691e-06,1.617460579097931,1.6175,-0.0002464695993562355,4.854290689052606e-06
4.804200905708691e-06,1.617460579098689,1.6175,-0.0002464696076931044,4.854290689719352e-06
4.806200905708691e-06,1.617460579098838,1.6175,-0.0002464695993296088,4.854290689071743e-06
4.808200905708691e-06,1.617460579099476,1.6175,-0.000246469607719668,4.854290689711497e-06
4.810200905708692e-06,1.617460579099542,1.6175,-0.0002464695993561756,4.854290689063884e-06
4.812200905708692e-06,1.61746057910018,1.6175,-0.0002464696077063453,4.854290689726907e-06
4.814200905708692e-06,1.617460579099852,1.6175,-0.0002464695993295711,4.854290689045868e-06
4.816200905708692e-06,1.6174605791003,1.6175,-0.0002464696077196374,4.854290689725478e-06
4.818200905708692e-06,1.617460579100251,1.6175,-0.0002464695993295563,4.854290689078511e-06
4.820200905708692e-06,1.617460579100786,1.6175,-0.0002464696077329158,4.854290689726959e-06
4.822200905708693e-06,1.617460579100521,1.6175,-0.0002464695993029532,4.854290689087274e-06
4.824200905708693e-06,1.617460579101153,1.6175,-0.0002464696077329021,4.854290689720791e-06
4.826200905708693e-06,1.61746057910119,1.6175,-0.0002464695993162248,4.854290689094673e-06
4.828200905708693e-06,1.617460579101836,1.6175,-0.0002464696077328767,4.85429068972307e-06
4.830200905708693e-06,1.617460579101808,1.6175,-0.0002464695993162018,4.85429068908995e-06
4.832200905708693e-06,1.617460579102352,1.6175,-0.0002464696077328575,4.854290689729598e-06
4.834200905708693e-06,1.617460579102118,1.6175,-0.0002464695993028938,4.854290689093684e-06
4.836200905708694e-06,1.617460579102421,1.6175,-0.0002464696077461514,4.854290689714764e-06
4.838200905708694e-06,1.617460579101923,1.6175,-0.000246469599329494,4.85429068907171e-06
4.840200905708694e-06,1.617460579101765,1.6175,-0.0002464696077594723,4.854290689701226e-06
4.842200905708694e-06,1.617460579101005,1.6175,-0.0002464695993029352,4.854290689090857e-06
4.844200905708694e-06,1.617460579100935,1.6175,-0.0002464696077595032,4.854290689713136e-06
4.846200905708694e-06,1.617460579100075,1.6175,-0.0002464695992896733,4.854290689097607e-06
4.848200905708694e-06,1.617460579099909,1.6175,-0.0002464696077861343,4.854290689705503e-06
4.850200905708695e-06,1.617460579099124,1.6175,-0.0002464695992897087,4.854290689085355e-06
4.852200905708695e-06,1.617460579099025,1.6175,-0.0002464696077728707,4.85429068954335e-06
4.854200905708695e-06,1.617460579098227,1.6175,-0.0002464695992764456,4.854290688931716e-06
4.856200905708695e-06,1.617460579098,1.6175,-0.0002464696077729089,4.854290689514112e-06
4.858200905708695e-06,1.617460579097073,1.6175,-0.0002464695992764885,4.854290688895885e-06
4.860200905708695e-06,1.617460579096594,1.6175,-0.0002464696077862577,4.854290689473625e-06
4.862200905708696e-06,1.617460579095372,1.6175,-0.0002464695992632553,4.854290688867888e-06
4.864200905708696e-06,1.617460579094696,1.6175,-0.0002464696077863283,4.854290689459405e-06
4.866200905708696e-06,1.617460579093311,1.6175,-0.0002464695992766284,4.854290688868154e-06
4.868200905708696e-06,1.617460579092457,1.6175,-0.0002464696077731151,4.854290689441423e-06
4.870200905708696e-06,1.617460579090998,1.6175,-0.0002464695992634181,4.854290688874182e-06
4.872200905708696e-06,1.617460579090196,1.6175,-0.0002464696078130886,4.854290689463658e-06
4.874200905708696e-06,1.617460579088787,1.6175,-0.0002464695992502037,4.854290688873534e-06
4.876200905708697e-06,1.617460579088159,1.6175,-0.0002464696077865714,4.854290689428582e-06
4.878200905708697e-06,1.617460579086991,1.6175,-0.0002464695992369741,4.854290688858415e-06
4.880200905708697e-06,1.617460579086615,1.6175,-0.0002464696077866289,4.854290689422093e-06
4.882200905708697e-06,1.617460579085888,1.6175,-0.0002464695992237186,4.854290688852797e-06
4.884200905708697e-06,1.617460579085909,1.6175,-0.0002464696077866551,4.854290689413515e-06
4.886200905708697e-06,1.617460579085418,1.6175,-0.0002464695992237361,4.854290688862708e-06
4.888200905708697e-06,1.617460579085887,1.6175,-0.0002464696077999524,4.854290689438998e-06
4.890200905708698e-06,1.617460579085834,1.6175,-0.0002464695992237206,4.854290688902165e-06
4.892200905708698e-06,1.617460579086377,1.6175,-0.0002464696077999342,4.854290689459501e-06
4.894200905708698e-06,1.617460579086426,1.6175,-0.0002464695992236986,4.854290688913499e-06
4.896200905708698e-06,1.617460579087246,1.6175,-0.0002464696077999019,4.854290689458756e-06
4.898200905708698e-06,1.617460579087625,1.6175,-0.000246469599223654,4.854290688921938e-06
4.900200905708698e-06,1.617460579088797,1.6175,-0.0002464696078264372,4.854290689457132e-06
4.902200905708699e-06,1.617460579089423,1.6175,-0.0002464695991969941,4.854290688888368e-06
4.904200905708699e-06,1.617460579090713,1.6175,-0.0002464696078263659,4.854290689425231e-06
4.906200905708699e-06,1.617460579091496,1.6175,-0.000246469599196917,4.854290688903596e-06
4.908200905708699e-06,1.617460579092823,1.6175,-0.0002464696078262874,4.854290689432591e-06
4.910200905708699e-06,1.617460579093387,1.6175,-0.0002464695991968466,4.854290688904007e-06
4.912200905708699e-06,1.617460579094252,1.6175,-0.0002464696078395307,4.854290689430556e-06
4.914200905708699e-06,1.617460579093961,1.6175,-0.0002464695991835288,4.854290688882807e-06
4.9162009057087e-06,1.617460579093706,1.6175,-0.0002464696078129581,4.854290689395162e-06
4.9182009057087e-06,1.617460579092479,1.6175,-0.000246469599183584,4.854290688895085e-06
4.9202009057087e-06,1.617460579091447,1.6175,-0.000246469607839635,4.854290689405638e-06
4.9222009057087e-06,1.617460579089361,1.6175,-0.000246469599157107,4.854290688888001e-06
4.9242009057087e-06,1.617460579087569,1.6175,-0.0002464696078397794,4.854290689417147e-06
4.9262009057087e-06,1.617460579084894,1.6175,-0.0002464695991838662,4.854290688898126e-06
4.9282009057087e-06,1.617460579082721,1.6175,-0.0002464696078266632,4.8542906893989e-06
4.930200905708701e-06,1.617460579080048,1.6175,-0.0002464695991441569,4.854290688911255e-06
4.932200905708701e-06,1.617460579078049,1.6175,-0.000246469607826837,4.854290689420746e-06
4.934200905708701e-06,1.617460579075533,1.6175,-0.0002464695991443249,4.854290688912788e-06
4.936200905708701e-06,1.61746057907346,1.6175,-0.0002464696078536007,4.85429068938736e-06
4.938200905708701e-06,1.617460579070833,1.6175,-0.0002464695991444997,4.854290688887793e-06
4.940200905708701e-06,1.617460579069387,1.6175,-0.0002464696078537521,4.854290689390673e-06
4.942200905708702e-06,1.617460579067643,1.6175,-0.0002464695991446184,4.854290688918484e-06
4.944200905708702e-06,1.617460579066525,1.6175,-0.0002464696078538586,4.854290689418416e-06
4.946200905708702e-06,1.617460579065039,1.6175,-0.0002464695991447153,4.854290688927333e-06
4.948200905708702e-06,1.617460579064485,1.6175,-0.0002464696078805275,4.854290689401076e-06
4.950200905708702e-06,1.617460579063474,1.6175,-0.000246469599131477,4.854290688907754e-06
4.952200905708702e-06,1.617460579063053,1.6175,-0.0002464696078672843,4.854290689396205e-06
4.954200905708702e-06,1.617460579062312,1.6175,-0.0002464695991448166,4.854290688949752e-06
4.956200905708703e-06,1.61746057906245,1.6175,-0.0002464696078806032,4.854290689420756e-06
4.958200905708703e-06,1.617460579061982,1.6175,-0.0002464695991315324,4.854290688952484e-06
4.960200905708703e-06,1.617460579061832,1.6175,-0.0002464696079072192,4.854290689434989e-06
4.962200905708703e-06,1.617460579061301,1.6175,-0.0002464695991315578,4.854290688957314e-06
4.964200905708703e-06,1.617460579061446,1.6175,-0.000246469607893937,4.85429068942433e-06
4.966200905708703e-06,1.617460579061027,1.6175,-0.0002464695991182716,4.854290688973675e-06
4.968200905708703e-06,1.617460579061212,1.6175,-0.0002464696078939457,4.854290689411329e-06
4.970200905708704e-06,1.617460579060666,1.6175,-0.0002464695991315815,4.854290688940085e-06
4.972200905708704e-06,1.617460579060992,1.6175,-0.0002464696078939539,4.85429068941729e-06
4.974200905708704e-06,1.617460579060926,1.6175,-0.0002464695991049788,4.854290688978292e-06
4.976200905708704e-06,1.617460579060997,1.6175,-0.0002464696078939537,4.854290689428313e-06
4.978200905708704e-06,1.617460579060462,1.6175,-0.0002464695991182925,4.854290688963817e-06
4.980200905708704e-06,1.617460579060896,1.6175,-0.0002464696079205504,4.854290689399368e-06
4.982200905708705e-06,1.617460579060711,1.6175,-0.0002464695990916903,4.854290688939393e-06
4.984200905708705e-06,1.61746057906069,1.6175,-0.0002464696079338547,4.854290689383014e-06
4.986200905708705e-06,1.617460579060112,1.6175,-0.0002464695991183056,4.854290688947566e-06
4.988200905708705e-06,1.617460579060118,1.6175,-0.0002464696079338759,4.854290689364134e-06
4.990200905708705e-06,1.617460579059447,1.6175,-0.0002464695990917374,4.854290688939289e-06
4.992200905708705e-06,1.617460579059154,1.6175,-0.0002464696079073188,4.85429068936551e-06
4.994200905708705e-06,1.617460579058162,1.6175,-0.0002464695990917851,4.854290688932339e-06
4.996200905708706e-06,1.617460579057737,1.6175,-0.0002464696079073715,4.854290689369581e-06
4.998200905708706e-06,1.617460579056803,1.6175,-0.0002464695990918357,4.854290688940482e-06
5e-06,1.617460579051063,1.6175,-0.0002464696080359584,4.854290689622857e-06
5.0001e-06,1.617438927999018,1.612499999999992,-0.0002517994024200134,4.854315693935074e-06
5.0003e-06,1.617379233797951,1.602499999999975,-0.0002567201820856099,4.854326600916168e-06
5.0007e-06,1.617246693395068,1.582499999999983,-0.000255812502046911,4.854315584319255e-06
5.001e-06,1.617159737462299,1.5675,-0.0002564981309395325,4.854321408551248e-06
5.001072559233703e-06,1.617152813173341,1.5675,-0.0002520339200659761,4.854297511619276e-06
5.001217677701109e-06,1.617153887528339,1.5675,-0.0002470121399389264,4.854284847051669e-06
5.00150791463592e-06,1.617180208852584,1.5675,-0.0002471468503512046,4.854299461168504e-06
5.002088388505544e-06,1.617228325684209,1.5675,-0.0002473271572241448,4.854302810626192e-06
5.002814347453186e-06,1.617295570835707,1.5675,-0.0002471525236380029,4.854308497260215e-06
5.00426626534847e-06,1.617430308010792,1.5675,-0.000247265264025931,4.854300836035566e-06
5.00626626534847e-06,1.617591529289337,1.5675,-0.0002466054271918475,4.854304174283981e-06
5.00826626534847e-06,1.617667854876244,1.5675,-0.0002460487217840833,4.854303764351176e-06
5.01026626534847e-06,1.617601753022835,1.5675,-0.0002447301129763973,4.854312506342862e-06
5.01226626534847e-06,1.617338954997285,1.5675,-0.0002436281417763499,4.85431360464483e-06
5.014266265348471e-06,1.616843549570251,1.5675,-0.0002419156027847127,4.854321124433542e-06
5.016266265348471e-06,1.616090988398306,1.5675,-0.0002406079410675271,4.854321302832368e-06
5.018266265348471e-06,1.615075178045857,1.5675,-0.0002388673004465874,4.854328042213906e-06
5.020266265348471e-06,1.613799814070104,1.5675,-0.0002376722231874037,4.854328806094142e-06
5.022266265348471e-06,1.612282201970617,1.5675,-0.0002361553084614419,4.854336234544294e-06
5.024266265348471e-06,1.610545795294099,1.5675,-0.0002352421868530033,4.854338376683543e-06
5.026266265348471e-06,1.608622904162952,1.5675,-0.0002340545153251206,4.854346554743916e-06
5.028266265348472e-06,1.606548919242806,1.5675,-0.0002334738699845763,4.854349449642923e-06
5.030266265348472e-06,1.604364217764049,1.5675,-0.0002326332906900671,4.854357356620383e-06
5.032266265348472e-06,1.602109585136312,1.5675,-0.0002323778133720065,4.854359738197625e-06
5.034266265348472e-06,1.599827280212545,1.5675,-0.0002318646607523389,4.854366106539287e-06
5.036266265348472e-06,1.597557356091115,1.5675,-0.0002319041642770178,4.854366776117635e-06
5.038266265348472e-06,1.595338122181524,1.5675,-0.0002316832408895411,4.854370625154227e-06
5.040266265348472e-06,1.593203400397113,1.5675,-0.00023197701449188,4.854368822219659e-06
5.042266265348473e-06,1.59118278241957,1.5675,-0.0002320044049451594,4.854369697632781e-06
5.044266265348473e-06,1.589299941994024,1.5675,-0.0002325048717452582,4.854365237420008e-06
5.046266265348473e-06,1.58757299479251,1.5675,-0.0002327303773728779,4.854363269674736e-06
5.048266265348473e-06,1.586013859168054,1.5675,-0.0002333848937140926,4.854356531587658e-06
5.050266265348473e-06,1.584628809280903,1.5675,-0.0002337538528665751,4.854352355883126e-06
5.052266265348473e-06,1.583418696158273,1.5675,-0.0002345066168877682,4.854344137055464e-06
5.054266265348474e-06,1.582379596607183,1.5675,-0.0002349623028316109,4.854338693151703e-06
5.056266265348474e-06,1.581503602196106,1.5675,-0.0002357572664216467,4.854329973740228e-06
5.058266265348474e-06,1.580779392442916,1.5675,-0.0002362445380667723,4.854324256484924e-06
5.060266265348474e-06,1.580193309611139,1.5675,-0.0002370296266604364,4.854315954491802e-06
5.062266265348474e-06,1.579729715893745,1.5675,-0.0002374996224446605,4.854310797644249e-06
5.064266265348474e-06,1.579372154478021,1.5675,-0.0002382314936156035,4.854303599134799e-06
5.066266265348474e-06,1.579103425340304,1.5675,-0.0002386461516714539,4.854299556385704e-06
5.068266265348475e-06,1.578906724822363,1.5675,-0.0002392940336289125,4.854293848653422e-06
5.070266265348475e-06,1.578765439289987,1.5675,-0.0002396290008029765,4.854291176808036e-06
5.072266265348475e-06,1.57866422013374,1.5675,-0.0002401764226537619,4.854287071379311e-06
5.074266265348475e-06,1.578588529782204,1.5675,-0.0002404215746406862,4.854285782224639e-06
5.076266265348475e-06,1.578525642841694,1.5675,-0.0002408656800588208,4.854283184082528e-06
5.078266265348475e-06,1.578463990534102,1.5675,-0.0002410233993145027,4.854283121637593e-06
5.080266265348476e-06,1.578394092361152,1.5675,-0.0002413723631602618,4.854281808077893e-06
5.082266265348476e-06,1.578307744247083,1.5675,-0.0002414543520309132,4.854282724025911e-06
5.084266265348476e-06,1.578198889590344,1.5675,-0.0002417238091502837,4.854282412079372e-06
5.086266265348476e-06,1.57806269147991,1.5675,-0.0002417473756308638,4.854284021954775e-06
5.088266265348476e-06,1.577896353174591,1.5675,-0.0002419567416559766,4.854284413330337e-06
5.090266265348476e-06,1.577698109412554,1.5675,-0.0002419413205865457,4.854286433556169e-06
5.092266265348476e-06,1.57746800669503,1.5675,-0.0002421106171731914,4.854287245767792e-06
5.094266265348477e-06,1.577206844193268,1.5675,-0.0002420749824693862,4.854289419219027e-06
5.096266265348477e-06,1.576916924677238,1.5675,-0.0002422224695616879,4.854290404210615e-06
5.098266265348477e-06,1.576600972037142,1.5675,-0.0002421828035253564,4.854292512634827e-06
5.100266265348477e-06,1.576262864172582,1.5675,-0.0002423234728792023,4.854293466484516e-06
5.102266265348477e-06,1.575906551341705,1.5675,-0.000242292261494974,4.854295338919098e-06
5.104266265348477e-06,1.575536782644754,1.5675,-0.0002424370955777061,4.854296108334226e-06
5.106266265348477e-06,1.575158046537285,1.5675,-0.000242422710733727,4.854297625681549e-06
5.108266265348478e-06,1.574775301803878,1.5675,-0.0002425785441559638,4.854298110150129e-06
5.110266265348478e-06,1.574392958129073,1.5675,-0.0002425853420343238,4.854299206144253e-06
5.112266265348478e-06,1.574015620444212,1.5675,-0.0002427551566444802,4.854299358442193e-06
5.114266265348478e-06,1.573647122752933,1.5675,-0.0002427839303126933,4.85430001720363e-06
5.116266265348478e-06,1.573291291189096,1.5675,-0.0002429674343893591,4.854299837501064e-06
5.118266265348478e-06,1.572951038818418,1.5675,-0.0002430160889666444,4.854300086752711e-06
5.120266265348479e-06,1.57262914830247,1.5675,-0.000243210462262521,4.854299615262199e-06
5.122266265348479e-06,1.572327429525248,1.5675,-0.0002432748065355465,4.854299517668029e-06
5.124266265348479e-06,1.572047518206615,1.5675,-0.0002434755220622068,4.854298824093436e-06
5.126266265348479e-06,1.571790092934042,1.5675,-0.0002435500980456543,4.854298464449682e-06
5.128266265348479e-06,1.571555682354551,1.5675,-0.0002437517448367784,4.85429763426577e-06
5.130266265348479e-06,1.571343934385669,1.5675,-0.0002438306261749365,4.854297107046122e-06
5.132266265348479e-06,1.57115442225742,1.5675,-0.0002440276705519261,4.854296229421063e-06
5.13426626534848e-06,1.570985956580516,1.5675,-0.0002441051704761994,4.854295626020446e-06
5.13626626534848e-06,1.570837379893852,1.5675,-0.0002442926006363544,4.854294782473913e-06
5.13826626534848e-06,1.57070691185675,1.5675,-0.00024436383886633,4.854294182131934e-06
5.14026626534848e-06,1.570592922836868,1.5675,-0.0002445376477395017,4.854293439127682e-06
5.14226626534848e-06,1.57049330344855,1.5675,-0.0002445989407289017,4.854292903168619e-06
5.14426626534848e-06,1.570406209441671,1.5675,-0.0002447564219539804,4.854292306740675e-06
5.14626626534848e-06,1.570329448638774,1.5675,-0.0002448054805861189,4.854291874642683e-06
5.148266265348481e-06,1.570261191777647,1.5675,-0.000244945332359634,4.854291449432316e-06
5.150266265348481e-06,1.570199371967386,1.5675,-0.0002449812748611938,4.854291139622354e-06
5.152266265348481e-06,1.570142358446104,1.5675,-0.0002451035317658388,4.854290890819166e-06
5.154266265348481e-06,1.570088365861216,1.5675,-0.0002451267409148031,4.854290703544984e-06
5.156266265348481e-06,1.570036090077177,1.5675,-0.0002452325698564323,4.854290619963944e-06
5.158266265348481e-06,1.569984126304,1.5675,-0.0002452444383798738,4.854290540529408e-06
5.160266265348482e-06,1.569931567889937,1.5675,-0.0002453358476103741,4.854290598416432e-06
5.162266265348482e-06,1.569877433830963,1.5675,-0.0002453384607915944,4.854290602613906e-06
5.164266265348482e-06,1.569821232775508,1.5675,-0.0002454179710744372,4.854290771349963e-06
5.166266265348482e-06,1.569762401426356,1.5675,-0.0002454137757421853,4.854290829274279e-06
5.168266265348482e-06,1.569700836906387,1.5675,-0.0002454840982080753,4.854291075290082e-06
5.170266265348482e-06,1.569636348202486,1.5675,-0.0002454755966538652,4.85429115643431e-06
5.172266265348482e-06,1.56956916047024,1.5675,-0.000245539351730294,4.854291446598079e-06
5.174266265348483e-06,1.569499381966776,1.5675,-0.0002455288491354772,4.854291521751225e-06
5.176266265348483e-06,1.569427484060602,1.5675,-0.0002455883480925687,4.854291826845574e-06
5.178266265348483e-06,1.569353785940698,1.5675,-0.000245577769039703,4.854291872441243e-06
5.180266265348483e-06,1.56927891387769,1.5675,-0.0002456348680964061,4.854292169035289e-06
5.182266265348483e-06,1.569203305800393,1.5675,-0.0002456256468463292,4.854292167211783e-06
5.184266265348483e-06,1.569127652959251,1.5675,-0.0002456816743305707,4.854292438667679e-06
5.186266265348483e-06,1.569052425864395,1.5675,-0.0002456747156656881,4.854292378502812e-06
5.188266265348484e-06,1.568978300886184,1.5675,-0.0002457304644895919,4.854292615348569e-06
5.190266265348484e-06,1.568905708466765,1.5675,-0.0002457261636603631,4.854292493167948e-06
5.192266265348484e-06,1.568835246549658,1.5675,-0.0002457819371891286,4.854292692436325e-06
5.194266265348484e-06,1.568767251272027,1.5675,-0.000245780246683029,4.854292510237949e-06
5.196266265348484e-06,1.568702198397965,1.5675,-0.0002458359433625544,4.854292675155077e-06
5.198266265348484e-06,1.568640296047074,1.5675,-0.0002458364700862698,4.85429244038947e-06
5.200266265348485e-06,1.56858187468483,1.5675,-0.0002458916909813746,4.854292577997561e-06
5.202266265348485e-06,1.568527000891087,1.5675,-0.0002458938095004106,4.854292300741546e-06
5.204266265348485e-06,1.568475855918027,1.5675,-0.0002459479739382681,4.8542924206929e-06
5.206266265348485e-06,1.568428369105805,1.5675,-0.0002459509412083994,4.854292113006243e-06
5.208266265348485e-06,1.568384584668822,1.5675,-0.0002460033988124559,4.854292225938742e-06
5.210266265348485e-06,1.56834431306066,1.5675,-0.0002460064590025537,4.854291900421806e-06
5.212266265348485e-06,1.568307485446305,1.5675,-0.0002460565865991055,4.854292017097195e-06
5.214266265348486e-06,1.568273821269972,1.5675,-0.0002460590575773447,4.854291684728837e-06
5.216266265348486e-06,1.568243169801516,1.5675,-0.0002461063344237035,4.854291813974763e-06
5.218266265348486e-06,1.568215192197217,1.5675,-0.00024610767089124,4.85429148461827e-06
5.220266265348486e-06,1.56818968960354,1.5675,-0.0002461517289666637,4.854291633224064e-06
5.222266265348486e-06,1.568166298163999,1.5675,-0.0002461515586426955,4.854291313292477e-06
5.224266265348486e-06,1.568144803323851,1.5675,-0.0002461922071355512,4.854291485700619e-06
5.226266265348486e-06,1.568124846507335,1.5675,-0.0002461903429733853,4.854291179629316e-06
5.228266265348487e-06,1.568106225487996,1.5675,-0.0002462275689376634,4.854291377541997e-06
5.230266265348487e-06,1.568088611699978,1.5675,-0.0002462239992750939,4.854291086908753e-06
5.232266265348487e-06,1.568071836828687,1.5675,-0.0002462579492524265,4.854291309500397e-06
5.234266265348487e-06,1.568055619987635,1.5675,-0.0002462528113998066,4.854291033756052e-06
5.236266265348487e-06,1.5680398408863,1.5675,-0.0002462837590062107,4.854291278777537e-06
5.238266265348487e-06,1.568024276417814,1.5675,-0.0002462773018214624,4.854291015563202e-06
5.240266265348488e-06,1.568008860931657,1.5675,-0.0002463056074788717,4.854291278923772e-06
5.242266265348488e-06,1.56799343195324,1.5675,-0.0002462981494535556,4.854291024843954e-06
5.244266265348488e-06,1.567977978297646,1.5675,-0.0002463242180939254,4.854291301925272e-06
5.246266265348488e-06,1.567962394781114,1.5675,-0.000246316105128164,4.854291053065299e-06
5.248266265348488e-06,1.567946718965027,1.5675,-0.0002463403463197702,4.854291339212376e-06
5.250266265348488e-06,1.567930894859223,1.5675,-0.000246331914625089,4.854291092090562e-06
5.252266265348488e-06,1.567914999121448,1.5675,-0.000246354708883279,4.854291382698823e-06
5.254266265348489e-06,1.56789901375577,1.5675,-0.0002463462554375451,4.854291133431093e-06
5.256266265348489e-06,1.567883042615911,1.5675,-0.0002463679295591519,4.854291424657782e-06
5.258266265348489e-06,1.567867093105829,1.5675,-0.0002463596912996097,4.854291170705088e-06
5.260266265348489e-06,1.567851283748341,1.5675,-0.0002463805026439591,4.854291459599063e-06
5.262266265348489e-06,1.567835634862582,1.5675,-0.0002463726458999085,4.854291198996488e-06
5.264266265348489e-06,1.567820267850044,1.5675,-0.0002463927764703871,4.854291483562958e-06
5.266266265348489e-06,1.567805204772368,1.5675,-0.0002463853954095759,4.854291215608373e-06
5.26826626534849e-06,1.567790559946234,1.5675,-0.0002464049540924235,4.854291494575656e-06
5.27026626534849e-06,1.567776348217735,1.5675,-0.0002463980755219806,4.85429121918979e-06
5.27226626534849e-06,1.5677626693297,1.5675,-0.0002464171069410774,4.85429149262059e-06
5.27426626534849e-06,1.567749524646787,1.5675,-0.0002464107023474153,4.854291210477223e-06
5.27626626534849e-06,1.567736994639869,1.5675,-0.0002464291999766803,4.854291478877611e-06
5.27826626534849e-06,1.567725063745198,1.5675,-0.0002464231994397445,4.854291191418652e-06
5.280266265348491e-06,1.567713791232588,1.5675,-0.0002464411215433309,4.85429145562176e-06
5.282266265348491e-06,1.567703143794218,1.5675,-0.0002464354302471054,4.85429116444832e-06
5.284266265348491e-06,1.567693160015714,1.5675,-0.0002464527156026929,4.854291426113897e-06
5.286266265348491e-06,1.56768379027092,1.5675,-0.0002464472287724883,4.854291133036275e-06
5.288266265348491e-06,1.567675054911604,1.5675,-0.000246463811572939,4.854291392990106e-06
5.290266265348491e-06,1.567666891056822,1.5675,-0.0002464584283134467,4.854291099597723e-06
5.292266265348491e-06,1.56765930463379,1.5675,-0.000246474250124949,4.854291359491614e-06
5.294266265348492e-06,1.567652223603255,1.5675,-0.0002464688836273474,4.854291067607055e-06
5.296266265348492e-06,1.567645643973683,1.5675,-0.0002464839026280283,4.854291328421512e-06
5.298266265348492e-06,1.567639489063924,1.5675,-0.0002464784872263302,4.854291039027051e-06
5.300266265348492e-06,1.567633749578496,1.5675,-0.0002464926831553783,4.854291301226374e-06
5.302266265348492e-06,1.567628348561259,1.5675,-0.0002464871781335634,4.854291015236225e-06
5.304266265348492e-06,1.567623275676295,1.5675,-0.0002465005545214121,4.854291279331475e-06
5.306266265348492e-06,1.56761845749249,1.5675,-0.000246494943811544,4.854290997383472e-06
5.308266265348493e-06,1.567613886142893,1.5675,-0.0002465075265304445,4.854291263483834e-06
5.310266265348493e-06,1.567609494668551,1.5675,-0.0002465018168177551,4.854290985349779e-06
5.312266265348493e-06,1.567605280227393,1.5675,-0.0002465136508978149,4.854291252860534e-06
5.314266265348493e-06,1.567601184255546,1.5675,-0.0002465078668083614,4.854290978741645e-06
5.316266265348493e-06,1.567597210448834,1.5675,-0.0002465190113829801,4.854291247179052e-06
5.318266265348493e-06,1.567593309543388,1.5675,-0.0002465131903594836,4.854290976703684e-06
5.320266265348494e-06,1.567589492282956,1.5675,-0.0002465237131908821,4.854291245680603e-06
5.322266265348494e-06,1.567585718651804,1.5675,-0.0002465178993465543,4.854290978120765e-06
5.324266265348494e-06,1.567582006073878,1.5675,-0.0002465278708542178,4.854291246796496e-06
5.326266265348494e-06,1.567578322966537,1.5675,-0.0002465221097802558,4.854290981754778e-06
5.328266265348494e-06,1.567574692403535,1.5675,-0.0002465315981142115,4.854291249303112e-06
5.330266265348494e-06,1.567571089850785,1.5675,-0.000246525932025504,4.854290986636877e-06
5.332266265348494e-06,1.56756754255697,1.5675,-0.000246534998981053,4.854291252685698e-06
5.334266265348495e-06,1.567564031334116,1.5675,-0.0002465294631113525,4.854290991522438e-06
5.336266265348495e-06,1.567560585904479,1.5675,-0.0002465381614752474,4.854291255194737e-06
5.338266265348495e-06,1.567557190637205,1.5675,-0.0002465327819801483,4.854290995617184e-06
5.340266265348495e-06,1.567553876032129,1.5675,-0.0002465411534764804,4.854291256918678e-06
5.342266265348495e-06,1.567550628303814,1.5675,-0.0002465359464532468,4.854290998528543e-06
5.344266265348495e-06,1.567547477222799,1.5675,-0.0002465440220298263,4.854291257033104e-06
5.346266265348495e-06,1.567544409394354,1.5675,-0.0002465389938004744,4.854290999819461e-06
5.348266265348496e-06,1.567541452626378,1.5675,-0.0002465467941847009,4.854291255262392e-06
5.350266265348496e-06,1.567538592800193,1.5675,-0.0002465419423343102,4.85429099922946e-06
5.352266265348496e-06,1.567535854916408,1.5675,-0.000246549479456566,4.854291251738278e-06
5.354266265348496e-06,1.567533223393323,1.5675,-0.0002465447947202132,4.854290997300976e-06
5.356266265348496e-06,1.567530719960961,1.5675,-0.0002465520739848309,4.854291247205148e-06
5.358266265348496e-06,1.567528327245548,1.5675,-0.0002465475424093396,4.854290994275999e-06
5.360266265348497e-06,1.567526063599173,1.5675,-0.0002465545647879693,4.854291241151212e-06
5.362266265348497e-06,1.567523909854946,1.5675,-0.0002465501698796137,4.854290990296857e-06
5.364266265348497e-06,1.567521881204905,1.5675,-0.0002465569342074809,4.854291234847016e-06
5.366266265348497e-06,1.567519956956035,1.5675,-0.0002465526589934311,4.854290985853172e-06
5.368266265348497e-06,1.567518149591212,1.5675,-0.0002465591638259926,4.854291227967183e-06
5.370266265348497e-06,1.567516437376444,1.5675,-0.0002465549926410019,4.854290981656383e-06
5.372266265348497e-06,1.567514830669958,1.5675,-0.0002465612377217288,4.854291221611755e-06
5.374266265348498e-06,1.567513307269302,1.5675,-0.0002465571571757251,4.854290977704018e-06
5.376266265348498e-06,1.567511876062182,1.5675,-0.0002465631446770806,4.854291215568219e-06
5.378266265348498e-06,1.567510514977217,1.5675,-0.0002465591448925505,4.854290974622418e-06
5.380266265348498e-06,1.567509232074923,1.5675,-0.0002465648797353128,4.854291210547212e-06
5.382266265348498e-06,1.567508005971311,1.5675,-0.0002465609540968848,4.854290972215397e-06
5.384266265348498e-06,1.567506844461629,1.5675,-0.0002465664442096321,4.85429120579324e-06
5.386266265348498e-06,1.567505727302692,1.5675,-0.0002465625895905281,4.85429097041699e-06
5.388266265348499e-06,1.567504662460553,1.5675,-0.0002465678454398868,4.854291202170544e-06
5.390266265348499e-06,1.567503631168417,1.5675,-0.0002465640617013454,4.854290969631384e-06
5.392266265348499e-06,1.567502641872265,1.5675,-0.0002465690959733728,4.854291199135878e-06
5.394266265348499e-06,1.567501677458657,1.5675,-0.0002465653849918305,4.854290969391394e-06
5.396266265348499e-06,1.567500747012095,1.5675,-0.0002465702115908069,4.854291196959234e-06
5.398266265348499e-06,1.567499835120347,1.5675,-0.0002465665769452135,4.854290970118207e-06
5.4002662653485e-06,1.567498951537027,1.5675,-0.0002465712103847022,4.854291195385485e-06
5.4022662653485e-06,1.567498082484245,1.5675,-0.0002465676561582685,4.854290971284348e-06
5.4042662653485e-06,1.567497238286537,1.5675,-0.0002465721108107061,4.854291194200928e-06
5.4062662653485e-06,1.567496406628675,1.5675,-0.0002465686410619264,4.85429097244829e-06
5.4082662653485e-06,1.567495598256593,1.5675,-0.0002465729304227099,4.85429119284504e-06
5.4102662653485e-06,1.567494802077409,1.5675,-0.0002465695484672095,4.854290973894251e-06
5.4122662653485e-06,1.567494029045184,1.5675,-0.0002465736849201413,4.854291191768891e-06
5.414266265348501e-06,1.567493269038541,1.5675,-0.000246570393058994,4.854290975236143e-06
5.416266265348501e-06,1.567492532979283,1.5675,-0.0002465743871672169,4.854291190589657e-06
5.418266265348501e-06,1.567491811459384,1.5675,-0.0002465711864578346,4.854290976400043e-06
5.420266265348501e-06,1.567491115157578,1.5675,-0.000246575047159379,4.854291189242573e-06
5.422266265348501e-06,1.567490435136983,1.5675,-0.00024657193729025,4.854290977649714e-06
5.424266265348501e-06,1.567489781653381,1.5675,-0.0002465756719039949,4.854291187757528e-06
5.426266265348501e-06,1.567489146038909,1.5675,-0.0002465726511581133,4.85429097860196e-06
5.428266265348502e-06,1.567488537984953,1.5675,-0.0002465762654107766,4.854291186162698e-06
5.430266265348502e-06,1.567487948954349,1.5675,-0.0002465733313004685,4.854290979347252e-06
5.432266265348502e-06,1.567487387980108,1.5675,-0.0002465768296514744,4.854291184407877e-06
5.434266265348502e-06,1.567486846571245,1.5675,-0.0002465739786677488,4.854290979791506e-06
5.436266265348502e-06,1.567486333077331,1.5675,-0.0002465773647853219,4.854291182172436e-06
5.438266265348502e-06,1.567485839010816,1.5675,-0.0002465745929230331,4.854290980289617e-06
5.440266265348503e-06,1.567485372042992,1.5675,-0.000246577869767897,4.854291180064826e-06
5.442266265348503e-06,1.567484923700901,1.5675,-0.0002465751731381737,4.854290980389406e-06
5.444266265348503e-06,1.56748450103994,1.5675,-0.0002465783433325105,4.854291177782883e-06
5.446266265348503e-06,1.567484095633625,1.5675,-0.0002465757178108051,4.854290980658072e-06
5.448266265348503e-06,1.567483714000486,1.5675,-0.0002465787838699596,4.854291175576477e-06
5.450266265348503e-06,1.567483347834807,1.5675,-0.0002465762257244502,4.85429098086655e-06
5.452266265348503e-06,1.567483003206261,1.5675,-0.0002465791904972695,4.854291173365841e-06
5.454266265348504e-06,1.567482671991667,1.5675,-0.0002465766965368088,4.854290981405353e-06
5.456266265348504e-06,1.56748235991513,1.5675,-0.000246579562901408,4.854291171606579e-06
5.458266265348504e-06,1.567482059120116,1.5675,-0.0002465771303427436,4.854290981834872e-06
5.460266265348504e-06,1.56748177507756,1.5675,-0.000246579901578567,4.854291169529009e-06
5.462266265348504e-06,1.567481500258851,1.5675,-0.0002465775282733959,4.854290982337932e-06
5.464266265348504e-06,1.567481239950379,1.5675,-0.0002465802078379242,4.854291167738293e-06
5.466266265348505e-06,1.567480986992405,1.5675,-0.0002465778920246477,4.854290983218569e-06
5.468266265348505e-06,1.567480746555487,1.5675,-0.0002465804837579864,4.854291166388117e-06
5.470266265348505e-06,1.567480511883005,1.5675,-0.0002465782241335797,4.854290984064445e-06
5.472266265348505e-06,1.567480288064442,1.5675,-0.0002465807319196505,4.85429116478424e-06
5.474266265348505e-06,1.567480068761627,1.5675,-0.0002465785275554535,4.854290984977633e-06
5.476266265348505e-06,1.567479859003894,1.5675,-0.0002465809553586717,4.854291163420693e-06
5.478266265348505e-06,1.567479652847892,1.5675,-0.0002465788053401358,4.854290985846897e-06
5.480266265348506e-06,1.567479455268828,1.5675,-0.0002465811571130898,4.854291161956032e-06
5.482266265348506e-06,1.567479260701474,1.5675,-0.0002465790608067603,4.854290986870139e-06
5.484266265348506e-06,1.567479074048321,1.5675,-0.0002465813403057713,4.854291160675032e-06
5.486266265348506e-06,1.567478890095166,1.5675,-0.0002465792968969214,4.854290987968397e-06
5.488266265348506e-06,1.567478713656063,1.5675,-0.0002465815076188529,4.854291159547931e-06
5.490266265348506e-06,1.567478539818271,1.5675,-0.0002465795163548428,4.85429098912432e-06
5.492266265348506e-06,1.567478373275753,1.5675,-0.0002465816616755154,4.854291158548032e-06
5.494266265348507e-06,1.567478209383496,1.5675,-0.0002465797214457573,4.854290990325921e-06
5.496266265348507e-06,1.567478052693033,1.5675,-0.000246581804331944,4.854291157447955e-06
5.498266265348507e-06,1.567477898775417,1.5675,-0.0002465799142311945,4.854290991449724e-06
5.500266265348507e-06,1.567477752014088,1.5675,-0.0002465819372462497,4.854291155990045e-06
5.502266265348507e-06,1.567477608163758,1.5675,-0.0002465800959414137,4.854290992143859e-06
5.504266265348507e-06,1.567477471422039,1.5675,-0.0002465820615817113,4.854291154619664e-06
5.506266265348508e-06,1.567477337702758,1.5675,-0.0002465802676609893,4.854290993245314e-06
5.508266265348508e-06,1.567477211006845,1.5675,-0.0002465821780131034,4.854291153570103e-06
5.510266265348508e-06,1.56747708737445,1.5675,-0.0002465804300155247,4.854290994207123e-06
5.512266265348508e-06,1.567476970606953,1.5675,-0.000246582286971923,4.854291152287856e-06
5.514266265348508e-06,1.567476856870568,1.5675,-0.0002465805833887886,4.854290995035781e-06
5.516266265348508e-06,1.567476749761484,1.5675,-0.000246582388821023,4.854291150986435e-06
5.518266265348508e-06,1.567476645555042,1.5675,-0.0002465807281368543,4.854290995903293e-06
5.520266265348509e-06,1.56747654766295,1.5675,-0.0002465824834574765,4.854291149734123e-06
5.522266265348509e-06,1.567476452468785,1.5675,-0.0002465808640959517,4.854290996918749e-06
5.524266265348509e-06,1.56747636320384,1.5675,-0.0002465825710421502,4.8542911486327e-06
5.526266265348509e-06,1.567476276368936,1.5675,-0.0002465809915383544,4.854290997791787e-06
5.528266265348509e-06,1.567476195027105,1.5675,-0.0002465826515590424,4.854291147286725e-06
5.530266265348509e-06,1.56747611580391,1.5675,-0.0002465811105047635,4.854290998507632e-06
5.532266265348509e-06,1.56747604161891,1.5675,-0.0002465827251176524,4.854291146112866e-06
5.53426626534851e-06,1.567475969215113,1.5675,-0.0002465812212260113,4.854290999452443e-06
5.53626626534851e-06,1.567475901382601,1.5675,-0.0002465827918438568,4.854291144988479e-06
5.53826626534851e-06,1.567475834999285,1.5675,-0.0002465813239212957,4.854291000389326e-06
5.54026626534851e-06,1.567475772744229,1.5675,-0.0002465828521153204,4.854291144090411e-06
5.54226626534851e-06,1.567475711631528,1.5675,-0.0002465814190994218,4.854291001575645e-06
5.54426626534851e-06,1.567475654239161,1.5675,-0.0002465829062923457,4.854291142987455e-06
5.546266265348511e-06,1.567475597717924,1.5675,-0.0002465815071446542,4.854291002563995e-06
5.548266265348511e-06,1.567475544549531,1.5675,-0.0002465829547962573,4.854291142085303e-06
5.550266265348511e-06,1.567475492026209,1.5675,-0.0002465815885815057,4.854291003596179e-06
5.552266265348511e-06,1.567475442549032,1.5675,-0.0002465829982274055,4.854291141158424e-06
5.554266265348511e-06,1.567475393541824,1.5675,-0.0002465816640726515,4.854291004542662e-06
5.556266265348511e-06,1.567475347329667,1.5675,-0.0002465830370317578,4.854291140171101e-06
5.558266265348511e-06,1.567475301463795,1.5675,-0.0002465817341797467,4.85429100561221e-06
5.560266265348512e-06,1.567475258185148,1.5675,-0.000246583071847226,4.854291139181797e-06
5.562266265348512e-06,1.567475215173294,1.5675,-0.000246581799417781,4.854291006314756e-06
5.564266265348512e-06,1.56747517459248,1.5675,-0.0002465831031586418,4.854291138153359e-06
5.566266265348512e-06,1.567475134234005,1.5675,-0.0002465818604146234,4.854291007133558e-06
5.568266265348512e-06,1.567475096188646,1.5675,-0.0002465831314315899,4.854291137009919e-06
5.570266265348512e-06,1.567475058348712,1.5675,-0.0002465819174871492,4.854291008043673e-06
5.572266265348512e-06,1.567475022724934,1.5675,-0.0002465831570077343,4.854291136117922e-06
5.574266265348513e-06,1.567474987310727,1.5675,-0.0002465819712546855,4.854291008969881e-06
5.576266265348513e-06,1.567474954035453,1.5675,-0.0002465831803586227,4.854291135015537e-06
5.578266265348513e-06,1.567474920978796,1.5675,-0.000246582021895341,4.854291009644692e-06
5.580266265348513e-06,1.567474889987114,1.5675,-0.0002465832016354675,4.854291134005316e-06
5.582266265348513e-06,1.56747485923051,1.5675,-0.0002465820697061921,4.854291010597616e-06
5.584266265348513e-06,1.567474830472605,1.5675,-0.0002465832210550044,4.854291133366234e-06
5.586266265348514e-06,1.567474801954149,1.5675,-0.0002465821149174346,4.854291011645416e-06
5.588266265348514e-06,1.567474775359583,1.5675,-0.0002465832387950107,4.854291132524057e-06
5.590266265348514e-06,1.567474749002072,1.5675,-0.0002465821576143399,4.854291012447406e-06
5.592266265348514e-06,1.567474724488767,1.5675,-0.0002465832549411904,4.85429113138159e-06
5.594266265348514e-06,1.567474700202489,1.5675,-0.0002465821980160419,4.854291013079188e-06
5.596266265348514e-06,1.567474677672931,1.5675,-0.0002465832695669905,4.854291130489204e-06
5.598266265348514e-06,1.567474655346258,1.5675,-0.0002465822361569136,4.854291014088338e-06
5.600266265348515e-06,1.567474634683039,1.5675,-0.0002465832827607101,4.854291129761028e-06
5.602266265348515e-06,1.567474614186193,1.5675,-0.000246582272179115,4.854291014941529e-06
5.604266265348515e-06,1.567474595243853,1.5675,-0.0002465832945325874,4.854291128926166e-06
5.606266265348515e-06,1.567474576431445,1.5675,-0.0002465823060003899,4.854291015649183e-06
5.608266265348515e-06,1.567474559071424,1.5675,-0.0002465833049463712,4.854291127919822e-06
5.610266265348515e-06,1.567474541793031,1.5675,-0.0002465823378841215,4.854291016549685e-06
5.612266265348515e-06,1.567474525861176,1.5675,-0.0002465833140665775,4.854291127231875e-06
5.614266265348516e-06,1.567474509971829,1.5675,-0.0002465823677749543,4.854291017405588e-06
5.616266265348516e-06,1.567474495323996,1.5675,-0.0002465833219039609,4.854291126432737e-06
5.618266265348516e-06,1.567474480672688,1.5675,-0.0002465823958434257,4.854291018204341e-06
5.620266265348516e-06,1.567474467170346,1.5675,-0.0002465833286421462,4.854291125601924e-06
5.622266265348516e-06,1.567474453627537,1.5675,-0.0002465824222058795,4.854291018978257e-06
5.624266265348516e-06,1.567474441145583,1.5675,-0.0002465833343039025,4.854291124679014e-06
5.626266265348517e-06,1.567474428591187,1.5675,-0.0002465824468847328,4.854291019456465e-06
5.628266265348517e-06,1.567474417016681,1.5675,-0.0002465833389909734,4.854291123758286e-06
5.630266265348517e-06,1.56747440534478,1.5675,-0.000246582470100871,4.85429102024947e-06
5.632266265348517e-06,1.567474394585828,1.5675,-0.0002465833427771999,4.854291122947887e-06
5.634266265348517e-06,1.567474383713519,1.5675,-0.0002465824919538714,4.854291020979795e-06
5.636266265348517e-06,1.567474373690494,1.5675,-0.0002465833458015927,4.854291122289586e-06
5.638266265348517e-06,1.567474363543569,1.5675,-0.0002465825125159393,4.854291021884205e-06
5.640266265348518e-06,1.567474354194023,1.5675,-0.0002465833481889038,4.854291121546942e-06
5.642266265348518e-06,1.567474344720256,1.5675,-0.0002465825319376017,4.854291022665007e-06
5.644266265348518e-06,1.56747433599899,1.5675,-0.0002465833499294607,4.854291120872559e-06
5.646266265348518e-06,1.567474327151904,1.5675,-0.0002465825503020478,4.854291023385324e-06
5.648266265348518e-06,1.567474319020185,1.5675,-0.0002465833512258806,4.854291120071139e-06
5.650266265348518e-06,1.567474310766099,1.5675,-0.0002465825677050467,4.854291024069908e-06
5.652266265348518e-06,1.567474303189384,1.5675,-0.0002465833520674046,4.85429111934811e-06
5.654266265348519e-06,1.567474295499535,1.5675,-0.0002465825842420286,4.854291024827492e-06
5.656266265348519e-06,1.567474288459935,1.5675,-0.0002465833525222507,4.854291118749536e-06
5.658266265348519e-06,1.567474281309619,1.5675,-0.0002465825999278746,4.854291025661602e-06
5.660266265348519e-06,1.567474274771423,1.5675,-0.000246583352499591,4.85429111796713e-06
5.662266265348519e-06,1.567474268131512,1.5675,-0.000246582614831479,4.854291026275423e-06
5.664266265348519e-06,1.567474262077577,1.5675,-0.0002465833523335586,4.854291117272552e-06
5.66626626534852e-06,1.5674742559287,1.5675,-0.0002465826290472756,4.854291026914618e-06
5.66826626534852e-06,1.567474250334496,1.5675,-0.0002465833517997466,4.854291116629946e-06
5.67026626534852e-06,1.567474244647022,1.5675,-0.000246582642550686,4.854291027598277e-06
5.67226626534852e-06,1.567474239486554,1.5675,-0.000246583351059782,4.854291115836951e-06
5.67426626534852e-06,1.567474234238106,1.5675,-0.0002465826554365852,4.854291028089517e-06
5.67626626534852e-06,1.567474229484496,1.5675,-0.0002465833501154969,4.854291114943495e-06
5.67826626534852e-06,1.567474224641221,1.5675,-0.0002465826676673427,4.854291028783939e-06
5.680266265348521e-06,1.567474220265303,1.5675,-0.0002465833488495673,4.854291114389373e-06
5.682266265348521e-06,1.567474215803276,1.5675,-0.0002465826794177877,4.854291029390569e-06
5.684266265348521e-06,1.567474211778944,1.5675,-0.000246583347476598,4.854291113754102e-06
5.686266265348521e-06,1.56747420766781,1.5675,-0.0002465826904905734,4.854291030143927e-06
5.688266265348521e-06,1.567474203962518,1.5675,-0.0002465833458260746,4.854291113146686e-06
5.690266265348521e-06,1.567474200166959,1.5675,-0.0002465827011142644,4.854291030815119e-06
5.692266265348521e-06,1.567474196752427,1.5675,-0.0002465833440466242,4.854291112628989e-06
5.694266265348522e-06,1.567474193249583,1.5675,-0.0002465827111445018,4.854291031477976e-06
5.696266265348522e-06,1.567474190101519,1.5675,-0.000246583342086815,4.854291111891007e-06
5.698266265348522e-06,1.567474186865564,1.5675,-0.0002465827207427077,4.85429103220973e-06
5.700266265348522e-06,1.567474183959044,1.5675,-0.0002465833399884241,4.854291111316145e-06
5.702266265348522e-06,1.567474180964247,1.5675,-0.0002465827299240631,4.854291032602863e-06
5.704266265348522e-06,1.567474178274682,1.5675,-0.0002465833377799164,4.854291110666968e-06
5.706266265348523e-06,1.567474175494566,1.5675,-0.0002465827386239849,4.854291033335108e-06
5.708266265348523e-06,1.567474172995922,1.5675,-0.0002465833354499489,4.854291110051951e-06
5.710266265348523e-06,1.567474170412195,1.5675,-0.0002465827468840115,4.854291033907452e-06
5.712266265348523e-06,1.567474168092869,1.5675,-0.0002465833329996334,4.854291109586424e-06
5.714266265348523e-06,1.567474165691122,1.5675,-0.0002465827548380756,4.854291034581402e-06
5.716266265348523e-06,1.567474163535383,1.5675,-0.0002465833305098703,4.854291108963391e-06
5.718266265348523e-06,1.56747416130071,1.5675,-0.0002465827624607236,4.854291035279554e-06
5.720266265348524e-06,1.567474159295724,1.5675,-0.000246583327915209,4.854291108597185e-06
5.722266265348524e-06,1.567474157216624,1.5675,-0.0002465827697395646,4.854291035913403e-06
5.724266265348524e-06,1.567474155352863,1.5675,-0.0002465833253626929,4.854291107823514e-06
5.726266265348524e-06,1.567474153419801,1.5675,-0.0002465827766886039,4.85429103632478e-06
5.728266265348524e-06,1.567474151687408,1.5675,-0.0002465833226934857,4.854291107211687e-06
5.730266265348524e-06,1.567474149887844,1.5675,-0.0002465827833352677,4.854291036688369e-06
5.732266265348524e-06,1.567474148274118,1.5675,-0.0002465833200281947,4.854291106515713e-06
5.734266265348525e-06,1.56747414660093,1.5675,-0.0002465827897600724,4.854291037268435e-06
5.736266265348525e-06,1.567474145103045,1.5675,-0.0002465833173273004,4.85429110592146e-06
5.738266265348525e-06,1.567474143550576,1.5675,-0.000246582795896851,4.854291037563007e-06
5.740266265348525e-06,1.567474142161761,1.5675,-0.0002465833146178583,4.854291105224845e-06
5.742266265348525e-06,1.567474140723076,1.5675,-0.0002465828018391889,4.854291038308423e-06
5.744266265348525e-06,1.567474139437745,1.5675,-0.000246583311926927,4.854291104817771e-06
5.746266265348526e-06,1.567474138107572,1.5675,-0.0002465828075741935,4.854291038867263e-06
5.748266265348526e-06,1.567474136919238,1.5675,-0.0002465833091884614,4.854291104312532e-06
5.750266265348526e-06,1.567474135689841,1.5675,-0.0002465828130890972,4.854291039309433e-06
5.752266265348526e-06,1.567474134590847,1.5675,-0.0002465833064961097,4.854291103669231e-06
5.754266265348526e-06,1.567474133454522,1.5675,-0.0002465828183578787,4.854291039760848e-06
5.756266265348526e-06,1.567474132439205,1.5675,-0.0002465833038104795,4.854291103357145e-06
5.758266265348526e-06,1.567474131390974,1.5675,-0.0002465828234341197,4.85429104045437e-06
5.760266265348527e-06,1.567474130454275,1.5675,-0.0002465833011319443,4.854291102767076e-06
5.762266265348527e-06,1.567474129487979,1.5675,-0.0002465828283714233,4.854291040968057e-06
5.764266265348527e-06,1.567474128623726,1.5675,-0.0002465832985008523,4.854291102375178e-06
5.766266265348527e-06,1.567474127733878,1.5675,-0.000246582833103741,4.85429104147975e-06
5.768266265348527e-06,1.567474126936692,1.5675,-0.0002465832958511251,4.854291101812723e-06
5.770266265348527e-06,1.567474126116187,1.5675,-0.0002465828376448335,4.854291042119111e-06
5.772266265348527e-06,1.567474125379279,1.5675,-0.0002465832931699832,4.854291101444509e-06
5.774266265348528e-06,1.567474124622978,1.5675,-0.0002465828420350341,4.854291042527229e-06
5.776266265348528e-06,1.56747412393956,1.5675,-0.0002465832905243526,4.854291100876552e-06
5.778266265348528e-06,1.567474123235663,1.5675,-0.0002465828463282201,4.85429104283953e-06
5.780266265348528e-06,1.567474122599325,1.5675,-0.0002465832879415037,4.854291100287018e-06
5.782266265348528e-06,1.56747412194901,1.5675,-0.0002465828503916212,4.854291043334327e-06
5.784266265348528e-06,1.567474121358703,1.5675,-0.0002465832853283564,4.85429109991419e-06
5.786266265348529e-06,1.567474120757439,1.5675,-0.0002465828543318171,4.854291043856532e-06
5.788266265348529e-06,1.567474120209587,1.5675,-0.000246583282764991,4.854291099345118e-06
5.790266265348529e-06,1.567474119653614,1.5675,-0.000246582858162377,4.854291044289764e-06
5.792266265348529e-06,1.567474119144275,1.5675,-0.0002465832802516943,4.85429109902237e-06
5.794266265348529e-06,1.567474118630136,1.5675,-0.0002465828618968726,4.854291044788473e-06
5.796266265348529e-06,1.567474118156124,1.5675,-0.0002465832777621201,4.854291098467497e-06
5.798266265348529e-06,1.567474117679819,1.5675,-0.0002465828655089784,4.854291045361559e-06
5.80026626534853e-06,1.567474117237913,1.5675,-0.0002465832752965373,4.854291098181673e-06
5.80226626534853e-06,1.56747411679751,1.5675,-0.0002465828689457,4.854291045751316e-06
5.80426626534853e-06,1.567474116386834,1.5675,-0.0002465832728417537,4.854291097614088e-06
5.80626626534853e-06,1.567474115980728,1.5675,-0.0002465828723400946,4.854291046009379e-06
5.80826626534853e-06,1.567474115599379,1.5675,-0.0002465832704377892,4.854291097135272e-06
5.81026626534853e-06,1.567474115224486,1.5675,-0.0002465828755859758,4.854291046549325e-06
5.81226626534853e-06,1.567474114868356,1.5675,-0.000246583268018429,4.854291096711137e-06
5.814266265348531e-06,1.567474114521596,1.5675,-0.0002465828787367969,4.854291046850595e-06
5.816266265348531e-06,1.567474114189522,1.5675,-0.0002465832657034994,4.854291096240541e-06
5.818266265348531e-06,1.567474113869441,1.5675,-0.0002465828818192484,4.854291047363836e-06
5.820266265348531e-06,1.567474113559554,1.5675,-0.0002465832634266414,4.854291095990878e-06
5.822266265348531e-06,1.567474113264712,1.5675,-0.0002465828847935637,4.854291047885725e-06
5.824266265348531e-06,1.567474112976297,1.5675,-0.0002465832611746388,4.854291095515352e-06
5.826266265348532e-06,1.567474112705304,1.5675,-0.0002465828876731178,4.854291048244588e-06
5.828266265348532e-06,1.567474112436506,1.5675,-0.0002465832589476124,4.854291095193351e-06
5.830266265348532e-06,1.567474112186648,1.5675,-0.0002465828905245629,4.854291048836999e-06
5.832266265348532e-06,1.567474111935385,1.5675,-0.0002465832567457404,4.854291094863296e-06
5.834266265348532e-06,1.56747411170647,1.5675,-0.0002465828932682048,4.854291049125664e-06
5.836266265348532e-06,1.567474111472623,1.5675,-0.0002465832545956274,4.854291094310152e-06
5.838266265348532e-06,1.567474111262473,1.5675,-0.0002465828959307219,4.854291049453826e-06
5.840266265348533e-06,1.56747411104366,1.5675,-0.0002465832524575535,4.854291093988958e-06
5.842266265348533e-06,1.56747411085115,1.5675,-0.0002465828984723551,4.854291049888958e-06
5.844266265348533e-06,1.567474110647375,1.5675,-0.0002465832503581537,4.854291093530055e-06
5.846266265348533e-06,1.567474110472176,1.5675,-0.0002465829010127851,4.854291050106294e-06
5.848266265348533e-06,1.56747411028218,1.5675,-0.0002465832482841901,4.854291093078443e-06
5.850266265348533e-06,1.567474110122171,1.5675,-0.0002465829034457654,4.854291050450593e-06
5.852266265348534e-06,1.567474109944297,1.5675,-0.0002465832462756931,4.854291092688513e-06
5.854266265348534e-06,1.567474109797895,1.5675,-0.0002465829058113063,4.854291050801797e-06
5.856266265348534e-06,1.567474109630603,1.5675,-0.0002465832442928893,4.854291092174819e-06
5.858266265348534e-06,1.567474109496508,1.5675,-0.0002465829081759957,4.854291051150865e-06
5.860266265348534e-06,1.567474109338984,1.5675,-0.0002465832423358573,4.854291091889726e-06
5.862266265348534e-06,1.567474109217154,1.5675,-0.0002465829104069007,4.854291051477208e-06
5.864266265348534e-06,1.567474109069391,1.5675,-0.0002465832404178953,4.854291091516046e-06
5.866266265348535e-06,1.567474108958288,1.5675,-0.000246582912623747,4.854291051984655e-06
5.868266265348535e-06,1.567474108819491,1.5675,-0.0002465832385257938,4.854291091097175e-06
5.870266265348535e-06,1.567474108719372,1.5675,-0.0002465829147999617,4.854291052102492e-06
5.872266265348535e-06,1.567474108589316,1.5675,-0.0002465832367127374,4.854291090651908e-06
5.874266265348535e-06,1.567474108499054,1.5675,-0.0002465829168824093,4.854291052473327e-06
5.876266265348535e-06,1.567474108376493,1.5675,-0.0002465832348591461,4.854291090286982e-06
5.878266265348535e-06,1.567474108294618,1.5675,-0.0002465829189243765,4.854291052712804e-06
5.880266265348536e-06,1.567474108177895,1.5675,-0.0002465832330449151,4.85429108992202e-06
5.882266265348536e-06,1.567474108104038,1.5675,-0.0002465829209392354,4.854291053029101e-06
5.884266265348536e-06,1.567474107994253,1.5675,-0.0002465832313232032,4.854291089556112e-06
5.886266265348536e-06,1.567474107928246,1.5675,-0.0002465829228338757,4.854291053467576e-06
5.888266265348536e-06,1.567474107824156,1.5675,-0.0002465832296142839,4.854291089364754e-06
5.890266265348536e-06,1.567474107764747,1.5675,-0.0002465829247679483,4.854291053862756e-06
5.892266265348537e-06,1.567474107664979,1.5675,-0.0002465832278783655,4.854291089116497e-06
5.894266265348537e-06,1.567474107611283,1.5675,-0.0002465829266351651,4.854291054250999e-06
5.896266265348537e-06,1.567474107516165,1.5675,-0.0002465832261686544,4.854291088796611e-06
5.898266265348537e-06,1.567474107468401,1.5675,-0.0002465829284488023,4.854291054674856e-06
5.900266265348537e-06,1.567474107378156,1.5675,-0.0002465832245782098,4.854291088623928e-06
5.902266265348537e-06,1.56747410733628,1.5675,-0.0002465829301556674,4.85429105504344e-06
5.904266265348537e-06,1.567474107250441,1.5675,-0.0002465832229076033,4.854291088237948e-06
5.906266265348538e-06,1.567474107214152,1.5675,-0.0002465829319685326,4.854291055386399e-06
5.908266265348538e-06,1.567474107132574,1.5675,-0.0002465832213430025,4.854291088045555e-06
5.910266265348538e-06,1.567474107101506,1.5675,-0.0002465829336879697,4.854291055881662e-06
5.912266265348538e-06,1.567474107024146,1.5675,-0.0002465832198046435,4.854291087832266e-06
5.914266265348538e-06,1.567474106997817,1.5675,-0.0002465829352874052,4.854291056085129e-06
5.916266265348538e-06,1.567474106923647,1.5675,-0.0002465832183058791,4.854291087368917e-06
5.918266265348538e-06,1.567474106901239,1.5675,-0.0002465829369131691,4.854291056182619e-06
5.920266265348539e-06,1.567474106830079,1.5675,-0.0002465832168068567,4.854291086967853e-06
5.922266265348539e-06,1.567474106811652,1.5675,-0.0002465829385253766,4.854291056567517e-06
5.924266265348539e-06,1.56747410674336,1.5675,-0.0002465832152809866,4.854291086817925e-06
5.926266265348539e-06,1.567474106728111,1.5675,-0.0002465829400841731,4.854291056913439e-06
5.928266265348539e-06,1.567474106662323,1.5675,-0.000246583213861277,4.854291086578208e-06
5.930266265348539e-06,1.567474106650809,1.5675,-0.0002465829416161446,4.854291057251539e-06
5.93226626534854e-06,1.567474106587949,1.5675,-0.0002465832124413196,4.854291086180674e-06
5.93426626534854e-06,1.567474106580347,1.5675,-0.0002465829431079723,4.854291057352348e-06
5.93626626534854e-06,1.56747410652041,1.5675,-0.0002465832110477009,4.85429108580669e-06
5.93826626534854e-06,1.567474106515969,1.5675,-0.0002465829445862771,4.854291057687623e-06
5.94026626534854e-06,1.56747410645844,1.5675,-0.0002465832096538751,4.854291085640151e-06
5.94226626534854e-06,1.567474106456866,1.5675,-0.0002465829460111997,4.854291058039771e-06
5.94426626534854e-06,1.567474106400878,1.5675,-0.0002465832082731817,4.85429108546029e-06
5.946266265348541e-06,1.567474106401106,1.5675,-0.0002465829473961085,4.854291058400636e-06
5.948266265348541e-06,1.567474106346401,1.5675,-0.0002465832069322631,4.854291085105631e-06
5.950266265348541e-06,1.567474106348802,1.5675,-0.0002465829487675922,4.854291058474312e-06
5.952266265348541e-06,1.567474106296259,1.5675,-0.0002465832056443692,4.854291084716472e-06
5.954266265348541e-06,1.567474106301461,1.5675,-0.0002465829501787809,4.854291058939122e-06
5.956266265348541e-06,1.567474106250982,1.5675,-0.0002465832043828872,4.85429108477178e-06
5.958266265348541e-06,1.567474106258534,1.5675,-0.0002465829514701369,4.854291059340509e-06
5.960266265348542e-06,1.567474106209941,1.5675,-0.0002465832031611371,4.854291084443812e-06
5.962266265348542e-06,1.567474106220011,1.5675,-0.0002465829527746256,4.854291059454187e-06
5.964266265348542e-06,1.567474106173646,1.5675,-0.0002465832018860246,4.854291084043956e-06
5.966266265348542e-06,1.567474106185701,1.5675,-0.0002465829540390681,4.854291059587907e-06
5.968266265348542e-06,1.567474106140604,1.5675,-0.0002465832006506804,4.854291083701771e-06
5.970266265348542e-06,1.567474106153961,1.5675,-0.0002465829553167116,4.854291059858356e-06
5.972266265348543e-06,1.567474106109233,1.5675,-0.0002465831994551636,4.854291083591434e-06
5.974266265348543e-06,1.567474106123351,1.5675,-0.0002465829565145339,4.854291060149855e-06
5.976266265348543e-06,1.567474106079457,1.5675,-0.000246583198299477,4.854291083340999e-06
5.978266265348543e-06,1.567474106095026,1.5675,-0.0002465829577654573,4.854291060411487e-06
5.980266265348543e-06,1.567474106052814,1.5675,-0.0002465831971037843,4.854291082978481e-06
5.982266265348543e-06,1.567474106069861,1.5675,-0.0002465829589364843,4.85429106049034e-06
5.984266265348543e-06,1.567474106028145,1.5675,-0.0002465831959877971,4.854291082687325e-06
5.986266265348544e-06,1.567474106045869,1.5675,-0.0002465829601340605,4.854291060847419e-06
5.988266265348544e-06,1.567474106004707,1.5675,-0.0002465831948850605,4.854291082615618e-06
5.990266265348544e-06,1.567474106023442,1.5675,-0.0002465829612650961,4.854291061143458e-06
5.992266265348544e-06,1.567474105983216,1.5675,-0.0002465831937556587,4.854291082429514e-06
5.994266265348544e-06,1.567474106002754,1.5675,-0.0002465829624093636,4.854291061402387e-06
5.996266265348544e-06,1.567474105962822,1.5675,-0.0002465831926794019,4.854291082073566e-06
5.998266265348544e-06,1.567474105982534,1.5675,-0.0002465829634738346,4.854291061484579e-06
6.000266265348545e-06,1.567474105942471,1.5675,-0.00024658319161644,4.854291081760916e-06
6.002266265348545e-06,1.567474105962381,1.5675,-0.0002465829645648962,4.85429106177017e-06
6.004266265348545e-06,1.567474105922336,1.5675,-0.0002465831905401736,4.854291081697859e-06
6.006266265348545e-06,1.567474105942363,1.5675,-0.0002465829656559527,4.854291062172454e-06
6.008266265348545e-06,1.567474105903164,1.5675,-0.0002465831895037609,4.854291081659884e-06
6.010266265348545e-06,1.567474105924599,1.5675,-0.0002465829666937395,4.854291062498201e-06
6.012266265348546e-06,1.567474105886604,1.5675,-0.000246583188467251,4.854291081529554e-06
6.014266265348546e-06,1.567474105909141,1.5675,-0.000246582967744737,4.854291062778573e-06
6.016266265348546e-06,1.567474105872213,1.5675,-0.0002465831874572533,4.854291081102577e-06
6.018266265348546e-06,1.5674741058959,1.5675,-0.000246582968742466,4.854291062671233e-06
6.020266265348546e-06,1.567474105860035,1.5675,-0.0002465831864737663,4.85429108073558e-06
6.022266265348546e-06,1.567474105884632,1.5675,-0.0002465829697002322,4.854291062898195e-06
6.024266265348546e-06,1.567474105849342,1.5675,-0.000246583185490224,4.854291080615151e-06
6.026266265348547e-06,1.567474105874119,1.5675,-0.0002465829707111562,4.854291063144066e-06
6.028266265348547e-06,1.567474105838818,1.5675,-0.0002465831845332685,4.854291080433963e-06
6.030266265348547e-06,1.567474105863493,1.5675,-0.000246582971655602,4.854291063363215e-06
6.032266265348547e-06,1.567474105828206,1.5675,-0.0002465831835763163,4.854291080247095e-06
6.034266265348547e-06,1.567474105853103,1.5675,-0.000246582972653225,4.854291063588211e-06
6.036266265348547e-06,1.567474105818195,1.5675,-0.0002465831826592311,4.854291079949225e-06
6.038266265348547e-06,1.567474105843127,1.5675,-0.0002465829735178677,4.854291063649327e-06
6.040266265348548e-06,1.56747410580821,1.5675,-0.000246583181715552,4.85429107967938e-06
6.042266265348548e-06,1.567474105832927,1.5675,-0.0002465829744755942,4.854291063923233e-06
6.044266265348548e-06,1.567474105797888,1.5675,-0.0002465831808649608,4.854291079625839e-06
6.046266265348548e-06,1.567474105822778,1.5675,-0.0002465829753934292,4.85429106416322e-06
6.048266265348548e-06,1.567474105788184,1.5675,-0.0002465831799611607,4.854291079452243e-06
6.050266265348548e-06,1.567474105813279,1.5675,-0.0002465829762713508,4.854291064340351e-06
6.052266265348549e-06,1.567474105778749,1.5675,-0.0002465831790440541,4.854291079234727e-06
6.054266265348549e-06,1.567474105803535,1.5675,-0.0002465829771226883,4.854291064533822e-06
6.056266265348549e-06,1.567474105768814,1.5675,-0.0002465831781934486,4.854291079047819e-06
6.058266265348549e-06,1.567474105793738,1.5675,-0.0002465829779873244,4.85429106469072e-06
6.060266265348549e-06,1.567474105760027,1.5675,-0.0002465831773560967,4.854291078716307e-06
6.062266265348549e-06,1.567474105785706,1.5675,-0.0002465829789050807,4.854291064713911e-06
6.064266265348549e-06,1.567474105752213,1.5675,-0.0002465831765585982,4.854291078480239e-06
6.06626626534855e-06,1.567474105777993,1.5675,-0.0002465829796898604,4.854291065003323e-06
6.06826626534855e-06,1.567474105745023,1.5675,-0.0002465831756812976,4.85429107842848e-06
6.07026626534855e-06,1.567474105770836,1.5675,-0.0002465829805278052,4.854291065212389e-06
6.07226626534855e-06,1.567474105738236,1.5675,-0.0002465831748970574,4.854291078308468e-06
6.07426626534855e-06,1.567474105764835,1.5675,-0.0002465829813524106,4.854291065466126e-06
6.07626626534855e-06,1.567474105733267,1.5675,-0.0002465831740861565,4.854291078165808e-06
6.07826626534855e-06,1.567474105760174,1.5675,-0.0002465829821636697,4.854291065730854e-06
6.080266265348551e-06,1.567474105728943,1.5675,-0.0002465831733151211,4.854291077983625e-06
6.082266265348551e-06,1.567474105756684,1.5675,-0.0002465829829615888,4.854291065813909e-06
6.084266265348551e-06,1.567474105726791,1.5675,-0.0002465831725041155,4.854291077821308e-06
6.086266265348551e-06,1.567474105755188,1.5675,-0.0002465829837594335,4.854291065942582e-06
6.088266265348551e-06,1.567474105725932,1.5675,-0.0002465831717462477,4.854291077494759e-06
6.090266265348551e-06,1.567474105754713,1.5675,-0.000246582984464165,4.85429106597475e-06
6.092266265348552e-06,1.567474105725925,1.5675,-0.0002465831709883482,4.854291077273216e-06
6.094266265348552e-06,1.56747410575439,1.5675,-0.0002465829852752627,4.854291066204878e-06
6.096266265348552e-06,1.56747410572517,1.5675,-0.0002465831702304766,4.854291077251149e-06
6.098266265348552e-06,1.567474105753288,1.5675,-0.0002465829860066105,4.854291066428194e-06
6.100266265348552e-06,1.567474105723959,1.5675,-0.000246583169472622,4.854291077135701e-06
6.102266265348552e-06,1.56747410575127,1.5675,-0.0002465829867778818,4.854291066619504e-06
6.104266265348552e-06,1.567474105721505,1.5675,-0.0002465831687679994,4.854291076980469e-06
6.106266265348553e-06,1.567474105748525,1.5675,-0.0002465829874959942,4.854291066785118e-06
6.108266265348553e-06,1.56747410571845,1.5675,-0.0002465831679836204,4.854291076713319e-06
6.110266265348553e-06,1.567474105744341,1.5675,-0.0002465829882274565,4.85429106677594e-06
6.112266265348553e-06,1.567474105713568,1.5675,-0.0002465831673189777,4.854291076467508e-06
6.114266265348553e-06,1.567474105739349,1.5675,-0.0002465829889190596,4.854291066867822e-06
6.116266265348553e-06,1.567474105709086,1.5675,-0.0002465831666011342,4.854291076306251e-06
6.118266265348553e-06,1.56747410573481,1.5675,-0.0002465829896239421,4.854291067028596e-06
6.120266265348554e-06,1.567474105704825,1.5675,-0.0002465831659231718,4.8542910761516e-06
6.122266265348554e-06,1.567474105730532,1.5675,-0.0002465829903155186,4.854291067283677e-06
6.124266265348554e-06,1.567474105700728,1.5675,-0.000246583165205314,4.854291076146001e-06
6.126266265348554e-06,1.567474105726719,1.5675,-0.0002465829910070777,4.854291067479051e-06
6.128266265348554e-06,1.567474105697405,1.5675,-0.0002465831645406133,4.85429107600965e-06
6.130266265348554e-06,1.567474105723311,1.5675,-0.0002465829916853253,4.854291067651169e-06
6.132266265348555e-06,1.567474105694586,1.5675,-0.0002465831638493009,4.854291075896607e-06
6.134266265348555e-06,1.567474105721314,1.5675,-0.0002465829923635204,4.854291067792521e-06
6.136266265348555e-06,1.567474105693591,1.5675,-0.00024658316319781,4.854291075643418e-06
6.138266265348555e-06,1.567474105720469,1.5675,-0.0002465829930017832,4.854291067787093e-06
6.140266265348555e-06,1.567474105693162,1.5675,-0.0002465831625462981,4.854291075433528e-06
6.142266265348555e-06,1.567474105720125,1.5675,-0.0002465829936799169,4.85429106790231e-06
6.144266265348555e-06,1.567474105692858,1.5675,-0.0002465831619080781,4.854291075319342e-06
6.146266265348556e-06,1.567474105719771,1.5675,-0.0002465829943048649,4.854291068173904e-06
6.148266265348556e-06,1.567474105692881,1.5675,-0.0002465831613097354,4.85429107530939e-06
6.150266265348556e-06,1.567474105719844,1.5675,-0.0002465829949563899,4.854291068347517e-06
6.152266265348556e-06,1.567474105693611,1.5675,-0.0002465831606581804,4.854291075221343e-06
6.154266265348556e-06,1.567474105720967,1.5675,-0.0002465829955679866,4.854291068490746e-06
6.156266265348556e-06,1.567474105695414,1.5675,-0.0002465831600198819,4.854291075105145e-06
6.158266265348556e-06,1.567474105722795,1.5675,-0.0002465829961928535,4.854291068653663e-06
6.160266265348557e-06,1.567474105697462,1.5675,-0.0002465831593948709,4.854291074953603e-06
6.162266265348557e-06,1.567474105725079,1.5675,-0.0002465829967645174,4.854291068748152e-06
6.164266265348557e-06,1.567474105700216,1.5675,-0.0002465831587698336,4.854291074821849e-06
6.166266265348557e-06,1.567474105727847,1.5675,-0.0002465829974026458,4.854291068903071e-06
6.168266265348557e-06,1.567474105703181,1.5675,-0.0002465831581580848,4.854291074742103e-06
6.170266265348557e-06,1.567474105730184,1.5675,-0.0002465829979876043,4.854291069034027e-06
6.172266265348558e-06,1.567474105705029,1.5675,-0.0002465831575729707,4.854291074462752e-06
6.174266265348558e-06,1.56747410573143,1.5675,-0.0002465829986257893,4.854291068998126e-06
6.176266265348558e-06,1.567474105706208,1.5675,-0.0002465831570011779,4.854291074299457e-06
6.178266265348558e-06,1.567474105732013,1.5675,-0.0002465829992241094,4.854291069213146e-06
6.180266265348558e-06,1.567474105706218,1.5675,-0.0002465831564161322,4.854291074294916e-06
6.182266265348558e-06,1.567474105731248,1.5675,-0.0002465829997692938,4.854291069495346e-06
6.184266265348558e-06,1.567474105705507,1.5675,-0.0002465831558444097,4.854291074405503e-06
6.186266265348559e-06,1.567474105730692,1.5675,-0.00024658300035436,4.854291069742274e-06
6.188266265348559e-06,1.567474105705212,1.5675,-0.0002465831552992647,4.854291074363262e-06
6.190266265348559e-06,1.567474105730343,1.5675,-0.0002465830009261218,4.854291069872485e-06
6.192266265348559e-06,1.567474105705007,1.5675,-0.00024658315474082,4.854291074244958e-06
6.194266265348559e-06,1.567474105729465,1.5675,-0.0002465830014713105,4.854291070005082e-06
6.196266265348559e-06,1.567474105704374,1.5675,-0.0002465831541956876,4.854291074016366e-06
6.198266265348559e-06,1.567474105729037,1.5675,-0.0002465830020031858,4.854291069979571e-06
6.20026626534856e-06,1.567474105703747,1.5675,-0.000246583153650555,4.854291073867928e-06
6.20226626534856e-06,1.567474105727692,1.5675,-0.0002465830025483918,4.854291070066043e-06
6.20426626534856e-06,1.567474105702104,1.5675,-0.0002465831530655706,4.854291073730258e-06
6.20626626534856e-06,1.567474105725437,1.5675,-0.0002465830030936316,4.854291070119023e-06
6.20826626534856e-06,1.567474105699921,1.5675,-0.0002465831525603854,4.854291073458221e-06
6.21026626534856e-06,1.567474105722838,1.5675,-0.0002465830036255878,4.854291070047991e-06
6.212266265348561e-06,1.567474105696784,1.5675,-0.0002465831519754567,4.854291073258868e-06
6.214266265348561e-06,1.567474105718726,1.5675,-0.0002465830041708967,4.854291070129241e-06
6.216266265348561e-06,1.567474105692276,1.5675,-0.0002465831514703579,4.854291073162484e-06
6.218266265348561e-06,1.567474105713626,1.5675,-0.0002465830046896494,4.854291070209931e-06
6.220266265348561e-06,1.567474105686724,1.5675,-0.0002465831509387049,4.854291073029394e-06
6.222266265348561e-06,1.567474105707321,1.5675,-0.0002465830051685574,4.854291070398952e-06
6.224266265348561e-06,1.567474105680388,1.5675,-0.0002465831504203776,4.854291073065398e-06
6.226266265348562e-06,1.567474105701152,1.5675,-0.0002465830057006464,4.854291070610387e-06
6.228266265348562e-06,1.567474105674856,1.5675,-0.000246583149888724,4.854291073026267e-06
6.230266265348562e-06,1.567474105695974,1.5675,-0.000246583006219402,4.854291070743267e-06
6.232266265348562e-06,1.567474105670631,1.5675,-0.0002465831494235041,4.854291073001056e-06
6.234266265348562e-06,1.567474105692225,1.5675,-0.0002465830067248079,4.854291070865515e-06
6.236266265348562e-06,1.567474105667555,1.5675,-0.0002465831489050556,4.854291072859102e-06
6.238266265348563e-06,1.567474105689419,1.5675,-0.0002465830072168822,4.854291070909393e-06
6.240266265348563e-06,1.56747410566542,1.5675,-0.000246583148413165,4.854291072724058e-06
6.242266265348563e-06,1.567474105688143,1.5675,-0.0002465830077221962,4.854291071016413e-06
6.244266265348563e-06,1.567474105665244,1.5675,-0.0002465831479212015,4.854291072547476e-06
6.246266265348563e-06,1.567474105688144,1.5675,-0.0002465830082274627,4.85429107099688e-06
6.248266265348563e-06,1.567474105665615,1.5675,-0.0002465831474425142,4.854291072384642e-06
6.250266265348563e-06,1.567474105688695,1.5675,-0.0002465830086928192,4.854291071008854e-06
6.252266265348564e-06,1.567474105666595,1.5675,-0.0002465831469372113,4.854291072253127e-06
6.254266265348564e-06,1.567474105689678,1.5675,-0.0002465830091714561,4.854291071080757e-06
6.256266265348564e-06,1.567474105668062,1.5675,-0.0002465831464850762,4.854291072144714e-06
6.258266265348564e-06,1.567474105690977,1.5675,-0.0002465830096633778,4.854291071137412e-06
6.260266265348564e-06,1.567474105669077,1.5675,-0.0002465831459930684,4.854291072037425e-06
6.262266265348564e-06,1.567474105691336,1.5675,-0.000246583010142038,4.854291071239255e-06
6.264266265348564e-06,1.567474105669194,1.5675,-0.0002465831455409835,4.854291071974465e-06
6.266266265348565e-06,1.567474105690875,1.5675,-0.0002465830105941357,4.854291071495908e-06
6.268266265348565e-06,1.567474105668565,1.5675,-0.0002465831450490369,4.854291072074054e-06
6.270266265348565e-06,1.567474105690196,1.5675,-0.0002465830110728345,4.854291071605173e-06
6.272266265348565e-06,1.567474105668514,1.5675,-0.0002465831445969583,4.854291071996671e-06
6.274266265348565e-06,1.567474105690444,1.5675,-0.0002465830115249057,4.854291071742497e-06
6.276266265348565e-06,1.567474105669262,1.5675,-0.0002465831441448498,4.854291071937497e-06
6.278266265348566e-06,1.567474105691393,1.5675,-0.000246583012003544,4.854291071829872e-06
6.280266265348566e-06,1.567474105670946,1.5675,-0.0002465831437192997,4.85429107188461e-06
6.282266265348566e-06,1.567474105693612,1.5675,-0.0002465830124422455,4.85429107193085e-06
6.284266265348566e-06,1.567474105674025,1.5675,-0.0002465831432538082,4.85429107177894e-06
6.286266265348566e-06,1.567474105697119,1.5675,-0.0002465830128808991,4.854291071976441e-06
6.288266265348566e-06,1.567474105677774,1.5675,-0.0002465831427882916,4.854291071717429e-06
6.290266265348566e-06,1.567474105700401,1.5675,-0.0002465830133328575,4.85429107210478e-06
6.292266265348567e-06,1.567474105681061,1.5675,-0.0002465831423626817,4.854291071539168e-06
6.294266265348567e-06,1.567474105703577,1.5675,-0.0002465830137715235,4.854291072027737e-06
6.296266265348567e-06,1.567474105684477,1.5675,-0.0002465831419503636,4.854291071353363e-06
6.298266265348567e-06,1.567474105706873,1.5675,-0.0002465830141835919,4.854291071997084e-06
6.300266265348567e-06,1.567474105687593,1.5675,-0.0002465831415247602,4.854291071224842e-06
6.302266265348567e-06,1.567474105709284,1.5675,-0.0002465830146355828,4.854291072047446e-06
6.304266265348567e-06,1.56747410568971,1.5675,-0.0002465831410991938,4.854291071117229e-06
6.306266265348568e-06,1.567474105710565,1.5675,-0.0002465830150344297,4.854291072094671e-06
6.308266265348568e-06,1.56747410569058,1.5675,-0.000246583140647081,4.854291071069824e-06
6.310266265348568e-06,1.567474105710759,1.5675,-0.0002465830154599101,4.854291072213919e-06
6.312266265348568e-06,1.567474105690243,1.5675,-0.0002465831402216058,4.854291070977928e-06
6.314266265348568e-06,1.56747410570992,1.5675,-0.0002465830159120218,4.854291072265106e-06
6.316266265348568e-06,1.567474105689281,1.5675,-0.0002465831398227471,4.854291070913025e-06
6.318266265348569e-06,1.567474105708399,1.5675,-0.0002465830162976765,4.854291072453212e-06
6.320266265348569e-06,1.567474105687688,1.5675,-0.0002465831393973188,4.854291071029635e-06
6.322266265348569e-06,1.567474105706466,1.5675,-0.0002465830166833465,4.854291072651975e-06
6.324266265348569e-06,1.567474105685817,1.5675,-0.0002465831389851973,4.854291071011807e-06
6.326266265348569e-06,1.56747410570472,1.5675,-0.0002465830171354921,4.854291072696513e-06
6.328266265348569e-06,1.567474105684764,1.5675,-0.0002465831385996384,4.854291070944501e-06
6.330266265348569e-06,1.567474105704117,1.5675,-0.0002465830175477055,4.854291072901622e-06
6.33226626534857e-06,1.567474105685031,1.5675,-0.0002465831381608444,4.854291071027776e-06
6.33426626534857e-06,1.567474105704867,1.5675,-0.0002465830179598687,4.854291073031321e-06
6.33626626534857e-06,1.567474105686094,1.5675,-0.0002465831378150962,4.854291071032648e-06
6.33826626534857e-06,1.567474105705847,1.5675,-0.0002465830183055409,4.854291073137327e-06
6.34026626534857e-06,1.567474105687469,1.5675,-0.0002465831373895574,4.854291070980626e-06
6.34226626534857e-06,1.567474105707164,1.5675,-0.000246583018717683,4.854291073241428e-06
6.34426626534857e-06,1.567474105688799,1.5675,-0.0002465831369906134,4.854291070958824e-06
6.346266265348571e-06,1.567474105707957,1.5675,-0.0002465830191032516,4.854291073299452e-06
6.348266265348571e-06,1.567474105689471,1.5675,-0.0002465831365916938,4.854291070849397e-06
6.350266265348571e-06,1.567474105708472,1.5675,-0.0002465830195021271,4.854291073356717e-06
6.352266265348571e-06,1.567474105689911,1.5675,-0.0002465831362326724,4.854291070809292e-06
6.354266265348571e-06,1.567474105708447,1.5675,-0.0002465830198611331,4.854291073408643e-06
6.356266265348571e-06,1.567474105689865,1.5675,-0.0002465831358337794,4.854291070772499e-06
6.358266265348572e-06,1.567474105708331,1.5675,-0.0002465830202467355,4.854291073495759e-06
6.360266265348572e-06,1.567474105690259,1.5675,-0.0002465831354614632,4.854291070696299e-06
6.362266265348572e-06,1.567474105708926,1.5675,-0.000246583020672201,4.854291073512835e-06
6.364266265348572e-06,1.567474105691059,1.5675,-0.0002465831350758353,4.854291070489615e-06
6.366266265348572e-06,1.567474105709462,1.5675,-0.0002465830210444827,4.854291073441045e-06
6.368266265348572e-06,1.56747410569183,1.5675,-0.0002465831347300979,4.854291070373932e-06
6.370266265348572e-06,1.567474105710366,1.5675,-0.0002465830213901577,4.854291073433286e-06
6.372266265348573e-06,1.567474105693054,1.5675,-0.0002465831343710473,4.854291070307018e-06
6.374266265348573e-06,1.567474105711496,1.5675,-0.0002465830217624173,4.854291073477082e-06
6.376266265348573e-06,1.567474105694248,1.5675,-0.0002465831339987013,4.854291070075408e-06
6.378266265348573e-06,1.567474105712478,1.5675,-0.0002465830221213859,4.854291073354399e-06
6.380266265348573e-06,1.567474105695382,1.5675,-0.0002465831335997644,4.854291069985407e-06
6.382266265348573e-06,1.567474105713508,1.5675,-0.0002465830224936492,4.854291073365977e-06
6.384266265348573e-06,1.5674741056968,1.5675,-0.0002465831332407066,4.854291069881182e-06
6.386266265348574e-06,1.567474105714793,1.5675,-0.0002465830228526065,4.854291073392035e-06
6.388266265348574e-06,1.567474105697663,1.5675,-0.0002465831328949658,4.854291069847245e-06
6.390266265348574e-06,1.567474105714949,1.5675,-0.0002465830231983094,4.854291073562955e-06
6.392266265348574e-06,1.567474105697604,1.5675,-0.0002465831325359629,4.854291069901243e-06
6.394266265348574e-06,1.567474105714554,1.5675,-0.0002465830235573292,4.854291073697147e-06
6.396266265348574e-06,1.567474105697224,1.5675,-0.0002465831321902684,4.854291069942138e-06
6.398266265348575e-06,1.56747410571401,1.5675,-0.0002465830239030581,4.854291073768169e-06
6.400266265348575e-06,1.567474105696846,1.5675,-0.0002465831318312773,4.854291069893549e-06
6.402266265348575e-06,1.567474105713376,1.5675,-0.0002465830242620868,4.854291073832544e-06
6.404266265348575e-06,1.567474105696453,1.5675,-0.0002465831314722868,4.85429106984618e-06
6.406266265348575e-06,1.567474105713345,1.5675,-0.0002465830245812036,4.854291073836313e-06
6.408266265348575e-06,1.567474105696972,1.5675,-0.0002465831311664483,4.854291069772059e-06
6.410266265348575e-06,1.567474105713999,1.5675,-0.0002465830249135914,4.854291073928573e-06
6.412266265348576e-06,1.5674741056979,1.5675,-0.0002465831308074087,4.854291069752602e-06
6.414266265348576e-06,1.567474105714988,1.5675,-0.0002465830252459669,4.854291073952947e-06
6.416266265348576e-06,1.567474105699286,1.5675,-0.0002465831304882414,4.854291069695522e-06
6.418266265348576e-06,1.567474105716341,1.5675,-0.0002465830255916251,4.854291073905239e-06
6.420266265348576e-06,1.567474105700865,1.5675,-0.000246583130115881,4.854291069524128e-06
6.422266265348576e-06,1.567474105717884,1.5675,-0.0002465830259239799,4.854291073877718e-06
6.424266265348576e-06,1.567474105702404,1.5675,-0.0002465831298100046,4.854291069402325e-06
6.426266265348577e-06,1.567474105718871,1.5675,-0.0002465830262563553,4.854291073871297e-06
6.428266265348577e-06,1.567474105703067,1.5675,-0.0002465831294908643,4.854291069348351e-06
6.430266265348577e-06,1.567474105718884,1.5675,-0.000246583026588767,4.854291073927779e-06
6.432266265348577e-06,1.567474105702455,1.5675,-0.0002465831291451784,4.854291069282501e-06
6.434266265348577e-06,1.567474105717556,1.5675,-0.0002465830269079321,4.854291073957469e-06
6.436266265348577e-06,1.5674741057009,1.5675,-0.0002465831287995276,4.854291069142395e-06
6.438266265348578e-06,1.567474105715554,1.5675,-0.0002465830272138257,4.854291073841915e-06
6.440266265348578e-06,1.567474105698634,1.5675,-0.0002465831284406067,4.854291069019433e-06
6.442266265348578e-06,1.567474105712753,1.5675,-0.0002465830275596386,4.85429107385203e-06
6.444266265348578e-06,1.567474105695542,1.5675,-0.0002465831281216061,4.854291068987761e-06
6.446266265348578e-06,1.567474105709098,1.5675,-0.0002465830279054832,4.85429107388014e-06
6.448266265348578e-06,1.567474105691891,1.5675,-0.0002465831278159227,4.854291068925643e-06
6.450266265348578e-06,1.567474105705589,1.5675,-0.0002465830282247294,4.854291073950893e-06
6.452266265348579e-06,1.567474105688936,1.5675,-0.0002465831274836205,4.854291068907746e-06
6.454266265348579e-06,1.56747410570283,1.5675,-0.0002465830285040583,4.854291073946065e-06
6.456266265348579e-06,1.56747410568642,1.5675,-0.0002465831272044878,4.854291068844533e-06
6.458266265348579e-06,1.56747410570018,1.5675,-0.000246583028836569,4.854291073997925e-06
6.460266265348579e-06,1.567474105683934,1.5675,-0.0002465831268854647,4.854291068803734e-06
6.462266265348579e-06,1.567474105697821,1.5675,-0.0002465830291557724,4.854291074014567e-06
6.464266265348579e-06,1.567474105682041,1.5675,-0.0002465831265531229,4.854291068730797e-06
6.46626626534858e-06,1.567474105695994,1.5675,-0.0002465830294616596,4.854291074017438e-06
6.46826626534858e-06,1.567474105680217,1.5675,-0.0002465831262606681,4.854291068663855e-06
6.47026626534858e-06,1.567474105693675,1.5675,-0.0002465830297808615,4.854291074040535e-06
6.47226626534858e-06,1.567474105677739,1.5675,-0.0002465831259283481,4.85429106862523e-06
6.47426626534858e-06,1.567474105690985,1.5675,-0.0002465830300867808,4.854291074067157e-06
6.47626626534858e-06,1.567474105675061,1.5675,-0.000246583125635925,4.854291068599524e-06
6.478266265348581e-06,1.567474105688135,1.5675,-0.0002465830304060025,4.85429107410278e-06
6.480266265348581e-06,1.567474105672601,1.5675,-0.0002465831253036043,4.854291068555409e-06
6.482266265348581e-06,1.567474105686186,1.5675,-0.0002465830306587082,4.854291074131388e-06
6.484266265348581e-06,1.567474105671111,1.5675,-0.00024658312503773,4.854291068553901e-06
6.486266265348581e-06,1.567474105684951,1.5675,-0.0002465830309645733,4.854291074327133e-06
6.488266265348581e-06,1.567474105670681,1.5675,-0.0002465831247452234,4.854291068672618e-06
6.490266265348581e-06,1.567474105685004,1.5675,-0.0002465830312437976,4.854291074403118e-06
6.492266265348582e-06,1.567474105671501,1.5675,-0.0002465831244526702,4.854291068708326e-06
6.494266265348582e-06,1.567474105686335,1.5675,-0.0002465830315362708,4.854291074507136e-06
6.496266265348582e-06,1.567474105673327,1.5675,-0.0002465831241600795,4.854291068683393e-06
6.498266265348582e-06,1.567474105688281,1.5675,-0.0002465830318553141,4.854291074520577e-06
6.500266265348582e-06,1.567474105675751,1.5675,-0.0002465831238674666,4.854291068681554e-06
6.502266265348582e-06,1.567474105691091,1.5675,-0.0002465830321477323,4.85429107456721e-06
6.504266265348582e-06,1.567474105679028,1.5675,-0.000246583123574822,4.854291068641228e-06
6.506266265348583e-06,1.567474105694351,1.5675,-0.0002465830324667267,4.854291074605113e-06
6.508266265348583e-06,1.567474105682274,1.5675,-0.0002465831233353645,4.854291068622377e-06
6.510266265348583e-06,1.567474105697642,1.5675,-0.0002465830327591269,4.854291074632303e-06
6.512266265348583e-06,1.567474105686053,1.5675,-0.0002465831230161083,4.854291068564778e-06
6.514266265348583e-06,1.567474105701292,1.5675,-0.0002465830330382173,4.854291074643376e-06
6.516266265348583e-06,1.567474105689535,1.5675,-0.0002465831227633455,4.85429106855054e-06
6.518266265348584e-06,1.567474105704517,1.5675,-0.0002465830333040272,4.854291074678732e-06
6.520266265348584e-06,1.567474105692851,1.5675,-0.0002465831224574029,4.854291068499664e-06
6.522266265348584e-06,1.567474105707601,1.5675,-0.0002465830335831386,4.854291074696816e-06
6.524266265348584e-06,1.567474105695637,1.5675,-0.0002465831221913696,4.854291068493369e-06
6.526266265348584e-06,1.567474105709902,1.5675,-0.0002465830338489827,4.854291074704775e-06
6.528266265348584e-06,1.56747410569781,1.5675,-0.0002465831218588766,4.854291068451084e-06
6.530266265348584e-06,1.567474105711699,1.5675,-0.0002465830341547351,4.854291074761033e-06
6.532266265348585e-06,1.567474105699418,1.5675,-0.0002465831216327765,4.854291068420446e-06
6.534266265348585e-06,1.567474105713017,1.5675,-0.0002465830344339123,4.854291074736533e-06
6.536266265348585e-06,1.56747410570054,1.5675,-0.0002465831213269156,4.854291068362646e-06
6.538266265348585e-06,1.567474105713381,1.5675,-0.0002465830346998285,4.854291074803716e-06
6.540266265348585e-06,1.56747410570039,1.5675,-0.0002465831210343985,4.854291068423028e-06
6.542266265348585e-06,1.56747410571277,1.5675,-0.000246583034965781,4.854291074858579e-06
6.544266265348585e-06,1.567474105699856,1.5675,-0.0002465831207684886,4.854291068397703e-06
6.546266265348586e-06,1.567474105712242,1.5675,-0.0002465830352317303,4.854291074897303e-06
6.548266265348586e-06,1.567474105699748,1.5675,-0.0002465831204892663,4.854291068380617e-06
6.550266265348586e-06,1.567474105712602,1.5675,-0.0002465830355242396,4.854291074894647e-06
6.552266265348586e-06,1.56747410570046,1.5675,-0.0002465831202499032,4.854291068348397e-06
6.554266265348586e-06,1.567474105713108,1.5675,-0.0002465830357901506,4.854291074942118e-06
6.556266265348586e-06,1.567474105700927,1.5675,-0.000246583120010549,4.854291068337842e-06
6.558266265348587e-06,1.567474105713331,1.5675,-0.000246583036029479,4.854291074977384e-06
6.560266265348587e-06,1.567474105701094,1.5675,-0.000246583119744613,4.854291068312978e-06
6.562266265348587e-06,1.567474105713176,1.5675,-0.000246583036308711,4.85429107496967e-06
6.564266265348587e-06,1.567474105700658,1.5675,-0.0002465831194786995,4.854291068293674e-06
6.566266265348587e-06,1.567474105712351,1.5675,-0.0002465830365746713,4.854291074995526e-06
6.568266265348587e-06,1.567474105699789,1.5675,-0.0002465831192128022,4.854291068121459e-06
6.570266265348587e-06,1.567474105711242,1.5675,-0.0002465830368007529,4.8542910748439e-06
6.572266265348588e-06,1.567474105698594,1.5675,-0.0002465831189469169,4.854291068033475e-06
6.574266265348588e-06,1.567474105709774,1.5675,-0.0002465830370667372,4.854291074796393e-06
6.576266265348588e-06,1.567474105696924,1.5675,-0.0002465831186677528,4.854291067967491e-06
6.578266265348588e-06,1.567474105707513,1.5675,-0.0002465830373460476,4.854291074811429e-06
6.580266265348588e-06,1.567474105694369,1.5675,-0.0002465831184152146,4.854291067955292e-06
6.582266265348588e-06,1.567474105704604,1.5675,-0.000246583037572196,4.854291074793999e-06
6.584266265348588e-06,1.567474105691267,1.5675,-0.0002465831181626967,4.854291067904725e-06
6.586266265348589e-06,1.567474105701067,1.5675,-0.0002465830378382574,4.854291074854183e-06
6.588266265348589e-06,1.567474105687696,1.5675,-0.0002465831179234928,4.85429106790791e-06
6.590266265348589e-06,1.567474105697475,1.5675,-0.0002465830380910242,4.854291074830262e-06
6.592266265348589e-06,1.567474105684285,1.5675,-0.0002465831176709864,4.854291067871507e-06
6.594266265348589e-06,1.567474105694319,1.5675,-0.0002465830383171819,4.854291074873206e-06
6.596266265348589e-06,1.567474105681648,1.5675,-0.0002465831173918583,4.854291067879173e-06
6.59826626534859e-06,1.567474105691935,1.5675,-0.0002465830385832003,4.854291074860682e-06
6.60026626534859e-06,1.567474105680014,1.5675,-0.0002465831171525824,4.854291067825956e-06
6.60226626534859e-06,1.567474105691,1.5675,-0.0002465830388225718,4.854291074862342e-06
6.60426626534859e-06,1.567474105679802,1.5675,-0.00024658311692655,4.85429106778725e-06
6.60626626534859e-06,1.567474105691195,1.5675,-0.0002465830390751978,4.854291074871651e-06
6.60826626534859e-06,1.567474105680425,1.5675,-0.0002465831166871901,4.854291067775333e-06
6.61026626534859e-06,1.567474105691979,1.5675,-0.0002465830393145055,4.854291074880771e-06
6.612266265348591e-06,1.56747410568143,1.5675,-0.00024658311639463,4.854291067756234e-06
6.614266265348591e-06,1.567474105692996,1.5675,-0.0002465830395936938,4.854291074929453e-06
6.616266265348591e-06,1.56747410568275,1.5675,-0.0002465831161818371,4.854291067779029e-06
6.618266265348591e-06,1.567474105694577,1.5675,-0.0002465830398462682,4.854291074974126e-06
6.620266265348591e-06,1.567474105684659,1.5675,-0.0002465831159557258,4.854291067783329e-06
6.622266265348591e-06,1.567474105696568,1.5675,-0.0002465830400722345,4.854291074949476e-06
6.624266265348592e-06,1.567474105686965,1.5675,-0.0002465831157295998,4.854291067744875e-06
6.626266265348592e-06,1.567474105698924,1.5675,-0.0002465830402981871,4.854291075005879e-06
6.628266265348592e-06,1.567474105689453,1.5675,-0.000246583115476874,4.85429106775031e-06
6.630266265348592e-06,1.567474105701382,1.5675,-0.0002465830405374324,4.854291075013006e-06
6.632266265348592e-06,1.567474105691931,1.5675,-0.0002465831152507415,4.854291067763915e-06
6.634266265348592e-06,1.567474105703492,1.5675,-0.0002465830407899871,4.854291075044037e-06
6.636266265348592e-06,1.567474105693943,1.5675,-0.0002465831149847369,4.854291067718878e-06
6.638266265348593e-06,1.567474105705238,1.5675,-0.000246583041002666,4.854291075024507e-06
6.640266265348593e-06,1.567474105695623,1.5675,-0.0002465831147586342,4.854291067725504e-06
6.642266265348593e-06,1.567474105706785,1.5675,-0.0002465830412552417,4.854291075055608e-06
6.644266265348593e-06,1.567474105697101,1.5675,-0.0002465831145458354,4.854291067704377e-06
6.646266265348593e-06,1.567474105708095,1.5675,-0.0002465830414812332,4.854291075082507e-06
6.648266265348593e-06,1.567474105698325,1.5675,-0.0002465831143463426,4.854291067732769e-06
6.650266265348593e-06,1.567474105708799,1.5675,-0.0002465830417205438,4.854291075108761e-06
6.652266265348594e-06,1.567474105698688,1.5675,-0.0002465831140671029,4.854291067703702e-06
6.654266265348594e-06,1.567474105708523,1.5675,-0.0002465830419465943,4.854291075119744e-06
6.656266265348594e-06,1.567474105697546,1.5675,-0.0002465831138676981,4.854291067698718e-06
6.658266265348594e-06,1.567474105706677,1.5675,-0.0002465830421859998,4.854291075107398e-06
6.660266265348594e-06,1.567474105695591,1.5675,-0.000246583113628434,4.854291067648083e-06
6.662266265348594e-06,1.56747410570429,1.5675,-0.0002465830423855358,4.854291075106407e-06
6.664266265348595e-06,1.567474105693051,1.5675,-0.0002465831133758952,4.854291067681553e-06
6.666266265348595e-06,1.567474105701752,1.5675,-0.000246583042598374,4.85429107525147e-06
6.668266265348595e-06,1.567474105690807,1.5675,-0.0002465831131499385,4.854291067795574e-06
6.670266265348595e-06,1.56747410569966,1.5675,-0.0002465830428244921,4.854291075326946e-06
6.672266265348595e-06,1.56747410568897,1.5675,-0.0002465831129239665,4.854291067827871e-06
6.674266265348595e-06,1.567474105697873,1.5675,-0.0002465830430505989,4.854291075347027e-06
6.676266265348595e-06,1.567474105687531,1.5675,-0.0002465831127112763,4.854291067862837e-06
6.678266265348596e-06,1.567474105696723,1.5675,-0.0002465830432367925,4.854291075383241e-06
6.680266265348596e-06,1.567474105686857,1.5675,-0.0002465831125118541,4.854291067867643e-06
6.682266265348596e-06,1.56747410569625,1.5675,-0.0002465830434894434,4.854291075425085e-06
6.684266265348596e-06,1.567474105686526,1.5675,-0.0002465831122858261,4.854291067892091e-06
6.686266265348596e-06,1.56747410569593,1.5675,-0.0002465830436889025,4.854291075452408e-06
6.688266265348596e-06,1.56747410568661,1.5675,-0.0002465831120730792,4.854291067878961e-06
6.690266265348596e-06,1.567474105696381,1.5675,-0.0002465830439016295,4.854291075424254e-06
6.692266265348597e-06,1.567474105687379,1.5675,-0.0002465831118868997,4.854291067851769e-06
6.694266265348597e-06,1.567474105697235,1.5675,-0.0002465830441143416,4.854291075449967e-06
6.696266265348597e-06,1.567474105688453,1.5675,-0.0002465831116342265,4.854291067820105e-06
6.698266265348597e-06,1.567474105698213,1.5675,-0.0002465830443536419,4.854291075403919e-06
6.700266265348597e-06,1.56747410568944,1.5675,-0.0002465831114081496,4.854291067823831e-06
6.702266265348597e-06,1.567474105699299,1.5675,-0.0002465830445530488,4.854291075444427e-06
6.704266265348598e-06,1.56747410569077,1.5675,-0.0002465831112751352,4.854291067834993e-06
6.706266265348598e-06,1.567474105700757,1.5675,-0.0002465830447391454,4.854291075454859e-06
6.708266265348598e-06,1.567474105692613,1.5675,-0.0002465831110224334,4.854291067818244e-06
6.710266265348598e-06,1.567474105702692,1.5675,-0.0002465830449917066,4.854291075469516e-06
6.712266265348598e-06,1.567474105694661,1.5675,-0.0002465831108229099,4.854291067800999e-06
6.714266265348598e-06,1.567474105704516,1.5675,-0.0002465830451910861,4.854291075424537e-06
6.716266265348598e-06,1.567474105696119,1.5675,-0.0002465831106101119,4.854291067784124e-06
6.718266265348599e-06,1.567474105705487,1.5675,-0.0002465830454037938,4.854291075479018e-06
6.720266265348599e-06,1.567474105696915,1.5675,-0.000246583110410635,4.854291067817491e-06
6.722266265348599e-06,1.567474105705853,1.5675,-0.000246583045563338,4.854291075486102e-06
6.724266265348599e-06,1.567474105696778,1.5675,-0.0002465831101978964,4.854291067810969e-06
6.726266265348599e-06,1.567474105705263,1.5675,-0.0002465830457761036,4.854291075486695e-06
6.728266265348599e-06,1.567474105696117,1.5675,-0.0002465831100117701,4.854291067786949e-06
6.730266265348599e-06,1.567474105704424,1.5675,-0.0002465830460021751,4.854291075493199e-06
6.7322662653486e-06,1.567474105695392,1.5675,-0.0002465831097857568,4.854291067782495e-06
6.7342662653486e-06,1.567474105703598,1.5675,-0.0002465830462016532,4.854291075496876e-06
6.7362662653486e-06,1.567474105694359,1.5675,-0.0002465831095730514,4.854291067787212e-06
6.7382662653486e-06,1.567474105702215,1.5675,-0.000246583046374559,4.854291075492418e-06
6.7402662653486e-06,1.567474105692939,1.5675,-0.0002465831093869535,4.854291067783667e-06
6.7422662653486e-06,1.56747410570062,1.5675,-0.0002465830465740657,4.85429107550844e-06
6.744266265348601e-06,1.567474105691244,1.5675,-0.0002465831091742727,4.854291067805345e-06
6.746266265348601e-06,1.567474105698847,1.5675,-0.0002465830468001718,4.854291075519381e-06
6.748266265348601e-06,1.567474105689558,1.5675,-0.0002465831089881847,4.854291067774454e-06
6.750266265348601e-06,1.567474105697169,1.5675,-0.0002465830469730885,4.854291075473959e-06
6.752266265348601e-06,1.567474105687906,1.5675,-0.0002465831087887988,4.854291067741007e-06
6.754266265348601e-06,1.567474105695067,1.5675,-0.0002465830471593176,4.854291075486283e-06
6.756266265348601e-06,1.567474105685488,1.5675,-0.0002465831086160344,4.854291067775925e-06
6.758266265348602e-06,1.567474105692621,1.5675,-0.0002465830473854488,4.854291075501883e-06
6.760266265348602e-06,1.56747410568346,1.5675,-0.0002465831084166626,4.854291067758169e-06
6.762266265348602e-06,1.567474105690711,1.5675,-0.0002465830475317813,4.854291075531606e-06
6.764266265348602e-06,1.567474105681616,1.5675,-0.0002465831082305803,4.85429106774614e-06
6.766266265348602e-06,1.567474105689023,1.5675,-0.0002465830477578843,4.854291075455152e-06
6.768266265348602e-06,1.56747410568048,1.5675,-0.0002465831080444717,4.854291067695789e-06
6.770266265348602e-06,1.56747410568801,1.5675,-0.0002465830479573693,4.85429107545564e-06
6.772266265348603e-06,1.567474105679256,1.5675,-0.0002465831078583665,4.854291067736933e-06
6.774266265348603e-06,1.56747410568664,1.5675,-0.0002465830481568675,4.854291075533657e-06
6.776266265348603e-06,1.567474105678451,1.5675,-0.0002465831076722457,4.854291067784608e-06
6.778266265348603e-06,1.567474105686628,1.5675,-0.0002465830483430188,4.854291075544059e-06
6.780266265348603e-06,1.567474105679369,1.5675,-0.0002465831074993572,4.854291067773899e-06
6.782266265348603e-06,1.567474105688095,1.5675,-0.000246583048529115,4.85429107551806e-06
6.784266265348604e-06,1.56747410568128,1.5675,-0.0002465831072998388,4.854291067736929e-06
6.786266265348604e-06,1.567474105690299,1.5675,-0.0002465830487284803,4.854291075490749e-06
6.788266265348604e-06,1.567474105683945,1.5675,-0.0002465831071268853,4.85429106773288e-06
6.790266265348604e-06,1.567474105693199,1.5675,-0.0002465830489145232,4.854291075492127e-06
6.792266265348604e-06,1.567474105687007,1.5675,-0.0002465831069273241,4.854291067715607e-06
6.794266265348604e-06,1.567474105696062,1.5675,-0.0002465830491005676,4.854291075494594e-06
6.796266265348604e-06,1.567474105689547,1.5675,-0.0002465831067410788,4.85429106774871e-06
6.798266265348605e-06,1.567474105697803,1.5675,-0.0002465830492866536,4.854291075527027e-06
6.800266265348605e-06,1.567474105690297,1.5675,-0.0002465831065416037,4.854291067780707e-06
6.802266265348605e-06,1.567474105697793,1.5675,-0.0002465830494595083,4.854291075565145e-06
6.804266265348605e-06,1.567474105690061,1.5675,-0.0002465831063820546,4.854291067788816e-06
6.806266265348605e-06,1.567474105697265,1.5675,-0.0002465830496323823,4.854291075540398e-06
6.808266265348605e-06,1.567474105689334,1.5675,-0.0002465831061959308,4.854291067758317e-06
6.810266265348605e-06,1.567474105696312,1.5675,-0.0002465830498052721,4.854291075500848e-06
6.812266265348606e-06,1.567474105688522,1.5675,-0.0002465831060098102,4.854291067712614e-06
6.814266265348606e-06,1.567474105695691,1.5675,-0.000246583049991446,4.854291075459636e-06
6.816266265348606e-06,1.567474105688031,1.5675,-0.0002465831058369741,4.854291067716673e-06
6.818266265348606e-06,1.56747410569508,1.5675,-0.000246583050190916,4.854291075487411e-06
6.820266265348606e-06,1.567474105687658,1.5675,-0.0002465831056641337,4.854291067735359e-06
6.822266265348606e-06,1.567474105694911,1.5675,-0.0002465830503504801,4.854291075490051e-06
6.824266265348607e-06,1.567474105687554,1.5675,-0.0002465831054912833,4.8542910677421e-06
6.826266265348607e-06,1.567474105694747,1.5675,-0.0002465830504967476,4.854291075502059e-06
6.828266265348607e-06,1.567474105687526,1.5675,-0.0002465831053051335,4.854291067738083e-06
6.830266265348607e-06,1.567474105694622,1.5675,-0.0002465830506829031,4.854291075506007e-06
6.832266265348607e-06,1.567474105687479,1.5675,-0.0002465831051322808,4.854291067740948e-06
6.834266265348607e-06,1.567474105694624,1.5675,-0.0002465830508424608,4.854291075481863e-06
6.836266265348607e-06,1.567474105687571,1.5675,-0.0002465831049594232,4.854291067734033e-06
6.838266265348608e-06,1.567474105694734,1.5675,-0.000246583051015311,4.85429107546707e-06
6.840266265348608e-06,1.567474105688156,1.5675,-0.00024658310481314,4.854291067732814e-06
6.842266265348608e-06,1.56747410569566,1.5675,-0.0002465830511881309,4.854291075464589e-06
6.844266265348608e-06,1.567474105689338,1.5675,-0.0002465831046269452,4.85429106772069e-06
6.846266265348608e-06,1.567474105696991,1.5675,-0.0002465830513609357,4.854291075469921e-06
6.848266265348608e-06,1.567474105690786,1.5675,-0.0002465831044274441,4.854291067761747e-06
6.850266265348608e-06,1.567474105698443,1.5675,-0.0002465830515204396,4.854291075497707e-06
6.852266265348609e-06,1.567474105692441,1.5675,-0.0002465831042678247,4.854291067768029e-06
6.854266265348609e-06,1.567474105700288,1.5675,-0.0002465830516932253,4.854291075509714e-06
6.856266265348609e-06,1.567474105694645,1.5675,-0.0002465831041214813,4.854291067789084e-06
6.858266265348609e-06,1.567474105702617,1.5675,-0.0002465830518792894,4.854291075493605e-06
6.860266265348609e-06,1.567474105697065,1.5675,-0.000246583103948537,4.854291067784987e-06
6.862266265348609e-06,1.567474105705158,1.5675,-0.0002465830520520492,4.854291075487762e-06
6.86426626534861e-06,1.567474105699843,1.5675,-0.0002465831038021723,4.854291067786121e-06
6.86626626534861e-06,1.567474105707987,1.5675,-0.0002465830521982054,4.854291075488833e-06
6.86826626534861e-06,1.567474105702843,1.5675,-0.0002465831036425029,4.854291067789267e-06
6.87026626534861e-06,1.567474105710823,1.5675,-0.0002465830523709542,4.854291075489185e-06
6.87226626534861e-06,1.567474105705402,1.5675,-0.0002465831034695534,4.854291067797183e-06
6.87426626534861e-06,1.567474105713112,1.5675,-0.0002465830525171303,4.854291075481222e-06
6.87626626534861e-06,1.567474105707583,1.5675,-0.0002465831033232109,4.854291067766329e-06
6.878266265348611e-06,1.567474105715031,1.5675,-0.0002465830526899133,4.8542910754643e-06
6.880266265348611e-06,1.567474105709296,1.5675,-0.0002465831031635894,4.854291067789181e-06
6.882266265348611e-06,1.567474105716544,1.5675,-0.0002465830528494149,4.854291075443958e-06
6.884266265348611e-06,1.567474105710887,1.5675,-0.0002465831029906759,4.85429106776443e-06
6.886266265348611e-06,1.567474105717974,1.5675,-0.0002465830529956231,4.854291075442703e-06
6.888266265348611e-06,1.567474105712083,1.5675,-0.000246583102817777,4.854291067770106e-06
6.890266265348611e-06,1.567474105718886,1.5675,-0.0002465830531684434,4.854291075423263e-06
6.892266265348612e-06,1.567474105712775,1.5675,-0.0002465831026581934,4.854291067784176e-06
6.894266265348612e-06,1.567474105719302,1.5675,-0.0002465830533279858,4.85429107544908e-06
6.896266265348612e-06,1.567474105713231,1.5675,-0.0002465831025252116,4.854291067798464e-06
6.898266265348612e-06,1.567474105719666,1.5675,-0.0002465830535008266,4.854291075398269e-06
6.900266265348612e-06,1.56747410571349,1.5675,-0.0002465831023656441,4.854291067741164e-06
6.902266265348612e-06,1.567474105719984,1.5675,-0.0002465830536470761,4.854291075392706e-06
6.904266265348613e-06,1.567474105714239,1.5675,-0.000246583102166169,4.854291067812542e-06
6.906266265348613e-06,1.567474105720509,1.5675,-0.0002465830538066144,4.854291075440393e-06
6.908266265348613e-06,1.567474105714123,1.5675,-0.000246583102046505,4.854291067823011e-06
6.910266265348613e-06,1.567474105720078,1.5675,-0.0002465830539661883,4.854291075452236e-06
6.912266265348613e-06,1.567474105713717,1.5675,-0.0002465831018736657,4.854291067844862e-06
6.914266265348613e-06,1.567474105719092,1.5675,-0.0002465830541124863,4.854291075428551e-06
6.916266265348613e-06,1.567474105711943,1.5675,-0.0002465831017141738,4.854291067801744e-06
6.918266265348614e-06,1.567474105716693,1.5675,-0.0002465830542588369,4.854291075379474e-06
6.920266265348614e-06,1.567474105709313,1.5675,-0.0002465831015813068,4.854291067808801e-06
6.922266265348614e-06,1.567474105714069,1.5675,-0.0002465830544051959,4.854291075389355e-06
6.924266265348614e-06,1.56747410570679,1.5675,-0.0002465831013952498,4.854291067808153e-06
6.926266265348614e-06,1.567474105711424,1.5675,-0.0002465830545515556,4.854291075381506e-06
6.928266265348614e-06,1.567474105704059,1.5675,-0.0002465831012224971,4.854291067830327e-06
6.930266265348614e-06,1.567474105708422,1.5675,-0.0002465830547112251,4.854291075391417e-06
6.932266265348615e-06,1.567474105700975,1.5675,-0.0002465831011029434,4.854291067838634e-06
6.934266265348615e-06,1.567474105705279,1.5675,-0.0002465830548841963,4.854291075382126e-06
6.936266265348615e-06,1.56747410569816,1.5675,-0.0002465831009700833,4.854291067863001e-06
6.938266265348615e-06,1.567474105702804,1.5675,-0.0002465830550172533,4.854291075398177e-06
6.940266265348615e-06,1.567474105696023,1.5675,-0.0002465831008239015,4.854291067866751e-06
6.942266265348615e-06,1.567474105701151,1.5675,-0.0002465830551502796,4.854291075393932e-06
6.944266265348616e-06,1.567474105695315,1.5675,-0.0002465831006510734,4.854291067857339e-06
6.946266265348616e-06,1.567474105701115,1.5675,-0.0002465830552965423,4.854291075341794e-06
6.948266265348616e-06,1.567474105695514,1.5675,-0.0002465831005048047,4.854291067857154e-06
6.950266265348616e-06,1.567474105701464,1.5675,-0.0002465830554427907,4.854291075349696e-06
6.952266265348616e-06,1.567474105696664,1.5675,-0.0002465831003585006,4.854291067860557e-06
6.954266265348616e-06,1.567474105703409,1.5675,-0.0002465830556022761,4.854291075336445e-06
6.956266265348616e-06,1.567474105698752,1.5675,-0.0002465831002387545,4.85429106787183e-06
6.958266265348617e-06,1.567474105705297,1.5675,-0.0002465830557484673,4.854291075361321e-06
6.960266265348617e-06,1.567474105700725,1.5675,-0.0002465831000924198,4.854291067915746e-06
6.962266265348617e-06,1.567474105707239,1.5675,-0.0002465830558680634,4.854291075382624e-06
6.964266265348617e-06,1.567474105702495,1.5675,-0.0002465830999327961,4.8542910679422e-06
6.966266265348617e-06,1.567474105708761,1.5675,-0.0002465830560142682,4.854291075397556e-06
6.968266265348617e-06,1.567474105704038,1.5675,-0.0002465830998130703,4.854291067968033e-06
6.970266265348617e-06,1.567474105710259,1.5675,-0.0002465830561604737,4.854291075375892e-06
6.972266265348618e-06,1.567474105705528,1.5675,-0.0002465830996401606,4.854291067922367e-06
6.974266265348618e-06,1.567474105711557,1.5675,-0.0002465830563066868,4.854291075324277e-06
6.976266265348618e-06,1.567474105706609,1.5675,-0.0002465830995071555,4.854291067945158e-06
6.978266265348618e-06,1.56747410571233,1.5675,-0.000246583056439623,4.85429107533252e-06
6.980266265348618e-06,1.567474105707121,1.5675,-0.0002465830993608751,4.854291067941823e-06
6.982266265348618e-06,1.567474105712445,1.5675,-0.0002465830565858801,4.854291075324796e-06
6.984266265348619e-06,1.567474105707226,1.5675,-0.0002465830992412029,4.854291067955723e-06
6.986266265348619e-06,1.567474105712675,1.5675,-0.0002465830567587258,4.854291075309227e-06
6.988266265348619e-06,1.567474105707376,1.5675,-0.0002465830990816394,4.854291067916754e-06
6.990266265348619e-06,1.567474105712329,1.5675,-0.0002465830568784071,4.854291075284417e-06
6.992266265348619e-06,1.567474105706512,1.5675,-0.0002465830989620031,4.854291067936054e-06
6.994266265348619e-06,1.567474105710955,1.5675,-0.0002465830570114231,4.854291075246923e-06
6.996266265348619e-06,1.567474105704783,1.5675,-0.0002465830988025097,4.854291067901861e-06
6.99826626534862e-06,1.567474105708873,1.5675,-0.0002465830571577618,4.854291075225763e-06
7.00026626534862e-06,1.56747410570233,1.5675,-0.0002465830986829325,4.854291067915942e-06
7.00226626534862e-06,1.567474105705955,1.5675,-0.0002465830572642423,4.854291075224628e-06
7.00426626534862e-06,1.567474105699257,1.5675,-0.000246583098550082,4.854291067937531e-06
7.00626626534862e-06,1.567474105702822,1.5675,-0.0002465830574239166,4.854291075249549e-06
7.00826626534862e-06,1.567474105696296,1.5675,-0.0002465830983906343,4.854291067964768e-06
7.010266265348621e-06,1.567474105699847,1.5675,-0.0002465830575436957,4.854291075221454e-06
7.012266265348621e-06,1.567474105693323,1.5675,-0.000246583098284373,4.854291067995333e-06
7.014266265348621e-06,1.567474105697057,1.5675,-0.0002465830576900608,4.854291075271735e-06
7.016266265348621e-06,1.567474105690995,1.5675,-0.0002465830981249018,4.85429106799282e-06
7.018266265348621e-06,1.567474105695051,1.5675,-0.0002465830578231003,4.854291075231698e-06
7.020266265348621e-06,1.567474105689452,1.5675,-0.0002465830980185873,4.85429106803887e-06
7.022266265348621e-06,1.567474105694187,1.5675,-0.0002465830579693938,4.854291075261714e-06
7.024266265348622e-06,1.567474105689371,1.5675,-0.0002465830978856254,4.854291068039839e-06
7.026266265348622e-06,1.567474105694457,1.5675,-0.0002465830581156451,4.854291075227823e-06
7.028266265348622e-06,1.567474105689926,1.5675,-0.0002465830977925294,4.854291068006648e-06
7.030266265348622e-06,1.567474105695529,1.5675,-0.0002465830582485702,4.854291075204028e-06
7.032266265348622e-06,1.567474105691985,1.5675,-0.0002465830976461915,4.85429106802299e-06
7.034266265348622e-06,1.567474105698533,1.5675,-0.0002465830583415337,4.854291075203282e-06
7.036266265348622e-06,1.567474105695649,1.5675,-0.0002465830974997937,4.854291068045958e-06
7.038266265348623e-06,1.567474105702425,1.5675,-0.0002465830584743539,4.854291075206848e-06
7.040266265348623e-06,1.567474105699504,1.5675,-0.000246583097379982,4.85429106807498e-06
7.042266265348623e-06,1.567474105706115,1.5675,-0.0002465830586204779,4.854291075193162e-06
7.044266265348623e-06,1.567474105703138,1.5675,-0.0002465830972601784,4.854291068047202e-06
7.046266265348623e-06,1.567474105709477,1.5675,-0.0002465830587533177,4.854291075178612e-06
7.048266265348623e-06,1.567474105705974,1.5675,-0.000246583097127108,4.854291068076393e-06
7.050266265348624e-06,1.567474105711459,1.5675,-0.0002465830588995054,4.854291075173073e-06
7.052266265348624e-06,1.567474105707326,1.5675,-0.0002465830970073894,4.854291068067244e-06
7.054266265348624e-06,1.567474105712294,1.5675,-0.0002465830590058462,4.854291075157067e-06
7.056266265348624e-06,1.567474105707772,1.5675,-0.0002465830968611114,4.854291068060228e-06
7.058266265348624e-06,1.56747410571236,1.5675,-0.0002465830591255121,4.854291075120801e-06
7.060266265348624e-06,1.567474105707644,1.5675,-0.0002465830967414478,4.854291068096669e-06
7.062266265348624e-06,1.567474105712,1.5675,-0.0002465830592717869,4.854291075166495e-06
7.064266265348625e-06,1.567474105707001,1.5675,-0.0002465830966350998,4.854291068111301e-06
7.066266265348625e-06,1.567474105711145,1.5675,-0.0002465830593648941,4.85429107514751e-06
7.068266265348625e-06,1.5674741057062,1.5675,-0.0002465830965154612,4.854291068157892e-06
7.070266265348625e-06,1.567474105710293,1.5675,-0.0002465830594712977,4.85429107518128e-06
7.072266265348625e-06,1.567474105705478,1.5675,-0.0002465830963825232,4.854291068173104e-06
7.074266265348625e-06,1.567474105709748,1.5675,-0.0002465830595909863,4.854291075171782e-06
7.076266265348625e-06,1.56747410570514,1.5675,-0.000246583096222978,4.854291068202839e-06
7.078266265348626e-06,1.567474105709574,1.5675,-0.0002465830597106612,4.85429107513912e-06
7.080266265348626e-06,1.567474105705206,1.5675,-0.0002465830961299001,4.854291068151159e-06
7.082266265348626e-06,1.567474105709786,1.5675,-0.0002465830598569147,4.854291075130163e-06
7.084266265348626e-06,1.567474105705644,1.5675,-0.0002465830960235119,4.854291068166557e-06
7.086266265348626e-06,1.567474105710299,1.5675,-0.0002465830599765639,4.854291075084211e-06
7.088266265348626e-06,1.567474105706196,1.5675,-0.0002465830958772301,4.854291068142733e-06
7.090266265348627e-06,1.567474105710869,1.5675,-0.0002465830600563217,4.85429107505092e-06
7.092266265348627e-06,1.567474105706893,1.5675,-0.0002465830957575358,4.854291068167218e-06
7.094266265348627e-06,1.567474105711592,1.5675,-0.0002465830601759631,4.854291075089005e-06
7.096266265348627e-06,1.567474105707598,1.5675,-0.0002465830956644341,4.854291068180425e-06
7.098266265348627e-06,1.567474105712216,1.5675,-0.0002465830602823118,4.854291075033668e-06
7.100266265348627e-06,1.567474105708352,1.5675,-0.0002465830955447376,4.854291068155592e-06
7.102266265348627e-06,1.567474105712884,1.5675,-0.0002465830604152518,4.854291075017548e-06
7.104266265348628e-06,1.56747410570895,1.5675,-0.0002465830954117506,4.854291068174747e-06
7.106266265348628e-06,1.56747410571354,1.5675,-0.0002465830605614888,4.854291075010958e-06
7.108266265348628e-06,1.567474105709708,1.5675,-0.000246583095318647,4.854291068198118e-06
7.110266265348628e-06,1.567474105714156,1.5675,-0.0002465830606545413,4.854291075030041e-06
7.112266265348628e-06,1.567474105710266,1.5675,-0.0002465830951989579,4.854291068226922e-06
7.114266265348628e-06,1.567474105714725,1.5675,-0.0002465830607741885,4.854291075032136e-06
7.116266265348628e-06,1.567474105710843,1.5675,-0.0002465830950925644,4.854291068255523e-06
7.118266265348629e-06,1.56747410571552,1.5675,-0.0002465830608938273,4.854291075014733e-06
7.120266265348629e-06,1.567474105712148,1.5675,-0.0002465830949728476,4.85429106823477e-06
7.122266265348629e-06,1.567474105716942,1.5675,-0.0002465830610001463,4.854291075008554e-06
7.124266265348629e-06,1.567474105713554,1.5675,-0.0002465830948265339,4.854291068261729e-06
7.126266265348629e-06,1.567474105718383,1.5675,-0.000246583061093168,4.854291074993302e-06
7.128266265348629e-06,1.567474105714959,1.5675,-0.0002465830947334062,4.854291068263739e-06
7.13026626534863e-06,1.567474105719532,1.5675,-0.0002465830612127937,4.854291074971465e-06
7.13226626534863e-06,1.567474105715944,1.5675,-0.0002465830946137012,4.854291068243555e-06
7.13426626534863e-06,1.567474105720513,1.5675,-0.0002465830613324256,4.854291074946137e-06
7.13626626534863e-06,1.567474105717211,1.5675,-0.0002465830945205787,4.854291068271951e-06
7.13826626534863e-06,1.567474105721533,1.5675,-0.0002465830614387595,4.854291074939215e-06
7.14026626534863e-06,1.567474105717756,1.5675,-0.0002465830944141865,4.854291068256434e-06
7.14226626534863e-06,1.567474105721873,1.5675,-0.0002465830615584152,4.854291074924104e-06
7.144266265348631e-06,1.567474105718107,1.5675,-0.0002465830942945051,4.854291068283784e-06
7.146266265348631e-06,1.567474105722326,1.5675,-0.0002465830616647703,4.854291074923416e-06
7.148266265348631e-06,1.567474105718955,1.5675,-0.0002465830941615087,4.854291068283669e-06
7.150266265348631e-06,1.567474105723248,1.5675,-0.0002465830617711079,4.85429107489626e-06
7.152266265348631e-06,1.567474105719841,1.5675,-0.0002465830940816968,4.854291068287058e-06
7.154266265348631e-06,1.56747410572438,1.5675,-0.0002465830618907342,4.854291074889648e-06
7.156266265348631e-06,1.567474105721279,1.5675,-0.0002465830939486784,4.854291068311222e-06
7.158266265348632e-06,1.567474105725785,1.5675,-0.0002465830620236468,4.854291074906307e-06
7.160266265348632e-06,1.567474105722647,1.5675,-0.0002465830938688487,4.854291068346492e-06
7.162266265348632e-06,1.567474105727298,1.5675,-0.0002465830621166659,4.854291074882662e-06
7.164266265348632e-06,1.567474105724382,1.5675,-0.0002465830937491158,4.854291068335996e-06
7.166266265348632e-06,1.567474105728945,1.5675,-0.000246583062236273,4.854291074858649e-06
7.168266265348632e-06,1.56747410572598,1.5675,-0.0002465830936559808,4.854291068357377e-06
7.170266265348633e-06,1.567474105730529,1.5675,-0.000246583062315993,4.85429107490188e-06
7.172266265348633e-06,1.567474105727611,1.5675,-0.0002465830935495484,4.854291068377354e-06
7.174266265348633e-06,1.567474105732197,1.5675,-0.0002465830624355993,4.854291074871449e-06
7.176266265348633e-06,1.567474105729386,1.5675,-0.0002465830934564069,4.854291068364445e-06
7.178266265348633e-06,1.56747410573397,1.5675,-0.0002465830625286087,4.854291074829484e-06
7.180266265348633e-06,1.567474105731183,1.5675,-0.0002465830933632646,4.854291068399382e-06
7.182266265348633e-06,1.567474105735786,1.5675,-0.0002465830626615061,4.854291074861657e-06
7.184266265348634e-06,1.567474105732906,1.5675,-0.0002465830932302356,4.854291068418552e-06
7.186266265348634e-06,1.567474105737396,1.5675,-0.0002465830627146321,4.854291074837451e-06
7.188266265348634e-06,1.567474105734649,1.5675,-0.0002465830931370954,4.854291068419366e-06
7.190266265348634e-06,1.567474105739007,1.5675,-0.0002465830628475371,4.854291074814325e-06
7.192266265348634e-06,1.567474105735973,1.5675,-0.0002465830930439707,4.85429106840544e-06
7.194266265348634e-06,1.567474105739991,1.5675,-0.0002465830629538724,4.854291074784984e-06
7.196266265348634e-06,1.567474105736776,1.5675,-0.0002465830929508655,4.854291068432476e-06
7.198266265348635e-06,1.567474105740737,1.5675,-0.00024658306304692,4.854291074834096e-06
7.200266265348635e-06,1.567474105737544,1.5675,-0.000246583092844465,4.854291068454302e-06
7.202266265348635e-06,1.567474105741126,1.5675,-0.0002465830631266845,4.854291074796882e-06
7.204266265348635e-06,1.567474105737555,1.5675,-0.0002465830927247962,4.854291068478035e-06
7.206266265348635e-06,1.56747410574111,1.5675,-0.0002465830632596499,4.854291074786353e-06
7.208266265348635e-06,1.567474105737742,1.5675,-0.0002465830926583068,4.854291068464448e-06
7.210266265348636e-06,1.567474105741602,1.5675,-0.0002465830633527071,4.854291074741581e-06
7.212266265348636e-06,1.567474105738573,1.5675,-0.0002465830925519041,4.854291068452237e-06
7.214266265348636e-06,1.567474105742432,1.5675,-0.0002465830634457516,4.854291074750073e-06
7.216266265348636e-06,1.567474105739419,1.5675,-0.0002465830924587972,4.854291068470973e-06
7.218266265348636e-06,1.567474105743315,1.5675,-0.0002465830635653871,4.854291074738858e-06
7.220266265348636e-06,1.567474105740275,1.5675,-0.0002465830923656899,4.85429106851575e-06
7.222266265348636e-06,1.567474105743938,1.5675,-0.0002465830636451428,4.85429107473188e-06
7.224266265348637e-06,1.567474105740768,1.5675,-0.0002465830922460032,4.854291068508642e-06
7.226266265348637e-06,1.567474105744019,1.5675,-0.0002465830637515118,4.854291074725985e-06
7.228266265348637e-06,1.567474105740381,1.5675,-0.0002465830921662387,4.85429106849602e-06
7.230266265348637e-06,1.567474105743431,1.5675,-0.0002465830638313125,4.854291074691634e-06
7.232266265348637e-06,1.567474105739736,1.5675,-0.0002465830920598908,4.854291068529425e-06
7.234266265348637e-06,1.567474105742591,1.5675,-0.0002465830639377157,4.854291074711179e-06
7.236266265348637e-06,1.5674741057388,1.5675,-0.0002465830919801467,4.854291068556006e-06
7.238266265348638e-06,1.567474105741537,1.5675,-0.0002465830640441268,4.854291074697308e-06
7.240266265348638e-06,1.567474105737771,1.5675,-0.0002465830918871096,4.854291068562449e-06
7.242266265348638e-06,1.567474105740925,1.5675,-0.000246583064110632,4.854291074674979e-06
7.244266265348638e-06,1.567474105737549,1.5675,-0.000246583091780746,4.854291068551995e-06
7.246266265348638e-06,1.567474105740506,1.5675,-0.0002465830642303159,4.854291074652631e-06
7.248266265348638e-06,1.56747410573705,1.5675,-0.0002465830916876891,4.854291068575519e-06
7.250266265348639e-06,1.567474105740323,1.5675,-0.0002465830642968052,4.854291074687038e-06
7.252266265348639e-06,1.567474105737234,1.5675,-0.0002465830915813103,4.854291068596396e-06
7.254266265348639e-06,1.567474105740263,1.5675,-0.0002465830643898828,4.854291074655222e-06
7.256266265348639e-06,1.567474105736681,1.5675,-0.0002465830914882555,4.854291068591178e-06
7.258266265348639e-06,1.567474105739551,1.5675,-0.0002465830644829847,4.854291074610973e-06
7.260266265348639e-06,1.567474105736164,1.5675,-0.0002465830913951993,4.854291068607857e-06
7.262266265348639e-06,1.567474105739279,1.5675,-0.0002465830645627737,4.85429107465351e-06
7.26426626534864e-06,1.567474105736128,1.5675,-0.0002465830912888288,4.854291068627127e-06
7.26626626534864e-06,1.567474105739124,1.5675,-0.0002465830646558549,4.854291074622038e-06
7.26826626534864e-06,1.567474105735889,1.5675,-0.0002465830912223552,4.854291068670345e-06
7.27026626534864e-06,1.567474105739131,1.5675,-0.0002465830647622265,4.854291074659988e-06
7.27226626534864e-06,1.567474105736121,1.5675,-0.0002465830911292712,4.854291068703893e-06
7.27426626534864e-06,1.567474105739096,1.5675,-0.0002465830648553032,4.854291074640751e-06
7.27626626534864e-06,1.567474105735874,1.5675,-0.000246583091036205,4.854291068673707e-06
7.278266265348641e-06,1.567474105739004,1.5675,-0.0002465830649616786,4.854291074611324e-06
7.280266265348641e-06,1.567474105736087,1.5675,-0.0002465830909165287,4.85429106869557e-06
7.282266265348641e-06,1.56747410573911,1.5675,-0.0002465830650414535,4.854291074571191e-06
7.284266265348641e-06,1.567474105735968,1.5675,-0.0002465830908500507,4.854291068658743e-06
7.286266265348641e-06,1.567474105738932,1.5675,-0.0002465830651212391,4.85429107441601e-06
7.288266265348641e-06,1.567474105735912,1.5675,-0.0002465830907436808,4.854291068520766e-06
7.290266265348642e-06,1.56747410573875,1.5675,-0.0002465830652143212,4.854291074350977e-06
7.292266265348642e-06,1.567474105735468,1.5675,-0.000246583090650622,4.854291068483248e-06
7.294266265348642e-06,1.567474105738065,1.5675,-0.0002465830653340151,4.854291074325825e-06
7.296266265348642e-06,1.567474105734602,1.5675,-0.0002465830905442823,4.854291068499309e-06
7.298266265348642e-06,1.567474105736964,1.5675,-0.000246583065387242,4.854291074317966e-06
7.300266265348642e-06,1.567474105733085,1.5675,-0.0002465830905044493,4.854291068490322e-06
7.302266265348642e-06,1.567474105735176,1.5675,-0.0002465830655069769,4.854291074286913e-06
7.304266265348643e-06,1.567474105731544,1.5675,-0.0002465830903715417,4.854291068498106e-06
7.306266265348643e-06,1.567474105733639,1.5675,-0.00024658306556022,4.854291074268295e-06
7.308266265348643e-06,1.56747410573003,1.5675,-0.0002465830903051156,4.854291068499898e-06
7.310266265348643e-06,1.567474105732404,1.5675,-0.0002465830656400449,4.854291074243735e-06
7.312266265348643e-06,1.567474105729238,1.5675,-0.0002465830902120697,4.854291068492266e-06
7.314266265348643e-06,1.567474105731808,1.5675,-0.0002465830657331425,4.85429107420785e-06
7.316266265348643e-06,1.567474105728623,1.5675,-0.0002465830900924242,4.854291068485049e-06
7.318266265348644e-06,1.56747410573139,1.5675,-0.0002465830658395299,4.85429107418433e-06
7.320266265348644e-06,1.567474105728584,1.5675,-0.0002465830900392397,4.854291068508043e-06
7.322266265348644e-06,1.567474105731332,1.5675,-0.000246583065919311,4.854291074221324e-06
7.324266265348644e-06,1.567474105728336,1.5675,-0.0002465830899461735,4.854291068535818e-06
7.326266265348644e-06,1.567474105731087,1.5675,-0.0002465830659592095,4.854291074191755e-06
7.328266265348644e-06,1.567474105728431,1.5675,-0.0002465830898796875,4.854291068542959e-06
7.330266265348645e-06,1.5674741057317,1.5675,-0.0002465830660655586,4.85429107418759e-06
7.332266265348645e-06,1.567474105729663,1.5675,-0.0002465830897865663,4.854291068571331e-06
7.334266265348645e-06,1.567474105733297,1.5675,-0.0002465830661319817,4.854291074166619e-06
7.336266265348645e-06,1.567474105731555,1.5675,-0.0002465830897200135,4.854291068564755e-06
7.338266265348645e-06,1.567474105735329,1.5675,-0.000246583066211685,4.854291074187007e-06
7.340266265348645e-06,1.567474105733577,1.5675,-0.0002465830896534558,4.854291068576838e-06
7.342266265348645e-06,1.567474105737316,1.5675,-0.0002465830663312794,4.854291074142638e-06
7.344266265348646e-06,1.567474105735507,1.5675,-0.0002465830895337157,4.854291068573493e-06
7.346266265348646e-06,1.567474105739117,1.5675,-0.0002465830663976949,4.854291074138508e-06
7.348266265348646e-06,1.567474105737328,1.5675,-0.000246583089480462,4.854291068604869e-06
7.350266265348646e-06,1.56747410574086,1.5675,-0.0002465830664641125,4.854291074105285e-06
7.352266265348646e-06,1.567474105738905,1.5675,-0.0002465830893873279,4.854291068558807e-06
7.354266265348646e-06,1.567474105742162,1.5675,-0.0002465830665704359,4.854291074078516e-06
7.356266265348646e-06,1.567474105739971,1.5675,-0.0002465830893208058,4.854291068586103e-06
7.358266265348647e-06,1.567474105742819,1.5675,-0.0002465830666235975,4.8542910740984e-06
7.360266265348647e-06,1.56747410573996,1.5675,-0.0002465830892410273,4.854291068620095e-06
7.362266265348647e-06,1.567474105741943,1.5675,-0.0002465830667167054,4.854291074068598e-06
7.364266265348647e-06,1.567474105738492,1.5675,-0.0002465830891480066,4.854291068664373e-06
7.366266265348647e-06,1.567474105740124,1.5675,-0.0002465830667832555,4.854291074110901e-06
7.368266265348647e-06,1.567474105736491,1.5675,-0.0002465830890550055,4.854291068664594e-06
7.370266265348648e-06,1.567474105738048,1.5675,-0.0002465830668764082,4.854291074102009e-06
7.372266265348648e-06,1.567474105734455,1.5675,-0.0002465830889885989,4.854291068704798e-06
7.374266265348648e-06,1.567474105736172,1.5675,-0.0002465830669296639,4.854291074055788e-06
7.376266265348648e-06,1.567474105732913,1.5675,-0.0002465830889354702,4.854291068664978e-06
7.378266265348648e-06,1.567474105734922,1.5675,-0.0002465830670227858,4.854291074057748e-06
7.380266265348648e-06,1.56747410573194,1.5675,-0.0002465830888291346,4.854291068680234e-06
7.382266265348648e-06,1.567474105734265,1.5675,-0.0002465830671025892,4.85429107400841e-06
7.384266265348649e-06,1.567474105731694,1.5675,-0.0002465830887759578,4.85429106865495e-06
7.386266265348649e-06,1.567474105734285,1.5675,-0.0002465830671956638,4.854291074011038e-06
7.388266265348649e-06,1.567474105731962,1.5675,-0.0002465830886961689,4.854291068682294e-06
7.390266265348649e-06,1.567474105734738,1.5675,-0.0002465830672621294,4.854291073993415e-06
7.392266265348649e-06,1.567474105732444,1.5675,-0.0002465830886030756,4.854291068725264e-06
7.394266265348649e-06,1.567474105734986,1.5675,-0.0002465830673418991,4.854291074040203e-06
7.39626626534865e-06,1.567474105732603,1.5675,-0.0002465830885232907,4.854291068751682e-06
7.39826626534865e-06,1.567474105735295,1.5675,-0.00024658306740837,4.85429107401105e-06
7.40026626534865e-06,1.567474105733184,1.5675,-0.0002465830884567866,4.854291068769764e-06
7.40226626534865e-06,1.567474105736026,1.5675,-0.0002465830674881217,4.8542910740074e-06
7.40426626534865e-06,1.567474105734021,1.5675,-0.0002465830883902731,4.854291068750711e-06
7.40626626534865e-06,1.567474105737008,1.5675,-0.0002465830675678642,4.854291073952867e-06
7.40826626534865e-06,1.567474105735188,1.5675,-0.0002465830882838578,4.854291068747655e-06
7.410266265348651e-06,1.567474105738166,1.5675,-0.000246583067621007,4.854291073958162e-06
7.412266265348651e-06,1.567474105736201,1.5675,-0.0002465830882439307,4.854291068777678e-06
7.414266265348651e-06,1.567474105738996,1.5675,-0.000246583067727348,4.854291073952771e-06
7.416266265348651e-06,1.56747410573698,1.5675,-0.0002465830881375298,4.854291068770046e-06
7.418266265348651e-06,1.567474105739562,1.5675,-0.0002465830677938094,4.854291073925511e-06
7.420266265348651e-06,1.567474105737365,1.5675,-0.000246583088071033,4.854291068802722e-06
7.422266265348651e-06,1.567474105739992,1.5675,-0.0002465830678868688,4.854291073927136e-06
7.424266265348652e-06,1.567474105737817,1.5675,-0.0002465830880045338,4.85429106878655e-06
7.426266265348652e-06,1.567474105740172,1.5675,-0.000246583067940048,4.854291073907997e-06
7.428266265348652e-06,1.567474105737814,1.5675,-0.000246583087924755,4.854291068824598e-06
7.430266265348652e-06,1.567474105740177,1.5675,-0.0002465830680065303,4.854291073895483e-06
7.432266265348652e-06,1.567474105737902,1.5675,-0.0002465830878582693,4.854291068825522e-06
7.434266265348652e-06,1.567474105740296,1.5675,-0.0002465830680863048,4.854291073923398e-06
7.436266265348653e-06,1.567474105737988,1.5675,-0.0002465830877651907,4.854291068875154e-06
7.438266265348653e-06,1.567474105740331,1.5675,-0.0002465830681660825,4.854291073915649e-06
7.440266265348653e-06,1.567474105738124,1.5675,-0.0002465830877119996,4.854291068854099e-06
7.442266265348653e-06,1.567474105740409,1.5675,-0.0002465830682192655,4.85429107386221e-06
7.444266265348653e-06,1.567474105738099,1.5675,-0.0002465830876455182,4.854291068854924e-06
7.446266265348653e-06,1.567474105740394,1.5675,-0.0002465830682857485,4.85429107386045e-06
7.448266265348653e-06,1.567474105738252,1.5675,-0.0002465830875524371,4.854291068874163e-06
7.450266265348654e-06,1.567474105740564,1.5675,-0.0002465830683788176,4.854291073861239e-06
7.452266265348654e-06,1.567474105738291,1.5675,-0.0002465830874992497,4.854291068873291e-06
7.454266265348654e-06,1.567474105740654,1.5675,-0.0002465830684452966,4.85429107383397e-06
7.456266265348654e-06,1.567474105738537,1.5675,-0.0002465830874327581,4.854291068915123e-06
7.458266265348654e-06,1.567474105740837,1.5675,-0.0002465830685250687,4.854291073869983e-06
7.460266265348654e-06,1.567474105738657,1.5675,-0.0002465830873529747,4.854291068930533e-06
7.462266265348654e-06,1.567474105740735,1.5675,-0.0002465830685915549,4.854291073842903e-06
7.464266265348655e-06,1.567474105738445,1.5675,-0.0002465830872732037,4.85429106894672e-06
7.466266265348655e-06,1.567474105740568,1.5675,-0.0002465830686580436,4.854291073809328e-06
7.468266265348655e-06,1.567474105738306,1.5675,-0.0002465830872200229,4.854291068926131e-06
7.470266265348655e-06,1.567474105740338,1.5675,-0.0002465830687245346,4.854291073797629e-06
7.472266265348655e-06,1.567474105738099,1.5675,-0.0002465830871402517,4.854291068928781e-06
7.474266265348655e-06,1.567474105740295,1.5675,-0.0002465830688176116,4.854291073773524e-06
7.476266265348656e-06,1.567474105738329,1.5675,-0.0002465830870737606,4.854291068899261e-06
7.478266265348656e-06,1.567474105740626,1.5675,-0.0002465830688574888,4.854291073729145e-06
7.480266265348656e-06,1.567474105738553,1.5675,-0.0002465830870205664,4.854291068936761e-06
7.482266265348656e-06,1.567474105740704,1.5675,-0.0002465830689239683,4.854291073750031e-06
7.484266265348656e-06,1.567474105738618,1.5675,-0.0002465830869806746,4.854291068957279e-06
7.486266265348656e-06,1.567474105740735,1.5675,-0.0002465830689904496,4.854291073740599e-06
7.488266265348656e-06,1.567474105738617,1.5675,-0.0002465830868875992,4.8542910689854e-06
7.490266265348657e-06,1.567474105740697,1.5675,-0.0002465830690569334,4.854291073785054e-06
7.492266265348657e-06,1.56747410573861,1.5675,-0.000246583086767931,4.854291069009527e-06
7.494266265348657e-06,1.567474105740681,1.5675,-0.0002465830691234164,4.854291073741775e-06
7.496266265348657e-06,1.567474105738478,1.5675,-0.0002465830867413429,4.854291069003148e-06
7.498266265348657e-06,1.567474105740453,1.5675,-0.0002465830691633144,4.854291073706486e-06
7.500266265348657e-06,1.567474105738309,1.5675,-0.0002465830866748669,4.854291068984537e-06
7.502266265348657e-06,1.567474105740131,1.5675,-0.0002465830692564018,4.854291073682828e-06
7.504266265348658e-06,1.567474105737802,1.5675,-0.0002465830866216998,4.854291068971484e-06
7.506266265348658e-06,1.567474105739589,1.5675,-0.0002465830693096079,4.854291073644654e-06
7.508266265348658e-06,1.567474105737275,1.5675,-0.0002465830865552369,4.854291069013077e-06
7.510266265348658e-06,1.567474105738944,1.5675,-0.0002465830693761143,4.854291073685902e-06
7.512266265348658e-06,1.567474105736613,1.5675,-0.0002465830865020756,4.854291069021408e-06
7.514266265348658e-06,1.567474105738367,1.5675,-0.0002465830694426181,4.854291073670596e-06
7.516266265348659e-06,1.567474105736131,1.5675,-0.0002465830864356111,4.854291069064472e-06
7.518266265348659e-06,1.567474105737974,1.5675,-0.0002465830695091153,4.854291073691456e-06
7.520266265348659e-06,1.567474105735882,1.5675,-0.0002465830863558415,4.854291069096188e-06
7.522266265348659e-06,1.567474105737807,1.5675,-0.0002465830695889004,4.85429107367665e-06
7.524266265348659e-06,1.567474105736029,1.5675,-0.0002465830863026501,4.854291069058564e-06
7.526266265348659e-06,1.567474105738222,1.5675,-0.0002465830696154779,4.854291073655077e-06
7.528266265348659e-06,1.567474105736501,1.5675,-0.0002465830862228535,4.854291069090817e-06
7.53026626534866e-06,1.567474105738894,1.5675,-0.0002465830696819353,4.854291073629587e-06
7.53226626534866e-06,1.567474105737373,1.5675,-0.0002465830861563387,4.854291069088212e-06
7.53426626534866e-06,1.567474105739599,1.5675,-0.0002465830697350951,4.854291073609076e-06
7.53626626534866e-06,1.567474105737996,1.5675,-0.0002465830860898331,4.854291069083562e-06
7.53826626534866e-06,1.567474105740083,1.5675,-0.0002465830698015595,4.854291073583369e-06
7.54026626534866e-06,1.567474105738273,1.5675,-0.0002465830860100438,4.854291069065465e-06
7.54226626534866e-06,1.567474105740507,1.5675,-0.0002465830698547297,4.854291073557122e-06
7.544266265348661e-06,1.567474105739099,1.5675,-0.0002465830859834201,4.85429106909215e-06
7.546266265348661e-06,1.567474105741395,1.5675,-0.0002465830699078826,4.854291073581427e-06
7.548266265348661e-06,1.567474105739794,1.5675,-0.0002465830859435048,4.854291069118811e-06
7.550266265348661e-06,1.567474105742037,1.5675,-0.0002465830700009341,4.854291073559179e-06
7.552266265348661e-06,1.567474105740466,1.5675,-0.0002465830858504045,4.854291069130277e-06
7.554266265348661e-06,1.567474105742444,1.5675,-0.000246583070054105,4.854291073569844e-06
7.556266265348662e-06,1.567474105740591,1.5675,-0.0002465830857972138,4.854291069151159e-06
7.558266265348662e-06,1.567474105742434,1.5675,-0.0002465830701072912,4.854291073578748e-06
7.560266265348662e-06,1.567474105740287,1.5675,-0.0002465830857307427,4.854291069185232e-06
7.562266265348662e-06,1.567474105741657,1.5675,-0.0002465830701738026,4.85429107353673e-06
7.564266265348662e-06,1.567474105739392,1.5675,-0.0002465830856775901,4.854291069152269e-06
7.566266265348662e-06,1.567474105740634,1.5675,-0.0002465830702137301,4.854291073527549e-06
7.568266265348662e-06,1.56747410573804,1.5675,-0.0002465830856111579,4.854291069167048e-06
7.570266265348663e-06,1.567474105738921,1.5675,-0.0002465830702669798,4.854291073521903e-06
7.572266265348663e-06,1.567474105736078,1.5675,-0.0002465830855713414,4.854291069323476e-06
7.574266265348663e-06,1.567474105736923,1.5675,-0.000246583070346833,4.854291073681518e-06
7.576266265348663e-06,1.567474105734229,1.5675,-0.0002465830854783348,4.854291069283769e-06
7.578266265348663e-06,1.567474105735295,1.5675,-0.0002465830704000796,4.854291073570781e-06
7.580266265348663e-06,1.567474105732837,1.5675,-0.0002465830854384971,4.854291069231106e-06
7.582266265348663e-06,1.567474105733939,1.5675,-0.0002465830704533159,4.854291073499178e-06
7.584266265348664e-06,1.567474105731488,1.5675,-0.0002465830853853614,4.85429106935475e-06
7.586266265348664e-06,1.56747410573254,1.5675,-0.0002465830705065539,4.85429107368335e-06
7.588266265348664e-06,1.567474105730253,1.5675,-0.0002465830853322214,4.854291069460195e-06
7.590266265348664e-06,1.567474105731779,1.5675,-0.0002465830705730646,4.85429107370727e-06
7.592266265348664e-06,1.56747410572996,1.5675,-0.0002465830852790463,4.854291069482712e-06
7.594266265348664e-06,1.567474105731786,1.5675,-0.0002465830706262503,4.85429107370004e-06
7.596266265348665e-06,1.567474105730287,1.5675,-0.0002465830852125517,4.8542910695091e-06
7.598266265348665e-06,1.567474105732434,1.5675,-0.0002465830706661156,4.85429107374885e-06
7.600266265348665e-06,1.567474105730973,1.5675,-0.0002465830851593403,4.854291069530507e-06
7.602266265348665e-06,1.567474105732818,1.5675,-0.0002465830707458803,4.854291073716017e-06
7.604266265348665e-06,1.567474105731285,1.5675,-0.0002465830850928462,4.854291069586722e-06
7.606266265348665e-06,1.56747410573316,1.5675,-0.0002465830707990534,4.854291073750489e-06
7.608266265348665e-06,1.567474105731491,1.5675,-0.0002465830850263562,4.854291069598236e-06
7.610266265348666e-06,1.567474105733191,1.5675,-0.0002465830708655347,4.854291073752413e-06
7.612266265348666e-06,1.56747410573142,1.5675,-0.0002465830849731728,4.854291069597036e-06
7.614266265348666e-06,1.567474105732958,1.5675,-0.0002465830708921364,4.854291073713273e-06
7.616266265348666e-06,1.56747410573116,1.5675,-0.0002465830849199965,4.85429106960358e-06
7.618266265348666e-06,1.567474105732602,1.5675,-0.0002465830709719286,4.854291073682699e-06
7.620266265348666e-06,1.567474105730572,1.5675,-0.0002465830848668325,4.85429106955402e-06
7.622266265348666e-06,1.567474105731671,1.5675,-0.0002465830709852598,4.854291073654147e-06
7.624266265348667e-06,1.567474105729268,1.5675,-0.0002465830848136951,4.85429106958376e-06
7.626266265348667e-06,1.567474105730176,1.5675,-0.0002465830710252048,4.854291073640615e-06
7.628266265348667e-06,1.567474105727785,1.5675,-0.0002465830847738608,4.854291069614135e-06
7.630266265348667e-06,1.567474105728596,1.5675,-0.0002465830710784495,4.854291073648308e-06
7.632266265348666e-06,1.567474105726119,1.5675,-0.0002465830847207368,4.854291069593496e-06
7.634266265348666e-06,1.567474105726936,1.5675,-0.0002465830711582902,4.854291073638475e-06
7.636266265348665e-06,1.567474105724569,1.5675,-0.0002465830846942014,4.854291069626051e-06
7.638266265348664e-06,1.56747410572558,1.5675,-0.0002465830712115266,4.854291073595731e-06
7.640266265348664e-06,1.567474105723285,1.5675,-0.0002465830846410633,4.854291069620192e-06
7.642266265348663e-06,1.567474105724181,1.5675,-0.0002465830712381715,4.854291073649644e-06
7.644266265348662e-06,1.567474105721915,1.5675,-0.0002465830845613353,4.85429106966342e-06
7.646266265348662e-06,1.567474105722859,1.5675,-0.0002465830713047032,4.854291073620944e-06
7.64826626534866e-06,1.567474105720501,1.5675,-0.000246583084508202,4.85429106968599e-06
7.65026626534866e-06,1.567474105721245,1.5675,-0.0002465830713313562,4.854291073624121e-06
7.65226626534866e-06,1.567474105718849,1.5675,-0.000246583084468374,4.854291069667001e-06
7.654266265348659e-06,1.56747410571957,1.5675,-0.0002465830713979009,4.854291073573697e-06
7.656266265348658e-06,1.56747410571703,1.5675,-0.0002465830844152557,4.854291069654467e-06
7.658266265348657e-06,1.567474105717331,1.5675,-0.0002465830714511702,4.854291073576842e-06
7.660266265348657e-06,1.567474105714407,1.5675,-0.0002465830843488709,4.854291069675893e-06
7.662266265348656e-06,1.567474105714613,1.5675,-0.0002465830715177537,4.854291073566017e-06
7.664266265348655e-06,1.567474105711695,1.5675,-0.0002465830843090823,4.854291069682984e-06
7.666266265348655e-06,1.56747410571194,1.5675,-0.0002465830715444461,4.854291073543243e-06
7.668266265348654e-06,1.567474105709016,1.5675,-0.000246583084255996,4.854291069682532e-06
7.670266265348653e-06,1.567474105709211,1.5675,-0.0002465830716110301,4.854291073513652e-06
7.672266265348652e-06,1.567474105706603,1.5675,-0.0002465830842028998,4.854291069657918e-06
7.674266265348652e-06,1.567474105707234,1.5675,-0.0002465830716642896,4.854291073490389e-06
7.676266265348651e-06,1.567474105704975,1.5675,-0.0002465830841763674,4.854291069681636e-06
7.67826626534865e-06,1.567474105705878,1.5675,-0.0002465830717308224,4.854291073499496e-06
7.68026626534865e-06,1.567474105703965,1.5675,-0.0002465830841365155,4.854291069703827e-06
7.682266265348649e-06,1.56747410570522,1.5675,-0.0002465830717840328,4.854291073503868e-06
7.684266265348648e-06,1.567474105703843,1.5675,-0.0002465830840700375,4.854291069731868e-06
7.686266265348648e-06,1.567474105705851,1.5675,-0.0002465830718238989,4.854291073523512e-06
7.688266265348647e-06,1.567474105705212,1.5675,-0.0002465830840433937,4.85429106976658e-06
7.690266265348646e-06,1.567474105707908,1.5675,-0.0002465830718770082,4.854291073524016e-06
7.692266265348645e-06,1.56747410570786,1.5675,-0.0002465830839768127,4.854291069766467e-06
7.694266265348645e-06,1.567474105711033,1.5675,-0.0002465830719433745,4.854291073499296e-06
7.696266265348644e-06,1.567474105711293,1.5675,-0.0002465830839367956,4.854291069767336e-06
7.698266265348643e-06,1.567474105714339,1.5675,-0.0002465830719831409,4.854291073468107e-06
7.700266265348643e-06,1.567474105714536,1.5675,-0.000246583083910082,4.854291069764333e-06
7.702266265348642e-06,1.567474105717672,1.5675,-0.0002465830720362029,4.854291073471814e-06
7.704266265348641e-06,1.5674741057177,1.5675,-0.0002465830838168889,4.854291069780183e-06
7.70626626534864e-06,1.567474105720456,1.5675,-0.0002465830720759888,4.854291073451649e-06
7.70826626534864e-06,1.56747410572013,1.5675,-0.0002465830837902055,4.854291069776151e-06
7.71026626534864e-06,1.567474105722326,1.5675,-0.0002465830721291051,4.854291073424727e-06
7.712266265348639e-06,1.567474105721346,1.5675,-0.0002465830837369743,4.854291069796093e-06
7.714266265348638e-06,1.56747410572278,1.5675,-0.0002465830721689778,4.854291073467869e-06
7.716266265348637e-06,1.567474105721208,1.5675,-0.00024658308369709,4.85429106981007e-06
7.718266265348636e-06,1.56747410572259,1.5675,-0.0002465830721955778,4.854291073406635e-06
7.720266265348636e-06,1.567474105720837,1.5675,-0.0002465830836572143,4.854291069785443e-06
7.722266265348635e-06,1.567474105721516,1.5675,-0.0002465830722621002,4.854291073403359e-06
7.724266265348634e-06,1.567474105719391,1.5675,-0.0002465830836173787,4.854291069802496e-06
7.726266265348634e-06,1.567474105720084,1.5675,-0.0002465830723020429,4.854291073369733e-06
7.728266265348633e-06,1.567474105717752,1.5675,-0.0002465830835376607,4.854291069840196e-06
7.730266265348632e-06,1.567474105717863,1.5675,-0.0002465830723819045,4.854291073424481e-06
7.732266265348632e-06,1.56747410571511,1.5675,-0.0002465830834845731,4.854291069837071e-06
7.734266265348631e-06,1.567474105714906,1.5675,-0.0002465830723820144,4.854291073379333e-06
7.73626626534863e-06,1.56747410571191,1.5675,-0.0002465830834448026,4.854291069848029e-06
7.73826626534863e-06,1.5674741057116,1.5675,-0.0002465830724486199,4.854291073381934e-06
7.740266265348629e-06,1.567474105708418,1.5675,-0.0002465830834050431,4.854291069866654e-06
7.742266265348628e-06,1.567474105707919,1.5675,-0.0002465830724886463,4.854291073363593e-06
7.744266265348627e-06,1.567474105704739,1.5675,-0.000246583083351994,4.854291069856726e-06
7.746266265348627e-06,1.567474105704417,1.5675,-0.000246583072528666,4.854291073346401e-06
7.748266265348626e-06,1.56747410570175,1.5675,-0.0002465830833255122,4.854291069876124e-06
7.750266265348625e-06,1.567474105702001,1.5675,-0.0002465830725952383,4.854291073389481e-06
7.752266265348625e-06,1.567474105699785,1.5675,-0.0002465830832723994,4.854291069889126e-06
7.754266265348624e-06,1.567474105700548,1.5675,-0.0002465830726484783,4.854291073347843e-06
7.756266265348623e-06,1.567474105698878,1.5675,-0.0002465830832458401,4.854291069890143e-06
7.758266265348622e-06,1.567474105700094,1.5675,-0.0002465830726750881,4.854291073318791e-06
7.760266265348622e-06,1.567474105698863,1.5675,-0.0002465830831793582,4.85429106991611e-06
7.762266265348621e-06,1.567474105700387,1.5675,-0.0002465830727282632,4.854291073351849e-06
7.76426626534862e-06,1.567474105699499,1.5675,-0.0002465830831527416,4.854291069924762e-06
7.76626626534862e-06,1.567474105701629,1.5675,-0.0002465830727415134,4.854291073335487e-06
7.768266265348619e-06,1.56747410570148,1.5675,-0.0002465830831127784,4.854291069963156e-06
7.770266265348618e-06,1.567474105704198,1.5675,-0.0002465830727946038,4.854291073319749e-06
7.772266265348618e-06,1.567474105704599,1.5675,-0.000246583083099366,4.854291069907488e-06
7.774266265348617e-06,1.567474105707717,1.5675,-0.0002465830728476589,4.854291073302706e-06
7.776266265348616e-06,1.567474105708326,1.5675,-0.0002465830830327449,4.854291069974112e-06
7.778266265348616e-06,1.567474105711683,1.5675,-0.0002465830729139938,4.854291073326929e-06
7.780266265348615e-06,1.567474105712677,1.5675,-0.0002465830830192866,4.854291069965814e-06
7.782266265348614e-06,1.567474105716361,1.5675,-0.0002465830729670057,4.854291073276258e-06
7.784266265348613e-06,1.56747410571762,1.5675,-0.0002465830829526202,4.854291069983194e-06
7.786266265348613e-06,1.567474105721419,1.5675,-0.0002465830730067071,4.854291073295829e-06
7.788266265348612e-06,1.567474105722752,1.5675,-0.0002465830829258363,4.854291069987158e-06
7.790266265348611e-06,1.567474105726521,1.5675,-0.0002465830730729996,4.854291073286749e-06
7.79226626534861e-06,1.567474105727395,1.5675,-0.0002465830828724777,4.854291069978929e-06
7.79426626534861e-06,1.567474105730491,1.5675,-0.0002465830730994449,4.854291073258219e-06
7.79626626534861e-06,1.567474105731059,1.5675,-0.000246583082832452,4.854291069974193e-06
7.798266265348609e-06,1.567474105733832,1.5675,-0.0002465830731259137,4.854291073224e-06
7.800266265348608e-06,1.567474105733775,1.5675,-0.0002465830828190544,4.854291069963791e-06
7.802266265348607e-06,1.567474105735968,1.5675,-0.0002465830731923167,4.854291073197707e-06
7.804266265348606e-06,1.567474105735591,1.5675,-0.0002465830827658009,4.854291069945377e-06
7.806266265348606e-06,1.567474105737387,1.5675,-0.0002465830731922638,4.85429107317308e-06
7.808266265348605e-06,1.567474105736501,1.5675,-0.0002465830827125811,4.854291069969681e-06
7.810266265348604e-06,1.567474105737822,1.5675,-0.0002465830732587301,4.854291073209757e-06
7.812266265348604e-06,1.567474105736604,1.5675,-0.0002465830826726878,4.854291069988689e-06
7.814266265348603e-06,1.567474105737759,1.5675,-0.0002465830732853254,4.854291073178333e-06
7.816266265348602e-06,1.567474105736514,1.5675,-0.0002465830826328017,4.85429106999663e-06
7.818266265348602e-06,1.567474105737689,1.5675,-0.0002465830733252175,4.854291073187707e-06
7.820266265348601e-06,1.567474105736542,1.5675,-0.0002465830826062077,4.854291070056422e-06
7.8222662653486e-06,1.567474105737624,1.5675,-0.0002465830733518129,4.854291073207161e-06
7.8242662653486e-06,1.567474105736175,1.5675,-0.000246583082539739,4.854291070032171e-06
7.826266265348599e-06,1.567474105737254,1.5675,-0.0002465830734316056,4.854291073193754e-06
7.828266265348598e-06,1.567474105736083,1.5675,-0.0002465830825131493,4.85429107006181e-06
7.830266265348597e-06,1.567474105737336,1.5675,-0.000246583073418306,4.854291073164509e-06
7.832266265348597e-06,1.567474105736327,1.5675,-0.0002465830824599543,4.854291070058449e-06
7.834266265348596e-06,1.567474105737652,1.5675,-0.0002465830734847767,4.85429107318615e-06
7.836266265348595e-06,1.567474105736699,1.5675,-0.000246583082420051,4.854291070067564e-06
7.838266265348595e-06,1.567474105738161,1.5675,-0.0002465830735246472,4.854291073161844e-06
7.840266265348594e-06,1.567474105737476,1.5675,-0.0002465830823801326,4.85429107007573e-06
7.842266265348593e-06,1.567474105739219,1.5675,-0.0002465830735379043,4.85429107315672e-06
7.844266265348593e-06,1.567474105738621,1.5675,-0.0002465830823534972,4.854291070101916e-06
7.846266265348592e-06,1.56747410574024,1.5675,-0.0002465830736176453,4.854291073169494e-06
7.848266265348591e-06,1.567474105739652,1.5675,-0.0002465830823135694,4.854291070119975e-06
7.85026626534859e-06,1.56747410574143,1.5675,-0.000246583073644194,4.854291073150151e-06
7.85226626534859e-06,1.567474105740989,1.5675,-0.0002465830822603336,4.854291070113169e-06
7.854266265348589e-06,1.567474105742738,1.5675,-0.0002465830736973313,4.854291073133749e-06
7.856266265348588e-06,1.567474105742221,1.5675,-0.0002465830822602878,4.854291070094595e-06
7.858266265348588e-06,1.567474105743921,1.5675,-0.0002465830737238803,4.85429107311295e-06
7.860266265348587e-06,1.567474105743261,1.5675,-0.0002465830821937667,4.85429107011316e-06
7.862266265348586e-06,1.567474105744878,1.5675,-0.0002465830737637341,4.854291073103833e-06
7.864266265348586e-06,1.567474105744392,1.5675,-0.0002465830821405387,4.854291070142218e-06
7.866266265348585e-06,1.567474105746131,1.5675,-0.0002465830738168734,4.854291073125201e-06
7.868266265348584e-06,1.567474105745568,1.5675,-0.000246583082113902,4.85429107015364e-06
7.870266265348583e-06,1.56747410574712,1.5675,-0.0002465830738301331,4.854291073113898e-06
7.872266265348583e-06,1.567474105746467,1.5675,-0.0002465830820872755,4.854291070151592e-06
7.874266265348582e-06,1.56747410574798,1.5675,-0.0002465830738832871,4.854291073086224e-06
7.876266265348581e-06,1.567474105747175,1.5675,-0.0002465830820473597,4.854291070132536e-06
7.87826626534858e-06,1.56747410574824,1.5675,-0.0002465830739231669,4.854291073058412e-06
7.88026626534858e-06,1.567474105746998,1.5675,-0.0002465830820207733,4.854291070158797e-06
7.88226626534858e-06,1.567474105747813,1.5675,-0.0002465830739497757,4.854291073063772e-06
7.884266265348579e-06,1.567474105746522,1.5675,-0.0002465830819676051,4.854291070134446e-06
7.886266265348578e-06,1.56747410574744,1.5675,-0.0002465830739896791,4.854291073052825e-06
7.888266265348577e-06,1.567474105746273,1.5675,-0.0002465830819410213,4.854291070170158e-06
7.890266265348576e-06,1.567474105747406,1.5675,-0.0002465830740428663,4.854291073040445e-06
7.892266265348576e-06,1.567474105746427,1.5675,-0.0002465830818878297,4.854291070161897e-06
7.894266265348575e-06,1.567474105747501,1.5675,-0.0002465830740428627,4.854291073021397e-06
7.896266265348574e-06,1.567474105746468,1.5675,-0.0002465830818479387,4.854291070179683e-06
7.898266265348574e-06,1.567474105747507,1.5675,-0.0002465830740960485,4.854291073041002e-06
7.900266265348573e-06,1.56747410574649,1.5675,-0.0002465830818213449,4.8542910701968e-06
7.902266265348572e-06,1.567474105747527,1.5675,-0.0002465830741359372,4.854291073018702e-06
7.904266265348572e-06,1.567474105746398,1.5675,-0.0002465830817814589,4.854291070189382e-06
7.906266265348571e-06,1.567474105747201,1.5675,-0.0002465830741625422,4.854291073000311e-06
7.90826626534857e-06,1.567474105745942,1.5675,-0.0002465830817415864,4.854291070182088e-06
7.91026626534857e-06,1.567474105746667,1.5675,-0.0002465830741891551,4.854291073011398e-06
7.912266265348569e-06,1.567474105745323,1.5675,-0.0002465830817150165,4.854291070233646e-06
7.914266265348568e-06,1.56747410574607,1.5675,-0.0002465830742423633,4.854291073015065e-06
7.916266265348567e-06,1.567474105744816,1.5675,-0.0002465830816884424,4.854291070236769e-06
7.918266265348567e-06,1.567474105745708,1.5675,-0.0002465830742556732,4.854291073007424e-06
7.920266265348566e-06,1.567474105744608,1.5675,-0.0002465830816485606,4.854291070249745e-06
7.922266265348565e-06,1.567474105745579,1.5675,-0.000246583074282271,4.854291073012946e-06
7.924266265348565e-06,1.567474105744614,1.5675,-0.0002465830816485604,4.854291070275671e-06
7.926266265348564e-06,1.567474105745594,1.5675,-0.0002465830743221599,4.854291072997587e-06
7.928266265348563e-06,1.567474105744629,1.5675,-0.0002465830815953739,4.854291070262539e-06
7.930266265348563e-06,1.567474105745735,1.5675,-0.0002465830743620441,4.854291072986795e-06
7.932266265348562e-06,1.567474105744786,1.5675,-0.0002465830815554786,4.85429107024697e-06
7.934266265348561e-06,1.567474105745825,1.5675,-0.0002465830744019302,4.854291072963119e-06
7.93626626534856e-06,1.567474105744946,1.5675,-0.0002465830815155832,4.854291070271879e-06
7.93826626534856e-06,1.567474105746081,1.5675,-0.0002465830744285137,4.854291072957395e-06
7.940266265348559e-06,1.567474105745268,1.5675,-0.0002465830814756818,4.854291070282804e-06
7.942266265348558e-06,1.567474105746582,1.5675,-0.0002465830744683845,4.854291072978336e-06
7.944266265348558e-06,1.567474105746012,1.5675,-0.0002465830814623576,4.854291070308054e-06
7.946266265348557e-06,1.567474105747303,1.5675,-0.0002465830744949506,4.854291072955126e-06
7.948266265348556e-06,1.567474105746676,1.5675,-0.0002465830814224435,4.854291070268304e-06
7.950266265348556e-06,1.567474105748105,1.5675,-0.0002465830745348103,4.854291072900241e-06
7.952266265348555e-06,1.567474105747538,1.5675,-0.0002465830813958184,4.854291070288145e-06
7.954266265348554e-06,1.567474105748849,1.5675,-0.0002465830745613756,4.85429107291324e-06
7.956266265348554e-06,1.56747410574816,1.5675,-0.0002465830813559058,4.854291070284749e-06
7.958266265348553e-06,1.567474105749444,1.5675,-0.0002465830745613534,4.854291072901063e-06
7.960266265348552e-06,1.567474105748867,1.5675,-0.0002465830813292865,4.854291070302962e-06
7.962266265348551e-06,1.567474105749997,1.5675,-0.0002465830746544083,4.854291072955033e-06
7.96426626534855e-06,1.56747410574925,1.5675,-0.0002465830812760863,4.854291070323714e-06
7.96626626534855e-06,1.567474105750553,1.5675,-0.0002465830746676841,4.854291072910501e-06
7.96826626534855e-06,1.567474105749908,1.5675,-0.0002465830812627653,4.854291070357303e-06
7.970266265348549e-06,1.567474105751021,1.5675,-0.0002465830747075561,4.854291072909852e-06
7.972266265348548e-06,1.567474105750293,1.5675,-0.000246583081209565,4.85429107033002e-06
7.974266265348547e-06,1.567474105751275,1.5675,-0.0002465830747341396,4.854291072881085e-06
7.976266265348547e-06,1.567474105750296,1.5675,-0.0002465830811696755,4.854291070334169e-06
7.978266265348546e-06,1.567474105751042,1.5675,-0.0002465830747873343,4.854291072855962e-06
7.980266265348545e-06,1.567474105749835,1.5675,-0.0002465830811696927,4.854291070284928e-06
7.982266265348544e-06,1.567474105750322,1.5675,-0.000246583074787361,4.854291072831188e-06
7.984266265348544e-06,1.567474105748953,1.5675,-0.0002465830811431325,4.854291070305237e-06
7.986266265348543e-06,1.567474105749464,1.5675,-0.0002465830748139859,4.854291072795909e-06
7.988266265348542e-06,1.567474105748073,1.5675,-0.0002465830810899793,4.854291070330767e-06
7.990266265348542e-06,1.567474105748322,1.5675,-0.0002465830748539179,4.854291072853706e-06
7.992266265348541e-06,1.567474105746799,1.5675,-0.0002465830810767302,4.854291070322418e-06
7.99426626534854e-06,1.567474105747209,1.5675,-0.0002465830749071452,4.854291072776606e-06
7.99626626534854e-06,1.567474105745761,1.5675,-0.0002465830810368793,4.854291070299365e-06
7.998266265348539e-06,1.567474105746033,1.5675,-0.0002465830749470784,4.854291072807269e-06
8.000266265348538e-06,1.567474105744616,1.5675,-0.000246583081010329,4.854291070378309e-06
8.002266265348537e-06,1.567474105745091,1.5675,-0.0002465830749737065,4.854291072848652e-06
8.004266265348537e-06,1.567474105743856,1.5675,-0.0002465830809704678,4.854291070408057e-06
8.006266265348536e-06,1.567474105744423,1.5675,-0.0002465830750003243,4.854291072851414e-06
8.008266265348535e-06,1.567474105743298,1.5675,-0.0002465830809438956,4.854291070429384e-06
8.010266265348535e-06,1.56747410574406,1.5675,-0.0002465830750136343,4.854291072836463e-06
8.012266265348534e-06,1.567474105743139,1.5675,-0.000246583080930605,4.854291070377185e-06
8.014266265348533e-06,1.567474105743993,1.5675,-0.0002465830750535262,4.854291072825468e-06
8.016266265348533e-06,1.567474105743139,1.5675,-0.000246583080904012,4.8542910704054e-06
8.018266265348532e-06,1.567474105744058,1.5675,-0.0002465830751067097,4.85429107277222e-06
8.020266265348531e-06,1.567474105743223,1.5675,-0.0002465830808508229,4.854291070372358e-06
8.02226626534853e-06,1.567474105743993,1.5675,-0.0002465830751333052,4.854291072627815e-06
8.02426626534853e-06,1.567474105742996,1.5675,-0.0002465830808242384,4.854291070212423e-06
8.026266265348529e-06,1.567474105743788,1.5675,-0.0002465830751333127,4.854291072712809e-06
8.028266265348528e-06,1.567474105742842,1.5675,-0.0002465830807843547,4.854291070401907e-06
8.030266265348528e-06,1.567474105743502,1.5675,-0.0002465830751865093,4.854291072770327e-06
8.032266265348527e-06,1.567474105742455,1.5675,-0.0002465830807577762,4.854291070402497e-06
8.034266265348526e-06,1.567474105743049,1.5675,-0.0002465830752264156,4.854291072643553e-06
8.036266265348526e-06,1.567474105742102,1.5675,-0.0002465830807178998,4.854291070282533e-06
8.038266265348525e-06,1.567474105742848,1.5675,-0.0002465830752397196,4.854291072716222e-06
8.040266265348524e-06,1.56747410574188,1.5675,-0.0002465830807046115,4.854291070441071e-06
8.042266265348524e-06,1.567474105742509,1.5675,-0.0002465830752663252,4.854291072653971e-06
8.044266265348523e-06,1.567474105741387,1.5675,-0.0002465830806381475,4.854291070308102e-06
8.046266265348522e-06,1.56747410574203,1.5675,-0.000246583075292936,4.854291072569606e-06
8.048266265348521e-06,1.567474105741091,1.5675,-0.000246583080624862,4.854291070274009e-06
8.05026626534852e-06,1.567474105741971,1.5675,-0.0002465830753195311,4.854291072545122e-06
8.05226626534852e-06,1.567474105741173,1.5675,-0.0002465830805982659,4.854291070261633e-06
8.05426626534852e-06,1.567474105741974,1.5675,-0.0002465830753594205,4.854291072535983e-06
8.056266265348519e-06,1.567474105741205,1.5675,-0.0002465830805716718,4.85429107023417e-06
8.058266265348518e-06,1.56747410574217,1.5675,-0.0002465830753727096,4.854291072514768e-06
8.060266265348517e-06,1.567474105741494,1.5675,-0.0002465830805583645,4.854291070239729e-06
8.062266265348517e-06,1.567474105742429,1.5675,-0.0002465830754125896,4.854291072474887e-06
8.064266265348516e-06,1.567474105741704,1.5675,-0.0002465830805317638,4.854291070268755e-06
8.066266265348515e-06,1.567474105742487,1.5675,-0.0002465830754258839,4.854291072514181e-06
8.068266265348514e-06,1.567474105741578,1.5675,-0.000246583080518472,4.854291070261276e-06
8.070266265348514e-06,1.567474105742172,1.5675,-0.000246583075465785,4.854291072479761e-06
8.072266265348513e-06,1.567474105741175,1.5675,-0.000246583080491894,4.854291070295683e-06
8.074266265348512e-06,1.567474105741709,1.5675,-0.0002465830754923952,4.854291072486379e-06
8.076266265348512e-06,1.567474105740628,1.5675,-0.0002465830804520249,4.854291070231494e-06
8.078266265348511e-06,1.567474105741166,1.5675,-0.0002465830755057119,4.854291072424979e-06
8.08026626534851e-06,1.567474105740219,1.5675,-0.0002465830804254472,4.854291070251701e-06
8.08226626534851e-06,1.567474105740968,1.5675,-0.0002465830755323123,4.854291072442153e-06
8.084266265348509e-06,1.567474105740061,1.5675,-0.0002465830804121566,4.854291070261723e-06
8.086266265348508e-06,1.567474105740658,1.5675,-0.0002465830755589167,4.854291072429527e-06
8.088266265348508e-06,1.567474105739807,1.5675,-0.0002465830803722765,4.854291070278239e-06
8.090266265348507e-06,1.567474105740578,1.5675,-0.0002465830755988091,4.85429107244412e-06
8.092266265348506e-06,1.567474105739883,1.5675,-0.0002465830803589773,4.854291070295981e-06
8.094266265348505e-06,1.567474105740735,1.5675,-0.0002465830755988033,4.854291072467607e-06
8.096266265348505e-06,1.567474105739943,1.5675,-0.0002465830803190855,4.854291070328542e-06
8.098266265348504e-06,1.56747410574067,1.5675,-0.0002465830756253987,4.854291072447117e-06
8.100266265348503e-06,1.567474105739958,1.5675,-0.000246583080292492,4.854291070321962e-06
8.102266265348503e-06,1.56747410574082,1.5675,-0.0002465830756652826,4.854291072433054e-06
8.104266265348502e-06,1.567474105740135,1.5675,-0.0002465830802658924,4.854291070302926e-06
8.106266265348501e-06,1.567474105740748,1.5675,-0.0002465830756652853,4.85429107241082e-06
8.1082662653485e-06,1.567474105739622,1.5675,-0.0002465830802127256,4.854291070323549e-06
8.1102662653485e-06,1.567474105739619,1.5675,-0.0002465830757185133,4.85429107241372e-06
8.1122662653485e-06,1.567474105737473,1.5675,-0.000246583080172916,4.854291070330168e-06
8.114266265348498e-06,1.56747410573654,1.5675,-0.0002465830757053313,4.854291072410763e-06
8.116266265348498e-06,1.567474105734128,1.5675,-0.000246583080159744,4.85429107034693e-06
8.118266265348497e-06,1.567474105733058,1.5675,-0.0002465830757586467,4.854291072421791e-06
8.120266265348496e-06,1.567474105730387,1.5675,-0.0002465830801332902,4.854291070356353e-06
8.122266265348496e-06,1.567474105729326,1.5675,-0.0002465830757986751,4.854291072405348e-06
8.124266265348495e-06,1.567474105726985,1.5675,-0.0002465830801068237,4.854291070351117e-06
8.126266265348494e-06,1.567474105726305,1.5675,-0.0002465830757987874,4.854291072384996e-06
8.128266265348494e-06,1.567474105724233,1.5675,-0.0002465830801202226,4.854291070334973e-06
8.130266265348493e-06,1.567474105723732,1.5675,-0.0002465830758254761,4.854291072369042e-06
8.132266265348492e-06,1.567474105722015,1.5675,-0.0002465830800671192,4.854291070348063e-06
8.134266265348491e-06,1.567474105722019,1.5675,-0.0002465830758388363,4.854291072347229e-06
8.13626626534849e-06,1.567474105720661,1.5675,-0.0002465830800671695,4.854291070330424e-06
8.13826626534849e-06,1.567474105720714,1.5675,-0.0002465830758920708,4.854291072331342e-06
8.14026626534849e-06,1.567474105719487,1.5675,-0.0002465830800406203,4.854291070343503e-06
8.142266265348489e-06,1.567474105719649,1.5675,-0.0002465830758921104,4.854291072350734e-06
8.144266265348488e-06,1.567474105718423,1.5675,-0.0002465830800007703,4.85429107034974e-06
8.146266265348487e-06,1.567474105718773,1.5675,-0.0002465830759320325,4.854291072334127e-06
8.148266265348487e-06,1.567474105717735,1.5675,-0.0002465830799874995,4.854291070354841e-06
8.150266265348486e-06,1.567474105718173,1.5675,-0.0002465830759320548,4.854291072307078e-06
8.152266265348485e-06,1.567474105717039,1.5675,-0.0002465830799609323,4.854291070372309e-06
8.154266265348485e-06,1.567474105717318,1.5675,-0.0002465830759852725,4.854291072335986e-06
8.156266265348484e-06,1.5674741057165,1.5675,-0.0002465830799077665,4.854291070367702e-06
8.158266265348483e-06,1.567474105717264,1.5675,-0.0002465830759985711,4.85429107232311e-06
8.160266265348482e-06,1.567474105716421,1.5675,-0.000246583079894473,4.854291070400585e-06
8.162266265348482e-06,1.567474105716768,1.5675,-0.0002465830760251825,4.85429107233069e-06
8.164266265348481e-06,1.567474105715883,1.5675,-0.0002465830798679,4.854291070416095e-06
8.16626626534848e-06,1.567474105716528,1.5675,-0.0002465830760650808,4.85429107236161e-06
8.16826626534848e-06,1.567474105715597,1.5675,-0.0002465830798413176,4.854291070428815e-06
8.170266265348479e-06,1.567474105715986,1.5675,-0.0002465830760651011,4.854291072336957e-06
8.172266265348478e-06,1.567474105715177,1.5675,-0.0002465830798014439,4.854291070439835e-06
8.174266265348478e-06,1.567474105715872,1.5675,-0.0002465830760916982,4.854291072312687e-06
8.176266265348477e-06,1.567474105715138,1.5675,-0.0002465830798014452,4.854291070408027e-06
8.178266265348476e-06,1.567474105715637,1.5675,-0.0002465830761315964,4.854291072306906e-06
8.180266265348475e-06,1.567474105714857,1.5675,-0.0002465830797748627,4.854291070423011e-06
8.182266265348475e-06,1.567474105715598,1.5675,-0.0002465830761581909,4.854291072275156e-06
8.184266265348474e-06,1.567474105715,1.5675,-0.000246583079734968,4.854291070413966e-06
8.186266265348473e-06,1.567474105715697,1.5675,-0.0002465830761581872,4.854291072291501e-06
8.188266265348473e-06,1.56747410571506,1.5675,-0.0002465830797083727,4.854291070446819e-06
8.190266265348472e-06,1.567474105715736,1.5675,-0.0002465830761714822,4.854291072279055e-06
8.192266265348471e-06,1.56747410571502,1.5675,-0.0002465830797083742,4.854291070439919e-06
8.19426626534847e-06,1.56747410571558,1.5675,-0.000246583076198081,4.854291072279724e-06
8.19626626534847e-06,1.567474105714733,1.5675,-0.0002465830796684955,4.854291070442487e-06
8.19826626534847e-06,1.567474105715066,1.5675,-0.0002465830762246931,4.854291072263304e-06
8.200266265348468e-06,1.567474105714114,1.5675,-0.0002465830796685185,4.854291070428484e-06
8.202266265348468e-06,1.567474105714517,1.5675,-0.000246583076264603,4.85429107223773e-06
8.204266265348467e-06,1.567474105713524,1.5675,-0.0002465830796419475,4.854291070446047e-06
8.206266265348466e-06,1.567474105713771,1.5675,-0.0002465830762646307,4.85429107225251e-06
8.208266265348466e-06,1.567474105712849,1.5675,-0.0002465830796020832,4.854291070452251e-06
8.210266265348465e-06,1.567474105713342,1.5675,-0.0002465830762912396,4.854291072245797e-06
8.212266265348464e-06,1.567474105712559,1.5675,-0.0002465830796020939,4.854291070471564e-06
8.214266265348464e-06,1.567474105712974,1.5675,-0.0002465830763311428,4.854291072266631e-06
8.216266265348463e-06,1.567474105712062,1.5675,-0.0002465830795622229,4.854291070483135e-06
8.218266265348462e-06,1.567474105712513,1.5675,-0.00024658307633116,4.854291072248747e-06
8.220266265348462e-06,1.567474105711807,1.5675,-0.0002465830795622324,4.854291070485321e-06
8.22226626534846e-06,1.567474105712377,1.5675,-0.000246583076357758,4.854291072224681e-06
8.22426626534846e-06,1.567474105711537,1.5675,-0.0002465830795356495,4.854291070462484e-06
8.22626626534846e-06,1.567474105711918,1.5675,-0.000246583076384368,4.854291072219343e-06
8.228266265348459e-06,1.567474105711179,1.5675,-0.0002465830795090699,4.854291070473717e-06
8.230266265348458e-06,1.56747410571177,1.5675,-0.00024658307639767,4.854291072225092e-06
8.232266265348457e-06,1.567474105711154,1.5675,-0.0002465830794957743,4.854291070498369e-06
8.234266265348457e-06,1.567474105711721,1.5675,-0.0002465830764109683,4.854291072229419e-06
8.236266265348456e-06,1.567474105710919,1.5675,-0.0002465830794691901,4.854291070522947e-06
8.238266265348455e-06,1.567474105711238,1.5675,-0.0002465830764375792,4.85429107221596e-06
8.240266265348455e-06,1.567474105710265,1.5675,-0.0002465830794426214,4.854291070500365e-06
8.242266265348454e-06,1.567474105710666,1.5675,-0.0002465830764907865,4.854291072216152e-06
8.244266265348453e-06,1.567474105710053,1.5675,-0.0002465830794027398,4.854291070537044e-06
8.246266265348452e-06,1.567474105710721,1.5675,-0.000246583076477488,4.854291072223587e-06
8.248266265348452e-06,1.56747410571007,1.5675,-0.0002465830794027392,4.854291070521675e-06
8.250266265348451e-06,1.567474105710623,1.5675,-0.0002465830765306776,4.854291072185501e-06
8.25226626534845e-06,1.567474105709924,1.5675,-0.0002465830793894481,4.854291070500908e-06
8.25426626534845e-06,1.567474105710507,1.5675,-0.0002465830765306818,4.854291072170083e-06
8.256266265348449e-06,1.567474105709967,1.5675,-0.0002465830793495571,4.85429107051334e-06
8.258266265348448e-06,1.567474105710509,1.5675,-0.0002465830765572748,4.854291072180697e-06
8.260266265348448e-06,1.567474105709807,1.5675,-0.0002465830793362665,4.854291070529566e-06
8.262266265348447e-06,1.567474105710332,1.5675,-0.0002465830765838743,4.854291072169215e-06
8.264266265348446e-06,1.567474105709532,1.5675,-0.0002465830793229803,4.854291070513434e-06
8.266266265348446e-06,1.567474105709942,1.5675,-0.0002465830765971853,4.854291072154918e-06
8.268266265348445e-06,1.567474105709149,1.5675,-0.0002465830792964016,4.854291070530332e-06
8.270266265348444e-06,1.567474105709471,1.5675,-0.0002465830766237958,4.854291072180432e-06
8.272266265348443e-06,1.567474105708698,1.5675,-0.0002465830792831218,4.854291070578057e-06
8.274266265348443e-06,1.56747410570907,1.5675,-0.0002465830766371072,4.854291072191651e-06
8.276266265348442e-06,1.567474105708262,1.5675,-0.0002465830792565451,4.854291070568117e-06
8.278266265348441e-06,1.567474105708678,1.5675,-0.0002465830766238253,4.8542910721585e-06
8.28026626534844e-06,1.567474105707907,1.5675,-0.0002465830792432618,4.854291070577184e-06
8.28226626534844e-06,1.567474105708237,1.5675,-0.0002465830766504347,4.854291072172867e-06
8.28426626534844e-06,1.56747410570742,1.5675,-0.000246583079216687,4.854291070582504e-06
8.286266265348439e-06,1.567474105707759,1.5675,-0.0002465830766903419,4.854291072167693e-06
8.288266265348438e-06,1.567474105707,1.5675,-0.0002465830792034061,4.854291070590914e-06
8.290266265348437e-06,1.567474105707512,1.5675,-0.0002465830767036476,4.854291072183775e-06
8.292266265348436e-06,1.567474105706904,1.5675,-0.0002465830791768167,4.854291070615445e-06
8.294266265348436e-06,1.567474105707551,1.5675,-0.0002465830767169426,4.854291072165476e-06
8.296266265348435e-06,1.567474105707202,1.5675,-0.0002465830791635091,4.854291070600519e-06
8.298266265348434e-06,1.567474105708094,1.5675,-0.0002465830767302189,4.854291072158914e-06
8.300266265348434e-06,1.567474105707721,1.5675,-0.0002465830791103039,4.854291070607211e-06
8.302266265348433e-06,1.567474105708332,1.5675,-0.000246583076756803,4.854291072136937e-06
8.304266265348432e-06,1.567474105707969,1.5675,-0.0002465830790837017,4.854291070599921e-06
8.306266265348432e-06,1.567474105708868,1.5675,-0.0002465830767567831,4.85429107212644e-06
8.308266265348431e-06,1.567474105708583,1.5675,-0.0002465830790703823,4.854291070603317e-06
8.31026626534843e-06,1.567474105709268,1.5675,-0.0002465830767700647,4.854291072152152e-06
8.31226626534843e-06,1.56747410570885,1.5675,-0.0002465830790703725,4.854291070612079e-06
8.314266265348429e-06,1.567474105709566,1.5675,-0.0002465830767966466,4.85429107209404e-06
8.316266265348428e-06,1.567474105709019,1.5675,-0.0002465830790703661,4.854291070575038e-06
8.318266265348427e-06,1.567474105709404,1.5675,-0.000246583076836542,4.854291072082776e-06
8.320266265348427e-06,1.567474105708623,1.5675,-0.0002465830790038984,4.854291070605214e-06
8.322266265348426e-06,1.567474105708837,1.5675,-0.0002465830768365632,4.854291072132464e-06
8.324266265348425e-06,1.56747410570792,1.5675,-0.0002465830789773316,4.854291070657028e-06
8.326266265348425e-06,1.567474105708194,1.5675,-0.0002465830768764765,4.854291072119558e-06
8.328266265348424e-06,1.567474105707408,1.5675,-0.0002465830789773506,4.854291070615515e-06
8.330266265348423e-06,1.567474105707794,1.5675,-0.0002465830768764914,4.854291072102699e-06
8.332266265348423e-06,1.567474105707283,1.5675,-0.0002465830789507624,4.854291070659351e-06
8.334266265348422e-06,1.567474105708012,1.5675,-0.0002465830768897798,4.85429107211856e-06
8.336266265348421e-06,1.567474105707603,1.5675,-0.0002465830789374539,4.854291070638933e-06
8.33826626534842e-06,1.567474105708199,1.5675,-0.0002465830769296623,4.854291072078888e-06
8.34026626534842e-06,1.567474105707788,1.5675,-0.0002465830789374471,4.854291070655277e-06
8.342266265348419e-06,1.567474105708556,1.5675,-0.000246583076929649,4.854291072131995e-06
8.344266265348418e-06,1.567474105708265,1.5675,-0.0002465830789374293,4.854291070697111e-06
8.346266265348418e-06,1.567474105709032,1.5675,-0.0002465830769562243,4.854291072118397e-06
8.348266265348417e-06,1.567474105708837,1.5675,-0.0002465830789241115,4.854291070684731e-06
8.350266265348416e-06,1.56747410570982,1.5675,-0.000246583076956195,4.85429107210894e-06
8.352266265348416e-06,1.567474105709716,1.5675,-0.0002465830788974859,4.854291070690692e-06
8.354266265348415e-06,1.567474105710675,1.5675,-0.0002465830769694597,4.85429107209313e-06
8.356266265348414e-06,1.567474105710627,1.5675,-0.000246583078870859,4.854291070674659e-06
8.358266265348413e-06,1.567474105711683,1.5675,-0.0002465830769960152,4.854291072089494e-06
8.360266265348413e-06,1.56747410571173,1.5675,-0.0002465830788575215,4.854291070681073e-06
8.362266265348412e-06,1.567474105712668,1.5675,-0.0002465830770225715,4.854291072061704e-06
8.364266265348411e-06,1.567474105712378,1.5675,-0.0002465830788574974,4.854291070666907e-06
8.36626626534841e-06,1.567474105712961,1.5675,-0.0002465830770358571,4.854291072051391e-06
8.36826626534841e-06,1.567474105712418,1.5675,-0.0002465830788309029,4.854291070672405e-06
8.37026626534841e-06,1.567474105712805,1.5675,-0.0002465830770624558,4.854291072036067e-06
8.372266265348409e-06,1.567474105712134,1.5675,-0.000246583078791024,4.854291070680056e-06
8.374266265348408e-06,1.567474105712482,1.5675,-0.0002465830770624679,4.854291072067352e-06
8.376266265348407e-06,1.567474105711797,1.5675,-0.0002465830787777401,4.854291070684865e-06
8.378266265348406e-06,1.567474105712135,1.5675,-0.0002465830771023703,4.854291072018928e-06
8.380266265348406e-06,1.567474105711386,1.5675,-0.0002465830787644589,4.854291070646657e-06
8.382266265348405e-06,1.567474105711691,1.5675,-0.0002465830771023867,4.854291072003432e-06
8.384266265348404e-06,1.567474105711049,1.5675,-0.0002465830787644714,4.854291070654571e-06
8.386266265348404e-06,1.567474105711466,1.5675,-0.0002465830771023951,4.854291071971148e-06
8.388266265348403e-06,1.567474105710938,1.5675,-0.0002465830787378826,4.854291070668224e-06
8.390266265348402e-06,1.567474105711429,1.5675,-0.0002465830771422859,4.854291072040855e-06
8.392266265348402e-06,1.567474105710935,1.5675,-0.0002465830787112897,4.854291070724679e-06
8.394266265348401e-06,1.567474105711425,1.5675,-0.0002465830771688791,4.854291072033339e-06
8.3962662653484e-06,1.567474105710855,1.5675,-0.0002465830787245892,4.854291070698415e-06
8.3982662653484e-06,1.567474105711357,1.5675,-0.0002465830771954745,4.854291072026452e-06
8.400266265348399e-06,1.56747410571084,1.5675,-0.0002465830786847003,4.854291070711153e-06
8.402266265348398e-06,1.567474105711169,1.5675,-0.0002465830771954816,4.854291072003099e-06
8.404266265348397e-06,1.567474105710664,1.5675,-0.0002465830786847068,4.854291070727271e-06
8.406266265348397e-06,1.56747410571104,1.5675,-0.0002465830771954863,4.854291072051138e-06
8.408266265348396e-06,1.567474105710423,1.5675,-0.0002465830786581228,4.854291070766429e-06
8.410266265348395e-06,1.567474105710863,1.5675,-0.0002465830772353824,4.854291072045902e-06
8.412266265348395e-06,1.567474105710368,1.5675,-0.0002465830786315319,4.85429107076358e-06
8.414266265348394e-06,1.567474105710832,1.5675,-0.0002465830772087906,4.854291072034893e-06
8.416266265348393e-06,1.56747410571042,1.5675,-0.00024658307863153,4.854291070763024e-06
8.418266265348393e-06,1.567474105711022,1.5675,-0.0002465830772619694,4.854291072023616e-06
8.420266265348392e-06,1.5674741057105,1.5675,-0.0002465830786182304,4.854291070769003e-06
8.422266265348391e-06,1.567474105710903,1.5675,-0.0002465830773018634,4.854291072015322e-06
8.42426626534839e-06,1.567474105710387,1.5675,-0.0002465830785916417,4.854291070746599e-06
8.42626626534839e-06,1.567474105710746,1.5675,-0.0002465830773018693,4.854291072004338e-06
8.428266265348389e-06,1.567474105710033,1.5675,-0.0002465830785916549,4.854291070760134e-06
8.430266265348388e-06,1.56747410571016,1.5675,-0.000246583077301891,4.854291071989715e-06
8.432266265348388e-06,1.567474105709257,1.5675,-0.0002465830785517943,4.854291070743145e-06
8.434266265348387e-06,1.567474105709198,1.5675,-0.0002465830773019268,4.854291071976211e-06
8.436266265348386e-06,1.567474105708107,1.5675,-0.0002465830785518371,4.854291070754141e-06
8.438266265348386e-06,1.567474105707831,1.5675,-0.0002465830773418671,4.854291071958714e-06
8.440266265348385e-06,1.567474105706578,1.5675,-0.0002465830785385974,4.854291070723003e-06
8.442266265348384e-06,1.567474105706242,1.5675,-0.0002465830773419262,4.854291071959957e-06
8.444266265348383e-06,1.567474105704891,1.5675,-0.0002465830785120673,4.854291070774045e-06
8.446266265348383e-06,1.567474105704563,1.5675,-0.0002465830773419886,4.854291071998691e-06
8.448266265348382e-06,1.567474105703428,1.5675,-0.0002465830785121216,4.854291070783916e-06
8.450266265348381e-06,1.567474105703228,1.5675,-0.0002465830773952243,4.854291071989431e-06
8.45226626534838e-06,1.567474105702005,1.5675,-0.0002465830784988782,4.854291070817528e-06
8.45426626534838e-06,1.567474105701796,1.5675,-0.000246583077408574,4.854291071977425e-06
8.45626626534838e-06,1.567474105700977,1.5675,-0.0002465830784856198,4.854291070748698e-06
8.458266265348379e-06,1.567474105701195,1.5675,-0.0002465830774085963,4.854291071912081e-06
8.460266265348378e-06,1.567474105700505,1.5675,-0.0002465830784723409,4.854291070758075e-06
8.462266265348377e-06,1.567474105700688,1.5675,-0.0002465830774086152,4.85429107195056e-06
8.464266265348377e-06,1.567474105699938,1.5675,-0.0002465830784590655,4.85429107075427e-06
8.466266265348376e-06,1.567474105699962,1.5675,-0.0002465830774352352,4.854291071937623e-06
8.468266265348375e-06,1.567474105699058,1.5675,-0.0002465830784192088,4.854291070791617e-06
8.470266265348374e-06,1.56747410569905,1.5675,-0.0002465830774485656,4.85429107190184e-06
8.472266265348374e-06,1.56747410569824,1.5675,-0.0002465830784192393,4.854291070735992e-06
8.474266265348373e-06,1.567474105698439,1.5675,-0.0002465830774751813,4.854291071912153e-06
8.476266265348372e-06,1.567474105697748,1.5675,-0.0002465830784059611,4.854291070794364e-06
8.478266265348372e-06,1.567474105697981,1.5675,-0.0002465830774751983,4.854291071962284e-06
8.480266265348371e-06,1.567474105697432,1.5675,-0.0002465830784059728,4.854291070821459e-06
8.48226626534837e-06,1.567474105697885,1.5675,-0.0002465830774884984,4.854291071951114e-06
8.48426626534837e-06,1.567474105697426,1.5675,-0.0002465830783660836,4.854291070846724e-06
8.486266265348369e-06,1.567474105697834,1.5675,-0.0002465830775416862,4.85429107194128e-06
8.488266265348368e-06,1.5674741056974,1.5675,-0.0002465830783660845,4.854291070815737e-06
8.490266265348367e-06,1.567474105697851,1.5675,-0.0002465830775416856,4.854291071953552e-06
8.492266265348367e-06,1.567474105697538,1.5675,-0.00024658307832619,4.854291070847153e-06
8.494266265348366e-06,1.567474105698097,1.5675,-0.0002465830775416765,4.854291071932243e-06
8.496266265348365e-06,1.567474105697733,1.5675,-0.0002465830783261827,4.854291070803458e-06
8.498266265348365e-06,1.567474105698295,1.5675,-0.0002465830775549656,4.854291071916306e-06
8.500266265348364e-06,1.567474105697981,1.5675,-0.0002465830783394699,4.854291070814975e-06
8.502266265348363e-06,1.567474105698466,1.5675,-0.0002465830775549592,4.854291071893673e-06
8.504266265348363e-06,1.567474105698086,1.5675,-0.000246583078312873,4.854291070829481e-06
8.506266265348362e-06,1.567474105698391,1.5675,-0.000246583077581555,4.854291071887576e-06
8.508266265348361e-06,1.567474105697699,1.5675,-0.000246583078299591,4.854291070819519e-06
8.51026626534836e-06,1.56747410569784,1.5675,-0.0002465830776081684,4.854291071897245e-06
8.51226626534836e-06,1.567474105697153,1.5675,-0.0002465830782996113,4.854291070811991e-06
8.514266265348359e-06,1.567474105697319,1.5675,-0.0002465830775948913,4.854291071890349e-06
8.516266265348358e-06,1.567474105696585,1.5675,-0.0002465830782730395,4.854291070834509e-06
8.518266265348358e-06,1.567474105696784,1.5675,-0.0002465830776215043,4.854291071902976e-06
8.520266265348357e-06,1.567474105696125,1.5675,-0.0002465830782597601,4.854291070848373e-06
8.522266265348356e-06,1.567474105696226,1.5675,-0.0002465830776348215,4.854291071916882e-06
8.524266265348356e-06,1.56747410569564,1.5675,-0.0002465830782597781,4.85429107086494e-06
8.526266265348355e-06,1.567474105695943,1.5675,-0.000246583077661425,4.854291071902972e-06
8.528266265348354e-06,1.567474105695494,1.5675,-0.0002465830782331906,4.854291070884494e-06
8.530266265348354e-06,1.567474105696039,1.5675,-0.0002465830776614214,4.854291071901546e-06
8.532266265348353e-06,1.567474105695714,1.5675,-0.0002465830782331824,4.854291070848521e-06
8.534266265348352e-06,1.567474105696142,1.5675,-0.0002465830776880106,4.854291071908194e-06
8.536266265348351e-06,1.567474105695673,1.5675,-0.0002465830781932945,4.854291070893784e-06
8.53826626534835e-06,1.567474105696048,1.5675,-0.000246583077714607,4.854291071878213e-06
8.54026626534835e-06,1.567474105695677,1.5675,-0.0002465830781932944,4.854291070851727e-06
8.54226626534835e-06,1.567474105696092,1.5675,-0.0002465830777146054,4.854291071880025e-06
8.544266265348349e-06,1.56747410569564,1.5675,-0.0002465830781799992,4.854291070848595e-06
8.546266265348348e-06,1.567474105695918,1.5675,-0.0002465830777279083,4.85429107185242e-06
8.548266265348347e-06,1.567474105695286,1.5675,-0.0002465830781534195,4.854291070872916e-06
8.550266265348347e-06,1.567474105695323,1.5675,-0.000246583077741227,4.854291071900783e-06
8.552266265348346e-06,1.567474105694579,1.5675,-0.0002465830781401492,4.854291070913697e-06
8.554266265348345e-06,1.567474105694771,1.5675,-0.0002465830777412475,4.854291071890381e-06
8.556266265348344e-06,1.56747410569422,1.5675,-0.0002465830781268661,4.854291070899926e-06
8.558266265348344e-06,1.567474105694423,1.5675,-0.0002465830777545569,4.854291071894494e-06
8.560266265348343e-06,1.567474105693821,1.5675,-0.0002465830781401775,4.854291070906807e-06
8.562266265348342e-06,1.567474105693983,1.5675,-0.0002465830777944627,4.854291071873365e-06
8.564266265348342e-06,1.567474105693452,1.5675,-0.0002465830781135981,4.854291070924017e-06
8.566266265348341e-06,1.567474105693643,1.5675,-0.0002465830777944754,4.854291071872289e-06
8.56826626534834e-06,1.56747410569307,1.5675,-0.0002465830780870195,4.854291070911225e-06
8.57026626534834e-06,1.567474105693435,1.5675,-0.0002465830777811867,4.854291071875983e-06
8.572266265348339e-06,1.567474105692991,1.5675,-0.0002465830780870224,4.854291070913978e-06
8.574266265348338e-06,1.567474105693235,1.5675,-0.0002465830777944906,4.854291071870582e-06
8.576266265348338e-06,1.567474105692939,1.5675,-0.0002465830780870242,4.854291070933019e-06
8.578266265348337e-06,1.567474105693578,1.5675,-0.0002465830778077743,4.854291071861792e-06
8.580266265348336e-06,1.567474105693407,1.5675,-0.0002465830780737105,4.854291070866919e-06
8.582266265348335e-06,1.567474105693992,1.5675,-0.0002465830778343518,4.854291071790249e-06
8.584266265348335e-06,1.56747410569378,1.5675,-0.000246583078033807,4.854291070880643e-06
8.586266265348334e-06,1.567474105694276,1.5675,-0.0002465830778343413,4.854291071828788e-06
8.588266265348333e-06,1.567474105693957,1.5675,-0.0002465830780338005,4.854291070878857e-06
8.590266265348333e-06,1.567474105694309,1.5675,-0.0002465830778609331,4.854291071822168e-06
8.592266265348332e-06,1.56747410569375,1.5675,-0.0002465830780205117,4.854291070905712e-06
8.594266265348331e-06,1.567474105693943,1.5675,-0.0002465830778609467,4.854291071795345e-06
8.59626626534833e-06,1.567474105693379,1.5675,-0.000246583078007229,4.854291070857706e-06
8.59826626534833e-06,1.567474105693598,1.5675,-0.0002465830778875525,4.854291071793953e-06
8.600266265348329e-06,1.567474105693212,1.5675,-0.0002465830779939388,4.85429107092944e-06
8.602266265348328e-06,1.567474105693595,1.5675,-0.0002465830779008491,4.854291071835428e-06
8.604266265348328e-06,1.567474105693015,1.5675,-0.0002465830779806496,4.854291070939045e-06
8.606266265348327e-06,1.567474105693208,1.5675,-0.0002465830779008635,4.854291071851459e-06
8.608266265348326e-06,1.567474105692825,1.5675,-0.0002465830779806567,4.854291070943048e-06
8.610266265348326e-06,1.567474105693262,1.5675,-0.0002465830779141579,4.854291071830932e-06
8.612266265348325e-06,1.567474105693033,1.5675,-0.0002465830779540559,4.854291070973411e-06
8.614266265348324e-06,1.567474105693593,1.5675,-0.0002465830779274421,4.854291071818682e-06
8.616266265348324e-06,1.567474105693262,1.5675,-0.0002465830779407509,4.85429107088755e-06
8.618266265348323e-06,1.567474105693675,1.5675,-0.0002465830779673285,4.854291071769351e-06
8.620266265348322e-06,1.567474105693583,1.5675,-0.0002465830779274425,4.854291070899025e-06
8.622266265348321e-06,1.567474105694207,1.5675,-0.0002465830779407158,4.854291071787958e-06
8.62426626534832e-06,1.56747410569389,1.5675,-0.0002465830779141346,4.854291070918724e-06
8.62626626534832e-06,1.567474105694198,1.5675,-0.0002465830779673091,4.854291071778852e-06
8.62826626534832e-06,1.567474105693732,1.5675,-0.000246583077900844,4.854291070938902e-06
8.630266265348319e-06,1.567474105693856,1.5675,-0.0002465830779673218,4.854291071774522e-06
8.632266265348318e-06,1.567474105693191,1.5675,-0.0002465830778875676,4.854291070934222e-06
8.634266265348317e-06,1.567474105693152,1.5675,-0.0002465830779806444,4.854291071782993e-06
8.636266265348317e-06,1.567474105692543,1.5675,-0.0002465830778742953,4.854291070926348e-06
8.638266265348316e-06,1.567474105692792,1.5675,-0.0002465830780072508,4.854291071779384e-06
8.640266265348315e-06,1.567474105692274,1.5675,-0.0002465830778344158,4.854291070943661e-06
8.642266265348315e-06,1.567474105692467,1.5675,-0.0002465830780072629,4.854291071759561e-06
8.644266265348314e-06,1.567474105691959,1.5675,-0.000246583077847724,4.854291070892419e-06
8.646266265348313e-06,1.567474105692206,1.5675,-0.0002465830780205691,4.854291071754303e-06
8.648266265348312e-06,1.567474105691685,1.5675,-0.0002465830778477342,4.854291070968373e-06
8.650266265348312e-06,1.567474105691852,1.5675,-0.0002465830780338788,4.854291071786725e-06
8.652266265348311e-06,1.567474105691298,1.5675,-0.000246583077834452,4.854291070979302e-06
8.65426626534831e-06,1.567474105691452,1.5675,-0.0002465830780205972,4.854291071805753e-06
8.65626626534831e-06,1.567474105690912,1.5675,-0.00024658307782117,4.854291070983676e-06
8.658266265348309e-06,1.567474105691,1.5675,-0.0002465830780472069,4.854291071795366e-06
8.660266265348308e-06,1.567474105690501,1.5675,-0.0002465830778078888,4.854291071001884e-06
8.662266265348308e-06,1.567474105690761,1.5675,-0.0002465830780339194,4.854291071786968e-06
8.664266265348307e-06,1.567474105690373,1.5675,-0.0002465830778078936,4.854291070940319e-06
8.666266265348306e-06,1.567474105690789,1.5675,-0.0002465830780738078,4.854291071717998e-06
8.668266265348305e-06,1.567474105690576,1.5675,-0.000246583077807886,4.854291070952961e-06
8.670266265348305e-06,1.567474105690984,1.5675,-0.000246583078087097,4.854291071761164e-06
8.672266265348304e-06,1.567474105690593,1.5675,-0.0002465830777679959,4.854291070948037e-06
8.674266265348303e-06,1.567474105690755,1.5675,-0.0002465830780871055,4.854291071752441e-06
8.676266265348303e-06,1.567474105690173,1.5675,-0.0002465830777680115,4.85429107098276e-06
8.678266265348302e-06,1.567474105690328,1.5675,-0.0002465830780871214,4.85429107172473e-06
8.680266265348301e-06,1.56747410568983,1.5675,-0.0002465830777680243,4.854291070949432e-06
8.6822662653483e-06,1.567474105690081,1.5675,-0.0002465830781403165,4.854291071730738e-06
8.6842662653483e-06,1.567474105689616,1.5675,-0.0002465830777547357,4.854291070979035e-06
8.6862662653483e-06,1.567474105689797,1.5675,-0.0002465830781270306,4.854291071727856e-06
8.688266265348298e-06,1.567474105689342,1.5675,-0.0002465830777414494,4.854291070973783e-06
8.690266265348298e-06,1.567474105689581,1.5675,-0.0002465830781403352,4.854291071734761e-06
8.692266265348297e-06,1.567474105689119,1.5675,-0.0002465830777281612,4.854291070978099e-06
8.694266265348296e-06,1.567474105689239,1.5675,-0.0002465830781536443,4.854291071735443e-06
8.696266265348296e-06,1.567474105688708,1.5675,-0.0002465830777281765,4.854291070989096e-06
8.698266265348295e-06,1.567474105688803,1.5675,-0.0002465830781536606,4.854291071784052e-06
8.700266265348294e-06,1.567474105688224,1.5675,-0.0002465830777281946,4.854291071004384e-06
8.702266265348294e-06,1.567474105688475,1.5675,-0.0002465830781669693,4.854291071691419e-06
8.704266265348293e-06,1.56747410568821,1.5675,-0.0002465830777016021,4.854291070988625e-06
8.706266265348292e-06,1.567474105688672,1.5675,-0.0002465830781802584,4.854291071748748e-06
8.708266265348292e-06,1.567474105688426,1.5675,-0.0002465830777015941,4.854291071019709e-06
8.71026626534829e-06,1.567474105688748,1.5675,-0.0002465830781802556,4.854291071753812e-06
8.71226626534829e-06,1.567474105688449,1.5675,-0.0002465830776750002,4.854291071039335e-06
8.71426626534829e-06,1.567474105688807,1.5675,-0.0002465830781935499,4.854291071757755e-06
8.716266265348289e-06,1.567474105688466,1.5675,-0.0002465830776617031,4.854291071018012e-06
8.718266265348288e-06,1.567474105688718,1.5675,-0.0002465830781935532,4.854291071741683e-06
8.720266265348287e-06,1.567474105688247,1.5675,-0.0002465830776617113,4.854291070991571e-06
8.722266265348287e-06,1.567474105688343,1.5675,-0.0002465830782334566,4.854291071712305e-06
8.724266265348286e-06,1.567474105687857,1.5675,-0.0002465830776617257,4.854291071021995e-06
8.726266265348285e-06,1.567474105688086,1.5675,-0.0002465830782334662,4.854291071689115e-06
8.728266265348285e-06,1.567474105687626,1.5675,-0.0002465830776617343,4.854291070993268e-06
8.730266265348284e-06,1.567474105687621,1.5675,-0.0002465830782334835,4.854291071699585e-06
8.732266265348283e-06,1.567474105686904,1.5675,-0.0002465830776218718,4.85429107101316e-06
8.734266265348282e-06,1.567474105686905,1.5675,-0.00024658307823351,4.854291071697204e-06
8.736266265348282e-06,1.567474105686279,1.5675,-0.000246583077621895,4.854291071024913e-06
8.738266265348281e-06,1.567474105686276,1.5675,-0.00024658307824683,4.854291071765294e-06
8.74026626534828e-06,1.56747410568571,1.5675,-0.0002465830776219161,4.854291071216261e-06
8.74226626534828e-06,1.567474105685914,1.5675,-0.0002465830782601399,4.85429107190546e-06
8.744266265348279e-06,1.567474105685664,1.5675,-0.0002465830776352144,4.854291071201877e-06
8.746266265348278e-06,1.567474105686186,1.5675,-0.0002465830782734263,4.854291071903851e-06
8.748266265348278e-06,1.567474105686242,1.5675,-0.0002465830776218964,4.854291071298361e-06
8.750266265348277e-06,1.567474105687107,1.5675,-0.0002465830782866885,4.854291071956125e-06
8.752266265348276e-06,1.567474105687574,1.5675,-0.0002465830776085503,4.854291071289638e-06
8.754266265348275e-06,1.567474105688762,1.5675,-0.0002465830782733305,4.854291071983687e-06
8.756266265348275e-06,1.567474105689366,1.5675,-0.0002465830775818907,4.85429107142033e-06
8.758266265348274e-06,1.567474105690734,1.5675,-0.0002465830782865536,4.854291072117285e-06
8.760266265348273e-06,1.567474105691494,1.5675,-0.0002465830775951081,4.854291071362721e-06
8.762266265348273e-06,1.567474105692824,1.5675,-0.0002465830783130688,4.854291071997344e-06
8.764266265348272e-06,1.567474105693499,1.5675,-0.0002465830776083299,4.854291071476386e-06
8.766266265348271e-06,1.567474105694517,1.5675,-0.0002465830782864129,4.85429107212848e-06
8.76826626534827e-06,1.567474105694902,1.5675,-0.0002465830775683883,4.854291071376766e-06
8.77026626534827e-06,1.567474105695993,1.5675,-0.000246583078286358,4.854291072004211e-06
8.77226626534827e-06,1.567474105696385,1.5675,-0.0002465830775683331,4.85429107147311e-06
8.774266265348269e-06,1.567474105697301,1.5675,-0.0002465830783261988,4.854291072133807e-06
8.776266265348268e-06,1.567474105697453,1.5675,-0.0002465830775417004,4.854291071512071e-06
8.778266265348267e-06,1.567474105697946,1.5675,-0.0002465830783394713,4.854291072145379e-06
8.780266265348266e-06,1.567474105697684,1.5675,-0.0002465830775283953,4.854291071524958e-06
8.782266265348266e-06,1.56747410569795,1.5675,-0.0002465830783527676,4.854291072145072e-06
8.784266265348265e-06,1.567474105697439,1.5675,-0.000246583077515108,4.854291071539738e-06
8.786266265348264e-06,1.567474105697326,1.5675,-0.0002465830783527908,4.854291072147773e-06
8.788266265348264e-06,1.567474105696535,1.5675,-0.0002465830775151416,4.854291071530963e-06
8.790266265348263e-06,1.56747410569621,1.5675,-0.0002465830783528323,4.854291072154463e-06
8.792266265348262e-06,1.56747410569523,1.5675,-0.0002465830775151902,4.854291071529472e-06
8.794266265348262e-06,1.567474105694836,1.5675,-0.00024658307836618,4.854291072140273e-06
8.796266265348261e-06,1.567474105693775,1.5675,-0.0002465830774886513,4.854291071551881e-06
8.79826626534826e-06,1.567474105693318,1.5675,-0.0002465830783662364,4.854291072193692e-06
8.80026626534826e-06,1.567474105692314,1.5675,-0.0002465830774887056,4.854291071567229e-06
8.802266265348259e-06,1.567474105691826,1.5675,-0.0002465830783928849,4.854291072138055e-06
8.804266265348258e-06,1.567474105690669,1.5675,-0.0002465830774887668,4.854291071530179e-06
8.806266265348257e-06,1.567474105690071,1.5675,-0.0002465830783796537,4.854291072093784e-06
8.808266265348257e-06,1.567474105688974,1.5675,-0.0002465830774888299,4.854291071516882e-06
8.810266265348256e-06,1.567474105688568,1.5675,-0.0002465830783930061,4.854291072123597e-06
8.812266265348255e-06,1.567474105687525,1.5675,-0.0002465830774888838,4.854291071576717e-06
8.814266265348255e-06,1.567474105686958,1.5675,-0.0002465830784063624,4.854291072154744e-06
8.816266265348254e-06,1.567474105685826,1.5675,-0.0002465830774756505,4.854291071583704e-06
8.818266265348253e-06,1.567474105685329,1.5675,-0.000246583078433016,4.854291072174206e-06
8.820266265348252e-06,1.567474105684244,1.5675,-0.0002465830774624129,4.854291071585806e-06
8.822266265348252e-06,1.567474105683792,1.5675,-0.0002465830784197767,4.854291072167863e-06
8.824266265348251e-06,1.567474105682906,1.5675,-0.0002465830774624626,4.854291071601046e-06
8.82626626534825e-06,1.567474105682554,1.5675,-0.0002465830784331192,4.85429107214836e-06
8.82826626534825e-06,1.567474105681592,1.5675,-0.0002465830774625115,4.854291071549221e-06
8.830266265348249e-06,1.56747410568118,1.5675,-0.0002465830784464669,4.85429107213608e-06
8.832266265348248e-06,1.567474105680263,1.5675,-0.000246583077462561,4.854291071602364e-06
8.834266265348248e-06,1.567474105679985,1.5675,-0.0002465830784465113,4.854291072167935e-06
8.836266265348247e-06,1.567474105679054,1.5675,-0.0002465830774227164,4.854291071643562e-06
8.838266265348246e-06,1.56747410567849,1.5675,-0.0002465830784465669,4.854291072179648e-06
8.840266265348246e-06,1.567474105677342,1.5675,-0.0002465830774227801,4.854291071582629e-06
8.842266265348245e-06,1.567474105676879,1.5675,-0.0002465830784466268,4.854291072123673e-06
8.844266265348244e-06,1.567474105675796,1.5675,-0.0002465830774228377,4.854291071588737e-06
8.846266265348243e-06,1.567474105675129,1.5675,-0.0002465830784998779,4.854291072118284e-06
8.848266265348243e-06,1.567474105673911,1.5675,-0.0002465830774096113,4.854291071589283e-06
8.850266265348242e-06,1.567474105673545,1.5675,-0.0002465830784999368,4.854291072122429e-06
8.852266265348241e-06,1.567474105673129,1.5675,-0.0002465830774229369,4.854291071586258e-06
8.85426626534824e-06,1.567474105673786,1.5675,-0.0002465830784999278,4.854291072121549e-06
8.85626626534824e-06,1.567474105674056,1.5675,-0.0002465830774096059,4.854291071588578e-06
8.85826626534824e-06,1.56747410567492,1.5675,-0.0002465830784865892,4.854291072112299e-06
8.860266265348239e-06,1.567474105675338,1.5675,-0.0002465830773829653,4.854291071601934e-06
8.862266265348238e-06,1.567474105676396,1.5675,-0.0002465830784732378,4.85429107214603e-06
8.864266265348237e-06,1.567474105676868,1.5675,-0.0002465830773962048,4.854291071614541e-06
8.866266265348236e-06,1.567474105677902,1.5675,-0.0002465830784864782,4.854291072132208e-06
8.868266265348236e-06,1.567474105678497,1.5675,-0.0002465830774094407,4.85429107162903e-06
8.870266265348235e-06,1.567474105679804,1.5675,-0.0002465830785395934,4.854291072118226e-06
8.872266265348234e-06,1.567474105680858,1.5675,-0.00024658307738276,4.854291071568462e-06
8.874266265348234e-06,1.567474105682718,1.5675,-0.000246583078539485,4.854291072058833e-06
8.876266265348233e-06,1.56747410568422,1.5675,-0.0002465830773959313,4.854291071577269e-06
8.878266265348232e-06,1.567474105686476,1.5675,-0.0002465830785393453,4.854291072099831e-06
8.880266265348232e-06,1.567474105688533,1.5675,-0.0002465830773824744,4.854291071632179e-06
8.882266265348231e-06,1.567474105691083,1.5675,-0.0002465830785391739,4.854291072140274e-06
8.88426626534823e-06,1.567474105693041,1.5675,-0.0002465830773823067,4.854291071641853e-06
8.88626626534823e-06,1.567474105695464,1.5675,-0.0002465830785523074,4.854291072114908e-06
8.888266265348229e-06,1.567474105697187,1.5675,-0.0002465830773688559,4.854291071589666e-06
8.890266265348228e-06,1.567474105699258,1.5675,-0.0002465830785787592,4.854291072099192e-06
8.892266265348227e-06,1.567474105700757,1.5675,-0.0002465830773820197,4.854291071601325e-06
8.894266265348227e-06,1.567474105702696,1.5675,-0.0002465830785520384,4.854291072063267e-06
8.896266265348226e-06,1.567474105704122,1.5675,-0.0002465830773818945,4.854291071617987e-06
8.898266265348225e-06,1.567474105705984,1.5675,-0.0002465830785519161,4.854291072103727e-06
8.900266265348225e-06,1.567474105707078,1.5675,-0.0002465830773551916,4.854291071600101e-06
8.902266265348224e-06,1.567474105708612,1.5675,-0.0002465830785784113,4.854291072075405e-06
8.904266265348223e-06,1.567474105709464,1.5675,-0.0002465830773418063,4.854291071628625e-06
8.906266265348223e-06,1.567474105710656,1.5675,-0.0002465830785517422,4.854291072090019e-06
8.908266265348222e-06,1.567474105711225,1.5675,-0.0002465830773417408,4.854291071620896e-06
8.910266265348221e-06,1.567474105712336,1.5675,-0.0002465830786048657,4.854291072062783e-06
8.91226626534822e-06,1.567474105712826,1.5675,-0.0002465830773416813,4.854291071618605e-06
8.91426626534822e-06,1.567474105713842,1.5675,-0.0002465830785915132,4.854291072101556e-06
8.916266265348219e-06,1.567474105714318,1.5675,-0.0002465830773416258,4.854291071610698e-06
8.918266265348218e-06,1.56747410571515,1.5675,-0.000246583078604761,4.854291072058858e-06
8.920266265348218e-06,1.567474105715374,1.5675,-0.00024658307732829,4.85429107163953e-06
8.922266265348217e-06,1.567474105716015,1.5675,-0.0002465830785914324,4.854291072110395e-06
8.924266265348216e-06,1.567474105716148,1.5675,-0.0002465830773149647,4.854291071633825e-06
8.926266265348216e-06,1.567474105716745,1.5675,-0.0002465830785914052,4.854291072075052e-06
8.928266265348215e-06,1.56747410571676,1.5675,-0.0002465830773016455,4.854291071663245e-06
8.930266265348214e-06,1.567474105717254,1.5675,-0.0002465830786179792,4.85429107209467e-06
8.932266265348213e-06,1.567474105717363,1.5675,-0.0002465830773149195,4.854291071655704e-06
8.934266265348213e-06,1.567474105718049,1.5675,-0.0002465830786179497,4.854291072111605e-06
8.936266265348212e-06,1.567474105718223,1.5675,-0.000246583077301591,4.854291071657e-06
8.938266265348211e-06,1.567474105718829,1.5675,-0.0002465830786312172,4.854291072091795e-06
8.94026626534821e-06,1.567474105718959,1.5675,-0.0002465830772749706,4.854291071683569e-06
8.94226626534821e-06,1.567474105719554,1.5675,-0.0002465830786311902,4.854291072084233e-06
8.94426626534821e-06,1.567474105719645,1.5675,-0.0002465830773015382,4.854291071611116e-06
8.946266265348209e-06,1.567474105720184,1.5675,-0.0002465830786577597,4.854291072026331e-06
8.948266265348208e-06,1.567474105720269,1.5675,-0.0002465830773015149,4.854291071610257e-06
8.950266265348207e-06,1.567474105720882,1.5675,-0.0002465830786577337,4.854291072056379e-06
8.952266265348207e-06,1.567474105720971,1.5675,-0.0002465830772615993,4.854291071688081e-06
8.954266265348206e-06,1.567474105721482,1.5675,-0.0002465830786311185,4.854291072126421e-06
8.956266265348205e-06,1.567474105721427,1.5675,-0.0002465830772881754,4.854291071688611e-06
8.958266265348204e-06,1.567474105721975,1.5675,-0.0002465830786709896,4.854291072063547e-06
8.960266265348204e-06,1.567474105722161,1.5675,-0.0002465830772615552,4.854291071641917e-06
8.962266265348203e-06,1.567474105722826,1.5675,-0.0002465830786576615,4.854291072055189e-06
8.964266265348202e-06,1.567474105722992,1.5675,-0.0002465830772615242,4.854291071630792e-06
8.966266265348202e-06,1.567474105723626,1.5675,-0.0002465830786709282,4.854291072037008e-06
8.968266265348201e-06,1.567474105723678,1.5675,-0.0002465830772349056,4.854291071647393e-06
8.9702662653482e-06,1.567474105724208,1.5675,-0.000246583078684203,4.854291072018339e-06
8.9722662653482e-06,1.567474105724331,1.5675,-0.0002465830772481778,4.854291071651977e-06
8.974266265348199e-06,1.567474105724955,1.5675,-0.0002465830786841753,4.854291072067166e-06
8.976266265348198e-06,1.567474105725173,1.5675,-0.0002465830772481466,4.854291071638143e-06
8.978266265348197e-06,1.56747410572584,1.5675,-0.0002465830786974388,4.854291072033145e-06
8.980266265348197e-06,1.567474105726067,1.5675,-0.0002465830772215203,4.854291071666293e-06
8.982266265348196e-06,1.567474105726771,1.5675,-0.0002465830787107006,4.854291072069495e-06
8.984266265348195e-06,1.567474105726778,1.5675,-0.0002465830772214939,4.854291071678418e-06
8.986266265348195e-06,1.567474105727082,1.5675,-0.0002465830787106891,4.854291072041204e-06
8.988266265348194e-06,1.567474105726946,1.5675,-0.0002465830772081912,4.854291071680896e-06
8.990266265348193e-06,1.567474105727309,1.5675,-0.0002465830787239771,4.854291072080201e-06
8.992266265348193e-06,1.567474105727196,1.5675,-0.0002465830772081819,4.854291071684519e-06
8.994266265348192e-06,1.567474105727611,1.5675,-0.0002465830787106694,4.854291072031317e-06
8.996266265348191e-06,1.567474105727658,1.5675,-0.0002465830772214611,4.854291071633963e-06
8.99826626534819e-06,1.567474105728075,1.5675,-0.0002465830787106521,4.854291071989405e-06
9e-06,1.567474105729825,1.5675,-0.0002465830772909211,4.85429107161526e-06
