time,v(out),v(inp),i(VDD),@m.xdut.xraw.x11.msky130_fd_pr__pfet_g5v0d10v5[id]
0.0,1.732472272062927,1.7325,-0.0002707242378112587,5.050797011254428e-06
2e-11,1.732472272062819,1.7325,-0.0002707242379220446,5.050797011255054e-06
4e-11,1.732472272062691,1.7325,-0.0002707242379356002,5.050797011255619e-06
8.000000000000001e-11,1.732472272062428,1.7325,-0.0002707242379094558,5.050797011257263e-06
1.6e-10,1.732472272062211,1.7325,-0.0002707242379274318,5.05079701126216e-06
3.2e-10,1.732472272062593,1.7325,-0.0002707242379300935,5.050797011265835e-06
6.400000000000001e-10,1.732472272061772,1.7325,-0.0002707242380429636,5.050797011233478e-06
1.28e-09,1.732472272059414,1.7325,-0.0002707242380230009,5.050797011216358e-06
2.56e-09,1.732472272059613,1.7325,-0.0002707242380803376,5.050797011375725e-06
4.560000000000001e-09,1.732472272071226,1.7325,-0.000270724238197368,5.050797011310153e-06
6.560000000000001e-09,1.732472272107281,1.7325,-0.0002707242384087706,5.050797010965238e-06
8.56e-09,1.732472272164915,1.7325,-0.0002707242385927775,5.050797010897262e-06
1.056e-08,1.732472272246182,1.7325,-0.0002707242388157947,5.050797010953063e-06
1.256e-08,1.732472272350958,1.7325,-0.0002707242389980479,5.050797010945298e-06
1.456e-08,1.732472272475723,1.7325,-0.0002707242391795576,5.050797010956758e-06
1.656e-08,1.732472272618678,1.7325,-0.0002707242393470941,5.050797010942486e-06
1.856e-08,1.732472272779659,1.7325,-0.0002707242395139602,5.05079701090216e-06
2.056e-08,1.732472272955084,1.7325,-0.0002707242396138064,5.050797010916785e-06
2.256e-08,1.732472273140884,1.7325,-0.0002707242397531561,5.050797010919684e-06
2.456000000000001e-08,1.732472273333505,1.7325,-0.0002707242397858802,5.050797010890397e-06
2.656000000000001e-08,1.732472273528787,1.7325,-0.0002707242398982844,5.050797010921951e-06
2.856000000000001e-08,1.732472273722499,1.7325,-0.0002707242399309679,5.050797010940293e-06
3.056000000000001e-08,1.732472273911004,1.7325,-0.0002707242399638452,5.050797010935821e-06
3.256000000000001e-08,1.732472274091035,1.7325,-0.0002707242399837412,5.050797010909635e-06
3.456000000000001e-08,1.732472274259519,1.7325,-0.0002707242399508807,5.050797010898433e-06
3.656e-08,1.732472274414055,1.7325,-0.0002707242399318356,5.05079701091693e-06
3.856e-08,1.73247227455301,1.7325,-0.0002707242399000737,5.050797010935267e-06
4.056e-08,1.732472274675583,1.7325,-0.0002707242398423281,5.050797010944709e-06
4.256e-08,1.732472274781341,1.7325,-0.0002707242398118011,5.05079701093184e-06
4.456e-08,1.73247227487016,1.7325,-0.0002707242397420147,5.050797010915568e-06
4.655999999999999e-08,1.732472274942347,1.7325,-0.0002707242396861434,5.05079701090979e-06
4.855999999999999e-08,1.732472274998798,1.7325,-0.0002707242396175611,5.050797010911925e-06
5.055999999999999e-08,1.732472275039958,1.7325,-0.000270724239562844,5.050797010907422e-06
5.255999999999999e-08,1.732472275067228,1.7325,-0.0002707242395086436,5.050797010911169e-06
5.455999999999999e-08,1.732472275082213,1.7325,-0.0002707242394549003,5.050797010911783e-06
5.655999999999999e-08,1.732472275086554,1.7325,-0.0002707242394015528,5.050797010899984e-06
5.855999999999998e-08,1.732472275082669,1.7325,-0.0002707242393485114,5.050797010904113e-06
6.055999999999998e-08,1.732472275072282,1.7325,-0.0002707242392957118,5.050797010906822e-06
6.255999999999999e-08,1.732472275056716,1.7325,-0.0002707242392696979,5.050797010897994e-06
6.455999999999999e-08,1.732472275037646,1.7325,-0.0002707242392438143,5.050797010903306e-06
6.656e-08,1.732472275016639,1.7325,-0.0002707242392047063,5.050797010901299e-06
6.856e-08,1.732472274995568,1.7325,-0.0002707242391788971,5.050797010902689e-06
7.056e-08,1.73247227497597,1.7325,-0.0002707242391796262,5.050797010908212e-06
7.256000000000001e-08,1.732472274959051,1.7325,-0.0002707242391536625,5.05079701090154e-06
7.456000000000001e-08,1.732472274945753,1.7325,-0.0002707242391807503,5.050797010903796e-06
7.656000000000002e-08,1.732472274936733,1.7325,-0.0002707242391544928,5.050797010912741e-06
7.856000000000002e-08,1.732472274932275,1.7325,-0.0002707242391546587,5.050797010904594e-06
8.056000000000003e-08,1.732472274932721,1.7325,-0.0002707242391546421,5.050797010898944e-06
8.256000000000003e-08,1.732472274938218,1.7325,-0.0002707242391810305,5.050797010910299e-06
8.456000000000004e-08,1.732472274948891,1.7325,-0.0002707242391540405,5.050797010903817e-06
8.656000000000004e-08,1.7324722749643,1.7325,-0.0002707242391800603,5.050797010897838e-06
8.856000000000005e-08,1.732472274983553,1.7325,-0.0002707242391793441,5.050797010909802e-06
9.056000000000005e-08,1.73247227500616,1.7325,-0.0002707242391785031,5.050797010908439e-06
9.256000000000006e-08,1.732472275031649,1.7325,-0.0002707242391775551,5.050797010902975e-06
9.456000000000006e-08,1.732472275059939,1.7325,-0.000270724239216392,5.050797010905435e-06
9.656000000000007e-08,1.732472275091034,1.7325,-0.0002707242392285319,5.050797010906409e-06
9.856000000000007e-08,1.732472275123898,1.7325,-0.0002707242392273094,5.050797010912525e-06
1.005600000000001e-07,1.732472275157328,1.7325,-0.0002707242392127693,5.050797010908822e-06
1.025600000000001e-07,1.732472275190583,1.7325,-0.0002707242391849393,5.050797010904986e-06
1.045600000000001e-07,1.732472275223172,1.7325,-0.000270724239183727,5.050797010912391e-06
1.065600000000001e-07,1.732472275254771,1.7325,-0.000270724239195848,5.050797010903235e-06
1.085600000000001e-07,1.732472275285079,1.7325,-0.0002707242391947206,5.050797010900152e-06
1.105600000000001e-07,1.732472275313577,1.7325,-0.000270724239206957,5.050797010909292e-06
1.125600000000001e-07,1.732472275340155,1.7325,-0.0002707242391793753,5.050797010903288e-06
1.145600000000001e-07,1.732472275364501,1.7325,-0.0002707242391784697,5.050797010900955e-06
1.165600000000001e-07,1.732472275385663,1.7325,-0.0002707242391776825,5.050797010909352e-06
1.185600000000001e-07,1.73247227540318,1.7325,-0.0002707242391504379,5.050797010905633e-06
1.205600000000001e-07,1.732472275417112,1.7325,-0.0002707242391366231,5.050797010911746e-06
1.225600000000001e-07,1.732472275427598,1.7325,-0.0002707242391096401,5.050797010912585e-06
1.245600000000001e-07,1.732472275435385,1.7325,-0.0002707242390827575,5.050797010897932e-06
1.265600000000001e-07,1.732472275441,1.7325,-0.0002707242390825486,5.050797010910335e-06
1.285600000000001e-07,1.732472275444478,1.7325,-0.0002707242390824192,5.050797010906509e-06
1.305600000000001e-07,1.732472275445839,1.7325,-0.0002707242390557756,5.050797010905435e-06
1.325600000000001e-07,1.732472275445266,1.7325,-0.0002707242390557969,5.050797010915975e-06
1.345600000000001e-07,1.732472275443197,1.7325,-0.0002707242390691704,5.050797010895264e-06
1.365600000000001e-07,1.732472275440112,1.7325,-0.0002707242390559887,5.05079701091078e-06
1.3856e-07,1.73247227543639,1.7325,-0.0002707242390428306,5.050797010917419e-06
1.4056e-07,1.73247227543238,1.7325,-0.0002707242390429798,5.050797010885861e-06
1.4256e-07,1.732472275428486,1.7325,-0.0002707242390298282,5.050797010910532e-06
1.4456e-07,1.732472275425027,1.7325,-0.0002707242390033639,5.050797010944439e-06
1.4656e-07,1.732472275421829,1.7325,-0.0002707242390034828,5.050797010965938e-06
1.4856e-07,1.732472275418786,1.7325,-0.000270724239030189,5.050797010983564e-06
1.5056e-07,1.732472275416141,1.7325,-0.0002707242390036944,5.050797010975368e-06
1.5256e-07,1.732472275414443,1.7325,-0.0002707242390037576,5.050797010950417e-06
1.5456e-07,1.732472275413799,1.7325,-0.0002707242390037815,5.050797010920434e-06
1.5656e-07,1.732472275413804,1.7325,-0.0002707242390303743,5.050797010909586e-06
1.5856e-07,1.732472275414553,1.7325,-0.00027072423901705,5.050797010916695e-06
1.6056e-07,1.73247227541601,1.7325,-0.0002707242390302922,5.050797010901966e-06
1.625599999999999e-07,1.732472275418091,1.7325,-0.0002707242390435113,5.050797010894763e-06
1.645599999999999e-07,1.732472275420865,1.7325,-0.0002707242390301116,5.050797010911458e-06
1.665599999999999e-07,1.732472275424148,1.7325,-0.000270724239043286,5.050797010896855e-06
1.685599999999999e-07,1.732472275427887,1.7325,-0.0002707242390298504,5.050797010898933e-06
1.705599999999999e-07,1.732472275431905,1.7325,-0.0002707242390297009,5.050797010914925e-06
1.725599999999999e-07,1.732472275436026,1.7325,-0.0002707242390295477,5.050797010893311e-06
1.745599999999999e-07,1.732472275440283,1.7325,-0.0002707242390027963,5.050797010902507e-06
1.765599999999999e-07,1.732472275444658,1.7325,-0.0002707242390159301,5.050797010915833e-06
1.785599999999999e-07,1.732472275449079,1.7325,-0.0002707242390290621,5.050797010894656e-06
1.805599999999999e-07,1.732472275453642,1.7325,-0.0002707242390022994,5.050797010904262e-06
1.825599999999999e-07,1.73247227545835,1.7325,-0.0002707242390287172,5.0507970109094e-06
1.845599999999998e-07,1.732472275463018,1.7325,-0.0002707242390152471,5.050797010899821e-06
1.865599999999998e-07,1.732472275467566,1.7325,-0.000270724238988485,5.050797010912395e-06
1.885599999999998e-07,1.732472275472037,1.7325,-0.0002707242390016151,5.05079701090707e-06
1.905599999999998e-07,1.732472275476289,1.7325,-0.0002707242390147534,5.050797010907333e-06
1.925599999999998e-07,1.732472275480305,1.7325,-0.0002707242390146041,5.050797010915664e-06
1.945599999999998e-07,1.732472275484181,1.7325,-0.0002707242390144599,5.050797010897986e-06
1.965599999999998e-07,1.732472275487863,1.7325,-0.0002707242390010264,5.050797010905882e-06
1.985599999999998e-07,1.732472275491251,1.7325,-0.0002707242390141969,5.050797010910238e-06
2.005599999999998e-07,1.732472275494461,1.7325,-0.0002707242390140775,5.05079701089869e-06
2.025599999999998e-07,1.732472275497511,1.7325,-0.0002707242390272605,5.050797010910222e-06
2.045599999999998e-07,1.732472275500131,1.7325,-0.0002707242390005701,5.050797010905659e-06
2.065599999999998e-07,1.732472275502405,1.7325,-0.0002707242390270784,5.05079701090532e-06
2.085599999999997e-07,1.7324722755044,1.7325,-0.0002707242390004113,5.050797010913176e-06
2.105599999999997e-07,1.73247227550626,1.7325,-0.0002707242390136385,5.050797010904861e-06
2.125599999999997e-07,1.732472275507979,1.7325,-0.0002707242390002781,5.050797010902619e-06
2.145599999999997e-07,1.73247227550939,1.7325,-0.0002707242390135221,5.050797010911886e-06
2.165599999999997e-07,1.732472275510692,1.7325,-0.0002707242390001772,5.050797010906766e-06
2.185599999999997e-07,1.732472275511894,1.7325,-0.000270724239013429,5.050797010908202e-06
2.205599999999997e-07,1.732472275512819,1.7325,-0.000270724239026691,5.050797010917321e-06
2.225599999999997e-07,1.73247227551337,1.7325,-0.0002707242390000776,5.050797010899372e-06
2.245599999999997e-07,1.73247227551352,1.7325,-0.000270724239000072,5.050797010897948e-06
2.265599999999997e-07,1.732472275513474,1.7325,-0.0002707242390000738,5.050797010908992e-06
2.285599999999997e-07,1.732472275513223,1.7325,-0.00027072423897349,5.050797010897681e-06
2.305599999999997e-07,1.732472275512596,1.7325,-0.0002707242390001063,5.050797010900685e-06
2.325599999999996e-07,1.732472275511797,1.7325,-0.0002707242390001361,5.050797010910456e-06
2.345599999999996e-07,1.732472275510982,1.7325,-0.0002707242389868699,5.050797010899428e-06
2.365599999999996e-07,1.732472275510243,1.7325,-0.000270724238973601,5.050797010903412e-06
2.385599999999996e-07,1.732472275509558,1.7325,-0.0002707242390002194,5.050797010913933e-06
2.405599999999996e-07,1.732472275508997,1.7325,-0.0002707242389869438,5.050797010900087e-06
2.425599999999996e-07,1.732472275508572,1.7325,-0.0002707242389736631,5.050797010901827e-06
2.445599999999996e-07,1.732472275508231,1.7325,-0.0002707242389869723,5.050797010911665e-06
2.465599999999996e-07,1.732472275508064,1.7325,-0.000270724238973682,5.050797010902891e-06
2.485599999999996e-07,1.732472275508003,1.7325,-0.0002707242389869807,5.05079701090909e-06
2.505599999999996e-07,1.732472275508132,1.7325,-0.0002707242389736795,5.050797010913705e-06
2.525599999999996e-07,1.732472275508647,1.7325,-0.0002707242389736603,5.05079701090063e-06
2.545599999999995e-07,1.732472275509463,1.7325,-0.0002707242389869264,5.050797010906204e-06
2.565599999999995e-07,1.732472275510404,1.7325,-0.0002707242390001879,5.050797010910575e-06
2.585599999999995e-07,1.732472275511487,1.7325,-0.0002707242389868512,5.050797010901833e-06
2.605599999999995e-07,1.732472275512673,1.7325,-0.0002707242390001035,5.050797010907612e-06
2.625599999999995e-07,1.732472275513764,1.7325,-0.00027072423897347,5.050797010901102e-06
2.645599999999995e-07,1.732472275514927,1.7325,-0.0002707242389734267,5.050797010899427e-06
2.665599999999995e-07,1.732472275516233,1.7325,-0.0002707242389733781,5.050797010912409e-06
2.685599999999995e-07,1.732472275517476,1.7325,-0.0002707242389999249,5.050797010901861e-06
2.705599999999995e-07,1.73247227551868,1.7325,-0.0002707242389865836,5.050797010903344e-06
2.725599999999995e-07,1.732472275519855,1.7325,-0.0002707242389865398,5.050797010911391e-06
2.745599999999995e-07,1.732472275520899,1.7325,-0.0002707242389732045,5.050797010899783e-06
2.765599999999995e-07,1.732472275521808,1.7325,-0.0002707242389731707,5.050797010904194e-06
2.785599999999994e-07,1.732472275522665,1.7325,-0.0002707242389864354,5.050797010907196e-06
2.805599999999994e-07,1.732472275523553,1.7325,-0.0002707242389996988,5.050797010899297e-06
2.825599999999994e-07,1.732472275524319,1.7325,-0.0002707242389863738,5.050797010911169e-06
2.845599999999994e-07,1.732472275524905,1.7325,-0.000270724238986352,5.050797010906778e-06
2.865599999999994e-07,1.732472275525366,1.7325,-0.0002707242389996314,5.050797010905714e-06
2.885599999999994e-07,1.73247227552576,1.7325,-0.0002707242389996167,5.050797010912364e-06
2.905599999999994e-07,1.732472275526044,1.7325,-0.0002707242389996061,5.050797010899003e-06
2.925599999999994e-07,1.732472275526115,1.7325,-0.000270724238986307,5.05079701090696e-06
2.945599999999994e-07,1.732472275526129,1.7325,-0.00027072423897301,5.050797010912721e-06
2.965599999999994e-07,1.732472275526276,1.7325,-0.0002707242389730045,5.050797010897566e-06
2.985599999999994e-07,1.732472275526389,1.7325,-0.0002707242389862968,5.050797010907198e-06
3.005599999999994e-07,1.732472275526397,1.7325,-0.0002707242389862965,5.050797010911629e-06
3.025599999999993e-07,1.732472275526552,1.7325,-0.0002707242389729942,5.050797010901309e-06
3.045599999999993e-07,1.732472275526755,1.7325,-0.0002707242389729867,5.050797010905194e-06
3.065599999999993e-07,1.732472275526745,1.7325,-0.0002707242389862835,5.05079701090424e-06
3.085599999999993e-07,1.732472275526789,1.7325,-0.0002707242389729855,5.050797010907481e-06
3.105599999999993e-07,1.732472275526961,1.7325,-0.0002707242389862755,5.050797010910051e-06
3.125599999999993e-07,1.732472275527106,1.7325,-0.0002707242389729736,5.050797010900896e-06
3.145599999999993e-07,1.732472275527361,1.7325,-0.0002707242389995571,5.050797010902038e-06
3.165599999999993e-07,1.73247227552775,1.7325,-0.0002707242389729497,5.050797010908379e-06
3.185599999999993e-07,1.732472275528152,1.7325,-0.0002707242389862313,5.050797010904735e-06
3.205599999999993e-07,1.732472275528658,1.7325,-0.0002707242389862124,5.050797010908338e-06
3.225599999999993e-07,1.732472275529338,1.7325,-0.0002707242389861871,5.050797010911678e-06
3.245599999999992e-07,1.732472275529963,1.7325,-0.0002707242389728674,5.050797010908118e-06
3.265599999999992e-07,1.732472275530585,1.7325,-0.0002707242389728442,5.050797010907932e-06
3.285599999999992e-07,1.732472275531281,1.7325,-0.0002707242389861148,5.050797010905439e-06
3.305599999999992e-07,1.732472275531871,1.7325,-0.0002707242389727964,5.050797010914257e-06
3.325599999999992e-07,1.732472275532387,1.7325,-0.0002707242389993701,5.050797010909707e-06
3.345599999999992e-07,1.732472275532918,1.7325,-0.0002707242389993504,5.050797010901002e-06
3.365599999999992e-07,1.732472275533409,1.7325,-0.0002707242389727392,5.05079701091299e-06
3.385599999999992e-07,1.73247227553378,1.7325,-0.0002707242389993183,5.050797010900352e-06
3.405599999999992e-07,1.732472275534088,1.7325,-0.000270724238999307,5.050797010899762e-06
3.425599999999992e-07,1.73247227553441,1.7325,-0.0002707242389727019,5.050797010917022e-06
3.445599999999992e-07,1.732472275534607,1.7325,-0.0002707242389859911,5.050797010933986e-06
3.465599999999992e-07,1.732472275534788,1.7325,-0.0002707242389726879,5.050797010942737e-06
3.485599999999991e-07,1.73247227553519,1.7325,-0.0002707242389859694,5.050797010935657e-06
3.505599999999991e-07,1.732472275535514,1.7325,-0.0002707242389859573,5.050797010911319e-06
3.525599999999991e-07,1.73247227553574,1.7325,-0.0002707242389859489,5.050797010899053e-06
3.545599999999991e-07,1.73247227553606,1.7325,-0.0002707242389992336,5.0507970109136e-06
3.565599999999991e-07,1.732472275536358,1.7325,-0.0002707242389726295,5.050797010895832e-06
3.585599999999991e-07,1.732472275536508,1.7325,-0.0002707242389992169,5.050797010904503e-06
3.605599999999991e-07,1.732472275536723,1.7325,-0.0002707242389726159,5.050797010910626e-06
3.625599999999991e-07,1.732472275537227,1.7325,-0.0002707242389858936,5.050797010893429e-06
3.645599999999991e-07,1.732472275537759,1.7325,-0.0002707242389725773,5.050797010916626e-06
3.665599999999991e-07,1.732472275538119,1.7325,-0.0002707242389858605,5.050797010940408e-06
3.685599999999991e-07,1.732472275538471,1.7325,-0.0002707242389858474,5.050797010933911e-06
3.705599999999991e-07,1.732472275538892,1.7325,-0.0002707242389725352,5.050797010901925e-06
3.72559999999999e-07,1.732472275539358,1.7325,-0.0002707242389725179,5.050797010904833e-06
3.74559999999999e-07,1.732472275539886,1.7325,-0.0002707242389724983,5.050797010920473e-06
3.76559999999999e-07,1.732472275540377,1.7325,-0.0002707242389857764,5.050797010925499e-06
3.78559999999999e-07,1.73247227554083,1.7325,-0.0002707242389857596,5.05079701090903e-06
3.80559999999999e-07,1.732472275541301,1.7325,-0.0002707242389724456,5.05079701089449e-06
3.82559999999999e-07,1.732472275541656,1.7325,-0.0002707242389724324,5.050797010919032e-06
3.84559999999999e-07,1.732472275541774,1.7325,-0.000270724238999021,5.050797010935561e-06
3.86559999999999e-07,1.732472275541818,1.7325,-0.0002707242389724264,5.050797010938562e-06
3.88559999999999e-07,1.732472275541857,1.7325,-0.0002707242389857214,5.050797010945114e-06
3.90559999999999e-07,1.732472275541801,1.7325,-0.00027072423899902,5.0507970109476e-06
3.92559999999999e-07,1.732472275541743,1.7325,-0.0002707242389724292,5.05079701093774e-06
3.945599999999989e-07,1.732472275541558,1.7325,-0.0002707242389857325,5.050797010911692e-06
3.965599999999989e-07,1.732472275541287,1.7325,-0.0002707242389990391,5.050797010903954e-06
3.985599999999989e-07,1.732472275541093,1.7325,-0.0002707242389724533,5.050797010913414e-06
4.005599999999989e-07,1.732472275540854,1.7325,-0.0002707242389857587,5.050797010895926e-06
4.025599999999989e-07,1.732472275540503,1.7325,-0.0002707242389857717,5.050797010910274e-06
4.045599999999989e-07,1.732472275540309,1.7325,-0.0002707242389990755,5.050797010909081e-06
4.065599999999989e-07,1.7324722755402,1.7325,-0.0002707242389990796,5.050797010892263e-06
4.085599999999989e-07,1.732472275539857,1.7325,-0.0002707242389990923,5.050797010919681e-06
4.105599999999989e-07,1.732472275539597,1.7325,-0.000270724238972509,5.050797010937885e-06
4.125599999999989e-07,1.732472275539437,1.7325,-0.0002707242389725149,5.050797010937487e-06
4.145599999999989e-07,1.732472275539259,1.7325,-0.000270724238985818,5.050797010952994e-06
4.165599999999989e-07,1.732472275539108,1.7325,-0.0002707242389725272,5.050797010945169e-06
4.185599999999988e-07,1.732472275539064,1.7325,-0.0002707242389725289,5.050797010944312e-06
4.205599999999988e-07,1.73247227553909,1.7325,-0.0002707242389725279,5.050797010960686e-06
4.225599999999988e-07,1.732472275539081,1.7325,-0.0002707242389991211,5.050797010973853e-06
4.245599999999988e-07,1.732472275539075,1.7325,-0.0002707242389991214,5.050797010988123e-06
4.265599999999988e-07,1.732472275539102,1.7325,-0.0002707242389991204,5.050797010983415e-06
4.285599999999988e-07,1.732472275539224,1.7325,-0.0002707242389991159,5.050797010992307e-06
4.305599999999988e-07,1.732472275539599,1.7325,-0.0002707242389858054,5.050797010991361e-06
4.325599999999988e-07,1.732472275540011,1.7325,-0.0002707242389857901,5.050797010979236e-06
4.345599999999988e-07,1.732472275540297,1.7325,-0.0002707242389990759,5.050797010952391e-06
4.365599999999988e-07,1.732472275540669,1.7325,-0.0002707242389724691,5.050797010913886e-06
4.385599999999988e-07,1.732472275541045,1.7325,-0.0002707242389724551,5.05079701092185e-06
4.405599999999988e-07,1.732472275541406,1.7325,-0.0002707242389724417,5.050797010911902e-06
4.425599999999987e-07,1.732472275541624,1.7325,-0.0002707242389724335,5.050797010898831e-06
4.445599999999987e-07,1.732472275541599,1.7325,-0.000270724238985731,5.050797010918259e-06
4.465599999999987e-07,1.732472275541454,1.7325,-0.0002707242389990329,5.050797010941909e-06
4.485599999999987e-07,1.732472275541381,1.7325,-0.0002707242389724427,5.050797010943187e-06
4.505599999999987e-07,1.732472275541153,1.7325,-0.000270724238999044,5.050797010936801e-06
4.525599999999987e-07,1.732472275540674,1.7325,-0.0002707242389724689,5.050797010918595e-06
4.545599999999987e-07,1.732472275540267,1.7325,-0.000270724238972484,5.050797010902807e-06
4.565599999999987e-07,1.732472275539802,1.7325,-0.0002707242389857979,5.050797010920134e-06
4.585599999999987e-07,1.732472275539291,1.7325,-0.0002707242389725203,5.050797010938333e-06
4.605599999999987e-07,1.732472275538716,1.7325,-0.0002707242389991348,5.050797010949292e-06
4.625599999999987e-07,1.732472275538151,1.7325,-0.0002707242389858593,5.050797010941081e-06
4.645599999999986e-07,1.732472275537811,1.7325,-0.0002707242389725754,5.050797010917929e-06
4.665599999999986e-07,1.732472275537652,1.7325,-0.0002707242389991743,5.050797010902647e-06
4.685599999999986e-07,1.732472275537766,1.7325,-0.000270724238972577,5.050797010914039e-06
4.705599999999986e-07,1.732472275538002,1.7325,-0.0002707242389725683,5.05079701090737e-06
4.725599999999986e-07,1.732472275538159,1.7325,-0.0002707242389725625,5.050797010905774e-06
4.745599999999986e-07,1.732472275538389,1.7325,-0.0002707242389858504,5.050797010913068e-06
4.765599999999986e-07,1.732472275538673,1.7325,-0.0002707242389725434,5.050797010900976e-06
4.785599999999986e-07,1.732472275538937,1.7325,-0.0002707242389725335,5.050797010900329e-06
4.805599999999987e-07,1.732472275539168,1.7325,-0.0002707242389725249,5.050797010914236e-06
4.825599999999987e-07,1.732472275539446,1.7325,-0.0002707242389725146,5.050797010897037e-06
4.845599999999988e-07,1.73247227553969,1.7325,-0.0002707242389725055,5.050797010900699e-06
4.865599999999988e-07,1.732472275539753,1.7325,-0.0002707242389725032,5.05079701091866e-06
4.885599999999989e-07,1.732472275539913,1.7325,-0.0002707242389990902,5.050797010923239e-06
4.905599999999989e-07,1.732472275540146,1.7325,-0.0002707242389724886,5.050797010908116e-06
4.92559999999999e-07,1.732472275540348,1.7325,-0.000270724238972481,5.050797010895088e-06
4.94559999999999e-07,1.732472275540552,1.7325,-0.0002707242389724735,5.050797010916836e-06
4.96559999999999e-07,1.732472275540644,1.7325,-0.0002707242389857665,5.050797010938883e-06
4.985599999999991e-07,1.732472275540677,1.7325,-0.0002707242389857653,5.050797010946453e-06
5.005599999999991e-07,1.732472275540789,1.7325,-0.0002707242389990577,5.05079701093505e-06
5.025599999999992e-07,1.732472275540984,1.7325,-0.0002707242389724574,5.050797010909573e-06
5.045599999999992e-07,1.732472275541239,1.7325,-0.0002707242389857444,5.050797010905127e-06
5.065599999999993e-07,1.732472275541698,1.7325,-0.0002707242389724308,5.050797010919215e-06
5.085599999999993e-07,1.73247227554221,1.7325,-0.0002707242389724118,5.05079701090091e-06
5.105599999999994e-07,1.732472275542501,1.7325,-0.000270724238998994,5.050797010907384e-06
5.125599999999994e-07,1.732472275542689,1.7325,-0.000270724238972394,5.050797010917656e-06
5.145599999999994e-07,1.732472275542798,1.7325,-0.00027072423897239,5.050797010891922e-06
5.165599999999995e-07,1.732472275542682,1.7325,-0.0002707242389856907,5.050797010908606e-06
5.185599999999995e-07,1.732472275542484,1.7325,-0.0002707242389989946,5.050797010917119e-06
5.205599999999996e-07,1.732472275542404,1.7325,-0.0002707242389724045,5.05079701089124e-06
5.225599999999996e-07,1.732472275542247,1.7325,-0.0002707242389724104,5.050797010912646e-06
5.245599999999997e-07,1.732472275541872,1.7325,-0.0002707242389857208,5.050797010910687e-06
5.265599999999997e-07,1.732472275541503,1.7325,-0.0002707242389990311,5.050797010889437e-06
5.285599999999998e-07,1.732472275541322,1.7325,-0.0002707242389724448,5.050797010916585e-06
5.305599999999998e-07,1.732472275541145,1.7325,-0.0002707242389724514,5.050797010943191e-06
5.325599999999998e-07,1.732472275540982,1.7325,-0.0002707242389857539,5.050797010967254e-06
5.345599999999999e-07,1.732472275540947,1.7325,-0.0002707242389724588,5.050797010982455e-06
5.365599999999999e-07,1.732472275540913,1.7325,-0.0002707242389857566,5.05079701097901e-06
5.3856e-07,1.732472275540969,1.7325,-0.0002707242389990509,5.050797010990012e-06
5.4056e-07,1.732472275541252,1.7325,-0.0002707242389990404,5.050797010988619e-06
5.425600000000001e-07,1.732472275541695,1.7325,-0.0002707242389724309,5.050797010986622e-06
5.445600000000001e-07,1.732472275542182,1.7325,-0.0002707242389990058,5.050797011001705e-06
5.465600000000002e-07,1.732472275542649,1.7325,-0.000270724238985692,5.050797010995486e-06
5.485600000000002e-07,1.732472275543086,1.7325,-0.0002707242389856757,5.050797010987613e-06
5.505600000000002e-07,1.73247227554349,1.7325,-0.0002707242389723642,5.050797011004428e-06
5.525600000000003e-07,1.73247227554384,1.7325,-0.0002707242389723511,5.05079701099882e-06
5.545600000000003e-07,1.732472275544218,1.7325,-0.0002707242389856335,5.05079701098399e-06
5.565600000000004e-07,1.732472275544531,1.7325,-0.0002707242389989184,5.05079701099949e-06
5.585600000000004e-07,1.73247227554469,1.7325,-0.000270724238985616,5.050797011001859e-06
5.605600000000005e-07,1.732472275544903,1.7325,-0.0002707242389989046,5.050797010983374e-06
5.625600000000005e-07,1.732472275545108,1.7325,-0.000270724238998897,5.050797010960415e-06
5.645600000000006e-07,1.73247227554513,1.7325,-0.0002707242389988962,5.050797010961979e-06
5.665600000000006e-07,1.732472275545015,1.7325,-0.0002707242389723075,5.050797010950892e-06
5.685600000000006e-07,1.732472275544876,1.7325,-0.0002707242389723126,5.050797010938187e-06
5.705600000000007e-07,1.732472275544713,1.7325,-0.0002707242389856152,5.050797010927648e-06
5.725600000000007e-07,1.732472275544388,1.7325,-0.0002707242389989238,5.05079701090239e-06
5.745600000000008e-07,1.732472275543854,1.7325,-0.0002707242389723507,5.050797010914694e-06
5.765600000000008e-07,1.732472275543242,1.7325,-0.0002707242389856699,5.050797010904794e-06
5.785600000000009e-07,1.732472275542519,1.7325,-0.0002707242389989932,5.050797010895668e-06
5.805600000000009e-07,1.732472275541696,1.7325,-0.0002707242389724309,5.050797010913588e-06
5.82560000000001e-07,1.732472275540882,1.7325,-0.0002707242389724612,5.050797010898983e-06
5.84560000000001e-07,1.732472275540025,1.7325,-0.0002707242389990861,5.050797010900077e-06
5.86560000000001e-07,1.732472275539219,1.7325,-0.0002707242389858195,5.050797010916807e-06
5.885600000000011e-07,1.732472275538374,1.7325,-0.0002707242389858509,5.050797010898009e-06
5.905600000000011e-07,1.732472275537561,1.7325,-0.0002707242389991777,5.050797010908585e-06
5.925600000000012e-07,1.732472275536974,1.7325,-0.0002707242389991995,5.050797010916449e-06
5.945600000000012e-07,1.732472275536451,1.7325,-0.000270724238972626,5.050797010889667e-06
5.965600000000013e-07,1.732472275535945,1.7325,-0.0002707242389859413,5.050797010917332e-06
5.985600000000013e-07,1.732472275535522,1.7325,-0.0002707242389992536,5.050797010948867e-06
6.005600000000013e-07,1.732472275535262,1.7325,-0.0002707242389992632,5.050797010968219e-06
6.025600000000014e-07,1.732472275535177,1.7325,-0.0002707242389992664,5.050797010990602e-06
6.045600000000014e-07,1.732472275535303,1.7325,-0.0002707242389859652,5.050797010981546e-06
6.065600000000015e-07,1.732472275535811,1.7325,-0.0002707242389859463,5.050797010991502e-06
6.085600000000015e-07,1.732472275536356,1.7325,-0.0002707242389726296,5.050797010993093e-06
6.105600000000016e-07,1.732472275536717,1.7325,-0.0002707242389726161,5.050797010972722e-06
6.125600000000016e-07,1.732472275537162,1.7325,-0.0002707242389725996,5.050797010959181e-06
6.145600000000017e-07,1.732472275537847,1.7325,-0.0002707242389592776,5.050797010950596e-06
6.165600000000017e-07,1.732472275538411,1.7325,-0.0002707242389858496,5.050797010954383e-06
6.185600000000017e-07,1.732472275538813,1.7325,-0.0002707242389991312,5.050797010947361e-06
6.205600000000018e-07,1.73247227553913,1.7325,-0.0002707242389858229,5.050797010944727e-06
6.225600000000018e-07,1.732472275539143,1.7325,-0.0002707242389725259,5.050797010953825e-06
6.245600000000019e-07,1.732472275539073,1.7325,-0.0002707242389991215,5.05079701094128e-06
6.265600000000019e-07,1.732472275539041,1.7325,-0.0002707242389858261,5.05079701090725e-06
6.28560000000002e-07,1.732472275539138,1.7325,-0.0002707242389991191,5.050797010907828e-06
6.30560000000002e-07,1.732472275539312,1.7325,-0.0002707242389991126,5.050797010917256e-06
6.325600000000021e-07,1.732472275539486,1.7325,-0.0002707242389725131,5.050797010894872e-06
6.345600000000021e-07,1.732472275539453,1.7325,-0.0002707242389991074,5.050797010903505e-06
6.365600000000021e-07,1.732472275539208,1.7325,-0.0002707242389858199,5.050797010912959e-06
6.385600000000022e-07,1.732472275538896,1.7325,-0.0002707242389725351,5.050797010892868e-06
6.405600000000022e-07,1.732472275538609,1.7325,-0.0002707242389991387,5.050797010904766e-06
6.425600000000023e-07,1.732472275538271,1.7325,-0.0002707242389991513,5.050797010915267e-06
6.445600000000023e-07,1.732472275537851,1.7325,-0.0002707242389858704,5.050797010896993e-06
6.465600000000024e-07,1.732472275537493,1.7325,-0.0002707242389858837,5.050797010911008e-06
6.485600000000024e-07,1.732472275537146,1.7325,-0.0002707242389726001,5.050797010911041e-06
6.505600000000025e-07,1.732472275536871,1.7325,-0.0002707242389992034,5.050797010892915e-06
6.525600000000025e-07,1.732472275536689,1.7325,-0.0002707242389992101,5.050797010920025e-06
6.545600000000025e-07,1.732472275536431,1.7325,-0.0002707242389859232,5.050797010943212e-06
6.565600000000026e-07,1.73247227553609,1.7325,-0.0002707242389726394,5.050797010930979e-06
6.585600000000026e-07,1.732472275535824,1.7325,-0.0002707242389726494,5.050797010909452e-06
6.605600000000027e-07,1.732472275535598,1.7325,-0.0002707242389992507,5.050797010907192e-06
6.625600000000027e-07,1.732472275535337,1.7325,-0.0002707242389726675,5.05079701091192e-06
6.645600000000028e-07,1.732472275535158,1.7325,-0.0002707242389726741,5.050797010904784e-06
6.665600000000028e-07,1.732472275535142,1.7325,-0.0002707242389992676,5.050797010900559e-06
6.685600000000029e-07,1.732472275535028,1.7325,-0.0002707242389992719,5.05079701090482e-06
6.705600000000029e-07,1.732472275534889,1.7325,-0.0002707242389859806,5.050797010900348e-06
6.725600000000029e-07,1.732472275534847,1.7325,-0.0002707242389992786,5.050797010900158e-06
6.74560000000003e-07,1.732472275534668,1.7325,-0.0002707242389992853,5.05079701091105e-06
6.76560000000003e-07,1.732472275534472,1.7325,-0.0002707242389992927,5.050797010901742e-06
6.785600000000031e-07,1.732472275534371,1.7325,-0.0002707242389992964,5.050797010899861e-06
6.805600000000031e-07,1.732472275534296,1.7325,-0.0002707242389860027,5.050797010912118e-06
6.825600000000032e-07,1.732472275534284,1.7325,-0.0002707242389860032,5.050797010896357e-06
6.845600000000032e-07,1.732472275534283,1.7325,-0.0002707242389992996,5.050797010905731e-06
6.865600000000033e-07,1.732472275534408,1.7325,-0.0002707242389727021,5.050797010919092e-06
6.885600000000033e-07,1.732472275534714,1.7325,-0.0002707242389859871,5.050797010892606e-06
6.905600000000033e-07,1.732472275535016,1.7325,-0.0002707242389859759,5.050797010905242e-06
6.925600000000034e-07,1.732472275535164,1.7325,-0.0002707242389726739,5.050797010913634e-06
6.945600000000034e-07,1.732472275535312,1.7325,-0.0002707242389992614,5.050797010891653e-06
6.965600000000035e-07,1.732472275535683,1.7325,-0.0002707242389726546,5.050797010909755e-06
6.985600000000035e-07,1.732472275536137,1.7325,-0.0002707242389726377,5.050797010904577e-06
7.005600000000036e-07,1.732472275536476,1.7325,-0.0002707242389726251,5.050797010898103e-06
7.025600000000036e-07,1.732472275536798,1.7325,-0.0002707242389992061,5.050797010919588e-06
7.045600000000037e-07,1.732472275537112,1.7325,-0.0002707242389858979,5.050797010934097e-06
7.065600000000037e-07,1.732472275537296,1.7325,-0.000270724238985891,5.050797010943333e-06
7.085600000000037e-07,1.732472275537581,1.7325,-0.000270724238972584,5.050797010941111e-06
7.105600000000038e-07,1.732472275538141,1.7325,-0.0002707242389725632,5.050797010955099e-06
7.125600000000038e-07,1.732472275538609,1.7325,-0.0002707242389858422,5.050797010978819e-06
7.145600000000039e-07,1.73247227553882,1.7325,-0.0002707242389991309,5.050797010985308e-06
7.165600000000039e-07,1.732472275539139,1.7325,-0.000270724238972526,5.050797010984062e-06
7.18560000000004e-07,1.732472275539736,1.7325,-0.0002707242389725038,5.050797010990819e-06
7.20560000000004e-07,1.732472275540236,1.7325,-0.0002707242389857818,5.050797010987575e-06
7.225600000000041e-07,1.732472275540531,1.7325,-0.0002707242389990673,5.050797010989897e-06
7.245600000000041e-07,1.732472275540807,1.7325,-0.0002707242389990569,5.050797010994053e-06
7.265600000000041e-07,1.73247227554119,1.7325,-0.0002707242389857463,5.050797010987756e-06
7.285600000000042e-07,1.732472275541561,1.7325,-0.0002707242389724359,5.050797010991879e-06
7.305600000000042e-07,1.732472275541797,1.7325,-0.0002707242389724272,5.050797010994317e-06
7.325600000000043e-07,1.732472275542089,1.7325,-0.0002707242389724163,5.050797010989833e-06
7.345600000000043e-07,1.732472275542496,1.7325,-0.0002707242389724012,5.050797010991088e-06
7.365600000000044e-07,1.732472275542842,1.7325,-0.0002707242389723883,5.050797010990275e-06
7.385600000000044e-07,1.732472275543028,1.7325,-0.0002707242389989743,5.050797010983082e-06
7.405600000000045e-07,1.732472275543252,1.7325,-0.000270724238972373,5.050797010992209e-06
7.425600000000045e-07,1.732472275543337,1.7325,-0.0002707242389723698,5.050797010989313e-06
7.445600000000045e-07,1.732472275543218,1.7325,-0.0002707242389989672,5.050797010979178e-06
7.465600000000046e-07,1.73247227554318,1.7325,-0.0002707242389723757,5.050797010995487e-06
7.485600000000046e-07,1.732472275543128,1.7325,-0.0002707242389723776,5.050797010993942e-06
7.505600000000047e-07,1.732472275542968,1.7325,-0.0002707242389989766,5.050797010983278e-06
7.525600000000047e-07,1.732472275542871,1.7325,-0.0002707242389723872,5.05079701099706e-06
7.545600000000048e-07,1.732472275542646,1.7325,-0.0002707242389723956,5.050797011002923e-06
7.565600000000048e-07,1.732472275542133,1.7325,-0.0002707242389724146,5.050797010996764e-06
7.585600000000049e-07,1.732472275541634,1.7325,-0.0002707242389990262,5.050797010991251e-06
7.605600000000049e-07,1.732472275541407,1.7325,-0.0002707242389857381,5.050797010990194e-06
7.625600000000049e-07,1.732472275541255,1.7325,-0.0002707242389724473,5.050797010994874e-06
7.64560000000005e-07,1.732472275540994,1.7325,-0.0002707242389724571,5.050797010989295e-06
7.66560000000005e-07,1.732472275540682,1.7325,-0.0002707242389724686,5.050797010994228e-06
7.685600000000051e-07,1.732472275540538,1.7325,-0.000270724238972474,5.050797010995235e-06
7.705600000000051e-07,1.732472275540447,1.7325,-0.0002707242389724774,5.050797010984935e-06
7.725600000000052e-07,1.732472275540305,1.7325,-0.0002707242389724826,5.050797010996717e-06
7.745600000000052e-07,1.732472275540279,1.7325,-0.0002707242389857801,5.050797011001397e-06
7.765600000000053e-07,1.732472275540107,1.7325,-0.00027072423897249,5.05079701098275e-06
7.785600000000053e-07,1.732472275539816,1.7325,-0.0002707242389990938,5.05079701095698e-06
7.805600000000053e-07,1.732472275539667,1.7325,-0.0002707242389725064,5.050797010917531e-06
7.825600000000054e-07,1.732472275539506,1.7325,-0.0002707242389858089,5.050797010917812e-06
7.845600000000054e-07,1.732472275539265,1.7325,-0.0002707242389858179,5.05079701092252e-06
7.865600000000055e-07,1.732472275538973,1.7325,-0.0002707242389858287,5.050797010890649e-06
7.885600000000055e-07,1.732472275538511,1.7325,-0.0002707242389725494,5.050797010917006e-06
7.905600000000056e-07,1.732472275538018,1.7325,-0.0002707242389858642,5.050797010954675e-06
7.925600000000056e-07,1.732472275537532,1.7325,-0.0002707242389991788,5.050797010959063e-06
7.945600000000057e-07,1.732472275537105,1.7325,-0.0002707242389858982,5.05079701094457e-06
7.965600000000057e-07,1.732472275536725,1.7325,-0.0002707242389992088,5.050797010907085e-06
7.985600000000057e-07,1.732472275536445,1.7325,-0.0002707242389992193,5.050797010912276e-06
8.005600000000058e-07,1.732472275536417,1.7325,-0.0002707242389726273,5.050797010917651e-06
8.025600000000058e-07,1.732472275536379,1.7325,-0.0002707242389992217,5.050797010892351e-06
8.045600000000059e-07,1.732472275536404,1.7325,-0.0002707242389992208,5.050797010906898e-06
8.065600000000059e-07,1.732472275536566,1.7325,-0.0002707242389726217,5.05079701091588e-06
8.08560000000006e-07,1.732472275536578,1.7325,-0.0002707242389992143,5.05079701089227e-06
8.10560000000006e-07,1.732472275536506,1.7325,-0.000270724238999217,5.050797010906335e-06
8.125600000000061e-07,1.732472275536535,1.7325,-0.0002707242389992159,5.05079701090933e-06
8.145600000000061e-07,1.732472275536559,1.7325,-0.0002707242389859185,5.050797010893929e-06
8.165600000000061e-07,1.732472275536643,1.7325,-0.0002707242389992118,5.050797010915128e-06
8.185600000000062e-07,1.732472275536905,1.7325,-0.0002707242389992021,5.050797010936589e-06
8.205600000000062e-07,1.732472275537112,1.7325,-0.0002707242389991944,5.050797010940426e-06
8.225600000000063e-07,1.732472275537422,1.7325,-0.0002707242389991829,5.050797010942671e-06
8.245600000000063e-07,1.732472275537967,1.7325,-0.0002707242389858662,5.050797010947303e-06
8.265600000000064e-07,1.732472275538366,1.7325,-0.0002707242389725548,5.05079701094499e-06
8.285600000000064e-07,1.732472275538617,1.7325,-0.0002707242389725454,5.050797010947412e-06
8.305600000000065e-07,1.732472275538981,1.7325,-0.0002707242389858284,5.05079701094919e-06
8.325600000000065e-07,1.732472275539626,1.7325,-0.0002707242389991009,5.050797010940032e-06
8.345600000000065e-07,1.732472275540233,1.7325,-0.0002707242389724853,5.050797010910685e-06
8.365600000000066e-07,1.732472275540546,1.7325,-0.0002707242389990667,5.050797010903291e-06
8.385600000000066e-07,1.732472275540838,1.7325,-0.0002707242389990558,5.050797010914231e-06
8.405600000000067e-07,1.732472275541182,1.7325,-0.0002707242389724501,5.050797010893776e-06
8.425600000000067e-07,1.732472275541547,1.7325,-0.0002707242389724365,5.050797010902796e-06
8.445600000000068e-07,1.732472275541897,1.7325,-0.0002707242389724235,5.050797010913163e-06
8.465600000000068e-07,1.732472275542257,1.7325,-0.0002707242389724101,5.050797010893567e-06
8.485600000000069e-07,1.732472275542435,1.7325,-0.0002707242389856999,5.05079701090624e-06
8.505600000000069e-07,1.732472275542388,1.7325,-0.0002707242389989981,5.050797010911741e-06
8.525600000000069e-07,1.732472275542295,1.7325,-0.0002707242389990016,5.050797010899347e-06
8.54560000000007e-07,1.732472275542382,1.7325,-0.0002707242389857019,5.050797010909089e-06
8.56560000000007e-07,1.7324722755426,1.7325,-0.0002707242389723973,5.05079701090435e-06
8.585600000000071e-07,1.732472275542824,1.7325,-0.000270724238998982,5.050797010905553e-06
8.605600000000071e-07,1.732472275543078,1.7325,-0.0002707242389723794,5.050797010915651e-06
8.625600000000072e-07,1.732472275543069,1.7325,-0.0002707242389856763,5.050797010900326e-06
8.645600000000072e-07,1.732472275543025,1.7325,-0.0002707242389856779,5.050797010904946e-06
8.665600000000073e-07,1.732472275543095,1.7325,-0.0002707242389723789,5.050797010912565e-06
8.685600000000073e-07,1.732472275543152,1.7325,-0.0002707242389856732,5.050797010898339e-06
8.705600000000073e-07,1.732472275543362,1.7325,-0.0002707242389723689,5.050797010906057e-06
8.725600000000074e-07,1.732472275543538,1.7325,-0.0002707242389989554,5.05079701090916e-06
8.745600000000074e-07,1.732472275543573,1.7325,-0.0002707242389989541,5.050797010898228e-06
8.765600000000075e-07,1.732472275543544,1.7325,-0.0002707242389989551,5.05079701090475e-06
8.785600000000075e-07,1.732472275543476,1.7325,-0.0002707242389989577,5.050797010904595e-06
8.805600000000076e-07,1.732472275543264,1.7325,-0.0002707242389723726,5.050797010903023e-06
8.825600000000076e-07,1.732472275543054,1.7325,-0.0002707242389856769,5.050797010917823e-06
8.845600000000077e-07,1.732472275543104,1.7325,-0.0002707242389989715,5.050797010902877e-06
8.865600000000077e-07,1.732472275543114,1.7325,-0.0002707242389723782,5.050797010893791e-06
8.885600000000077e-07,1.732472275543261,1.7325,-0.0002707242389989657,5.05079701091242e-06
8.905600000000078e-07,1.732472275543543,1.7325,-0.0002707242389989552,5.050797010896169e-06
8.925600000000078e-07,1.732472275543675,1.7325,-0.0002707242389856538,5.050797010902215e-06
8.945600000000079e-07,1.73247227554378,1.7325,-0.0002707242389723534,5.050797010913157e-06
8.965600000000079e-07,1.732472275543945,1.7325,-0.0002707242389723472,5.050797010889102e-06
8.98560000000008e-07,1.732472275544026,1.7325,-0.0002707242389856408,5.050797010910209e-06
9.00560000000008e-07,1.73247227554397,1.7325,-0.0002707242389723463,5.050797010909871e-06
9.02560000000008e-07,1.732472275543919,1.7325,-0.0002707242389989412,5.050797010892272e-06
9.045600000000081e-07,1.73247227554376,1.7325,-0.0002707242389723541,5.050797010923484e-06
9.065600000000081e-07,1.732472275543673,1.7325,-0.0002707242389989504,5.050797010932011e-06
9.085600000000082e-07,1.732472275543804,1.7325,-0.000270724238985649,5.050797010937902e-06
9.105600000000082e-07,1.732472275543957,1.7325,-0.0002707242389856433,5.05079701095314e-06
9.125600000000083e-07,1.732472275544148,1.7325,-0.0002707242389856361,5.050797010935371e-06
9.145600000000083e-07,1.732472275544547,1.7325,-0.0002707242389723248,5.050797010911108e-06
9.165600000000084e-07,1.732472275544944,1.7325,-0.0002707242389723101,5.050797010910116e-06
9.185600000000084e-07,1.732472275545069,1.7325,-0.0002707242389988984,5.05079701090774e-06
9.205600000000084e-07,1.732472275545058,1.7325,-0.0002707242389856023,5.050797010902181e-06
9.225600000000085e-07,1.732472275545028,1.7325,-0.000270724238972307,5.050797010904258e-06
9.245600000000085e-07,1.732472275545116,1.7325,-0.0002707242389988967,5.050797010908165e-06
9.265600000000086e-07,1.732472275545316,1.7325,-0.0002707242389855927,5.05079701090713e-06
9.285600000000086e-07,1.732472275545493,1.7325,-0.0002707242389722897,5.050797010908284e-06
9.305600000000087e-07,1.732472275545611,1.7325,-0.0002707242389722853,5.050797010915196e-06
9.325600000000087e-07,1.732472275545729,1.7325,-0.0002707242389722809,5.050797010900376e-06
9.345600000000088e-07,1.732472275545876,1.7325,-0.0002707242389722754,5.050797010900855e-06
9.365600000000088e-07,1.732472275545882,1.7325,-0.0002707242389722751,5.050797010914767e-06
9.385600000000088e-07,1.732472275545869,1.7325,-0.0002707242389988687,5.050797010893969e-06
9.405600000000089e-07,1.7324722755459,1.7325,-0.000270724238985571,5.050797010898201e-06
9.425600000000089e-07,1.732472275545712,1.7325,-0.0002707242389988745,5.050797010924179e-06
9.44560000000009e-07,1.732472275545429,1.7325,-0.000270724238998885,5.050797010929326e-06
9.46560000000009e-07,1.732472275545239,1.7325,-0.0002707242389722991,5.050797010945048e-06
9.485600000000091e-07,1.732472275544911,1.7325,-0.0002707242389723114,5.050797010945606e-06
9.505600000000091e-07,1.732472275544493,1.7325,-0.0002707242389856234,5.050797010941129e-06
9.525600000000092e-07,1.732472275544237,1.7325,-0.0002707242389989293,5.050797010959665e-06
9.545600000000092e-07,1.732472275544205,1.7325,-0.0002707242389723376,5.05079701098123e-06
9.565600000000091e-07,1.732472275544366,1.7325,-0.0002707242389723316,5.050797010985191e-06
9.58560000000009e-07,1.732472275544536,1.7325,-0.0002707242389989183,5.050797010981738e-06
9.60560000000009e-07,1.732472275544728,1.7325,-0.0002707242389723181,5.050797010996001e-06
9.62560000000009e-07,1.732472275545032,1.7325,-0.0002707242389988997,5.050797010999532e-06
9.64560000000009e-07,1.732472275545412,1.7325,-0.0002707242389722927,5.050797010983835e-06
9.665600000000088e-07,1.732472275545704,1.7325,-0.0002707242389855783,5.050797010955678e-06
9.685600000000088e-07,1.73247227554588,1.7325,-0.0002707242389988683,5.050797010911894e-06
9.705600000000087e-07,1.732472275546126,1.7325,-0.0002707242389855626,5.050797010915964e-06
9.725600000000087e-07,1.732472275546351,1.7325,-0.0002707242389722577,5.050797010921022e-06
9.745600000000086e-07,1.732472275546609,1.7325,-0.0002707242389722482,5.050797010893159e-06
9.765600000000085e-07,1.732472275546839,1.7325,-0.0002707242389722396,5.050797010915346e-06
9.785600000000085e-07,1.732472275546683,1.7325,-0.0002707242389722454,5.050797010951832e-06
9.805600000000084e-07,1.732472275546224,1.7325,-0.000270724238985559,5.050797010968464e-06
9.825600000000083e-07,1.732472275545725,1.7325,-0.0002707242389855775,5.05079701098477e-06
9.845600000000083e-07,1.732472275545139,1.7325,-0.0002707242389855993,5.050797010984644e-06
9.865600000000082e-07,1.732472275544473,1.7325,-0.0002707242389856241,5.05079701098842e-06
9.885600000000082e-07,1.732472275543978,1.7325,-0.000270724238998939,5.050797010994839e-06
9.90560000000008e-07,1.732472275543608,1.7325,-0.0002707242389856563,5.050797010983203e-06
9.92560000000008e-07,1.732472275543166,1.7325,-0.0002707242389989692,5.050797010992905e-06
9.94560000000008e-07,1.732472275542802,1.7325,-0.0002707242389989827,5.050797010990121e-06
9.96560000000008e-07,1.73247227554249,1.7325,-0.0002707242389724013,5.05079701098205e-06
9.985600000000079e-07,1.732472275542182,1.7325,-0.0002707242389724128,5.050797011002838e-06
1e-06,1.732472275541894,1.7325,-0.0002707242390553641,5.050797011016015e-06
1.0001e-06,1.732494271056102,1.7375,-0.0002654925497746611,5.050772141492621e-06
1.0003e-06,1.732554811520153,1.7475,-0.0002607090877341587,5.050761390574949e-06
1.0007e-06,1.732686670197641,1.7675,-0.0002616515071184301,5.050771907554796e-06
1.001e-06,1.73276984264721,1.7825,-0.000261039213424308,5.050765781993032e-06
1.001072588029765e-06,1.73277561899742,1.7825,-0.0002654467288873579,5.050789823405295e-06
1.001217764089294e-06,1.73277252651944,1.7825,-0.0002703209081983801,5.050802900583541e-06
1.001508116208353e-06,1.73274329846295,1.7825,-0.0002700956551142238,5.050789015562703e-06
1.002088820446471e-06,1.732690897943864,1.7825,-0.0002700086867326209,5.050784937109985e-06
1.002822282500568e-06,1.732619845787085,1.7825,-0.0002701855448210457,5.050777420248779e-06
1.004289206608762e-06,1.732484496865884,1.7825,-0.000270227266146362,5.050782604130466e-06
1.006289206608762e-06,1.732339813456614,1.7825,-0.000271057642000898,5.050776541550483e-06
1.008289206608762e-06,1.732301195108703,1.7825,-0.0002718456052328186,5.050773937922809e-06
1.010289206608762e-06,1.732429751313564,1.7825,-0.0002732930615676806,5.050762543723124e-06
1.012289206608762e-06,1.732781842648989,1.7825,-0.0002745116447844162,5.050759639126299e-06
1.014289206608762e-06,1.733392730327122,1.7825,-0.0002762650629446648,5.050750984583117e-06
1.016289206608762e-06,1.734284266650592,1.7825,-0.0002776554078888147,5.050750049112658e-06
1.018289206608762e-06,1.735457526494801,1.7825,-0.000279479506164926,5.050742626204398e-06
1.020289206608762e-06,1.736902640343414,1.7825,-0.0002808354933219472,5.050741236756008e-06
1.022289206608761e-06,1.738595182221109,1.7825,-0.0002825372832056782,5.050733333658267e-06
1.024289206608761e-06,1.740504967566355,1.7825,-0.0002836961443392853,5.050731122456209e-06
1.026289206608761e-06,1.742593621651067,1.7825,-0.0002851320344848014,5.050723460910891e-06
1.028289206608761e-06,1.744821381994921,1.7825,-0.0002859790593697506,5.050721858149257e-06
1.030289206608761e-06,1.747145042238254,1.7825,-0.0002870543016471078,5.050716003638562e-06
1.032289206608761e-06,1.749522934706652,1.7825,-0.0002875221934724601,5.050716392207127e-06
1.034289206608761e-06,1.751913229453906,1.7825,-0.0002881911304156864,5.050713274683503e-06
1.036289206608761e-06,1.754277549639589,1.7825,-0.000288261206704826,5.050716147263486e-06
1.038289206608761e-06,1.756579656253144,1.7825,-0.0002885272595152163,5.050715819362456e-06
1.040289206608761e-06,1.758787984617562,1.7825,-0.0002882271346438782,5.050720947814272e-06
1.042289206608761e-06,1.760874628015434,1.7825,-0.0002881368169235537,5.050722957821296e-06
1.044289206608761e-06,1.762816955856142,1.7825,-0.0002875309386157865,5.050729803291741e-06
1.046289206608761e-06,1.764596800326872,1.7825,-0.0002871610516989997,5.050733539082894e-06
1.048289206608761e-06,1.766201305818611,1.7825,-0.0002863358087043391,5.050741501199424e-06
1.050289206608761e-06,1.767622275255265,1.7825,-0.0002857774063755055,5.050746349037666e-06
1.052289206608761e-06,1.768856408238323,1.7825,-0.0002848253978363404,5.050754851053902e-06
1.05428920660876e-06,1.76990479267878,1.7825,-0.0002841691668377913,5.05076023698167e-06
1.05628920660876e-06,1.770772668013021,1.7825,-0.0002831765701686097,5.050768747990037e-06
1.05828920660876e-06,1.771469045918402,1.7825,-0.0002825023777671483,5.050774147414875e-06
1.06028920660876e-06,1.772006102143741,1.7825,-0.0002815408927688332,5.050782186421357e-06
1.06228920660876e-06,1.772398905713856,1.7825,-0.0002809118760960135,5.050787130385381e-06
1.06428920660876e-06,1.77266452343013,1.7825,-0.0002800348412019371,5.050794275673863e-06
1.06628920660876e-06,1.772821847510319,1.7825,-0.0002794951755039129,5.050798361920663e-06
1.06828920660876e-06,1.772890495461634,1.7825,-0.0002787368130081882,5.050804267042174e-06
1.07028920660876e-06,1.772890754538282,1.7825,-0.000278312044371049,5.050807182632288e-06
1.07228920660876e-06,1.772842373792975,1.7825,-0.0002776886639972111,5.050811603563643e-06
1.07428920660876e-06,1.772764651607172,1.7825,-0.0002773876795605546,5.050813153978011e-06
1.07628920660876e-06,1.772675229992564,1.7825,-0.0002769002556601008,5.05081598095133e-06
1.07828920660876e-06,1.772590385375667,1.7825,-0.0002767180106313558,5.050816120901894e-06
1.08028920660876e-06,1.772523907656772,1.7825,-0.000276355105159221,5.050817401724234e-06
1.08228920660876e-06,1.772487630739039,1.7825,-0.0002762757784072169,5.050816249038947e-06
1.08428920660876e-06,1.772490461419224,1.7825,-0.0002760167922320436,5.050816190225913e-06
1.08628920660876e-06,1.772539154014116,1.7825,-0.0002760170562957258,5.050814010408964e-06
1.088289206608759e-06,1.772637505167606,1.7825,-0.0002758355724304583,5.050812945867157e-06
1.090289206608759e-06,1.772787338781506,1.7825,-0.0002758879858430925,5.050810105483434e-06
1.092289206608759e-06,1.772987840843769,1.7825,-0.0002757552135424218,5.050808438531422e-06
1.094289206608759e-06,1.773236691127293,1.7825,-0.0002758316694224528,5.050805341117924e-06
1.096289206608759e-06,1.773529486320683,1.7825,-0.0002757198516554009,5.05080347700679e-06
1.098289206608759e-06,1.773860943753452,1.7825,-0.0002757948508289505,5.050800495728422e-06
1.100289206608759e-06,1.774224355614794,1.7825,-0.0002756803092307566,5.0507987797471e-06
1.102289206608759e-06,1.774612796612816,1.7825,-0.0002757336608645588,5.050796205445625e-06
1.104289206608759e-06,1.775018561716176,1.7825,-0.0002755990531000268,5.050794885384615e-06
1.106289206608759e-06,1.775434326722848,1.7825,-0.0002756175988230597,5.050792902998144e-06
1.108289206608759e-06,1.775852538629385,1.7825,-0.00027545305382073,5.050792114416027e-06
1.110289206608759e-06,1.776266497778472,1.7825,-0.0002754311879469323,5.05079079800433e-06
1.112289206608759e-06,1.776669686558723,1.7825,-0.0002752342256399251,5.05079057310571e-06
1.114289206608759e-06,1.777056758975147,1.7825,-0.0002751732591200187,5.050789904032043e-06
1.116289206608759e-06,1.777422806580414,1.7825,-0.0002749476725809112,5.050790192326045e-06
1.118289206608759e-06,1.777764253979683,1.7825,-0.0002748543268733157,5.050790081936496e-06
1.120289206608758e-06,1.778078070061274,1.7825,-0.0002746083906741119,5.050790777025851e-06
1.122289206608758e-06,1.778362576331758,1.7825,-0.0002744928291827753,5.050791094863975e-06
1.124289206608758e-06,1.778616616962627,1.7825,-0.000274237255403066,5.050792059893533e-06
1.126289206608758e-06,1.778840292268489,1.7825,-0.0002741110558499878,5.050792656792518e-06
1.128289206608758e-06,1.779034104038369,1.7825,-0.0002738570598964572,5.050793746635375e-06
1.130289206608758e-06,1.779199629300434,1.7825,-0.0002737314384223704,5.050794475811722e-06
1.132289206608758e-06,1.779338658747073,1.7825,-0.0002734891647621197,5.050795556246474e-06
1.134289206608758e-06,1.779453827109129,1.7825,-0.000273373635633764,5.050796288123924e-06
1.136289206608758e-06,1.779547762234913,1.7825,-0.000273151066337236,5.05079724713292e-06
1.138289206608758e-06,1.779623688175722,1.7825,-0.0002730526057086696,5.050797879832032e-06
1.140289206608758e-06,1.779684600932512,1.7825,-0.0002728549720627894,5.050798636057857e-06
1.142289206608758e-06,1.77973385854188,1.7825,-0.0002727776662496978,5.050799100968512e-06
1.144289206608758e-06,1.779774396617507,1.7825,-0.0002726073128779825,5.050799608139329e-06
1.146289206608758e-06,1.779809316612019,1.7825,-0.0002725524181037319,5.050799872413058e-06
1.148289206608758e-06,1.779841150199703,1.7825,-0.0002724090310463954,5.050800118899849e-06
1.150289206608758e-06,1.779872452731908,1.7825,-0.0002723753463278423,5.050800182701949e-06
1.152289206608757e-06,1.779905120759543,1.7825,-0.0002722564417655724,5.050800186972891e-06
1.154289206608757e-06,1.77994099312846,1.7825,-0.0002722408890288326,5.050800077776043e-06
1.156289206608757e-06,1.779981221226438,1.7825,-0.0002721424579375996,5.050799880845624e-06
1.158289206608757e-06,1.780026875848391,1.7825,-0.0002721407677397619,5.050799644815749e-06
1.160289206608757e-06,1.780078365749833,1.7825,-0.0002720579770436251,5.050799303319074e-06
1.162289206608757e-06,1.780136045211397,1.7825,-0.0002720653867295528,5.050798997026329e-06
1.164289206608757e-06,1.780199673709072,1.7825,-0.0002719932518154877,5.050798571028862e-06
1.166289206608757e-06,1.780269017201235,1.7825,-0.0002720051351309415,5.050798250711078e-06
1.168289206608757e-06,1.780343340500426,1.7825,-0.0002719390908131594,5.050797797443787e-06
1.170289206608757e-06,1.780421994815435,1.7825,-0.000271951460028504,5.050797513091587e-06
1.172289206608757e-06,1.780503934494983,1.7825,-0.0002718877815140707,5.050797079596924e-06
1.174289206608757e-06,1.780588284137576,1.7825,-0.0002718976219957436,5.050796868924759e-06
1.176289206608757e-06,1.780673872541664,1.7825,-0.0002718336687906332,5.050796488274998e-06
1.178289206608757e-06,1.780759774240483,1.7825,-0.0002718390950498607,5.050796374434713e-06
1.180289206608757e-06,1.780844855216278,1.7825,-0.0002717733803476552,5.050796065581269e-06
1.182289206608757e-06,1.780928285639965,1.7825,-0.0002717736249632875,5.050796058027452e-06
1.184289206608756e-06,1.781009093935993,1.7825,-0.0002717057313991728,5.050795824941303e-06
1.186289206608756e-06,1.781086649501294,1.7825,-0.0002717009995768147,5.050795918917785e-06
1.188289206608756e-06,1.781160223544445,1.7825,-0.0002716313822426611,5.050795754417033e-06
1.190289206608756e-06,1.781229442285507,1.7825,-0.0002716226158222351,5.050795936325667e-06
1.192289206608756e-06,1.781293854583651,1.7825,-0.000271552338203851,5.050795825384721e-06
1.194289206608756e-06,1.781353357538687,1.7825,-0.0002715409370642744,5.050796075201686e-06
1.196289206608756e-06,1.781407772087143,1.7825,-0.0002714713870470191,5.050795997379184e-06
1.198289206608756e-06,1.781457243821736,1.7825,-0.0002714589311097691,5.050796291679733e-06
1.200289206608756e-06,1.781501828507226,1.7825,-0.0002713915572037049,5.050796226141455e-06
1.202289206608756e-06,1.781541871393192,1.7825,-0.0002713795640335918,5.050796543580694e-06
1.204289206608756e-06,1.781577604846382,1.7825,-0.0002713156593502684,5.050796470833529e-06
1.206289206608756e-06,1.781609509599918,1.7825,-0.0002713053999719242,5.050796790980011e-06
1.208289206608756e-06,1.781637926621586,1.7825,-0.0002712459504477918,5.050796695177216e-06
1.210289206608756e-06,1.781663403411325,1.7825,-0.0002712383329252022,5.050797003534312e-06
1.212289206608756e-06,1.78168632185701,1.7825,-0.0002711839365066838,5.050796874124398e-06
1.214289206608756e-06,1.781707232174014,1.7825,-0.000271179458941926,5.050797161490486e-06
1.216289206608756e-06,1.781726497929865,1.7825,-0.0002711303083993226,5.050796993076718e-06
1.218289206608755e-06,1.781744619578372,1.7825,-0.0002711290706398038,5.050797254756315e-06
1.220289206608755e-06,1.781761897127289,1.7825,-0.0002710849908629384,5.05079704675438e-06
1.222289206608755e-06,1.781778744489361,1.7825,-0.0002710867536287226,5.050797283604854e-06
1.224289206608755e-06,1.781795369623684,1.7825,-0.0002710472768326647,5.050797040050655e-06
1.226289206608755e-06,1.781812080243389,1.7825,-0.000271051549809671,5.050797256274512e-06
1.228289206608755e-06,1.781828980697848,1.7825,-0.0002710160125331635,5.050796984183121e-06
1.230289206608755e-06,1.781846269023449,1.7825,-0.000271022156189863,5.050797186448416e-06
1.232289206608755e-06,1.78186394935505,1.7825,-0.0002709898013099691,5.050796893927445e-06
1.234289206608755e-06,1.781882119991014,1.7825,-0.0002709971272981617,5.050797089494316e-06
1.236289206608755e-06,1.781900699855558,1.7825,-0.0002709671988596794,5.050796785321179e-06
1.238289206608755e-06,1.78191970697017,1.7825,-0.0002709750568112682,5.05079698214884e-06
1.240289206608755e-06,1.781938997464371,1.7825,-0.0002709468766466794,5.050796674378522e-06
1.242289206608755e-06,1.781958533852859,1.7825,-0.0002709547195768481,5.050796878459213e-06
1.244289206608755e-06,1.781978135120393,1.7825,-0.0002709277401589406,5.050796573206604e-06
1.246289206608755e-06,1.7819977342709,1.7825,-0.000270935165239219,5.050796789127988e-06
1.248289206608755e-06,1.782017138206038,1.7825,-0.0002709089975860254,5.050796490997782e-06
1.250289206608754e-06,1.782036274271122,1.7825,-0.000270915761239973,5.050796721539016e-06
1.252289206608754e-06,1.782054958880873,1.7825,-0.0002708901781459068,5.050796433179785e-06
1.254289206608754e-06,1.782073132961691,1.7825,-0.0002708961899008988,5.050796678974218e-06
1.256289206608754e-06,1.782090638626834,1.7825,-0.0002708711103618824,5.050796400902531e-06
1.258289206608754e-06,1.782107443670917,1.7825,-0.0002708764088414802,5.050796660671753e-06
1.260289206608754e-06,1.782123425790673,1.7825,-0.0002708518677352075,5.05079639163415e-06
1.262289206608754e-06,1.782138586561718,1.7825,-0.0002708565868352651,5.05079666322221e-06
1.264289206608754e-06,1.782152842947292,1.7825,-0.000270832698094749,5.050796401102907e-06
1.266289206608754e-06,1.782166231317818,1.7825,-0.0002708370281073632,5.050796681366585e-06
1.268289206608754e-06,1.782178706183488,1.7825,-0.0002708139455871728,5.050796423656977e-06
1.270289206608754e-06,1.782190334911253,1.7825,-0.0002708180961222536,5.050796709424119e-06
1.272289206608754e-06,1.782201103712546,1.7825,-0.0002707959785944186,5.050796453271136e-06
1.274289206608754e-06,1.782211103796488,1.7825,-0.0002708001464201471,5.050796741032951e-06
1.276289206608754e-06,1.782220344659502,1.7825,-0.0002707791293049103,5.050796484221062e-06
1.278289206608754e-06,1.78222893239149,1.7825,-0.0002707834749615858,5.050796771524946e-06
1.280289206608754e-06,1.782236890318362,1.7825,-0.0002707636510493723,5.050796512364295e-06
1.282289206608753e-06,1.782244330100448,1.7825,-0.0002707682841571236,5.050796797154217e-06
1.284289206608753e-06,1.782251279753141,1.7825,-0.0002707496944222414,5.050796533899488e-06
1.286289206608753e-06,1.782257848098193,1.7825,-0.0002707546690234532,5.050796814740024e-06
1.288289206608753e-06,1.78226406007963,1.7825,-0.0002707373010728448,5.050796546957827e-06
1.290289206608753e-06,1.782270014992199,1.7825,-0.0002707426187124479,5.050796823380212e-06
1.292289206608753e-06,1.782275728939654,1.7825,-0.0002707264132647428,5.050796551428543e-06
1.294289206608753e-06,1.782281287237541,1.7825,-0.0002707320315059028,5.050796823299471e-06
1.296289206608753e-06,1.78228669374458,1.7825,-0.0002707168933287921,5.050796547906206e-06
1.298289206608753e-06,1.782292017652838,1.7825,-0.0002707227385242569,5.050796816094577e-06
1.300289206608753e-06,1.782297249427371,1.7825,-0.0002707085497939617,5.050796538503793e-06
1.302289206608753e-06,1.782302442140879,1.7825,-0.0002707145312523299,5.050796803648092e-06
1.304289206608753e-06,1.782307573658668,1.7825,-0.0002707011655410981,5.05079652495902e-06
1.306289206608753e-06,1.78231268266296,1.7825,-0.000270707188846035,5.050796788198623e-06
1.308289206608753e-06,1.78231773668091,1.7825,-0.0002706945234849222,5.050796509670447e-06
1.310289206608753e-06,1.78232276288366,1.7825,-0.0002707005016170486,5.050796771649584e-06
1.312289206608753e-06,1.782327721613061,1.7825,-0.0002706884273058348,5.050796494500629e-06
1.314289206608752e-06,1.782332632032239,1.7825,-0.0002706942891059786,5.050796756107204e-06
1.316289206608752e-06,1.782337450779392,1.7825,-0.0002706827167188172,5.050796480962135e-06
1.318289206608752e-06,1.782342192550793,1.7825,-0.0002706884115525761,5.050796742532119e-06
1.320289206608752e-06,1.782346813595416,1.7825,-0.0002706772746666265,5.05079647024349e-06
1.322289206608752e-06,1.782351327342729,1.7825,-0.0002706827738948945,5.05079673227869e-06
1.324289206608752e-06,1.782355692418014,1.7825,-0.0002706720290440849,5.050796463140671e-06
1.326289206608752e-06,1.782359923484202,1.7825,-0.0002706773243021996,5.050796725232385e-06
1.328289206608752e-06,1.782363983579502,1.7825,-0.0002706669479399834,5.050796459308239e-06
1.330289206608752e-06,1.782367890270937,1.7825,-0.0002706720478659355,5.050796721572546e-06
1.332289206608752e-06,1.782371612141566,1.7825,-0.0002706620322272623,5.050796458741609e-06
1.334289206608752e-06,1.782375170497029,1.7825,-0.0002706669576704127,5.050796720735826e-06
1.336289206608752e-06,1.782378539802188,1.7825,-0.0002706573052832195,5.05079646054667e-06
1.338289206608752e-06,1.78238174513231,1.7825,-0.000270662083715695,5.050796721675772e-06
1.340289206608752e-06,1.782384766457708,1.7825,-0.0002706528025734407,5.050796464164364e-06
1.342289206608752e-06,1.782387632040863,1.7825,-0.0002706574633120211,5.050796723958168e-06
1.344289206608752e-06,1.782390326452649,1.7825,-0.0002706485619253087,5.050796468532704e-06
1.346289206608752e-06,1.782392880153085,1.7825,-0.0002706531320688358,5.050796726520253e-06
1.348289206608751e-06,1.782395281129239,1.7825,-0.000270644615774077,5.050796473174522e-06
1.350289206608751e-06,1.782397560838764,1.7825,-0.0002706491170488978,5.050796728949879e-06
1.352289206608751e-06,1.782399709373709,1.7825,-0.0002706409859433104,5.050796477187876e-06
1.354289206608751e-06,1.782401757974165,1.7825,-0.0002706454332153113,5.050796730747234e-06
1.356289206608751e-06,1.782403697622988,1.7825,-0.0002706376806526154,5.050796480526937e-06
1.358289206608751e-06,1.782405558282913,1.7825,-0.0002706420812379101,5.050796731252014e-06
1.360289206608751e-06,1.7824073308057,1.7825,-0.0002706346942828775,5.050796482523076e-06
1.362289206608751e-06,1.782409043057566,1.7825,-0.0002706390487053684,5.050796730666505e-06
1.364289206608751e-06,1.782410685032911,1.7825,-0.0002706320086852847,5.050796483484297e-06
1.366289206608751e-06,1.782412281995452,1.7825,-0.0002706363118437089,5.050796728947129e-06
1.368289206608751e-06,1.782413822654428,1.7825,-0.0002706295963702345,5.050796483645687e-06
1.370289206608751e-06,1.7824153294779,1.7825,-0.0002706338393777273,5.050796726470848e-06
1.372289206608751e-06,1.782416789795766,1.7825,-0.0002706274234444041,5.050796483100467e-06
1.374289206608751e-06,1.782418223344672,1.7825,-0.0002706315957544429,5.05079672318009e-06
1.376289206608751e-06,1.782419616202033,1.7825,-0.000270625454350107,5.050796481632462e-06
1.378289206608751e-06,1.782420985676534,1.7825,-0.0002706295447838182,5.050796719322903e-06
1.38028920660875e-06,1.782422316926082,1.7825,-0.0002706236540761951,5.050796480234338e-06
1.38228920660875e-06,1.782423625272378,1.7825,-0.0002706276531366633,5.050796715919354e-06
1.38428920660875e-06,1.782424895369237,1.7825,-0.0002706219915552182,5.050796479282342e-06
1.38628920660875e-06,1.782426141042294,1.7825,-0.0002706258919735533,5.050796712544581e-06
1.38828920660875e-06,1.782427346900659,1.7825,-0.0002706204412706272,5.050796478256121e-06
1.39028920660875e-06,1.782428525782448,1.7825,-0.000270624238559542,5.050796709364292e-06
1.39228920660875e-06,1.782429662678498,1.7825,-0.0002706189838991236,5.0507964777444e-06
1.39428920660875e-06,1.782430769864958,1.7825,-0.0002706226766055768,5.050796706672574e-06
1.39628920660875e-06,1.782431833054988,1.7825,-0.0002706176065828876,5.050796477645966e-06
1.39828920660875e-06,1.78243286430569,1.7825,-0.0002706211957953732,5.050796704266681e-06
1.40028920660875e-06,1.782433850290606,1.7825,-0.000270616301844674,5.050796477862695e-06
1.40228920660875e-06,1.782434803066262,1.7825,-0.0002706197909418832,5.050796702696459e-06
1.40428920660875e-06,1.782435710391944,1.7825,-0.0002706150669078067,5.050796478976285e-06
1.40628920660875e-06,1.782436584430024,1.7825,-0.0002706184607394265,5.050796701320767e-06
1.40828920660875e-06,1.782437414034074,1.7825,-0.0002706139017870632,5.050796480305969e-06
1.41028920660875e-06,1.78243821148255,1.7825,-0.0002706172058976048,5.050796700270092e-06
1.412289206608749e-06,1.782438966643688,1.7825,-0.0002706128082218627,5.050796481525533e-06
1.414289206608749e-06,1.782439691834586,1.7825,-0.0002706160284070049,5.050796699209757e-06
1.416289206608749e-06,1.782440377800481,1.7825,-0.000270611788435368,5.05079648310356e-06
1.418289206608749e-06,1.782441036766873,1.7825,-0.0002706149297227983,5.050796698364218e-06
1.420289206608749e-06,1.782441660181254,1.7825,-0.0002706108435117032,5.050796484708574e-06
1.422289206608749e-06,1.782442260032886,1.7825,-0.0002706139105965351,5.050796697553181e-06
1.424289206608749e-06,1.782442828284607,1.7825,-0.0002706099736960264,5.050796486198972e-06
1.426289206608749e-06,1.782443376541621,1.7825,-0.0002706129698885694,5.050796696361136e-06
1.428289206608749e-06,1.782443897110124,1.7825,-0.0002706091773134628,5.050796487423804e-06
1.430289206608749e-06,1.782444401087541,1.7825,-0.0002706121052003493,5.050796695328248e-06
1.432289206608749e-06,1.782444880986359,1.7825,-0.000270608450919073,5.050796488840989e-06
1.434289206608749e-06,1.782445347309164,1.7825,-0.0002706113120488859,5.050796694063536e-06
1.436289206608749e-06,1.782445792682511,1.7825,-0.0002706077899292407,5.050796489764265e-06
1.438289206608749e-06,1.782446226960949,1.7825,-0.000270610585024038,5.050796692388863e-06
1.440289206608749e-06,1.782446642821292,1.7825,-0.0002706071884307692,5.050796490653774e-06
1.442289206608749e-06,1.782447049470743,1.7825,-0.0002706099178980519,5.050796690975284e-06
1.444289206608748e-06,1.782447439619834,1.7825,-0.0002706066401611629,5.05079649159664e-06
1.446289206608748e-06,1.782447821853675,1.7825,-0.0002706093039744718,5.050796689364597e-06
1.448289206608748e-06,1.782448188933555,1.7825,-0.0002706061385069959,5.050796492158872e-06
1.450289206608748e-06,1.782448548883096,1.7825,-0.0002706087368263852,5.050796687697938e-06
1.452289206608748e-06,1.782448894558593,1.7825,-0.0002706056774633048,5.050796493022622e-06
1.454289206608748e-06,1.782449233482308,1.7825,-0.00027060821050789,5.050796686034299e-06
1.456289206608748e-06,1.782449558649159,1.7825,-0.0002706052514983957,5.050796493756004e-06
1.458289206608748e-06,1.782449877170644,1.7825,-0.0002706077198699146,5.050796684298313e-06
1.460289206608748e-06,1.782450182244523,1.7825,-0.0002706048561192857,5.050796494542741e-06
1.462289206608748e-06,1.782450480640043,1.7825,-0.0002706072606584365,5.050796683029682e-06
1.464289206608748e-06,1.782450765791836,1.7825,-0.0002706044876794004,5.050796495721844e-06
1.466289206608748e-06,1.782451044185007,1.7825,-0.000270606829697937,5.050796681874933e-06
1.468289206608748e-06,1.782451309549185,1.7825,-0.0002706041435098419,5.050796496678245e-06
1.470289206608748e-06,1.782451568156367,1.7825,-0.0002706064245155154,5.050796680281515e-06
1.472289206608748e-06,1.782451814034371,1.7825,-0.0002706038216500615,5.050796497590106e-06
1.474289206608748e-06,1.782452053256397,1.7825,-0.0002706060435027657,5.050796678988851e-06
1.476289206608748e-06,1.782452280159908,1.7825,-0.0002706035209492096,5.050796498734295e-06
1.478289206608747e-06,1.782452500649524,1.7825,-0.0002706056855792466,5.050796677765432e-06
1.480289206608747e-06,1.782452709376163,1.7825,-0.0002706032404890623,5.050796499656103e-06
1.482289206608747e-06,1.782452912082783,1.7825,-0.0002706053500417386,5.050796676547145e-06
1.484289206608747e-06,1.782453103704078,1.7825,-0.0002706029798088446,5.050796500752846e-06
1.486289206608747e-06,1.782453289812082,1.7825,-0.0002706050361813893,5.050796675394162e-06
1.488289206608747e-06,1.78245346559659,1.7825,-0.0002706027384184146,5.050796501998287e-06
1.490289206608747e-06,1.78245363645205,1.7825,-0.0002706047434754493,5.050796674355317e-06
1.492289206608747e-06,1.782453797806948,1.7825,-0.0002706025156967913,5.050796503248304e-06
1.494289206608747e-06,1.782453954857305,1.7825,-0.0002706044712326841,5.050796673243927e-06
1.496289206608747e-06,1.782454103235702,1.7825,-0.0002706023109510315,5.050796504141034e-06
1.498289206608747e-06,1.782454247936477,1.7825,-0.0002706042185736994,5.050796672007491e-06
1.500289206608747e-06,1.782454384757504,1.7825,-0.0002706021233694872,5.050796505345302e-06
1.502289206608747e-06,1.782454518478856,1.7825,-0.0002706039844240924,5.050796670880339e-06
1.504289206608747e-06,1.782454645053072,1.7825,-0.0002706019519482771,5.050796506202541e-06
1.506289206608747e-06,1.782454769039014,1.7825,-0.0002706037677048957,5.05079666976083e-06
1.508289206608747e-06,1.782454886527297,1.7825,-0.0002706017953746647,5.050796507242933e-06
1.510289206608746e-06,1.782455001855783,1.7825,-0.0002706035669898817,5.050796668514527e-06
1.512289206608746e-06,1.782455111233177,1.7825,-0.000270601652495265,5.050796508488285e-06
1.514289206608746e-06,1.782455218779379,1.7825,-0.0002706033809869472,5.050796667580805e-06
1.516289206608746e-06,1.782455320830693,1.7825,-0.0002706015219452727,5.050796509524428e-06
1.518289206608746e-06,1.782455421302505,1.7825,-0.0002706032083375096,5.050796666472042e-06
1.520289206608746e-06,1.782455516647882,1.7825,-0.0002706014023988234,5.050796510574159e-06
1.522289206608746e-06,1.782455610589802,1.7825,-0.0002706030476951897,5.050796665355847e-06
1.524289206608746e-06,1.7824556996942,1.7825,-0.0002706012927413508,5.050796511367295e-06
1.526289206608746e-06,1.782455787509656,1.7825,-0.0002706028978575933,5.050796664278562e-06
1.528289206608746e-06,1.78245587072793,1.7825,-0.0002706011918942252,5.050796512364172e-06
1.530289206608746e-06,1.782455952736659,1.7825,-0.0002706027579220583,5.050796663072212e-06
1.532289206608746e-06,1.782456030345548,1.7825,-0.0002706010989576898,5.050796513386668e-06
1.534289206608746e-06,1.782456106791898,1.7825,-0.0002706026267788888,5.050796661923222e-06
1.536289206608746e-06,1.782456179023555,1.7825,-0.0002706010131561199,5.050796514208139e-06
1.538289206608746e-06,1.782456250134438,1.7825,-0.0002706025038525557,5.050796660834309e-06
1.540289206608746e-06,1.782456317198069,1.7825,-0.0002706009338350608,5.050796515180432e-06
1.542289206608745e-06,1.7824563831933,1.7825,-0.0002706023884622753,5.050796659719517e-06
1.544289206608745e-06,1.782456445319075,1.7825,-0.0002706008604858035,5.050796516033572e-06
1.546289206608745e-06,1.78245650643374,1.7825,-0.0002706022800987707,5.05079665864296e-06
1.548289206608745e-06,1.78245656386962,1.7825,-0.0002706007927978563,5.0507965169591e-06
1.550289206608745e-06,1.78245662036884,1.7825,-0.0002706021785169154,5.050796657813847e-06
1.552289206608745e-06,1.782456673378642,1.7825,-0.0002706007304324277,5.05079651802304e-06
1.554289206608745e-06,1.782456725542761,1.7825,-0.0002706020831513111,5.050796656949144e-06
1.556289206608745e-06,1.782456774429291,1.7825,-0.0002706006731284881,5.050796519102069e-06
1.558289206608745e-06,1.782456822574876,1.7825,-0.0002706019939390284,5.050796655814912e-06
1.560289206608745e-06,1.782456867651674,1.7825,-0.0002706006205301863,5.050796519906212e-06
1.562289206608745e-06,1.78245691209261,1.7825,-0.000270601910378054,5.050796654784578e-06
1.564289206608745e-06,1.782456953671593,1.7825,-0.0002706005724812778,5.050796520921812e-06
1.566289206608745e-06,1.782456994720356,1.7825,-0.0002706018322590104,5.050796654053199e-06
1.568289206608745e-06,1.78245703311381,1.7825,-0.0002706005286792962,5.050796521838342e-06
1.570289206608745e-06,1.7824570710838,1.7825,-0.0002706017593724718,5.05079665285171e-06
1.572289206608745e-06,1.782457106589751,1.7825,-0.000270600488888753,5.050796522561228e-06
1.574289206608745e-06,1.782457141763967,1.7825,-0.0002706016912314477,5.050796652028533e-06
1.576289206608744e-06,1.782457174654281,1.7825,-0.000270600452796485,5.050796523618583e-06
1.578289206608744e-06,1.782457207294004,1.7825,-0.0002706016276033616,5.050796651186112e-06
1.580289206608744e-06,1.78245723781189,1.7825,-0.0002706004201443891,5.050796524485981e-06
1.582289206608744e-06,1.782457268150588,1.7825,-0.0002706015681912554,5.050796650204258e-06
1.584289206608744e-06,1.782457296511361,1.7825,-0.0002706003906099517,5.050796525348964e-06
1.586289206608744e-06,1.782457324746687,1.7825,-0.0002706015126872444,5.050796649280563e-06
1.588289206608744e-06,1.782457351128691,1.7825,-0.0002706003638866633,5.050796526175297e-06
1.590289206608744e-06,1.782457377423711,1.7825,-0.000270601460626548,5.050796648495107e-06
1.592289206608744e-06,1.782457401975133,1.7825,-0.0002706003398166844,5.050796527261963e-06
1.594289206608744e-06,1.782457426473376,1.7825,-0.0002706014119185356,5.050796647765403e-06
1.596289206608744e-06,1.782457449333108,1.7825,-0.000270600318003911,5.05079652801021e-06
1.598289206608744e-06,1.782457472153526,1.7825,-0.000270601366154721,5.050796646597795e-06
1.600289206608744e-06,1.782457493419648,1.7825,-0.0002706002982807118,5.050796528685936e-06
1.602289206608744e-06,1.782457514664267,1.7825,-0.0002706013231548063,5.05079664569566e-06
1.604289206608744e-06,1.782457534436323,1.7825,-0.0002706002805066239,5.050796529634947e-06
1.606289206608744e-06,1.782457554193955,1.7825,-0.0002706012827389304,5.050796645149773e-06
1.608289206608743e-06,1.78245757254934,1.7825,-0.0002706002644627206,5.050796530503993e-06
1.610289206608743e-06,1.782457590901565,1.7825,-0.000270601244661843,5.050796644190315e-06
1.612289206608743e-06,1.782457607924328,1.7825,-0.000270600249983283,5.050796531175146e-06
1.614289206608743e-06,1.782457624954099,1.7825,-0.0002706012087976631,5.050796643344403e-06
1.616289206608743e-06,1.782457640727718,1.7825,-0.0002706002369690444,5.050796531942491e-06
1.618289206608743e-06,1.782457656514356,1.7825,-0.0002706011749940737,5.050796642387564e-06
1.620289206608743e-06,1.782457671109609,1.7825,-0.0002706002252814565,5.050796532766625e-06
1.622289206608743e-06,1.782457685732043,1.7825,-0.0002706011430992442,5.050796641616866e-06
1.624289206608743e-06,1.782457699230338,1.7825,-0.0002706002148480726,5.05079653355643e-06
1.626289206608743e-06,1.782457712761395,1.7825,-0.0002706011130675479,5.050796640829729e-06
1.628289206608743e-06,1.782457725234222,1.7825,-0.0002706002055837452,5.050796534334339e-06
1.630289206608743e-06,1.782457737755843,1.7825,-0.0002706010847869054,5.050796640182426e-06
1.632289206608743e-06,1.782457749287674,1.7825,-0.0002706001974290979,5.05079653526238e-06
1.634289206608743e-06,1.782457760881078,1.7825,-0.0002706010580782989,5.050796639469119e-06
1.636289206608743e-06,1.782457771543845,1.7825,-0.0002706001902720619,5.050796535922419e-06
1.638289206608743e-06,1.782457782281,1.7825,-0.0002706010329762648,5.050796638508937e-06
1.640289206608742e-06,1.78245779214663,1.7825,-0.0002706001840673948,5.050796536616704e-06
1.642289206608742e-06,1.782457802098002,1.7825,-0.0002706010092627624,5.050796637770085e-06
1.644289206608742e-06,1.78245781123569,1.7825,-0.0002706001787301226,5.050796537362766e-06
1.646289206608742e-06,1.78245782046892,1.7825,-0.0002706009868795157,5.05079663705559e-06
1.648289206608742e-06,1.782457828932922,1.7825,-0.0002706001741892282,5.050796538141003e-06
1.650289206608742e-06,1.78245783749856,1.7825,-0.00027060096576944,5.05079663647875e-06
1.652289206608742e-06,1.78245784535048,1.7825,-0.0002706001703740574,5.050796539078308e-06
1.654289206608742e-06,1.782457853306209,1.7825,-0.0002706009458882086,5.050796635694911e-06
1.656289206608742e-06,1.782457860592894,1.7825,-0.0002706001672275357,5.050796539333868e-06
1.658289206608742e-06,1.78245786798988,1.7825,-0.0002706009270726175,5.05079663481361e-06
1.660289206608742e-06,1.782457874758908,1.7825,-0.0002706001646795075,5.050796540239195e-06
1.662289206608742e-06,1.782457881639491,1.7825,-0.0002706009093326184,5.050796634156406e-06
1.664289206608742e-06,1.782457887928012,1.7825,-0.0002706001626605333,5.050796540827227e-06
1.666289206608742e-06,1.782457894324605,1.7825,-0.0002706008924927694,5.050796633326687e-06
1.668289206608742e-06,1.782457900166196,1.7825,-0.000270600161154862,5.05079654148106e-06
1.670289206608742e-06,1.782457906117528,1.7825,-0.0002706008765237875,5.050796632712936e-06
1.672289206608741e-06,1.782457911543174,1.7825,-0.0002706001600668248,5.050796542449032e-06
1.674289206608741e-06,1.782457917071555,1.7825,-0.0002706008614103941,5.050796632269633e-06
1.676289206608741e-06,1.78245792210712,1.7825,-0.0002706001593680369,5.050796543104387e-06
1.678289206608741e-06,1.782457927245283,1.7825,-0.0002706008470307408,5.05079663150655e-06
1.680289206608741e-06,1.782457931915694,1.7825,-0.0002706001589898708,5.050796543722579e-06
1.682289206608741e-06,1.782457936682653,1.7825,-0.0002706008334496756,5.050796630808512e-06
1.684289206608741e-06,1.782457941013778,1.7825,-0.0002706001589838428,5.050796544242188e-06
1.686289206608741e-06,1.78245794543975,1.7825,-0.0002706008205055541,5.050796630141278e-06
1.688289206608741e-06,1.782457949452159,1.7825,-0.0002706001592682849,5.050796545022642e-06
1.690289206608741e-06,1.782457953553251,1.7825,-0.0002706008081571228,5.050796629539518e-06
1.692289206608741e-06,1.782457957266456,1.7825,-0.0002706001598019826,5.050796545584012e-06
1.694289206608741e-06,1.782457961070125,1.7825,-0.0002706007965090063,5.050796628936919e-06
1.696289206608741e-06,1.782457964512872,1.7825,-0.0002706001605695487,5.050796546518899e-06
1.698289206608741e-06,1.782457968040587,1.7825,-0.0002706007853332964,5.050796628495741e-06
1.700289206608741e-06,1.782457971228075,1.7825,-0.0002706001615430263,5.050796547077029e-06
1.702289206608741e-06,1.782457974496737,1.7825,-0.0002706007746952812,5.05079662775209e-06
1.704289206608741e-06,1.782457977446212,1.7825,-0.000270600162774331,5.050796547639076e-06
1.70628920660874e-06,1.782457980473772,1.7825,-0.0002706007646335411,5.050796627093224e-06
1.70828920660874e-06,1.782457983206222,1.7825,-0.0002706001640758636,5.050796548090493e-06
1.71028920660874e-06,1.782457986016454,1.7825,-0.0002706007550134462,5.050796626437339e-06
1.71228920660874e-06,1.782457988548571,1.7825,-0.0002706001656588624,5.050796548623277e-06
1.71428920660874e-06,1.782457991151839,1.7825,-0.0002706007457409145,5.050796625795705e-06
1.71628920660874e-06,1.782457993495217,1.7825,-0.000270600167283174,5.050796549204482e-06
1.71828920660874e-06,1.782457995906093,1.7825,-0.000270600736987827,5.050796625203354e-06
1.72028920660874e-06,1.78245799807476,1.7825,-0.0002706001690408099,5.050796549793453e-06
1.72228920660874e-06,1.782458000308478,1.7825,-0.0002706007285935373,5.050796624492399e-06
1.72428920660874e-06,1.782458002321427,1.7825,-0.0002706001709172004,5.050796550513085e-06
1.72628920660874e-06,1.782458004399107,1.7825,-0.0002706007206629252,5.050796624200342e-06
1.72828920660874e-06,1.782458006269063,1.7825,-0.0002706001729376793,5.050796551091219e-06
1.73028920660874e-06,1.782458008196887,1.7825,-0.0002706007130224329,5.050796623359758e-06
1.73228920660874e-06,1.782458009932395,1.7825,-0.0002706001750352166,5.050796551477909e-06
1.73428920660874e-06,1.782458011722641,1.7825,-0.0002706007056446931,5.050796622857699e-06
1.73628920660874e-06,1.782458013334346,1.7825,-0.0002706001771557735,5.05079655198831e-06
1.738289206608739e-06,1.782458014995711,1.7825,-0.000270600698661951,5.05079662228715e-06
1.740289206608739e-06,1.782458016491143,1.7825,-0.0002706001793652287,5.050796552714852e-06
1.742289206608739e-06,1.78245801803223,1.7825,-0.0002706006920204205,5.050796621784006e-06
1.744289206608739e-06,1.782458019419332,1.7825,-0.000270600181636374,5.050796553093616e-06
1.746289206608739e-06,1.782458020848114,1.7825,-0.0002706006855599518,5.050796621239674e-06
1.748289206608739e-06,1.782458022135388,1.7825,-0.0002706001839287068,5.050796553802167e-06
1.750289206608739e-06,1.782458023460174,1.7825,-0.0002706006793995877,5.050796620715939e-06
1.752289206608739e-06,1.782458024657975,1.7825,-0.0002706001863080154,5.05079655420079e-06
1.754289206608739e-06,1.782458025893374,1.7825,-0.000270600673432028,5.050796620195965e-06
1.756289206608739e-06,1.782458027009882,1.7825,-0.0002706001886803768,5.050796554853129e-06
1.758289206608739e-06,1.782458028156489,1.7825,-0.0002706006677766145,5.05079661959869e-06
1.760289206608739e-06,1.782458029193025,1.7825,-0.0002706001910324229,5.050796555244461e-06
1.762289206608739e-06,1.78245803025424,1.7825,-0.0002706006622869101,5.050796619174046e-06
1.764289206608739e-06,1.782458031214661,1.7825,-0.000270600193443663,5.050796555783636e-06
1.766289206608739e-06,1.782458032196942,1.7825,-0.0002706006570024207,5.050796618683877e-06
1.768289206608739e-06,1.782458033086834,1.7825,-0.0002706001958338699,5.050796556420591e-06
1.770289206608738e-06,1.782458033993876,1.7825,-0.0002706006519626905,5.050796618227163e-06
1.772289206608738e-06,1.782458034817845,1.7825,-0.0002706001982825139,5.05079655678512e-06
1.774289206608738e-06,1.782458035656308,1.7825,-0.000270600647100818,5.050796617706605e-06
1.776289206608738e-06,1.782458036416667,1.7825,-0.0002706002006695927,5.050796557270384e-06
1.778289206608738e-06,1.782458037187637,1.7825,-0.0002706006423767873,5.050796617087065e-06
1.780289206608738e-06,1.782458037892721,1.7825,-0.0002706002030612384,5.050796557733724e-06
1.782289206608738e-06,1.782458038605608,1.7825,-0.0002706006378431241,5.050796616714454e-06
1.784289206608738e-06,1.782458039257207,1.7825,-0.0002706002055634063,5.050796558228753e-06
1.786289206608738e-06,1.782458039914512,1.7825,-0.0002706006334597795,5.050796616251561e-06
1.788289206608738e-06,1.782458040521826,1.7825,-0.0002706002079496206,5.050796558854204e-06
1.790289206608738e-06,1.782458041132212,1.7825,-0.0002706006293058679,5.050796615698456e-06
1.792289206608738e-06,1.782458041699184,1.7825,-0.0002706002103390811,5.050796559147091e-06
1.794289206608738e-06,1.782458042262909,1.7825,-0.0002706006252349717,5.050796615293572e-06
1.796289206608738e-06,1.782458042790139,1.7825,-0.0002706002127184591,5.050796559452742e-06
1.798289206608738e-06,1.782458043314401,1.7825,-0.0002706006213398761,5.050796614695399e-06
1.800289206608738e-06,1.782458043808334,1.7825,-0.0002706002151138402,5.050796560003678e-06
1.802289206608737e-06,1.78245804429716,1.7825,-0.0002706006175670057,5.050796614207669e-06
1.804289206608737e-06,1.78245804476096,1.7825,-0.000270600217471771,5.05079656026121e-06
1.806289206608737e-06,1.782458045215753,1.7825,-0.0002706006139161906,5.050796613879683e-06
1.808289206608737e-06,1.782458045653591,1.7825,-0.0002706002197654511,5.050796560914335e-06
1.810289206608737e-06,1.782458046082614,1.7825,-0.0002706006103736717,5.050796613535541e-06
1.812289206608737e-06,1.782458046495952,1.7825,-0.0002706002220742977,5.050796561570605e-06
1.814289206608737e-06,1.782458046892567,1.7825,-0.0002706006069396417,5.050796613178576e-06
1.816289206608737e-06,1.782458047276655,1.7825,-0.000270600224305659,5.050796561889114e-06
1.818289206608737e-06,1.782458047640765,1.7825,-0.0002706006036142808,5.050796612693283e-06
1.820289206608737e-06,1.782458047996934,1.7825,-0.000270600226539268,5.050796562224432e-06
1.822289206608737e-06,1.782458048330905,1.7825,-0.0002706006003841551,5.050796612243724e-06
1.824289206608737e-06,1.782458048661487,1.7825,-0.0002706002288015429,5.050796562932089e-06
1.826289206608737e-06,1.782458048967139,1.7825,-0.0002706005972092204,5.050796611902287e-06
1.828289206608737e-06,1.782458049272877,1.7825,-0.0002706002309195341,5.05079656313927e-06
1.830289206608737e-06,1.782458049550366,1.7825,-0.000270600594155926,5.050796611461932e-06
1.832289206608737e-06,1.782458049831583,1.7825,-0.0002706002331059675,5.0507965633764e-06
1.834289206608737e-06,1.782458050083004,1.7825,-0.0002706005912374783,5.050796610844358e-06
1.836289206608736e-06,1.782458050342721,1.7825,-0.0002706002352143915,5.050796563673381e-06
1.838289206608736e-06,1.782458050571674,1.7825,-0.0002706005883339627,5.050796610226557e-06
1.840289206608736e-06,1.782458050813116,1.7825,-0.0002706002373243311,5.050796563991731e-06
1.842289206608736e-06,1.782458051021351,1.7825,-0.0002706005855914554,5.050796609929497e-06
1.844289206608736e-06,1.782458051245808,1.7825,-0.0002706002393824873,5.050796564419445e-06
1.846289206608736e-06,1.782458051436276,1.7825,-0.0002706005828635373,5.05079660961701e-06
1.848289206608736e-06,1.782458051646184,1.7825,-0.000270600241455142,5.050796564858602e-06
1.850289206608736e-06,1.782458051819907,1.7825,-0.0002706005802697483,5.050796609067779e-06
1.852289206608736e-06,1.782458052016979,1.7825,-0.0002706002434491184,5.050796565177623e-06
1.854289206608736e-06,1.782458052176881,1.7825,-0.0002706005777035437,5.050796608815973e-06
1.856289206608736e-06,1.782458052363294,1.7825,-0.0002706002454440051,5.050796565562411e-06
1.858289206608736e-06,1.782458052510476,1.7825,-0.0002706005752711738,5.050796608416871e-06
1.860289206608736e-06,1.782458052686728,1.7825,-0.0002706002473998537,5.050796565907014e-06
1.862289206608736e-06,1.782458052823002,1.7825,-0.0002706005728927735,5.050796608027644e-06
1.864289206608736e-06,1.78245805299096,1.7825,-0.0002706002493165271,5.050796566251771e-06
1.866289206608736e-06,1.782458053116332,1.7825,-0.0002706005705549768,5.050796607521119e-06
1.868289206608735e-06,1.782458053275633,1.7825,-0.0002706002512738176,5.050796566619409e-06
1.870289206608735e-06,1.782458053390263,1.7825,-0.0002706005682843841,5.050796607136218e-06
1.872289206608735e-06,1.782458053540453,1.7825,-0.0002706002531387711,5.050796566940182e-06
1.874289206608735e-06,1.782458053645336,1.7825,-0.0002706005660144929,5.050796606884221e-06
1.876289206608735e-06,1.78245805378861,1.7825,-0.000270600254964455,5.050796567306821e-06
1.878289206608735e-06,1.782458053884673,1.7825,-0.0002706005638914485,5.05079660644212e-06
1.880289206608735e-06,1.782458054021052,1.7825,-0.0002706002567641305,5.050796567656935e-06
1.882289206608735e-06,1.782458054109399,1.7825,-0.0002706005617955406,5.050796606251441e-06
1.884289206608735e-06,1.782458054239321,1.7825,-0.0002706002585244439,5.050796568091489e-06
1.886289206608735e-06,1.782458054319146,1.7825,-0.0002706005597267827,5.050796605958117e-06
1.888289206608735e-06,1.782458054442244,1.7825,-0.0002706002602321421,5.050796568442432e-06
1.890289206608735e-06,1.782458054514035,1.7825,-0.0002706005577117636,5.050796605606694e-06
1.892289206608735e-06,1.782458054630806,1.7825,-0.0002706002619802639,5.050796568733726e-06
1.894289206608735e-06,1.782458054695205,1.7825,-0.0002706005557371443,5.05079660514211e-06
1.896289206608735e-06,1.782458054806476,1.7825,-0.0002706002637022724,5.050796569038749e-06
1.898289206608735e-06,1.782458054863702,1.7825,-0.0002706005538294788,5.050796604908444e-06
1.900289206608734e-06,1.782458054968586,1.7825,-0.0002706002653583029,5.050796569396e-06
1.902289206608734e-06,1.78245805501906,1.7825,-0.000270600551948895,5.050796604613134e-06
1.904289206608734e-06,1.78245805511839,1.7825,-0.0002706002669881982,5.050796569729605e-06
1.906289206608734e-06,1.782458055161939,1.7825,-0.0002706005501352578,5.050796604264292e-06
1.908289206608734e-06,1.782458055256505,1.7825,-0.0002706002685653423,5.050796570015816e-06
1.910289206608734e-06,1.782458055294626,1.7825,-0.0002706005483352963,5.05079660380085e-06
1.912289206608735e-06,1.782458055384716,1.7825,-0.0002706002701694478,5.050796570294699e-06
1.914289206608735e-06,1.782458055417088,1.7825,-0.0002706005465756047,5.050796603622359e-06
1.916289206608735e-06,1.782458055502566,1.7825,-0.0002706002717340494,5.050796570651473e-06
1.918289206608735e-06,1.782458055529839,1.7825,-0.0002706005448694602,5.050796603191277e-06
1.920289206608735e-06,1.782458055611006,1.7825,-0.0002706002732724079,5.050796570925904e-06
1.922289206608735e-06,1.782458055632762,1.7825,-0.0002706005431636813,5.050796602995117e-06
1.924289206608735e-06,1.782458055709138,1.7825,-0.000270600274757964,5.05079657120905e-06
1.926289206608736e-06,1.782458055725415,1.7825,-0.0002706005415114703,5.050796602564058e-06
1.928289206608736e-06,1.782458055797542,1.7825,-0.0002706002762039925,5.050796571497525e-06
1.930289206608736e-06,1.782458055809663,1.7825,-0.0002706005399260545,5.050796602400877e-06
1.932289206608736e-06,1.782458055879119,1.7825,-0.0002706002776768679,5.050796571860401e-06
1.934289206608736e-06,1.78245805588801,1.7825,-0.0002706005383940441,5.05079660214078e-06
1.936289206608736e-06,1.782458055955158,1.7825,-0.0002706002790967634,5.050796572100953e-06
1.938289206608736e-06,1.78245805596205,1.7825,-0.0002706005368621939,5.050796601829964e-06
1.940289206608737e-06,1.782458056028041,1.7825,-0.0002706002805167763,5.050796572410868e-06
1.942289206608737e-06,1.782458056032219,1.7825,-0.0002706005353703772,5.050796601573273e-06
1.944289206608737e-06,1.782458056096097,1.7825,-0.0002706002819103757,5.05079657275041e-06
1.946289206608737e-06,1.782458056097722,1.7825,-0.0002706005338920305,5.050796601205174e-06
1.948289206608737e-06,1.782458056159514,1.7825,-0.0002706002832509618,5.050796572948215e-06
1.950289206608737e-06,1.782458056158394,1.7825,-0.000270600532453753,5.050796600931613e-06
1.952289206608738e-06,1.782458056217769,1.7825,-0.0002706002845651469,5.050796573195966e-06
1.954289206608738e-06,1.782458056213597,1.7825,-0.0002706005310555685,5.050796600662022e-06
1.956289206608738e-06,1.782458056270878,1.7825,-0.00027060028589282,5.050796573430599e-06
1.958289206608738e-06,1.782458056265102,1.7825,-0.000270600529644225,5.05079660037204e-06
1.960289206608738e-06,1.782458056320997,1.7825,-0.0002706002871807148,5.0507965737324e-06
1.962289206608738e-06,1.782458056313034,1.7825,-0.0002706005282994968,5.050796600109111e-06
1.964289206608738e-06,1.7824580563676,1.7825,-0.0002706002884687404,5.050796573970309e-06
1.966289206608739e-06,1.78245805635818,1.7825,-0.0002706005269947618,5.050796599753357e-06
1.968289206608739e-06,1.782458056411671,1.7825,-0.0002706002897036742,5.050796574242738e-06
1.970289206608739e-06,1.782458056400836,1.7825,-0.0002706005257034159,5.050796599567233e-06
1.972289206608739e-06,1.782458056452825,1.7825,-0.0002706002909387166,5.050796574487088e-06
1.974289206608739e-06,1.78245805643987,1.7825,-0.0002706005244255011,5.050796599339771e-06
1.976289206608739e-06,1.782458056489815,1.7825,-0.0002706002921606173,5.050796574744503e-06
1.978289206608739e-06,1.78245805647502,1.7825,-0.0002706005231477308,5.050796598921487e-06
1.98028920660874e-06,1.78245805652377,1.7825,-0.0002706002933294451,5.050796574801826e-06
1.98228920660874e-06,1.782458056507252,1.7825,-0.0002706005218833656,5.050796598587428e-06
1.98428920660874e-06,1.782458056554396,1.7825,-0.0002706002945116931,5.050796574993953e-06
1.98628920660874e-06,1.782458056535914,1.7825,-0.0002706005206989121,5.050796598169094e-06
1.98828920660874e-06,1.782458056581715,1.7825,-0.0002706002956807677,5.050796575170326e-06
1.99028920660874e-06,1.782458056562661,1.7825,-0.0002706005195012333,5.05079659802848e-06
1.992289206608741e-06,1.782458056608072,1.7825,-0.0002706002967833956,5.050796575438807e-06
1.994289206608741e-06,1.782458056588367,1.7825,-0.0002706005183700758,5.050796597831173e-06
1.996289206608741e-06,1.782458056633416,1.7825,-0.0002706002978993578,5.050796575736349e-06
1.998289206608741e-06,1.782458056612694,1.7825,-0.0002706005172389695,5.050796597607601e-06
2.000289206608741e-06,1.78245805665644,1.7825,-0.0002706002989622202,5.050796575892381e-06
2.002289206608741e-06,1.782458056634624,1.7825,-0.0002706005160946559,5.050796597334704e-06
2.004289206608741e-06,1.782458056677802,1.7825,-0.0002706003000517373,5.050796576158511e-06
2.006289206608742e-06,1.782458056655716,1.7825,-0.0002706005150035594,5.050796596972266e-06
2.008289206608742e-06,1.782458056697737,1.7825,-0.0002706003011147147,5.050796576207627e-06
2.010289206608742e-06,1.782458056673571,1.7825,-0.0002706005139258798,5.050796596690593e-06
2.012289206608742e-06,1.782458056714289,1.7825,-0.0002706003021379285,5.050796576553603e-06
2.014289206608742e-06,1.782458056689622,1.7825,-0.0002706005128615638,5.050796596647698e-06
2.016289206608742e-06,1.782458056729841,1.7825,-0.0002706003031877724,5.050796576823517e-06
2.018289206608742e-06,1.782458056704233,1.7825,-0.0002706005118238943,5.050796596467424e-06
2.020289206608743e-06,1.782458056743389,1.7825,-0.0002706003042243943,5.050796577099254e-06
2.022289206608743e-06,1.782458056717312,1.7825,-0.0002706005107596889,5.050796596431692e-06
2.024289206608743e-06,1.782458056756234,1.7825,-0.0002706003052344495,5.050796577519603e-06
2.026289206608743e-06,1.782458056730472,1.7825,-0.0002706005097486664,5.050796596288489e-06
2.028289206608743e-06,1.782458056769769,1.7825,-0.000270600306217886,5.0507965777607e-06
2.030289206608743e-06,1.78245805674403,1.7825,-0.0002706005087509255,5.050796596129632e-06
2.032289206608744e-06,1.782458056783388,1.7825,-0.0002706003071614299,5.050796578015677e-06
2.034289206608744e-06,1.782458056758131,1.7825,-0.000270600507793054,5.050796595767279e-06
2.036289206608744e-06,1.782458056797789,1.7825,-0.0002706003081315377,5.050796578173478e-06
2.038289206608744e-06,1.782458056772507,1.7825,-0.0002706005068617652,5.050796595646232e-06
2.040289206608744e-06,1.782458056811718,1.7825,-0.0002706003090750701,5.050796578366782e-06
2.042289206608744e-06,1.782458056786194,1.7825,-0.000270600505877316,5.050796595461075e-06
2.044289206608744e-06,1.782458056824862,1.7825,-0.0002706003099787423,5.050796578613426e-06
2.046289206608745e-06,1.782458056798726,1.7825,-0.0002706005049195028,5.05079659529579e-06
2.048289206608745e-06,1.782458056836684,1.7825,-0.0002706003108957601,5.05079657884181e-06
2.050289206608745e-06,1.782458056810051,1.7825,-0.0002706005040149204,5.050796595114657e-06
2.052289206608745e-06,1.782458056847657,1.7825,-0.00027060031177292,5.050796579023149e-06
2.054289206608745e-06,1.782458056820717,1.7825,-0.0002706005030970661,5.050796594930853e-06
2.056289206608745e-06,1.782458056857652,1.7825,-0.0002706003127033022,5.050796579210239e-06
2.058289206608746e-06,1.782458056830568,1.7825,-0.0002706005022191316,5.050796594514293e-06
2.060289206608746e-06,1.782458056867063,1.7825,-0.0002706003135273344,5.050796579471484e-06
2.062289206608746e-06,1.782458056839414,1.7825,-0.0002706005013545309,5.050796594505062e-06
2.064289206608746e-06,1.782458056874994,1.7825,-0.0002706003144179039,5.050796579627202e-06
2.066289206608746e-06,1.782458056846533,1.7825,-0.0002706005005298839,5.050796594391818e-06
2.068289206608746e-06,1.782458056881858,1.7825,-0.0002706003152686237,5.050796579802894e-06
2.070289206608746e-06,1.782458056853995,1.7825,-0.0002706004996653347,5.050796594173486e-06
2.072289206608747e-06,1.782458056889501,1.7825,-0.000270600316106018,5.050796579984568e-06
2.074289206608747e-06,1.782458056861981,1.7825,-0.0002706004988406554,5.050796593927952e-06
2.076289206608747e-06,1.782458056897066,1.7825,-0.0002706003169301188,5.050796580116489e-06
2.078289206608747e-06,1.782458056869137,1.7825,-0.0002706004979761177,5.05079659380725e-06
2.080289206608747e-06,1.78245805690394,1.7825,-0.0002706003177941347,5.050796580388165e-06
2.082289206608747e-06,1.782458056875461,1.7825,-0.0002706004971382037,5.050796593655525e-06
2.084289206608747e-06,1.782458056909574,1.7825,-0.0002706003185518249,5.050796580527396e-06
2.086289206608748e-06,1.782458056881222,1.7825,-0.0002706004963800897,5.050796593296902e-06
2.088289206608748e-06,1.782458056914867,1.7825,-0.0002706003193361207,5.050796580636511e-06
2.090289206608748e-06,1.782458056886155,1.7825,-0.0002706004955954135,5.050796593203704e-06
2.092289206608748e-06,1.78245805691883,1.7825,-0.000270600320120466,5.050796580805867e-06
2.094289206608748e-06,1.782458056889466,1.7825,-0.0002706004948240942,5.050796593079018e-06
2.096289206608748e-06,1.782458056921527,1.7825,-0.0002706003208782654,5.050796581021161e-06
2.098289206608749e-06,1.782458056891716,1.7825,-0.0002706004940661107,5.050796592915643e-06
2.100289206608749e-06,1.782458056923262,1.7825,-0.000270600321649397,5.050796581167625e-06
2.102289206608749e-06,1.782458056893368,1.7825,-0.000270600493294853,5.050796592725824e-06
2.104289206608749e-06,1.782458056924823,1.7825,-0.0002706003224338317,5.050796581338231e-06
2.106289206608749e-06,1.782458056895594,1.7825,-0.0002706004925368706,5.050796592588487e-06
2.108289206608749e-06,1.782458056927203,1.7825,-0.0002706003231118639,5.050796581497469e-06
2.110289206608749e-06,1.782458056897903,1.7825,-0.0002706004918187744,5.050796592421965e-06
2.11228920660875e-06,1.782458056928798,1.7825,-0.0002706003238165184,5.050796581666329e-06
2.11428920660875e-06,1.782458056899297,1.7825,-0.0002706004911140087,5.050796592266266e-06
2.11628920660875e-06,1.782458056929817,1.7825,-0.0002706003245477872,5.050796581829642e-06
2.11828920660875e-06,1.7824580569004,1.7825,-0.0002706004903693644,5.050796592117433e-06
2.12028920660875e-06,1.782458056930911,1.7825,-0.0002706003252790533,5.050796581974202e-06
2.12228920660875e-06,1.782458056901967,1.7825,-0.0002706004896512959,5.050796591748954e-06
2.12428920660875e-06,1.782458056932495,1.7825,-0.0002706003259571152,5.050796582036967e-06
2.126289206608751e-06,1.782458056903599,1.7825,-0.0002706004889465214,5.050796591698197e-06
2.128289206608751e-06,1.782458056934334,1.7825,-0.00027060032670165,5.050796582214702e-06
2.130289206608751e-06,1.782458056906343,1.7825,-0.000270600488255002,5.050796591587331e-06
2.132289206608751e-06,1.782458056937098,1.7825,-0.000270600327326482,5.050796582370785e-06
2.134289206608751e-06,1.782458056908956,1.7825,-0.000270600487576784,5.05079659144557e-06
2.136289206608751e-06,1.782458056939257,1.7825,-0.0002706003279779297,5.050796582569916e-06
2.138289206608752e-06,1.782458056910791,1.7825,-0.0002706004869251879,5.050796591362698e-06
2.140289206608752e-06,1.782458056940185,1.7825,-0.0002706003286693124,5.050796582759708e-06
2.142289206608752e-06,1.782458056911358,1.7825,-0.000270600486247046,5.050796591272686e-06
2.144289206608752e-06,1.782458056940289,1.7825,-0.0002706003293075399,5.050796582944241e-06
2.146289206608752e-06,1.782458056911715,1.7825,-0.0002706004856220979,5.050796591092996e-06
2.148289206608752e-06,1.782458056940751,1.7825,-0.0002706003299989399,5.050796583023631e-06
2.150289206608752e-06,1.782458056912795,1.7825,-0.0002706004849439369,5.050796590938721e-06
2.152289206608753e-06,1.782458056942388,1.7825,-0.0002706003306371104,5.050796583169142e-06
2.154289206608753e-06,1.782458056915134,1.7825,-0.0002706004843322115,5.050796590654583e-06
2.156289206608753e-06,1.782458056944806,1.7825,-0.0002706003312486588,5.05079658309522e-06
2.158289206608753e-06,1.782458056917833,1.7825,-0.0002706004836805832,5.050796590404422e-06
2.160289206608753e-06,1.782458056947381,1.7825,-0.0002706003319000909,5.050796583322938e-06
2.162289206608753e-06,1.782458056920631,1.7825,-0.0002706004830688408,5.050796590470518e-06
2.164289206608753e-06,1.782458056950001,1.7825,-0.0002706003324983354,5.050796583689275e-06
2.166289206608754e-06,1.782458056923558,1.7825,-0.0002706004824437971,5.05079659058481e-06
2.168289206608754e-06,1.782458056952859,1.7825,-0.0002706003331231639,5.050796583921376e-06
2.170289206608754e-06,1.782458056926699,1.7825,-0.0002706004818453383,5.050796590488428e-06
2.172289206608754e-06,1.782458056956454,1.7825,-0.0002706003337080755,5.050796584094616e-06
2.174289206608754e-06,1.782458056931328,1.7825,-0.0002706004812202312,5.050796590393406e-06
2.176289206608754e-06,1.782458056961295,1.7825,-0.0002706003343594233,5.050796584223764e-06
2.178289206608755e-06,1.78245805693675,1.7825,-0.0002706004806748736,5.050796590151719e-06
2.180289206608755e-06,1.782458056967116,1.7825,-0.0002706003349309557,5.050796584183989e-06
2.182289206608755e-06,1.782458056943449,1.7825,-0.000270600480089579,5.050796589958839e-06
2.184289206608755e-06,1.782458056974187,1.7825,-0.0002706003355024416,5.050796584288128e-06
2.186289206608755e-06,1.782458056950411,1.7825,-0.0002706004795175711,5.050796589823657e-06
2.188289206608755e-06,1.782458056980029,1.7825,-0.0002706003360473802,5.050796584389783e-06
2.190289206608755e-06,1.782458056955525,1.7825,-0.000270600478945632,5.050796589674107e-06
2.192289206608756e-06,1.782458056984312,1.7825,-0.0002706003366455628,5.050796584454818e-06
2.194289206608756e-06,1.782458056959134,1.7825,-0.0002706004783471558,5.050796589490534e-06
2.196289206608756e-06,1.78245805698622,1.7825,-0.0002706003372039443,5.050796584575641e-06
2.198289206608756e-06,1.782458056959838,1.7825,-0.0002706004778019737,5.05079658926531e-06
2.200289206608756e-06,1.782458056985853,1.7825,-0.0002706003377491139,5.050796584618207e-06
2.202289206608756e-06,1.782458056958842,1.7825,-0.0002706004772568548,5.050796589203439e-06
2.204289206608756e-06,1.782458056983677,1.7825,-0.0002706003383076472,5.050796584759355e-06
2.206289206608757e-06,1.782458056955854,1.7825,-0.000270600476685217,5.050796589108985e-06
2.208289206608757e-06,1.782458056979364,1.7825,-0.0002706003388130741,5.050796584866153e-06
2.210289206608757e-06,1.782458056950435,1.7825,-0.0002706004761136697,5.050796589007907e-06
2.212289206608757e-06,1.782458056973212,1.7825,-0.0002706003393584589,5.050796584988392e-06
2.214289206608757e-06,1.782458056944925,1.7825,-0.0002706004755953116,5.05079658892096e-06
2.216289206608757e-06,1.782458056968319,1.7825,-0.0002706003399037969,5.050796585153364e-06
2.218289206608758e-06,1.782458056941048,1.7825,-0.0002706004750635964,5.050796588840143e-06
2.220289206608758e-06,1.782458056965169,1.7825,-0.0002706003404091805,5.050796585221802e-06
2.222289206608758e-06,1.782458056938861,1.7825,-0.0002706004745185219,5.050796588659817e-06
2.224289206608758e-06,1.782458056963267,1.7825,-0.0002706003409677037,5.050796585315654e-06
2.226289206608758e-06,1.782458056937508,1.7825,-0.0002706004740266022,5.050796588596654e-06
2.228289206608758e-06,1.782458056962096,1.7825,-0.0002706003414597173,5.050796585458528e-06
2.230289206608758e-06,1.782458056936968,1.7825,-0.0002706004735080593,5.05079658849117e-06
2.232289206608759e-06,1.782458056962069,1.7825,-0.0002706003419915778,5.050796585537033e-06
2.234289206608759e-06,1.782458056937582,1.7825,-0.0002706004729894735,5.050796588370062e-06
2.236289206608759e-06,1.782458056962512,1.7825,-0.0002706003424835313,5.050796585638738e-06
2.238289206608759e-06,1.782458056938464,1.7825,-0.0002706004724974707,5.050796588309032e-06
2.240289206608759e-06,1.782458056963651,1.7825,-0.0002706003429488659,5.050796585784708e-06
2.242289206608759e-06,1.782458056940327,1.7825,-0.0002706004719921348,5.050796588210045e-06
2.244289206608759e-06,1.782458056966186,1.7825,-0.0002706003434673346,5.050796585861409e-06
2.24628920660876e-06,1.782458056943758,1.7825,-0.0002706004715266302,5.050796587952979e-06
2.24828920660876e-06,1.782458056969827,1.7825,-0.0002706003439591692,5.050796585788265e-06
2.25028920660876e-06,1.782458056947584,1.7825,-0.0002706004710744074,5.050796587762014e-06
2.25228920660876e-06,1.782458056973006,1.7825,-0.0002706003444244279,5.050796585971117e-06
2.25428920660876e-06,1.782458056950126,1.7825,-0.0002706004705690463,5.050796587816649e-06
2.25628920660876e-06,1.782458056974213,1.7825,-0.0002706003449030565,5.050796586058987e-06
2.258289206608761e-06,1.782458056950596,1.7825,-0.0002706004700504659,5.050796587770694e-06
2.260289206608761e-06,1.78245805697378,1.7825,-0.0002706003453684497,5.050796586251718e-06
2.262289206608761e-06,1.78245805694965,1.7825,-0.000270600469585124,5.050796587708691e-06
2.264289206608761e-06,1.782458056972169,1.7825,-0.0002706003458338867,5.050796586327522e-06
2.266289206608761e-06,1.782458056947761,1.7825,-0.0002706004690799278,5.050796587590153e-06
2.268289206608761e-06,1.782458056969918,1.7825,-0.0002706003463259404,5.050796586392225e-06
2.270289206608761e-06,1.782458056945756,1.7825,-0.0002706004686678113,5.05079658750812e-06
2.272289206608762e-06,1.782458056967684,1.7825,-0.000270600346751511,5.050796586508581e-06
2.274289206608762e-06,1.782458056943441,1.7825,-0.0002706004681892239,5.050796587431676e-06
2.276289206608762e-06,1.782458056965233,1.7825,-0.0002706003472302757,5.050796586602588e-06
2.278289206608762e-06,1.7824580569416,1.7825,-0.0002706004677505083,5.050796587365335e-06
2.280289206608762e-06,1.782458056963695,1.7825,-0.0002706003476824135,5.050796586761365e-06
2.282289206608762e-06,1.782458056940946,1.7825,-0.0002706004673250451,5.050796587326752e-06
2.284289206608762e-06,1.78245805696386,1.7825,-0.0002706003481344879,5.050796586833957e-06
2.286289206608763e-06,1.782458056942351,1.7825,-0.0002706004668596158,5.050796587238178e-06
2.288289206608763e-06,1.782458056965657,1.7825,-0.0002706003485599087,5.050796586949938e-06
2.290289206608763e-06,1.782458056944345,1.7825,-0.0002706004664074611,5.050796587148308e-06
2.292289206608763e-06,1.782458056967262,1.7825,-0.000270600348998633,5.050796587015588e-06
2.294289206608763e-06,1.782458056946082,1.7825,-0.0002706004659819089,5.050796587117507e-06
2.296289206608763e-06,1.782458056968893,1.7825,-0.0002706003494506528,5.050796587093395e-06
2.298289206608764e-06,1.782458056947593,1.7825,-0.0002706004655696616,5.0507965870077e-06
2.300289206608764e-06,1.782458056969543,1.7825,-0.0002706003498761162,5.050796587201336e-06
2.302289206608764e-06,1.782458056947352,1.7825,-0.00027060046511759,5.050796586951331e-06
2.304289206608764e-06,1.782458056968275,1.7825,-0.0002706003503149475,5.050796587309246e-06
2.306289206608764e-06,1.782458056945973,1.7825,-0.0002706004646921538,5.050796586740348e-06
2.308289206608764e-06,1.782458056966494,1.7825,-0.0002706003507139082,5.050796587196353e-06
2.310289206608764e-06,1.782458056944436,1.7825,-0.0002706004642667234,5.050796586576578e-06
2.312289206608765e-06,1.782458056965267,1.7825,-0.0002706003511394415,5.050796587341324e-06
2.314289206608765e-06,1.78245805694364,1.7825,-0.0002706004638678584,5.050796586636829e-06
2.316289206608765e-06,1.782458056964464,1.7825,-0.000270600351538366,5.050796587474346e-06
2.318289206608765e-06,1.782458056943274,1.7825,-0.0002706004634290879,5.050796586587417e-06
2.320289206608765e-06,1.782458056964031,1.7825,-0.0002706003519505731,5.050796587564869e-06
2.322289206608765e-06,1.782458056943237,1.7825,-0.0002706004630168983,5.050796586555325e-06
2.324289206608765e-06,1.782458056964573,1.7825,-0.0002706003523760406,5.050796587624365e-06
2.326289206608766e-06,1.782458056944733,1.7825,-0.0002706004626312445,5.050796586452619e-06
2.328289206608766e-06,1.782458056966102,1.7825,-0.0002706003528014712,5.05079658769692e-06
2.330289206608766e-06,1.782458056946497,1.7825,-0.0002706004622322843,5.050796586407501e-06
2.332289206608766e-06,1.78245805696832,1.7825,-0.0002706003531736903,5.05079658784248e-06
2.334289206608766e-06,1.78245805694955,1.7825,-0.0002706004618332761,5.050796586365085e-06
2.336289206608766e-06,1.782458056971496,1.7825,-0.0002706003535591703,5.050796587862912e-06
2.338289206608767e-06,1.782458056953222,1.7825,-0.0002706004614608379,5.050796586253604e-06
2.340289206608767e-06,1.78245805697527,1.7825,-0.0002706003539845175,5.050796587931826e-06
2.342289206608767e-06,1.782458056956775,1.7825,-0.0002706004610618111,5.050796586214659e-06
2.344289206608767e-06,1.782458056978059,1.7825,-0.0002706003543567154,5.050796587987056e-06
2.346289206608767e-06,1.782458056959426,1.7825,-0.0002706004606761144,5.050796586114224e-06
2.348289206608767e-06,1.782458056980369,1.7825,-0.000270600354782117,5.050796588059972e-06
2.350289206608767e-06,1.78245805696179,1.7825,-0.0002706004602638354,5.050796586077806e-06
2.352289206608768e-06,1.782458056982281,1.7825,-0.0002706003551011616,5.050796588302401e-06
2.354289206608768e-06,1.7824580569633,1.7825,-0.0002706004598914776,5.050796586190133e-06
2.356289206608768e-06,1.782458056983024,1.7825,-0.000270600355539918,5.050796588448323e-06
2.358289206608768e-06,1.782458056963824,1.7825,-0.0002706004595457495,5.050796586226304e-06
2.360289206608768e-06,1.782458056983479,1.7825,-0.0002706003559254992,5.050796588561538e-06
2.362289206608768e-06,1.782458056964898,1.7825,-0.0002706004591468149,5.050796586165872e-06
2.364289206608768e-06,1.782458056984835,1.7825,-0.0002706003562844539,5.050796588600779e-06
2.366289206608769e-06,1.782458056966484,1.7825,-0.0002706004587345648,5.050796586086775e-06
2.368289206608769e-06,1.782458056986211,1.7825,-0.0002706003566567043,5.05079658864862e-06
2.370289206608769e-06,1.782458056967742,1.7825,-0.0002706004584021059,5.050796585999612e-06
2.372289206608769e-06,1.782458056987019,1.7825,-0.0002706003570289758,5.050796588716718e-06
2.374289206608769e-06,1.782458056968736,1.7825,-0.0002706004580430637,5.050796585866376e-06
2.376289206608769e-06,1.782458056988006,1.7825,-0.0002706003573613513,5.050796588652262e-06
2.37828920660877e-06,1.782458056970009,1.7825,-0.0002706004577239007,5.050796585726941e-06
2.38028920660877e-06,1.782458056989103,1.7825,-0.0002706003577203156,5.050796588780622e-06
2.38228920660877e-06,1.782458056970981,1.7825,-0.0002706004573382665,5.050796585823107e-06
2.38428920660877e-06,1.782458056989432,1.7825,-0.0002706003580793086,5.050796588885915e-06
2.38628920660877e-06,1.782458056970984,1.7825,-0.0002706004569659648,5.05079658564354e-06
2.38828920660877e-06,1.782458056988876,1.7825,-0.0002706003584516308,5.050796588797685e-06
2.39028920660877e-06,1.782458056970281,1.7825,-0.0002706004566202822,5.050796585539618e-06
2.392289206608771e-06,1.782458056988157,1.7825,-0.0002706003588239592,5.050796588769191e-06
2.394289206608771e-06,1.782458056969847,1.7825,-0.0002706004562479968,5.05079658545152e-06
2.396289206608771e-06,1.782458056987355,1.7825,-0.0002706003591962907,5.050796588821279e-06
2.398289206608771e-06,1.78245805696882,1.7825,-0.0002706004559422157,5.050796585362287e-06
2.400289206608771e-06,1.782458056985935,1.7825,-0.0002706003595287556,5.050796588845406e-06
2.402289206608771e-06,1.782458056967537,1.7825,-0.0002706004555699619,5.050796585306846e-06
2.404289206608771e-06,1.782458056984379,1.7825,-0.0002706003599011151,5.050796588923085e-06
2.406289206608772e-06,1.782458056966053,1.7825,-0.000270600455211012,5.050796585255523e-06
2.408289206608772e-06,1.782458056982777,1.7825,-0.0002706003602069939,5.05079658896396e-06
2.410289206608772e-06,1.782458056964421,1.7825,-0.0002706004548786605,5.050796585263197e-06
2.412289206608772e-06,1.782458056980685,1.7825,-0.0002706003605261874,5.050796589044626e-06
2.414289206608772e-06,1.782458056962366,1.7825,-0.0002706004545197318,5.050796585159484e-06
2.416289206608772e-06,1.782458056978189,1.7825,-0.000270600360845396,5.050796589074435e-06
2.418289206608773e-06,1.782458056959231,1.7825,-0.0002706004541741398,5.050796585120866e-06
2.420289206608773e-06,1.78245805697434,1.7825,-0.0002706003612045443,5.050796589092229e-06
2.422289206608773e-06,1.782458056955529,1.7825,-0.0002706004538817548,5.050796585048852e-06
2.424289206608773e-06,1.782458056970696,1.7825,-0.0002706003615503885,5.050796589176981e-06
2.426289206608773e-06,1.782458056951963,1.7825,-0.0002706004535494753,5.050796585035074e-06
2.428289206608773e-06,1.782458056967139,1.7825,-0.0002706003618563399,5.050796589173083e-06
2.430289206608773e-06,1.782458056948898,1.7825,-0.0002706004532171771,5.050796584941025e-06
2.432289206608774e-06,1.782458056964204,1.7825,-0.0002706003621888613,5.050796589259059e-06
2.434289206608774e-06,1.782458056946715,1.7825,-0.0002706004528981426,5.050796584907762e-06
2.436289206608774e-06,1.782458056962529,1.7825,-0.0002706003625213357,5.050796589287188e-06
2.438289206608774e-06,1.782458056945384,1.7825,-0.000270600452592373,5.050796584875688e-06
2.440289206608774e-06,1.782458056961279,1.7825,-0.0002706003628537944,5.050796589341392e-06
2.442289206608774e-06,1.782458056944743,1.7825,-0.0002706004522599846,5.050796584838486e-06
2.444289206608775e-06,1.782458056961057,1.7825,-0.0002706003631862149,5.050796589410542e-06
2.446289206608775e-06,1.782458056944768,1.7825,-0.0002706004519009786,5.050796584813097e-06
2.448289206608775e-06,1.782458056960456,1.7825,-0.0002706003634521669,5.050796589437727e-06
2.450289206608775e-06,1.782458056944124,1.7825,-0.0002706004516084798,5.050796584759016e-06
2.452289206608775e-06,1.78245805696014,1.7825,-0.0002706003637845908,5.050796589469615e-06
2.454289206608775e-06,1.782458056944515,1.7825,-0.0002706004512893497,5.050796584675391e-06
2.456289206608775e-06,1.782458056960929,1.7825,-0.0002706003640903807,5.050796589498588e-06
2.458289206608776e-06,1.78245805694627,1.7825,-0.0002706004510100581,5.050796584647999e-06
2.460289206608776e-06,1.782458056963353,1.7825,-0.0002706003643828132,5.050796589544013e-06
2.462289206608776e-06,1.782458056948929,1.7825,-0.00027060045070414,5.050796584618112e-06
2.464289206608776e-06,1.782458056965933,1.7825,-0.0002706003647151294,5.0507965895878e-06
2.466289206608776e-06,1.782458056951645,1.7825,-0.0002706004504248128,5.050796584557505e-06
2.468289206608776e-06,1.782458056968506,1.7825,-0.0002706003649809634,5.050796589648052e-06
2.470289206608776e-06,1.782458056954307,1.7825,-0.0002706004500524121,5.050796584551348e-06
2.472289206608777e-06,1.782458056970596,1.7825,-0.0002706003653000014,5.050796589676575e-06
2.474289206608777e-06,1.782458056956386,1.7825,-0.0002706004497731086,5.050796584531892e-06
2.476289206608777e-06,1.782458056972381,1.7825,-0.0002706003656323471,5.05079658972233e-06
2.478289206608777e-06,1.782458056958001,1.7825,-0.0002706004494539329,5.050796584463356e-06
2.480289206608777e-06,1.782458056973646,1.7825,-0.0002706003659248228,5.05079658975517e-06
2.482289206608777e-06,1.7824580569592,1.7825,-0.000270600449148069,5.050796584419586e-06
2.484289206608778e-06,1.782458056974584,1.7825,-0.0002706003662040141,5.050796589777936e-06
2.486289206608778e-06,1.782458056959964,1.7825,-0.0002706004488688144,5.050796584383168e-06
2.488289206608778e-06,1.78245805697507,1.7825,-0.0002706003665098152,5.050796589796397e-06
2.490289206608778e-06,1.782458056960724,1.7825,-0.0002706004485895599,5.050796584362895e-06
2.492289206608778e-06,1.782458056975635,1.7825,-0.0002706003667890204,5.050796589849097e-06
2.494289206608778e-06,1.782458056960892,1.7825,-0.000270600448297031,5.050796584297158e-06
2.496289206608778e-06,1.782458056975064,1.7825,-0.0002706003670948609,5.050796589857316e-06
2.498289206608779e-06,1.782458056959865,1.7825,-0.0002706004480311394,5.050796584224504e-06
2.500289206608779e-06,1.782458056973671,1.7825,-0.0002706003673741388,5.050796589886378e-06
2.502289206608779e-06,1.782458056958672,1.7825,-0.0002706004477253646,5.050796584091708e-06
2.504289206608779e-06,1.782458056972283,1.7825,-0.0002706003676667132,5.05079658972068e-06
2.506289206608779e-06,1.782458056956991,1.7825,-0.0002706004474462009,5.050796583931854e-06
2.508289206608779e-06,1.782458056969926,1.7825,-0.0002706003679460271,5.050796589695322e-06
2.510289206608779e-06,1.782458056954376,1.7825,-0.000270600447140479,5.050796583893556e-06
2.51228920660878e-06,1.782458056966721,1.7825,-0.0002706003682386691,5.05079658984362e-06
2.51428920660878e-06,1.782458056950692,1.7825,-0.0002706004468613899,5.050796584020792e-06
2.51628920660878e-06,1.782458056962732,1.7825,-0.0002706003685180436,5.050796589974023e-06
2.51828920660878e-06,1.782458056947239,1.7825,-0.0002706004465822921,5.050796584060932e-06
2.52028920660878e-06,1.782458056959833,1.7825,-0.0002706003687574882,5.050796590031054e-06
2.52228920660878e-06,1.782458056945072,1.7825,-0.0002706004463031465,5.050796584034174e-06
2.524289206608781e-06,1.782458056958232,1.7825,-0.000270600369036774,5.050796590048151e-06
2.526289206608781e-06,1.782458056944264,1.7825,-0.0002706004460372468,5.050796584025085e-06
2.528289206608781e-06,1.782458056957876,1.7825,-0.000270600369276124,5.050796590104741e-06
2.530289206608781e-06,1.782458056944429,1.7825,-0.0002706004457713109,5.050796583997616e-06
2.532289206608781e-06,1.782458056958718,1.7825,-0.0002706003695819118,5.050796590124432e-06
2.534289206608781e-06,1.782458056946449,1.7825,-0.0002706004454787131,5.0507965839895e-06
2.536289206608781e-06,1.782458056961386,1.7825,-0.0002706003698477423,5.050796590176532e-06
2.538289206608782e-06,1.782458056949777,1.7825,-0.000270600445225956,5.050796583963982e-06
2.540289206608782e-06,1.782458056965282,1.7825,-0.0002706003701268236,5.050796590201044e-06
2.542289206608782e-06,1.782458056954862,1.7825,-0.0002706004449731336,5.050796583918744e-06
2.544289206608782e-06,1.782458056971138,1.7825,-0.0002706003704191284,5.050796590210245e-06
2.546289206608782e-06,1.782458056960956,1.7825,-0.0002706004446803842,5.050796583873595e-06
2.548289206608782e-06,1.782458056976666,1.7825,-0.0002706003706715561,5.050796590228505e-06
2.550289206608782e-06,1.782458056965889,1.7825,-0.0002706004444541605,5.050796583865596e-06
2.552289206608783e-06,1.78245805698078,1.7825,-0.0002706003709373328,5.050796590285974e-06
2.554289206608783e-06,1.782458056969442,1.7825,-0.0002706004441748021,5.050796583889683e-06
2.556289206608783e-06,1.78245805698363,1.7825,-0.0002706003711765635,5.050796590332274e-06
2.558289206608783e-06,1.782458056972165,1.7825,-0.0002706004439220676,5.050796583805437e-06
2.560289206608783e-06,1.782458056985981,1.7825,-0.0002706003714424059,5.050796590289729e-06
2.562289206608783e-06,1.782458056973797,1.7825,-0.0002706004436693736,5.050796583751542e-06
2.564289206608784e-06,1.782458056986852,1.7825,-0.0002706003716950067,5.050796590291156e-06
2.566289206608784e-06,1.782458056974647,1.7825,-0.0002706004433901158,5.050796583744558e-06
2.568289206608784e-06,1.782458056987316,1.7825,-0.0002706003719476226,5.050796590338159e-06
2.570289206608784e-06,1.7824580569744,1.7825,-0.0002706004431507882,5.050796583733596e-06
2.572289206608784e-06,1.782458056985655,1.7825,-0.0002706003722003177,5.05079659043527e-06
2.574289206608784e-06,1.782458056971501,1.7825,-0.0002706004428583733,5.050796583798115e-06
2.576289206608784e-06,1.782458056981894,1.7825,-0.0002706003724264979,5.050796590480201e-06
2.578289206608785e-06,1.782458056967265,1.7825,-0.0002706004426590836,5.050796583755309e-06
2.580289206608785e-06,1.782458056977115,1.7825,-0.0002706003726926053,5.050796590495248e-06
2.582289206608785e-06,1.782458056962655,1.7825,-0.0002706004424066219,5.050796583732956e-06
2.584289206608785e-06,1.782458056972859,1.7825,-0.0002706003729586934,5.050796590474817e-06
2.586289206608785e-06,1.782458056959099,1.7825,-0.0002706004421674174,5.050796583675882e-06
2.588289206608785e-06,1.782458056969603,1.7825,-0.0002706003732114478,5.050796590472538e-06
2.590289206608785e-06,1.782458056956214,1.7825,-0.0002706004419148915,5.050796583658753e-06
2.592289206608786e-06,1.782458056966985,1.7825,-0.0002706003734641784,5.05079659055275e-06
2.594289206608786e-06,1.782458056954364,1.7825,-0.0002706004416756236,5.050796583651373e-06
2.596289206608786e-06,1.782458056965788,1.7825,-0.0002706003736769667,5.050796590530216e-06
2.598289206608786e-06,1.78245805695391,1.7825,-0.0002706004414363037,5.050796583613642e-06
2.600289206608786e-06,1.782458056965897,1.7825,-0.0002706003739561888,5.050796590544146e-06
2.602289206608786e-06,1.782458056954808,1.7825,-0.0002706004411969335,5.050796583635749e-06
2.604289206608787e-06,1.78245805696743,1.7825,-0.0002706003741688756,5.050796590612766e-06
2.606289206608787e-06,1.782458056957291,1.7825,-0.0002706004409840973,5.050796583615599e-06
2.608289206608787e-06,1.782458056970619,1.7825,-0.0002706003744213902,5.050796590624344e-06
2.610289206608787e-06,1.782458056961089,1.7825,-0.0002706004407313228,5.050796583565201e-06
2.612289206608787e-06,1.782458056974554,1.7825,-0.0002706003746472841,5.050796590611511e-06
2.614289206608787e-06,1.782458056964828,1.7825,-0.0002706004404785505,5.050796583558973e-06
2.616289206608787e-06,1.782458056977712,1.7825,-0.0002706003748732069,5.050796590640492e-06
2.618289206608788e-06,1.782458056967722,1.7825,-0.0002706004402391061,5.050796583532289e-06
2.620289206608788e-06,1.782458056980079,1.7825,-0.0002706003750991591,5.050796590627107e-06
2.622289206608788e-06,1.78245805696988,1.7825,-0.0002706004400129855,5.050796583481334e-06
2.624289206608788e-06,1.782458056981818,1.7825,-0.0002706003753384312,5.050796590606361e-06
2.626289206608788e-06,1.782458056971094,1.7825,-0.0002706004397603071,5.050796583465841e-06
2.628289206608788e-06,1.782458056982406,1.7825,-0.0002706003755245601,5.050796590656101e-06
2.630289206608788e-06,1.782458056971064,1.7825,-0.0002706004395741575,5.050796583457631e-06
2.632289206608789e-06,1.782458056981124,1.7825,-0.000270600375777241,5.050796590714138e-06
2.634289206608789e-06,1.782458056968944,1.7825,-0.000270600439348196,5.050796583496929e-06
2.636289206608789e-06,1.782458056978437,1.7825,-0.0002706003760299743,5.050796590753059e-06
2.638289206608789e-06,1.782458056966188,1.7825,-0.0002706004390823688,5.050796583512375e-06
2.640289206608789e-06,1.782458056975883,1.7825,-0.0002706003762295166,5.050796590762013e-06
2.642289206608789e-06,1.7824580569637,1.7825,-0.0002706004388564211,5.050796583467809e-06
2.64428920660879e-06,1.782458056972754,1.7825,-0.0002706003764556732,5.050796590739474e-06
2.64628920660879e-06,1.782458056960367,1.7825,-0.0002706004386039118,5.050796583412888e-06
2.64828920660879e-06,1.782458056969498,1.7825,-0.0002706003766818346,5.050796590762359e-06
2.65028920660879e-06,1.78245805695767,1.7825,-0.0002706004383912684,5.050796583424077e-06
2.65228920660879e-06,1.782458056967386,1.7825,-0.0002706003769079535,5.050796590746397e-06
2.65428920660879e-06,1.782458056956073,1.7825,-0.0002706004381386946,5.050796583357026e-06
2.65628920660879e-06,1.782458056965702,1.7825,-0.0002706003771207599,5.050796590732254e-06
2.658289206608791e-06,1.782458056954462,1.7825,-0.0002706004379526037,5.05079658338017e-06
2.660289206608791e-06,1.782458056963945,1.7825,-0.0002706003773468655,5.0507965907983e-06
2.662289206608791e-06,1.78245805695288,1.7825,-0.0002706004377000292,5.050796583386549e-06
2.664289206608791e-06,1.782458056962689,1.7825,-0.0002706003775729526,5.050796590820177e-06
2.666289206608791e-06,1.782458056951758,1.7825,-0.0002706004375405132,5.050796583352495e-06
2.668289206608791e-06,1.782458056961348,1.7825,-0.0002706003777857462,5.050796590788837e-06
2.670289206608791e-06,1.782458056950709,1.7825,-0.0002706004373012154,5.050796583332493e-06
2.672289206608792e-06,1.782458056960445,1.7825,-0.0002706003780251165,5.050796590823915e-06
2.674289206608792e-06,1.782458056950047,1.7825,-0.0002706004370751998,5.050796583315084e-06
2.676289206608792e-06,1.782458056959992,1.7825,-0.0002706003781979877,5.050796590820628e-06
2.678289206608792e-06,1.782458056950039,1.7825,-0.0002706004368890493,5.050796583339204e-06
2.680289206608792e-06,1.782458056960242,1.7825,-0.0002706003784107222,5.050796590878923e-06
2.682289206608792e-06,1.782458056950577,1.7825,-0.000270600436662989,5.05079658332682e-06
2.684289206608793e-06,1.782458056960763,1.7825,-0.0002706003786234466,5.050796590843001e-06
2.686289206608793e-06,1.782458056951361,1.7825,-0.000270600436450216,5.050796583275432e-06
2.688289206608793e-06,1.782458056961711,1.7825,-0.0002706003788494516,5.050796590838356e-06
2.690289206608793e-06,1.782458056952577,1.7825,-0.000270600436237427,5.050796583272938e-06
2.692289206608793e-06,1.782458056962932,1.7825,-0.0002706003790754465,5.050796590826214e-06
2.694289206608793e-06,1.782458056953671,1.7825,-0.0002706004360246426,5.050796583232639e-06
2.696289206608793e-06,1.78245805696378,1.7825,-0.0002706003792615657,5.050796590872788e-06
2.698289206608794e-06,1.782458056954685,1.7825,-0.0002706004358517505,5.050796583261115e-06
2.700289206608794e-06,1.782458056964719,1.7825,-0.0002706003794609781,5.050796590880495e-06
2.702289206608794e-06,1.782458056955784,1.7825,-0.0002706004356522624,5.050796583265256e-06
2.704289206608794e-06,1.782458056965804,1.7825,-0.0002706003796869779,5.050796590912009e-06
2.706289206608794e-06,1.782458056956825,1.7825,-0.0002706004354394798,5.050796583272858e-06
2.708289206608794e-06,1.782458056966826,1.7825,-0.0002706003798464978,5.050796590911463e-06
2.710289206608794e-06,1.782458056958042,1.7825,-0.0002706004352266908,5.050796583247409e-06
2.712289206608795e-06,1.782458056967997,1.7825,-0.0002706003800990875,5.050796590899472e-06
2.714289206608795e-06,1.782458056959423,1.7825,-0.0002706004350271921,5.050796583217701e-06
2.716289206608795e-06,1.782458056969471,1.7825,-0.00027060038029848,5.050796590924597e-06
2.718289206608795e-06,1.782458056960725,1.7825,-0.0002706004348409929,5.050796583269553e-06
2.720289206608795e-06,1.782458056970449,1.7825,-0.0002706003804712979,5.050796590946638e-06
2.722289206608795e-06,1.782458056962003,1.7825,-0.000270600434641498,5.050796583234091e-06
2.724289206608796e-06,1.782458056971875,1.7825,-0.0002706003806839887,5.050796590925221e-06
2.726289206608796e-06,1.782458056963367,1.7825,-0.0002706004344287034,5.050796583207551e-06
2.728289206608796e-06,1.782458056972915,1.7825,-0.0002706003808833973,5.050796590954895e-06
2.730289206608796e-06,1.782458056964338,1.7825,-0.0002706004342292201,5.050796583204387e-06
2.732289206608796e-06,1.782458056973703,1.7825,-0.0002706003810961117,5.050796590963365e-06
2.734289206608796e-06,1.782458056964994,1.7825,-0.0002706004340430448,5.050796583244235e-06
2.736289206608796e-06,1.782458056974059,1.7825,-0.0002706003812689528,5.050796590965914e-06
2.738289206608797e-06,1.782458056965315,1.7825,-0.0002706004338701786,5.050796583196413e-06
2.740289206608797e-06,1.78245805697412,1.7825,-0.0002706003814949908,5.050796590964856e-06
2.742289206608797e-06,1.78245805696505,1.7825,-0.0002706004337106306,5.050796583205638e-06
2.744289206608797e-06,1.782458056973291,1.7825,-0.0002706003816811725,5.050796590966052e-06
2.746289206608797e-06,1.782458056963834,1.7825,-0.0002706004334713391,5.05079658319736e-06
2.748289206608797e-06,1.782458056971677,1.7825,-0.0002706003818806798,5.050796590958855e-06
2.750289206608797e-06,1.782458056962218,1.7825,-0.0002706004332586554,5.050796583012096e-06
2.752289206608798e-06,1.782458056970073,1.7825,-0.0002706003820137043,5.050796590892885e-06
2.754289206608798e-06,1.78245805696068,1.7825,-0.0002706004331124513,5.050796583090056e-06
2.756289206608798e-06,1.782458056968417,1.7825,-0.0002706003821999168,5.050796590924739e-06
2.758289206608798e-06,1.782458056959157,1.7825,-0.0002706004328997642,5.050796583144114e-06
2.760289206608798e-06,1.782458056966947,1.7825,-0.0002706003823994187,5.050796590959465e-06
2.762289206608798e-06,1.782458056957872,1.7825,-0.0002706004327003647,5.050796583145046e-06
2.764289206608799e-06,1.782458056965716,1.7825,-0.0002706003825856153,5.050796590948959e-06
2.766289206608799e-06,1.782458056956791,1.7825,-0.000270600432540847,5.050796583128785e-06
2.768289206608799e-06,1.782458056964576,1.7825,-0.0002706003827585121,5.050796590964989e-06
2.770289206608799e-06,1.782458056955725,1.7825,-0.0002706004323281429,5.050796583153291e-06
2.772289206608799e-06,1.782458056963449,1.7825,-0.0002706003829580013,5.050796590965437e-06
2.774289206608799e-06,1.78245805695458,1.7825,-0.0002706004321686276,5.050796583105818e-06
2.776289206608799e-06,1.782458056962222,1.7825,-0.0002706003831176047,5.050796590953042e-06
2.7782892066088e-06,1.782458056953415,1.7825,-0.0002706004319692236,5.050796583132855e-06
2.7802892066088e-06,1.782458056960782,1.7825,-0.0002706003833171056,5.050796590978014e-06
2.7822892066088e-06,1.782458056951924,1.7825,-0.0002706004318097213,5.050796583162423e-06
2.7842892066088e-06,1.782458056959423,1.7825,-0.0002706003834900105,5.05079659100123e-06
2.7862892066088e-06,1.782458056950788,1.7825,-0.0002706004316369093,5.050796583144893e-06
2.7882892066088e-06,1.782458056958411,1.7825,-0.0002706003836761989,5.050796590994931e-06
2.7902892066088e-06,1.782458056950126,1.7825,-0.0002706004314507831,5.050796583132111e-06
2.792289206608801e-06,1.782458056957805,1.7825,-0.0002706003838224829,5.050796590998035e-06
2.794289206608801e-06,1.782458056949871,1.7825,-0.0002706004312779382,5.050796583134449e-06
2.796289206608801e-06,1.782458056958208,1.7825,-0.0002706003840219151,5.0507965909942e-06
2.798289206608801e-06,1.782458056951066,1.7825,-0.0002706004311050394,5.050796583132189e-06
2.800289206608801e-06,1.782458056959492,1.7825,-0.0002706003842080182,5.05079659098482e-06
2.802289206608801e-06,1.782458056952233,1.7825,-0.0002706004309321418,5.050796583128447e-06
2.804289206608802e-06,1.782458056960687,1.7825,-0.0002706003844074211,5.050796590997428e-06
2.806289206608802e-06,1.782458056953738,1.7825,-0.0002706004307193419,5.050796583123757e-06
2.808289206608802e-06,1.78245805696239,1.7825,-0.0002706003845536191,5.0507965909694e-06
2.810289206608802e-06,1.782458056955822,1.7825,-0.0002706004305597066,5.050796583119387e-06
2.812289206608802e-06,1.782458056964635,1.7825,-0.0002706003847396864,5.05079659097833e-06
2.814289206608802e-06,1.78245805695821,1.7825,-0.0002706004304000599,5.050796583097862e-06
2.816289206608802e-06,1.782458056966908,1.7825,-0.0002706003849390491,5.050796590959363e-06
2.818289206608803e-06,1.782458056960473,1.7825,-0.0002706004302271215,5.050796583091135e-06
2.820289206608803e-06,1.782458056969187,1.7825,-0.0002706003850985222,5.050796590952815e-06
2.822289206608803e-06,1.782458056962561,1.7825,-0.0002706004300541894,5.050796583087243e-06
2.824289206608803e-06,1.782458056970753,1.7825,-0.0002706003852713182,5.050796590949591e-06
2.826289206608803e-06,1.782458056964185,1.7825,-0.0002706004299078677,5.050796583075516e-06
2.828289206608803e-06,1.782458056972295,1.7825,-0.0002706003854175222,5.050796590958349e-06
2.830289206608804e-06,1.782458056965244,1.7825,-0.000270600429734974,5.050796583106482e-06
2.832289206608804e-06,1.782458056972697,1.7825,-0.0002706003855637686,5.05079659099139e-06
2.834289206608804e-06,1.782458056965461,1.7825,-0.0002706004295488151,5.050796583157131e-06
2.836289206608804e-06,1.782458056973007,1.7825,-0.0002706003857632044,5.050796591050173e-06
2.838289206608804e-06,1.782458056966098,1.7825,-0.0002706004294158265,5.05079658315173e-06
2.840289206608804e-06,1.782458056973572,1.7825,-0.0002706003859094448,5.050796591003004e-06
2.842289206608804e-06,1.782458056966651,1.7825,-0.0002706004292429516,5.05079658317423e-06
2.844289206608805e-06,1.782458056974304,1.7825,-0.0002706003860822717,5.050796591041937e-06
2.846289206608805e-06,1.782458056967698,1.7825,-0.0002706004290700583,5.050796583150572e-06
2.848289206608805e-06,1.782458056975307,1.7825,-0.0002706003862284959,5.050796591020513e-06
2.850289206608805e-06,1.782458056968493,1.7825,-0.000270600428910471,5.050796583173382e-06
2.852289206608805e-06,1.782458056975841,1.7825,-0.0002706003863614409,5.050796591003923e-06
2.854289206608805e-06,1.782458056968965,1.7825,-0.0002706004287774885,5.050796583162993e-06
2.856289206608805e-06,1.78245805697579,1.7825,-0.00027060038656089,5.050796591013839e-06
2.858289206608806e-06,1.782458056968216,1.7825,-0.0002706004285913655,5.050796583144946e-06
2.860289206608806e-06,1.782458056974469,1.7825,-0.0002706003867072005,5.050796591021046e-06
2.862289206608806e-06,1.78245805696678,1.7825,-0.0002706004284318611,5.050796583159328e-06
2.864289206608806e-06,1.782458056972749,1.7825,-0.0002706003868535258,5.050796590993859e-06
2.866289206608806e-06,1.782458056964835,1.7825,-0.0002706004282590792,5.050796583175196e-06
2.868289206608806e-06,1.782458056970414,1.7825,-0.000270600386999874,5.050796591035885e-06
2.870289206608807e-06,1.782458056962128,1.7825,-0.0002706004281129185,5.050796583165919e-06
2.872289206608807e-06,1.782458056967108,1.7825,-0.0002706003871728514,5.050796590996692e-06
2.874289206608807e-06,1.782458056958306,1.7825,-0.0002706004279402063,5.050796583198112e-06
2.876289206608807e-06,1.782458056962918,1.7825,-0.0002706003873192686,5.0507965910135e-06
2.878289206608807e-06,1.782458056954143,1.7825,-0.0002706004277808034,5.050796583180542e-06
2.880289206608807e-06,1.782458056958827,1.7825,-0.0002706003875055715,5.050796591000331e-06
2.882289206608807e-06,1.782458056950257,1.7825,-0.0002706004276479831,5.050796583178092e-06
2.884289206608808e-06,1.782458056955256,1.7825,-0.0002706003876519657,5.050796590998966e-06
2.886289206608808e-06,1.782458056947289,1.7825,-0.0002706004274885356,5.050796583173748e-06
2.888289206608808e-06,1.782458056952698,1.7825,-0.0002706003878116188,5.050796590996849e-06
2.890289206608808e-06,1.78245805694525,1.7825,-0.0002706004273290537,5.050796583182445e-06
2.892289206608808e-06,1.782458056951073,1.7825,-0.0002706003879313476,5.050796590981182e-06
2.894289206608808e-06,1.78245805694395,1.7825,-0.0002706004271828407,5.050796583162636e-06
2.896289206608808e-06,1.782458056950014,1.7825,-0.0002706003881042413,5.050796590977961e-06
2.898289206608809e-06,1.782458056943328,1.7825,-0.0002706004270498989,5.050796583166281e-06
2.900289206608809e-06,1.782458056949531,1.7825,-0.0002706003882771137,5.05079659095467e-06
2.902289206608809e-06,1.78245805694302,1.7825,-0.0002706004268770561,5.050796583145969e-06
2.904289206608809e-06,1.782458056949376,1.7825,-0.0002706003883967877,5.050796590934645e-06
2.906289206608809e-06,1.782458056942991,1.7825,-0.0002706004267307957,5.050796583162865e-06
2.908289206608809e-06,1.782458056949199,1.7825,-0.0002706003885696486,5.050796590959519e-06
2.91028920660881e-06,1.782458056942849,1.7825,-0.0002706004265845397,5.050796583203278e-06
2.91228920660881e-06,1.782458056948971,1.7825,-0.0002706003887159185,5.050796590989727e-06
2.91428920660881e-06,1.782458056942568,1.7825,-0.0002706004264382888,5.050796583216709e-06
2.91628920660881e-06,1.782458056948771,1.7825,-0.0002706003888754838,5.05079659098839e-06
2.91828920660881e-06,1.782458056942596,1.7825,-0.00027060042627873,5.05079658323049e-06
2.92028920660881e-06,1.782458056948725,1.7825,-0.0002706003890217468,5.050796590964722e-06
2.92228920660881e-06,1.782458056942435,1.7825,-0.0002706004261324745,5.050796583211139e-06
2.924289206608811e-06,1.782458056948521,1.7825,-0.0002706003891680158,5.050796590966637e-06
2.926289206608811e-06,1.782458056942421,1.7825,-0.0002706004259862138,5.050796583217466e-06
2.928289206608811e-06,1.782458056948396,1.7825,-0.0002706003892876887,5.050796590939785e-06
2.930289206608811e-06,1.782458056942172,1.7825,-0.0002706004258798512,5.050796583222411e-06
2.932289206608811e-06,1.782458056947936,1.7825,-0.0002706003894206707,5.050796590942268e-06
2.934289206608811e-06,1.782458056941546,1.7825,-0.0002706004257469095,5.050796583224017e-06
2.936289206608811e-06,1.782458056947388,1.7825,-0.0002706003895669526,5.050796590937541e-06
2.938289206608812e-06,1.782458056941336,1.7825,-0.000270600425574063,5.050796583231865e-06
2.940289206608812e-06,1.782458056947135,1.7825,-0.0002706003897398163,5.050796590926599e-06
2.942289206608812e-06,1.782458056941176,1.7825,-0.0002706004254544006,5.050796583206676e-06
2.944289206608812e-06,1.782458056947003,1.7825,-0.0002706003898461931,5.050796590918114e-06
2.946289206608812e-06,1.782458056941061,1.7825,-0.000270600425294847,5.050796583218761e-06
2.948289206608812e-06,1.782458056946947,1.7825,-0.0002706003900190495,5.050796590894049e-06
2.950289206608813e-06,1.782458056941436,1.7825,-0.0002706004251485717,5.050796583210119e-06
2.952289206608813e-06,1.782458056947626,1.7825,-0.0002706003901386926,5.050796590872345e-06
2.954289206608813e-06,1.782458056942152,1.7825,-0.0002706004250288767,5.050796583223048e-06
2.956289206608813e-06,1.782458056948264,1.7825,-0.0002706003902317443,5.050796590946562e-06
2.958289206608813e-06,1.782458056943004,1.7825,-0.0002706004248958802,5.05079658330124e-06
2.960289206608813e-06,1.782458056949367,1.7825,-0.0002706003904045575,5.050796590909833e-06
2.962289206608813e-06,1.782458056944419,1.7825,-0.0002706004247495662,5.050796583239629e-06
2.964289206608814e-06,1.782458056950749,1.7825,-0.000270600390537471,5.050796590882064e-06
2.966289206608814e-06,1.782458056945789,1.7825,-0.0002706004246298468,5.050796583254982e-06
2.968289206608814e-06,1.782458056952248,1.7825,-0.0002706003906570836,5.050796590891742e-06
2.970289206608814e-06,1.782458056947526,1.7825,-0.0002706004244702244,5.050796583275857e-06
2.972289206608814e-06,1.782458056953939,1.7825,-0.0002706003908165786,5.050796590874942e-06
2.974289206608814e-06,1.782458056949219,1.7825,-0.000270600424350493,5.050796583262977e-06
2.976289206608814e-06,1.782458056955563,1.7825,-0.00027060039092289,5.050796590875531e-06
2.978289206608815e-06,1.782458056950622,1.7825,-0.0002706004242041795,5.050796583268753e-06
2.980289206608815e-06,1.782458056956599,1.7825,-0.0002706003910691128,5.05079659085118e-06
2.982289206608815e-06,1.782458056951493,1.7825,-0.0002706004240711822,5.050796583297798e-06
2.984289206608815e-06,1.782458056957031,1.7825,-0.0002706003912286546,5.050796590899379e-06
2.986289206608815e-06,1.782458056951563,1.7825,-0.0002706004239515112,5.050796583298661e-06
2.988289206608815e-06,1.782458056956817,1.7825,-0.0002706003913350344,5.050796590859322e-06
2.990289206608816e-06,1.782458056951061,1.7825,-0.0002706004237919721,5.050796583309709e-06
2.992289206608816e-06,1.782458056956066,1.7825,-0.0002706003914680272,5.050796590856273e-06
2.994289206608816e-06,1.782458056950167,1.7825,-0.0002706004237122264,5.050796583315737e-06
2.996289206608816e-06,1.782458056954653,1.7825,-0.0002706003915744517,5.050796590843906e-06
2.998289206608816e-06,1.782458056948417,1.7825,-0.0002706004235261407,5.050796583303495e-06
3.000289206608816e-06,1.782458056952835,1.7825,-0.0002706003917207807,5.050796590826609e-06
3.002289206608816e-06,1.782458056946767,1.7825,-0.0002706004233799408,5.050796583320806e-06
3.004289206608817e-06,1.782458056951147,1.7825,-0.0002706003918671048,5.050796590795017e-06
3.006289206608817e-06,1.782458056945081,1.7825,-0.0002706004232603351,5.050796583304302e-06
3.008289206608817e-06,1.782458056949462,1.7825,-0.0002706003919868359,5.050796590816587e-06
3.010289206608817e-06,1.782458056943525,1.7825,-0.0002706004231540211,5.050796583328459e-06
3.012289206608817e-06,1.782458056947992,1.7825,-0.0002706003921065589,5.050796590821863e-06
3.014289206608817e-06,1.782458056942286,1.7825,-0.0002706004230078058,5.050796583366054e-06
3.016289206608817e-06,1.782458056947005,1.7825,-0.0002706003922395606,5.050796590824006e-06
3.018289206608818e-06,1.782458056941537,1.7825,-0.0002706004228881653,5.050796583378362e-06
3.020289206608818e-06,1.782458056946357,1.7825,-0.000270600392359253,5.050796590822391e-06
3.022289206608818e-06,1.782458056941104,1.7825,-0.0002706004227552165,5.050796583354066e-06
3.024289206608818e-06,1.782458056946089,1.7825,-0.0002706003924922278,5.050796590811232e-06
3.026289206608818e-06,1.782458056941063,1.7825,-0.0002706004226089567,5.050796583384039e-06
3.028289206608818e-06,1.782458056946072,1.7825,-0.0002706003925853039,5.050796590793149e-06
3.030289206608819e-06,1.782458056941039,1.7825,-0.0002706004224892892,5.050796583380911e-06
3.032289206608819e-06,1.782458056946104,1.7825,-0.000270600392731564,5.050796590780189e-06
3.034289206608819e-06,1.782458056941119,1.7825,-0.0002706004223430249,5.050796583391898e-06
3.036289206608819e-06,1.782458056945878,1.7825,-0.0002706003928379444,5.050796590793088e-06
3.038289206608819e-06,1.782458056940938,1.7825,-0.0002706004222366598,5.050796583415328e-06
3.040289206608819e-06,1.782458056945873,1.7825,-0.0002706003929975024,5.050796590780846e-06
3.042289206608819e-06,1.782458056941059,1.7825,-0.0002706004221169868,5.050796583453438e-06
3.04428920660882e-06,1.782458056946181,1.7825,-0.0002706003930905663,5.050796590836571e-06
3.04628920660882e-06,1.782458056941683,1.7825,-0.0002706004219972953,5.050796583453537e-06
3.04828920660882e-06,1.782458056946823,1.7825,-0.0002706003932102108,5.050796590748639e-06
3.05028920660882e-06,1.782458056942299,1.7825,-0.0002706004218909004,5.050796583427633e-06
3.05228920660882e-06,1.78245805694732,1.7825,-0.0002706003933564537,5.050796590766523e-06
3.05428920660882e-06,1.782458056942692,1.7825,-0.0002706004217446245,5.050796583421464e-06
3.05628920660882e-06,1.782458056947678,1.7825,-0.0002706003934628123,5.050796590724175e-06
3.058289206608821e-06,1.782458056943097,1.7825,-0.0002706004216116445,5.050796583462504e-06
3.060289206608821e-06,1.782458056947793,1.7825,-0.0002706003935957729,5.050796590769444e-06
3.062289206608821e-06,1.782458056943059,1.7825,-0.000270600421531867,5.05079658346573e-06
3.064289206608821e-06,1.782458056947803,1.7825,-0.0002706003937021444,5.050796590718039e-06
3.066289206608821e-06,1.782458056943346,1.7825,-0.000270600421438781,5.050796583443139e-06
3.068289206608821e-06,1.78245805694822,1.7825,-0.0002706003938217972,5.050796590693672e-06
3.070289206608822e-06,1.782458056943835,1.7825,-0.0002706004213190944,5.050796583454104e-06
3.072289206608822e-06,1.782458056948541,1.7825,-0.0002706003939414536,5.050796590700732e-06
3.074289206608822e-06,1.782458056943991,1.7825,-0.0002706004211994202,5.050796583469864e-06
3.076289206608822e-06,1.78245805694874,1.7825,-0.0002706003940744111,5.05079659068017e-06
3.078289206608822e-06,1.782458056944436,1.7825,-0.0002706004210797353,5.050796583458439e-06
3.080289206608822e-06,1.782458056949205,1.7825,-0.0002706003941408763,5.050796590653837e-06
3.082289206608822e-06,1.782458056944918,1.7825,-0.0002706004209999384,5.050796583449831e-06
3.084289206608823e-06,1.782458056949539,1.7825,-0.0002706003942871252,5.050796590637475e-06
3.086289206608823e-06,1.782458056945116,1.7825,-0.0002706004208536697,5.050796583469365e-06
3.088289206608823e-06,1.782458056949804,1.7825,-0.0002706003944333767,5.050796590633159e-06
3.090289206608823e-06,1.782458056945537,1.7825,-0.0002706004207472821,5.050796583493471e-06
3.092289206608823e-06,1.782458056950255,1.7825,-0.0002706003944998423,5.050796590661185e-06
3.094289206608823e-06,1.782458056946041,1.7825,-0.000270600420654188,5.050796583507295e-06
3.096289206608823e-06,1.782458056950427,1.7825,-0.0002706003946328008,5.050796590638156e-06
3.098289206608824e-06,1.782458056946173,1.7825,-0.0002706004205611077,5.050796583521743e-06
3.100289206608824e-06,1.78245805695073,1.7825,-0.000270600394699272,5.050796590606667e-06
3.102289206608824e-06,1.782458056946487,1.7825,-0.0002706004204148347,5.050796583498229e-06
3.104289206608824e-06,1.782458056950946,1.7825,-0.0002706003948056358,5.05079659059036e-06
3.106289206608824e-06,1.782458056946744,1.7825,-0.0002706004203084532,5.050796583506969e-06
3.108289206608824e-06,1.782458056951159,1.7825,-0.0002706003949385928,5.050796590605402e-06
3.110289206608825e-06,1.782458056946857,1.7825,-0.0002706004202153736,5.05079658353476e-06
3.112289206608825e-06,1.782458056951213,1.7825,-0.0002706003950183697,5.05079659060241e-06
3.114289206608825e-06,1.782458056947082,1.7825,-0.0002706004201089934,5.050796583574749e-06
3.116289206608825e-06,1.782458056951383,1.7825,-0.0002706003951380317,5.050796590612873e-06
3.118289206608825e-06,1.782458056947209,1.7825,-0.0002706004199760238,5.050796583556009e-06
3.120289206608825e-06,1.782458056951745,1.7825,-0.0002706003952709831,5.050796590565914e-06
3.122289206608825e-06,1.782458056948346,1.7825,-0.0002706004198696095,5.050796583560918e-06
3.124289206608826e-06,1.782458056953706,1.7825,-0.0002706003953506891,5.050796590591682e-06
3.126289206608826e-06,1.782458056951034,1.7825,-0.0002706004197897307,5.050796583613475e-06
3.128289206608826e-06,1.78245805695687,1.7825,-0.0002706003954835363,5.050796590569241e-06
3.130289206608826e-06,1.782458056954488,1.7825,-0.0002706004196965268,5.050796583581958e-06
3.132289206608826e-06,1.782458056960442,1.7825,-0.0002706003955764788,5.050796590557022e-06
3.134289206608826e-06,1.782458056958298,1.7825,-0.0002706004195767167,5.050796583602866e-06
3.136289206608826e-06,1.782458056964151,1.7825,-0.0002706003956960092,5.050796590519929e-06
3.138289206608827e-06,1.782458056961444,1.7825,-0.0002706004194436347,5.050796583591395e-06
3.140289206608827e-06,1.782458056966749,1.7825,-0.0002706003957756915,5.050796590509797e-06
3.142289206608827e-06,1.782458056963858,1.7825,-0.0002706004193238766,5.050796583602726e-06
3.144289206608827e-06,1.782458056968654,1.7825,-0.0002706003959218819,5.050796590557767e-06
3.146289206608827e-06,1.782458056965177,1.7825,-0.0002706004192573451,5.050796583664075e-06
3.148289206608827e-06,1.782458056969674,1.7825,-0.0002706003960149194,5.050796590517077e-06
3.150289206608828e-06,1.782458056966158,1.7825,-0.0002706004191509367,5.05079658363926e-06
3.152289206608828e-06,1.782458056970565,1.7825,-0.0002706003960946652,5.050796590350275e-06
3.154289206608828e-06,1.782458056966905,1.7825,-0.000270600419044537,5.050796583441275e-06
3.156289206608828e-06,1.782458056970966,1.7825,-0.0002706003962409116,5.050796590385722e-06
3.158289206608828e-06,1.782458056967083,1.7825,-0.0002706004189381585,5.050796583600854e-06
3.160289206608828e-06,1.78245805697102,1.7825,-0.000270600396333985,5.050796590314002e-06
3.162289206608828e-06,1.782458056967327,1.7825,-0.000270600418871667,5.050796583432354e-06
3.164289206608829e-06,1.782458056971258,1.7825,-0.0002706003963871622,5.050796590364189e-06
3.166289206608829e-06,1.782458056967144,1.7825,-0.0002706004187653019,5.050796583584981e-06
3.168289206608829e-06,1.782458056970676,1.7825,-0.0002706003965467416,5.050796590395822e-06
3.170289206608829e-06,1.782458056966589,1.7825,-0.0002706004186456542,5.050796583684805e-06
3.172289206608829e-06,1.782458056970127,1.7825,-0.0002706003966265409,5.050796590469263e-06
3.174289206608829e-06,1.782458056966318,1.7825,-0.0002706004185525889,5.050796583695351e-06
3.176289206608829e-06,1.78245805697024,1.7825,-0.0002706003967329087,5.050796590301308e-06
3.17828920660883e-06,1.782458056966802,1.7825,-0.0002706004184727919,5.050796583512838e-06
3.18028920660883e-06,1.782458056971184,1.7825,-0.0002706003968126525,5.050796590351369e-06
3.18228920660883e-06,1.782458056968046,1.7825,-0.0002706004183530773,5.050796583719876e-06
3.18428920660883e-06,1.782458056972246,1.7825,-0.0002706003969189848,5.050796590322513e-06
3.18628920660883e-06,1.782458056968948,1.7825,-0.0002706004182599683,5.05079658353706e-06
3.18828920660883e-06,1.782458056973059,1.7825,-0.0002706003969987335,5.0507965903061e-06
3.190289206608831e-06,1.782458056969717,1.7825,-0.0002706004181535678,5.050796583693042e-06
3.192289206608831e-06,1.782458056973984,1.7825,-0.0002706003970917745,5.050796590372329e-06
3.194289206608831e-06,1.782458056970893,1.7825,-0.0002706004180338557,5.050796583679175e-06
3.196289206608831e-06,1.782458056975084,1.7825,-0.000270600397237995,5.050796590345349e-06
3.198289206608831e-06,1.782458056972088,1.7825,-0.0002706004179407359,5.050796583735855e-06
3.200289206608831e-06,1.782458056976438,1.7825,-0.000270600397304427,5.050796590349963e-06
3.202289206608831e-06,1.782458056973506,1.7825,-0.0002706004178343112,5.050796583772813e-06
3.204289206608832e-06,1.782458056977853,1.7825,-0.0002706003974107463,5.050796590385168e-06
3.206289206608832e-06,1.782458056975122,1.7825,-0.0002706004177544721,5.050796583935478e-06
3.208289206608832e-06,1.782458056979504,1.7825,-0.0002706003975170567,5.050796590425826e-06
3.210289206608832e-06,1.782458056976773,1.7825,-0.0002706004176347423,5.050796583821041e-06
3.212289206608832e-06,1.782458056981225,1.7825,-0.0002706003975967716,5.050796590474662e-06
3.214289206608832e-06,1.782458056978616,1.7825,-0.0002706004175947843,5.050796583972118e-06
3.216289206608833e-06,1.782458056983161,1.7825,-0.0002706003976764786,5.050796590382339e-06
3.218289206608833e-06,1.782458056980623,1.7825,-0.0002706004174617449,5.050796583793079e-06
3.220289206608833e-06,1.782458056984925,1.7825,-0.0002706003977694883,5.050796590432798e-06
3.222289206608833e-06,1.782458056982143,1.7825,-0.0002706004173952058,5.050796583975785e-06
3.224289206608833e-06,1.782458056986225,1.7825,-0.0002706003978492189,5.050796590404092e-06
3.226289206608833e-06,1.782458056983367,1.7825,-0.0002706004172887884,5.050796583939105e-06
3.228289206608833e-06,1.782458056987294,1.7825,-0.0002706003979688475,5.050796590508642e-06
3.230289206608834e-06,1.782458056984344,1.7825,-0.0002706004172222696,5.050796584040925e-06
3.232289206608834e-06,1.782458056988404,1.7825,-0.0002706003980618816,5.050796590372053e-06
3.234289206608834e-06,1.782458056985829,1.7825,-0.000270600417129139,5.05079658389107e-06
3.236289206608834e-06,1.782458056990261,1.7825,-0.0002706003981282949,5.050796590317056e-06
3.238289206608834e-06,1.782458056987716,1.7825,-0.0002706004170492899,5.050796583897104e-06
3.240289206608834e-06,1.78245805699157,1.7825,-0.0002706003982346182,5.050796590268756e-06
3.242289206608834e-06,1.782458056988641,1.7825,-0.0002706004169428836,5.050796583843237e-06
3.244289206608835e-06,1.782458056992196,1.7825,-0.0002706003983010773,5.050796590257202e-06
3.246289206608835e-06,1.782458056988663,1.7825,-0.0002706004168498073,5.050796583895542e-06
3.248289206608835e-06,1.782458056991542,1.7825,-0.000270600398394177,5.050796590275878e-06
3.250289206608835e-06,1.782458056987698,1.7825,-0.0002706004167567679,5.050796583938111e-06
3.252289206608835e-06,1.782458056990408,1.7825,-0.0002706003985005911,5.050796590259674e-06
3.254289206608835e-06,1.782458056986443,1.7825,-0.0002706004166637391,5.050796583886407e-06
3.256289206608836e-06,1.782458056989004,1.7825,-0.0002706003985937188,5.05079659024809e-06
3.258289206608836e-06,1.782458056985504,1.7825,-0.0002706004166105882,5.050796583960652e-06
3.260289206608836e-06,1.782458056988747,1.7825,-0.0002706003986735073,5.050796590261414e-06
3.262289206608836e-06,1.782458056985693,1.7825,-0.0002706004165042092,5.050796583961683e-06
3.264289206608836e-06,1.782458056989281,1.7825,-0.0002706003987798592,5.050796590239514e-06
3.266289206608836e-06,1.782458056986815,1.7825,-0.0002706004163977956,5.050796583942388e-06
3.268289206608836e-06,1.782458056991123,1.7825,-0.0002706003988728661,5.050796590210772e-06
3.270289206608837e-06,1.782458056989045,1.7825,-0.0002706004163445267,5.050796583985264e-06
3.272289206608837e-06,1.78245805699322,1.7825,-0.0002706003989525671,5.05079659024228e-06
3.274289206608837e-06,1.782458056991074,1.7825,-0.0002706004162380793,5.050796584018108e-06
3.276289206608837e-06,1.782458056995315,1.7825,-0.0002706003990322681,5.050796590216487e-06
3.278289206608837e-06,1.782458056993344,1.7825,-0.000270600416158216,5.050796584007259e-06
3.280289206608837e-06,1.782458056997628,1.7825,-0.0002706003990986644,5.050796590195515e-06
3.282289206608837e-06,1.782458056995598,1.7825,-0.0002706004160916497,5.050796583995193e-06
3.284289206608838e-06,1.782458056999823,1.7825,-0.0002706003991783617,5.050796590170251e-06
3.286289206608838e-06,1.782458056997877,1.7825,-0.0002706004159851931,5.050796583983827e-06
3.288289206608838e-06,1.782458057002099,1.7825,-0.0002706003992713524,5.050796590129157e-06
3.290289206608838e-06,1.782458056999997,1.7825,-0.0002706004158920388,5.050796584022339e-06
3.292289206608838e-06,1.782458057003794,1.7825,-0.0002706003993510683,5.050796590162293e-06
3.294289206608838e-06,1.782458057001469,1.7825,-0.0002706004158255015,5.050796584031523e-06
3.296289206608839e-06,1.782458057005137,1.7825,-0.0002706003994440938,5.050796590152796e-06
3.298289206608839e-06,1.782458057002773,1.7825,-0.0002706004157456741,5.050796584073742e-06
3.300289206608839e-06,1.78245805700643,1.7825,-0.0002706003995238246,5.050796590156592e-06
3.302289206608839e-06,1.782458057003858,1.7825,-0.0002706004156392619,5.050796584029368e-06
3.304289206608839e-06,1.782458057007138,1.7825,-0.0002706003995902807,5.050796590096312e-06
3.306289206608839e-06,1.782458057004186,1.7825,-0.0002706004155727672,5.050796584079816e-06
3.308289206608839e-06,1.782458057007079,1.7825,-0.0002706003996567653,5.05079659011744e-06
3.31028920660884e-06,1.782458057003377,1.7825,-0.0002706004154797219,5.050796584090254e-06
3.31228920660884e-06,1.782458057005366,1.7825,-0.0002706003997764974,5.050796590119163e-06
3.31428920660884e-06,1.782458057001706,1.7825,-0.0002706004154000052,5.050796584118062e-06
3.31628920660884e-06,1.782458057003783,1.7825,-0.0002706003998430387,5.050796590120899e-06
3.31828920660884e-06,1.782458056999811,1.7825,-0.0002706004153070002,5.05079658405937e-06
3.32028920660884e-06,1.782458057001769,1.7825,-0.0002706003999494855,5.050796590013091e-06
3.32228920660884e-06,1.782458056998343,1.7825,-0.0002706004152006829,5.050796584048953e-06
3.324289206608841e-06,1.782458057000695,1.7825,-0.0002706004000027114,5.050796590025062e-06
3.326289206608841e-06,1.782458056996999,1.7825,-0.0002706004151608435,5.050796584066512e-06
3.328289206608841e-06,1.782458056998862,1.7825,-0.0002706004000825585,5.050796589987453e-06
3.330289206608841e-06,1.782458056995163,1.7825,-0.0002706004150944293,5.050796584110154e-06
3.332289206608841e-06,1.782458056997405,1.7825,-0.0002706004001490952,5.050796590032212e-06
3.334289206608841e-06,1.78245805699375,1.7825,-0.0002706004149748136,5.050796584110984e-06
3.336289206608842e-06,1.782458056995827,1.7825,-0.0002706004002289328,5.050796589994149e-06
3.338289206608842e-06,1.782458056992685,1.7825,-0.0002706004149083707,5.050796584083043e-06
3.340289206608842e-06,1.78245805699516,1.7825,-0.000270600400322033,5.050796589956684e-06
3.342289206608842e-06,1.782458056991756,1.7825,-0.0002706004148020334,5.050796584112495e-06
3.344289206608842e-06,1.782458056993834,1.7825,-0.0002706004003752683,5.05079658998314e-06
3.346289206608842e-06,1.782458056990469,1.7825,-0.0002706004147621918,5.050796584150717e-06
3.348289206608842e-06,1.782458056992591,1.7825,-0.0002706004004417969,5.050796589985969e-06
3.350289206608843e-06,1.782458056989402,1.7825,-0.0002706004146824526,5.050796584188673e-06
3.352289206608843e-06,1.782458056991913,1.7825,-0.0002706004005481941,5.050796589960431e-06
3.354289206608843e-06,1.78245805698878,1.7825,-0.0002706004145894004,5.050796584140752e-06
3.356289206608843e-06,1.782458056991195,1.7825,-0.0002706004006014067,5.050796589942919e-06
3.358289206608843e-06,1.782458056988523,1.7825,-0.0002706004145229274,5.050796584166723e-06
3.360289206608843e-06,1.78245805699126,1.7825,-0.0002706004006811832,5.050796589897639e-06
3.362289206608843e-06,1.782458056988375,1.7825,-0.0002706004144564505,5.050796584175148e-06
3.364289206608844e-06,1.782458056990755,1.7825,-0.0002706004007742774,5.050796589953969e-06
3.366289206608844e-06,1.782458056987853,1.7825,-0.0002706004143633946,5.050796584215796e-06
3.368289206608844e-06,1.782458056990328,1.7825,-0.0002706004008008862,5.050796589925576e-06
3.370289206608844e-06,1.782458056987342,1.7825,-0.0002706004143235241,5.050796584238935e-06
3.372289206608844e-06,1.782458056989854,1.7825,-0.0002706004008939793,5.050796589965314e-06
3.374289206608844e-06,1.782458056987168,1.7825,-0.0002706004142304552,5.05079658429904e-06
3.376289206608845e-06,1.782458056989806,1.7825,-0.00027060040097376,5.050796589926663e-06
3.378289206608845e-06,1.782458056987587,1.7825,-0.0002706004141772536,5.050796584262055e-06
3.380289206608845e-06,1.782458056990802,1.7825,-0.0002706004010535019,5.050796589930583e-06
3.382289206608845e-06,1.782458056988439,1.7825,-0.0002706004140841465,5.050796584263057e-06
3.384289206608845e-06,1.782458056990979,1.7825,-0.0002706004011332742,5.050796589878804e-06
3.386289206608845e-06,1.782458056988333,1.7825,-0.0002706004140043715,5.050796584278711e-06
3.388289206608845e-06,1.782458056990692,1.7825,-0.0002706004011864708,5.050796589917461e-06
3.390289206608846e-06,1.782458056987766,1.7825,-0.0002706004139645032,5.050796584336272e-06
3.392289206608846e-06,1.782458056990064,1.7825,-0.0002706004012529766,5.050796589891713e-06
3.394289206608846e-06,1.782458056987408,1.7825,-0.000270600413898034,5.05079658430237e-06
3.396289206608846e-06,1.782458056989859,1.7825,-0.0002706004013327632,5.050796589868655e-06
3.398289206608846e-06,1.782458056987273,1.7825,-0.0002706004138182601,5.050796584298273e-06
3.400289206608846e-06,1.782458056989788,1.7825,-0.0002706004013992482,5.050796589821786e-06
3.402289206608846e-06,1.782458056987088,1.7825,-0.0002706004137517846,5.050796584288584e-06
3.404289206608847e-06,1.782458056989042,1.7825,-0.0002706004014923514,5.050796589799293e-06
3.406289206608847e-06,1.782458056985798,1.7825,-0.0002706004136587572,5.050796584271232e-06
3.408289206608847e-06,1.782458056987424,1.7825,-0.0002706004015721905,5.050796589754698e-06
3.410289206608847e-06,1.782458056984223,1.7825,-0.0002706004136189263,5.050796584309982e-06
3.412289206608847e-06,1.782458056985884,1.7825,-0.0002706004016121372,5.050796589813855e-06
3.414289206608847e-06,1.782458056982265,1.7825,-0.0002706004135392202,5.050796584319313e-06
3.416289206608848e-06,1.782458056983773,1.7825,-0.0002706004016786982,5.050796589777081e-06
3.418289206608848e-06,1.78245805698074,1.7825,-0.000270600413486091,5.050796584375153e-06
3.420289206608848e-06,1.782458056982903,1.7825,-0.000270600401745213,5.0507965898107e-06
3.422289206608848e-06,1.782458056980279,1.7825,-0.0002706004133930328,5.050796584390558e-06
3.424289206608848e-06,1.782458056982587,1.7825,-0.0002706004017984107,5.050796589804686e-06
3.426289206608848e-06,1.782458056980231,1.7825,-0.0002706004133132556,5.050796584388893e-06
3.428289206608848e-06,1.782458056982742,1.7825,-0.0002706004018781838,5.050796589772426e-06
3.430289206608849e-06,1.782458056980491,1.7825,-0.000270600413286653,5.050796584392376e-06
3.432289206608849e-06,1.782458056982904,1.7825,-0.0002706004019446602,5.050796589764223e-06
3.434289206608849e-06,1.782458056980486,1.7825,-0.0002706004132068742,5.050796584423285e-06
3.436289206608849e-06,1.782458056982759,1.7825,-0.0002706004019978516,5.050796589772388e-06
3.438289206608849e-06,1.782458056980135,1.7825,-0.0002706004131404049,5.050796584454755e-06
3.440289206608849e-06,1.782458056982169,1.7825,-0.000270600402064356,5.050796589788552e-06
3.442289206608849e-06,1.782458056979761,1.7825,-0.0002706004130606399,5.050796584473532e-06
3.44428920660885e-06,1.782458056982212,1.7825,-0.0002706004021574298,5.050796589790549e-06
3.44628920660885e-06,1.782458056980116,1.7825,-0.0002706004129808477,5.05079658452042e-06
3.44828920660885e-06,1.782458056982672,1.7825,-0.0002706004022105986,5.050796589795335e-06
3.45028920660885e-06,1.782458056980666,1.7825,-0.0002706004129276413,5.050796584476757e-06
3.45228920660885e-06,1.782458056983297,1.7825,-0.0002706004022770578,5.050796589729789e-06
3.45428920660885e-06,1.782458056981441,1.7825,-0.0002706004128478336,5.050796584522275e-06
3.456289206608851e-06,1.782458056984139,1.7825,-0.0002706004023568054,5.050796589762793e-06
3.458289206608851e-06,1.782458056982239,1.7825,-0.0002706004128212109,5.050796584536008e-06
3.460289206608851e-06,1.78245805698477,1.7825,-0.0002706004023966714,5.050796589750704e-06
3.462289206608851e-06,1.782458056982789,1.7825,-0.0002706004127414115,5.05079658450148e-06
3.464289206608851e-06,1.782458056985262,1.7825,-0.000270600402449839,5.050796589678802e-06
3.466289206608851e-06,1.782458056983201,1.7825,-0.0002706004126749138,5.050796584544431e-06
3.468289206608851e-06,1.782458056985591,1.7825,-0.0002706004025561986,5.05079658969966e-06
3.470289206608852e-06,1.782458056983133,1.7825,-0.0002706004126084339,5.050796584464335e-06
3.472289206608852e-06,1.782458056984828,1.7825,-0.000270600402609413,5.050796589620025e-06
3.474289206608852e-06,1.782458056981954,1.7825,-0.0002706004125419953,5.050796584518889e-06
3.476289206608852e-06,1.782458056983568,1.7825,-0.0002706004026892388,5.050796589661621e-06
3.478289206608852e-06,1.782458056980778,1.7825,-0.0002706004124622602,5.050796584545529e-06
3.480289206608852e-06,1.782458056982182,1.7825,-0.0002706004027424763,5.050796589643012e-06
3.482289206608852e-06,1.78245805697907,1.7825,-0.0002706004124091378,5.050796584573814e-06
3.484289206608853e-06,1.782458056980262,1.7825,-0.0002706004027957337,5.050796589652085e-06
3.486289206608853e-06,1.782458056977155,1.7825,-0.000270600412356023,5.0507965845526e-06
3.488289206608853e-06,1.782458056978403,1.7825,-0.0002706004028489887,5.050796589603477e-06
3.490289206608853e-06,1.782458056975539,1.7825,-0.0002706004122896007,5.050796584557399e-06
3.492289206608853e-06,1.78245805697729,1.7825,-0.0002706004029022161,5.050796589607353e-06
3.494289206608853e-06,1.782458056974999,1.7825,-0.0002706004122364348,5.050796584576274e-06
3.496289206608854e-06,1.782458056977018,1.7825,-0.0002706004029687087,5.050796589608527e-06
3.498289206608854e-06,1.782458056975005,1.7825,-0.0002706004121566557,5.050796584615927e-06
3.500289206608854e-06,1.782458056977381,1.7825,-0.0002706004030351776,5.050796589612994e-06
3.502289206608854e-06,1.78245805697571,1.7825,-0.0002706004121300365,5.050796584612259e-06
3.504289206608854e-06,1.782458056978418,1.7825,-0.0002706004031016215,5.050796589589277e-06
3.506289206608854e-06,1.782458056977071,1.7825,-0.000270600412050207,5.050796584614937e-06
3.508289206608854e-06,1.782458056980074,1.7825,-0.0002706004031813388,5.050796589550334e-06
3.510289206608855e-06,1.782458056979114,1.7825,-0.0002706004119836485,5.050796584606177e-06
3.512289206608855e-06,1.782458056982511,1.7825,-0.0002706004032344341,5.050796589563967e-06
3.514289206608855e-06,1.78245805698185,1.7825,-0.0002706004119303608,5.050796584663049e-06
3.516289206608855e-06,1.782458056985365,1.7825,-0.0002706004032742174,5.050796589564477e-06
3.518289206608855e-06,1.782458056985067,1.7825,-0.0002706004118903517,5.050796584623608e-06
3.520289206608855e-06,1.78245805698902,1.7825,-0.0002706004033538603,5.050796589515461e-06
3.522289206608855e-06,1.782458056988726,1.7825,-0.0002706004118104367,5.050796584650007e-06
3.524289206608856e-06,1.782458056992387,1.7825,-0.0002706004034202175,5.050796589498283e-06
3.526289206608856e-06,1.782458056991998,1.7825,-0.000270600411783722,5.050796584607381e-06
3.528289206608856e-06,1.782458056995584,1.7825,-0.000270600403486581,5.050796589480028e-06
3.530289206608856e-06,1.782458056994983,1.7825,-0.0002706004117171285,5.050796584675655e-06
3.532289206608856e-06,1.782458056998069,1.7825,-0.0002706004035130815,5.050796589502352e-06
3.534289206608856e-06,1.782458056997088,1.7825,-0.0002706004116638642,5.050796584661847e-06
3.536289206608857e-06,1.78245805699996,1.7825,-0.0002706004036060866,5.050796589486649e-06
3.538289206608857e-06,1.782458056998644,1.7825,-0.0002706004115840275,5.050796584700689e-06
3.540289206608857e-06,1.78245805700103,1.7825,-0.0002706004036592327,5.050796589439418e-06
3.542289206608857e-06,1.782458056999151,1.7825,-0.0002706004115175261,5.050796584662408e-06
3.544289206608857e-06,1.782458057000752,1.7825,-0.0002706004037257256,5.05079658943636e-06
3.546289206608857e-06,1.782458056998216,1.7825,-0.000270600411464375,5.050796584656597e-06
3.548289206608857e-06,1.782458056999699,1.7825,-0.0002706004037523577,5.050796589396248e-06
3.550289206608858e-06,1.782458056997544,1.7825,-0.0002706004114245105,5.050796584675071e-06
3.552289206608858e-06,1.782458056999329,1.7825,-0.0002706004038321504,5.050796589432567e-06
3.554289206608858e-06,1.782458056997368,1.7825,-0.0002706004113713311,5.050796584731016e-06
3.556289206608858e-06,1.782458056999387,1.7825,-0.0002706004038720376,5.050796589392961e-06
3.558289206608858e-06,1.782458056997638,1.7825,-0.0002706004113181351,5.050796584706242e-06
3.560289206608858e-06,1.782458056999871,1.7825,-0.0002706004039385021,5.050796589392541e-06
3.562289206608858e-06,1.782458056998452,1.7825,-0.0002706004112516223,5.050796584710381e-06
3.564289206608859e-06,1.78245805700076,1.7825,-0.000270600403991655,5.050796589364438e-06
3.566289206608859e-06,1.782458056999287,1.7825,-0.0002706004111718124,5.050796584709217e-06
3.568289206608859e-06,1.782458057001784,1.7825,-0.0002706004040315063,5.050796589403527e-06
3.570289206608859e-06,1.782458057000675,1.7825,-0.0002706004111451678,5.050796584805976e-06
3.572289206608859e-06,1.782458057003374,1.7825,-0.0002706004040979296,5.05079658943321e-06
3.574289206608859e-06,1.782458057002415,1.7825,-0.0002706004111052137,5.05079658482043e-06
3.57628920660886e-06,1.782458057005195,1.7825,-0.0002706004041377513,5.050796589411275e-06
3.57828920660886e-06,1.782458057004303,1.7825,-0.0002706004110253645,5.050796584831411e-06
3.58028920660886e-06,1.782458057007,1.7825,-0.0002706004042174631,5.050796589394272e-06
3.58228920660886e-06,1.78245805700592,1.7825,-0.0002706004109455255,5.050796584808192e-06
3.58428920660886e-06,1.782458057008495,1.7825,-0.0002706004042440005,5.050796589364481e-06
3.58628920660886e-06,1.782458057007409,1.7825,-0.0002706004109321736,5.050796584796177e-06
3.58828920660886e-06,1.782458057009642,1.7825,-0.0002706004043104402,5.050796589324892e-06
3.590289206608861e-06,1.782458057007955,1.7825,-0.0002706004108789673,5.050796584829235e-06
3.592289206608861e-06,1.782458057009766,1.7825,-0.0002706004043503251,5.050796589360943e-06
3.594289206608861e-06,1.782458057007824,1.7825,-0.0002706004108257862,5.050796584848897e-06
3.596289206608861e-06,1.782458057009737,1.7825,-0.0002706004044301051,5.050796589340413e-06
3.598289206608861e-06,1.782458057008182,1.7825,-0.0002706004107858835,5.05079658484166e-06
3.600289206608861e-06,1.782458057010059,1.7825,-0.0002706004044566861,5.050796589313111e-06
3.602289206608862e-06,1.782458057008371,1.7825,-0.0002706004107326905,5.050796584843342e-06
3.604289206608862e-06,1.782458057010161,1.7825,-0.0002706004045231647,5.050796589273319e-06
3.606289206608862e-06,1.782458057008329,1.7825,-0.0002706004106662096,5.050796584834934e-06
3.608289206608862e-06,1.782458057009926,1.7825,-0.0002706004045630629,5.050796589283605e-06
3.610289206608862e-06,1.782458057008025,1.7825,-0.0002706004106263315,5.050796584886103e-06
3.612289206608862e-06,1.782458057009662,1.7825,-0.0002706004046295551,5.050796589297266e-06
3.614289206608862e-06,1.782458057007695,1.7825,-0.0002706004105598613,5.050796584874393e-06
3.616289206608863e-06,1.782458057009136,1.7825,-0.0002706004046694641,5.050796589284513e-06
3.618289206608863e-06,1.782458057007107,1.7825,-0.0002706004104934007,5.050796584874564e-06
3.620289206608863e-06,1.782458057008621,1.7825,-0.0002706004047359658,5.050796589230762e-06
3.622289206608863e-06,1.782458057006702,1.7825,-0.0002706004104535263,5.050796584884165e-06
3.624289206608863e-06,1.78245805700804,1.7825,-0.0002706004047625804,5.050796589277407e-06
3.626289206608863e-06,1.782458057005924,1.7825,-0.0002706004104269623,5.050796584939566e-06
3.628289206608863e-06,1.782458057007296,1.7825,-0.000270600404815794,5.050796589238642e-06
3.630289206608864e-06,1.782458057005618,1.7825,-0.0002706004103604912,5.050796584916349e-06
3.632289206608864e-06,1.782458057007495,1.7825,-0.000270600404855676,5.050796589230273e-06
3.634289206608864e-06,1.782458057005978,1.7825,-0.0002706004103072919,5.050796584913358e-06
3.636289206608864e-06,1.782458057007925,1.7825,-0.0002706004049221425,5.050796589195277e-06
3.638289206608864e-06,1.782458057006857,1.7825,-0.0002706004102673697,5.050796584953919e-06
3.640289206608864e-06,1.782458057009133,1.7825,-0.00027060040498858,5.050796589237588e-06
3.642289206608865e-06,1.782458057007852,1.7825,-0.0002706004102141468,5.050796584957112e-06
3.644289206608865e-06,1.782458057009651,1.7825,-0.0002706004050151537,5.050796589230792e-06
3.646289206608865e-06,1.782458057008112,1.7825,-0.0002706004101476547,5.050796584997415e-06
3.648289206608865e-06,1.782458057009886,1.7825,-0.0002706004050816273,5.0507965892093e-06
3.650289206608865e-06,1.782458057008335,1.7825,-0.0002706004101210534,5.050796584969328e-06
3.652289206608865e-06,1.782458057010091,1.7825,-0.0002706004051082128,5.05079658916499e-06
3.654289206608865e-06,1.782458057008531,1.7825,-0.0002706004100545637,5.050796584984363e-06
3.656289206608866e-06,1.782458057010167,1.7825,-0.0002706004051746923,5.050796589219461e-06
3.658289206608866e-06,1.782458057008667,1.7825,-0.0002706004100013727,5.050796584999145e-06
3.660289206608866e-06,1.78245805701045,1.7825,-0.0002706004052145713,5.050796589151411e-06
3.662289206608866e-06,1.782458057009145,1.7825,-0.0002706004099614655,5.050796584995134e-06
3.664289206608866e-06,1.782458057011171,1.7825,-0.0002706004052411374,5.050796589138017e-06
3.666289206608866e-06,1.782458057010165,1.7825,-0.0002706004099614275,5.050796584999429e-06
3.668289206608866e-06,1.782458057012356,1.7825,-0.0002706004052809828,5.050796589160727e-06
3.670289206608867e-06,1.782458057011422,1.7825,-0.0002706004098683053,5.050796585023253e-06
3.672289206608867e-06,1.782458057013667,1.7825,-0.0002706004053208235,5.050796589113842e-06
3.674289206608867e-06,1.782458057012811,1.7825,-0.0002706004098416607,5.050796584992038e-06
3.676289206608867e-06,1.782458057015004,1.7825,-0.0002706004053739597,5.050796589092596e-06
3.678289206608867e-06,1.782458057014031,1.7825,-0.0002706004097884293,5.05079658501817e-06
3.680289206608867e-06,1.782458057016227,1.7825,-0.0002706004054403966,5.050796589088472e-06
3.682289206608868e-06,1.782458057015351,1.7825,-0.0002706004097484908,5.050796585043578e-06
3.684289206608868e-06,1.782458057017557,1.7825,-0.0002706004054536437,5.050796589106729e-06
3.686289206608868e-06,1.782458057016724,1.7825,-0.0002706004096819573,5.050796585067431e-06
3.688289206608868e-06,1.782458057019026,1.7825,-0.0002706004055067749,5.050796589098222e-06
3.690289206608868e-06,1.782458057018171,1.7825,-0.0002706004096553105,5.05079658508016e-06
3.692289206608868e-06,1.782458057020384,1.7825,-0.0002706004055599104,5.050796589107748e-06
3.694289206608868e-06,1.78245805701946,1.7825,-0.0002706004095887801,5.050796585105229e-06
3.696289206608869e-06,1.782458057021393,1.7825,-0.0002706004056263552,5.050796589113124e-06
3.698289206608869e-06,1.782458057020274,1.7825,-0.0002706004095488604,5.050796585100703e-06
3.700289206608869e-06,1.782458057022169,1.7825,-0.0002706004056795124,5.050796589088109e-06
3.702289206608869e-06,1.782458057020746,1.7825,-0.0002706004094823604,5.050796585117361e-06
3.704289206608869e-06,1.782458057021857,1.7825,-0.0002706004056928204,5.050796589042096e-06
3.706289206608869e-06,1.78245805701944,1.7825,-0.0002706004094425196,5.050796585070317e-06
3.708289206608869e-06,1.782458057019574,1.7825,-0.0002706004057460913,5.050796589024739e-06
3.71028920660887e-06,1.782458057016248,1.7825,-0.0002706004094293418,5.050796585130511e-06
3.71228920660887e-06,1.782458057015599,1.7825,-0.0002706004057728322,5.050796589052557e-06
3.71428920660887e-06,1.782458057011764,1.7825,-0.0002706004093763226,5.050796585151195e-06
3.71628920660887e-06,1.782458057010621,1.7825,-0.0002706004058129067,5.050796589048165e-06
3.71828920660887e-06,1.782458057006469,1.7825,-0.0002706004093366301,5.050796585136543e-06
3.72028920660887e-06,1.782458057005283,1.7825,-0.0002706004058396983,5.050796589024557e-06
3.722289206608871e-06,1.782458057001321,1.7825,-0.0002706004092836357,5.050796585161214e-06
3.724289206608871e-06,1.782458057000388,1.7825,-0.0002706004059196593,5.050796589033865e-06
3.726289206608871e-06,1.782458056996966,1.7825,-0.0002706004092439083,5.050796585187178e-06
3.728289206608871e-06,1.782458056996779,1.7825,-0.0002706004059330901,5.0507965890431e-06
3.730289206608871e-06,1.782458056994022,1.7825,-0.0002706004092174248,5.050796585185691e-06
3.732289206608871e-06,1.782458056994543,1.7825,-0.0002706004059996557,5.050796589016157e-06
3.734289206608871e-06,1.782458056992889,1.7825,-0.000270600409137688,5.050796585225058e-06
3.736289206608872e-06,1.782458056994529,1.7825,-0.0002706004060528421,5.050796589011313e-06
3.738289206608872e-06,1.782458056993804,1.7825,-0.0002706004091243575,5.05079658520596e-06
3.740289206608872e-06,1.782458056996385,1.7825,-0.0002706004060926625,5.050796588976559e-06
3.742289206608872e-06,1.782458056996576,1.7825,-0.0002706004090577719,5.050796585180975e-06
3.744289206608872e-06,1.782458056999792,1.7825,-0.0002706004061457218,5.050796588953134e-06
3.746289206608872e-06,1.782458057000217,1.7825,-0.0002706004090310435,5.050796585208521e-06
3.748289206608872e-06,1.782458057003379,1.7825,-0.0002706004061854778,5.050796588984065e-06
3.750289206608873e-06,1.782458057003875,1.7825,-0.000270600408991018,5.050796585228131e-06
3.752289206608873e-06,1.782458057007267,1.7825,-0.0002706004062119261,5.050796588955359e-06
3.754289206608873e-06,1.782458057007948,1.7825,-0.000270600408950977,5.050796585243034e-06
3.756289206608873e-06,1.782458057011359,1.7825,-0.0002706004062516633,5.050796588930414e-06
3.758289206608873e-06,1.782458057011772,1.7825,-0.0002706004089375383,5.050796585211147e-06
3.760289206608873e-06,1.78245805701449,1.7825,-0.0002706004063047329,5.050796588917243e-06
3.762289206608874e-06,1.782458057014231,1.7825,-0.0002706004088842609,5.050796585233015e-06
3.764289206608874e-06,1.782458057016426,1.7825,-0.0002706004063445503,5.050796588949992e-06
3.766289206608874e-06,1.782458057015466,1.7825,-0.0002706004088443255,5.050796585272637e-06
3.768289206608874e-06,1.782458057016724,1.7825,-0.0002706004063711322,5.050796588914288e-06
3.770289206608874e-06,1.782458057014855,1.7825,-0.0002706004088044587,5.050796585279036e-06
3.772289206608874e-06,1.782458057015456,1.7825,-0.0002706004064243653,5.050796588883039e-06
3.774289206608874e-06,1.782458057013278,1.7825,-0.0002706004087779245,5.050796585249245e-06
3.776289206608875e-06,1.782458057013823,1.7825,-0.0002706004064510191,5.050796588885601e-06
3.778289206608875e-06,1.782458057011636,1.7825,-0.0002706004087247996,5.050796585255231e-06
3.780289206608875e-06,1.782458057011924,1.7825,-0.0002706004065042756,5.050796588851583e-06
3.782289206608875e-06,1.782458057009612,1.7825,-0.0002706004086982819,5.050796585261369e-06
3.784289206608875e-06,1.782458057010025,1.7825,-0.0002706004065442357,5.050796588893186e-06
3.786289206608875e-06,1.782458057007907,1.7825,-0.0002706004086318629,5.050796585312319e-06
3.788289206608875e-06,1.782458057008384,1.7825,-0.0002706004065708897,5.050796588845423e-06
3.790289206608876e-06,1.782458057006388,1.7825,-0.0002706004086053264,5.050796585293612e-06
3.792289206608876e-06,1.782458057007108,1.7825,-0.0002706004066241231,5.050796588832903e-06
3.794289206608876e-06,1.782458057005411,1.7825,-0.0002706004085521768,5.050796585288254e-06
3.796289206608876e-06,1.782458057006367,1.7825,-0.0002706004066507436,5.050796588815945e-06
3.798289206608876e-06,1.78245805700466,1.7825,-0.0002706004085256117,5.05079658527582e-06
3.800289206608876e-06,1.782458057005549,1.7825,-0.0002706004066906635,5.050796588797866e-06
3.802289206608877e-06,1.782458057004127,1.7825,-0.0002706004084857422,5.050796585304425e-06
3.804289206608877e-06,1.782458057005468,1.7825,-0.0002706004067172595,5.050796588829814e-06
3.806289206608877e-06,1.782458057004356,1.7825,-0.0002706004084591407,5.050796585369705e-06
3.808289206608877e-06,1.782458057005814,1.7825,-0.0002706004067571361,5.050796588852177e-06
3.810289206608877e-06,1.782458057005039,1.7825,-0.0002706004084192258,5.050796585363578e-06
3.812289206608877e-06,1.782458057006968,1.7825,-0.0002706004068102791,5.050796588798985e-06
3.814289206608877e-06,1.782458057006144,1.7825,-0.0002706004083925917,5.050796585357032e-06
3.816289206608877e-06,1.782458057007557,1.7825,-0.0002706004068501467,5.050796588850884e-06
3.818289206608877e-06,1.78245805700642,1.7825,-0.000270600408352692,5.050796585408501e-06
3.820289206608877e-06,1.782458057007632,1.7825,-0.0002706004069033298,5.050796588809069e-06
3.822289206608878e-06,1.782458057006504,1.7825,-0.0002706004082995028,5.050796585387738e-06
3.824289206608878e-06,1.78245805700786,1.7825,-0.0002706004069299144,5.050796588794331e-06
3.826289206608878e-06,1.78245805700665,1.7825,-0.0002706004082463116,5.050796585403527e-06
3.828289206608878e-06,1.782458057007875,1.7825,-0.0002706004069565068,5.05079658880315e-06
3.830289206608878e-06,1.78245805700665,1.7825,-0.0002706004082197186,5.050796585418687e-06
3.832289206608878e-06,1.782458057007773,1.7825,-0.0002706004069964,5.050796588782504e-06
3.834289206608879e-06,1.782458057006511,1.7825,-0.0002706004082064272,5.050796585412898e-06
3.836289206608879e-06,1.782458057007787,1.7825,-0.0002706004070229925,5.050796588796585e-06
3.838289206608879e-06,1.782458057006572,1.7825,-0.0002706004081399425,5.050796585435445e-06
3.840289206608879e-06,1.782458057007649,1.7825,-0.0002706004070628871,5.050796588755483e-06
3.842289206608879e-06,1.782458057006365,1.7825,-0.0002706004081133573,5.050796585401509e-06
3.844289206608879e-06,1.782458057007367,1.7825,-0.000270600407102787,5.050796588734202e-06
3.846289206608879e-06,1.782458057005836,1.7825,-0.0002706004080734875,5.050796585429716e-06
3.84828920660888e-06,1.782458057006688,1.7825,-0.0002706004071028123,5.050796588687545e-06
3.85028920660888e-06,1.782458057005324,1.7825,-0.0002706004080469136,5.050796585374071e-06
3.85228920660888e-06,1.782458057006568,1.7825,-0.0002706004071560027,5.050796588687774e-06
3.85428920660888e-06,1.782458057005452,1.7825,-0.0002706004080203158,5.050796585452259e-06
3.85628920660888e-06,1.782458057006432,1.7825,-0.0002706004071826008,5.050796588707517e-06
3.85828920660888e-06,1.782458057004794,1.7825,-0.0002706004079804508,5.050796585401488e-06
3.86028920660888e-06,1.78245805700543,1.7825,-0.0002706004071959344,5.05079658864872e-06
3.862289206608881e-06,1.782458057003933,1.7825,-0.0002706004079671864,5.050796585426061e-06
3.864289206608881e-06,1.782458057004788,1.7825,-0.0002706004072491443,5.050796588669292e-06
3.866289206608881e-06,1.782458057003211,1.7825,-0.0002706004079140273,5.050796585444986e-06
3.868289206608881e-06,1.782458057003912,1.7825,-0.0002706004072890663,5.050796588655244e-06
3.870289206608881e-06,1.782458057002433,1.7825,-0.0002706004078741668,5.050796585472936e-06
3.872289206608881e-06,1.782458057003385,1.7825,-0.0002706004073555683,5.050796588723743e-06
3.874289206608882e-06,1.782458057002389,1.7825,-0.0002706004078209824,5.050796585479122e-06
3.876289206608882e-06,1.782458057003762,1.7825,-0.0002706004073555544,5.050796588645017e-06
3.878289206608882e-06,1.782458057002536,1.7825,-0.000270600407794384,5.050796585480871e-06
3.880289206608882e-06,1.782458057003209,1.7825,-0.0002706004074220574,5.050796588642219e-06
3.882289206608882e-06,1.782458057001469,1.7825,-0.0002706004077811272,5.050796585485608e-06
3.884289206608882e-06,1.782458057001953,1.7825,-0.0002706004074486971,5.0507965886281e-06
3.886289206608882e-06,1.782458057000285,1.7825,-0.0002706004077279853,5.050796585500903e-06
3.888289206608883e-06,1.782458057000974,1.7825,-0.0002706004074753264,5.050796588651216e-06
3.890289206608883e-06,1.782458056999565,1.7825,-0.0002706004077280121,5.050796585508978e-06
3.892289206608883e-06,1.78245805700048,1.7825,-0.0002706004075019378,5.050796588634229e-06
3.894289206608883e-06,1.782458056999535,1.7825,-0.0002706004076881237,5.050796585550964e-06
3.896289206608883e-06,1.782458057000832,1.7825,-0.0002706004075285176,5.050796588643268e-06
3.898289206608883e-06,1.782458056999849,1.7825,-0.0002706004076482226,5.050796585493413e-06
3.900289206608883e-06,1.782458057001266,1.7825,-0.000270600407568391,5.050796588555947e-06
3.902289206608884e-06,1.782458057000468,1.7825,-0.0002706004075950137,5.05079658552115e-06
3.904289206608884e-06,1.782458057001675,1.7825,-0.0002706004075816723,5.050796588632084e-06
3.906289206608884e-06,1.782458057000726,1.7825,-0.000270600407595004,5.050796585560511e-06
3.908289206608884e-06,1.782458057001914,1.7825,-0.0002706004076348493,5.050796588615335e-06
3.910289206608884e-06,1.782458057000883,1.7825,-0.0002706004075418123,5.050796585575837e-06
3.912289206608884e-06,1.782458057002003,1.7825,-0.000270600407661439,5.050796588628461e-06
3.914289206608885e-06,1.782458057001049,1.7825,-0.0002706004075019167,5.050796585606426e-06
3.916289206608885e-06,1.782458057002211,1.7825,-0.0002706004076880242,5.050796588601461e-06
3.918289206608885e-06,1.782458057001118,1.7825,-0.0002706004074886176,5.050796585547395e-06
3.920289206608885e-06,1.782458057002064,1.7825,-0.0002706004077412156,5.050796588549905e-06
3.922289206608885e-06,1.782458057000976,1.7825,-0.0002706004074620299,5.050796585569279e-06
3.924289206608885e-06,1.78245805700204,1.7825,-0.0002706004077678095,5.050796588544587e-06
3.926289206608885e-06,1.782458057000895,1.7825,-0.0002706004074354399,5.050796585586081e-06
3.928289206608886e-06,1.782458057001653,1.7825,-0.0002706004077944169,5.050796588578728e-06
3.930289206608886e-06,1.782458057000076,1.7825,-0.0002706004073955809,5.050796585583138e-06
3.932289206608886e-06,1.782458057000692,1.7825,-0.0002706004078077491,5.0507965885218e-06
3.934289206608886e-06,1.782458056999245,1.7825,-0.0002706004073557224,5.050796585560638e-06
3.936289206608886e-06,1.7824580569997,1.7825,-0.0002706004078609719,5.050796588521699e-06
3.938289206608886e-06,1.782458056998185,1.7825,-0.0002706004073291688,5.050796585575789e-06
3.940289206608886e-06,1.782458056998755,1.7825,-0.0002706004079008966,5.050796588480455e-06
3.942289206608887e-06,1.782458056997173,1.7825,-0.000270600407289317,5.050796585576908e-06
3.944289206608887e-06,1.782458056997689,1.7825,-0.0002706004079408257,5.05079658849853e-06
3.946289206608887e-06,1.782458056996389,1.7825,-0.0002706004072893462,5.050796585624308e-06
3.948289206608887e-06,1.782458056997182,1.7825,-0.000270600407954141,5.050796588513815e-06
3.950289206608887e-06,1.78245805699584,1.7825,-0.0002706004072494772,5.050796585640086e-06
3.952289206608887e-06,1.782458056996633,1.7825,-0.0002706004079940509,5.050796588503384e-06
3.954289206608888e-06,1.782458056995698,1.7825,-0.000270600407209593,5.050796585577708e-06
3.956289206608888e-06,1.782458056996931,1.7825,-0.0002706004080339293,5.050796588460299e-06
3.958289206608888e-06,1.782458056996006,1.7825,-0.0002706004071962851,5.050796585618865e-06
3.960289206608888e-06,1.782458056997102,1.7825,-0.0002706004080605159,5.050796588469597e-06
3.962289206608888e-06,1.782458056996546,1.7825,-0.0002706004071297825,5.050796585645931e-06
3.964289206608888e-06,1.782458056998167,1.7825,-0.0002706004080870693,5.050796588459416e-06
3.966289206608888e-06,1.782458056997706,1.7825,-0.0002706004071297393,5.050796585668814e-06
3.968289206608889e-06,1.782458056998896,1.7825,-0.0002706004081003386,5.050796588496589e-06
3.970289206608889e-06,1.782458056998039,1.7825,-0.000270600407103134,5.050796585655338e-06
3.972289206608889e-06,1.782458056998929,1.7825,-0.0002706004081269304,5.050796588450993e-06
3.974289206608889e-06,1.782458056997706,1.7825,-0.0002706004070632569,5.050796585664719e-06
3.976289206608889e-06,1.78245805699844,1.7825,-0.000270600408140245,5.050796588449413e-06
3.978289206608889e-06,1.782458056997281,1.7825,-0.0002706004070233833,5.050796585644544e-06
3.980289206608889e-06,1.782458056998095,1.7825,-0.0002706004081801474,5.050796588420463e-06
3.98228920660889e-06,1.782458056997124,1.7825,-0.0002706004069967961,5.050796585677425e-06
3.98428920660889e-06,1.782458056998161,1.7825,-0.0002706004082067378,5.050796588470707e-06
3.98628920660889e-06,1.78245805699718,1.7825,-0.0002706004069702011,5.050796585737616e-06
3.98828920660889e-06,1.782458056998276,1.7825,-0.0002706004082333266,5.050796588434616e-06
3.99028920660889e-06,1.782458056997608,1.7825,-0.0002706004069435922,5.050796585693965e-06
3.99228920660889e-06,1.782458056998692,1.7825,-0.000270600408259904,5.05079658845063e-06
3.994289206608891e-06,1.782458056997881,1.7825,-0.0002706004069036926,5.05079658572933e-06
3.996289206608891e-06,1.782458056998981,1.7825,-0.0002706004082864862,5.050796588400664e-06
3.998289206608891e-06,1.782458056998018,1.7825,-0.000270600406890391,5.050796585694387e-06
4.000289206608891e-06,1.782458056998884,1.7825,-0.0002706004083263793,5.050796588397184e-06
4.002289206608891e-06,1.782458056997921,1.7825,-0.0002706004068505052,5.050796585692767e-06
4.004289206608891e-06,1.782458056998773,1.7825,-0.0002706004083529764,5.050796588366748e-06
4.006289206608891e-06,1.782458056997664,1.7825,-0.0002706004068372182,5.050796585690407e-06
4.008289206608892e-06,1.782458056998328,1.7825,-0.000270600408379586,5.050796588332034e-06
4.010289206608892e-06,1.782458056997155,1.7825,-0.0002706004068106442,5.050796585675981e-06
4.012289206608892e-06,1.782458056997752,1.7825,-0.0002706004084194968,5.050796588356034e-06
4.014289206608892e-06,1.782458056996591,1.7825,-0.0002706004067707757,5.050796585713091e-06
4.016289206608892e-06,1.782458056997224,1.7825,-0.000270600408459406,5.050796588357789e-06
4.018289206608892e-06,1.782458056995869,1.7825,-0.0002706004067575061,5.050796585760563e-06
4.020289206608892e-06,1.782458056996453,1.7825,-0.0002706004084727311,5.050796588375911e-06
4.022289206608893e-06,1.782458056995256,1.7825,-0.000270600406704343,5.05079658573579e-06
4.024289206608893e-06,1.782458056995919,1.7825,-0.0002706004085126405,5.050796588341393e-06
4.026289206608893e-06,1.782458056994877,1.7825,-0.000270600406677764,5.050796585771193e-06
4.028289206608893e-06,1.782458056995616,1.7825,-0.0002706004085392447,5.050796588376458e-06
4.030289206608893e-06,1.782458056994449,1.7825,-0.000270600406651187,5.050796585776017e-06
4.032289206608893e-06,1.782458056995159,1.7825,-0.0002706004085658547,5.05079658837429e-06
4.034289206608894e-06,1.782458056994251,1.7825,-0.0002706004066378979,5.050796585812895e-06
4.036289206608894e-06,1.782458056995176,1.7825,-0.0002706004086057434,5.050796588335223e-06
4.038289206608894e-06,1.782458056994732,1.7825,-0.000270600406611287,5.050796585764009e-06
4.040289206608894e-06,1.782458056996156,1.7825,-0.0002706004086190036,5.050796588336702e-06
4.042289206608894e-06,1.782458056995641,1.7825,-0.0002706004065979567,5.050796585816463e-06
4.044289206608894e-06,1.782458056997008,1.7825,-0.0002706004086322683,5.050796588362563e-06
4.046289206608894e-06,1.782458056996551,1.7825,-0.0002706004065713299,5.050796585839422e-06
4.048289206608895e-06,1.782458056997529,1.7825,-0.0002706004086455454,5.050796588354244e-06
4.050289206608895e-06,1.782458056996799,1.7825,-0.0002706004065181347,5.050796585829031e-06
4.052289206608895e-06,1.782458056997823,1.7825,-0.0002706004086854239,5.050796588341049e-06
4.054289206608895e-06,1.782458056997018,1.7825,-0.0002706004064915336,5.050796585858324e-06
4.056289206608895e-06,1.782458056997941,1.7825,-0.0002706004087120125,5.050796588318793e-06
4.058289206608895e-06,1.78245805699701,1.7825,-0.0002706004064782374,5.050796585830798e-06
4.060289206608895e-06,1.782458056997663,1.7825,-0.0002706004087253193,5.050796588307517e-06
4.062289206608896e-06,1.782458056996719,1.7825,-0.0002706004064516553,5.05079658583281e-06
4.064289206608896e-06,1.782458056997453,1.7825,-0.0002706004087652166,5.050796588289359e-06
4.066289206608896e-06,1.782458056996324,1.7825,-0.000270600406425077,5.050796585818745e-06
4.068289206608896e-06,1.782458056996877,1.7825,-0.0002706004087519415,5.050796588261683e-06
4.070289206608896e-06,1.782458056995771,1.7825,-0.0002706004063719117,5.050796585849557e-06
4.072289206608896e-06,1.782458056996138,1.7825,-0.0002706004087918585,5.050796588316506e-06
4.074289206608897e-06,1.782458056994618,1.7825,-0.0002706004063719544,5.050796585877733e-06
4.076289206608897e-06,1.782458056994772,1.7825,-0.0002706004088185023,5.050796588304233e-06
4.078289206608897e-06,1.782458056993306,1.7825,-0.0002706004063188174,5.050796585895486e-06
4.080289206608897e-06,1.782458056993791,1.7825,-0.0002706004088717247,5.050796588276295e-06
4.082289206608897e-06,1.78245805699282,1.7825,-0.0002706004063055389,5.050796585870881e-06
4.084289206608897e-06,1.782458056993438,1.7825,-0.0002706004088584414,5.05079658826779e-06
4.086289206608897e-06,1.782458056992635,1.7825,-0.0002706004062922493,5.050796585882435e-06
4.088289206608898e-06,1.782458056993628,1.7825,-0.0002706004088850273,5.05079658824207e-06
4.090289206608898e-06,1.782458056992942,1.7825,-0.0002706004062523485,5.050796585870404e-06
4.092289206608898e-06,1.78245805699386,1.7825,-0.0002706004089249081,5.050796588236564e-06
4.094289206608898e-06,1.78245805699305,1.7825,-0.000270600406212455,5.050796585869194e-06
4.096289206608898e-06,1.782458056993748,1.7825,-0.0002706004089648017,5.050796588246139e-06
4.098289206608898e-06,1.782458056992996,1.7825,-0.0002706004061991605,5.050796585900143e-06
4.100289206608898e-06,1.782458056993989,1.7825,-0.0002706004089780893,5.05079658824673e-06
4.102289206608899e-06,1.782458056992966,1.7825,-0.0002706004061858652,5.050796585934425e-06
4.104289206608899e-06,1.782458056993491,1.7825,-0.0002706004089781078,5.050796588243408e-06
4.106289206608899e-06,1.78245805699272,1.7825,-0.0002706004061592814,5.050796585912192e-06
4.108289206608899e-06,1.782458056993519,1.7825,-0.0002706004090179961,5.050796588223459e-06
4.110289206608899e-06,1.782458056992779,1.7825,-0.0002706004061193897,5.050796585925151e-06
4.112289206608899e-06,1.782458056993708,1.7825,-0.0002706004090445821,5.050796588233284e-06
4.1142892066089e-06,1.782458056992776,1.7825,-0.0002706004061193898,5.05079658594764e-06
4.1162892066089e-06,1.782458056993222,1.7825,-0.0002706004090711932,5.050796588263043e-06
4.1182892066089e-06,1.78245805699209,1.7825,-0.0002706004060795259,5.050796585970328e-06
4.1202892066089e-06,1.78245805699244,1.7825,-0.0002706004090978153,5.050796588233728e-06
4.1222892066089e-06,1.78245805699116,1.7825,-0.000270600406066264,5.0507965859741e-06
4.1242892066089e-06,1.782458056991475,1.7825,-0.0002706004091111476,5.050796588205645e-06
4.1262892066089e-06,1.78245805699023,1.7825,-0.0002706004060530021,5.050796585947152e-06
4.128289206608901e-06,1.782458056990584,1.7825,-0.0002706004091510703,5.050796588199579e-06
4.130289206608901e-06,1.782458056989564,1.7825,-0.0002706004060530269,5.050796585951923e-06
4.132289206608901e-06,1.782458056990235,1.7825,-0.0002706004091643797,5.050796588171661e-06
4.134289206608901e-06,1.782458056989224,1.7825,-0.00027060040601315,5.050796585929867e-06
4.136289206608901e-06,1.782458056989699,1.7825,-0.0002706004091643997,5.050796588151569e-06
4.138289206608901e-06,1.782458056988661,1.7825,-0.000270600405959985,5.05079658595244e-06
4.140289206608901e-06,1.78245805698912,1.7825,-0.0002706004091910142,5.050796588193491e-06
4.142289206608902e-06,1.78245805698826,1.7825,-0.00027060040596,5.050796586010519e-06
4.144289206608902e-06,1.782458056989024,1.7825,-0.0002706004092176107,5.050796588176353e-06
4.146289206608902e-06,1.782458056988251,1.7825,-0.0002706004059467038,5.050796585968861e-06
4.148289206608902e-06,1.782458056989143,1.7825,-0.0002706004092574957,5.050796588173786e-06
4.150289206608902e-06,1.782458056988712,1.7825,-0.0002706004058935007,5.050796586010841e-06
4.152289206608902e-06,1.782458056989672,1.7825,-0.000270600409284069,5.050796588138576e-06
4.154289206608903e-06,1.782458056989087,1.7825,-0.0002706004058934868,5.050796585963303e-06
4.156289206608903e-06,1.782458056990118,1.7825,-0.0002706004092973489,5.050796588135681e-06
4.158289206608903e-06,1.782458056989727,1.7825,-0.0002706004058535735,5.050796586004145e-06
4.160289206608903e-06,1.782458056990774,1.7825,-0.000270600409310621,5.050796588027927e-06
4.162289206608903e-06,1.782458056990309,1.7825,-0.0002706004058535518,5.050796585871803e-06
4.164289206608903e-06,1.782458056991265,1.7825,-0.0002706004093371957,5.05079658807226e-06
4.166289206608903e-06,1.782458056990498,1.7825,-0.0002706004058003589,5.050796585977378e-06
4.168289206608904e-06,1.782458056990798,1.7825,-0.0002706004093505096,5.050796588155245e-06
4.170289206608904e-06,1.782458056989426,1.7825,-0.0002706004057871022,5.050796586182099e-06
4.172289206608904e-06,1.782458056989653,1.7825,-0.0002706004093638487,5.050796588294373e-06
4.174289206608904e-06,1.782458056988333,1.7825,-0.0002706004057605499,5.050796586114935e-06
4.176289206608904e-06,1.782458056988674,1.7825,-0.000270600409417071,5.050796588055867e-06
4.178289206608904e-06,1.782458056987973,1.7825,-0.0002706004057472668,5.050796585887457e-06
4.180289206608905e-06,1.782458056988784,1.7825,-0.0002706004094436599,5.0507965878983e-06
4.182289206608905e-06,1.782458056988005,1.7825,-0.0002706004057206727,5.05079658579973e-06
4.184289206608905e-06,1.782458056988496,1.7825,-0.0002706004094569671,5.050796587841584e-06
4.186289206608905e-06,1.782458056987281,1.7825,-0.0002706004057206996,5.050796585746036e-06
4.188289206608905e-06,1.782458056987319,1.7825,-0.0002706004094703073,5.050796587818012e-06
4.190289206608905e-06,1.782458056985794,1.7825,-0.000270600405694162,5.050796585765479e-06
4.192289206608905e-06,1.782458056985615,1.7825,-0.0002706004094570742,5.050796587763762e-06
4.194289206608906e-06,1.782458056983956,1.7825,-0.0002706004056809339,5.050796585724223e-06
4.196289206608906e-06,1.782458056983699,1.7825,-0.0002706004094837385,5.050796587763789e-06
4.198289206608906e-06,1.782458056981961,1.7825,-0.0002706004056544151,5.050796585751611e-06
4.200289206608906e-06,1.782458056981556,1.7825,-0.0002706004094971147,5.050796587787159e-06
4.202289206608906e-06,1.782458056980071,1.7825,-0.000270600405614596,5.050796585770091e-06
4.204289206608906e-06,1.782458056980239,1.7825,-0.0002706004095503497,5.050796587806786e-06
4.206289206608906e-06,1.782458056979165,1.7825,-0.0002706004056146297,5.050796585801971e-06
4.208289206608907e-06,1.782458056979585,1.7825,-0.000270600409550374,5.05079658776687e-06
4.210289206608907e-06,1.782458056978725,1.7825,-0.000270600405588053,5.050796585770411e-06
4.212289206608907e-06,1.782458056979382,1.7825,-0.000270600409563678,5.05079658775946e-06
4.214289206608907e-06,1.782458056978907,1.7825,-0.0002706004055614532,5.050796585810488e-06
4.216289206608907e-06,1.782458056979901,1.7825,-0.0002706004096035482,5.050796587776261e-06
4.218289206608907e-06,1.782458056979606,1.7825,-0.0002706004055481307,5.05079658581989e-06
4.220289206608908e-06,1.782458056980807,1.7825,-0.0002706004096035145,5.050796587767943e-06
4.222289206608908e-06,1.782458056980816,1.7825,-0.0002706004055214928,5.050796585941698e-06
4.224289206608908e-06,1.782458056982118,1.7825,-0.0002706004096566517,5.05079658796179e-06
4.226289206608908e-06,1.782458056982034,1.7825,-0.0002706004055480405,5.050796586071554e-06
4.228289206608908e-06,1.782458056983452,1.7825,-0.0002706004096566021,5.050796587992363e-06
4.230289206608908e-06,1.782458056983759,1.7825,-0.0002706004054814939,5.050796586100102e-06
4.232289206608908e-06,1.782458056985867,1.7825,-0.0002706004096831051,5.050796588021081e-06
4.234289206608909e-06,1.78245805698684,1.7825,-0.0002706004054813792,5.050796586097889e-06
4.236289206608909e-06,1.782458056988999,1.7825,-0.0002706004097228781,5.050796588025122e-06
4.238289206608909e-06,1.782458056989886,1.7825,-0.0002706004054546729,5.050796586122363e-06
4.240289206608909e-06,1.782458056992319,1.7825,-0.0002706004097493476,5.050796588036384e-06
4.242289206608909e-06,1.782458056993414,1.7825,-0.0002706004054146523,5.050796586147283e-06
4.244289206608909e-06,1.78245805699534,1.7825,-0.0002706004097492353,5.050796588045613e-06
4.246289206608909e-06,1.782458056995575,1.7825,-0.0002706004054145719,5.050796586169329e-06
4.24828920660891e-06,1.782458056996618,1.7825,-0.0002706004097491877,5.050796588024195e-06
4.25028920660891e-06,1.782458056996056,1.7825,-0.000270600405414554,5.050796586115161e-06
4.25228920660891e-06,1.782458056996749,1.7825,-0.0002706004097890723,5.05079658794023e-06
4.25428920660891e-06,1.782458056995891,1.7825,-0.0002706004053746706,5.050796586094813e-06
4.25628920660891e-06,1.782458056996072,1.7825,-0.0002706004097890974,5.050796587991014e-06
4.25828920660891e-06,1.782458056994866,1.7825,-0.0002706004053481158,5.05079658616139e-06
4.260289206608911e-06,1.78245805699486,1.7825,-0.0002706004098157355,5.050796588001588e-06
4.262289206608911e-06,1.782458056993536,1.7825,-0.0002706004053481653,5.050796586168645e-06
4.264289206608911e-06,1.782458056993538,1.7825,-0.0002706004098556742,5.050796587989293e-06
4.266289206608911e-06,1.782458056992253,1.7825,-0.00027060040532162,5.05079658616261e-06
4.268289206608911e-06,1.782458056992149,1.7825,-0.0002706004098557258,5.050796587983389e-06
4.270289206608911e-06,1.782458056990809,1.7825,-0.0002706004052950808,5.050796586181616e-06
4.272289206608911e-06,1.782458056990855,1.7825,-0.0002706004098823669,5.050796588017342e-06
4.274289206608912e-06,1.782458056989658,1.7825,-0.0002706004052818272,5.050796586202442e-06
4.276289206608912e-06,1.7824580569898,1.7825,-0.0002706004099355922,5.050796587991077e-06
4.278289206608912e-06,1.782458056988675,1.7825,-0.0002706004052818637,5.050796586198257e-06
4.280289206608912e-06,1.782458056989074,1.7825,-0.0002706004099223226,5.050796587966936e-06
4.282289206608912e-06,1.78245805698831,1.7825,-0.0002706004052419878,5.050796586178455e-06
4.284289206608912e-06,1.782458056988893,1.7825,-0.0002706004099489223,5.050796587954832e-06
4.286289206608912e-06,1.782458056988167,1.7825,-0.0002706004052419931,5.050796586189284e-06
4.288289206608913e-06,1.782458056988705,1.7825,-0.0002706004099755223,5.050796587927365e-06
4.290289206608913e-06,1.782458056988259,1.7825,-0.0002706004052153967,5.050796586164947e-06
4.292289206608913e-06,1.782458056988906,1.7825,-0.0002706004099888114,5.050796587927748e-06
4.294289206608913e-06,1.782458056988276,1.7825,-0.0002706004051755067,5.050796586203717e-06
4.296289206608913e-06,1.782458056988774,1.7825,-0.0002706004099888162,5.050796587979115e-06
4.298289206608913e-06,1.782458056988013,1.7825,-0.0002706004051489234,5.050796586222572e-06
4.300289206608914e-06,1.782458056988651,1.7825,-0.0002706004100154138,5.050796587951899e-06
4.302289206608914e-06,1.782458056987882,1.7825,-0.0002706004051622248,5.050796586276399e-06
4.304289206608914e-06,1.78245805698835,1.7825,-0.0002706004100287214,5.050796588006434e-06
4.306289206608914e-06,1.782458056987725,1.7825,-0.0002706004051489342,5.050796586263936e-06
4.308289206608914e-06,1.782458056988536,1.7825,-0.0002706004100420111,5.050796587945723e-06
4.310289206608914e-06,1.78245805698834,1.7825,-0.0002706004051356149,5.05079658622894e-06
4.312289206608914e-06,1.782458056989224,1.7825,-0.0002706004100818748,5.05079658791514e-06
4.314289206608915e-06,1.782458056988778,1.7825,-0.0002706004051090055,5.050796586234113e-06
4.316289206608915e-06,1.782458056989351,1.7825,-0.0002706004100951667,5.050796587894658e-06
4.318289206608915e-06,1.782458056988662,1.7825,-0.0002706004051090098,5.050796586237983e-06
4.320289206608915e-06,1.782458056989296,1.7825,-0.0002706004100951687,5.050796587938508e-06
4.322289206608915e-06,1.782458056988738,1.7825,-0.000270600405055821,5.050796586222157e-06
4.324289206608915e-06,1.782458056989169,1.7825,-0.0002706004101217664,5.050796587879647e-06
4.326289206608915e-06,1.782458056988246,1.7825,-0.0002706004050691358,5.050796586247197e-06
4.328289206608916e-06,1.782458056988357,1.7825,-0.0002706004101350931,5.050796587922372e-06
4.330289206608916e-06,1.782458056987159,1.7825,-0.0002706004050425833,5.050796586275077e-06
4.332289206608916e-06,1.782458056987225,1.7825,-0.0002706004101484316,5.050796587914815e-06
4.334289206608916e-06,1.782458056986493,1.7825,-0.0002706004050160152,5.050796586311314e-06
4.336289206608916e-06,1.782458056986921,1.7825,-0.0002706004101617395,5.050796587945603e-06
4.338289206608916e-06,1.78245805698632,1.7825,-0.0002706004050027251,5.050796586302446e-06
4.340289206608917e-06,1.782458056987136,1.7825,-0.000270600410175028,5.050796587903227e-06
4.342289206608917e-06,1.782458056986853,1.7825,-0.0002706004049894088,5.050796586249931e-06
4.344289206608917e-06,1.78245805698781,1.7825,-0.0002706004102015959,5.050796587890403e-06
4.346289206608917e-06,1.782458056987622,1.7825,-0.0002706004049760837,5.050796586277245e-06
4.348289206608917e-06,1.782458056988461,1.7825,-0.0002706004101882751,5.050796587836224e-06
4.350289206608917e-06,1.782458056988044,1.7825,-0.000270600404949475,5.050796586233851e-06
4.352289206608917e-06,1.782458056988639,1.7825,-0.0002706004102148616,5.050796587838148e-06
4.354289206608918e-06,1.782458056988032,1.7825,-0.0002706004049627719,5.05079658629999e-06
4.356289206608918e-06,1.782458056988532,1.7825,-0.0002706004102148655,5.050796587899074e-06
4.358289206608918e-06,1.782458056987816,1.7825,-0.000270600404936187,5.050796586299998e-06
4.360289206608918e-06,1.782458056988099,1.7825,-0.0002706004102547711,5.050796587864918e-06
4.362289206608918e-06,1.782458056987378,1.7825,-0.0002706004049362032,5.050796586338785e-06
4.364289206608918e-06,1.782458056988028,1.7825,-0.0002706004102813667,5.050796587920526e-06
4.366289206608918e-06,1.782458056987791,1.7825,-0.0002706004048962984,5.05079658632981e-06
4.368289206608919e-06,1.782458056988737,1.7825,-0.0002706004102813403,5.050796587875472e-06
4.370289206608919e-06,1.782458056988803,1.7825,-0.0002706004048696679,5.050796586346116e-06
4.372289206608919e-06,1.782458056989978,1.7825,-0.0002706004103211836,5.050796587885013e-06
4.374289206608919e-06,1.782458056989829,1.7825,-0.0002706004048696297,5.050796586346537e-06
4.376289206608919e-06,1.78245805699067,1.7825,-0.0002706004103211578,5.050796587874822e-06
4.378289206608919e-06,1.782458056990355,1.7825,-0.0002706004048563136,5.050796586331762e-06
4.38028920660892e-06,1.78245805699101,1.7825,-0.0002706004103211452,5.050796587822347e-06
4.38228920660892e-06,1.782458056990495,1.7825,-0.0002706004048297154,5.050796586334244e-06
4.38428920660892e-06,1.782458056991071,1.7825,-0.0002706004103211429,5.050796587895399e-06
4.38628920660892e-06,1.782458056990419,1.7825,-0.0002706004048297183,5.050796586397505e-06
4.38828920660892e-06,1.782458056990852,1.7825,-0.000270600410374337,5.050796587871249e-06
4.39028920660892e-06,1.782458056990159,1.7825,-0.0002706004048164315,5.050796586368183e-06
4.39228920660892e-06,1.782458056990562,1.7825,-0.0002706004103876443,5.050796587875533e-06
4.394289206608921e-06,1.782458056989977,1.7825,-0.0002706004047898452,5.050796586374722e-06
4.396289206608921e-06,1.782458056990563,1.7825,-0.0002706004104009408,5.050796587849325e-06
4.398289206608921e-06,1.782458056990025,1.7825,-0.0002706004048031399,5.050796586392513e-06
4.400289206608921e-06,1.782458056990547,1.7825,-0.0002706004104275344,5.050796587865963e-06
4.402289206608921e-06,1.782458056990029,1.7825,-0.0002706004047632503,5.050796586395871e-06
4.404289206608921e-06,1.782458056990691,1.7825,-0.0002706004104408254,5.050796587859481e-06
4.406289206608921e-06,1.782458056990334,1.7825,-0.000270600404763239,5.05079658640731e-06
4.408289206608922e-06,1.782458056990813,1.7825,-0.0002706004104275244,5.050796587872136e-06
4.410289206608922e-06,1.782458056990163,1.7825,-0.0002706004047499489,5.050796586437958e-06
4.412289206608922e-06,1.782458056990507,1.7825,-0.0002706004104541288,5.050796587866386e-06
4.414289206608922e-06,1.782458056989656,1.7825,-0.0002706004047233748,5.050796586368308e-06
4.416289206608922e-06,1.782458056989868,1.7825,-0.0002706004104807455,5.050796587791698e-06
4.418289206608922e-06,1.782458056989128,1.7825,-0.0002706004047233944,5.050796586403981e-06
4.420289206608923e-06,1.782458056989398,1.7825,-0.0002706004104674665,5.050796587821767e-06
4.422289206608923e-06,1.782458056988558,1.7825,-0.0002706004046968227,5.050796586386798e-06
4.424289206608923e-06,1.782458056988932,1.7825,-0.0002706004105206698,5.050796587831969e-06
4.426289206608923e-06,1.782458056988224,1.7825,-0.0002706004046835385,5.050796586400979e-06
4.428289206608923e-06,1.78245805698839,1.7825,-0.0002706004105206899,5.050796587783346e-06
4.430289206608923e-06,1.78245805698749,1.7825,-0.0002706004046835659,5.050796586371601e-06
4.432289206608923e-06,1.782458056987467,1.7825,-0.0002706004105340208,5.050796587770777e-06
4.434289206608924e-06,1.782458056986345,1.7825,-0.0002706004046836085,5.050796586378916e-06
4.436289206608924e-06,1.782458056986305,1.7825,-0.000270600410534064,5.050796587746225e-06
4.438289206608924e-06,1.782458056985118,1.7825,-0.0002706004046703577,5.050796586391662e-06
4.440289206608924e-06,1.782458056984998,1.7825,-0.0002706004105474091,5.050796587788399e-06
4.442289206608924e-06,1.782458056983918,1.7825,-0.0002706004046571058,5.050796586390977e-06
4.444289206608924e-06,1.7824580569839,1.7825,-0.0002706004105607465,5.050796587730609e-06
4.446289206608924e-06,1.782458056982987,1.7825,-0.0002706004046438439,5.050796586423971e-06
4.448289206608925e-06,1.782458056983302,1.7825,-0.0002706004105873617,5.050796587805714e-06
4.450289206608925e-06,1.782458056982812,1.7825,-0.0002706004046438504,5.050796586397378e-06
4.452289206608925e-06,1.782458056983524,1.7825,-0.0002706004105740569,5.050796587722785e-06
4.454289206608925e-06,1.782458056983373,1.7825,-0.0002706004046172366,5.050796586364893e-06
4.456289206608925e-06,1.782458056984246,1.7825,-0.0002706004106272161,5.050796587687954e-06
4.458289206608925e-06,1.782458056984346,1.7825,-0.0002706004045773109,5.050796586372821e-06
4.460289206608926e-06,1.782458056985935,1.7825,-0.0002706004106404497,5.05079658772115e-06
4.462289206608926e-06,1.782458056987232,1.7825,-0.0002706004045772036,5.050796586442539e-06
4.464289206608926e-06,1.782458056990059,1.7825,-0.0002706004106402963,5.050796587788132e-06
4.466289206608926e-06,1.782458056992052,1.7825,-0.0002706004046036173,5.050796586444783e-06
4.468289206608926e-06,1.782458056994941,1.7825,-0.0002706004106534111,5.050796587754377e-06
4.470289206608926e-06,1.782458056996707,1.7825,-0.0002706004045901477,5.050796586447486e-06
4.472289206608926e-06,1.782458056999607,1.7825,-0.000270600410693127,5.050796587736365e-06
4.474289206608927e-06,1.782458057001503,1.7825,-0.0002706004045500798,5.050796586418798e-06
4.476289206608927e-06,1.782458057004123,1.7825,-0.0002706004107062555,5.050796587718031e-06
4.478289206608927e-06,1.782458057005675,1.7825,-0.0002706004045366281,5.050796586429866e-06
4.480289206608927e-06,1.782458057008235,1.7825,-0.0002706004107061026,5.050796587693774e-06
4.482289206608927e-06,1.782458057009761,1.7825,-0.0002706004045231796,5.050796586441878e-06
4.484289206608927e-06,1.78245805701193,1.7825,-0.0002706004107059651,5.050796587768227e-06
4.486289206608927e-06,1.782458057012851,1.7825,-0.0002706004045097681,5.050796586512408e-06
4.488289206608928e-06,1.782458057014483,1.7825,-0.0002706004107324631,5.050796587762148e-06
4.490289206608928e-06,1.782458057014919,1.7825,-0.0002706004044963947,5.050796586463767e-06
4.492289206608928e-06,1.782458057015875,1.7825,-0.0002706004107324113,5.050796587722282e-06
4.494289206608928e-06,1.78245805701552,1.7825,-0.0002706004044697794,5.050796586485106e-06
4.496289206608928e-06,1.782458057016024,1.7825,-0.0002706004107457023,5.050796587728289e-06
4.498289206608928e-06,1.78245805701528,1.7825,-0.0002706004044564918,5.050796586482865e-06
4.500289206608929e-06,1.782458057015299,1.7825,-0.0002706004107723223,5.050796587726979e-06
4.502289206608929e-06,1.782458057014478,1.7825,-0.0002706004044299287,5.050796586490696e-06
4.504289206608929e-06,1.782458057014633,1.7825,-0.000270600410772347,5.050796587711842e-06
4.506289206608929e-06,1.782458057013982,1.7825,-0.0002706004044299471,5.050796586436334e-06
4.508289206608929e-06,1.782458057014384,1.7825,-0.0002706004107723562,5.050796587669933e-06
4.510289206608929e-06,1.782458057013892,1.7825,-0.0002706004044299505,5.05079658646599e-06
4.512289206608929e-06,1.78245805701433,1.7825,-0.0002706004108122477,5.050796587668406e-06
4.51428920660893e-06,1.782458057013829,1.7825,-0.0002706004044166564,5.05079658645972e-06
4.51628920660893e-06,1.78245805701427,1.7825,-0.0002706004107989535,5.050796587674794e-06
4.51828920660893e-06,1.782458057013557,1.7825,-0.0002706004043900735,5.050796586472184e-06
4.52028920660893e-06,1.782458057013381,1.7825,-0.0002706004107989865,5.05079658768943e-06
4.52228920660893e-06,1.782458057012038,1.7825,-0.00027060040439013,5.050796586489738e-06
4.52428920660893e-06,1.78245805701157,1.7825,-0.0002706004107990539,5.050796587675666e-06
4.52628920660893e-06,1.782458057010229,1.7825,-0.0002706004043636044,5.050796586502399e-06
4.528289206608931e-06,1.782458057009919,1.7825,-0.0002706004108257083,5.050796587703772e-06
4.530289206608931e-06,1.782458057008832,1.7825,-0.0002706004043902493,5.050796586515657e-06
4.532289206608931e-06,1.782458057008701,1.7825,-0.0002706004108257536,5.050796587697398e-06
4.534289206608931e-06,1.782458057007695,1.7825,-0.0002706004043504021,5.050796586547462e-06
4.536289206608931e-06,1.78245805700767,1.7825,-0.0002706004108390884,5.050796587711251e-06
4.538289206608931e-06,1.78245805700689,1.7825,-0.0002706004043371355,5.05079658655182e-06
4.540289206608932e-06,1.782458057007207,1.7825,-0.0002706004108524021,5.050796587711572e-06
4.542289206608932e-06,1.782458057006806,1.7825,-0.0002706004043238422,5.050796586569039e-06
4.544289206608932e-06,1.782458057007335,1.7825,-0.0002706004108922869,5.050796587697452e-06
4.546289206608932e-06,1.782458057007044,1.7825,-0.0002706004043238334,5.050796586481847e-06
4.548289206608932e-06,1.782458057007635,1.7825,-0.0002706004108656827,5.050796587620993e-06
4.550289206608932e-06,1.782458057007417,1.7825,-0.00027060040428393,5.05079658651835e-06
4.552289206608932e-06,1.782458057007876,1.7825,-0.0002706004108922667,5.050796587649162e-06
4.554289206608933e-06,1.782458057007286,1.7825,-0.0002706004043105279,5.050796586511367e-06
4.556289206608933e-06,1.782458057007692,1.7825,-0.0002706004108523841,5.050796587623634e-06
4.558289206608933e-06,1.782458057007329,1.7825,-0.0002706004042972297,5.050796586526938e-06
4.560289206608933e-06,1.78245805700775,1.7825,-0.0002706004109321609,5.050796587692543e-06
4.562289206608933e-06,1.782458057007249,1.7825,-0.0002706004042839363,5.05079658660169e-06
4.564289206608933e-06,1.782458057007578,1.7825,-0.0002706004109321673,5.050796587712146e-06
4.566289206608934e-06,1.782458057006971,1.7825,-0.0002706004042440571,5.050796586552327e-06
4.568289206608934e-06,1.782458057007311,1.7825,-0.0002706004109321772,5.050796587635076e-06
4.570289206608934e-06,1.78245805700693,1.7825,-0.0002706004042440587,5.050796586588365e-06
4.572289206608934e-06,1.782458057007451,1.7825,-0.000270600410958765,5.05079658767048e-06
4.574289206608934e-06,1.782458057006989,1.7825,-0.0002706004042440565,5.050796586559326e-06
4.576289206608934e-06,1.782458057007285,1.7825,-0.0002706004109454747,5.05079658766447e-06
4.578289206608934e-06,1.782458057006542,1.7825,-0.0002706004042440731,5.050796586578493e-06
4.580289206608935e-06,1.782458057006552,1.7825,-0.0002706004109587984,5.050796587627828e-06
4.582289206608935e-06,1.782458057005795,1.7825,-0.0002706004042042115,5.050796586525342e-06
4.584289206608935e-06,1.782458057006006,1.7825,-0.0002706004109721152,5.050796587588158e-06
4.586289206608935e-06,1.782458057005433,1.7825,-0.000270600404204225,5.050796586522721e-06
4.588289206608935e-06,1.782458057005808,1.7825,-0.0002706004109854191,5.05079658759515e-06
4.590289206608935e-06,1.78245805700521,1.7825,-0.0002706004042042332,5.050796586537636e-06
4.592289206608935e-06,1.782458057005423,1.7825,-0.0002706004109987299,5.050796587580272e-06
4.594289206608936e-06,1.782458057004829,1.7825,-0.0002706004041909509,5.050796586550414e-06
4.596289206608936e-06,1.782458057004848,1.7825,-0.0002706004110386407,5.050796587617327e-06
4.598289206608936e-06,1.782458057003713,1.7825,-0.000270600404151103,5.050796586557481e-06
4.600289206608936e-06,1.7824580570032,1.7825,-0.000270600411038702,5.050796587613161e-06
4.602289206608936e-06,1.782458057001879,1.7825,-0.0002706004041644676,5.050796586584564e-06
4.604289206608936e-06,1.782458057001534,1.7825,-0.000270600411038764,5.050796587626641e-06
4.606289206608937e-06,1.782458057000448,1.7825,-0.0002706004041778174,5.050796586597811e-06
4.608289206608937e-06,1.782458057000385,1.7825,-0.0002706004110388067,5.050796587611872e-06
4.610289206608937e-06,1.782458056999627,1.7825,-0.0002706004041645515,5.050796586615442e-06
4.612289206608937e-06,1.782458056999919,1.7825,-0.000270600411065417,5.05079658760675e-06
4.614289206608937e-06,1.782458056999441,1.7825,-0.0002706004041246689,5.050796586608182e-06
4.616289206608937e-06,1.78245805699984,1.7825,-0.0002706004110787164,5.050796587612415e-06
4.618289206608937e-06,1.782458056999386,1.7825,-0.0002706004040980779,5.050796586595888e-06
4.620289206608938e-06,1.782458056999559,1.7825,-0.0002706004110787269,5.050796587626322e-06
4.622289206608938e-06,1.78245805699891,1.7825,-0.0002706004041246886,5.050796586619261e-06
4.624289206608938e-06,1.782458056999062,1.7825,-0.0002706004110787454,5.050796587589973e-06
4.626289206608938e-06,1.782458056998189,1.7825,-0.0002706004040715295,5.05079658657194e-06
4.628289206608938e-06,1.782458056998186,1.7825,-0.0002706004110920745,5.050796587578807e-06
4.630289206608938e-06,1.782458056997535,1.7825,-0.0002706004040981468,5.050796586574911e-06
4.632289206608938e-06,1.782458056997624,1.7825,-0.0002706004110920954,5.050796587547325e-06
4.634289206608939e-06,1.782458056996765,1.7825,-0.0002706004040981755,5.050796586607496e-06
4.636289206608939e-06,1.782458056996618,1.7825,-0.0002706004111054293,5.05079658759787e-06
4.638289206608939e-06,1.782458056995679,1.7825,-0.0002706004040317334,5.05079658660097e-06
4.640289206608939e-06,1.782458056995567,1.7825,-0.0002706004111187649,5.050796587525773e-06
4.642289206608939e-06,1.782458056994773,1.7825,-0.0002706004040583601,5.050796586559304e-06
4.644289206608939e-06,1.782458056994864,1.7825,-0.0002706004111320875,5.050796587515071e-06
4.64628920660894e-06,1.782458056994024,1.7825,-0.0002706004040583879,5.050796586546093e-06
4.64828920660894e-06,1.782458056993883,1.7825,-0.000270600411158717,5.050796587500277e-06
4.65028920660894e-06,1.782458056992919,1.7825,-0.0002706004040318361,5.05079658656472e-06
4.65228920660894e-06,1.782458056992686,1.7825,-0.0002706004111587615,5.050796587515625e-06
4.65428920660894e-06,1.782458056991704,1.7825,-0.0002706004040318812,5.050796586569222e-06
4.65628920660894e-06,1.782458056991594,1.7825,-0.0002706004111588021,5.050796587509482e-06
4.65828920660894e-06,1.782458056990759,1.7825,-0.00027060040401862,5.050796586594046e-06
4.660289206608941e-06,1.782458056990701,1.7825,-0.0002706004111854283,5.050796587533146e-06
4.662289206608941e-06,1.782458056989973,1.7825,-0.0002706004040186492,5.05079658659257e-06
4.664289206608941e-06,1.782458056990071,1.7825,-0.0002706004111854518,5.050796587490612e-06
4.666289206608941e-06,1.782458056989458,1.7825,-0.0002706004040186684,5.050796586599841e-06
4.668289206608941e-06,1.782458056989812,1.7825,-0.0002706004111987578,5.050796587521992e-06
4.670289206608941e-06,1.782458056989787,1.7825,-0.0002706004040186561,5.050796586596501e-06
4.672289206608941e-06,1.782458056990815,1.7825,-0.0002706004112253135,5.05079658752229e-06
4.674289206608942e-06,1.782458056991307,1.7825,-0.0002706004040053031,5.050796586615115e-06
4.676289206608942e-06,1.782458056992724,1.7825,-0.0002706004112252426,5.0507965875017e-06
4.678289206608942e-06,1.78245805699326,1.7825,-0.0002706004039786375,5.050796586629969e-06
4.680289206608942e-06,1.7824580569946,1.7825,-0.0002706004112251727,5.05079658753245e-06
4.682289206608942e-06,1.782458056995231,1.7825,-0.0002706004039785641,5.050796586628632e-06
4.684289206608942e-06,1.782458056996316,1.7825,-0.0002706004112251089,5.050796587495096e-06
4.686289206608943e-06,1.782458056996489,1.7825,-0.0002706004039785174,5.050796586636598e-06
4.688289206608943e-06,1.782458056997056,1.7825,-0.0002706004112649708,5.050796587535291e-06
4.690289206608943e-06,1.782458056996827,1.7825,-0.0002706004039785048,5.050796586631295e-06
4.692289206608943e-06,1.78245805699745,1.7825,-0.0002706004112383632,5.05079658752758e-06
4.694289206608943e-06,1.782458056997412,1.7825,-0.00027060040395189,5.050796586668624e-06
4.696289206608943e-06,1.782458056998071,1.7825,-0.0002706004112383402,5.05079658752838e-06
4.698289206608943e-06,1.782458056997841,1.7825,-0.0002706004039385776,5.050796586688268e-06
4.700289206608944e-06,1.782458056998563,1.7825,-0.0002706004112649148,5.050796587542379e-06
4.702289206608944e-06,1.782458056998792,1.7825,-0.0002706004039252458,5.050796586680372e-06
4.704289206608944e-06,1.782458057000036,1.7825,-0.000270600411291453,5.050796587542677e-06
4.706289206608944e-06,1.782458057000774,1.7825,-0.000270600403925172,5.050796586690503e-06
4.708289206608944e-06,1.782458057002474,1.7825,-0.0002706004112913623,5.050796587534328e-06
4.710289206608944e-06,1.782458057003472,1.7825,-0.0002706004039250716,5.050796586706175e-06
4.712289206608944e-06,1.78245805700535,1.7825,-0.0002706004113311447,5.050796587557632e-06
4.714289206608945e-06,1.782458057006692,1.7825,-0.0002706004038983588,5.050796586699905e-06
4.716289206608945e-06,1.782458057008769,1.7825,-0.0002706004113310176,5.050796587520955e-06
4.718289206608945e-06,1.782458057010127,1.7825,-0.0002706004039115276,5.050796586653005e-06
4.720289206608945e-06,1.782458057012146,1.7825,-0.0002706004113308919,5.05079658749321e-06
4.722289206608945e-06,1.78245805701335,1.7825,-0.0002706004039114077,5.050796586660418e-06
4.724289206608945e-06,1.782458057015149,1.7825,-0.0002706004113307803,5.050796587453779e-06
4.726289206608946e-06,1.782458057015929,1.7825,-0.0002706004039113118,5.050796586692353e-06
4.728289206608946e-06,1.782458057017241,1.7825,-0.0002706004113572954,5.050796587533957e-06
4.730289206608946e-06,1.782458057017672,1.7825,-0.000270600403884654,5.050796586738674e-06
4.732289206608946e-06,1.782458057018607,1.7825,-0.0002706004113572446,5.050796587545555e-06
4.734289206608946e-06,1.782458057018712,1.7825,-0.0002706004038846152,5.050796586684716e-06
4.736289206608946e-06,1.782458057019397,1.7825,-0.0002706004113439187,5.050796587469441e-06
4.738289206608946e-06,1.782458057018969,1.7825,-0.0002706004038447163,5.050796586707259e-06
4.740289206608947e-06,1.782458057018883,1.7825,-0.0002706004113439379,5.050796587509472e-06
4.742289206608947e-06,1.782458057017716,1.7825,-0.0002706004038580593,5.050796586682744e-06
4.744289206608947e-06,1.78245805701712,1.7825,-0.0002706004113440034,5.050796587479459e-06
4.746289206608947e-06,1.78245805701571,1.7825,-0.000270600403858134,5.050796586713845e-06
4.748289206608947e-06,1.782458057014804,1.7825,-0.0002706004113573861,5.050796587485554e-06
4.750289206608947e-06,1.78245805701302,1.7825,-0.0002706004038316411,5.050796586718144e-06
4.752289206608947e-06,1.782458057011793,1.7825,-0.0002706004113707945,5.050796587497794e-06
4.754289206608948e-06,1.782458057009918,1.7825,-0.000270600403791867,5.050796586718348e-06
4.756289206608948e-06,1.782458057009011,1.7825,-0.0002706004113576015,5.050796587497236e-06
4.758289206608948e-06,1.782458057007657,1.7825,-0.0002706004037919511,5.05079658673063e-06
4.760289206608948e-06,1.782458057007218,1.7825,-0.0002706004113842611,5.050796587472271e-06
4.762289206608948e-06,1.782458057006396,1.7825,-0.000270600403791998,5.050796586674534e-06
4.764289206608948e-06,1.78245805700635,1.7825,-0.0002706004113842935,5.050796587448875e-06
4.766289206608949e-06,1.782458057005685,1.7825,-0.0002706004038186175,5.050796586691017e-06
4.768289206608949e-06,1.782458057005969,1.7825,-0.0002706004113976042,5.050796587439855e-06
4.770289206608949e-06,1.782458057005613,1.7825,-0.0002706004037920271,5.050796586707292e-06
4.772289206608949e-06,1.782458057005999,1.7825,-0.000270600411397603,5.050796587461037e-06
4.774289206608949e-06,1.782458057005885,1.7825,-0.0002706004037787205,5.050796586703669e-06
4.776289206608949e-06,1.782458057006537,1.7825,-0.0002706004113975831,5.050796587422996e-06
4.778289206608949e-06,1.782458057006592,1.7825,-0.0002706004037919907,5.050796586716781e-06
4.78028920660895e-06,1.78245805700743,1.7825,-0.0002706004113975498,5.050796587465939e-06
4.78228920660895e-06,1.78245805700764,1.7825,-0.0002706004037786553,5.050796586708106e-06
4.78428920660895e-06,1.782458057008449,1.7825,-0.0002706004114241049,5.050796587417446e-06
4.78628920660895e-06,1.782458057008382,1.7825,-0.0002706004037786276,5.050796586733143e-06
4.78828920660895e-06,1.782458057008846,1.7825,-0.0002706004114373866,5.05079658748103e-06
4.79028920660895e-06,1.782458057008431,1.7825,-0.0002706004037786258,5.050796586722493e-06
4.79228920660895e-06,1.782458057008524,1.7825,-0.0002706004114639915,5.050796587404208e-06
4.794289206608951e-06,1.782458057007949,1.7825,-0.0002706004037786437,5.050796586692815e-06
4.796289206608951e-06,1.782458057008117,1.7825,-0.0002706004114507102,5.050796587416702e-06
4.798289206608951e-06,1.782458057007546,1.7825,-0.0002706004037387693,5.050796586742651e-06
4.800289206608951e-06,1.782458057007466,1.7825,-0.0002706004114640309,5.050796587443933e-06
4.802289206608951e-06,1.782458057006501,1.7825,-0.0002706004037255116,5.050796586742577e-06
4.804289206608951e-06,1.782458057006294,1.7825,-0.0002706004114640745,5.050796587462209e-06
4.806289206608952e-06,1.782458057005463,1.7825,-0.0002706004037521432,5.050796586769447e-06
4.808289206608952e-06,1.782458057005357,1.7825,-0.0002706004114641093,5.050796587446043e-06
4.810289206608952e-06,1.782458057004633,1.7825,-0.0002706004037388776,5.050796586778043e-06
4.812289206608952e-06,1.782458057004653,1.7825,-0.0002706004114907286,5.050796587480604e-06
4.814289206608952e-06,1.782458057004076,1.7825,-0.0002706004037123054,5.05079658678154e-06
4.816289206608952e-06,1.782458057004128,1.7825,-0.0002706004114774515,5.050796587444611e-06
4.818289206608952e-06,1.782458057003584,1.7825,-0.0002706004036990272,5.05079658672347e-06
4.820289206608953e-06,1.782458057003735,1.7825,-0.0002706004114774662,5.050796587381492e-06
4.822289206608953e-06,1.782458057003187,1.7825,-0.0002706004036857455,5.050796586750202e-06
4.824289206608953e-06,1.782458057003298,1.7825,-0.0002706004115040754,5.050796587435912e-06
4.826289206608953e-06,1.782458057002785,1.7825,-0.0002706004037123534,5.050796586753271e-06
4.828289206608953e-06,1.782458057002728,1.7825,-0.0002706004115040966,5.050796587406952e-06
4.830289206608953e-06,1.78245805700196,1.7825,-0.0002706004036990876,5.050796586752348e-06
4.832289206608953e-06,1.782458057002108,1.7825,-0.0002706004115041197,5.050796587429398e-06
4.834289206608954e-06,1.782458057001908,1.7825,-0.0002706004036990895,5.05079658674476e-06
4.836289206608954e-06,1.782458057002489,1.7825,-0.000270600411517402,5.050796587380546e-06
4.838289206608954e-06,1.782458057002288,1.7825,-0.0002706004036724824,5.050796586790271e-06
4.840289206608954e-06,1.782458057002555,1.7825,-0.000270600411530696,5.050796587435529e-06
4.842289206608954e-06,1.78245805700219,1.7825,-0.0002706004036591896,5.050796586749551e-06
4.844289206608954e-06,1.78245805700249,1.7825,-0.0002706004115174019,5.050796587389749e-06
4.846289206608955e-06,1.782458057002091,1.7825,-0.0002706004036591933,5.050796586788703e-06
4.848289206608955e-06,1.782458057002273,1.7825,-0.000270600411544003,5.05079658742265e-06
4.850289206608955e-06,1.782458057001893,1.7825,-0.0002706004036459042,5.050796586773612e-06
4.852289206608955e-06,1.782458057002005,1.7825,-0.0002706004115573095,5.050796587398961e-06
4.854289206608955e-06,1.782458057001513,1.7825,-0.0002706004036592148,5.050796586799734e-06
4.856289206608955e-06,1.782458057001734,1.7825,-0.0002706004115440231,5.050796587430138e-06
4.858289206608955e-06,1.782458057001341,1.7825,-0.0002706004036459247,5.050796586784219e-06
4.860289206608956e-06,1.782458057001548,1.7825,-0.0002706004115573264,5.050796587420197e-06
4.862289206608956e-06,1.782458057001146,1.7825,-0.0002706004036459319,5.050796586808486e-06
4.864289206608956e-06,1.782458057001467,1.7825,-0.000270600411570626,5.050796587396955e-06
4.866289206608956e-06,1.782458057001187,1.7825,-0.0002706004036459304,5.050796586757947e-06
4.868289206608956e-06,1.78245805700157,1.7825,-0.0002706004115573256,5.050796587365305e-06
4.870289206608956e-06,1.782458057001295,1.7825,-0.0002706004036326299,5.050796586759917e-06
4.872289206608956e-06,1.782458057001613,1.7825,-0.0002706004115706205,5.050796587375162e-06
4.874289206608957e-06,1.782458057001279,1.7825,-0.000270600403619334,5.050796586771763e-06
4.876289206608957e-06,1.782458057001393,1.7825,-0.0002706004115972217,5.050796587354446e-06
4.878289206608957e-06,1.782458057000774,1.7825,-0.0002706004036060564,5.050796586775317e-06
4.880289206608957e-06,1.782458057000843,1.7825,-0.0002706004115706492,5.050796587351219e-06
4.882289206608957e-06,1.782458057000378,1.7825,-0.0002706004036193675,5.050796586769541e-06
4.884289206608957e-06,1.782458057000565,1.7825,-0.0002706004115706595,5.050796587354786e-06
4.886289206608958e-06,1.782458057000085,1.7825,-0.000270600403606082,5.050796586767447e-06
4.888289206608958e-06,1.782458057000091,1.7825,-0.0002706004115972701,5.050796587363121e-06
4.890289206608958e-06,1.782458056999491,1.7825,-0.0002706004035928076,5.05079658678221e-06
4.892289206608958e-06,1.782458056999534,1.7825,-0.0002706004115972908,5.050796587341177e-06
4.894289206608958e-06,1.782458056998974,1.7825,-0.0002706004036061233,5.050796586793229e-06
4.896289206608958e-06,1.782458056999078,1.7825,-0.0002706004115973078,5.050796587384692e-06
4.898289206608958e-06,1.782458056998544,1.7825,-0.0002706004035795463,5.050796586788225e-06
4.900289206608959e-06,1.782458056998487,1.7825,-0.0002706004116372193,5.050796587340371e-06
4.902289206608959e-06,1.782458056997912,1.7825,-0.0002706004035662733,5.050796586813544e-06
4.904289206608959e-06,1.782458056998075,1.7825,-0.000270600411623938,5.050796587396255e-06
4.906289206608959e-06,1.782458056997639,1.7825,-0.00027060040357958,5.050796586814693e-06
4.908289206608959e-06,1.782458056997814,1.7825,-0.0002706004116239478,5.050796587369216e-06
4.910289206608959e-06,1.782458056997458,1.7825,-0.0002706004035396972,5.050796586833494e-06
4.912289206608959e-06,1.782458056997622,1.7825,-0.0002706004116239549,5.050796587378685e-06
4.91428920660896e-06,1.782458056997153,1.7825,-0.0002706004035663016,5.050796586834787e-06
4.91628920660896e-06,1.782458056997312,1.7825,-0.0002706004116239664,5.050796587377441e-06
4.91828920660896e-06,1.782458056996605,1.7825,-0.0002706004035530255,5.050796586838719e-06
4.92028920660896e-06,1.782458056996512,1.7825,-0.0002706004116239962,5.050796587380794e-06
4.92228920660896e-06,1.782458056996095,1.7825,-0.0002706004035530444,5.050796586841616e-06
4.92428920660896e-06,1.782458056996299,1.7825,-0.000270600411650597,5.05079658737501e-06
4.926289206608961e-06,1.782458056995845,1.7825,-0.0002706004035264607,5.050796586845063e-06
4.928289206608961e-06,1.782458056995972,1.7825,-0.0002706004116506093,5.05079658736355e-06
4.930289206608961e-06,1.782458056995529,1.7825,-0.0002706004035397689,5.050796586819148e-06
4.932289206608961e-06,1.782458056995463,1.7825,-0.0002706004116639248,5.050796587366787e-06
4.934289206608961e-06,1.782458056994829,1.7825,-0.000270600403513202,5.05079658686365e-06
4.936289206608961e-06,1.782458056994841,1.7825,-0.0002706004116639478,5.050796587376219e-06
4.938289206608961e-06,1.782458056994376,1.7825,-0.0002706004035132189,5.050796586837745e-06
4.940289206608962e-06,1.782458056994562,1.7825,-0.0002706004116506617,5.050796587342906e-06
4.942289206608962e-06,1.782458056994061,1.7825,-0.0002706004035132306,5.050796586813194e-06
4.944289206608962e-06,1.782458056994138,1.7825,-0.0002706004116772704,5.050796587327917e-06
4.946289206608962e-06,1.782458056993548,1.7825,-0.0002706004034999532,5.050796586823798e-06
4.948289206608962e-06,1.782458056993407,1.7825,-0.0002706004116905942,5.050796587301775e-06
4.950289206608962e-06,1.782458056992802,1.7825,-0.0002706004035132775,5.050796586836368e-06
4.952289206608963e-06,1.782458056992796,1.7825,-0.0002706004116640239,5.050796587378853e-06
4.954289206608963e-06,1.782458056992214,1.7825,-0.0002706004035132993,5.050796586889288e-06
4.956289206608963e-06,1.782458056992256,1.7825,-0.0002706004116773405,5.050796587380978e-06
4.958289206608963e-06,1.782458056991735,1.7825,-0.0002706004035000207,5.050796586838391e-06
4.960289206608963e-06,1.782458056991894,1.7825,-0.0002706004116906504,5.050796587309385e-06
4.962289206608963e-06,1.782458056991727,1.7825,-0.0002706004034867244,5.050796586864681e-06
4.964289206608963e-06,1.782458056992247,1.7825,-0.0002706004117172303,5.050796587354241e-06
4.966289206608964e-06,1.78245805699216,1.7825,-0.0002706004034601154,5.050796586840606e-06
4.968289206608964e-06,1.782458056992629,1.7825,-0.0002706004116906231,5.050796587294254e-06
4.970289206608964e-06,1.782458056992569,1.7825,-0.0002706004034999897,5.0507965867869e-06
4.972289206608964e-06,1.782458056993239,1.7825,-0.0002706004117171933,5.050796587285251e-06
4.974289206608964e-06,1.782458056993397,1.7825,-0.0002706004034866623,5.050796586869878e-06
4.976289206608964e-06,1.78245805699391,1.7825,-0.0002706004117038719,5.050796587372803e-06
4.978289206608964e-06,1.782458056993717,1.7825,-0.0002706004034866504,5.050796586855001e-06
4.980289206608965e-06,1.78245805699405,1.7825,-0.0002706004117038668,5.050796587301034e-06
4.982289206608965e-06,1.782458056993737,1.7825,-0.0002706004034733532,5.050796586833588e-06
4.984289206608965e-06,1.782458056993793,1.7825,-0.0002706004117038763,5.050796587273628e-06
4.986289206608965e-06,1.782458056993274,1.7825,-0.000270600403460074,5.050796586831174e-06
4.988289206608965e-06,1.782458056993307,1.7825,-0.0002706004117171908,5.050796587312271e-06
4.990289206608965e-06,1.782458056992815,1.7825,-0.0002706004034467946,5.050796586893678e-06
4.992289206608966e-06,1.782458056992951,1.7825,-0.0002706004117305006,5.050796587344492e-06
4.994289206608966e-06,1.782458056992467,1.7825,-0.0002706004034468075,5.050796586895871e-06
4.996289206608966e-06,1.782458056992418,1.7825,-0.0002706004117305204,5.050796587373701e-06
4.998289206608966e-06,1.782458056991914,1.7825,-0.0002706004034601245,5.050796586898088e-06
5e-06,1.782458056995808,1.7825,-0.0002706004118309875,5.050796587455143e-06
5.0001e-06,1.782436373791948,1.777499999999992,-0.0002758293394053914,5.050821493667979e-06
5.0003e-06,1.78237664742227,1.767499999999975,-0.0002805969084769872,5.050832332372511e-06
5.0007e-06,1.782244622726292,1.747499999999983,-0.0002796938486330146,5.050821780988592e-06
5.001e-06,1.782158778979434,1.7325,-0.0002804273159555286,5.050828006482369e-06
5.001073682212685e-06,1.782152299679463,1.7325,-0.0002759968575117757,5.050804226988172e-06
5.001221046638055e-06,1.782154558892632,1.7325,-0.0002711203570223705,5.05079207029511e-06
5.001515775488794e-06,1.782183585433587,1.7325,-0.0002713839067512664,5.050806876229707e-06
5.002105233190271e-06,1.782237431241689,1.7325,-0.0002714930819679328,5.050809818817812e-06
5.002855237561969e-06,1.782313672340032,1.7325,-0.00027136263985513,5.050814832524498e-06
5.004355246305366e-06,1.782463116147923,1.7325,-0.0002713566745638827,5.050806968830933e-06
5.006355246305366e-06,1.78261933883612,1.7325,-0.0002705600742882851,5.050811520050684e-06
5.008355246305366e-06,1.782653938544435,1.7325,-0.0002697145649769658,5.050812114876e-06
5.010355246305366e-06,1.78249702184677,1.7325,-0.0002681312425640591,5.050821374126768e-06
5.012355246305367e-06,1.782088478579056,1.7325,-0.0002666981824507955,5.050822591734118e-06
5.014355246305367e-06,1.781393618697696,1.7325,-0.0002647432710190989,5.050830387541053e-06
5.016355246305367e-06,1.780394082149951,1.7325,-0.0002631997268688899,5.050831162266105e-06
5.018355246305367e-06,1.779093891231891,1.7325,-0.000261334883717581,5.050839013995311e-06
5.020355246305367e-06,1.777508890740694,1.7325,-0.0002600411571366121,5.050841207992413e-06
5.022355246305367e-06,1.775670098653833,1.7325,-0.0002585218949493554,5.050850314627301e-06
5.024355246305367e-06,1.773615057562864,1.7325,-0.0002576257955542757,5.050854053583646e-06
5.026355246305368e-06,1.77139034324439,1.7325,-0.0002565287534733992,5.050863649434023e-06
5.028355246305368e-06,1.769044754941238,1.7325,-0.0002560502344035458,5.050867499012189e-06
5.030355246305368e-06,1.766630894801316,1.7325,-0.0002553671247482015,5.050875880822038e-06
5.032355246305368e-06,1.76419957686206,1.7325,-0.0002552747376721946,5.050878068048989e-06
5.034355246305368e-06,1.76180059143462,1.7325,-0.0002549647370888445,5.050883657167924e-06
5.036355246305368e-06,1.759478310215155,1.7325,-0.0002552067546705826,5.050882868750844e-06
5.038355246305368e-06,1.757272187290415,1.7325,-0.0002552137394958073,5.050884762154999e-06
5.040355246305369e-06,1.755213819206284,1.7325,-0.0002557271355835366,5.050880497958226e-06
5.042355246305369e-06,1.753327693610224,1.7325,-0.0002559850012968687,5.050878666117568e-06
5.044355246305369e-06,1.751629784395929,1.7325,-0.0002566989851682329,5.050871297151989e-06
5.046355246305369e-06,1.750128706428556,1.7325,-0.0002571348809233123,5.050866508985791e-06
5.048355246305369e-06,1.748825593173003,1.7325,-0.0002579741225772154,5.050857080002424e-06
5.050355246305369e-06,1.747715477815561,1.7325,-0.0002585123785201139,5.050850606469007e-06
5.05235524630537e-06,1.746787995051298,1.7325,-0.0002594017113956034,5.050840466902315e-06
5.05435524630537e-06,1.746028677612752,1.7325,-0.0002599696775341222,5.050833674671147e-06
5.05635524630537e-06,1.745420035659226,1.7325,-0.0002608407626534203,5.050824083675628e-06
5.05835524630537e-06,1.744942523280096,1.7325,-0.0002613760789258384,5.050818094890264e-06
5.06035524630537e-06,1.744575694979744,1.7325,-0.0002621745424591624,5.050809957030332e-06
5.06235524630537e-06,1.744298736256009,1.7325,-0.0002626316080176786,5.05080547200563e-06
5.06435524630537e-06,1.744091552490765,1.7325,-0.0002633221204330063,5.05079924929988e-06
5.066355246305371e-06,1.743934869340036,1.7325,-0.0002636754429719449,5.050796538757525e-06
5.068355246305371e-06,1.743811210853329,1.7325,-0.0002642430358137743,5.050792306002172e-06
5.070355246305371e-06,1.743704630382954,1.7325,-0.0002644866068492571,5.050791307251558e-06
5.072355246305371e-06,1.743601581473128,1.7325,-0.0002649342475711047,5.05078886852097e-06
5.074355246305371e-06,1.74349035445374,1.7325,-0.0002650777186071195,5.050789310245159e-06
5.076355246305371e-06,1.743361858945766,1.7325,-0.0002654214474990364,5.050788318815612e-06
5.078355246305371e-06,1.743208837103531,1.7325,-0.0002654846931429903,5.050789829216497e-06
5.080355246305372e-06,1.743026579282405,1.7325,-0.0002657479639007873,5.050789883051159e-06
5.082355246305372e-06,1.742811975933126,1.7325,-0.0002657555629395873,5.05079206690547e-06
5.084355246305372e-06,1.742564187156857,1.7325,-0.0002659640864295357,5.050792768372744e-06
5.086355246305372e-06,1.74228358657351,1.7325,-0.0002659407295437825,5.050795257740033e-06
5.088355246305372e-06,1.741972404828857,1.7325,-0.0002661185304777958,5.050796252329585e-06
5.090355246305372e-06,1.741633612027744,1.7325,-0.0002660857898102432,5.050798731598143e-06
5.092355246305373e-06,1.741271554817421,1.7325,-0.0002662526721917425,5.050799727814389e-06
5.094355246305373e-06,1.740890818446891,1.7325,-0.0002662271423399192,5.050801951716822e-06
5.096355246305373e-06,1.740496876690649,1.7325,-0.0002663974362691588,5.050802733107842e-06
5.098355246305373e-06,1.740094969189686,1.7325,-0.0002663900264653236,5.05080453324154e-06
5.100355246305373e-06,1.739690781240318,1.7325,-0.0002665723423379312,5.050804962598607e-06
5.102355246305373e-06,1.739289365340127,1.7325,-0.0002665884240040978,5.050806249691718e-06
5.104355246305373e-06,1.738895863474016,1.7325,-0.0002667861165980813,5.050806267728128e-06
5.106355246305374e-06,1.738514493211186,1.7325,-0.0002668262426346999,5.050807025497039e-06
5.108355246305374e-06,1.73814931818293,1.7325,-0.0002670383252864147,5.050806641279669e-06
5.110355246305374e-06,1.737803309012831,1.7325,-0.000267099290582838,5.050806916175875e-06
5.112355246305374e-06,1.73747915975599,1.7325,-0.0002673215937095456,5.050806194041145e-06
5.114355246305374e-06,1.73717842403519,1.7325,-0.000267397654523913,5.050806077709653e-06
5.116355246305374e-06,1.736902367679225,1.7325,-0.0002676240706447898,5.050805118301498e-06
5.118355246305374e-06,1.736651172320089,1.7325,-0.0002677081821213223,5.050804728229962e-06
5.120355246305375e-06,1.736424809168606,1.7325,-0.000267931867134473,5.050803648411703e-06
5.122355246305375e-06,1.736222297173786,1.7325,-0.0002680168205908363,5.050803107647073e-06
5.124355246305375e-06,1.736042580586662,1.7325,-0.0002682312429092686,5.050802020561842e-06
5.126355246305375e-06,1.735883826966844,1.7325,-0.0002683106048863148,5.050801441365303e-06
5.128355246305375e-06,1.735744291708352,1.7325,-0.0002685103580327548,5.050800443832648e-06
5.130355246305375e-06,1.735621642138183,1.7325,-0.0002685791398111162,5.050799915918317e-06
5.132355246305376e-06,1.735513795042811,1.7325,-0.0002687604615446114,5.050799078093157e-06
5.134355246305376e-06,1.735418255810919,1.7325,-0.0002688154835401237,5.050798661284995e-06
5.136355246305376e-06,1.735332918898758,1.7325,-0.0002689764693367092,5.0507980228474e-06
5.138355246305376e-06,1.735255414629894,1.7325,-0.0002690164283051181,5.050797747109035e-06
5.140355246305376e-06,1.735183866686958,1.7325,-0.0002691569658891881,5.050797319708161e-06
5.142355246305376e-06,1.735116242758367,1.7325,-0.0002691822507775163,5.050797188583293e-06
5.144355246305376e-06,1.73505106700211,1.7325,-0.0002693037382432228,5.050796960405993e-06
5.146355246305377e-06,1.734986773829389,1.7325,-0.0002693160687992534,5.050796956629287e-06
5.148355246305377e-06,1.73492237629327,1.7325,-0.000269420996964356,5.050796898382334e-06
5.150355246305377e-06,1.734856824758296,1.7325,-0.0002694229688190657,5.050796990864118e-06
5.152355246305377e-06,1.734789634422566,1.7325,-0.0002695144511688984,5.050797063292035e-06
5.154355246305377e-06,1.734720252102532,1.7325,-0.0002695090674237131,5.050797213456867e-06
5.156355246305377e-06,1.734648647545684,1.7325,-0.0002695903904001351,5.050797373242636e-06
5.158355246305378e-06,1.734574692472996,1.7325,-0.0002695806411260313,5.050797541918151e-06
5.160355246305378e-06,1.734498720926468,1.7325,-0.0002696548863874037,5.050797748001889e-06
5.162355246305378e-06,1.734420924860412,1.7325,-0.0002696434196831914,5.050797899827219e-06
5.164355246305378e-06,1.734341888809864,1.7325,-0.0002697131894860473,5.050798117599561e-06
5.166355246305378e-06,1.734262005969273,1.7325,-0.0002697020921460811,5.050798225745377e-06
5.168355246305378e-06,1.734181991961968,1.7325,-0.0002697693478358547,5.050798429157181e-06
5.170355246305378e-06,1.73410232457112,1.7325,-0.0002697600383846052,5.050798474257912e-06
5.172355246305379e-06,1.734023740497485,1.7325,-0.0002698260462859656,5.050798646404376e-06
5.174355246305379e-06,1.733946700898689,1.7325,-0.0002698192674264166,5.050798619890309e-06
5.176355246305379e-06,1.733871873945935,1.7325,-0.0002698846345947177,5.050798753907216e-06
5.178355246305379e-06,1.733799627094872,1.7325,-0.0002698805252510777,5.050798655826694e-06
5.180355246305379e-06,1.733730497156903,1.7325,-0.0002699453022107843,5.05079875271618e-06
5.182355246305379e-06,1.733664709171812,1.7325,-0.0002699435228674706,5.050798589732408e-06
5.184355246305379e-06,1.733602634596201,1.7325,-0.0002700073471404703,5.050798657146066e-06
5.18635524630538e-06,1.733544335616001,1.7325,-0.0002700072342366069,5.050798441013992e-06
5.18835524630538e-06,1.733490011263961,1.7325,-0.0002700694904351032,5.050798490088322e-06
5.19035524630538e-06,1.733439565358538,1.7325,-0.0002700702155125717,5.050798235761681e-06
5.19235524630538e-06,1.733393039695451,1.7325,-0.0002701301899265155,5.050798279882652e-06
5.19435524630538e-06,1.733350203366877,1.7325,-0.0002701309043267547,5.050798002399254e-06
5.19635524630538e-06,1.733310971971538,1.7325,-0.000270187917880637,5.050798053682453e-06
5.198355246305381e-06,1.733275015864348,1.7325,-0.0002701878695342787,5.050797766796077e-06
5.200355246305381e-06,1.7332421642844,1.7325,-0.0002702413770897993,5.050797836453098e-06
5.202355246305381e-06,1.733212030272886,1.7325,-0.0002702399911269247,5.050797551141566e-06
5.204355246305381e-06,1.73318439876586,1.7325,-0.0002702896434726818,5.050797646749013e-06
5.206355246305381e-06,1.733158866200622,1.7325,-0.0002702865641319986,5.050797370804113e-06
5.208355246305381e-06,1.733135211982567,1.7325,-0.0002703322318251989,5.050797496381414e-06
5.210355246305381e-06,1.733113051193618,1.7325,-0.0002703273289367499,5.05079723363654e-06
5.212355246305382e-06,1.733092189250708,1.7325,-0.0002703690940468471,5.050797390380918e-06
5.214355246305382e-06,1.733072286555321,1.7325,-0.0002703624403518004,5.05079714254473e-06
5.216355246305382e-06,1.733053196546811,1.7325,-0.0002704005623539686,5.05079732872231e-06
5.218355246305382e-06,1.733034641597604,1.7325,-0.0002703923906584154,5.050797093504078e-06
5.220355246305382e-06,1.733016535025577,1.7325,-0.0002704272573838988,5.050797305057488e-06
5.222355246305382e-06,1.732998667852149,1.7325,-0.0002704179061149728,5.050797079748216e-06
5.224355246305382e-06,1.732981015601587,1.7325,-0.0002704499776791671,5.050797311433539e-06
5.226355246305383e-06,1.732963435845278,1.7325,-0.0002704398349755033,5.050797091107414e-06
5.228355246305383e-06,1.732945960818988,1.7325,-0.0002704695896560035,5.050797337279561e-06
5.230355246305383e-06,1.732928505788947,1.7325,-0.0002704590419421361,5.050797117366418e-06
5.232355246305383e-06,1.732911148583641,1.7325,-0.0002704869297876493,5.050797372296784e-06
5.234355246305383e-06,1.73289384891206,1.7325,-0.0002704763209014317,5.050797148956184e-06
5.236355246305383e-06,1.732876715920863,1.7325,-0.0002705027293363139,5.050797407887627e-06
5.238355246305384e-06,1.732859738572609,1.7325,-0.0002704923322797309,5.050797177719619e-06
5.240355246305384e-06,1.73284304221986,1.7325,-0.0002705175654040533,5.050797436889377e-06
5.242355246305384e-06,1.732826630081835,1.7325,-0.0002705075683288365,5.050797197610155e-06
5.244355246305384e-06,1.732810629698135,1.7325,-0.0002705318389459653,5.05079745485911e-06
5.246355246305384e-06,1.732795045455495,1.7325,-0.0002705223431859168,5.050797206089306e-06
5.248355246305384e-06,1.732779995631107,1.7325,-0.0002705457771569748,5.050797459892808e-06
5.250355246305384e-06,1.732765475710976,1.7325,-0.0002705368059750584,5.050797201372957e-06
5.252355246305385e-06,1.732751586603507,1.7325,-0.0002705594547315252,5.050797451864012e-06
5.254355246305385e-06,1.732738308429272,1.7325,-0.0002705509689114778,5.050797184763798e-06
5.256355246305385e-06,1.732725720276195,1.7325,-0.0002705728277951048,5.050797432280091e-06
5.258355246305385e-06,1.732713784010369,1.7325,-0.0002705647452414842,5.050797158292148e-06
5.260355246305385e-06,1.732702555869736,1.7325,-0.0002705857741470849,5.050797404209539e-06
5.262355246305385e-06,1.732691979780566,1.7325,-0.000270577990294881,5.050797125320946e-06
5.264355246305385e-06,1.732682090938534,1.7325,-0.00027059813345633,5.050797370877734e-06
5.266355246305386e-06,1.73267281808884,1.7325,-0.0002705905400095281,5.05079708925885e-06
5.268355246305386e-06,1.732664179252817,1.7325,-0.0002706097434006792,5.050797336098752e-06
5.270355246305386e-06,1.732656092378879,1.7325,-0.0002706022432425938,5.05079705372106e-06
5.272355246305386e-06,1.732648563351764,1.7325,-0.0002706204674556377,5.050797302590818e-06
5.274355246305386e-06,1.732641504465248,1.7325,-0.0002706129854610896,5.050797020590952e-06
5.276355246305386e-06,1.732634914824486,1.7325,-0.0002706302139257378,5.050797272588484e-06
5.278355246305387e-06,1.732628706157848,1.7325,-0.00027062270217862,5.050796992540405e-06
5.280355246305387e-06,1.732622875775436,1.7325,-0.0002706389444940976,5.050797248075203e-06
5.282355246305387e-06,1.732617339296578,1.7325,-0.0002706313835958116,5.050796970527527e-06
5.284355246305387e-06,1.732612096333339,1.7325,-0.0002706466746354473,5.050797229634346e-06
5.286355246305387e-06,1.732607069762602,1.7325,-0.0002706390707556076,5.050796955015385e-06
5.288355246305387e-06,1.732602264414704,1.7325,-0.0002706534668047615,5.050797217118982e-06
5.290355246305387e-06,1.732597612551227,1.7325,-0.0002706458464731307,5.050796945236878e-06
5.292355246305388e-06,1.732593125809921,1.7325,-0.0002706594189598109,5.050797209801059e-06
5.294355246305388e-06,1.732588746679908,1.7325,-0.0002706518224286835,5.050796940290674e-06
5.296355246305388e-06,1.732584493995683,1.7325,-0.0002706646509129595,5.050797206469022e-06
5.298355246305388e-06,1.732580320188257,1.7325,-0.0002706571246215477,5.050796938947035e-06
5.300355246305388e-06,1.732576250652964,1.7325,-0.0002706692900580631,5.050797205834255e-06
5.302355246305388e-06,1.732572246593463,1.7325,-0.0002706618805510611,5.050796939678163e-06
5.304355246305388e-06,1.732568338591763,1.7325,-0.0002706734594274871,5.050797206728128e-06
5.306355246305389e-06,1.732564494882085,1.7325,-0.0002706662078747089,5.050796941561589e-06
5.308355246305389e-06,1.732560749439494,1.7325,-0.0002706772676192697,5.050797207881012e-06
5.310355246305389e-06,1.732557075535142,1.7325,-0.0002706702059794417,5.050796943656565e-06
5.312355246305389e-06,1.732553508619074,1.7325,-0.000270680802588011,5.050797208790512e-06
5.314355246305389e-06,1.732550025002023,1.7325,-0.0002706739520517223,5.050796944854369e-06
5.316355246305389e-06,1.732546659811047,1.7325,-0.0002706841287125951,5.050797208234675e-06
5.31835524630539e-06,1.732543390661456,1.7325,-0.0002706774992037067,5.050796944842232e-06
5.32035524630539e-06,1.732540250893587,1.7325,-0.0002706872871862435,5.050797206207915e-06
5.32235524630539e-06,1.732537218046669,1.7325,-0.0002706808784908481,5.050796943252592e-06
5.32435524630539e-06,1.732534322635919,1.7325,-0.0002706902983916931,5.050797202476415e-06
5.32635524630539e-06,1.732531541226937,1.7325,-0.000270684102128439,5.050796940245166e-06
5.32835524630539e-06,1.732528900933866,1.7325,-0.0002706931666044592,5.050797197552757e-06
5.33035524630539e-06,1.732526376910701,1.7325,-0.0002706871687769312,5.050796936232237e-06
5.332355246305391e-06,1.732523992723226,1.7325,-0.0002706958850246655,5.050797191544521e-06
5.334355246305391e-06,1.732521722090824,1.7325,-0.0002706900685359326,5.050796931399135e-06
5.336355246305391e-06,1.732519585285329,1.7325,-0.0002706984408954303,5.050797184944981e-06
5.338355246305391e-06,1.7325175548882,1.7325,-0.0002706927882181253,5.050796926362897e-06
5.340355246305391e-06,1.73251564836819,1.7325,-0.0002707008205962956,5.050797178034155e-06
5.342355246305391e-06,1.732513837685065,1.7325,-0.0002706953154742873,5.050796921548544e-06
5.344355246305391e-06,1.732512138167664,1.7325,-0.0002707030128458453,5.050797171809656e-06
5.346355246305392e-06,1.732510521775569,1.7325,-0.0002706976418247496,5.05079691702282e-06
5.348355246305392e-06,1.732509002403458,1.7325,-0.0002707050116774476,5.050797165614037e-06
5.350355246305392e-06,1.73250755263332,1.7325,-0.0002706997649100018,5.050796913305219e-06
5.352355246305392e-06,1.732506185583024,1.7325,-0.0002707068173337541,5.050797160373943e-06
5.354355246305392e-06,1.732504874995748,1.7325,-0.0002707016886073778,5.050796910481937e-06
5.356355246305392e-06,1.732503633770636,1.7325,-0.0002707084367142295,5.050797155953837e-06
5.358355246305393e-06,1.732502437225317,1.7325,-0.0002707034232145315,5.050796908439648e-06
5.360355246305393e-06,1.732501298438445,1.7325,-0.0002707098823011427,5.050797152584867e-06
5.362355246305393e-06,1.73250019455111,1.7325,-0.0002707049837864605,5.050796907579569e-06
5.364355246305393e-06,1.732499139045589,1.7325,-0.0002707111707472734,5.050797149674207e-06
5.366355246305393e-06,1.732498110982338,1.7325,-0.0002707063889740135,5.050796907031657e-06
5.368355246305393e-06,1.732497124320559,1.7325,-0.0002707123213655961,5.050797147356743e-06
5.370355246305393e-06,1.732496159970661,1.7325,-0.0002707076590047795,5.050796907235016e-06
5.372355246305394e-06,1.73249523231404,1.7325,-0.0002707133541993241,5.050797145642556e-06
5.374355246305394e-06,1.7324943239532,1.7325,-0.0002707088140114337,5.050796907558844e-06
5.376355246305394e-06,1.732493449533006,1.7325,-0.0002707142884851346,5.050797143791573e-06
5.378355246305394e-06,1.73249259308779,1.7325,-0.0002707098725762819,5.050796908313241e-06
5.380355246305394e-06,1.732491769303762,1.7325,-0.0002707151413977099,5.050797142413874e-06
5.382355246305394e-06,1.732490963386033,1.7325,-0.0002707108508699546,5.050796909138229e-06
5.384355246305394e-06,1.732490189834495,1.7325,-0.0002707159272442408,5.050797140901949e-06
5.386355246305395e-06,1.732489434724252,1.7325,-0.0002707117618345342,5.050796909877943e-06
5.388355246305395e-06,1.732488712159286,1.7325,-0.0002707166570223445,5.050797139128762e-06
5.390355246305395e-06,1.732488008853487,1.7325,-0.0002707126151113185,5.050796910353814e-06
5.392355246305395e-06,1.732487338321239,1.7325,-0.0002707173386206146,5.050797137522123e-06
5.394355246305395e-06,1.732486687711051,1.7325,-0.0002707134173296707,5.050796911103157e-06
5.396355246305395e-06,1.732486069834807,1.7325,-0.0002707179769423044,5.050797135679167e-06
5.398355246305396e-06,1.732485472135664,1.7325,-0.0002707141723941511,5.050796911279431e-06
5.400355246305396e-06,1.732484906649046,1.7325,-0.0002707185746486063,5.050797133363908e-06
5.402355246305396e-06,1.732484361042354,1.7325,-0.000270714882352889,5.05079691139935e-06
5.404355246305396e-06,1.732483846566769,1.7325,-0.0002707191327653041,5.050797131082869e-06
5.406355246305396e-06,1.732483351078239,1.7325,-0.0002707155478225786,5.050796911450086e-06
5.408355246305396e-06,1.73248288509571,1.7325,-0.0002707196514595059,5.050797129051978e-06
5.410355246305396e-06,1.7324824366989,1.7325,-0.0002707161690094669,5.050796911890281e-06
5.412355246305397e-06,1.732482015737521,1.7325,-0.0002707201304144915,5.050797126938029e-06
5.414355246305397e-06,1.73248161055048,1.7325,-0.0002707167457616231,5.050796912112266e-06
5.416355246305397e-06,1.732481230419953,1.7325,-0.0002707205696247218,5.05079712470559e-06
5.418355246305397e-06,1.732480864020334,1.7325,-0.0002707172786786554,5.050796912238846e-06
5.420355246305397e-06,1.73248052015501,1.7325,-0.0002707209696372857,5.050797122314191e-06
5.422355246305397e-06,1.732480187891283,1.7325,-0.0002707177686087006,5.050796912302221e-06
5.424355246305397e-06,1.73247987566871,1.7325,-0.0002707213316215484,5.050797120293039e-06
5.426355246305398e-06,1.732479573010186,1.7325,-0.0002707182173814535,5.050796912797614e-06
5.428355246305398e-06,1.732479288059319,1.7325,-0.0002707216576105965,5.050797118386978e-06
5.430355246305398e-06,1.732479010827542,1.7325,-0.0002707186274822747,5.050796913561654e-06
5.432355246305398e-06,1.732478749229261,1.7325,-0.0002707219501128688,5.050797117050346e-06
5.434355246305398e-06,1.732478493794208,1.7325,-0.000270719001811393,5.050796914554797e-06
5.436355246305398e-06,1.732478252247828,1.7325,-0.0002707222121119608,5.050797115502438e-06
5.438355246305399e-06,1.732478015638503,1.7325,-0.0002707193439129341,5.050796915358312e-06
5.440355246305399e-06,1.732477791523041,1.7325,-0.0002707224471134176,5.05079711405289e-06
5.442355246305399e-06,1.732477571439493,1.7325,-0.000270719657134516,5.050796916271826e-06
5.444355246305399e-06,1.732477362772474,1.7325,-0.0002707226583613259,5.050797112522195e-06
5.446355246305399e-06,1.732477157527986,1.7325,-0.0002707199450165294,5.050796917361306e-06
5.448355246305399e-06,1.732476962908351,1.7325,-0.0002707228491218158,5.050797111287459e-06
5.450355246305399e-06,1.732476771348124,1.7325,-0.000270720210765428,5.050796918336802e-06
5.4523552463054e-06,1.732476589849321,1.7325,-0.00027072302227787,5.050797109870192e-06
5.4543552463054e-06,1.732476411224712,1.7325,-0.0002707204571161209,5.050796919215087e-06
5.4563552463054e-06,1.732476242253622,1.7325,-0.0002707231802328788,5.050797108511827e-06
5.4583552463054e-06,1.732476076082993,1.7325,-0.0002707206865418453,5.050796920270575e-06
5.4603552463054e-06,1.732475919250844,1.7325,-0.0002707233251333621,5.0507971071438e-06
5.4623552463054e-06,1.73247576519222,1.7325,-0.0002707209008249206,5.050796921220628e-06
5.4643552463054e-06,1.732475620182661,1.7325,-0.0002707234584531259,5.05079710573158e-06
5.466355246305401e-06,1.732475477915631,1.7325,-0.000270721101451647,5.050796922253919e-06
5.468355246305401e-06,1.732475344397602,1.7325,-0.0002707235812801235,5.050797104329709e-06
5.470355246305401e-06,1.73247521355435,1.7325,-0.000270721289511741,5.050796922835721e-06
5.472355246305401e-06,1.732475091117305,1.7325,-0.0002707236943879122,5.050797102645757e-06
5.474355246305401e-06,1.732474971223941,1.7325,-0.0002707214656763343,5.050796923584382e-06
5.476355246305401e-06,1.732474859351551,1.7325,-0.0002707237983451868,5.050797101309747e-06
5.478355246305402e-06,1.732474749838253,1.7325,-0.0002707216305575794,5.050796924772566e-06
5.480355246305402e-06,1.732474647897896,1.7325,-0.0002707238935423857,5.050797100377771e-06
5.482355246305402e-06,1.732474548066655,1.7325,-0.0002707217844310149,5.050796925998179e-06
5.484355246305402e-06,1.732474455318138,1.7325,-0.0002707239802457525,5.05079709900239e-06
5.486355246305402e-06,1.73247436438998,1.7325,-0.0002707219278584189,5.050796926632934e-06
5.488355246305402e-06,1.732474280034938,1.7325,-0.0002707240588064853,5.050797097475041e-06
5.490355246305402e-06,1.732474197178109,1.7325,-0.000270722061139767,5.050796927616927e-06
5.492355246305403e-06,1.732474120369868,1.7325,-0.0002707241295263567,5.050797096313155e-06
5.494355246305403e-06,1.732474044742793,1.7325,-0.0002707221847899409,5.050796928610019e-06
5.496355246305403e-06,1.732473974662613,1.7325,-0.0002707241928261343,5.05079709525137e-06
5.498355246305403e-06,1.732473905457828,1.7325,-0.0002707222993215144,5.050796929726875e-06
5.500355246305403e-06,1.73247384131832,1.7325,-0.00027072424912415,5.050797093910258e-06
5.502355246305403e-06,1.732473777782203,1.7325,-0.0002707224052571889,5.050796930707688e-06
5.504355246305403e-06,1.732473718889169,1.7325,-0.0002707242990194173,5.050797092847169e-06
5.506355246305404e-06,1.73247366036937,1.7325,-0.0002707225032188034,5.050796931373073e-06
5.508355246305404e-06,1.732473606114846,1.7325,-0.0002707243431305678,5.050797091433525e-06
5.510355246305404e-06,1.732473552052162,1.7325,-0.0002707225939677858,5.050796932328692e-06
5.512355246305404e-06,1.732473501927905,1.7325,-0.0002707243820690582,5.050797090172699e-06
5.514355246305404e-06,1.732473451854573,1.7325,-0.0002707226780988949,5.050796933407665e-06
5.516355246305404e-06,1.732473405446741,1.7325,-0.0002707244163064674,5.050797089207564e-06
5.518355246305405e-06,1.732473358996608,1.7325,-0.0002707227563857492,5.050796934413079e-06
5.520355246305405e-06,1.732473315986339,1.7325,-0.0002707244465596948,5.05079708811969e-06
5.522355246305405e-06,1.732473272875424,1.7325,-0.0002707228292895579,5.050796935427528e-06
5.524355246305405e-06,1.732473233016801,1.7325,-0.0002707244731808641,5.050797087076065e-06
5.526355246305405e-06,1.73247319302191,1.7325,-0.0002707228973862237,5.050796936563168e-06
5.528355246305405e-06,1.732473156114379,1.7325,-0.0002707244968372662,5.050797086309225e-06
5.530355246305405e-06,1.73247311905438,1.7325,-0.0002707229611952117,5.050796937636803e-06
5.532355246305406e-06,1.732473084939553,1.7325,-0.0002707245176877923,5.050797085030521e-06
5.534355246305406e-06,1.732473050667841,1.7325,-0.0002707230210602794,5.050796938412555e-06
5.536355246305406e-06,1.732473019207007,1.7325,-0.0002707245362217294,5.050797083943237e-06
5.538355246305406e-06,1.732472987584901,1.7325,-0.0002707230772975647,5.05079693920514e-06
5.540355246305406e-06,1.732472958641347,1.7325,-0.0002707245524360253,5.050797082833859e-06
5.542355246305406e-06,1.732472929529121,1.7325,-0.0002707231301167983,5.050796940351131e-06
5.544355246305407e-06,1.732472902973543,1.7325,-0.000270724566779472,5.050797081979169e-06
5.546355246305407e-06,1.732472876239067,1.7325,-0.0002707231799000067,5.050796941367328e-06
5.548355246305407e-06,1.732472851929951,1.7325,-0.000270724579248952,5.050797081123108e-06
5.550355246305407e-06,1.732472827418542,1.7325,-0.0002707232266848013,5.050796942504675e-06
5.552355246305407e-06,1.732472805196589,1.7325,-0.0002707245900289996,5.050797080078587e-06
5.554355246305407e-06,1.732472782746708,1.7325,-0.0002707232706825641,5.050796943111825e-06
5.556355246305407e-06,1.732472762452479,1.7325,-0.0002707245992113338,5.05079707884931e-06
5.558355246305408e-06,1.732472741902396,1.7325,-0.0002707233120648003,5.050796943923478e-06
5.560355246305408e-06,1.732472723377069,1.7325,-0.0002707246068610647,5.050797077794519e-06
5.562355246305408e-06,1.732472704559042,1.7325,-0.0002707233508569542,5.05079694477356e-06
5.564355246305408e-06,1.732472687634692,1.7325,-0.0002707246131103473,5.050797076920601e-06
5.566355246305408e-06,1.73247267038803,1.7325,-0.0002707233873105867,5.050796945800425e-06
5.568355246305408e-06,1.732472654905869,1.7325,-0.0002707246180375483,5.050797075991638e-06
5.570355246305408e-06,1.732472639071338,1.7325,-0.000270723421464121,5.050796946698863e-06
5.572355246305409e-06,1.732472624885902,1.7325,-0.000270724621707188,5.050797075114911e-06
5.574355246305409e-06,1.732472610322137,1.7325,-0.0002707234536340459,5.050796947654035e-06
5.576355246305409e-06,1.732472597302717,1.7325,-0.0002707246243687242,5.050797074204665e-06
5.578355246305409e-06,1.732472583885884,1.7325,-0.0002707234836835689,5.050796948571342e-06
5.580355246305409e-06,1.732472571913552,1.7325,-0.0002707246260311874,5.050797073493998e-06
5.582355246305409e-06,1.732472559534321,1.7325,-0.0002707235119801861,5.050796949484641e-06
5.58435524630541e-06,1.73247254850729,1.7325,-0.0002707246268088027,5.050797072499594e-06
5.58635524630541e-06,1.732472537063167,1.7325,-0.0002707235386112755,5.050796950177716e-06
5.58835524630541e-06,1.732472526892858,1.7325,-0.0002707246268416429,5.050797071199616e-06
5.59035524630541e-06,1.73247251630516,1.7325,-0.0002707235637692099,5.050796950853238e-06
5.59235524630541e-06,1.73247250691581,1.7325,-0.0002707246261886391,5.050797070506248e-06
5.59435524630541e-06,1.732472497115638,1.7325,-0.0002707235874992601,5.050796951829696e-06
5.59635524630541e-06,1.732472488449473,1.7325,-0.0002707246249342823,5.050797069682267e-06
5.598355246305411e-06,1.732472479380244,1.7325,-0.0002707236098322729,5.050796952731289e-06
5.600355246305411e-06,1.732472471389287,1.7325,-0.000270724623188834,5.05079706903113e-06
5.602355246305411e-06,1.732472463002155,1.7325,-0.0002707236310909658,5.050796953580983e-06
5.604355246305411e-06,1.732472455634873,1.7325,-0.0002707246211022895,5.050797067989199e-06
5.606355246305411e-06,1.732472447885714,1.7325,-0.0002707236512257112,5.050796954471588e-06
5.608355246305411e-06,1.732472441105329,1.7325,-0.0002707246186377688,5.05079706735577e-06
5.610355246305411e-06,1.73247243395171,1.7325,-0.000270723670332531,5.050796955362632e-06
5.612355246305412e-06,1.732472427720725,1.7325,-0.0002707246158381347,5.050797066581855e-06
5.614355246305412e-06,1.732472421132081,1.7325,-0.0002707236884405502,5.050796956065195e-06
5.616355246305412e-06,1.732472415418951,1.7325,-0.0002707246127322907,5.050797065796357e-06
5.618355246305412e-06,1.732472409354778,1.7325,-0.0002707237056854136,5.050796956851434e-06
5.620355246305412e-06,1.73247240411706,1.7325,-0.0002707246094163977,5.050797064813255e-06
5.622355246305412e-06,1.732472398540863,1.7325,-0.0002707237220833543,5.050796957546456e-06
5.624355246305413e-06,1.732472393749036,1.7325,-0.0002707246058796148,5.050797063789616e-06
5.626355246305413e-06,1.732472388627284,1.7325,-0.0002707237376234211,5.050796958044425e-06
5.628355246305413e-06,1.732472384243786,1.7325,-0.0002707246021644763,5.050797063009117e-06
5.630355246305413e-06,1.7324723795356,1.7325,-0.0002707237524813863,5.050796958925222e-06
5.632355246305413e-06,1.732472375526725,1.7325,-0.0002707245982471635,5.050797062323844e-06
5.634355246305413e-06,1.732472371203237,1.7325,-0.0002707237665930953,5.050796959596163e-06
5.636355246305413e-06,1.732472367538424,1.7325,-0.0002707245942229626,5.050797061530433e-06
5.638355246305414e-06,1.73247236356683,1.7325,-0.0002707237800140911,5.050796960437484e-06
5.640355246305414e-06,1.732472360214964,1.7325,-0.0002707245900144724,5.050797060968126e-06
5.642355246305414e-06,1.732472356559588,1.7325,-0.0002707237928000441,5.050796961413264e-06
5.644355246305414e-06,1.732472353483725,1.7325,-0.0002707245856775803,5.050797060303563e-06
5.646355246305414e-06,1.732472350114848,1.7325,-0.0002707238049667307,5.050796962220172e-06
5.648355246305414e-06,1.732472347294513,1.7325,-0.0002707245812939323,5.050797059660825e-06
5.650355246305414e-06,1.732472344190071,1.7325,-0.0002707238165955122,5.050796962982835e-06
5.652355246305415e-06,1.732472341601868,1.7325,-0.0002707245768519231,5.05079705891875e-06
5.654355246305415e-06,1.732472338738771,1.7325,-0.0002707238276748214,5.050796963516268e-06
5.656355246305415e-06,1.732472336362026,1.7325,-0.0002707245723132911,5.050797058174825e-06
5.658355246305415e-06,1.732472333719027,1.7325,-0.0002707238383391824,5.050796964337812e-06
5.660355246305415e-06,1.732472331530829,1.7325,-0.0002707245677860508,5.050797057482682e-06
5.662355246305415e-06,1.732472329083151,1.7325,-0.0002707238484308116,5.050796964889853e-06
5.664355246305416e-06,1.732472327068158,1.7325,-0.0002707245631387298,5.050797056560819e-06
5.666355246305416e-06,1.732472324807136,1.7325,-0.0002707238581101596,5.050796965318321e-06
5.668355246305416e-06,1.732472322953366,1.7325,-0.00027072455858484,5.050797055695395e-06
5.670355246305416e-06,1.732472320863509,1.7325,-0.000270723867391545,5.050796966107307e-06
5.672355246305416e-06,1.732472319158269,1.7325,-0.0002707245540456507,5.05079705513322e-06
5.674355246305416e-06,1.732472317228045,1.7325,-0.0002707238763024619,5.050796966655838e-06
5.676355246305416e-06,1.732472315661497,1.7325,-0.0002707245494953641,5.050797054444211e-06
5.678355246305417e-06,1.732472313880827,1.7325,-0.0002707238847904652,5.050796967413044e-06
5.680355246305417e-06,1.732472312443188,1.7325,-0.0002707245449613119,5.050797053783634e-06
5.682355246305417e-06,1.732472310800661,1.7325,-0.0002707238930026047,5.050796967921556e-06
5.684355246305417e-06,1.732472309480958,1.7325,-0.0002707245404044373,5.05079705310324e-06
5.686355246305417e-06,1.732472307967218,1.7325,-0.0002707239008598577,5.050796968736549e-06
5.688355246305417e-06,1.732472306758365,1.7325,-0.0002707245359849097,5.050797052549846e-06
5.690355246305417e-06,1.732472305364255,1.7325,-0.0002707239084293109,5.050796969222905e-06
5.692355246305418e-06,1.732472304256871,1.7325,-0.0002707245315837505,5.050797051809451e-06
5.694355246305418e-06,1.73247230297366,1.7325,-0.0002707239157116379,5.050796969949645e-06
5.696355246305418e-06,1.732472301956689,1.7325,-0.0002707245272415851,5.050797051253461e-06
5.698355246305418e-06,1.732472300769773,1.7325,-0.0002707239226546074,5.050796970662376e-06
5.700355246305418e-06,1.732472299835784,1.7325,-0.0002707245228528613,5.050797050814969e-06
5.702355246305418e-06,1.732472298743187,1.7325,-0.0002707239294447202,5.050796971440863e-06
5.704355246305419e-06,1.732472297887292,1.7325,-0.0002707245185773923,5.050797050259833e-06
5.706355246305419e-06,1.732472296880657,1.7325,-0.0002707239358963181,5.050796971969527e-06
5.708355246305419e-06,1.732472296095697,1.7325,-0.0002707245143492728,5.050797049660563e-06
5.710355246305419e-06,1.732472295167456,1.7325,-0.0002707239421429138,5.050796972678713e-06
5.712355246305419e-06,1.732472294446526,1.7325,-0.0002707245102355237,5.05079704911319e-06
5.714355246305419e-06,1.732472293592663,1.7325,-0.000270723948171617,5.050796973188859e-06
5.716355246305419e-06,1.732472292933847,1.7325,-0.0002707245061034007,5.050797048493378e-06
5.71835524630542e-06,1.732472292148082,1.7325,-0.0002707239539827327,5.050796973850293e-06
5.72035524630542e-06,1.732472291543461,1.7325,-0.0002707245020598038,5.05079704774442e-06
5.72235524630542e-06,1.732472290819537,1.7325,-0.0002707239595767881,5.050796974115692e-06
5.72435524630542e-06,1.732472290267219,1.7325,-0.00027072449809174,5.050797047103556e-06
5.72635524630542e-06,1.7324722896026,1.7325,-0.0002707239650071341,5.050796974623915e-06
5.72835524630542e-06,1.732472289095467,1.7325,-0.000270724494172975,5.050797046512752e-06
5.73035524630542e-06,1.732472288483217,1.7325,-0.0002707239702344039,5.050796975289339e-06
5.732355246305421e-06,1.732472288016633,1.7325,-0.0002707244903305325,5.050797045945884e-06
5.734355246305421e-06,1.732472287452065,1.7325,-0.0002707239752855371,5.05079697574742e-06
5.736355246305421e-06,1.732472287022956,1.7325,-0.0002707244865647013,5.050797045383154e-06
5.738355246305421e-06,1.732472286502307,1.7325,-0.0002707239801474918,5.050796976367462e-06
5.740355246305421e-06,1.732472286106114,1.7325,-0.0002707244828359012,5.050797044848934e-06
5.742355246305421e-06,1.732472285624594,1.7325,-0.0002707239848605051,5.050796976762955e-06
5.744355246305422e-06,1.732472285258288,1.7325,-0.0002707244791577198,5.050797044221075e-06
5.746355246305422e-06,1.732472284813355,1.7325,-0.0002707239894646738,5.050796977383993e-06
5.748355246305422e-06,1.732472284474997,1.7325,-0.0002707244755835097,5.050797043572661e-06
5.750355246305422e-06,1.732472284064004,1.7325,-0.0002707239938405,5.050796977714487e-06
5.752355246305422e-06,1.732472283750534,1.7325,-0.0002707244720470006,5.050797043110085e-06
5.754355246305422e-06,1.732472283370866,1.7325,-0.0002707239982009387,5.050796978423771e-06
5.756355246305422e-06,1.732472283082229,1.7325,-0.0002707244686280709,5.050797042848121e-06
5.758355246305423e-06,1.732472282733687,1.7325,-0.0002707240023332555,5.050796979027263e-06
5.760355246305423e-06,1.732472282467174,1.7325,-0.0002707244652337534,5.050797042237241e-06
5.762355246305423e-06,1.732472282146476,1.7325,-0.000270724006397231,5.050796979398801e-06
5.764355246305423e-06,1.732472281901986,1.7325,-0.0002707244619439527,5.050797041705067e-06
5.766355246305423e-06,1.732472281609344,1.7325,-0.0002707240102864894,5.050796979989593e-06
5.768355246305423e-06,1.732472281385372,1.7325,-0.0002707244586922346,5.050797041242011e-06
5.770355246305423e-06,1.732472281118256,1.7325,-0.0002707240140809596,5.050796980436505e-06
5.772355246305424e-06,1.732472280912871,1.7325,-0.0002707244555585439,5.050797040913588e-06
5.774355246305424e-06,1.732472280669535,1.7325,-0.0002707240177807783,5.050796981066973e-06
5.776355246305424e-06,1.732472280481737,1.7325,-0.0002707244524233144,5.050797040462759e-06
5.778355246305424e-06,1.73247228026018,1.7325,-0.0002707240213461679,5.050796981738389e-06
5.780355246305424e-06,1.73247228008763,1.7325,-0.0002707244493797829,5.050797039923186e-06
5.782355246305424e-06,1.7324722798868,1.7325,-0.0002707240248171437,5.050796981904428e-06
5.784355246305425e-06,1.732472279728935,1.7325,-0.0002707244463615271,5.050797039329678e-06
5.786355246305425e-06,1.732472279546452,1.7325,-0.0002707240282470014,5.050796982575362e-06
5.788355246305425e-06,1.732472279401362,1.7325,-0.000270724443408596,5.050797039195573e-06
5.790355246305425e-06,1.732472279235173,1.7325,-0.0002707240315295163,5.050796983209574e-06
5.792355246305425e-06,1.73247227910004,1.7325,-0.0002707244405344673,5.050797038718924e-06
5.794355246305425e-06,1.732472278947881,1.7325,-0.0002707240346781741,5.050796983532608e-06
5.796355246305425e-06,1.732472278821425,1.7325,-0.0002707244377525693,5.050797038202226e-06
5.798355246305426e-06,1.732472278681538,1.7325,-0.0002707240377994597,5.050796984052817e-06
5.800355246305426e-06,1.732472278561984,1.7325,-0.0002707244350098476,5.050797037945302e-06
5.802355246305426e-06,1.732472278432296,1.7325,-0.0002707240408137372,5.05079698462393e-06
5.804355246305426e-06,1.732472278318498,1.7325,-0.0002707244322665324,5.050797037395583e-06
5.806355246305426e-06,1.732472278199084,1.7325,-0.0002707240437875289,5.050796984881936e-06
5.808355246305426e-06,1.732472278092015,1.7325,-0.0002707244296555495,5.050797036941926e-06
5.810355246305426e-06,1.732472277983361,1.7325,-0.0002707240466277052,5.050796985471423e-06
5.812355246305427e-06,1.732472277883283,1.7325,-0.0002707244270704993,5.050797036681694e-06
5.814355246305427e-06,1.732472277784922,1.7325,-0.0002707240494140527,5.050796985931146e-06
5.816355246305427e-06,1.732472277690378,1.7325,-0.0002707244245114532,5.050797036152063e-06
5.818355246305427e-06,1.732472277600847,1.7325,-0.0002707240521466798,5.050796986158449e-06
5.820355246305427e-06,1.732472277512353,1.7325,-0.0002707244220582256,5.050797035459116e-06
5.822355246305427e-06,1.732472277432175,1.7325,-0.0002707240547856586,5.050796986482593e-06
5.824355246305428e-06,1.732472277348384,1.7325,-0.0002707244196443645,5.050797035128159e-06
5.826355246305428e-06,1.732472277275805,1.7325,-0.0002707240573709937,5.050796986864223e-06
5.828355246305428e-06,1.732472277196638,1.7325,-0.0002707244172832348,5.050797034589501e-06
5.830355246305428e-06,1.732472277131365,1.7325,-0.0002707240598894028,5.050796987106038e-06
5.832355246305428e-06,1.732472277056771,1.7325,-0.000270724415001442,5.050797034147759e-06
5.834355246305428e-06,1.732472276999094,1.7325,-0.0002707240623674696,5.050796987638326e-06
5.836355246305428e-06,1.7324722769289,1.7325,-0.0002707244126660171,5.050797033891064e-06
5.838355246305429e-06,1.732472276878066,1.7325,-0.0002707240647653393,5.050796988087679e-06
5.840355246305429e-06,1.732472276811829,1.7325,-0.0002707244104498588,5.050797033400584e-06
5.842355246305429e-06,1.73247227676805,1.7325,-0.0002707240671096134,5.050796988276508e-06
5.844355246305429e-06,1.73247227670621,1.7325,-0.0002707244082864604,5.050797032931192e-06
5.846355246305429e-06,1.732472276668965,1.7325,-0.0002707240693604055,5.050796988610521e-06
5.848355246305429e-06,1.7324722766107,1.7325,-0.000270724406149279,5.050797032512528e-06
5.850355246305429e-06,1.732472276579565,1.7325,-0.0002707240715709478,5.05079698913317e-06
5.85235524630543e-06,1.732472276524768,1.7325,-0.0002707244040516307,5.050797032178523e-06
5.85435524630543e-06,1.732472276498696,1.7325,-0.0002707240737678763,5.050796989395929e-06
5.85635524630543e-06,1.732472276442942,1.7325,-0.0002707244019804227,5.050797031798978e-06
5.85835524630543e-06,1.732472276417452,1.7325,-0.0002707240758850399,5.050796989761478e-06
5.86035524630543e-06,1.732472276363311,1.7325,-0.0002707243999889119,5.050797031407575e-06
5.86235524630543e-06,1.732472276341934,1.7325,-0.000270724077962101,5.050796990358985e-06
5.864355246305431e-06,1.732472276289983,1.7325,-0.0002707243980237596,5.050797031262052e-06
5.866355246305431e-06,1.732472276272283,1.7325,-0.0002707240799857578,5.050796990706036e-06
5.868355246305431e-06,1.732472276221453,1.7325,-0.0002707243960983183,5.050797030780038e-06
5.870355246305431e-06,1.732472276206967,1.7325,-0.0002707240819427711,5.05079699085687e-06
5.872355246305431e-06,1.732472276158083,1.7325,-0.0002707243942125745,5.050797030313543e-06
5.874355246305431e-06,1.732472276147429,1.7325,-0.0002707240838862728,5.050796991159435e-06
5.876355246305431e-06,1.732472276100707,1.7325,-0.0002707243923399042,5.050797029975094e-06
5.878355246305432e-06,1.732472276094098,1.7325,-0.0002707240858162472,5.050796991636182e-06
5.880355246305432e-06,1.73247227604959,1.7325,-0.0002707243905201871,5.050797029820101e-06
5.882355246305432e-06,1.732472276046767,1.7325,-0.000270724087652923,5.050796992096226e-06
5.884355246305432e-06,1.732472276004478,1.7325,-0.000270724388766729,5.050797029388797e-06
5.886355246305432e-06,1.732472276005494,1.7325,-0.0002707240894361876,5.050796992206072e-06
5.888355246305432e-06,1.732472275965112,1.7325,-0.0002707243870130573,5.050797028959503e-06
5.890355246305432e-06,1.732472275968655,1.7325,-0.0002707240912192871,5.050796992541755e-06
5.892355246305433e-06,1.732472275929053,1.7325,-0.0002707243853390413,5.050797028675342e-06
5.894355246305433e-06,1.732472275934926,1.7325,-0.0002707240929357886,5.050796993026676e-06
5.896355246305433e-06,1.732472275896168,1.7325,-0.0002707243836516108,5.050797028348255e-06
5.898355246305433e-06,1.732472275903999,1.7325,-0.0002707240946122964,5.050796993202912e-06
5.900355246305433e-06,1.732472275866151,1.7325,-0.0002707243819773701,5.050797027955297e-06
5.902355246305433e-06,1.732472275876056,1.7325,-0.0002707240963285826,5.050796993453843e-06
5.904355246305434e-06,1.732472275838838,1.7325,-0.0002707243804226972,5.050797027655046e-06
5.906355246305434e-06,1.732472275850179,1.7325,-0.000270724097911827,5.050796993824724e-06
5.908355246305434e-06,1.732472275813042,1.7325,-0.0002707243788280784,5.050797027342859e-06
5.910355246305434e-06,1.732472275825434,1.7325,-0.0002707240994950294,5.050796994248466e-06
5.912355246305434e-06,1.732472275788288,1.7325,-0.0002707243772600138,5.050797026941371e-06
5.914355246305434e-06,1.732472275801462,1.7325,-0.00027072410105161,5.05079699444268e-06
5.916355246305434e-06,1.732472275763833,1.7325,-0.0002707243757318276,5.050797026727757e-06
5.918355246305435e-06,1.732472275777581,1.7325,-0.0002707241025682979,5.050796994718629e-06
5.920355246305435e-06,1.732472275739569,1.7325,-0.0002707243742568202,5.050797026415733e-06
5.922355246305435e-06,1.73247227575384,1.7325,-0.0002707241040982769,5.050796995023384e-06
5.924355246305435e-06,1.732472275715416,1.7325,-0.0002707243728084017,5.05079702611336e-06
5.926355246305435e-06,1.732472275727405,1.7325,-0.0002707241055751703,5.050796995469041e-06
5.928355246305435e-06,1.732472275686262,1.7325,-0.0002707243713468726,5.050797026225298e-06
5.930355246305436e-06,1.732472275702344,1.7325,-0.0002707241069589372,5.050796996070071e-06
5.932355246305436e-06,1.732472275665084,1.7325,-0.0002707243699515294,5.050797025910528e-06
5.934355246305436e-06,1.732472275680751,1.7325,-0.0002707241083824645,5.050796996272134e-06
5.936355246305436e-06,1.732472275642598,1.7325,-0.0002707243685828277,5.050797025569935e-06
5.938355246305436e-06,1.732472275660695,1.7325,-0.0002707241097793416,5.050796996472129e-06
5.940355246305436e-06,1.732472275624546,1.7325,-0.0002707243672405541,5.050797025232501e-06
5.942355246305436e-06,1.73247227564535,1.7325,-0.000270724111162747,5.050796996876475e-06
5.944355246305437e-06,1.732472275610396,1.7325,-0.0002707243659114318,5.050797025177146e-06
5.946355246305437e-06,1.73247227563236,1.7325,-0.0002707241124662859,5.050796997272174e-06
5.948355246305437e-06,1.73247227559784,1.7325,-0.0002707243646088432,5.050797024968182e-06
5.950355246305437e-06,1.73247227562102,1.7325,-0.0002707241137963564,5.050796997564564e-06
5.952355246305437e-06,1.732472275587849,1.7325,-0.0002707243633593451,5.050797024563826e-06
5.954355246305437e-06,1.732472275612865,1.7325,-0.0002707241150731224,5.05079699765819e-06
5.956355246305437e-06,1.732472275580197,1.7325,-0.0002707243620964635,5.050797024204443e-06
5.958355246305438e-06,1.732472275605475,1.7325,-0.0002707241163232671,5.0507969978466e-06
5.960355246305438e-06,1.732472275572464,1.7325,-0.000270724360860178,5.050797023924673e-06
5.962355246305438e-06,1.732472275597931,1.7325,-0.000270724117586714,5.050796998243804e-06
5.964355246305438e-06,1.732472275564712,1.7325,-0.0002707243596371895,5.050797023844654e-06
5.966355246305438e-06,1.73247227559017,1.7325,-0.0002707241187836864,5.050796998639543e-06
5.968355246305438e-06,1.732472275556425,1.7325,-0.0002707243584275176,5.050797023678285e-06
5.970355246305439e-06,1.732472275581797,1.7325,-0.0002707241199274958,5.050796998898009e-06
5.972355246305439e-06,1.732472275547802,1.7325,-0.0002707243572577475,5.050797023142748e-06
5.974355246305439e-06,1.732472275573508,1.7325,-0.0002707241211510808,5.050796998922059e-06
5.976355246305439e-06,1.732472275540009,1.7325,-0.0002707243561145396,5.050797022863667e-06
5.978355246305439e-06,1.732472275566626,1.7325,-0.0002707241223081311,5.050796999051253e-06
5.980355246305439e-06,1.732472275533341,1.7325,-0.0002707243550111792,5.05079702258277e-06
5.982355246305439e-06,1.732472275560291,1.7325,-0.0002707241234252716,5.050796999417984e-06
5.98435524630544e-06,1.732472275527823,1.7325,-0.0002707243538678867,5.050797022458878e-06
5.98635524630544e-06,1.73247227555582,1.7325,-0.0002707241245290464,5.050796999699244e-06
5.98835524630544e-06,1.73247227552322,1.7325,-0.000270724352777746,5.050797022284675e-06
5.99035524630544e-06,1.732472275550821,1.7325,-0.0002707241256461372,5.050797000012986e-06
5.99235524630544e-06,1.732472275518403,1.7325,-0.0002707243517275027,5.050797021947491e-06
5.99435524630544e-06,1.732472275546878,1.7325,-0.0002707241267100027,5.050797000049655e-06
5.99635524630544e-06,1.732472275514947,1.7325,-0.0002707243506772089,5.05079702163956e-06
5.998355246305441e-06,1.732472275543797,1.7325,-0.0002707241277738363,5.050797000280801e-06
6.000355246305441e-06,1.732472275512314,1.7325,-0.0002707243496401809,5.050797021399288e-06
6.002355246305441e-06,1.732472275541945,1.7325,-0.0002707241288243276,5.050797000479923e-06
6.004355246305441e-06,1.732472275511001,1.7325,-0.0002707243486031037,5.050797021172403e-06
6.006355246305441e-06,1.73247227554104,1.7325,-0.0002707241298481908,5.050797000819868e-06
6.008355246305441e-06,1.732472275510318,1.7325,-0.0002707243476590786,5.050797021097911e-06
6.010355246305442e-06,1.732472275540485,1.7325,-0.0002707241308321514,5.050797001122752e-06
6.012355246305442e-06,1.732472275509319,1.7325,-0.0002707243466219899,5.050797020769997e-06
6.014355246305442e-06,1.732472275538915,1.7325,-0.0002707241317762603,5.050797001190205e-06
6.016355246305442e-06,1.732472275507463,1.7325,-0.0002707243456381189,5.050797020524016e-06
6.018355246305442e-06,1.732472275537082,1.7325,-0.0002707241327602686,5.050797001353593e-06
6.020355246305442e-06,1.732472275505859,1.7325,-0.000270724344694128,5.050797020271654e-06
6.022355246305442e-06,1.732472275535306,1.7325,-0.0002707241337043851,5.050797001574505e-06
6.024355246305443e-06,1.732472275503471,1.7325,-0.0002707243437634628,5.050797020083072e-06
6.026355246305443e-06,1.732472275532276,1.7325,-0.0002707241346618449,5.050797001831108e-06
6.028355246305443e-06,1.732472275499799,1.7325,-0.0002707243428328454,5.05079701985222e-06
6.030355246305443e-06,1.732472275528305,1.7325,-0.0002707241355927466,5.050797002126906e-06
6.032355246305443e-06,1.732472275496203,1.7325,-0.0002707243419022251,5.05079701983737e-06
6.034355246305443e-06,1.732472275525073,1.7325,-0.0002707241365103244,5.050797002421604e-06
6.036355246305443e-06,1.732472275494,1.7325,-0.0002707243409848495,5.050797019672276e-06
6.038355246305444e-06,1.732472275524294,1.7325,-0.000270724137401218,5.050797002647723e-06
6.040355246305444e-06,1.732472275494224,1.7325,-0.000270724340107273,5.050797019353405e-06
6.042355246305444e-06,1.732472275525136,1.7325,-0.0002707241382787548,5.050797002646393e-06
6.044355246305444e-06,1.732472275495735,1.7325,-0.0002707243392296487,5.05079701891044e-06
6.046355246305444e-06,1.73247227552715,1.7325,-0.0002707241391695445,5.050797002584348e-06
6.048355246305444e-06,1.732472275498361,1.7325,-0.0002707243383918723,5.050797018604433e-06
6.050355246305445e-06,1.73247227552968,1.7325,-0.0002707241399938325,5.050797002767081e-06
6.052355246305445e-06,1.732472275500237,1.7325,-0.0002707243375408274,5.050797018374167e-06
6.054355246305445e-06,1.732472275530748,1.7325,-0.0002707241408580644,5.050797003032593e-06
6.056355246305445e-06,1.732472275500402,1.7325,-0.0002707243367031427,5.050797018371951e-06
6.058355246305445e-06,1.732472275529684,1.7325,-0.0002707241416957826,5.050797003459472e-06
6.060355246305445e-06,1.732472275498781,1.7325,-0.0002707243358788208,5.050797018427985e-06
6.062355246305445e-06,1.732472275527738,1.7325,-0.0002707241424936442,5.050797003770926e-06
6.064355246305446e-06,1.732472275496698,1.7325,-0.0002707243350279231,5.050797018311186e-06
6.066355246305446e-06,1.732472275525063,1.7325,-0.0002707241433314223,5.050797003990609e-06
6.068355246305446e-06,1.73247227549376,1.7325,-0.0002707243342435397,5.050797018047224e-06
6.070355246305446e-06,1.732472275522341,1.7325,-0.0002707241441027199,5.050797004053115e-06
6.072355246305446e-06,1.732472275491472,1.7325,-0.0002707243334591321,5.050797017799695e-06
6.074355246305446e-06,1.732472275519894,1.7325,-0.0002707241448873035,5.050797004136376e-06
6.076355246305446e-06,1.732472275488866,1.7325,-0.0002707243327279223,5.050797017560463e-06
6.078355246305447e-06,1.732472275516775,1.7325,-0.0002707241456453193,5.050797004325691e-06
6.080355246305447e-06,1.732472275485401,1.7325,-0.0002707243319036691,5.050797017402544e-06
6.082355246305447e-06,1.732472275513168,1.7325,-0.0002707241464166498,5.050797004476267e-06
6.084355246305447e-06,1.73247227548236,1.7325,-0.0002707243311724754,5.050797017192845e-06
6.086355246305447e-06,1.732472275510243,1.7325,-0.0002707241471879548,5.050797004768258e-06
6.088355246305447e-06,1.732472275479793,1.7325,-0.0002707243304412641,5.050797017240441e-06
6.090355246305448e-06,1.732472275508469,1.7325,-0.000270724147932624,5.050797005044429e-06
6.092355246305448e-06,1.732472275479184,1.7325,-0.0002707243297099801,5.050797017112532e-06
6.094355246305448e-06,1.732472275508419,1.7325,-0.0002707241486639326,5.050797005257449e-06
6.096355246305448e-06,1.732472275479964,1.7325,-0.0002707243289919408,5.050797016957751e-06
6.098355246305448e-06,1.732472275509644,1.7325,-0.0002707241493686008,5.050797005415895e-06
6.100355246305448e-06,1.732472275481702,1.7325,-0.0002707243282472729,5.050797016665411e-06
6.102355246305448e-06,1.732472275512071,1.7325,-0.0002707241500865208,5.050797005364002e-06
6.104355246305449e-06,1.732472275484759,1.7325,-0.0002707243275424453,5.050797016420068e-06
6.106355246305449e-06,1.732472275514469,1.7325,-0.0002707241507911454,5.050797005502988e-06
6.108355246305449e-06,1.732472275486417,1.7325,-0.0002707243268908558,5.050797016229804e-06
6.110355246305449e-06,1.732472275515066,1.7325,-0.0002707241514559475,5.050797005607157e-06
6.112355246305449e-06,1.732472275486343,1.7325,-0.0002707243261595518,5.050797016047048e-06
6.114355246305449e-06,1.732472275514729,1.7325,-0.0002707241521872668,5.050797005800577e-06
6.116355246305449e-06,1.732472275486502,1.7325,-0.0002707243255080181,5.050797015879548e-06
6.11835524630545e-06,1.732472275515106,1.7325,-0.0002707241528520772,5.050797005888838e-06
6.12035524630545e-06,1.732472275487561,1.7325,-0.0002707243248564508,5.050797015708918e-06
6.12235524630545e-06,1.732472275516616,1.7325,-0.0002707241535035488,5.050797006226527e-06
6.12435524630545e-06,1.732472275489897,1.7325,-0.0002707243241915396,5.050797015799461e-06
6.12635524630545e-06,1.732472275519377,1.7325,-0.0002707241541815668,5.0507970064597e-06
6.12835524630545e-06,1.732472275493122,1.7325,-0.0002707243235531883,5.050797015699219e-06
6.130355246305451e-06,1.732472275523059,1.7325,-0.0002707241548462542,5.050797006653198e-06
6.132355246305451e-06,1.732472275497404,1.7325,-0.0002707243228749083,5.050797015445587e-06
6.134355246305451e-06,1.732472275527279,1.7325,-0.0002707241554843286,5.050797006635935e-06
6.136355246305451e-06,1.732472275502009,1.7325,-0.0002707243222630985,5.050797015208223e-06
6.138355246305451e-06,1.732472275531496,1.7325,-0.0002707241560825136,5.050797006529929e-06
6.140355246305451e-06,1.732472275505652,1.7325,-0.0002707243216247316,5.050797014817696e-06
6.142355246305451e-06,1.732472275534262,1.7325,-0.0002707241567206421,5.05079700655807e-06
6.144355246305452e-06,1.732472275507808,1.7325,-0.0002707243210130131,5.050797014589325e-06
6.146355246305452e-06,1.732472275535332,1.7325,-0.0002707241573189442,5.0507970066371e-06
6.148355246305452e-06,1.732472275508319,1.7325,-0.0002707243203747628,5.050797014400941e-06
6.150355246305452e-06,1.73247227553502,1.7325,-0.0002707241578907047,5.050797006790436e-06
6.152355246305452e-06,1.73247227550688,1.7325,-0.0002707243197498814,5.050797014202646e-06
6.154355246305452e-06,1.732472275532104,1.7325,-0.0002707241585556375,5.050797006754551e-06
6.156355246305452e-06,1.732472275503595,1.7325,-0.0002707243191782546,5.050797013948821e-06
6.158355246305453e-06,1.732472275528699,1.7325,-0.0002707241591009201,5.050797006985733e-06
6.160355246305453e-06,1.732472275500069,1.7325,-0.0002707243185667474,5.0507970139847e-06
6.162355246305453e-06,1.73247227552432,1.7325,-0.0002707241597127214,5.050797007199565e-06
6.164355246305453e-06,1.73247227549533,1.7325,-0.0002707243179818783,5.050797013915183e-06
6.166355246305453e-06,1.732472275519215,1.7325,-0.0002707241603112532,5.050797007472652e-06
6.168355246305453e-06,1.732472275490965,1.7325,-0.0002707243173969953,5.050797013832777e-06
6.170355246305454e-06,1.732472275515569,1.7325,-0.0002707241608831377,5.050797007507129e-06
6.172355246305454e-06,1.732472275488256,1.7325,-0.0002707243167987542,5.050797013683722e-06
6.174355246305454e-06,1.732472275513859,1.7325,-0.0002707241614682467,5.050797007577126e-06
6.176355246305454e-06,1.732472275488037,1.7325,-0.0002707243162403099,5.050797013524356e-06
6.178355246305454e-06,1.732472275514365,1.7325,-0.0002707241620399768,5.050797007698605e-06
6.180355246305454e-06,1.732472275489013,1.7325,-0.0002707243156552282,5.050797013382191e-06
6.182355246305454e-06,1.73247227551546,1.7325,-0.0002707241625850921,5.050797007814063e-06
6.184355246305455e-06,1.732472275490825,1.7325,-0.0002707243151365978,5.05079701326972e-06
6.186355246305455e-06,1.732472275517491,1.7325,-0.0002707241631700618,5.050797007961852e-06
6.188355246305455e-06,1.732472275493653,1.7325,-0.0002707243145913367,5.050797013168433e-06
6.190355246305455e-06,1.732472275520897,1.7325,-0.0002707241636752017,5.050797008052623e-06
6.192355246305455e-06,1.732472275497259,1.7325,-0.0002707243140194536,5.050797013042998e-06
6.194355246305455e-06,1.732472275523927,1.7325,-0.0002707241641936519,5.050797008191109e-06
6.196355246305455e-06,1.732472275500142,1.7325,-0.0002707243134874869,5.050797012930349e-06
6.198355246305456e-06,1.732472275526194,1.7325,-0.0002707241647254271,5.050797008295439e-06
6.200355246305456e-06,1.732472275501946,1.7325,-0.0002707243129821533,5.050797012802962e-06
6.202355246305456e-06,1.73247227552733,1.7325,-0.0002707241652705408,5.050797008535267e-06
6.204355246305456e-06,1.732472275502687,1.7325,-0.0002707243124236734,5.05079701287105e-06
6.206355246305456e-06,1.732472275527192,1.7325,-0.0002707241658024053,5.050797008742983e-06
6.208355246305456e-06,1.732472275502317,1.7325,-0.0002707243119317171,5.050797012813178e-06
6.210355246305457e-06,1.732472275526552,1.7325,-0.0002707241663209921,5.050797008916393e-06
6.212355246305457e-06,1.732472275501858,1.7325,-0.0002707243114264677,5.050797012631116e-06
6.214355246305457e-06,1.732472275525951,1.7325,-0.0002707241668262809,5.050797008849525e-06
6.216355246305457e-06,1.732472275501605,1.7325,-0.0002707243109079142,5.050797012446445e-06
6.218355246305457e-06,1.732472275525766,1.7325,-0.0002707241672650719,5.050797008943448e-06
6.220355246305457e-06,1.732472275501513,1.7325,-0.0002707243103893545,5.05079701237104e-06
6.222355246305457e-06,1.732472275525478,1.7325,-0.000270724167823535,5.050797009004893e-06
6.224355246305458e-06,1.732472275501795,1.7325,-0.0002707243099106706,5.050797012141806e-06
6.226355246305458e-06,1.732472275526119,1.7325,-0.0002707241683021847,5.050797009022917e-06
6.228355246305458e-06,1.732472275503116,1.7325,-0.0002707243094053549,5.050797012040071e-06
6.230355246305458e-06,1.732472275527677,1.7325,-0.0002707241688206897,5.050797009172896e-06
6.232355246305458e-06,1.732472275504889,1.7325,-0.0002707243089000226,5.05079701195987e-06
6.234355246305458e-06,1.732472275529139,1.7325,-0.0002707241692727159,5.050797009306861e-06
6.236355246305458e-06,1.732472275506428,1.7325,-0.0002707243084478847,5.05079701188839e-06
6.238355246305459e-06,1.732472275530319,1.7325,-0.000270724169764642,5.050797009372337e-06
6.240355246305459e-06,1.732472275507546,1.7325,-0.0002707243079558731,5.050797011757021e-06
6.242355246305459e-06,1.732472275530902,1.7325,-0.0002707241702432938,5.050797009464025e-06
6.244355246305459e-06,1.732472275507885,1.7325,-0.0002707243074372975,5.050797011621945e-06
6.246355246305459e-06,1.73247227553108,1.7325,-0.0002707241707086642,5.050797009526208e-06
6.248355246305459e-06,1.732472275508248,1.7325,-0.0002707243070117965,5.050797011562673e-06
6.25035524630546e-06,1.732472275531453,1.7325,-0.0002707241711607309,5.050797009658569e-06
6.25235524630546e-06,1.732472275509492,1.7325,-0.0002707243065330767,5.05079701144782e-06
6.25435524630546e-06,1.732472275532684,1.7325,-0.0002707241716526551,5.050797009859393e-06
6.25635524630546e-06,1.732472275511038,1.7325,-0.0002707243060809387,5.050797011542895e-06
6.25835524630546e-06,1.732472275534624,1.7325,-0.0002707241720913669,5.050797010086071e-06
6.26035524630546e-06,1.732472275513317,1.7325,-0.0002707243056154768,5.050797011593504e-06
6.26235524630546e-06,1.732472275537064,1.7325,-0.0002707241725832462,5.050797010299844e-06
6.264355246305461e-06,1.732472275516863,1.7325,-0.0002707243051765609,5.050797011562383e-06
6.266355246305461e-06,1.732472275541486,1.7325,-0.0002707241730218657,5.050797010371307e-06
6.268355246305461e-06,1.73247227552227,1.7325,-0.0002707243047242792,5.050797011433542e-06
6.270355246305461e-06,1.732472275547117,1.7325,-0.0002707241734737368,5.050797010463623e-06
6.272355246305461e-06,1.732472275528264,1.7325,-0.0002707243042852722,5.050797011224516e-06
6.274355246305461e-06,1.732472275553547,1.7325,-0.0002707241739255782,5.050797010182647e-06
6.276355246305461e-06,1.732472275535265,1.7325,-0.0002707243038462277,5.050797010828128e-06
6.278355246305462e-06,1.732472275560083,1.7325,-0.0002707241744173051,5.05079701013951e-06
6.280355246305462e-06,1.732472275540907,1.7325,-0.0002707243033939373,5.050797010680627e-06
6.282355246305462e-06,1.732472275563669,1.7325,-0.0002707241748027697,5.050797010171997e-06
6.284355246305462e-06,1.732472275542841,1.7325,-0.0002707243029550813,5.050797010509019e-06
6.286355246305462e-06,1.732472275563802,1.7325,-0.0002707241752282524,5.050797010207853e-06
6.288355246305462e-06,1.732472275541416,1.7325,-0.0002707243025429432,5.05079701045002e-06
6.290355246305463e-06,1.73247227556098,1.7325,-0.0002707241756272519,5.050797010310586e-06
6.292355246305463e-06,1.732472275537747,1.7325,-0.0002707243020777027,5.050797010386348e-06
6.294355246305463e-06,1.732472275556168,1.7325,-0.000270724176066215,5.050797010424753e-06
6.296355246305463e-06,1.732472275532661,1.7325,-0.0002707243016922937,5.050797010330724e-06
6.298355246305463e-06,1.732472275550941,1.7325,-0.0002707241765051935,5.05079701047272e-06
6.300355246305463e-06,1.732472275527834,1.7325,-0.0002707243012669857,5.050797010204234e-06
6.302355246305463e-06,1.732472275546041,1.7325,-0.0002707241769308634,5.05079701050071e-06
6.304355246305464e-06,1.732472275523209,1.7325,-0.0002707243008416702,5.050797010108805e-06
6.306355246305464e-06,1.732472275541574,1.7325,-0.0002707241773698136,5.050797010597212e-06
6.308355246305464e-06,1.732472275519166,1.7325,-0.0002707243004030365,5.050797010014845e-06
6.310355246305464e-06,1.73247227553785,1.7325,-0.0002707241777289572,5.050797010652369e-06
6.312355246305464e-06,1.732472275516056,1.7325,-0.0002707243000175542,5.050797009956028e-06
6.314355246305464e-06,1.732472275534782,1.7325,-0.0002707241781545589,5.050797010805054e-06
6.316355246305465e-06,1.73247227551328,1.7325,-0.0002707242996453557,5.050797009943821e-06
6.318355246305465e-06,1.732472275532193,1.7325,-0.0002707241785535498,5.050797011005108e-06
6.320355246305465e-06,1.732472275511137,1.7325,-0.0002707242992066514,5.050797010079408e-06
6.322355246305465e-06,1.732472275530141,1.7325,-0.0002707241789392242,5.050797011168123e-06
6.324355246305465e-06,1.732472275510091,1.7325,-0.0002707242988077957,5.050797010017076e-06
6.326355246305465e-06,1.732472275530253,1.7325,-0.0002707241793514112,5.050797011246587e-06
6.328355246305465e-06,1.732472275511691,1.7325,-0.0002707242984487311,5.050797009958985e-06
6.330355246305466e-06,1.732472275532627,1.7325,-0.0002707241797502175,5.050797011319396e-06
6.332355246305466e-06,1.732472275514701,1.7325,-0.0002707242980364281,5.050797009751399e-06
6.334355246305466e-06,1.732472275535931,1.7325,-0.0002707241801223962,5.050797011210348e-06
6.336355246305466e-06,1.732472275518554,1.7325,-0.0002707242976506866,5.050797009462185e-06
6.338355246305466e-06,1.732472275539133,1.7325,-0.0002707241804945787,5.050797011027613e-06
6.340355246305466e-06,1.732472275521073,1.7325,-0.0002707242972649948,5.050797009254715e-06
6.342355246305466e-06,1.732472275541136,1.7325,-0.0002707241808801024,5.050797011001209e-06
6.344355246305467e-06,1.732472275522618,1.7325,-0.0002707242968793392,5.050797009189389e-06
6.346355246305467e-06,1.732472275541494,1.7325,-0.0002707241812656871,5.050797011094743e-06
6.348355246305467e-06,1.732472275522082,1.7325,-0.000270724296493761,5.050797009117227e-06
6.350355246305467e-06,1.732472275540137,1.7325,-0.0002707241816513357,5.050797011135069e-06
6.352355246305467e-06,1.732472275520428,1.7325,-0.000270724296121521,5.050797009049111e-06
6.354355246305467e-06,1.732472275537728,1.7325,-0.0002707241820237269,5.050797011173931e-06
6.356355246305468e-06,1.732472275517839,1.7325,-0.0002707242957493156,5.050797008958345e-06
6.358355246305468e-06,1.732472275535367,1.7325,-0.0002707241823695234,5.050797011383033e-06
6.360355246305468e-06,1.732472275515962,1.7325,-0.0002707242953770839,5.05079700910669e-06
6.362355246305468e-06,1.732472275533375,1.7325,-0.0002707241827153061,5.050797011549661e-06
6.364355246305468e-06,1.732472275513935,1.7325,-0.0002707242950447471,5.050797009103947e-06
6.366355246305468e-06,1.732472275530631,1.7325,-0.0002707241830877099,5.050797011600766e-06
6.368355246305468e-06,1.732472275511314,1.7325,-0.0002707242946858395,5.050797009018386e-06
6.370355246305469e-06,1.732472275528598,1.7325,-0.0002707241834334942,5.050797011645077e-06
6.372355246305469e-06,1.732472275509911,1.7325,-0.00027072429431359,5.050797008973404e-06
6.374355246305469e-06,1.732472275527476,1.7325,-0.0002707241837792445,5.050797011756379e-06
6.376355246305469e-06,1.732472275509562,1.7325,-0.0002707242939545979,5.050797008940053e-06
6.378355246305469e-06,1.732472275527692,1.7325,-0.0002707241841515381,5.050797011817052e-06
6.380355246305469e-06,1.732472275511286,1.7325,-0.0002707242935822321,5.050797008885263e-06
6.382355246305469e-06,1.732472275530791,1.7325,-0.000270724184510428,5.050797011833502e-06
6.38435524630547e-06,1.732472275515671,1.7325,-0.0002707242932496568,5.050797008798376e-06
6.38635524630547e-06,1.732472275535918,1.7325,-0.0002707241848559459,5.050797011906035e-06
6.38835524630547e-06,1.732472275521673,1.7325,-0.0002707242929037249,5.050797008764121e-06
6.39035524630547e-06,1.732472275542428,1.7325,-0.0002707241852147088,5.050797011990214e-06
6.39235524630547e-06,1.732472275528506,1.7325,-0.0002707242925710586,5.050797008772775e-06
6.39435524630547e-06,1.73247227554884,1.7325,-0.000270724185533586,5.050797012070864e-06
6.396355246305471e-06,1.732472275534586,1.7325,-0.0002707242922118273,5.050797008701886e-06
6.398355246305471e-06,1.732472275554349,1.7325,-0.0002707241858657932,5.050797012114802e-06
6.400355246305471e-06,1.732472275539992,1.7325,-0.0002707242919058069,5.050797008614698e-06
6.402355246305471e-06,1.73247227555945,1.7325,-0.0002707241862379051,5.050797012255381e-06
6.404355246305471e-06,1.732472275545223,1.7325,-0.0002707242915732002,5.050797008751976e-06
6.406355246305471e-06,1.732472275564281,1.7325,-0.0002707241865834341,5.050797012383566e-06
6.408355246305471e-06,1.732472275549336,1.7325,-0.0002707242912007457,5.050797008734807e-06
6.410355246305472e-06,1.732472275567618,1.7325,-0.0002707241868625361,5.050797012494747e-06
6.412355246305472e-06,1.732472275552401,1.7325,-0.0002707242908948124,5.050797008726233e-06
6.414355246305472e-06,1.732472275569889,1.7325,-0.0002707241871948638,5.050797012523337e-06
6.416355246305472e-06,1.73247227555395,1.7325,-0.0002707242905490461,5.050797008681173e-06
6.418355246305472e-06,1.732472275570653,1.7325,-0.0002707241875272475,5.050797012602185e-06
6.420355246305472e-06,1.732472275554313,1.7325,-0.0002707242902432134,5.050797008676536e-06
6.422355246305472e-06,1.732472275569986,1.7325,-0.000270724187872981,5.05079701268407e-06
6.424355246305473e-06,1.732472275553155,1.7325,-0.0002707242898842514,5.050797008642321e-06
6.426355246305473e-06,1.732472275568695,1.7325,-0.0002707241881921447,5.050797012768823e-06
6.428355246305473e-06,1.732472275551896,1.7325,-0.0002707242895784791,5.050797008494373e-06
6.430355246305473e-06,1.732472275567108,1.7325,-0.0002707241885246159,5.050797012589349e-06
6.432355246305473e-06,1.73247227555072,1.7325,-0.0002707242892461106,5.050797008275026e-06
6.434355246305473e-06,1.732472275565996,1.7325,-0.0002707241888437729,5.050797012534394e-06
6.436355246305474e-06,1.732472275549366,1.7325,-0.0002707242889137488,5.050797008186176e-06
6.438355246305474e-06,1.732472275564181,1.7325,-0.0002707241891629561,5.050797012540664e-06
6.440355246305474e-06,1.73247227554726,1.7325,-0.0002707242885947115,5.050797008127856e-06
6.442355246305474e-06,1.732472275561277,1.7325,-0.0002707241894688834,5.050797012551922e-06
6.444355246305474e-06,1.732472275543961,1.7325,-0.000270724288315608,5.050797008069031e-06
6.446355246305474e-06,1.73247227555781,1.7325,-0.0002707241897748315,5.050797012615828e-06
6.448355246305474e-06,1.732472275540995,1.7325,-0.0002707242880231956,5.050797008032798e-06
6.450355246305475e-06,1.732472275555532,1.7325,-0.0002707241901472179,5.050797012672441e-06
6.452355246305475e-06,1.732472275540221,1.7325,-0.0002707242876908122,5.050797008066425e-06
6.454355246305475e-06,1.732472275555528,1.7325,-0.0002707241904131478,5.050797012781499e-06
6.456355246305475e-06,1.732472275540385,1.7325,-0.000270724287384987,5.050797008006599e-06
6.458355246305475e-06,1.732472275555701,1.7325,-0.0002707241907322569,5.050797012772623e-06
6.460355246305475e-06,1.732472275541055,1.7325,-0.0002707242870791429,5.050797007985886e-06
6.462355246305475e-06,1.732472275556566,1.7325,-0.000270724191038044,5.050797012826241e-06
6.464355246305476e-06,1.732472275542341,1.7325,-0.0002707242867732758,5.05079700792852e-06
6.466355246305476e-06,1.73247227555793,1.7325,-0.0002707241913571089,5.050797012851618e-06
6.468355246305476e-06,1.732472275543527,1.7325,-0.000270724286480709,5.050797007866206e-06
6.470355246305476e-06,1.732472275558261,1.7325,-0.0002707241916230264,5.050797012893859e-06
6.472355246305476e-06,1.732472275543609,1.7325,-0.0002707242861482938,5.050797007862408e-06
6.474355246305476e-06,1.732472275558058,1.7325,-0.0002707241919022601,5.050797012916292e-06
6.476355246305477e-06,1.732472275542678,1.7325,-0.0002707242858823987,5.050797007789402e-06
6.478355246305477e-06,1.732472275556083,1.7325,-0.0002707241922214493,5.050797012976584e-06
6.480355246305477e-06,1.732472275540687,1.7325,-0.0002707242855766536,5.050797007777825e-06
6.482355246305477e-06,1.732472275554143,1.7325,-0.0002707241925273406,5.050797012993339e-06
6.484355246305477e-06,1.732472275538898,1.7325,-0.0002707242852576044,5.050797007765166e-06
6.486355246305477e-06,1.732472275552066,1.7325,-0.0002707241927800511,5.050797013066549e-06
6.488355246305477e-06,1.732472275536751,1.7325,-0.0002707242849651616,5.050797007703614e-06
6.490355246305478e-06,1.732472275549864,1.7325,-0.0002707241930726557,5.050797013075997e-06
6.492355246305478e-06,1.732472275534669,1.7325,-0.0002707242846727164,5.050797007695205e-06
6.494355246305478e-06,1.732472275547299,1.7325,-0.0002707241933785703,5.050797013116919e-06
6.496355246305478e-06,1.732472275531893,1.7325,-0.0002707242844334829,5.050797007626205e-06
6.498355246305478e-06,1.732472275544274,1.7325,-0.0002707241936446126,5.050797013086729e-06
6.500355246305478e-06,1.732472275528679,1.7325,-0.0002707242841144867,5.050797007554558e-06
6.502355246305478e-06,1.732472275540575,1.7325,-0.00027072419391068,5.050797013113389e-06
6.504355246305479e-06,1.732472275525124,1.7325,-0.0002707242838353928,5.05079700751409e-06
6.506355246305479e-06,1.732472275537361,1.7325,-0.0002707241941900257,5.050797013125641e-06
6.508355246305479e-06,1.732472275522331,1.7325,-0.0002707242835429739,5.050797007453764e-06
6.510355246305479e-06,1.732472275534395,1.7325,-0.0002707241945092517,5.050797013158565e-06
6.512355246305479e-06,1.732472275519383,1.7325,-0.0002707242832638574,5.050797007429288e-06
6.514355246305479e-06,1.732472275531373,1.7325,-0.0002707241948018868,5.050797013161417e-06
6.51635524630548e-06,1.732472275516596,1.7325,-0.0002707242829980314,5.050797007428379e-06
6.51835524630548e-06,1.732472275528562,1.7325,-0.0002707241950812176,5.050797013249519e-06
6.52035524630548e-06,1.732472275513889,1.7325,-0.0002707242826790164,5.050797007400465e-06
6.52235524630548e-06,1.73247227552618,1.7325,-0.000270724195320643,5.050797013287905e-06
6.52435524630548e-06,1.732472275512309,1.7325,-0.0002707242824264419,5.050797007387841e-06
6.52635524630548e-06,1.732472275525005,1.7325,-0.0002707241955733199,5.050797013332773e-06
6.52835524630548e-06,1.732472275511613,1.7325,-0.0002707242821605381,5.050797007395748e-06
6.530355246305481e-06,1.732472275524528,1.7325,-0.0002707241958525639,5.050797013317437e-06
6.532355246305481e-06,1.732472275511545,1.7325,-0.0002707242818813144,5.050797007318808e-06
6.534355246305481e-06,1.732472275524727,1.7325,-0.0002707241961051897,5.050797013361717e-06
6.536355246305481e-06,1.73247227551237,1.7325,-0.0002707242816286504,5.050797007310593e-06
6.538355246305481e-06,1.7324722755256,1.7325,-0.0002707241963843834,5.05079701343242e-06
6.540355246305481e-06,1.732472275513177,1.7325,-0.0002707242813360978,5.050797007319603e-06
6.542355246305481e-06,1.732472275526011,1.7325,-0.0002707241966370015,5.050797013578808e-06
6.544355246305482e-06,1.732472275513413,1.7325,-0.0002707242810701591,5.050797007502064e-06
6.546355246305482e-06,1.73247227552614,1.7325,-0.0002707241969029263,5.050797013714414e-06
6.548355246305482e-06,1.732472275513927,1.7325,-0.0002707242808175069,5.050797007503531e-06
6.550355246305482e-06,1.732472275526951,1.7325,-0.0002707241971954189,5.050797013764342e-06
6.552355246305482e-06,1.732472275515576,1.7325,-0.0002707242805648123,5.050797007483247e-06
6.554355246305482e-06,1.732472275529537,1.7325,-0.0002707241974745489,5.0507970137547e-06
6.556355246305483e-06,1.73247227551897,1.7325,-0.0002707242802987563,5.050797007470144e-06
6.558355246305483e-06,1.732472275533429,1.7325,-0.0002707241977536303,5.050797013816536e-06
6.560355246305483e-06,1.732472275523506,1.7325,-0.0002707242800459543,5.050797007501914e-06
6.562355246305483e-06,1.732472275537823,1.7325,-0.0002707241979928036,5.050797013901157e-06
6.564355246305483e-06,1.732472275527586,1.7325,-0.0002707242798197622,5.05079700749552e-06
6.566355246305483e-06,1.732472275541669,1.7325,-0.0002707241982718868,5.050797013908768e-06
6.568355246305483e-06,1.732472275531441,1.7325,-0.0002707242795270962,5.050797007435218e-06
6.570355246305484e-06,1.732472275544888,1.7325,-0.0002707241984845109,5.050797013901285e-06
6.572355246305484e-06,1.732472275534006,1.7325,-0.000270724279287664,5.050797007411388e-06
6.574355246305484e-06,1.732472275546425,1.7325,-0.0002707241987636799,5.050797013875361e-06
6.576355246305484e-06,1.73247227553463,1.7325,-0.0002707242790217111,5.050797007346189e-06
6.578355246305484e-06,1.73247227554593,1.7325,-0.0002707241990163315,5.050797013887583e-06
6.580355246305484e-06,1.732472275533114,1.7325,-0.0002707242787558377,5.050797007316776e-06
6.582355246305484e-06,1.732472275543544,1.7325,-0.000270724199255757,5.05079701396247e-06
6.584355246305485e-06,1.732472275530585,1.7325,-0.0002707242785032986,5.050797007222107e-06
6.586355246305485e-06,1.732472275540768,1.7325,-0.0002707241995217901,5.050797013763007e-06
6.588355246305485e-06,1.732472275527746,1.7325,-0.0002707242782640674,5.050797007047781e-06
6.590355246305485e-06,1.732472275537745,1.7325,-0.0002707241997213498,5.050797013702965e-06
6.592355246305485e-06,1.732472275524648,1.7325,-0.0002707242780115493,5.050797007031122e-06
6.594355246305485e-06,1.732472275534319,1.7325,-0.0002707242000139999,5.050797013732911e-06
6.596355246305486e-06,1.732472275521246,1.7325,-0.0002707242777723392,5.050797006949761e-06
6.598355246305486e-06,1.732472275531085,1.7325,-0.0002707242002667534,5.050797013713631e-06
6.600355246305486e-06,1.732472275518234,1.7325,-0.0002707242775065215,5.050797006993822e-06
6.602355246305486e-06,1.732472275528061,1.7325,-0.0002707242005062027,5.050797013776548e-06
6.604355246305486e-06,1.732472275515737,1.7325,-0.0002707242772539812,5.050797007002134e-06
6.606355246305486e-06,1.732472275526004,1.7325,-0.0002707242007323195,5.050797013823392e-06
6.608355246305486e-06,1.732472275514294,1.7325,-0.0002707242770279945,5.050797006942601e-06
6.610355246305487e-06,1.732472275525094,1.7325,-0.0002707242009716902,5.050797013777819e-06
6.612355246305487e-06,1.73247227551405,1.7325,-0.0002707242767886669,5.050797006904993e-06
6.614355246305487e-06,1.732472275525319,1.7325,-0.0002707242011844256,5.050797013764954e-06
6.616355246305487e-06,1.732472275514835,1.7325,-0.0002707242765758939,5.050797006841227e-06
6.618355246305487e-06,1.732472275526301,1.7325,-0.0002707242014237258,5.050797013752093e-06
6.620355246305487e-06,1.7324722755163,1.7325,-0.0002707242763497991,5.050797006855712e-06
6.622355246305487e-06,1.732472275528125,1.7325,-0.0002707242016762912,5.050797013827583e-06
6.624355246305488e-06,1.732472275518273,1.7325,-0.000270724276136982,5.050797006869931e-06
6.626355246305488e-06,1.73247227552972,1.7325,-0.0002707242018889756,5.050797013858146e-06
6.628355246305488e-06,1.73247227551981,1.7325,-0.0002707242758842915,5.05079700687144e-06
6.630355246305488e-06,1.73247227553093,1.7325,-0.0002707242021149709,5.050797013866828e-06
6.632355246305488e-06,1.732472275520806,1.7325,-0.0002707242756582142,5.050797006827806e-06
6.634355246305488e-06,1.732472275532105,1.7325,-0.0002707242023675604,5.050797013888906e-06
6.636355246305489e-06,1.732472275522533,1.7325,-0.0002707242754454061,5.050797006858528e-06
6.638355246305489e-06,1.7324722755339,1.7325,-0.0002707242026201269,5.050797013912773e-06
6.640355246305489e-06,1.732472275524192,1.7325,-0.0002707242752193042,5.050797006816728e-06
6.642355246305489e-06,1.732472275535283,1.7325,-0.0002707242027796333,5.050797013933643e-06
6.644355246305489e-06,1.732472275525701,1.7325,-0.0002707242749799113,5.050797006861702e-06
6.646355246305489e-06,1.73247227553683,1.7325,-0.000270724203005616,5.05079701396386e-06
6.648355246305489e-06,1.732472275527611,1.7325,-0.0002707242747538,5.050797006807389e-06
6.65035524630549e-06,1.73247227553884,1.7325,-0.000270724203244878,5.05079701395616e-06
6.65235524630549e-06,1.732472275529831,1.7325,-0.0002707242745276772,5.050797006802772e-06
6.65435524630549e-06,1.732472275541214,1.7325,-0.0002707242034974229,5.050797013967214e-06
6.65635524630549e-06,1.732472275532329,1.7325,-0.0002707242743281369,5.050797006763623e-06
6.65835524630549e-06,1.732472275543574,1.7325,-0.0002707242037233754,5.050797013941686e-06
6.66035524630549e-06,1.732472275534811,1.7325,-0.0002707242740754114,5.050797006738122e-06
6.66235524630549e-06,1.732472275545953,1.7325,-0.0002707242039626236,5.050797013967025e-06
6.664355246305491e-06,1.732472275537238,1.7325,-0.0002707242738625773,5.050797006769607e-06
6.666355246305491e-06,1.732472275548476,1.7325,-0.0002707242041752735,5.050797014007128e-06
6.668355246305491e-06,1.732472275540284,1.7325,-0.0002707242736231272,5.05079700676274e-06
6.670355246305491e-06,1.732472275551716,1.7325,-0.0002707242044011933,5.050797014014149e-06
6.672355246305491e-06,1.732472275543292,1.7325,-0.000270724273423568,5.050797006727944e-06
6.674355246305491e-06,1.732472275554274,1.7325,-0.000270724204587249,5.050797014020707e-06
6.676355246305492e-06,1.732472275545922,1.7325,-0.0002707242731974299,5.050797006732865e-06
6.678355246305492e-06,1.732472275556713,1.7325,-0.0002707242048131985,5.050797014030423e-06
6.680355246305492e-06,1.732472275547879,1.7325,-0.0002707242730112063,5.050797006743446e-06
6.682355246305492e-06,1.732472275557991,1.7325,-0.0002707242050391913,5.050797014071952e-06
6.684355246305492e-06,1.732472275549008,1.7325,-0.000270724272811717,5.05079700671375e-06
6.686355246305492e-06,1.73247227555908,1.7325,-0.0002707242052518945,5.050797014037802e-06
6.688355246305492e-06,1.732472275549904,1.7325,-0.0002707242725856434,5.0507970066916e-06
6.690355246305493e-06,1.732472275559299,1.7325,-0.0002707242054646301,5.050797014058169e-06
6.692355246305493e-06,1.732472275550087,1.7325,-0.0002707242723595963,5.050797006726136e-06
6.694355246305493e-06,1.732472275559674,1.7325,-0.0002707242056640635,5.05079701408321e-06
6.696355246305493e-06,1.732472275550417,1.7325,-0.0002707242721734332,5.050797006691184e-06
6.698355246305493e-06,1.732472275559704,1.7325,-0.0002707242058369168,5.050797014064497e-06
6.700355246305493e-06,1.732472275550675,1.7325,-0.0002707242719606799,5.050797006659389e-06
6.702355246305494e-06,1.73247227556003,1.7325,-0.0002707242060496483,5.050797014092396e-06
6.704355246305494e-06,1.732472275550954,1.7325,-0.0002707242717479257,5.050797006695629e-06
6.706355246305494e-06,1.732472275560004,1.7325,-0.0002707242062756896,5.050797014098643e-06
6.708355246305494e-06,1.73247227555071,1.7325,-0.0002707242714953015,5.050797006646251e-06
6.710355246305494e-06,1.732472275559617,1.7325,-0.0002707242064884478,5.050797014074952e-06
6.712355246305494e-06,1.732472275550531,1.7325,-0.0002707242713490469,5.050797006656167e-06
6.714355246305494e-06,1.732472275559534,1.7325,-0.0002707242066878982,5.050797014149356e-06
6.716355246305495e-06,1.732472275550708,1.7325,-0.0002707242711097035,5.050797006691986e-06
6.718355246305495e-06,1.732472275559773,1.7325,-0.0002707242068740401,5.050797014139214e-06
6.720355246305495e-06,1.732472275551131,1.7325,-0.0002707242709235369,5.050797006619751e-06
6.722355246305495e-06,1.732472275560304,1.7325,-0.0002707242071000606,5.050797014048939e-06
6.724355246305495e-06,1.732472275551891,1.7325,-0.0002707242707240614,5.050797006574652e-06
6.726355246305495e-06,1.732472275561007,1.7325,-0.0002707242072861853,5.050797014054005e-06
6.728355246305495e-06,1.732472275552499,1.7325,-0.0002707242705511844,5.050797006564789e-06
6.730355246305496e-06,1.732472275561157,1.7325,-0.0002707242074723305,5.050797014086773e-06
6.732355246305496e-06,1.732472275552357,1.7325,-0.0002707242703384459,5.05079700661479e-06
6.734355246305496e-06,1.732472275560975,1.7325,-0.0002707242076584881,5.050797014142126e-06
6.736355246305496e-06,1.732472275552337,1.7325,-0.0002707242701389994,5.050797006592813e-06
6.738355246305496e-06,1.732472275560653,1.7325,-0.0002707242078446509,5.050797014128494e-06
6.740355246305496e-06,1.732472275551878,1.7325,-0.0002707242699262727,5.0507970066083e-06
6.742355246305497e-06,1.732472275560046,1.7325,-0.0002707242080707137,5.050797014115642e-06
6.744355246305497e-06,1.732472275551057,1.7325,-0.0002707242697135594,5.050797006592423e-06
6.746355246305497e-06,1.732472275558633,1.7325,-0.0002707242082170276,5.05079701414904e-06
6.748355246305497e-06,1.732472275549484,1.7325,-0.0002707242695274671,5.050797006647826e-06
6.750355246305497e-06,1.732472275557232,1.7325,-0.00027072420844312,5.050797014163324e-06
6.752355246305497e-06,1.732472275548335,1.7325,-0.0002707242693280626,5.050797006578759e-06
6.754355246305497e-06,1.732472275556035,1.7325,-0.0002707242086426118,5.050797014142731e-06
6.756355246305498e-06,1.732472275547236,1.7325,-0.0002707242691419526,5.050797006600685e-06
6.758355246305498e-06,1.732472275555066,1.7325,-0.0002707242088155022,5.050797014204639e-06
6.760355246305498e-06,1.732472275546233,1.7325,-0.0002707242689558392,5.050797006667512e-06
6.762355246305498e-06,1.732472275553373,1.7325,-0.000270724209028309,5.050797014218615e-06
6.764355246305498e-06,1.732472275544177,1.7325,-0.0002707242687697648,5.05079700658885e-06
6.766355246305498e-06,1.73247227555118,1.7325,-0.0002707242092145414,5.050797014158431e-06
6.768355246305498e-06,1.732472275541945,1.7325,-0.000270724268583697,5.050797006592453e-06
6.770355246305499e-06,1.732472275548677,1.7325,-0.0002707242094007853,5.050797014142806e-06
6.772355246305499e-06,1.73247227553932,1.7325,-0.0002707242683976439,5.050797006573719e-06
6.774355246305499e-06,1.732472275545991,1.7325,-0.000270724209587036,5.050797014169338e-06
6.776355246305499e-06,1.73247227553678,1.7325,-0.0002707242681982911,5.050797006538587e-06
6.778355246305499e-06,1.732472275543213,1.7325,-0.0002707242097865867,5.050797014113159e-06
6.780355246305499e-06,1.732472275533786,1.7325,-0.0002707242680255481,5.050797006552288e-06
6.7823552463055e-06,1.732472275539807,1.7325,-0.0002707242099329747,5.050797014173005e-06
6.7843552463055e-06,1.732472275530076,1.7325,-0.0002707242678262388,5.050797006608284e-06
6.7863552463055e-06,1.73247227553597,1.7325,-0.0002707242101325647,5.050797014189636e-06
6.7883552463055e-06,1.732472275526586,1.7325,-0.0002707242676402178,5.050797006555534e-06
6.7903552463055e-06,1.732472275532941,1.7325,-0.0002707242103188282,5.050797014141461e-06
6.7923552463055e-06,1.732472275524205,1.7325,-0.0002707242674541556,5.050797006513213e-06
6.7943552463055e-06,1.732472275531084,1.7325,-0.0002707242105050481,5.05079701413186e-06
6.796355246305501e-06,1.732472275522898,1.7325,-0.0002707242673079429,5.050797006560753e-06
6.798355246305501e-06,1.732472275529961,1.7325,-0.0002707242107045372,5.050797014202044e-06
6.800355246305501e-06,1.732472275521907,1.7325,-0.0002707242671218289,5.050797006579273e-06
6.802355246305501e-06,1.732472275529035,1.7325,-0.0002707242108774259,5.050797014124326e-06
6.804355246305501e-06,1.732472275521245,1.7325,-0.0002707242669091098,5.050797006530177e-06
6.806355246305501e-06,1.732472275528552,1.7325,-0.0002707242110768912,5.05079701415159e-06
6.808355246305501e-06,1.732472275521083,1.7325,-0.0002707242667362615,5.050797006555901e-06
6.810355246305502e-06,1.732472275528414,1.7325,-0.0002707242112364542,5.050797014154243e-06
6.812355246305502e-06,1.732472275520854,1.7325,-0.0002707242665767121,5.05079700656177e-06
6.814355246305502e-06,1.732472275528,1.7325,-0.0002707242114226204,5.050797014168737e-06
6.816355246305502e-06,1.732472275520486,1.7325,-0.000270724266390575,5.050797006547565e-06
6.818355246305502e-06,1.732472275527536,1.7325,-0.0002707242115821955,5.050797014180884e-06
6.820355246305502e-06,1.732472275519863,1.7325,-0.0002707242662044473,5.050797006556166e-06
6.822355246305503e-06,1.732472275526463,1.7325,-0.0002707242117284967,5.05079701416717e-06
6.824355246305503e-06,1.73247227551859,1.7325,-0.0002707242660316404,5.050797006570169e-06
6.826355246305503e-06,1.73247227552517,1.7325,-0.0002707242119146957,5.050797014149413e-06
6.828355246305503e-06,1.732472275517343,1.7325,-0.000270724265845536,5.050797006524846e-06
6.830355246305503e-06,1.732472275523755,1.7325,-0.0002707242120477132,5.050797014169741e-06
6.832355246305503e-06,1.732472275515771,1.7325,-0.0002707242656993331,5.050797006558428e-06
6.834355246305503e-06,1.732472275522142,1.7325,-0.0002707242122472205,5.050797014132293e-06
6.836355246305504e-06,1.732472275514731,1.7325,-0.0002707242655265175,5.050797006545284e-06
6.838355246305504e-06,1.732472275521857,1.7325,-0.0002707242124333819,5.05079701415243e-06
6.840355246305504e-06,1.732472275515567,1.7325,-0.0002707242653935215,5.050797006560399e-06
6.842355246305504e-06,1.732472275523687,1.7325,-0.0002707242125928717,5.050797014150302e-06
6.844355246305504e-06,1.732472275518319,1.7325,-0.0002707242652205648,5.050797006563803e-06
6.846355246305504e-06,1.732472275527125,1.7325,-0.0002707242127788946,5.050797014162161e-06
6.848355246305504e-06,1.732472275522267,1.7325,-0.0002707242650741566,5.050797006558058e-06
6.850355246305505e-06,1.732472275530988,1.7325,-0.0002707242129649016,5.050797014158034e-06
6.852355246305505e-06,1.732472275526263,1.7325,-0.0002707242648745607,5.050797006570337e-06
6.854355246305505e-06,1.732472275535262,1.7325,-0.000270724213137597,5.050797014147869e-06
6.856355246305505e-06,1.73247227553031,1.7325,-0.0002707242647148523,5.050797006538419e-06
6.858355246305505e-06,1.732472275538517,1.7325,-0.0002707242133103302,5.050797014156153e-06
6.860355246305505e-06,1.732472275533241,1.7325,-0.0002707242645551854,5.050797006583028e-06
6.862355246305506e-06,1.732472275541308,1.7325,-0.0002707242134564878,5.050797014159119e-06
6.864355246305506e-06,1.732472275535623,1.7325,-0.0002707242644088354,5.050797006610219e-06
6.866355246305506e-06,1.732472275543187,1.7325,-0.0002707242136159757,5.050797014197484e-06
6.868355246305506e-06,1.732472275537597,1.7325,-0.0002707242642757972,5.050797006635583e-06
6.870355246305506e-06,1.732472275545023,1.7325,-0.0002707242137887618,5.050797014196731e-06
6.872355246305506e-06,1.732472275538853,1.7325,-0.0002707242641028961,5.050797006609048e-06
6.874355246305506e-06,1.732472275545762,1.7325,-0.0002707242139482921,5.050797014164728e-06
6.876355246305507e-06,1.732472275539921,1.7325,-0.0002707242639300021,5.050797006588722e-06
6.878355246305507e-06,1.732472275547159,1.7325,-0.0002707242140945015,5.050797014147533e-06
6.880355246305507e-06,1.732472275541191,1.7325,-0.0002707242637571004,5.050797006600713e-06
6.882355246305507e-06,1.732472275547766,1.7325,-0.0002707242142407403,5.050797014128306e-06
6.884355246305507e-06,1.732472275541585,1.7325,-0.0002707242636108245,5.050797006602304e-06
6.886355246305507e-06,1.732472275548462,1.7325,-0.0002707242144002722,5.05079701416801e-06
6.888355246305507e-06,1.732472275542307,1.7325,-0.0002707242634911292,5.050797006626269e-06
6.890355246305508e-06,1.732472275548888,1.7325,-0.0002707242145598142,5.050797014178939e-06
6.892355246305508e-06,1.732472275542922,1.7325,-0.0002707242633049555,5.050797006643939e-06
6.894355246305508e-06,1.732472275549422,1.7325,-0.0002707242147060557,5.050797014152864e-06
6.896355246305508e-06,1.732472275543325,1.7325,-0.0002707242631320862,5.050797006634145e-06
6.898355246305508e-06,1.732472275549702,1.7325,-0.0002707242148523066,5.050797014151556e-06
6.900355246305508e-06,1.732472275543409,1.7325,-0.0002707242629459323,5.050797006624635e-06
6.902355246305509e-06,1.732472275549297,1.7325,-0.0002707242150384725,5.05079701414489e-06
6.904355246305509e-06,1.732472275542989,1.7325,-0.0002707242627996866,5.05079700663701e-06
6.906355246305509e-06,1.732472275549037,1.7325,-0.0002707242151847435,5.05079701412732e-06
6.908355246305509e-06,1.732472275542749,1.7325,-0.0002707242626534342,5.050797006656658e-06
6.910355246305509e-06,1.732472275548592,1.7325,-0.0002707242153177249,5.05079701415802e-06
6.912355246305509e-06,1.732472275542317,1.7325,-0.0002707242625071889,5.050797006646282e-06
6.914355246305509e-06,1.732472275548045,1.7325,-0.0002707242154905996,5.050797014159853e-06
6.91635524630551e-06,1.732472275541569,1.7325,-0.0002707242623476589,5.050797006674314e-06
6.91835524630551e-06,1.732472275547177,1.7325,-0.0002707242156368932,5.050797014129485e-06
6.92035524630551e-06,1.732472275540756,1.7325,-0.0002707242621748348,5.050797006624671e-06
6.92235524630551e-06,1.732472275546299,1.7325,-0.0002707242157831872,5.050797014075949e-06
6.92435524630551e-06,1.732472275539831,1.7325,-0.0002707242620153114,5.050797006637668e-06
6.92635524630551e-06,1.732472275545077,1.7325,-0.0002707242159294941,5.050797014091033e-06
6.92835524630551e-06,1.732472275538666,1.7325,-0.0002707242618956863,5.050797006628445e-06
6.930355246305511e-06,1.732472275544007,1.7325,-0.0002707242161156847,5.050797014096965e-06
6.932355246305511e-06,1.732472275537573,1.7325,-0.0002707242617494656,5.050797006644121e-06
6.934355246305511e-06,1.732472275542816,1.7325,-0.0002707242162619904,5.050797014066023e-06
6.936355246305511e-06,1.732472275536526,1.7325,-0.0002707242616032432,5.050797006674006e-06
6.938355246305511e-06,1.732472275541822,1.7325,-0.0002707242163816957,5.050797014128612e-06
6.940355246305511e-06,1.732472275535789,1.7325,-0.0002707242614437128,5.050797006702892e-06
6.942355246305512e-06,1.732472275541564,1.7325,-0.0002707242165412631,5.050797014127115e-06
6.944355246305512e-06,1.732472275536279,1.7325,-0.0002707242612974333,5.050797006690101e-06
6.946355246305512e-06,1.73247227554265,1.7325,-0.0002707242166741876,5.050797014030525e-06
6.948355246305512e-06,1.732472275537797,1.7325,-0.0002707242612043014,5.050797006652911e-06
6.950355246305512e-06,1.732472275544229,1.7325,-0.0002707242168203902,5.050797014100859e-06
6.952355246305512e-06,1.732472275539592,1.7325,-0.0002707242610313802,5.050797006696354e-06
6.954355246305512e-06,1.732472275546271,1.7325,-0.0002707242169665756,5.050797014065309e-06
6.956355246305513e-06,1.732472275541715,1.7325,-0.0002707242609249294,5.050797006682872e-06
6.958355246305513e-06,1.732472275548239,1.7325,-0.0002707242170994673,5.050797014060201e-06
6.960355246305513e-06,1.732472275543676,1.7325,-0.0002707242607652986,5.050797006694736e-06
6.962355246305513e-06,1.732472275550202,1.7325,-0.0002707242172722486,5.050797014031808e-06
6.964355246305513e-06,1.732472275545663,1.7325,-0.0002707242606056668,5.050797006711978e-06
6.966355246305513e-06,1.732472275551754,1.7325,-0.0002707242173785627,5.050797014054474e-06
6.968355246305513e-06,1.732472275546612,1.7325,-0.0002707242604726667,5.050797006704034e-06
6.970355246305514e-06,1.732472275552234,1.7325,-0.0002707242175513992,5.050797014021364e-06
6.972355246305514e-06,1.732472275546917,1.7325,-0.0002707242603396905,5.050797006682545e-06
6.974355246305514e-06,1.732472275552361,1.7325,-0.0002707242176976559,5.050797014004975e-06
6.976355246305514e-06,1.732472275547223,1.7325,-0.0002707242602200107,5.050797006705875e-06
6.978355246305514e-06,1.732472275552858,1.7325,-0.0002707242178173057,5.05079701400462e-06
6.980355246305514e-06,1.732472275547941,1.7325,-0.0002707242600737226,5.050797006718346e-06
6.982355246305515e-06,1.732472275553867,1.7325,-0.0002707242179635296,5.050797014030814e-06
6.984355246305515e-06,1.73247227554924,1.7325,-0.000270724259927413,5.050797006739788e-06
6.986355246305515e-06,1.732472275555169,1.7325,-0.0002707242181097425,5.050797014009061e-06
6.988355246305515e-06,1.73247227555059,1.7325,-0.0002707242597943979,5.050797006717122e-06
6.990355246305515e-06,1.732472275556567,1.7325,-0.0002707242182426553,5.050797013990556e-06
6.992355246305515e-06,1.732472275552039,1.7325,-0.0002707242596480827,5.050797006742167e-06
6.994355246305515e-06,1.732472275557899,1.7325,-0.0002707242183622741,5.050797013994321e-06
6.996355246305516e-06,1.732472275553324,1.7325,-0.0002707242595283665,5.050797006768234e-06
6.998355246305516e-06,1.732472275558927,1.7325,-0.0002707242184952008,5.05079701397845e-06
7.000355246305516e-06,1.732472275554198,1.7325,-0.0002707242593953691,5.050797006741765e-06
7.002355246305516e-06,1.73247227555965,1.7325,-0.0002707242186414352,5.050797013978954e-06
7.004355246305516e-06,1.732472275554768,1.7325,-0.0002707242592756794,5.050797006747506e-06
7.006355246305516e-06,1.732472275560077,1.7325,-0.0002707242187743842,5.050797013950584e-06
7.008355246305516e-06,1.73247227555525,1.7325,-0.0002707242591294002,5.050797006794833e-06
7.010355246305517e-06,1.732472275560353,1.7325,-0.0002707242188807458,5.050797013998996e-06
7.012355246305517e-06,1.73247227555536,1.7325,-0.0002707242589698383,5.050797006795986e-06
7.014355246305517e-06,1.732472275560298,1.7325,-0.0002707242190270092,5.050797013959519e-06
7.016355246305517e-06,1.732472275555347,1.7325,-0.0002707242588767633,5.050797006761466e-06
7.018355246305517e-06,1.732472275560165,1.7325,-0.000270724219133386,5.050797013893924e-06
7.020355246305517e-06,1.732472275554943,1.7325,-0.0002707242587438136,5.050797006781858e-06
7.022355246305518e-06,1.732472275559297,1.7325,-0.0002707242192796797,5.050797013937833e-06
7.024355246305518e-06,1.732472275553649,1.7325,-0.0002707242585843039,5.050797006769452e-06
7.026355246305518e-06,1.732472275557603,1.7325,-0.0002707242193861146,5.050797013938791e-06
7.028355246305518e-06,1.732472275551766,1.7325,-0.0002707242584381125,5.050797006818133e-06
7.030355246305518e-06,1.732472275555554,1.7325,-0.0002707242195324522,5.050797013886584e-06
7.032355246305518e-06,1.732472275549732,1.7325,-0.0002707242583451128,5.050797006778426e-06
7.034355246305518e-06,1.732472275553429,1.7325,-0.0002707242196654961,5.050797013882551e-06
7.036355246305519e-06,1.732472275547517,1.7325,-0.0002707242581590444,5.050797006774579e-06
7.038355246305519e-06,1.732472275551177,1.7325,-0.0002707242198118412,5.050797013848575e-06
7.040355246305519e-06,1.732472275545311,1.7325,-0.000270724258066051,5.050797006810273e-06
7.042355246305519e-06,1.73247227554898,1.7325,-0.0002707242199049983,5.050797013890714e-06
7.044355246305519e-06,1.732472275543471,1.7325,-0.0002707242579597475,5.050797006817539e-06
7.046355246305519e-06,1.73247227554754,1.7325,-0.0002707242200247203,5.050797013890515e-06
7.048355246305519e-06,1.732472275542253,1.7325,-0.0002707242578135316,5.05079700684831e-06
7.05035524630552e-06,1.732472275546377,1.7325,-0.0002707242201843214,5.050797013837621e-06
7.05235524630552e-06,1.732472275541469,1.7325,-0.0002707242577071888,5.050797006815974e-06
7.05435524630552e-06,1.732472275546014,1.7325,-0.0002707242202774103,5.05079701383666e-06
7.05635524630552e-06,1.732472275541331,1.7325,-0.0002707242575742291,5.05079700681511e-06
7.05835524630552e-06,1.732472275545632,1.7325,-0.0002707242204103894,5.050797013807096e-06
7.06035524630552e-06,1.732472275540613,1.7325,-0.0002707242574412909,5.050797006848631e-06
7.062355246305521e-06,1.732472275544466,1.7325,-0.0002707242205301011,5.050797013852295e-06
7.064355246305521e-06,1.732472275539102,1.7325,-0.0002707242573083822,5.050797006852143e-06
7.066355246305521e-06,1.732472275542518,1.7325,-0.0002707242206631384,5.050797013838225e-06
7.068355246305521e-06,1.732472275536966,1.7325,-0.0002707242571887933,5.050797006905463e-06
7.070355246305521e-06,1.732472275540521,1.7325,-0.0002707242207828811,5.050797013829711e-06
7.072355246305521e-06,1.732472275534996,1.7325,-0.0002707242570824947,5.050797006899958e-06
7.074355246305521e-06,1.732472275538608,1.7325,-0.0002707242209026207,5.05079701383507e-06
7.076355246305522e-06,1.732472275533683,1.7325,-0.0002707242569495787,5.050797006905689e-06
7.078355246305522e-06,1.732472275537686,1.7325,-0.0002707242210090269,5.05079701380798e-06
7.080355246305522e-06,1.732472275532807,1.7325,-0.0002707242568299429,5.050797006906698e-06
7.082355246305522e-06,1.732472275536821,1.7325,-0.0002707242211420239,5.050797013817432e-06
7.084355246305522e-06,1.732472275532425,1.7325,-0.0002707242567102887,5.050797006956245e-06
7.086355246305522e-06,1.732472275536935,1.7325,-0.000270724221261688,5.050797013821539e-06
7.088355246305523e-06,1.732472275532891,1.7325,-0.0002707242565906031,5.0507970069532e-06
7.090355246305523e-06,1.732472275537543,1.7325,-0.0002707242213680373,5.050797013812936e-06
7.092355246305523e-06,1.732472275533618,1.7325,-0.0002707242564842041,5.0507970069234e-06
7.094355246305523e-06,1.732472275538097,1.7325,-0.000270724221487685,5.050797013750802e-06
7.096355246305523e-06,1.732472275533825,1.7325,-0.0002707242563379351,5.050797006931183e-06
7.098355246305523e-06,1.732472275537976,1.7325,-0.0002707242215940615,5.050797013732962e-06
7.100355246305523e-06,1.732472275533514,1.7325,-0.0002707242562315747,5.050797006907298e-06
7.102355246305524e-06,1.732472275537257,1.7325,-0.0002707242217137566,5.050797013722705e-06
7.104355246305524e-06,1.73247227553232,1.7325,-0.0002707242561518402,5.05079700693093e-06
7.106355246305524e-06,1.732472275535909,1.7325,-0.0002707242218068821,5.050797013725112e-06
7.108355246305524e-06,1.732472275531214,1.7325,-0.0002707242559923235,5.05079700696943e-06
7.110355246305524e-06,1.732472275534806,1.7325,-0.000270724221939888,5.050797013725965e-06
7.112355246305524e-06,1.732472275530216,1.7325,-0.0002707242558726922,5.050797006987296e-06
7.114355246305524e-06,1.732472275534131,1.7325,-0.0002707242220595815,5.05079701372879e-06
7.116355246305525e-06,1.732472275529875,1.7325,-0.000270724255792926,5.050797007004218e-06
7.118355246305525e-06,1.732472275533922,1.7325,-0.0002707242221792576,5.050797013745538e-06
7.120355246305525e-06,1.732472275530015,1.7325,-0.000270724255659956,5.050797007020901e-06
7.122355246305525e-06,1.732472275534277,1.7325,-0.0002707242222723199,5.050797013763116e-06
7.124355246305525e-06,1.73247227553023,1.7325,-0.0002707242555668726,5.050797007061291e-06
7.126355246305525e-06,1.732472275534169,1.7325,-0.0002707242223786957,5.050797013707407e-06
7.128355246305526e-06,1.732472275530233,1.7325,-0.0002707242554605005,5.050797007036968e-06
7.130355246305526e-06,1.732472275534596,1.7325,-0.0002707242224983483,5.050797013709081e-06
7.132355246305526e-06,1.732472275530956,1.7325,-0.0002707242553408053,5.050797007032843e-06
7.134355246305526e-06,1.732472275535131,1.7325,-0.0002707242226179968,5.050797013680589e-06
7.136355246305526e-06,1.732472275531512,1.7325,-0.0002707242552078198,5.050797007019823e-06
7.138355246305526e-06,1.732472275535849,1.7325,-0.0002707242227110454,5.050797013644745e-06
7.140355246305526e-06,1.732472275532138,1.7325,-0.000270724255114721,5.050797007033653e-06
7.142355246305527e-06,1.732472275536156,1.7325,-0.0002707242228572954,5.050797013680651e-06
7.144355246305527e-06,1.732472275532449,1.7325,-0.0002707242550216341,5.050797007083021e-06
7.146355246305527e-06,1.732472275536495,1.7325,-0.0002707242229636547,5.050797013644304e-06
7.148355246305527e-06,1.732472275532493,1.7325,-0.0002707242549019641,5.050797007062031e-06
7.150355246305527e-06,1.732472275536129,1.7325,-0.0002707242230700402,5.050797013626245e-06
7.152355246305527e-06,1.732472275532163,1.7325,-0.000270724254782308,5.050797007073459e-06
7.154355246305527e-06,1.732472275535826,1.7325,-0.0002707242231631268,5.050797013641113e-06
7.156355246305528e-06,1.732472275531448,1.7325,-0.0002707242546892591,5.05079700709219e-06
7.158355246305528e-06,1.73247227553452,1.7325,-0.0002707242232828438,5.050797013657665e-06
7.160355246305528e-06,1.732472275530264,1.7325,-0.0002707242545829313,5.050797007128873e-06
7.162355246305528e-06,1.732472275533739,1.7325,-0.0002707242233626517,5.050797013602351e-06
7.164355246305528e-06,1.732472275529557,1.7325,-0.0002707242544499927,5.050797007095899e-06
7.166355246305528e-06,1.732472275532859,1.7325,-0.0002707242234690564,5.050797013590282e-06
7.168355246305529e-06,1.73247227552906,1.7325,-0.0002707242543303429,5.050797007101103e-06
7.170355246305529e-06,1.73247227553302,1.7325,-0.0002707242235754224,5.050797013569678e-06
7.172355246305529e-06,1.732472275529496,1.7325,-0.0002707242542638442,5.050797007104904e-06
7.174355246305529e-06,1.732472275533086,1.7325,-0.0002707242236950882,5.050797013563352e-06
7.176355246305529e-06,1.732472275529425,1.7325,-0.0002707242541707714,5.050797007130827e-06
7.178355246305529e-06,1.732472275533112,1.7325,-0.0002707242238014592,5.050797013571051e-06
7.180355246305529e-06,1.732472275529315,1.7325,-0.0002707242540644036,5.050797007156128e-06
7.18235524630553e-06,1.732472275532834,1.7325,-0.0002707242238945449,5.050797013585634e-06
7.18435524630553e-06,1.732472275529239,1.7325,-0.0002707242539447381,5.050797007185813e-06
7.18635524630553e-06,1.732472275532868,1.7325,-0.0002707242239876191,5.050797013549944e-06
7.18835524630553e-06,1.732472275529382,1.7325,-0.0002707242538649539,5.050797007152675e-06
7.19035524630553e-06,1.732472275532997,1.7325,-0.0002707242241205792,5.050797013532052e-06
7.19235524630553e-06,1.732472275529186,1.7325,-0.0002707242537452928,5.050797007168744e-06
7.19435524630553e-06,1.73247227553267,1.7325,-0.0002707242242402596,5.050797013527964e-06
7.196355246305531e-06,1.732472275529241,1.7325,-0.0002707242536522153,5.050797007205194e-06
7.198355246305531e-06,1.732472275532654,1.7325,-0.0002707242243067427,5.05079701353394e-06
7.200355246305531e-06,1.732472275529043,1.7325,-0.0002707242535458508,5.050797007201939e-06
7.202355246305531e-06,1.732472275532561,1.7325,-0.0002707242243865251,5.050797013504763e-06
7.204355246305531e-06,1.732472275529139,1.7325,-0.0002707242534394753,5.050797007236835e-06
7.206355246305531e-06,1.732472275532699,1.7325,-0.0002707242245061882,5.050797013558191e-06
7.208355246305532e-06,1.732472275529331,1.7325,-0.0002707242533596893,5.050797007248435e-06
7.210355246305532e-06,1.732472275532894,1.7325,-0.0002707242245992565,5.050797013493368e-06
7.212355246305532e-06,1.732472275529587,1.7325,-0.0002707242532931974,5.050797007233615e-06
7.214355246305532e-06,1.732472275533125,1.7325,-0.0002707242246790268,5.050797013490103e-06
7.216355246305532e-06,1.732472275529924,1.7325,-0.0002707242531735164,5.050797007249377e-06
7.218355246305532e-06,1.732472275533565,1.7325,-0.0002707242247720858,5.050797013451076e-06
7.220355246305532e-06,1.732472275530279,1.7325,-0.0002707242530671313,5.050797007247906e-06
7.222355246305533e-06,1.732472275533663,1.7325,-0.0002707242248784541,5.050797013426958e-06
7.224355246305533e-06,1.732472275530164,1.7325,-0.0002707242529607637,5.05079700722676e-06
7.226355246305533e-06,1.732472275533222,1.7325,-0.0002707242249848424,5.050797013418792e-06
7.228355246305533e-06,1.732472275529184,1.7325,-0.0002707242528411318,5.050797007237992e-06
7.230355246305533e-06,1.732472275531338,1.7325,-0.0002707242250646913,5.050797013390277e-06
7.232355246305533e-06,1.732472275527053,1.7325,-0.0002707242527481356,5.050797007235125e-06
7.234355246305533e-06,1.732472275529583,1.7325,-0.0002707242251578321,5.050797013436701e-06
7.236355246305534e-06,1.732472275525234,1.7325,-0.0002707242526551279,5.050797007300913e-06
7.238355246305534e-06,1.732472275527281,1.7325,-0.0002707242252509931,5.05079701337672e-06
7.240355246305534e-06,1.732472275522953,1.7325,-0.0002707242525887303,5.050797007286296e-06
7.242355246305534e-06,1.73247227552517,1.7325,-0.0002707242253574436,5.050797013440079e-06
7.244355246305534e-06,1.732472275521115,1.7325,-0.0002707242524824268,5.050797007371459e-06
7.246355246305534e-06,1.732472275523657,1.7325,-0.0002707242254505751,5.05079701340067e-06
7.248355246305535e-06,1.732472275520013,1.7325,-0.0002707242523760958,5.050797007338875e-06
7.250355246305535e-06,1.732472275523164,1.7325,-0.000270724225517076,5.050797013395863e-06
7.252355246305535e-06,1.732472275520065,1.7325,-0.0002707242522697221,5.050797007329153e-06
7.254355246305535e-06,1.732472275523258,1.7325,-0.0002707242256367408,5.050797013370632e-06
7.256355246305535e-06,1.732472275520083,1.7325,-0.0002707242521899425,5.050797007340069e-06
7.258355246305535e-06,1.732472275523269,1.7325,-0.0002707242257431123,5.05079701336018e-06
7.260355246305535e-06,1.732472275520226,1.7325,-0.0002707242520968617,5.05079700733365e-06
7.262355246305536e-06,1.732472275523412,1.7325,-0.000270724225796293,5.050797013325972e-06
7.264355246305536e-06,1.732472275520198,1.7325,-0.0002707242520037874,5.050797007340468e-06
7.266355246305536e-06,1.732472275523228,1.7325,-0.0002707242259159681,5.050797013318841e-06
7.268355246305536e-06,1.732472275520183,1.7325,-0.000270724251924009,5.050797007369362e-06
7.270355246305536e-06,1.732472275523136,1.7325,-0.000270724225982454,5.050797013341664e-06
7.272355246305536e-06,1.732472275519769,1.7325,-0.0002707242518575419,5.050797007402739e-06
7.274355246305536e-06,1.732472275522881,1.7325,-0.0002707242260622424,5.050797013333001e-06
7.276355246305537e-06,1.732472275520034,1.7325,-0.0002707242517378638,5.050797007438228e-06
7.278355246305537e-06,1.7324722755233,1.7325,-0.0002707242261685987,5.050797013341397e-06
7.280355246305537e-06,1.73247227552066,1.7325,-0.0002707242516580615,5.050797007424988e-06
7.282355246305537e-06,1.732472275524117,1.7325,-0.0002707242262350508,5.050797013299683e-06
7.284355246305537e-06,1.732472275521595,1.7325,-0.0002707242515649513,5.050797007414978e-06
7.286355246305537e-06,1.732472275525227,1.7325,-0.0002707242263280849,5.050797013296033e-06
7.288355246305538e-06,1.732472275522962,1.7325,-0.0002707242514984181,5.050797007448803e-06
7.290355246305538e-06,1.732472275526612,1.7325,-0.0002707242264344052,5.050797013282478e-06
7.292355246305538e-06,1.73247227552432,1.7325,-0.0002707242513919957,5.050797007456073e-06
7.294355246305538e-06,1.732472275528021,1.7325,-0.0002707242265274283,5.050797013274098e-06
7.296355246305538e-06,1.732472275526008,1.7325,-0.0002707242512988574,5.050797007429238e-06
7.298355246305538e-06,1.732472275529862,1.7325,-0.0002707242266204352,5.050797013236809e-06
7.300355246305538e-06,1.732472275527815,1.7325,-0.0002707242512456043,5.050797007472716e-06
7.302355246305539e-06,1.732472275531489,1.7325,-0.0002707242267001536,5.050797013269963e-06
7.304355246305539e-06,1.732472275529234,1.7325,-0.0002707242511524761,5.05079700749715e-06
7.306355246305539e-06,1.732472275532516,1.7325,-0.0002707242268064872,5.050797013247787e-06
7.308355246305539e-06,1.73247227552998,1.7325,-0.0002707242510859659,5.050797007541265e-06
7.310355246305539e-06,1.732472275533182,1.7325,-0.0002707242268729449,5.050797013258533e-06
7.312355246305539e-06,1.732472275530444,1.7325,-0.0002707242509795768,5.050797007473502e-06
7.314355246305539e-06,1.732472275533207,1.7325,-0.0002707242269926123,5.050797013173274e-06
7.31635524630554e-06,1.732472275530218,1.7325,-0.0002707242508865098,5.050797007447003e-06
7.31835524630554e-06,1.732472275532817,1.7325,-0.0002707242270591093,5.05079701315572e-06
7.32035524630554e-06,1.732472275529724,1.7325,-0.0002707242507934527,5.050797007476524e-06
7.32235524630554e-06,1.732472275532126,1.7325,-0.0002707242271389139,5.050797013141251e-06
7.32435524630554e-06,1.732472275528676,1.7325,-0.0002707242507137128,5.050797007516256e-06
7.32635524630554e-06,1.732472275530557,1.7325,-0.0002707242272320477,5.050797013188949e-06
7.328355246305541e-06,1.732472275526664,1.7325,-0.0002707242506473052,5.050797007527799e-06
7.330355246305541e-06,1.732472275528473,1.7325,-0.0002707242273252006,5.050797013162105e-06
7.332355246305541e-06,1.73247227552507,1.7325,-0.0002707242505808821,5.05079700757216e-06
7.334355246305541e-06,1.732472275527296,1.7325,-0.0002707242273784303,5.050797013193972e-06
7.336355246305541e-06,1.732472275524118,1.7325,-0.0002707242504745456,5.05079700761013e-06
7.338355246305541e-06,1.732472275526881,1.7325,-0.0002707242274981142,5.050797013179911e-06
7.340355246305541e-06,1.732472275525292,1.7325,-0.000270724250394723,5.050797007602693e-06
7.342355246305542e-06,1.732472275529712,1.7325,-0.0002707242275511949,5.050797013159772e-06
7.344355246305542e-06,1.732472275528955,1.7325,-0.0002707242503281043,5.050797007589654e-06
7.346355246305542e-06,1.732472275533762,1.7325,-0.0002707242276707125,5.050797013127726e-06
7.348355246305542e-06,1.732472275533453,1.7325,-0.0002707242502614546,5.050797007609471e-06
7.350355246305542e-06,1.732472275538641,1.7325,-0.0002707242277370135,5.050797013126259e-06
7.352355246305542e-06,1.732472275538473,1.7325,-0.0002707242501548959,5.050797007600093e-06
7.354355246305542e-06,1.732472275543498,1.7325,-0.0002707242278166117,5.050797013103877e-06
7.356355246305543e-06,1.732472275543022,1.7325,-0.0002707242500749478,5.050797007599095e-06
7.358355246305543e-06,1.732472275547577,1.7325,-0.0002707242279095354,5.050797013066587e-06
7.360355246305543e-06,1.732472275546674,1.7325,-0.000270724249995033,5.050797007603198e-06
7.362355246305543e-06,1.732472275550824,1.7325,-0.000270724227949304,5.050797013058406e-06
7.364355246305543e-06,1.73247227554942,1.7325,-0.0002707242499417449,5.05079700763283e-06
7.366355246305543e-06,1.732472275552933,1.7325,-0.0002707242280555975,5.0507970130719e-06
7.368355246305544e-06,1.732472275551076,1.7325,-0.0002707242498619044,5.050797007653056e-06
7.370355246305544e-06,1.732472275554127,1.7325,-0.0002707242281220355,5.050797013087532e-06
7.372355246305544e-06,1.732472275551721,1.7325,-0.000270724249768805,5.050797007687469e-06
7.374355246305544e-06,1.732472275554052,1.7325,-0.0002707242282151137,5.050797013048181e-06
7.376355246305544e-06,1.732472275551338,1.7325,-0.0002707242496757439,5.050797007661758e-06
7.378355246305544e-06,1.732472275553758,1.7325,-0.0002707242282683106,5.050797013026428e-06
7.380355246305544e-06,1.732472275551043,1.7325,-0.0002707242495959759,5.050797007666814e-06
7.382355246305545e-06,1.732472275553318,1.7325,-0.0002707242283481059,5.0507970130386e-06
7.384355246305545e-06,1.732472275550641,1.7325,-0.0002707242495162119,5.050797007698212e-06
7.386355246305545e-06,1.732472275552977,1.7325,-0.000270724228414601,5.050797013028458e-06
7.388355246305545e-06,1.732472275550339,1.7325,-0.0002707242494763337,5.05079700774497e-06
7.390355246305545e-06,1.732472275552827,1.7325,-0.000270724228534275,5.050797013034718e-06
7.392355246305545e-06,1.732472275550478,1.7325,-0.0002707242493699567,5.050797007725841e-06
7.394355246305545e-06,1.732472275553118,1.7325,-0.0002707242285874501,5.050797013038911e-06
7.396355246305546e-06,1.732472275550878,1.7325,-0.0002707242492901629,5.050797007793469e-06
7.398355246305546e-06,1.732472275553594,1.7325,-0.0002707242286539148,5.050797013052641e-06
7.400355246305546e-06,1.73247227555161,1.7325,-0.0002707242492236532,5.050797007760776e-06
7.402355246305546e-06,1.73247227555463,1.7325,-0.0002707242287336552,5.050797012966337e-06
7.404355246305546e-06,1.732472275552712,1.7325,-0.0002707242491571297,5.050797007718836e-06
7.406355246305546e-06,1.732472275555614,1.7325,-0.0002707242288133974,5.050797012920829e-06
7.408355246305547e-06,1.732472275553545,1.7325,-0.0002707242490640234,5.0507970077423e-06
7.410355246305547e-06,1.732472275556131,1.7325,-0.0002707242288665642,5.050797012962306e-06
7.412355246305547e-06,1.732472275554048,1.7325,-0.0002707242489975223,5.050797007744946e-06
7.414355246305547e-06,1.732472275556643,1.7325,-0.0002707242289596205,5.050797012947249e-06
7.416355246305547e-06,1.73247227555443,1.7325,-0.0002707242489044326,5.050797007805866e-06
7.418355246305547e-06,1.732472275556918,1.7325,-0.0002707242290393892,5.050797012958058e-06
7.420355246305547e-06,1.732472275554573,1.7325,-0.0002707242488246484,5.050797007843961e-06
7.422355246305548e-06,1.732472275556779,1.7325,-0.0002707242291058769,5.050797012950016e-06
7.424355246305548e-06,1.732472275554324,1.7325,-0.0002707242487847682,5.050797007787225e-06
7.426355246305548e-06,1.732472275556489,1.7325,-0.0002707242291723701,5.050797012901654e-06
7.428355246305548e-06,1.732472275553932,1.7325,-0.0002707242487050039,5.050797007829716e-06
7.430355246305548e-06,1.732472275556068,1.7325,-0.0002707242292521647,5.050797012962375e-06
7.432355246305548e-06,1.732472275553606,1.7325,-0.0002707242486651265,5.050797007875651e-06
7.434355246305548e-06,1.73247227555572,1.7325,-0.000270724229345253,5.050797012922195e-06
7.436355246305549e-06,1.732472275553363,1.7325,-0.0002707242485720601,5.050797007868529e-06
7.438355246305549e-06,1.732472275555561,1.7325,-0.0002707242293718519,5.050797012901015e-06
7.440355246305549e-06,1.732472275553203,1.7325,-0.0002707242484922872,5.050797007839353e-06
7.442355246305549e-06,1.732472275555353,1.7325,-0.0002707242294649351,5.050797012879325e-06
7.444355246305549e-06,1.732472275553038,1.7325,-0.0002707242484125144,5.05079700787742e-06
7.446355246305549e-06,1.732472275555345,1.7325,-0.0002707242295314178,5.050797012895502e-06
7.44835524630555e-06,1.732472275553087,1.7325,-0.0002707242483593266,5.050797007915088e-06
7.45035524630555e-06,1.732472275555099,1.7325,-0.0002707242295580199,5.050797012878264e-06
7.45235524630555e-06,1.732472275552844,1.7325,-0.0002707242483061497,5.050797007900758e-06
7.45435524630555e-06,1.732472275555075,1.7325,-0.0002707242296510962,5.050797012855368e-06
7.45635524630555e-06,1.732472275552752,1.7325,-0.0002707242482130777,5.05079700788107e-06
7.45835524630555e-06,1.732472275554859,1.7325,-0.0002707242297308832,5.050797012817874e-06
7.46035524630555e-06,1.732472275552767,1.7325,-0.0002707242481598913,5.05079700787765e-06
7.462355246305551e-06,1.732472275555028,1.7325,-0.0002707242297973593,5.050797012781193e-06
7.464355246305551e-06,1.732472275552761,1.7325,-0.0002707242480934091,5.050797007876364e-06
7.466355246305551e-06,1.732472275554783,1.7325,-0.0002707242298638508,5.050797012793314e-06
7.468355246305551e-06,1.732472275552492,1.7325,-0.0002707242480003436,5.050797007891608e-06
7.470355246305551e-06,1.732472275554298,1.7325,-0.0002707242299170548,5.050797012755642e-06
7.472355246305551e-06,1.732472275551851,1.7325,-0.0002707242479737745,5.050797007903288e-06
7.474355246305552e-06,1.732472275553721,1.7325,-0.0002707242299968552,5.050797012762477e-06
7.476355246305552e-06,1.732472275551207,1.7325,-0.000270724247880723,5.050797007917404e-06
7.478355246305552e-06,1.732472275552914,1.7325,-0.0002707242300633676,5.050797012740061e-06
7.480355246305552e-06,1.732472275550438,1.7325,-0.0002707242478275657,5.050797007914584e-06
7.482355246305552e-06,1.73247227555226,1.7325,-0.0002707242301431709,5.050797012755406e-06
7.484355246305552e-06,1.732472275549758,1.7325,-0.0002707242477478121,5.05079700797823e-06
7.486355246305552e-06,1.732472275551366,1.7325,-0.0002707242301830936,5.050797012744344e-06
7.488355246305553e-06,1.732472275549117,1.7325,-0.000270724247668057,5.050797007939487e-06
7.490355246305553e-06,1.732472275551197,1.7325,-0.0002707242302761754,5.050797012749156e-06
7.492355246305553e-06,1.732472275549081,1.7325,-0.0002707242476148724,5.050797007998969e-06
7.494355246305553e-06,1.732472275551188,1.7325,-0.0002707242303426581,5.050797012762922e-06
7.496355246305553e-06,1.73247227554953,1.7325,-0.0002707242475483733,5.050797008006728e-06
7.498355246305553e-06,1.732472275552151,1.7325,-0.0002707242303692152,5.050797012735087e-06
7.500355246305553e-06,1.73247227555047,1.7325,-0.0002707242474818559,5.050797008064927e-06
7.502355246305554e-06,1.732472275552662,1.7325,-0.0002707242304622716,5.050797012777621e-06
7.504355246305554e-06,1.732472275550901,1.7325,-0.0002707242474153574,5.050797008063081e-06
7.506355246305554e-06,1.732472275553279,1.7325,-0.0002707242305154347,5.050797012730555e-06
7.508355246305554e-06,1.732472275551516,1.7325,-0.0002707242473488521,5.050797008029564e-06
7.510355246305554e-06,1.73247227555376,1.7325,-0.0002707242305818991,5.050797012694958e-06
7.512355246305554e-06,1.732472275552166,1.7325,-0.000270724247269049,5.050797008060694e-06
7.514355246305555e-06,1.732472275554625,1.7325,-0.0002707242306749424,5.050797012693285e-06
7.516355246305555e-06,1.732472275552963,1.7325,-0.0002707242472424264,5.050797008034122e-06
7.518355246305555e-06,1.732472275554966,1.7325,-0.0002707242307015227,5.050797012685071e-06
7.520355246305555e-06,1.732472275552965,1.7325,-0.0002707242471626474,5.050797008101642e-06
7.522355246305555e-06,1.732472275554674,1.7325,-0.000270724230768016,5.050797012700045e-06
7.524355246305555e-06,1.732472275552197,1.7325,-0.0002707242471094901,5.050797008060004e-06
7.526355246305555e-06,1.732472275553695,1.7325,-0.0002707242308212384,5.050797012654338e-06
7.528355246305556e-06,1.732472275551403,1.7325,-0.0002707242470430371,5.050797008109485e-06
7.530355246305556e-06,1.732472275552845,1.7325,-0.0002707242308877524,5.050797012668926e-06
7.532355246305556e-06,1.732472275550424,1.7325,-0.0002707242470031841,5.050797008123689e-06
7.534355246305556e-06,1.732472275551968,1.7325,-0.000270724230940971,5.050797012664136e-06
7.536355246305556e-06,1.732472275549865,1.7325,-0.0002707242469234259,5.050797008152278e-06
7.538355246305556e-06,1.732472275551617,1.7325,-0.0002707242309941699,5.050797012680282e-06
7.540355246305556e-06,1.732472275549542,1.7325,-0.0002707242468569555,5.05079700816852e-06
7.542355246305557e-06,1.732472275551431,1.7325,-0.0002707242310872523,5.050797012693435e-06
7.544355246305557e-06,1.732472275549507,1.7325,-0.0002707242467904744,5.050797008352191e-06
7.546355246305557e-06,1.732472275551358,1.7325,-0.0002707242311271445,5.05079701285481e-06
7.548355246305557e-06,1.732472275549694,1.7325,-0.0002707242467372815,5.050797008266137e-06
7.550355246305557e-06,1.732472275551912,1.7325,-0.0002707242312069028,5.050797012716455e-06
7.552355246305557e-06,1.732472275550497,1.7325,-0.0002707242466707692,5.050797008351859e-06
7.554355246305558e-06,1.732472275552833,1.7325,-0.0002707242312467579,5.050797012779073e-06
7.556355246305558e-06,1.732472275551449,1.7325,-0.0002707242466175479,5.050797008227452e-06
7.558355246305558e-06,1.732472275553723,1.7325,-0.0002707242313132073,5.050797012633454e-06
7.560355246305558e-06,1.732472275552311,1.7325,-0.0002707242465244404,5.050797008335761e-06
7.562355246305558e-06,1.732472275554511,1.7325,-0.0002707242313663639,5.050797012785288e-06
7.564355246305558e-06,1.73247227555304,1.7325,-0.0002707242464978203,5.050797008459672e-06
7.566355246305558e-06,1.732472275555268,1.7325,-0.0002707242314328182,5.050797012844203e-06
7.568355246305559e-06,1.732472275553857,1.7325,-0.0002707242464313075,5.05079700844627e-06
7.570355246305559e-06,1.732472275555922,1.7325,-0.0002707242314593868,5.050797012815883e-06
7.572355246305559e-06,1.732472275554373,1.7325,-0.0002707242463913988,5.050797008458265e-06
7.574355246305559e-06,1.732472275556455,1.7325,-0.0002707242315524424,5.050797012761754e-06
7.576355246305559e-06,1.732472275555035,1.7325,-0.0002707242463381883,5.050797008422163e-06
7.578355246305559e-06,1.732472275557104,1.7325,-0.0002707242316189007,5.050797012738454e-06
7.580355246305559e-06,1.73247227555536,1.7325,-0.0002707242462849902,5.05079700842974e-06
7.58235524630556e-06,1.732472275556987,1.7325,-0.000270724231672091,5.050797012743956e-06
7.58435524630556e-06,1.732472275554913,1.7325,-0.0002707242462185244,5.050797008467641e-06
7.58635524630556e-06,1.732472275556151,1.7325,-0.0002707242317386045,5.050797012746021e-06
7.58835524630556e-06,1.732472275553846,1.7325,-0.0002707242461786746,5.050797008490473e-06
7.59035524630556e-06,1.732472275555057,1.7325,-0.0002707242317652382,5.050797012730061e-06
7.59235524630556e-06,1.732472275552702,1.7325,-0.0002707242460989382,5.050797008478028e-06
7.594355246305561e-06,1.732472275553731,1.7325,-0.0002707242318317699,5.050797012711121e-06
7.596355246305561e-06,1.732472275551354,1.7325,-0.000270724246059099,5.05079700845683e-06
7.598355246305561e-06,1.732472275552561,1.7325,-0.0002707242318849994,5.050797012685617e-06
7.600355246305561e-06,1.73247227555021,1.7325,-0.0002707242459793625,5.050797008491895e-06
7.602355246305561e-06,1.732472275551201,1.7325,-0.0002707242319515324,5.050797012721298e-06
7.604355246305561e-06,1.732472275548996,1.7325,-0.0002707242459262218,5.050797008525792e-06
7.606355246305561e-06,1.732472275550266,1.7325,-0.0002707242319781602,5.050797012688477e-06
7.608355246305562e-06,1.73247227554815,1.7325,-0.0002707242458863638,5.050797008534864e-06
7.610355246305562e-06,1.732472275549493,1.7325,-0.0002707242320446715,5.050797012732568e-06
7.612355246305562e-06,1.732472275547789,1.7325,-0.0002707242458464878,5.050797008586367e-06
7.614355246305562e-06,1.732472275549557,1.7325,-0.0002707242320845585,5.050797012690601e-06
7.616355246305562e-06,1.732472275548149,1.7325,-0.000270724245779992,5.050797008567808e-06
7.618355246305562e-06,1.732472275550038,1.7325,-0.00027072423212443,5.050797012688734e-06
7.620355246305562e-06,1.732472275548531,1.7325,-0.0002707242457267918,5.050797008568757e-06
7.622355246305563e-06,1.732472275550241,1.7325,-0.0002707242321776084,5.050797012659368e-06
7.624355246305563e-06,1.732472275548762,1.7325,-0.0002707242456603008,5.05079700855621e-06
7.626355246305563e-06,1.732472275550767,1.7325,-0.0002707242322440713,5.050797012630374e-06
7.628355246305563e-06,1.732472275549527,1.7325,-0.0002707242455937898,5.050797008578413e-06
7.630355246305562e-06,1.73247227555124,1.7325,-0.0002707242323105362,5.05079701267789e-06
7.632355246305562e-06,1.732472275549551,1.7325,-0.0002707242455538996,5.050797008613006e-06
7.634355246305561e-06,1.732472275551284,1.7325,-0.0002707242323637205,5.050797012642866e-06
7.63635524630556e-06,1.732472275549872,1.7325,-0.0002707242455139981,5.050797008619562e-06
7.63835524630556e-06,1.732472275551661,1.7325,-0.0002707242324301889,5.050797012655595e-06
7.640355246305559e-06,1.732472275550302,1.7325,-0.0002707242454607962,5.050797008641983e-06
7.642355246305558e-06,1.732472275552129,1.7325,-0.0002707242324567644,5.050797012663308e-06
7.644355246305557e-06,1.732472275550786,1.7325,-0.0002707242453942957,5.050797008675952e-06
7.646355246305557e-06,1.732472275552527,1.7325,-0.0002707242325232321,5.050797012626614e-06
7.648355246305556e-06,1.732472275550999,1.7325,-0.0002707242453543984,5.050797008674632e-06
7.650355246305555e-06,1.732472275552551,1.7325,-0.0002707242325764171,5.050797012665434e-06
7.652355246305555e-06,1.732472275550943,1.7325,-0.000270724245287918,5.050797008665349e-06
7.654355246305554e-06,1.732472275552491,1.7325,-0.0002707242326429018,5.0507970125873e-06
7.656355246305553e-06,1.732472275550964,1.7325,-0.0002707242452613242,5.050797008652056e-06
7.658355246305553e-06,1.732472275552369,1.7325,-0.0002707242326694993,5.050797012592039e-06
7.660355246305552e-06,1.732472275550584,1.7325,-0.0002707242452214489,5.050797008667724e-06
7.662355246305551e-06,1.732472275551785,1.7325,-0.0002707242327360035,5.050797012556505e-06
7.66435524630555e-06,1.732472275549876,1.7325,-0.0002707242451283999,5.050797008672374e-06
7.66635524630555e-06,1.732472275550999,1.7325,-0.0002707242327759221,5.050797012415803e-06
7.668355246305549e-06,1.732472275549119,1.7325,-0.0002707242450885385,5.050797008484425e-06
7.670355246305548e-06,1.732472275550259,1.7325,-0.0002707242328557286,5.050797012340367e-06
7.672355246305548e-06,1.73247227554819,1.7325,-0.0002707242450619802,5.050797008481405e-06
7.674355246305547e-06,1.732472275548976,1.7325,-0.0002707242328823693,5.050797012291987e-06
7.676355246305546e-06,1.732472275546479,1.7325,-0.0002707242449822649,5.050797008462689e-06
7.678355246305546e-06,1.732472275546733,1.7325,-0.0002707242329489352,5.050797012320957e-06
7.680355246305545e-06,1.732472275543912,1.7325,-0.0002707242449424709,5.050797008459819e-06
7.682355246305544e-06,1.732472275544145,1.7325,-0.0002707242329623279,5.05079701223204e-06
7.684355246305544e-06,1.732472275541416,1.7325,-0.0002707242449159708,5.050797008443623e-06
7.686355246305543e-06,1.73247227554158,1.7325,-0.0002707242330289058,5.050797012244356e-06
7.688355246305542e-06,1.732472275538954,1.7325,-0.0002707242448362834,5.0507970084369e-06
7.690355246305541e-06,1.732472275539406,1.7325,-0.0002707242330821726,5.050797012220099e-06
7.69235524630554e-06,1.732472275537085,1.7325,-0.0002707242447964635,5.050797008475679e-06
7.69435524630554e-06,1.732472275537828,1.7325,-0.0002707242331088243,5.050797012226346e-06
7.69635524630554e-06,1.732472275535877,1.7325,-0.0002707242447699155,5.050797008505493e-06
7.698355246305539e-06,1.732472275537359,1.7325,-0.0002707242331487311,5.050797012281603e-06
7.700355246305538e-06,1.732472275536241,1.7325,-0.0002707242447300125,5.050797008515309e-06
7.702355246305537e-06,1.732472275538231,1.7325,-0.0002707242332284776,5.050797012180705e-06
7.704355246305537e-06,1.732472275537607,1.7325,-0.0002707242446368862,5.050797008504577e-06
7.706355246305536e-06,1.732472275539973,1.7325,-0.0002707242332683024,5.050797012227549e-06
7.708355246305535e-06,1.732472275539595,1.7325,-0.0002707242445969229,5.050797008493539e-06
7.710355246305535e-06,1.732472275542135,1.7325,-0.0002707242333214078,5.050797012175984e-06
7.712355246305534e-06,1.73247227554202,1.7325,-0.0002707242445436467,5.050797008555468e-06
7.714355246305533e-06,1.732472275544937,1.7325,-0.0002707242333611931,5.050797012228528e-06
7.716355246305532e-06,1.732472275545244,1.7325,-0.0002707242445302303,5.050797008554812e-06
7.718355246305532e-06,1.732472275548461,1.7325,-0.0002707242334142479,5.050797012159789e-06
7.720355246305531e-06,1.732472275548946,1.7325,-0.0002707242444503136,5.050797008516768e-06
7.72235524630553e-06,1.732472275552156,1.7325,-0.0002707242334407035,5.050797012143308e-06
7.72435524630553e-06,1.732472275552522,1.7325,-0.0002707242444368842,5.050797008523207e-06
7.726355246305529e-06,1.732472275555575,1.7325,-0.0002707242335070587,5.050797012181509e-06
7.728355246305528e-06,1.732472275555645,1.7325,-0.0002707242443702856,5.050797008583834e-06
7.730355246305528e-06,1.732472275557896,1.7325,-0.0002707242335202688,5.050797012134165e-06
7.732355246305527e-06,1.73247227555698,1.7325,-0.0002707242443303464,5.05079700852281e-06
7.734355246305526e-06,1.732472275558422,1.7325,-0.0002707242335867317,5.050797012118101e-06
7.736355246305525e-06,1.732472275557,1.7325,-0.0002707242443170491,5.050797008575808e-06
7.738355246305525e-06,1.732472275558084,1.7325,-0.0002707242336266337,5.050797012143737e-06
7.740355246305524e-06,1.732472275556246,1.7325,-0.0002707242442638913,5.050797008603227e-06
7.742355246305523e-06,1.732472275556999,1.7325,-0.0002707242336931565,5.050797012123987e-06
7.744355246305523e-06,1.732472275554938,1.7325,-0.0002707242441974575,5.050797008610044e-06
7.746355246305522e-06,1.732472275555412,1.7325,-0.000270724233733105,5.050797012110898e-06
7.748355246305521e-06,1.732472275553559,1.7325,-0.0002707242441709158,5.050797008575944e-06
7.75035524630552e-06,1.73247227555457,1.7325,-0.0002707242337730258,5.050797012094296e-06
7.75235524630552e-06,1.732472275552806,1.7325,-0.0002707242441177579,5.05079700860876e-06
7.75435524630552e-06,1.732472275553619,1.7325,-0.0002707242338395436,5.050797012118053e-06
7.756355246305518e-06,1.732472275551712,1.7325,-0.0002707242440779091,5.050797008676318e-06
7.758355246305518e-06,1.732472275552494,1.7325,-0.0002707242339060679,5.050797012131175e-06
7.760355246305517e-06,1.73247227555097,1.7325,-0.0002707242440380473,5.050797008665479e-06
7.762355246305516e-06,1.732472275552128,1.7325,-0.0002707242339326745,5.050797012090617e-06
7.764355246305516e-06,1.732472275550644,1.7325,-0.0002707242439981699,5.050797008649846e-06
7.766355246305515e-06,1.732472275551768,1.7325,-0.0002707242339725773,5.050797012079687e-06
7.768355246305514e-06,1.732472275550335,1.7325,-0.0002707242439449955,5.050797008665112e-06
7.770355246305514e-06,1.732472275551546,1.7325,-0.0002707242339991785,5.050797012081259e-06
7.772355246305513e-06,1.732472275550261,1.7325,-0.0002707242438918123,5.050797008652567e-06
7.774355246305512e-06,1.732472275551322,1.7325,-0.0002707242340124834,5.050797012054433e-06
7.776355246305512e-06,1.732472275549577,1.7325,-0.0002707242438253553,5.050797008689383e-06
7.77835524630551e-06,1.732472275550325,1.7325,-0.0002707242341055959,5.050797012048949e-06
7.78035524630551e-06,1.732472275548641,1.7325,-0.0002707242438253901,5.05079700867853e-06
7.78235524630551e-06,1.732472275549545,1.7325,-0.0002707242341189214,5.050797012034311e-06
7.784355246305509e-06,1.732472275547911,1.7325,-0.0002707242437722313,5.050797008662294e-06
7.786355246305508e-06,1.73247227554882,1.7325,-0.0002707242342120238,5.050797012015308e-06
7.788355246305507e-06,1.732472275547423,1.7325,-0.00027072424373236,5.050797008699097e-06
7.790355246305507e-06,1.732472275548421,1.7325,-0.0002707242342120386,5.050797012044995e-06
7.792355246305506e-06,1.732472275546804,1.7325,-0.0002707242436924936,5.050797008715524e-06
7.794355246305505e-06,1.732472275547691,1.7325,-0.0002707242342785482,5.050797012015364e-06
7.796355246305505e-06,1.73247227554631,1.7325,-0.000270724243665919,5.050797008723766e-06
7.798355246305504e-06,1.732472275547517,1.7325,-0.0002707242343051476,5.050797011991379e-06
7.800355246305503e-06,1.732472275546357,1.7325,-0.0002707242436127313,5.050797008699919e-06
7.802355246305502e-06,1.732472275547664,1.7325,-0.0002707242343450316,5.050797011978295e-06
7.804355246305502e-06,1.732472275546203,1.7325,-0.000270724243559551,5.050797008724424e-06
7.806355246305501e-06,1.732472275547178,1.7325,-0.0002707242343849392,5.050797011985221e-06
7.8083552463055e-06,1.732472275545991,1.7325,-0.0002707242435196695,5.050797008750495e-06
7.8103552463055e-06,1.732472275547134,1.7325,-0.0002707242344115338,5.050797012003324e-06
7.812355246305499e-06,1.732472275545631,1.7325,-0.0002707242434797934,5.050797008774983e-06
7.814355246305498e-06,1.732472275546437,1.7325,-0.0002707242344381527,5.050797011973765e-06
7.816355246305498e-06,1.732472275545104,1.7325,-0.0002707242434266271,5.050797008761899e-06
7.818355246305497e-06,1.732472275546222,1.7325,-0.000270724234531236,5.050797011958056e-06
7.820355246305496e-06,1.73247227554489,1.7325,-0.0002707242434133386,5.050797008740675e-06
7.822355246305495e-06,1.732472275545872,1.7325,-0.0002707242345312491,5.050797011944587e-06
7.824355246305495e-06,1.732472275544498,1.7325,-0.0002707242433468707,5.050797008768556e-06
7.826355246305494e-06,1.73247227554541,1.7325,-0.0002707242345578592,5.050797011936657e-06
7.828355246305493e-06,1.732472275544219,1.7325,-0.0002707242433069917,5.05079700879295e-06
7.830355246305493e-06,1.732472275545336,1.7325,-0.0002707242346243444,5.050797011947406e-06
7.832355246305492e-06,1.732472275544142,1.7325,-0.000270724243293698,5.050797008813103e-06
7.834355246305491e-06,1.732472275545394,1.7325,-0.0002707242346775282,5.050797011937007e-06
7.83635524630549e-06,1.732472275544355,1.7325,-0.0002707242432538007,5.050797008794065e-06
7.83835524630549e-06,1.732472275545653,1.7325,-0.000270724234690815,5.05079701192717e-06
7.84035524630549e-06,1.73247227554462,1.7325,-0.0002707242432006049,5.050797008816622e-06
7.842355246305489e-06,1.732472275545623,1.7325,-0.0002707242347440021,5.05079701192743e-06
7.844355246305488e-06,1.732472275543991,1.7325,-0.0002707242431607387,5.050797008814006e-06
7.846355246305487e-06,1.732472275544497,1.7325,-0.0002707242348105265,5.050797011889401e-06
7.848355246305486e-06,1.732472275543002,1.7325,-0.0002707242431075896,5.050797008847426e-06
7.850355246305486e-06,1.73247227554375,1.7325,-0.0002707242348371472,5.050797011945649e-06
7.852355246305485e-06,1.732472275542121,1.7325,-0.0002707242431076224,5.050797008849526e-06
7.854355246305484e-06,1.732472275542834,1.7325,-0.0002707242348770707,5.050797011897968e-06
7.856355246305484e-06,1.732472275541574,1.7325,-0.0002707242430544568,5.050797008864592e-06
7.858355246305483e-06,1.732472275542507,1.7325,-0.0002707242349036759,5.050797011891513e-06
7.860355246305482e-06,1.732472275540942,1.7325,-0.0002707242430012944,5.050797008843315e-06
7.862355246305482e-06,1.732472275541266,1.7325,-0.000270724234956908,5.050797011876711e-06
7.864355246305481e-06,1.732472275539475,1.7325,-0.0002707242429747559,5.050797008867478e-06
7.86635524630548e-06,1.732472275540016,1.7325,-0.000270724234970251,5.050797011843125e-06
7.86835524630548e-06,1.732472275538518,1.7325,-0.0002707242429481986,5.05079700882282e-06
7.870355246305479e-06,1.732472275539333,1.7325,-0.0002707242349968694,5.050797011824434e-06
7.872355246305478e-06,1.732472275538048,1.7325,-0.0002707242428950301,5.050797008839183e-06
7.874355246305477e-06,1.732472275538832,1.7325,-0.0002707242350633705,5.050797011784774e-06
7.876355246305477e-06,1.732472275537192,1.7325,-0.000270724242868469,5.050797008864022e-06
7.878355246305476e-06,1.732472275537578,1.7325,-0.0002707242350767135,5.050797011841634e-06
7.880355246305475e-06,1.73247227553602,1.7325,-0.0002707242428419197,5.050797008858213e-06
7.882355246305475e-06,1.732472275536793,1.7325,-0.0002707242351299287,5.050797011801492e-06
7.884355246305474e-06,1.732472275535472,1.7325,-0.0002707242427887541,5.050797008909371e-06
7.886355246305473e-06,1.732472275536294,1.7325,-0.0002707242351565402,5.050797011838239e-06
7.888355246305472e-06,1.732472275535132,1.7325,-0.0002707242427621738,5.050797008918102e-06
7.890355246305472e-06,1.732472275536165,1.7325,-0.0002707242351964345,5.050797011839545e-06
7.892355246305471e-06,1.732472275535031,1.7325,-0.000270724242722288,5.050797008943169e-06
7.89435524630547e-06,1.732472275536081,1.7325,-0.0002707242352230306,5.050797011846402e-06
7.89635524630547e-06,1.73247227553514,1.7325,-0.0002707242426690981,5.050797008974406e-06
7.898355246305469e-06,1.732472275536244,1.7325,-0.0002707242352629139,5.05079701182319e-06
7.900355246305468e-06,1.732472275535193,1.7325,-0.0002707242426425031,5.050797008920301e-06
7.902355246305468e-06,1.732472275536125,1.7325,-0.0002707242353161043,5.050797011819212e-06
7.904355246305467e-06,1.732472275535073,1.7325,-0.0002707242426026181,5.050797008943513e-06
7.906355246305466e-06,1.732472275536191,1.7325,-0.0002707242353559914,5.050797011754617e-06
7.908355246305466e-06,1.732472275535281,1.7325,-0.0002707242425760173,5.050797008910628e-06
7.910355246305465e-06,1.732472275536351,1.7325,-0.0002707242353825784,5.05079701173778e-06
7.912355246305464e-06,1.732472275535298,1.7325,-0.0002707242425361273,5.050797008914255e-06
7.914355246305463e-06,1.732472275536306,1.7325,-0.000270724235409173,5.05079701170337e-06
7.916355246305463e-06,1.732472275535223,1.7325,-0.000270724242509537,5.050797008937418e-06
7.918355246305462e-06,1.732472275536093,1.7325,-0.0002707242354623669,5.050797011779237e-06
7.920355246305461e-06,1.732472275534973,1.7325,-0.0002707242424696569,5.050797009010512e-06
7.92235524630546e-06,1.732472275535778,1.7325,-0.0002707242354756751,5.050797011801059e-06
7.92435524630546e-06,1.732472275534631,1.7325,-0.0002707242424430767,5.050797008963336e-06
7.92635524630546e-06,1.732472275535619,1.7325,-0.000270724235502274,5.050797011757692e-06
7.928355246305459e-06,1.732472275534992,1.7325,-0.0002707242424164703,5.050797009015494e-06
7.930355246305458e-06,1.73247227553656,1.7325,-0.0002707242355421285,5.050797011753932e-06
7.932355246305457e-06,1.732472275536398,1.7325,-0.000270724242363232,5.05079700904973e-06
7.934355246305456e-06,1.73247227553843,1.7325,-0.0002707242355952448,5.050797011751147e-06
7.936355246305456e-06,1.732472275538806,1.7325,-0.000270724242349846,5.050797008970375e-06
7.938355246305455e-06,1.732472275541443,1.7325,-0.0002707242356084292,5.050797011699346e-06
7.940355246305454e-06,1.7324722755422,1.7325,-0.0002707242423098303,5.050797008990037e-06
7.942355246305454e-06,1.732472275544806,1.7325,-0.0002707242356614901,5.050797011716227e-06
7.944355246305453e-06,1.732472275545463,1.7325,-0.0002707242422831159,5.050797009014047e-06
7.946355246305452e-06,1.732472275547951,1.7325,-0.0002707242356879661,5.050797011685139e-06
7.948355246305452e-06,1.732472275548396,1.7325,-0.0002707242422697103,5.050797009013497e-06
7.950355246305451e-06,1.732472275550565,1.7325,-0.0002707242357144618,5.050797011668042e-06
7.95235524630545e-06,1.732472275550502,1.7325,-0.000270724242216446,5.050797008971649e-06
7.95435524630545e-06,1.732472275552065,1.7325,-0.000270724235740999,5.050797011667613e-06
7.956355246305449e-06,1.732472275551523,1.7325,-0.0002707242422031115,5.050797009032272e-06
7.958355246305448e-06,1.732472275552648,1.7325,-0.0002707242357941633,5.050797011691849e-06
7.960355246305447e-06,1.732472275551825,1.7325,-0.0002707242421499144,5.050797009069963e-06
7.962355246305447e-06,1.732472275552872,1.7325,-0.0002707242358207479,5.050797011672798e-06
7.964355246305446e-06,1.732472275552037,1.7325,-0.000270724242110017,5.050797009042382e-06
7.966355246305445e-06,1.732472275553087,1.7325,-0.0002707242358340363,5.05079701167299e-06
7.968355246305445e-06,1.732472275552349,1.7325,-0.0002707242421100055,5.050797009049569e-06
7.970355246305444e-06,1.732472275553452,1.7325,-0.0002707242358606158,5.050797011641835e-06
7.972355246305443e-06,1.732472275552664,1.7325,-0.0002707242420568077,5.050797009052652e-06
7.974355246305443e-06,1.732472275553686,1.7325,-0.0002707242358872,5.050797011617997e-06
7.976355246305442e-06,1.732472275552993,1.7325,-0.0002707242420302025,5.05079700902047e-06
7.978355246305441e-06,1.732472275554041,1.7325,-0.0002707242359270763,5.05079701161735e-06
7.98035524630544e-06,1.73247227555323,1.7325,-0.0002707242419903043,5.050797009036632e-06
7.98235524630544e-06,1.732472275554472,1.7325,-0.0002707242359536532,5.050797011568432e-06
7.984355246305439e-06,1.732472275553872,1.7325,-0.0002707242419636874,5.050797009008022e-06
7.986355246305438e-06,1.732472275554994,1.7325,-0.0002707242360068197,5.050797011554338e-06
7.988355246305438e-06,1.732472275554389,1.7325,-0.0002707242419370752,5.050797009018103e-06
7.990355246305437e-06,1.732472275555558,1.7325,-0.0002707242360466882,5.050797011594824e-06
7.992355246305436e-06,1.732472275554935,1.7325,-0.0002707242418971655,5.050797009104838e-06
7.994355246305436e-06,1.732472275556113,1.7325,-0.0002707242360732606,5.050797011652109e-06
7.996355246305435e-06,1.732472275555708,1.7325,-0.0002707242418705437,5.050797009148225e-06
7.998355246305434e-06,1.732472275557252,1.7325,-0.0002707242361131077,5.05079701163445e-06
8.000355246305433e-06,1.732472275557269,1.7325,-0.0002707242418305963,5.050797009144711e-06
8.002355246305433e-06,1.732472275559173,1.7325,-0.0002707242361130362,5.050797011620374e-06
8.004355246305432e-06,1.732472275559275,1.7325,-0.0002707242417906321,5.050797009116454e-06
8.006355246305431e-06,1.732472275561176,1.7325,-0.0002707242361395547,5.050797011605223e-06
8.00835524630543e-06,1.732472275561498,1.7325,-0.0002707242418038459,5.050797009139634e-06
8.01035524630543e-06,1.732472275563501,1.7325,-0.0002707242361793576,5.050797011564316e-06
8.01235524630543e-06,1.732472275563592,1.7325,-0.0002707242417372856,5.050797009135601e-06
8.014355246305429e-06,1.732472275565347,1.7325,-0.000270724236205882,5.050797011595341e-06
8.016355246305428e-06,1.73247227556534,1.7325,-0.000270724241750517,5.050797009154275e-06
8.018355246305427e-06,1.732472275567033,1.7325,-0.0002707242362723017,5.050797011585128e-06
8.020355246305427e-06,1.732472275567012,1.7325,-0.0002707242416972689,5.050797009150182e-06
8.022355246305426e-06,1.732472275568573,1.7325,-0.0002707242362722444,5.050797011562525e-06
8.024355246305425e-06,1.732472275568313,1.7325,-0.0002707242416706275,5.050797009145206e-06
8.026355246305424e-06,1.732472275569631,1.7325,-0.000270724236298798,5.050797011574367e-06
8.028355246305424e-06,1.732472275569153,1.7325,-0.0002707242416440033,5.050797009198841e-06
8.030355246305423e-06,1.732472275570376,1.7325,-0.0002707242363386597,5.050797011579156e-06
8.032355246305422e-06,1.732472275569896,1.7325,-0.0002707242415774932,5.050797009189566e-06
8.034355246305422e-06,1.732472275571025,1.7325,-0.0002707242363386356,5.050797011535e-06
8.036355246305421e-06,1.732472275570465,1.7325,-0.0002707242415641756,5.050797009166483e-06
8.03835524630542e-06,1.732472275571421,1.7325,-0.0002707242363652138,5.050797011523842e-06
8.04035524630542e-06,1.732472275570555,1.7325,-0.0002707242415508757,5.050797009164401e-06
8.042355246305419e-06,1.732472275571183,1.7325,-0.0002707242364184086,5.050797011506635e-06
8.044355246305418e-06,1.732472275570083,1.7325,-0.0002707242414844109,5.050797009153472e-06
8.046355246305417e-06,1.732472275570474,1.7325,-0.0002707242364317315,5.050797011486485e-06
8.048355246305417e-06,1.732472275568964,1.7325,-0.000270724241471156,5.050797009169203e-06
8.050355246305416e-06,1.732472275569054,1.7325,-0.0002707242364716738,5.050797011498703e-06
8.052355246305415e-06,1.732472275567583,1.7325,-0.0002707242414446144,5.050797009192522e-06
8.054355246305415e-06,1.732472275567653,1.7325,-0.0002707242364983188,5.050797011520994e-06
8.056355246305414e-06,1.732472275566272,1.7325,-0.0002707242414313667,5.050797009210057e-06
8.058355246305413e-06,1.732472275566554,1.7325,-0.0002707242365249527,5.050797011503504e-06
8.060355246305413e-06,1.732472275565237,1.7325,-0.0002707242413915157,5.050797009199115e-06
8.062355246305412e-06,1.732472275565561,1.7325,-0.0002707242365648791,5.05079701147041e-06
8.064355246305411e-06,1.732472275564338,1.7325,-0.0002707242413516597,5.050797009229097e-06
8.06635524630541e-06,1.732472275564856,1.7325,-0.0002707242365914983,5.050797011514131e-06
8.06835524630541e-06,1.732472275563602,1.7325,-0.0002707242413250941,5.050797009232513e-06
8.070355246305409e-06,1.732472275563958,1.7325,-0.0002707242366181247,5.05079701147527e-06
8.072355246305408e-06,1.732472275562926,1.7325,-0.0002707242413118228,5.050797009226959e-06
8.074355246305408e-06,1.732472275563494,1.7325,-0.0002707242366314384,5.050797011477945e-06
8.076355246305407e-06,1.732472275562453,1.7325,-0.0002707242412586545,5.050797009242012e-06
8.078355246305406e-06,1.732472275563056,1.7325,-0.0002707242366713442,5.050797011454442e-06
8.080355246305406e-06,1.732472275562301,1.7325,-0.0002707242412453636,5.050797009230951e-06
8.082355246305405e-06,1.73247227556307,1.7325,-0.0002707242366979366,5.050797011446614e-06
8.084355246305404e-06,1.732472275562451,1.7325,-0.000270724241245358,5.050797009242616e-06
8.086355246305404e-06,1.732472275563354,1.7325,-0.000270724236724519,5.050797011467916e-06
8.088355246305403e-06,1.732472275562607,1.7325,-0.0002707242412187592,5.05079700926796e-06
8.090355246305402e-06,1.732472275563423,1.7325,-0.0002707242367511095,5.050797011442018e-06
8.092355246305401e-06,1.732472275562474,1.7325,-0.0002707242411788747,5.050797009259638e-06
8.0943552463054e-06,1.732472275563117,1.7325,-0.0002707242368043068,5.050797011435523e-06
8.0963552463054e-06,1.732472275562496,1.7325,-0.0002707242411522809,5.050797009275403e-06
8.0983552463054e-06,1.732472275563411,1.7325,-0.0002707242367909994,5.0507970114483e-06
8.100355246305399e-06,1.732472275562699,1.7325,-0.0002707242411256805,5.050797009283384e-06
8.102355246305398e-06,1.732472275563379,1.7325,-0.0002707242368175935,5.050797011423155e-06
8.104355246305397e-06,1.7324722755624,1.7325,-0.0002707242410990986,5.050797009276524e-06
8.106355246305397e-06,1.732472275562834,1.7325,-0.0002707242368575032,5.050797011404927e-06
8.108355246305396e-06,1.732472275561882,1.7325,-0.0002707242410725249,5.050797009296086e-06
8.110355246305395e-06,1.732472275562503,1.7325,-0.0002707242368575156,5.050797011430086e-06
8.112355246305394e-06,1.732472275561696,1.7325,-0.0002707242410592353,5.050797009298265e-06
8.114355246305394e-06,1.732472275562323,1.7325,-0.0002707242369107082,5.050797011416185e-06
8.116355246305393e-06,1.732472275561645,1.7325,-0.0002707242410193477,5.050797009329378e-06
8.118355246305392e-06,1.732472275562377,1.7325,-0.0002707242369240027,5.050797011420699e-06
8.120355246305392e-06,1.732472275561492,1.7325,-0.0002707242409927604,5.050797009338244e-06
8.122355246305391e-06,1.732472275562251,1.7325,-0.0002707242369506004,5.050797011414156e-06
8.12435524630539e-06,1.7324722755617,1.7325,-0.0002707242409661598,5.050797009311707e-06
8.12635524630539e-06,1.732472275562649,1.7325,-0.000270724236963882,5.050797011376898e-06
8.128355246305389e-06,1.732472275562175,1.7325,-0.0002707242409395491,5.050797009302176e-06
8.130355246305388e-06,1.732472275563024,1.7325,-0.000270724236990461,5.050797011387553e-06
8.132355246305387e-06,1.732472275562354,1.7325,-0.000270724240926246,5.050797009350262e-06
8.134355246305387e-06,1.732472275563005,1.7325,-0.0002707242370170548,5.050797011391848e-06
8.136355246305386e-06,1.732472275561901,1.7325,-0.0002707242408863733,5.050797009341364e-06
8.138355246305385e-06,1.732472275561994,1.7325,-0.0002707242370303888,5.050797011382676e-06
8.140355246305385e-06,1.73247227556044,1.7325,-0.0002707242408997242,5.050797009362171e-06
8.142355246305384e-06,1.73247227556015,1.7325,-0.0002707242370570503,5.050797011400988e-06
8.144355246305383e-06,1.73247227555853,1.7325,-0.0002707242408333128,5.050797009368938e-06
8.146355246305383e-06,1.732472275558374,1.7325,-0.0002707242370837094,5.05079701134773e-06
8.148355246305382e-06,1.732472275556869,1.7325,-0.0002707242408333746,5.050797009322656e-06
8.150355246305381e-06,1.73247227555673,1.7325,-0.00027072423712366,5.05079701133005e-06
8.15235524630538e-06,1.73247227555523,1.7325,-0.0002707242407935461,5.050797009331537e-06
8.15435524630538e-06,1.732472275555138,1.7325,-0.0002707242371370157,5.050797011294354e-06
8.156355246305379e-06,1.732472275553586,1.7325,-0.0002707242407936073,5.050797009350768e-06
8.158355246305378e-06,1.732472275553506,1.7325,-0.0002707242371503729,5.050797011362052e-06
8.160355246305378e-06,1.732472275552164,1.7325,-0.0002707242407670672,5.050797009386845e-06
8.162355246305377e-06,1.732472275552358,1.7325,-0.0002707242371903051,5.050797011353358e-06
8.164355246305376e-06,1.732472275551258,1.7325,-0.0002707242407272115,5.05079700937989e-06
8.166355246305376e-06,1.732472275551499,1.7325,-0.0002707242372302265,5.05079701133133e-06
8.168355246305375e-06,1.73247227555045,1.7325,-0.000270724240713945,5.050797009411597e-06
8.170355246305374e-06,1.732472275551006,1.7325,-0.0002707242372169484,5.050797011342028e-06
8.172355246305374e-06,1.732472275550492,1.7325,-0.000270724240674054,5.050797009413317e-06
8.174355246305373e-06,1.732472275551647,1.7325,-0.0002707242372701105,5.050797011342567e-06
8.176355246305372e-06,1.732472275551621,1.7325,-0.0002707242406341226,5.050797009431737e-06
8.178355246305371e-06,1.732472275552974,1.7325,-0.0002707242372833576,5.050797011367235e-06
8.18035524630537e-06,1.732472275553058,1.7325,-0.0002707242406340691,5.050797009447526e-06
8.18235524630537e-06,1.732472275554424,1.7325,-0.0002707242373231931,5.05079701134512e-06
8.18435524630537e-06,1.732472275554358,1.7325,-0.0002707242406074277,5.050797009399785e-06
8.186355246305369e-06,1.732472275555507,1.7325,-0.0002707242373497458,5.050797011244707e-06
8.188355246305368e-06,1.732472275555286,1.7325,-0.0002707242405940967,5.050797009352235e-06
8.190355246305367e-06,1.732472275556322,1.7325,-0.0002707242373763084,5.050797011255429e-06
8.192355246305367e-06,1.732472275555859,1.7325,-0.0002707242405674824,5.05079700942462e-06
8.194355246305366e-06,1.732472275556437,1.7325,-0.0002707242373896007,5.050797011311923e-06
8.196355246305365e-06,1.732472275555587,1.7325,-0.0002707242405674925,5.050797009436023e-06
8.198355246305364e-06,1.732472275556009,1.7325,-0.0002707242374162095,5.0507970112652e-06
8.200355246305364e-06,1.732472275554954,1.7325,-0.0002707242405276266,5.050797009387232e-06
8.202355246305363e-06,1.732472275555035,1.7325,-0.0002707242374162458,5.050797011256606e-06
8.204355246305362e-06,1.732472275553857,1.7325,-0.0002707242405010745,5.0507970094472e-06
8.206355246305362e-06,1.73247227555386,1.7325,-0.0002707242374694755,5.05079701129299e-06
8.208355246305361e-06,1.732472275552625,1.7325,-0.0002707242405011203,5.050797009497262e-06
8.21035524630536e-06,1.732472275552794,1.7325,-0.0002707242374828116,5.050797011322924e-06
8.21235524630536e-06,1.732472275551688,1.7325,-0.0002707242404612657,5.050797009505771e-06
8.214355246305359e-06,1.732472275551792,1.7325,-0.0002707242374961453,5.050797011288635e-06
8.216355246305358e-06,1.732472275550624,1.7325,-0.0002707242404480088,5.050797009440417e-06
8.218355246305358e-06,1.732472275550657,1.7325,-0.000270724237509484,5.050797011241642e-06
8.220355246305357e-06,1.73247227554957,1.7325,-0.000270724240448048,5.050797009464081e-06
8.222355246305356e-06,1.73247227554973,1.7325,-0.0002707242375361115,5.050797011237999e-06
8.224355246305355e-06,1.732472275548477,1.7325,-0.0002707242404081992,5.050797009437899e-06
8.226355246305355e-06,1.732472275548441,1.7325,-0.000270724237549456,5.050797011247768e-06
8.228355246305354e-06,1.732472275547176,1.7325,-0.0002707242403949511,5.050797009499335e-06
8.230355246305353e-06,1.732472275547315,1.7325,-0.0002707242375760908,5.050797011281318e-06
8.232355246305353e-06,1.732472275546122,1.7325,-0.0002707242403683973,5.050797009521484e-06
8.234355246305352e-06,1.732472275546104,1.7325,-0.0002707242375894324,5.050797011279311e-06
8.236355246305351e-06,1.732472275545147,1.7325,-0.0002707242403551371,5.050797009537433e-06
8.23835524630535e-06,1.732472275545512,1.7325,-0.0002707242376160474,5.050797011261695e-06
8.24035524630535e-06,1.732472275544771,1.7325,-0.0002707242403019652,5.050797009483982e-06
8.24235524630535e-06,1.732472275545516,1.7325,-0.0002707242376293437,5.05079701121069e-06
8.244355246305348e-06,1.732472275544977,1.7325,-0.000270724240341847,5.050797009510503e-06
8.246355246305348e-06,1.732472275545597,1.7325,-0.0002707242376426372,5.050797011218839e-06
8.248355246305347e-06,1.732472275545111,1.7325,-0.0002707242403019526,5.050797009502754e-06
8.250355246305346e-06,1.732472275545832,1.7325,-0.0002707242376825179,5.050797011229693e-06
8.252355246305346e-06,1.732472275545305,1.7325,-0.0002707242402753524,5.050797009514356e-06
8.254355246305345e-06,1.732472275545887,1.7325,-0.0002707242377091089,5.050797011201178e-06
8.256355246305344e-06,1.732472275545217,1.7325,-0.0002707242402354661,5.050797009504244e-06
8.258355246305344e-06,1.73247227554576,1.7325,-0.00027072423772241,5.050797011186564e-06
8.260355246305343e-06,1.732472275545019,1.7325,-0.0002707242402088805,5.05079700948032e-06
8.262355246305342e-06,1.732472275545454,1.7325,-0.0002707242377490143,5.050797011172798e-06
8.264355246305341e-06,1.732472275544693,1.7325,-0.0002707242402221892,5.050797009498608e-06
8.26635524630534e-06,1.73247227554494,1.7325,-0.000270724237735737,5.050797011172155e-06
8.26835524630534e-06,1.732472275544039,1.7325,-0.000270724240182324,5.050797009514384e-06
8.27035524630534e-06,1.732472275544199,1.7325,-0.000270724237775654,5.050797011196102e-06
8.272355246305339e-06,1.732472275543039,1.7325,-0.0002707242401424717,5.050797009534534e-06
8.274355246305338e-06,1.732472275543111,1.7325,-0.0002707242377756945,5.050797011170636e-06
8.276355246305337e-06,1.732472275542074,1.7325,-0.0002707242401292112,5.050797009564656e-06
8.278355246305337e-06,1.732472275542283,1.7325,-0.0002707242378289112,5.050797011225514e-06
8.280355246305336e-06,1.73247227554138,1.7325,-0.000270724240102644,5.050797009599855e-06
8.282355246305335e-06,1.732472275541685,1.7325,-0.0002707242378289335,5.050797011226815e-06
8.284355246305335e-06,1.732472275540918,1.7325,-0.0002707242401026612,5.050797009596295e-06
8.286355246305334e-06,1.73247227554116,1.7325,-0.0002707242378555459,5.050797011210296e-06
8.288355246305333e-06,1.732472275540199,1.7325,-0.0002707242400627985,5.050797009619759e-06
8.290355246305332e-06,1.732472275540499,1.7325,-0.0002707242378422741,5.050797011203987e-06
8.292355246305332e-06,1.732472275539748,1.7325,-0.0002707242400628152,5.050797009613335e-06
8.294355246305331e-06,1.732472275540251,1.7325,-0.0002707242378954692,5.050797011199713e-06
8.29635524630533e-06,1.73247227553998,1.7325,-0.0002707242400495102,5.050797009610831e-06
8.29835524630533e-06,1.732472275541162,1.7325,-0.0002707242379220283,5.050797011195735e-06
8.300355246305329e-06,1.732472275541054,1.7325,-0.0002707242400361737,5.050797009581463e-06
8.302355246305328e-06,1.73247227554173,1.7325,-0.0002707242379353037,5.050797011177427e-06
8.304355246305328e-06,1.732472275541153,1.7325,-0.0002707242399962805,5.050797009613556e-06
8.306355246305327e-06,1.732472275541489,1.7325,-0.0002707242379353126,5.050797011141456e-06
8.308355246305326e-06,1.732472275540634,1.7325,-0.0002707242399962999,5.050797009601158e-06
8.310355246305325e-06,1.732472275540904,1.7325,-0.0002707242379486309,5.050797011184295e-06
8.312355246305325e-06,1.732472275540058,1.7325,-0.0002707242399697284,5.050797009589179e-06
8.314355246305324e-06,1.732472275540235,1.7325,-0.0002707242379885453,5.050797011120433e-06
8.316355246305323e-06,1.73247227553927,1.7325,-0.0002707242399298682,5.050797009606586e-06
8.318355246305323e-06,1.732472275539238,1.7325,-0.0002707242379752859,5.050797011165308e-06
8.320355246305322e-06,1.732472275537981,1.7325,-0.0002707242399299161,5.050797009631107e-06
8.322355246305321e-06,1.732472275537912,1.7325,-0.0002707242379886317,5.050797011152676e-06
8.32435524630532e-06,1.732472275536904,1.7325,-0.0002707242399166597,5.050797009667265e-06
8.32635524630532e-06,1.732472275537044,1.7325,-0.0002707242380152569,5.050797011146439e-06
8.32835524630532e-06,1.732472275536264,1.7325,-0.0002707242398900906,5.05079700957852e-06
8.330355246305319e-06,1.732472275536652,1.7325,-0.0002707242380418645,5.050797011076996e-06
8.332355246305318e-06,1.732472275535996,1.7325,-0.0002707242398901005,5.050797009594757e-06
8.334355246305317e-06,1.732472275536492,1.7325,-0.000270724238055167,5.050797011111165e-06
8.336355246305316e-06,1.732472275536226,1.7325,-0.0002707242398767955,5.050797009605099e-06
8.338355246305316e-06,1.732472275537279,1.7325,-0.0002707242380950271,5.050797011091165e-06
8.340355246305315e-06,1.732472275537229,1.7325,-0.0002707242398501652,5.050797009642528e-06
8.342355246305314e-06,1.732472275538014,1.7325,-0.0002707242381082963,5.050797011148743e-06
8.344355246305314e-06,1.732472275537626,1.7325,-0.0002707242398235574,5.05079700969171e-06
8.346355246305313e-06,1.732472275538221,1.7325,-0.0002707242381082886,5.050797011137585e-06
8.348355246305312e-06,1.732472275537732,1.7325,-0.000270724239810257,5.05079700967499e-06
8.350355246305312e-06,1.73247227553828,1.7325,-0.0002707242381348793,5.050797011143352e-06
8.35235524630531e-06,1.732472275537812,1.7325,-0.0002707242397969575,5.050797009689713e-06
8.35435524630531e-06,1.732472275538438,1.7325,-0.0002707242381481699,5.050797011122214e-06
8.35635524630531e-06,1.732472275538038,1.7325,-0.0002707242397836527,5.050797009663093e-06
8.358355246305309e-06,1.732472275538697,1.7325,-0.0002707242381747533,5.050797011108857e-06
8.360355246305308e-06,1.732472275538338,1.7325,-0.0002707242397570485,5.050797009674982e-06
8.362355246305307e-06,1.732472275538963,1.7325,-0.0002707242381880399,5.050797011077057e-06
8.364355246305307e-06,1.732472275538536,1.7325,-0.0002707242397437447,5.050797009656391e-06
8.366355246305306e-06,1.732472275539107,1.7325,-0.000270724238201331,5.050797011078724e-06
8.368355246305305e-06,1.732472275538584,1.7325,-0.0002707242397038534,5.050797009657057e-06
8.370355246305305e-06,1.73247227553895,1.7325,-0.0002707242382279299,5.050797011054009e-06
8.372355246305304e-06,1.732472275538377,1.7325,-0.0002707242396905647,5.050797009678735e-06
8.374355246305303e-06,1.73247227553897,1.7325,-0.0002707242382412256,5.050797011081589e-06
8.376355246305302e-06,1.732472275538664,1.7325,-0.0002707242396772575,5.050797009676621e-06
8.378355246305302e-06,1.732472275539288,1.7325,-0.0002707242382412138,5.050797011045397e-06
8.380355246305301e-06,1.732472275538796,1.7325,-0.0002707242396639561,5.050797009660679e-06
8.3823552463053e-06,1.7324722755393,1.7325,-0.0002707242382811028,5.05079701102828e-06
8.3843552463053e-06,1.732472275538792,1.7325,-0.0002707242396373632,5.050797009625568e-06
8.386355246305299e-06,1.732472275539238,1.7325,-0.000270724238281105,5.050797011013857e-06
8.388355246305298e-06,1.732472275538653,1.7325,-0.0002707242396107755,5.050797009640986e-06
8.390355246305298e-06,1.732472275539011,1.7325,-0.0002707242382811135,5.050797010989599e-06
8.392355246305297e-06,1.732472275538375,1.7325,-0.0002707242396240823,5.050797009668547e-06
8.394355246305296e-06,1.732472275538566,1.7325,-0.000270724238307723,5.050797011042781e-06
8.396355246305296e-06,1.732472275537746,1.7325,-0.0002707242395975127,5.050797009693973e-06
8.398355246305295e-06,1.732472275538067,1.7325,-0.0002707242383210381,5.050797011046683e-06
8.400355246305294e-06,1.732472275537352,1.7325,-0.0002707242395576379,5.050797009689889e-06
8.402355246305293e-06,1.732472275537446,1.7325,-0.0002707242383609506,5.050797011018957e-06
8.404355246305293e-06,1.732472275536761,1.7325,-0.0002707242395709564,5.050797009718316e-06
8.406355246305292e-06,1.732472275537281,1.7325,-0.0002707242383742532,5.050797011047032e-06
8.408355246305291e-06,1.732472275537067,1.7325,-0.0002707242395576485,5.050797009715982e-06
8.41035524630529e-06,1.732472275537807,1.7325,-0.0002707242383609372,5.050797011014385e-06
8.41235524630529e-06,1.73247227553753,1.7325,-0.0002707242395576313,5.050797009697887e-06
8.41435524630529e-06,1.732472275538378,1.7325,-0.0002707242384141019,5.050797011005044e-06
8.416355246305289e-06,1.732472275538246,1.7325,-0.0002707242394911222,5.050797009702469e-06
8.418355246305288e-06,1.732472275538858,1.7325,-0.0002707242384007876,5.050797010986571e-06
8.420355246305287e-06,1.732472275538662,1.7325,-0.0002707242394911067,5.050797009677553e-06
8.422355246305286e-06,1.732472275539791,1.7325,-0.0002707242384140494,5.050797010970293e-06
8.424355246305286e-06,1.732472275540067,1.7325,-0.0002707242394644616,5.05079700968777e-06
8.426355246305285e-06,1.732472275541163,1.7325,-0.0002707242384405912,5.050797010952552e-06
8.428355246305284e-06,1.73247227554118,1.7325,-0.0002707242394910131,5.05079700970525e-06
8.430355246305284e-06,1.732472275542079,1.7325,-0.0002707242384538536,5.050797011025012e-06
8.432355246305283e-06,1.732472275541956,1.7325,-0.0002707242394510948,5.050797009770203e-06
8.434355246305282e-06,1.732472275542428,1.7325,-0.0002707242384671372,5.050797011007752e-06
8.436355246305282e-06,1.732472275541914,1.7325,-0.0002707242394377998,5.050797009735522e-06
8.438355246305281e-06,1.732472275542335,1.7325,-0.0002707242384671406,5.050797011005924e-06
8.44035524630528e-06,1.732472275541671,1.7325,-0.0002707242394245124,5.050797009734805e-06
8.44235524630528e-06,1.732472275541973,1.7325,-0.0002707242384937471,5.050797010973998e-06
8.444355246305279e-06,1.732472275541376,1.7325,-0.0002707242393979304,5.050797009774207e-06
8.446355246305278e-06,1.732472275541679,1.7325,-0.000270724238520351,5.05079701102914e-06
8.448355246305277e-06,1.732472275540949,1.7325,-0.0002707242394112427,5.0507970097651e-06
8.450355246305277e-06,1.73247227554105,1.7325,-0.0002707242385203744,5.050797010957459e-06
8.452355246305276e-06,1.73247227554035,1.7325,-0.0002707242393580791,5.0507970097185e-06
8.454355246305275e-06,1.732472275540521,1.7325,-0.0002707242385469871,5.050797010941043e-06
8.456355246305275e-06,1.732472275539693,1.7325,-0.0002707242393846965,5.050797009716484e-06
8.458355246305274e-06,1.732472275539732,1.7325,-0.0002707242385603129,5.050797010918366e-06
8.460355246305273e-06,1.73247227553878,1.7325,-0.0002707242393581375,5.050797009735527e-06
8.462355246305273e-06,1.732472275538665,1.7325,-0.0002707242385603525,5.050797010981099e-06
8.464355246305272e-06,1.732472275537744,1.7325,-0.0002707242393182866,5.050797009812688e-06
8.466355246305271e-06,1.732472275537833,1.7325,-0.0002707242385869765,5.050797010965849e-06
8.46835524630527e-06,1.732472275537007,1.7325,-0.000270724239318314,5.050797009758146e-06
8.47035524630527e-06,1.732472275536995,1.7325,-0.0002707242385737112,5.050797010986493e-06
8.472355246305269e-06,1.732472275536197,1.7325,-0.0002707242393449371,5.050797009834897e-06
8.474355246305268e-06,1.732472275536366,1.7325,-0.000270724238613624,5.05079701102468e-06
8.476355246305268e-06,1.73247227553578,1.7325,-0.0002707242393050631,5.050797009860894e-06
8.478355246305267e-06,1.732472275535996,1.7325,-0.0002707242386136378,5.050797011025548e-06
8.480355246305266e-06,1.732472275535494,1.7325,-0.0002707242392784808,5.05079700984087e-06
8.482355246305266e-06,1.732472275535963,1.7325,-0.0002707242386269355,5.050797010977141e-06
8.484355246305265e-06,1.732472275535585,1.7325,-0.0002707242392651809,5.050797009813936e-06
8.486355246305264e-06,1.732472275536105,1.7325,-0.0002707242386269302,5.050797010966943e-06
8.488355246305263e-06,1.732472275535872,1.7325,-0.0002707242392252808,5.050797009809058e-06
8.490355246305263e-06,1.73247227553671,1.7325,-0.0002707242386667972,5.050797010945407e-06
8.492355246305262e-06,1.732472275536647,1.7325,-0.0002707242392385485,5.050797009796201e-06
8.494355246305261e-06,1.732472275537363,1.7325,-0.0002707242386800694,5.050797010933551e-06
8.49635524630526e-06,1.732472275537194,1.7325,-0.0002707242392252316,5.050797009805442e-06
8.49835524630526e-06,1.732472275537598,1.7325,-0.0002707242386667642,5.050797010961785e-06
8.50035524630526e-06,1.732472275536875,1.7325,-0.000270724239211947,5.05079700984759e-06
8.502355246305259e-06,1.732472275536913,1.7325,-0.0002707242386933826,5.050797010937576e-06
8.504355246305258e-06,1.732472275536044,1.7325,-0.000270724239185385,5.05079700980376e-06
8.506355246305257e-06,1.732472275535997,1.7325,-0.0002707242387200097,5.050797010936954e-06
8.508355246305256e-06,1.732472275535118,1.7325,-0.0002707242391721229,5.050797009842933e-06
8.510355246305256e-06,1.732472275535045,1.7325,-0.0002707242387333416,5.050797010914353e-06
8.512355246305255e-06,1.732472275534112,1.7325,-0.0002707242391721603,5.050797009810047e-06
8.514355246305254e-06,1.73247227553402,1.7325,-0.0002707242387333797,5.05079701092962e-06
8.516355246305254e-06,1.732472275533131,1.7325,-0.0002707242391589003,5.050797009815692e-06
8.518355246305253e-06,1.732472275533183,1.7325,-0.0002707242387467073,5.050797010906775e-06
8.520355246305252e-06,1.732472275532509,1.7325,-0.0002707242391323305,5.050797009838206e-06
8.522355246305252e-06,1.732472275532573,1.7325,-0.0002707242387866195,5.050797010909318e-06
8.524355246305251e-06,1.732472275531835,1.7325,-0.0002707242391323555,5.050797009850621e-06
8.52635524630525e-06,1.732472275531975,1.7325,-0.0002707242387733452,5.050797010951536e-06
8.52835524630525e-06,1.732472275531309,1.7325,-0.0002707242391057822,5.050797009850277e-06
8.530355246305249e-06,1.732472275531489,1.7325,-0.0002707242387999563,5.050797010861821e-06
8.532355246305248e-06,1.732472275531002,1.7325,-0.0002707242390924971,5.050797009807994e-06
8.534355246305247e-06,1.732472275531409,1.7325,-0.0002707242387999593,5.050797010859052e-06
8.536355246305247e-06,1.73247227553101,1.7325,-0.0002707242390924968,5.050797009787102e-06
8.538355246305246e-06,1.73247227553125,1.7325,-0.0002707242388265581,5.050797010848547e-06
8.540355246305245e-06,1.732472275530623,1.7325,-0.0002707242390659182,5.050797009806598e-06
8.542355246305245e-06,1.73247227553083,1.7325,-0.0002707242388398702,5.050797010865132e-06
8.544355246305244e-06,1.732472275530104,1.7325,-0.0002707242390659375,5.050797009818107e-06
8.546355246305243e-06,1.732472275530139,1.7325,-0.0002707242388664889,5.050797010846542e-06
8.548355246305243e-06,1.732472275529376,1.7325,-0.0002707242390526681,5.050797009847952e-06
8.550355246305242e-06,1.732472275529328,1.7325,-0.000270724238866519,5.050797010875753e-06
8.552355246305241e-06,1.732472275528514,1.7325,-0.0002707242390394037,5.050797009835128e-06
8.55435524630524e-06,1.732472275528564,1.7325,-0.0002707242388665475,5.050797010874466e-06
8.55635524630524e-06,1.73247227552804,1.7325,-0.0002707242390394213,5.050797009859558e-06
8.558355246305239e-06,1.732472275528284,1.7325,-0.0002707242388798544,5.050797010850863e-06
8.560355246305238e-06,1.732472275527545,1.7325,-0.0002707242389995503,5.050797009840464e-06
8.562355246305238e-06,1.732472275527651,1.7325,-0.000270724238879878,5.050797010847003e-06
8.564355246305237e-06,1.732472275527176,1.7325,-0.000270724238999564,5.05079700984143e-06
8.566355246305236e-06,1.732472275527501,1.7325,-0.0002707242389064765,5.050797010835114e-06
8.568355246305236e-06,1.732472275526982,1.7325,-0.0002707242389729783,5.050797009845022e-06
8.570355246305235e-06,1.732472275527402,1.7325,-0.0002707242389330732,5.050797010825128e-06
8.572355246305234e-06,1.732472275527351,1.7325,-0.0002707242389729645,5.050797009820831e-06
8.574355246305233e-06,1.732472275528064,1.7325,-0.0002707242389197521,5.050797010819053e-06
8.576355246305233e-06,1.732472275527741,1.7325,-0.0002707242389463571,5.050797009866887e-06
8.578355246305232e-06,1.732472275528135,1.7325,-0.0002707242389463424,5.050797010868957e-06
8.580355246305231e-06,1.73247227552819,1.7325,-0.0002707242389596368,5.050797009921508e-06
8.58235524630523e-06,1.732472275529255,1.7325,-0.0002707242389463008,5.050797010858868e-06
8.58435524630523e-06,1.73247227552948,1.7325,-0.0002707242389329959,5.050797009858872e-06
8.58635524630523e-06,1.7324722755305,1.7325,-0.0002707242389595509,5.050797010804215e-06
8.588355246305229e-06,1.732472275530878,1.7325,-0.0002707242389196474,5.05079700986544e-06
8.590355246305228e-06,1.732472275532029,1.7325,-0.000270724238986087,5.050797010855017e-06
8.592355246305227e-06,1.732472275532254,1.7325,-0.0002707242388930032,5.050797009903901e-06
8.594355246305227e-06,1.732472275532966,1.7325,-0.0002707242389860521,5.050797010839367e-06
8.596355246305226e-06,1.732472275532997,1.7325,-0.0002707242388929756,5.050797009893657e-06
8.598355246305225e-06,1.732472275533914,1.7325,-0.0002707242390259063,5.050797010834704e-06
8.600355246305224e-06,1.732472275533902,1.7325,-0.0002707242388929419,5.050797009896293e-06
8.602355246305224e-06,1.732472275534364,1.7325,-0.0002707242390125931,5.050797010818685e-06
8.604355246305223e-06,1.732472275534094,1.7325,-0.0002707242388929348,5.050797009911378e-06
8.606355246305222e-06,1.732472275534621,1.7325,-0.0002707242390258801,5.050797010849177e-06
8.608355246305222e-06,1.732472275534226,1.7325,-0.0002707242388663369,5.050797009903059e-06
8.610355246305221e-06,1.732472275534437,1.7325,-0.0002707242390524799,5.050797010812677e-06
8.61235524630522e-06,1.73247227553424,1.7325,-0.0002707242388530399,5.050797009904184e-06
8.61435524630522e-06,1.732472275534836,1.7325,-0.000270724239052465,5.050797010818031e-06
8.616355246305219e-06,1.732472275534457,1.7325,-0.0002707242388397353,5.050797009898785e-06
8.618355246305218e-06,1.732472275534958,1.7325,-0.0002707242390524605,5.050797010781318e-06
8.620355246305217e-06,1.732472275534875,1.7325,-0.0002707242388397197,5.050797009884072e-06
8.622355246305217e-06,1.732472275535452,1.7325,-0.0002707242390524421,5.050797010774905e-06
8.624355246305216e-06,1.732472275535442,1.7325,-0.0002707242388264022,5.050797009871058e-06
8.626355246305215e-06,1.732472275536224,1.7325,-0.0002707242390790064,5.050797010769036e-06
8.628355246305215e-06,1.732472275536327,1.7325,-0.0002707242387997764,5.050797009878408e-06
8.630355246305214e-06,1.732472275537092,1.7325,-0.0002707242390789741,5.050797010744018e-06
8.632355246305213e-06,1.732472275536997,1.7325,-0.0002707242388396408,5.050797009859663e-06
8.634355246305213e-06,1.732472275537519,1.7325,-0.0002707242390789582,5.050797010744653e-06
8.636355246305212e-06,1.732472275537227,1.7325,-0.0002707242387997428,5.05079700989295e-06
8.638355246305211e-06,1.732472275537624,1.7325,-0.0002707242390922507,5.050797010805595e-06
8.64035524630521e-06,1.732472275537381,1.7325,-0.0002707242388130335,5.050797009947363e-06
8.64235524630521e-06,1.732472275537838,1.7325,-0.0002707242391321322,5.050797010788256e-06
8.644355246305209e-06,1.732472275537579,1.7325,-0.0002707242388130262,5.050797009934291e-06
8.646355246305208e-06,1.732472275538049,1.7325,-0.0002707242391188279,5.05079701079992e-06
8.648355246305208e-06,1.732472275537869,1.7325,-0.000270724238773126,5.050797009938782e-06
8.650355246305207e-06,1.732472275538635,1.7325,-0.0002707242391586956,5.050797010789008e-06
8.652355246305206e-06,1.732472275538726,1.7325,-0.0002707242387730941,5.050797009954136e-06
8.654355246305206e-06,1.732472275539358,1.7325,-0.0002707242391320757,5.050797010803511e-06
8.656355246305205e-06,1.732472275539495,1.7325,-0.000270724238759769,5.050797009953469e-06
8.658355246305204e-06,1.732472275540398,1.7325,-0.0002707242391453335,5.050797010767712e-06
8.660355246305204e-06,1.732472275540511,1.7325,-0.0002707242387331383,5.050797009929534e-06
8.662355246305203e-06,1.732472275541306,1.7325,-0.0002707242391718928,5.050797010765237e-06
8.664355246305202e-06,1.73247227554139,1.7325,-0.000270724238746402,5.050797009925479e-06
8.666355246305201e-06,1.732472275541987,1.7325,-0.0002707242391851639,5.05079701075208e-06
8.6683552463052e-06,1.732472275541725,1.7325,-0.0002707242387197966,5.050797009953296e-06
8.6703552463052e-06,1.732472275542123,1.7325,-0.0002707242391718623,5.050797010800217e-06
8.6723552463052e-06,1.732472275541917,1.7325,-0.000270724238706493,5.050797009988051e-06
8.674355246305199e-06,1.732472275542319,1.7325,-0.000270724239198448,5.050797010791992e-06
8.676355246305198e-06,1.732472275542059,1.7325,-0.0002707242387197841,5.050797009978454e-06
8.678355246305197e-06,1.732472275542498,1.7325,-0.0002707242392250343,5.050797010789209e-06
8.680355246305197e-06,1.732472275542345,1.7325,-0.0002707242386931806,5.050797009984062e-06
8.682355246305196e-06,1.732472275543025,1.7325,-0.0002707242392383112,5.05079701077351e-06
8.684355246305195e-06,1.732472275543014,1.7325,-0.0002707242387064521,5.050797009956086e-06
8.686355246305194e-06,1.732472275543618,1.7325,-0.0002707242392382892,5.050797010767454e-06
8.688355246305194e-06,1.732472275543573,1.7325,-0.0002707242386931349,5.050797010004204e-06
8.690355246305193e-06,1.73247227554416,1.7325,-0.000270724239238269,5.050797010788189e-06
8.692355246305192e-06,1.732472275544076,1.7325,-0.0002707242386798197,5.050797009979708e-06
8.694355246305192e-06,1.732472275544533,1.7325,-0.0002707242392382551,5.050797010741809e-06
8.696355246305191e-06,1.73247227554436,1.7325,-0.0002707242386665126,5.050797009999503e-06
8.69835524630519e-06,1.732472275545004,1.7325,-0.000270724239278127,5.05079701080963e-06
8.70035524630519e-06,1.73247227554507,1.7325,-0.0002707242386531897,5.050797010025979e-06
8.702355246305189e-06,1.732472275545665,1.7325,-0.0002707242392913989,5.050797010769029e-06
8.704355246305188e-06,1.732472275545582,1.7325,-0.0002707242386398742,5.050797010025083e-06
8.706355246305188e-06,1.732472275546209,1.7325,-0.0002707242392780822,5.05079701080196e-06
8.708355246305187e-06,1.732472275546165,1.7325,-0.0002707242386398525,5.050797010007556e-06
8.710355246305186e-06,1.732472275546627,1.7325,-0.0002707242392913632,5.05079701072173e-06
8.712355246305185e-06,1.732472275546447,1.7325,-0.000270724238613249,5.050797009963339e-06
8.714355246305185e-06,1.732472275546941,1.7325,-0.0002707242393046479,5.050797010699888e-06
8.716355246305184e-06,1.732472275546687,1.7325,-0.0002707242386132401,5.050797009947169e-06
8.718355246305183e-06,1.732472275546892,1.7325,-0.0002707242393046498,5.050797010692848e-06
8.720355246305183e-06,1.732472275546139,1.7325,-0.000270724238626557,5.050797009951246e-06
8.722355246305182e-06,1.732472275545868,1.7325,-0.0002707242393179844,5.050797010681634e-06
8.724355246305181e-06,1.732472275544922,1.7325,-0.0002707242386000092,5.050797009957087e-06
8.72635524630518e-06,1.732472275544511,1.7325,-0.0002707242393180349,5.050797010727072e-06
8.72835524630518e-06,1.732472275543297,1.7325,-0.0002707242385734767,5.050797010005447e-06
8.730355246305179e-06,1.732472275542564,1.7325,-0.0002707242393181073,5.050797010733668e-06
8.732355246305178e-06,1.732472275541185,1.7325,-0.0002707242385735553,5.050797010028725e-06
8.734355246305178e-06,1.732472275540518,1.7325,-0.0002707242393447763,5.050797010728316e-06
8.736355246305177e-06,1.732472275539374,1.7325,-0.0002707242385736227,5.050797009990805e-06
8.738355246305176e-06,1.732472275538947,1.7325,-0.0002707242393581313,5.050797010737884e-06
8.740355246305176e-06,1.732472275537972,1.7325,-0.0002707242385470818,5.05079701004875e-06
8.742355246305175e-06,1.732472275537787,1.7325,-0.000270724239371471,5.050797010747346e-06
8.744355246305174e-06,1.732472275537078,1.7325,-0.0002707242385338186,5.050797010021798e-06
8.746355246305174e-06,1.732472275537156,1.7325,-0.0002707242393581979,5.050797010712804e-06
8.748355246305173e-06,1.732472275536746,1.7325,-0.0002707242385471274,5.050797010033347e-06
8.750355246305172e-06,1.732472275536968,1.7325,-0.0002707242393980944,5.050797010735809e-06
8.752355246305171e-06,1.732472275536761,1.7325,-0.0002707242385338305,5.050797010024063e-06
8.75435524630517e-06,1.732472275537147,1.7325,-0.0002707242393714947,5.050797010694963e-06
8.75635524630517e-06,1.732472275536966,1.7325,-0.0002707242385338228,5.050797010009779e-06
8.75835524630517e-06,1.7324722755376,1.7325,-0.0002707242393847744,5.050797010688396e-06
8.760355246305169e-06,1.732472275537617,1.7325,-0.0002707242385337986,5.050797010005485e-06
8.762355246305168e-06,1.732472275538048,1.7325,-0.0002707242394113507,5.050797010682826e-06
8.764355246305167e-06,1.732472275537753,1.7325,-0.000270724238520497,5.05079701001065e-06
8.766355246305167e-06,1.732472275537951,1.7325,-0.0002707242394113543,5.050797010670034e-06
8.768355246305166e-06,1.732472275537491,1.7325,-0.0002707242384939138,5.050797009986527e-06
8.770355246305165e-06,1.732472275537473,1.7325,-0.0002707242394246686,5.050797010677415e-06
8.772355246305165e-06,1.732472275536749,1.7325,-0.0002707242385205343,5.050797010022421e-06
8.774355246305164e-06,1.732472275536624,1.7325,-0.0002707242394512931,5.050797010685854e-06
8.776355246305163e-06,1.732472275535939,1.7325,-0.0002707242384939716,5.050797010040214e-06
8.778355246305162e-06,1.732472275535811,1.7325,-0.0002707242394380268,5.050797010725231e-06
8.780355246305162e-06,1.73247227553504,1.7325,-0.000270724238467412,5.05079701007681e-06
8.782355246305161e-06,1.732472275534916,1.7325,-0.0002707242394380601,5.050797010707056e-06
8.78435524630516e-06,1.73247227553417,1.7325,-0.0002707242384674444,5.050797010067688e-06
8.78635524630516e-06,1.732472275534089,1.7325,-0.0002707242394646839,5.050797010713729e-06
8.788355246305159e-06,1.732472275533568,1.7325,-0.0002707242384541703,5.050797010055047e-06
8.790355246305158e-06,1.73247227553357,1.7325,-0.0002707242394647032,5.05079701071368e-06
8.792355246305158e-06,1.732472275533,1.7325,-0.0002707242384541914,5.050797010074933e-06
8.794355246305157e-06,1.732472275533161,1.7325,-0.0002707242394780149,5.050797010683416e-06
8.796355246305156e-06,1.732472275532703,1.7325,-0.000270724238467499,5.050797010053542e-06
8.798355246305155e-06,1.732472275532946,1.7325,-0.0002707242394780229,5.050797010685515e-06
8.800355246305155e-06,1.732472275532608,1.7325,-0.0002707242384409095,5.050797010044687e-06
8.802355246305154e-06,1.732472275532722,1.7325,-0.0002707242395046243,5.050797010679195e-06
8.804355246305153e-06,1.732472275532232,1.7325,-0.000270724238401034,5.05079701006677e-06
8.806355246305153e-06,1.732472275532426,1.7325,-0.0002707242395046352,5.050797010653766e-06
8.808355246305152e-06,1.732472275532252,1.7325,-0.0002707242384409227,5.050797010034721e-06
8.810355246305151e-06,1.73247227553268,1.7325,-0.0002707242395046258,5.050797010670072e-06
8.81235524630515e-06,1.732472275532492,1.7325,-0.0002707242384143209,5.050797010063895e-06
8.81435524630515e-06,1.732472275532859,1.7325,-0.0002707242395046191,5.050797010645227e-06
8.81635524630515e-06,1.732472275532792,1.7325,-0.0002707242384143097,5.050797010044352e-06
8.818355246305148e-06,1.732472275533142,1.7325,-0.0002707242395312015,5.050797010655613e-06
8.820355246305148e-06,1.7324722755329,1.7325,-0.0002707242383877127,5.050797010032589e-06
8.822355246305147e-06,1.732472275533405,1.7325,-0.0002707242395311918,5.050797010638225e-06
8.824355246305146e-06,1.73247227553325,1.7325,-0.0002707242383876996,5.050797010051999e-06
8.826355246305146e-06,1.732472275533395,1.7325,-0.0002707242395311921,5.050797010651947e-06
8.828355246305145e-06,1.732472275533013,1.7325,-0.000270724238374412,5.050797010067505e-06
8.830355246305144e-06,1.732472275533214,1.7325,-0.0002707242395444954,5.050797010646024e-06
8.832355246305144e-06,1.732472275532741,1.7325,-0.0002707242383478292,5.050797010075116e-06
8.834355246305143e-06,1.732472275532998,1.7325,-0.0002707242395445033,5.050797010688048e-06
8.836355246305142e-06,1.732472275532901,1.7325,-0.0002707242383744162,5.05079701012003e-06
8.838355246305142e-06,1.732472275533246,1.7325,-0.0002707242395710872,5.050797010676312e-06
8.84035524630514e-06,1.732472275533109,1.7325,-0.000270724238361112,5.050797010096049e-06
8.84235524630514e-06,1.732472275533713,1.7325,-0.0002707242395444768,5.050797010680471e-06
8.84435524630514e-06,1.732472275533779,1.7325,-0.0002707242383477906,5.050797010105296e-06
8.846355246305139e-06,1.73247227553445,1.7325,-0.0002707242395843388,5.050797010655043e-06
8.848355246305138e-06,1.732472275534614,1.7325,-0.0002707242383743525,5.050797010076946e-06
8.850355246305137e-06,1.732472275535192,1.7325,-0.0002707242395843112,5.050797010656461e-06
8.852355246305137e-06,1.732472275535146,1.7325,-0.0002707242383344432,5.050797010118027e-06
8.854355246305136e-06,1.732472275535618,1.7325,-0.0002707242395842954,5.05079701063975e-06
8.856355246305135e-06,1.73247227553553,1.7325,-0.0002707242383477254,5.050797010093667e-06
8.858355246305135e-06,1.732472275536087,1.7325,-0.0002707242395842779,5.050797010648475e-06
8.860355246305134e-06,1.732472275536259,1.7325,-0.0002707242383344018,5.050797010072133e-06
8.862355246305133e-06,1.732472275536916,1.7325,-0.0002707242395975436,5.050797010641539e-06
8.864355246305132e-06,1.732472275536942,1.7325,-0.0002707242383210799,5.050797010103644e-06
8.866355246305132e-06,1.73247227553743,1.7325,-0.0002707242396108209,5.050797010619188e-06
8.868355246305131e-06,1.732472275537139,1.7325,-0.0002707242383210726,5.050797010085374e-06
8.87035524630513e-06,1.732472275537224,1.7325,-0.0002707242396241251,5.050797010618751e-06
8.87235524630513e-06,1.732472275536889,1.7325,-0.0002707242382944889,5.05079701011117e-06
8.874355246305129e-06,1.732472275536931,1.7325,-0.0002707242396374325,5.050797010695461e-06
8.876355246305128e-06,1.732472275536312,1.7325,-0.0002707242382945104,5.050797010181921e-06
8.878355246305128e-06,1.732472275536382,1.7325,-0.0002707242396241564,5.050797010679874e-06
8.880355246305127e-06,1.732472275536071,1.7325,-0.0002707242382945193,5.050797010128461e-06
8.882355246305126e-06,1.732472275536322,1.7325,-0.0002707242396374551,5.050797010628451e-06
8.884355246305125e-06,1.732472275536064,1.7325,-0.0002707242382812231,5.050797010092956e-06
8.886355246305125e-06,1.732472275536393,1.7325,-0.0002707242396374525,5.050797010597362e-06
8.888355246305124e-06,1.732472275536313,1.7325,-0.0002707242382812138,5.050797010057923e-06
8.890355246305123e-06,1.732472275536759,1.7325,-0.0002707242396507354,5.050797010587095e-06
8.892355246305123e-06,1.732472275536652,1.7325,-0.0002707242382944977,5.050797010108045e-06
8.894355246305122e-06,1.73247227553699,1.7325,-0.0002707242396640233,5.050797010637466e-06
8.896355246305121e-06,1.732472275536657,1.7325,-0.0002707242382413116,5.050797010144837e-06
8.89835524630512e-06,1.7324722755368,1.7325,-0.0002707242396640303,5.050797010637812e-06
8.90035524630512e-06,1.732472275536561,1.7325,-0.0002707242382546116,5.050797010128878e-06
8.90235524630512e-06,1.732472275536848,1.7325,-0.0002707242396906215,5.050797010648655e-06
8.904355246305119e-06,1.732472275536558,1.7325,-0.0002707242382014258,5.050797010174185e-06
8.906355246305118e-06,1.732472275536746,1.7325,-0.0002707242396640323,5.050797010617982e-06
8.908355246305117e-06,1.732472275536578,1.7325,-0.000270724238254611,5.050797010101225e-06
8.910355246305116e-06,1.732472275536947,1.7325,-0.0002707242396773214,5.050797010611286e-06
8.912355246305116e-06,1.732472275536769,1.7325,-0.000270724238228011,5.050797010136736e-06
8.914355246305115e-06,1.732472275537137,1.7325,-0.0002707242396906108,5.050797010616288e-06
8.916355246305114e-06,1.732472275537005,1.7325,-0.0002707242382280022,5.050797010115916e-06
8.918355246305114e-06,1.732472275537269,1.7325,-0.0002707242397039024,5.05079701062317e-06
8.920355246305113e-06,1.732472275537061,1.7325,-0.0002707242382147036,5.050797010157778e-06
8.922355246305112e-06,1.732472275537355,1.7325,-0.0002707242397038992,5.050797010584643e-06
8.924355246305112e-06,1.732472275536852,1.7325,-0.0002707242382147114,5.050797010102965e-06
8.926355246305111e-06,1.732472275536799,1.7325,-0.0002707242397039198,5.050797010612533e-06
8.92835524630511e-06,1.73247227553643,1.7325,-0.000270724238214727,5.050797010157089e-06
8.93035524630511e-06,1.73247227553636,1.7325,-0.0002707242397172326,5.0507970105837e-06
8.932355246305109e-06,1.732472275535638,1.7325,-0.00027072423820146,5.050797010106908e-06
8.934355246305108e-06,1.732472275535442,1.7325,-0.0002707242397039703,5.050797010602865e-06
8.936355246305107e-06,1.732472275534839,1.7325,-0.0002707242382014898,5.050797010134872e-06
8.938355246305107e-06,1.732472275534834,1.7325,-0.0002707242397172894,5.050797010565803e-06
8.940355246305106e-06,1.732472275534312,1.7325,-0.0002707242381882129,5.050797010125938e-06
8.942355246305105e-06,1.732472275534389,1.7325,-0.0002707242397438989,5.050797010568507e-06
8.944355246305105e-06,1.732472275534087,1.7325,-0.0002707242381882213,5.050797010109423e-06
8.946355246305104e-06,1.73247227553416,1.7325,-0.0002707242397439075,5.050797010572927e-06
8.948355246305103e-06,1.732472275533842,1.7325,-0.0002707242381749338,5.050797010149519e-06
8.950355246305103e-06,1.732472275534108,1.7325,-0.0002707242397439094,5.050797010628748e-06
8.952355246305102e-06,1.732472275533768,1.7325,-0.0002707242381616402,5.050797010165806e-06
8.954355246305101e-06,1.73247227553399,1.7325,-0.0002707242397439138,5.05079701058395e-06
8.9563552463051e-06,1.732472275534135,1.7325,-0.0002707242381616265,5.050797010161652e-06
8.9583552463051e-06,1.732472275535073,1.7325,-0.00027072423975717,5.050797010611567e-06
8.960355246305099e-06,1.732472275535692,1.7325,-0.000270724238174865,5.050797010195534e-06
8.962355246305098e-06,1.732472275536815,1.7325,-0.0002707242397571052,5.050797010614826e-06
8.964355246305098e-06,1.732472275537661,1.7325,-0.0002707242381747918,5.050797010158422e-06
8.966355246305097e-06,1.732472275539147,1.7325,-0.0002707242397836114,5.050797010580334e-06
8.968355246305096e-06,1.732472275540154,1.7325,-0.0002707242381746991,5.050797010167014e-06
8.970355246305096e-06,1.732472275541566,1.7325,-0.0002707242398101144,5.050797010588365e-06
8.972355246305095e-06,1.732472275542386,1.7325,-0.0002707242381347266,5.050797010164322e-06
8.974355246305094e-06,1.732472275543552,1.7325,-0.0002707242397834476,5.050797010596134e-06
8.976355246305093e-06,1.73247227554406,1.7325,-0.0002707242381346644,5.050797010173574e-06
8.978355246305093e-06,1.732472275544918,1.7325,-0.0002707242397833967,5.050797010575839e-06
8.980355246305092e-06,1.732472275544941,1.7325,-0.000270724238147928,5.050797010152657e-06
8.982355246305091e-06,1.732472275545031,1.7325,-0.000270724239770096,5.050797010576463e-06
8.98435524630509e-06,1.732472275544663,1.7325,-0.0002707242381346419,5.050797010194809e-06
8.98635524630509e-06,1.732472275544965,1.7325,-0.000270724239783395,5.050797010561152e-06
8.98835524630509e-06,1.732472275544731,1.7325,-0.0002707242381346394,5.050797010156293e-06
8.990355246305089e-06,1.732472275544753,1.7325,-0.0002707242397834029,5.050797010580768e-06
8.992355246305088e-06,1.732472275544004,1.7325,-0.0002707242381479628,5.050797010182426e-06
8.994355246305087e-06,1.732472275543252,1.7325,-0.0002707242398100517,5.050797010573948e-06
8.996355246305086e-06,1.732472275541852,1.7325,-0.000270724238094857,5.050797010164892e-06
8.998355246305086e-06,1.732472275540786,1.7325,-0.0002707242398101434,5.050797010560643e-06
9e-06,1.732472275536538,1.7325,-0.0002707242380083901,5.050797010474535e-06
