time,v(out),v(inp),i(VDD),@m.xdut.xraw.x11.msky130_fd_pr__pfet_g5v0d10v5[id]
0.0,1.649975843398988,1.65,-0.0002788349575584457,5.349043835642548e-06
2e-11,1.649975843398935,1.65,-0.0002788349576413724,5.349043835635382e-06
4e-11,1.649975843398873,1.65,-0.000278834957641487,5.349043835630756e-06
8.000000000000001e-11,1.649975843398753,1.65,-0.0002788349576283936,5.349043835620837e-06
1.6e-10,1.649975843398756,1.65,-0.0002788349576007309,5.349043835608122e-06
3.2e-10,1.649975843398757,1.65,-0.0002788349576853151,5.349043835587483e-06
6.400000000000001e-10,1.64997584339718,1.65,-0.0002788349576573769,5.349043835541866e-06
1.28e-09,1.649975843394286,1.65,-0.0002788349577705437,5.349043835634677e-06
2.56e-09,1.649975843392055,1.65,-0.0002788349576772144,5.349043835719529e-06
4.560000000000001e-09,1.64997584339909,1.65,-0.0002788349578028865,5.3490438353699e-06
6.560000000000001e-09,1.649975843419418,1.65,-0.0002788349578819091,5.349043835209634e-06
8.56e-09,1.649975843451517,1.65,-0.0002788349579737906,5.349043835154605e-06
1.056e-08,1.649975843495565,1.65,-0.000278834958051931,5.349043835093433e-06
1.256e-08,1.649975843551077,1.65,-0.0002788349581296448,5.349043835039843e-06
1.456e-08,1.649975843617845,1.65,-0.000278834958233533,5.349043835035324e-06
1.656e-08,1.649975843694804,1.65,-0.0002788349582439668,5.349043835015495e-06
1.856e-08,1.649975843780026,1.65,-0.000278834958307279,5.34904383500734e-06
2.056e-08,1.649975843871459,1.65,-0.0002788349583304707,5.349043835018947e-06
2.256e-08,1.649975843967178,1.65,-0.0002788349583402066,5.349043834998084e-06
2.456000000000001e-08,1.649975844064696,1.65,-0.0002788349583764685,5.34904383500009e-06
2.656000000000001e-08,1.649975844162097,1.65,-0.0002788349583728452,5.349043835010071e-06
2.856000000000001e-08,1.649975844257323,1.65,-0.000278834958369303,5.349043835002053e-06
3.056000000000001e-08,1.649975844348805,1.65,-0.0002788349583393069,5.349043835006949e-06
3.256000000000001e-08,1.649975844435716,1.65,-0.0002788349583094809,5.349043835002965e-06
3.456000000000001e-08,1.649975844516807,1.65,-0.0002788349583064644,5.349043835003138e-06
3.656e-08,1.649975844590806,1.65,-0.0002788349582904152,5.3490438350082e-06
3.856e-08,1.649975844657168,1.65,-0.0002788349582613537,5.349043835007482e-06
4.056e-08,1.649975844715601,1.65,-0.000278834958232587,5.349043835003469e-06
4.256e-08,1.649975844766169,1.65,-0.00027883495817752,5.349043835001308e-06
4.456e-08,1.649975844808326,1.65,-0.0002788349581227659,5.349043835008699e-06
4.655999999999999e-08,1.649975844842098,1.65,-0.0002788349580949166,5.349043835008211e-06
4.855999999999999e-08,1.649975844868443,1.65,-0.0002788349580806401,5.349043835002308e-06
5.055999999999999e-08,1.649975844888296,1.65,-0.0002788349580533086,5.349043835006567e-06
5.255999999999999e-08,1.649975844902129,1.65,-0.0002788349579996081,5.349043835007911e-06
5.455999999999999e-08,1.649975844910608,1.65,-0.0002788349579859962,5.349043835002223e-06
5.655999999999999e-08,1.649975844914503,1.65,-0.0002788349579592583,5.349043835003839e-06
5.855999999999998e-08,1.649975844914809,1.65,-0.0002788349579193575,5.349043835003498e-06
6.055999999999998e-08,1.649975844912118,1.65,-0.0002788349578928646,5.34904383500039e-06
6.255999999999999e-08,1.649975844906922,1.65,-0.0002788349578797614,5.349043835003188e-06
6.455999999999999e-08,1.649975844899715,1.65,-0.000278834957866733,5.34904383500019e-06
6.656e-08,1.649975844891428,1.65,-0.0002788349578404483,5.349043834999026e-06
6.856e-08,1.649975844882854,1.65,-0.0002788349578407673,5.349043835007876e-06
7.056e-08,1.649975844874697,1.65,-0.0002788349578144777,5.349043835007653e-06
7.256000000000001e-08,1.649975844867685,1.65,-0.000278834957801442,5.349043835004714e-06
7.456000000000001e-08,1.649975844862443,1.65,-0.0002788349578149335,5.349043835003709e-06
7.656000000000002e-08,1.649975844859275,1.65,-0.0002788349578150514,5.349043835002222e-06
7.856000000000002e-08,1.649975844858436,1.65,-0.0002788349578150826,5.34904383500761e-06
8.056000000000003e-08,1.649975844860015,1.65,-0.0002788349577884309,5.349043835000619e-06
8.256000000000003e-08,1.649975844863923,1.65,-0.0002788349578148785,5.349043835002725e-06
8.456000000000004e-08,1.649975844870209,1.65,-0.0002788349578013482,5.349043835005612e-06
8.656000000000004e-08,1.649975844878926,1.65,-0.0002788349578143204,5.349043834999243e-06
8.856000000000005e-08,1.649975844889698,1.65,-0.0002788349577873267,5.349043835006957e-06
9.056000000000005e-08,1.649975844902144,1.65,-0.0002788349577868638,5.349043835010913e-06
9.256000000000006e-08,1.649975844915708,1.65,-0.0002788349577863592,5.34904383501287e-06
9.456000000000006e-08,1.649975844930358,1.65,-0.0002788349577858142,5.349043835015823e-06
9.656000000000007e-08,1.64997584494582,1.65,-0.0002788349577852391,5.349043835010853e-06
9.856000000000007e-08,1.649975844961659,1.65,-0.0002788349577846498,5.349043835003024e-06
1.005600000000001e-07,1.649975844977777,1.65,-0.0002788349577973468,5.349043835007763e-06
1.025600000000001e-07,1.649975844994022,1.65,-0.000278834957810039,5.349043835007446e-06
1.045600000000001e-07,1.649975845010175,1.65,-0.0002788349577961416,5.349043835001622e-06
1.065600000000001e-07,1.649975845026217,1.65,-0.0002788349577955447,5.34904383501046e-06
1.085600000000001e-07,1.64997584504183,1.65,-0.0002788349577816676,5.349043835013661e-06
1.105600000000001e-07,1.649975845056622,1.65,-0.0002788349577811173,5.349043835010698e-06
1.125600000000001e-07,1.649975845070323,1.65,-0.0002788349577806077,5.349043835010821e-06
1.145600000000001e-07,1.649975845082813,1.65,-0.00027883495775355,5.349043835009978e-06
1.165600000000001e-07,1.649975845093927,1.65,-0.0002788349577531366,5.349043835004033e-06
1.185600000000001e-07,1.649975845103589,1.65,-0.0002788349577527772,5.349043835004241e-06
1.205600000000001e-07,1.649975845111725,1.65,-0.0002788349577524746,5.349043835005882e-06
1.225600000000001e-07,1.649975845118579,1.65,-0.0002788349577389231,5.34904383500511e-06
1.245600000000001e-07,1.649975845124191,1.65,-0.0002788349577121214,5.349043835006749e-06
1.265600000000001e-07,1.649975845128613,1.65,-0.0002788349577252534,5.349043835003982e-06
1.285600000000001e-07,1.649975845131815,1.65,-0.0002788349577251343,5.34904383500351e-06
1.305600000000001e-07,1.649975845133704,1.65,-0.000278834957725064,5.349043835003582e-06
1.325600000000001e-07,1.649975845134605,1.65,-0.0002788349576984375,5.34904383499954e-06
1.345600000000001e-07,1.649975845134883,1.65,-0.0002788349577250202,5.349043835007848e-06
1.365600000000001e-07,1.649975845134641,1.65,-0.0002788349577250292,5.34904383501023e-06
1.3856e-07,1.649975845133981,1.65,-0.0002788349576984607,5.349043834998247e-06
1.4056e-07,1.649975845133067,1.65,-0.0002788349577250877,5.349043835003694e-06
1.4256e-07,1.649975845132307,1.65,-0.000278834957698523,5.349043835006922e-06
1.4456e-07,1.649975845131747,1.65,-0.0002788349576985438,5.349043835001818e-06
1.4656e-07,1.649975845131346,1.65,-0.0002788349576985587,5.349043835006934e-06
1.4856e-07,1.649975845131273,1.65,-0.0002788349576985614,5.349043835002407e-06
1.5056e-07,1.649975845131741,1.65,-0.0002788349577118405,5.34904383500414e-06
1.5256e-07,1.649975845132833,1.65,-0.0002788349576985034,5.349043835004473e-06
1.5456e-07,1.649975845134498,1.65,-0.0002788349576984415,5.349043834999217e-06
1.5656e-07,1.649975845136655,1.65,-0.0002788349577116577,5.349043835012509e-06
1.5856e-07,1.649975845139324,1.65,-0.000278834957698262,5.349043835007376e-06
1.6056e-07,1.649975845142226,1.65,-0.000278834957698154,5.349043834995966e-06
1.625599999999999e-07,1.649975845145344,1.65,-0.000278834957698038,5.349043835010241e-06
1.645599999999999e-07,1.649975845148676,1.65,-0.0002788349577112106,5.349043835009666e-06
1.665599999999999e-07,1.649975845152128,1.65,-0.0002788349577243786,5.349043835002179e-06
1.685599999999999e-07,1.649975845155773,1.65,-0.0002788349577242431,5.349043835012805e-06
1.705599999999999e-07,1.649975845159517,1.65,-0.0002788349576975108,5.349043835013504e-06
1.725599999999999e-07,1.649975845163234,1.65,-0.0002788349576973725,5.349043835006071e-06
1.745599999999999e-07,1.649975845166936,1.65,-0.0002788349577238278,5.349043835009354e-06
1.765599999999999e-07,1.649975845170573,1.65,-0.0002788349577236925,5.349043835005909e-06
1.785599999999999e-07,1.649975845174002,1.65,-0.0002788349577235649,5.34904383500136e-06
1.805599999999999e-07,1.64997584517715,1.65,-0.0002788349576968549,5.349043835004011e-06
1.825599999999999e-07,1.649975845179965,1.65,-0.0002788349576834536,5.349043835000686e-06
1.845599999999998e-07,1.649975845182213,1.65,-0.0002788349576966665,5.349043835002406e-06
1.865599999999998e-07,1.649975845183909,1.65,-0.0002788349576833069,5.349043835003593e-06
1.885599999999998e-07,1.649975845185257,1.65,-0.0002788349576832568,5.34904383500019e-06
1.905599999999998e-07,1.649975845186455,1.65,-0.0002788349576699157,5.34904383500499e-06
1.925599999999998e-07,1.649975845187477,1.65,-0.0002788349576698777,5.349043835005211e-06
1.945599999999998e-07,1.649975845188333,1.65,-0.0002788349576698459,5.349043835001168e-06
1.965599999999998e-07,1.649975845189162,1.65,-0.0002788349576698151,5.349043835002547e-06
1.985599999999998e-07,1.649975845190015,1.65,-0.0002788349576697833,5.349043835004933e-06
2.005599999999998e-07,1.649975845190864,1.65,-0.0002788349576830483,5.349043835002875e-06
2.025599999999998e-07,1.649975845191899,1.65,-0.0002788349576697132,5.349043835005675e-06
2.045599999999998e-07,1.649975845193033,1.65,-0.0002788349576829675,5.349043835005682e-06
2.065599999999998e-07,1.649975845194206,1.65,-0.0002788349576696274,5.349043834999585e-06
2.085599999999997e-07,1.649975845195463,1.65,-0.0002788349576828771,5.349043835005798e-06
2.105599999999997e-07,1.649975845196787,1.65,-0.0002788349576828279,5.349043835005809e-06
2.125599999999997e-07,1.649975845198154,1.65,-0.0002788349576694805,5.349043834998828e-06
2.145599999999997e-07,1.649975845199501,1.65,-0.0002788349576827269,5.349043835008446e-06
2.165599999999997e-07,1.649975845200778,1.65,-0.0002788349576826795,5.34904383501133e-06
2.185599999999997e-07,1.649975845202063,1.65,-0.0002788349576826316,5.34904383500704e-06
2.205599999999997e-07,1.649975845203404,1.65,-0.0002788349576692852,5.349043835005285e-06
2.225599999999997e-07,1.649975845204742,1.65,-0.0002788349576692355,5.34904383500073e-06
2.245599999999997e-07,1.649975845205998,1.65,-0.0002788349576957817,5.349043835005179e-06
2.265599999999997e-07,1.649975845207009,1.65,-0.0002788349576824477,5.349043835005866e-06
2.285599999999997e-07,1.649975845207797,1.65,-0.0002788349576957148,5.34904383500159e-06
2.305599999999997e-07,1.649975845208562,1.65,-0.0002788349576956864,5.349043835005627e-06
2.325599999999996e-07,1.649975845209317,1.65,-0.0002788349576956583,5.349043835003754e-06
2.345599999999996e-07,1.649975845209986,1.65,-0.0002788349576823369,5.349043834999398e-06
2.365599999999996e-07,1.649975845210457,1.65,-0.0002788349576823194,5.34904383500764e-06
2.385599999999996e-07,1.649975845210784,1.65,-0.0002788349576956037,5.349043835009475e-06
2.405599999999996e-07,1.649975845210981,1.65,-0.0002788349576955964,5.349043834999383e-06
2.425599999999996e-07,1.64997584521104,1.65,-0.0002788349576822977,5.34904383500637e-06
2.445599999999996e-07,1.649975845211116,1.65,-0.0002788349576955913,5.349043835014411e-06
2.465599999999996e-07,1.649975845211441,1.65,-0.0002788349576955794,5.349043835003878e-06
2.485599999999996e-07,1.649975845211932,1.65,-0.000278834957695561,5.349043835002292e-06
2.505599999999996e-07,1.649975845212385,1.65,-0.0002788349576955441,5.349043835008439e-06
2.525599999999996e-07,1.649975845212846,1.65,-0.0002788349576822305,5.349043835012824e-06
2.545599999999995e-07,1.649975845213435,1.65,-0.0002788349576822086,5.349043835014388e-06
2.565599999999995e-07,1.649975845214109,1.65,-0.0002788349576821835,5.349043835009692e-06
2.585599999999995e-07,1.649975845214836,1.65,-0.000278834957695453,5.34904383500514e-06
2.605599999999995e-07,1.649975845215462,1.65,-0.0002788349576821332,5.349043835005296e-06
2.625599999999995e-07,1.649975845216002,1.65,-0.0002788349576821131,5.349043835005124e-06
2.645599999999995e-07,1.649975845216582,1.65,-0.000278834957695388,5.349043835002703e-06
2.665599999999995e-07,1.649975845217193,1.65,-0.0002788349576820688,5.349043835005298e-06
2.685599999999995e-07,1.64997584521772,1.65,-0.0002788349576820492,5.349043835005355e-06
2.705599999999995e-07,1.649975845218172,1.65,-0.0002788349576820324,5.349043835001117e-06
2.725599999999995e-07,1.649975845218669,1.65,-0.0002788349576820139,5.349043834999729e-06
2.745599999999995e-07,1.649975845219243,1.65,-0.0002788349576952891,5.349043835008816e-06
2.765599999999995e-07,1.649975845219834,1.65,-0.0002788349576819706,5.349043835009269e-06
2.785599999999994e-07,1.649975845220273,1.65,-0.0002788349576952507,5.34904383500291e-06
2.805599999999994e-07,1.649975845220493,1.65,-0.0002788349576819461,5.349043835004545e-06
2.825599999999994e-07,1.649975845220691,1.65,-0.0002788349576952352,5.349043835002958e-06
2.845599999999994e-07,1.649975845220933,1.65,-0.0002788349577085226,5.349043834999048e-06
2.865599999999994e-07,1.649975845221046,1.65,-0.0002788349577085184,5.349043835006528e-06
2.885599999999994e-07,1.649975845221034,1.65,-0.0002788349577351119,5.349043835014339e-06
2.905599999999994e-07,1.649975845221094,1.65,-0.0002788349577085167,5.349043835006103e-06
2.925599999999994e-07,1.64997584522127,1.65,-0.0002788349577085101,5.349043835000812e-06
2.945599999999994e-07,1.649975845221405,1.65,-0.0002788349577085051,5.349043835011492e-06
2.965599999999994e-07,1.64997584522154,1.65,-0.0002788349576952036,5.349043835007229e-06
2.985599999999994e-07,1.649975845221699,1.65,-0.0002788349576819012,5.349043834997799e-06
3.005599999999994e-07,1.649975845221823,1.65,-0.0002788349577084895,5.349043835007333e-06
3.025599999999993e-07,1.649975845222059,1.65,-0.0002788349577350738,5.349043835009234e-06
3.045599999999993e-07,1.6499758452223,1.65,-0.0002788349577084718,5.349043835002201e-06
3.065599999999993e-07,1.64997584522256,1.65,-0.0002788349576951656,5.349043835007816e-06
3.085599999999993e-07,1.649975845222906,1.65,-0.0002788349577217457,5.34904383500695e-06
3.105599999999993e-07,1.649975845223168,1.65,-0.0002788349577084396,5.349043834996283e-06
3.125599999999993e-07,1.649975845223464,1.65,-0.000278834957695132,5.349043835009931e-06
3.145599999999993e-07,1.649975845224061,1.65,-0.0002788349577084063,5.349043835013832e-06
3.165599999999993e-07,1.649975845224687,1.65,-0.000278834957708383,5.349043835001104e-06
3.185599999999993e-07,1.649975845225074,1.65,-0.0002788349577083686,5.349043835007444e-06
3.205599999999993e-07,1.649975845225425,1.65,-0.0002788349577083555,5.349043835013695e-06
3.225599999999993e-07,1.649975845225641,1.65,-0.0002788349577083475,5.34904383500609e-06
3.245599999999992e-07,1.649975845225412,1.65,-0.0002788349576950596,5.349043835006521e-06
3.265599999999992e-07,1.649975845224834,1.65,-0.0002788349576817846,5.349043835012344e-06
3.285599999999992e-07,1.649975845224057,1.65,-0.0002788349576818135,5.349043835006093e-06
3.305599999999992e-07,1.649975845223445,1.65,-0.0002788349576951327,5.349043835007443e-06
3.325599999999992e-07,1.649975845223108,1.65,-0.0002788349576951452,5.349043835007059e-06
3.345599999999992e-07,1.649975845222723,1.65,-0.000278834957708456,5.349043834999864e-06
3.365599999999992e-07,1.649975845222307,1.65,-0.000278834957695175,5.349043835008297e-06
3.385599999999992e-07,1.649975845221827,1.65,-0.0002788349576951929,5.349043835011974e-06
3.405599999999992e-07,1.649975845221332,1.65,-0.0002788349576952113,5.349043835008912e-06
3.425599999999992e-07,1.649975845221023,1.65,-0.0002788349576952229,5.349043835006845e-06
3.445599999999992e-07,1.649975845220883,1.65,-0.0002788349576819316,5.349043835001916e-06
3.465599999999992e-07,1.649975845220849,1.65,-0.0002788349577351187,5.34904383500276e-06
3.485599999999991e-07,1.649975845220797,1.65,-0.0002788349577085277,5.349043835004963e-06
3.505599999999991e-07,1.649975845220757,1.65,-0.0002788349576819362,5.349043835003688e-06
3.525599999999991e-07,1.649975845220804,1.65,-0.0002788349576952309,5.349043835001845e-06
3.545599999999991e-07,1.649975845220768,1.65,-0.0002788349576952323,5.349043835004692e-06
3.565599999999991e-07,1.649975845220623,1.65,-0.0002788349576819412,5.349043835007388e-06
3.585599999999991e-07,1.649975845220507,1.65,-0.0002788349576819456,5.349043835002633e-06
3.605599999999991e-07,1.649975845220353,1.65,-0.0002788349576819513,5.34904383500184e-06
3.625599999999991e-07,1.649975845220168,1.65,-0.0002788349576819582,5.34904383500566e-06
3.645599999999991e-07,1.649975845219932,1.65,-0.0002788349576952634,5.349043835003842e-06
3.665599999999991e-07,1.649975845219636,1.65,-0.0002788349576819779,5.349043835000589e-06
3.685599999999991e-07,1.649975845219531,1.65,-0.0002788349576819818,5.34904383500321e-06
3.705599999999991e-07,1.649975845219631,1.65,-0.0002788349577085711,5.34904383500494e-06
3.72559999999999e-07,1.649975845219654,1.65,-0.0002788349576952737,5.3490438349988e-06
3.74559999999999e-07,1.649975845219576,1.65,-0.0002788349576819802,5.349043835002733e-06
3.76559999999999e-07,1.649975845219485,1.65,-0.0002788349576819835,5.349043835004577e-06
3.78559999999999e-07,1.649975845219545,1.65,-0.0002788349576819813,5.349043834998979e-06
3.80559999999999e-07,1.649975845219675,1.65,-0.000278834957695273,5.349043835005497e-06
3.82559999999999e-07,1.64997584521971,1.65,-0.0002788349576952717,5.34904383500498e-06
3.84559999999999e-07,1.649975845219787,1.65,-0.0002788349576952688,5.349043834997731e-06
3.86559999999999e-07,1.64997584521998,1.65,-0.0002788349577085581,5.349043835012852e-06
3.88559999999999e-07,1.649975845220143,1.65,-0.0002788349576952556,5.349043835010798e-06
3.90559999999999e-07,1.649975845220293,1.65,-0.0002788349576819535,5.349043834995536e-06
3.92559999999999e-07,1.649975845220462,1.65,-0.0002788349576819471,5.349043835010318e-06
3.945599999999989e-07,1.649975845220516,1.65,-0.0002788349576819452,5.349043835007603e-06
3.965599999999989e-07,1.649975845220549,1.65,-0.0002788349576952404,5.349043834998258e-06
3.985599999999989e-07,1.649975845220587,1.65,-0.0002788349576819425,5.349043835008583e-06
4.005599999999989e-07,1.649975845220462,1.65,-0.0002788349576819471,5.349043835006787e-06
4.025599999999989e-07,1.649975845220255,1.65,-0.0002788349576819549,5.349043835001153e-06
4.045599999999989e-07,1.649975845220021,1.65,-0.0002788349576952601,5.349043835010238e-06
4.065599999999989e-07,1.6499758452198,1.65,-0.0002788349576819718,5.349043835013734e-06
4.085599999999989e-07,1.649975845219641,1.65,-0.0002788349576952743,5.349043835007638e-06
4.105599999999989e-07,1.649975845219481,1.65,-0.0002788349576952802,5.349043835003285e-06
4.125599999999989e-07,1.649975845219476,1.65,-0.0002788349576819839,5.349043835005486e-06
4.145599999999989e-07,1.649975845219668,1.65,-0.0002788349576952732,5.349043835008195e-06
4.165599999999989e-07,1.649975845219752,1.65,-0.0002788349576952701,5.349043835001434e-06
4.185599999999988e-07,1.649975845219705,1.65,-0.0002788349576819754,5.349043835007465e-06
4.205599999999988e-07,1.649975845219589,1.65,-0.0002788349576819797,5.349043835006707e-06
4.225599999999988e-07,1.649975845219415,1.65,-0.0002788349576819861,5.349043834999282e-06
4.245599999999988e-07,1.649975845219315,1.65,-0.0002788349576819899,5.349043835006412e-06
4.265599999999988e-07,1.649975845219213,1.65,-0.0002788349576819937,5.349043835003696e-06
4.285599999999988e-07,1.649975845218995,1.65,-0.0002788349576687053,5.349043835004068e-06
4.305599999999988e-07,1.64997584521879,1.65,-0.0002788349576820094,5.349043835004291e-06
4.325599999999988e-07,1.649975845218628,1.65,-0.0002788349576820154,5.349043834999845e-06
4.345599999999988e-07,1.649975845218446,1.65,-0.0002788349576820222,5.349043835010999e-06
4.365599999999988e-07,1.649975845218345,1.65,-0.0002788349576953225,5.349043835007625e-06
4.385599999999988e-07,1.649975845218352,1.65,-0.0002788349576953222,5.349043834999447e-06
4.405599999999988e-07,1.64997584521841,1.65,-0.00027883495769532,5.349043835010141e-06
4.425599999999987e-07,1.649975845218493,1.65,-0.0002788349576953169,5.349043835006239e-06
4.445599999999987e-07,1.649975845218706,1.65,-0.000278834957695309,5.349043834999736e-06
4.465599999999987e-07,1.64997584521903,1.65,-0.000278834957695297,5.349043835009323e-06
4.485599999999987e-07,1.649975845219169,1.65,-0.0002788349576952918,5.349043835013906e-06
4.505599999999987e-07,1.649975845219261,1.65,-0.0002788349576819919,5.349043835009916e-06
4.525599999999987e-07,1.649975845219444,1.65,-0.0002788349576952816,5.349043835004058e-06
4.545599999999987e-07,1.649975845219571,1.65,-0.0002788349576819804,5.349043835006913e-06
4.565599999999987e-07,1.649975845219578,1.65,-0.0002788349576819801,5.349043835006464e-06
4.585599999999987e-07,1.649975845219572,1.65,-0.0002788349576819803,5.349043835001695e-06
4.605599999999987e-07,1.64997584521963,1.65,-0.0002788349576819781,5.349043835002748e-06
4.625599999999987e-07,1.64997584521964,1.65,-0.0002788349576819778,5.349043835002103e-06
4.645599999999986e-07,1.64997584521969,1.65,-0.0002788349576819759,5.349043834998265e-06
4.665599999999986e-07,1.649975845219738,1.65,-0.0002788349576819741,5.34904383500591e-06
4.685599999999986e-07,1.649975845219631,1.65,-0.0002788349576952746,5.349043835005536e-06
4.705599999999986e-07,1.649975845219501,1.65,-0.0002788349576819829,5.34904383499654e-06
4.725599999999986e-07,1.649975845219581,1.65,-0.0002788349576819799,5.349043835005017e-06
4.745599999999986e-07,1.649975845219739,1.65,-0.0002788349577085671,5.349043835003623e-06
4.765599999999986e-07,1.649975845219693,1.65,-0.0002788349576819758,5.349043835000003e-06
4.785599999999986e-07,1.649975845219617,1.65,-0.0002788349576952751,5.349043835008434e-06
4.805599999999987e-07,1.649975845219633,1.65,-0.0002788349576952745,5.349043835010556e-06
4.825599999999987e-07,1.649975845219632,1.65,-0.0002788349576952746,5.349043835004239e-06
4.845599999999988e-07,1.649975845219637,1.65,-0.0002788349576952744,5.349043835009011e-06
4.865599999999988e-07,1.649975845219763,1.65,-0.0002788349576952697,5.34904383501265e-06
4.885599999999989e-07,1.64997584521998,1.65,-0.0002788349577085581,5.349043835008393e-06
4.905599999999989e-07,1.649975845220071,1.65,-0.0002788349576952583,5.349043835007953e-06
4.92559999999999e-07,1.649975845220139,1.65,-0.0002788349577085522,5.349043835005772e-06
4.94559999999999e-07,1.649975845220337,1.65,-0.0002788349577085448,5.349043835002914e-06
4.96559999999999e-07,1.649975845220339,1.65,-0.0002788349577085448,5.34904383500343e-06
4.985599999999991e-07,1.649975845220217,1.65,-0.0002788349576952528,5.349043835004747e-06
5.005599999999991e-07,1.64997584522022,1.65,-0.0002788349577085492,5.349043835001243e-06
5.025599999999992e-07,1.649975845220133,1.65,-0.0002788349577085524,5.349043835003826e-06
5.045599999999992e-07,1.649975845219854,1.65,-0.0002788349576819699,5.349043835002135e-06
5.065599999999993e-07,1.649975845219444,1.65,-0.0002788349576819851,5.349043835001043e-06
5.085599999999993e-07,1.649975845218942,1.65,-0.0002788349576820038,5.349043835006662e-06
5.105599999999994e-07,1.649975845218548,1.65,-0.0002788349576820184,5.349043835002009e-06
5.125599999999994e-07,1.649975845218302,1.65,-0.000278834957695324,5.349043835000325e-06
5.145599999999994e-07,1.649975845218214,1.65,-0.0002788349576820308,5.349043835009171e-06
5.165599999999995e-07,1.649975845218185,1.65,-0.0002788349576953284,5.349043835009086e-06
5.185599999999995e-07,1.649975845217969,1.65,-0.0002788349576820399,5.349043835000888e-06
5.205599999999996e-07,1.649975845217596,1.65,-0.0002788349576820538,5.349043835006752e-06
5.225599999999996e-07,1.649975845217201,1.65,-0.0002788349576820685,5.349043835007481e-06
5.245599999999997e-07,1.649975845216962,1.65,-0.0002788349576820774,5.34904383499851e-06
5.265599999999997e-07,1.649975845216989,1.65,-0.0002788349576953729,5.349043835007601e-06
5.285599999999998e-07,1.64997584521722,1.65,-0.0002788349576820678,5.349043835010232e-06
5.305599999999998e-07,1.649975845217518,1.65,-0.0002788349576953532,5.34904383500032e-06
5.325599999999998e-07,1.64997584521787,1.65,-0.0002788349577086366,5.34904383501107e-06
5.345599999999999e-07,1.649975845218181,1.65,-0.0002788349576820321,5.349043835011233e-06
5.365599999999999e-07,1.649975845218287,1.65,-0.0002788349576820281,5.349043834996044e-06
5.3856e-07,1.649975845218328,1.65,-0.0002788349576953231,5.349043835006495e-06
5.4056e-07,1.649975845218424,1.65,-0.000278834957708616,5.349043835010413e-06
5.425600000000001e-07,1.649975845218493,1.65,-0.0002788349576953169,5.349043835007468e-06
5.445600000000001e-07,1.649975845218492,1.65,-0.0002788349576820205,5.349043835006096e-06
5.465600000000002e-07,1.649975845218536,1.65,-0.0002788349576953153,5.349043834999419e-06
5.485600000000002e-07,1.649975845218844,1.65,-0.0002788349576953039,5.349043835006718e-06
5.505600000000002e-07,1.649975845219135,1.65,-0.0002788349576819966,5.349043835012012e-06
5.525600000000003e-07,1.649975845219338,1.65,-0.000278834957681989,5.34904383500513e-06
5.545600000000003e-07,1.649975845219692,1.65,-0.0002788349577218653,5.349043835006977e-06
5.565600000000004e-07,1.649975845219924,1.65,-0.0002788349577085602,5.349043835008849e-06
5.585600000000004e-07,1.649975845220018,1.65,-0.0002788349576819637,5.349043835007793e-06
5.605600000000005e-07,1.649975845220053,1.65,-0.0002788349577085554,5.349043835006706e-06
5.625600000000005e-07,1.649975845219902,1.65,-0.0002788349576952645,5.349043835003568e-06
5.645600000000006e-07,1.649975845219649,1.65,-0.0002788349576819775,5.349043835005493e-06
5.665600000000006e-07,1.649975845219465,1.65,-0.0002788349576819843,5.34904383500562e-06
5.685600000000006e-07,1.649975845219323,1.65,-0.0002788349576952861,5.349043835002936e-06
5.705600000000007e-07,1.649975845219273,1.65,-0.000278834957695288,5.349043835005348e-06
5.725600000000007e-07,1.649975845219312,1.65,-0.000278834957708583,5.349043835007197e-06
5.745600000000008e-07,1.649975845219328,1.65,-0.0002788349576819894,5.349043835003179e-06
5.765600000000008e-07,1.649975845219343,1.65,-0.0002788349576952853,5.349043835003666e-06
5.785600000000009e-07,1.649975845219317,1.65,-0.0002788349577085828,5.34904383500528e-06
5.805600000000009e-07,1.649975845219376,1.65,-0.0002788349576819876,5.349043835004576e-06
5.82560000000001e-07,1.64997584521943,1.65,-0.0002788349576952821,5.349043835001508e-06
5.84560000000001e-07,1.649975845219204,1.65,-0.0002788349576952905,5.349043835005971e-06
5.86560000000001e-07,1.649975845219148,1.65,-0.000278834957708589,5.349043835013242e-06
5.885600000000011e-07,1.649975845219367,1.65,-0.0002788349576952845,5.349043835007558e-06
5.905600000000011e-07,1.649975845219428,1.65,-0.0002788349576952822,5.34904383499934e-06
5.925600000000012e-07,1.649975845219339,1.65,-0.0002788349576819889,5.349043835007851e-06
5.945600000000012e-07,1.649975845219418,1.65,-0.000278834957708579,5.349043835014885e-06
5.965600000000013e-07,1.649975845219506,1.65,-0.0002788349577085757,5.34904383500493e-06
5.985600000000013e-07,1.649975845219479,1.65,-0.0002788349577085768,5.3490438350092e-06
6.005600000000013e-07,1.649975845219596,1.65,-0.0002788349577085724,5.349043835014399e-06
6.025600000000014e-07,1.649975845219673,1.65,-0.0002788349576952731,5.349043835010701e-06
6.045600000000014e-07,1.649975845219857,1.65,-0.0002788349576952662,5.349043835011149e-06
6.065600000000015e-07,1.64997584522027,1.65,-0.0002788349576952508,5.349043835006994e-06
6.085600000000015e-07,1.649975845220455,1.65,-0.000278834957695244,5.349043835002018e-06
6.105600000000016e-07,1.649975845220454,1.65,-0.0002788349576819475,5.349043835003778e-06
6.125600000000016e-07,1.649975845220582,1.65,-0.0002788349576952392,5.349043835003123e-06
6.145600000000017e-07,1.649975845220755,1.65,-0.0002788349576952328,5.349043835002292e-06
6.165600000000017e-07,1.649975845220659,1.65,-0.0002788349576819399,5.349043835002983e-06
6.185600000000017e-07,1.649975845220245,1.65,-0.0002788349576952518,5.3490438349989e-06
6.205600000000018e-07,1.64997584521976,1.65,-0.0002788349576952698,5.349043835007502e-06
6.225600000000018e-07,1.649975845219352,1.65,-0.0002788349576952849,5.349043835015426e-06
6.245600000000019e-07,1.64997584521907,1.65,-0.0002788349576952955,5.349043835007879e-06
6.265600000000019e-07,1.649975845218969,1.65,-0.0002788349576952993,5.34904383500914e-06
6.28560000000002e-07,1.649975845218877,1.65,-0.0002788349576820062,5.349043835009635e-06
6.30560000000002e-07,1.649975845218678,1.65,-0.00027883495769531,5.349043835000357e-06
6.325600000000021e-07,1.649975845218572,1.65,-0.000278834957695314,5.349043835007181e-06
6.345600000000021e-07,1.649975845218626,1.65,-0.0002788349576820156,5.349043835016224e-06
6.365600000000021e-07,1.649975845218633,1.65,-0.0002788349576820152,5.349043835001654e-06
6.385600000000022e-07,1.649975845218706,1.65,-0.000278834957695309,5.349043835001666e-06
6.405600000000022e-07,1.649975845218904,1.65,-0.0002788349576953016,5.349043835005063e-06
6.425600000000023e-07,1.649975845218961,1.65,-0.000278834957682003,5.34904383499945e-06
6.445600000000023e-07,1.649975845218864,1.65,-0.0002788349576953032,5.349043835011062e-06
6.465600000000024e-07,1.649975845218723,1.65,-0.0002788349576820118,5.349043835006466e-06
6.485600000000024e-07,1.649975845218739,1.65,-0.0002788349576687148,5.349043834996718e-06
6.505600000000025e-07,1.649975845218765,1.65,-0.0002788349576953068,5.349043835008492e-06
6.525600000000025e-07,1.649975845218497,1.65,-0.0002788349576820203,5.349043835008382e-06
6.545600000000025e-07,1.649975845218163,1.65,-0.0002788349576953292,5.349043835001882e-06
6.565600000000026e-07,1.649975845217944,1.65,-0.0002788349576953374,5.349043835011738e-06
6.585600000000026e-07,1.64997584521779,1.65,-0.0002788349577086395,5.349043835007354e-06
6.605600000000027e-07,1.649975845217714,1.65,-0.0002788349576953459,5.349043834998416e-06
6.625600000000027e-07,1.649975845217845,1.65,-0.0002788349576820446,5.349043835010643e-06
6.645600000000028e-07,1.649975845218155,1.65,-0.0002788349577219225,5.34904383501326e-06
6.665600000000028e-07,1.649975845218362,1.65,-0.0002788349577086183,5.349043835008519e-06
6.685600000000029e-07,1.64997584521859,1.65,-0.0002788349577086098,5.349043835007067e-06
6.705600000000029e-07,1.649975845218961,1.65,-0.000278834957682003,5.349043835001761e-06
6.725600000000029e-07,1.649975845219213,1.65,-0.0002788349576819937,5.349043835003959e-06
6.74560000000003e-07,1.649975845219364,1.65,-0.0002788349576819881,5.349043835003252e-06
6.76560000000003e-07,1.649975845219491,1.65,-0.0002788349577085763,5.349043835000104e-06
6.785600000000031e-07,1.64997584521969,1.65,-0.0002788349576952724,5.349043835001027e-06
6.805600000000031e-07,1.64997584522002,1.65,-0.0002788349576819637,5.349043834996358e-06
6.825600000000032e-07,1.649975845220223,1.65,-0.0002788349576952526,5.34904383500157e-06
6.845600000000032e-07,1.64997584522031,1.65,-0.0002788349576952493,5.34904383500369e-06
6.865600000000033e-07,1.649975845220387,1.65,-0.000278834957708543,5.349043834998143e-06
6.885600000000033e-07,1.649975845220459,1.65,-0.0002788349576819472,5.349043835006237e-06
6.905600000000033e-07,1.649975845220665,1.65,-0.0002788349576952362,5.34904383500846e-06
6.925600000000034e-07,1.649975845220999,1.65,-0.0002788349576952237,5.349043835005168e-06
6.945600000000034e-07,1.649975845221304,1.65,-0.0002788349577085088,5.349043835000861e-06
6.965600000000035e-07,1.649975845221523,1.65,-0.0002788349576952042,5.349043835001456e-06
6.985600000000035e-07,1.649975845221653,1.65,-0.0002788349576951994,5.349043835005632e-06
7.005600000000036e-07,1.649975845221807,1.65,-0.0002788349576818972,5.349043835001205e-06
7.025600000000036e-07,1.649975845222053,1.65,-0.0002788349576951845,5.349043835003219e-06
7.045600000000037e-07,1.649975845222207,1.65,-0.0002788349577217717,5.349043835005545e-06
7.065600000000037e-07,1.649975845222155,1.65,-0.0002788349576818843,5.349043835003152e-06
7.085600000000037e-07,1.649975845221955,1.65,-0.0002788349576951882,5.349043835005301e-06
7.105600000000038e-07,1.649975845221737,1.65,-0.0002788349576818998,5.349043835006573e-06
7.125600000000038e-07,1.64997584522152,1.65,-0.0002788349577085008,5.349043835005035e-06
7.145600000000039e-07,1.649975845221226,1.65,-0.0002788349577218083,5.349043835006379e-06
7.165600000000039e-07,1.649975845220742,1.65,-0.0002788349576952333,5.349043835008615e-06
7.18560000000004e-07,1.649975845220198,1.65,-0.0002788349576952536,5.349043835008434e-06
7.20560000000004e-07,1.649975845219735,1.65,-0.0002788349576952707,5.349043835004075e-06
7.225600000000041e-07,1.64997584521934,1.65,-0.0002788349576819889,5.349043835007016e-06
7.245600000000041e-07,1.649975845218996,1.65,-0.0002788349576820017,5.349043835006671e-06
7.265600000000041e-07,1.649975845218658,1.65,-0.0002788349577086073,5.349043834995433e-06
7.285600000000042e-07,1.649975845218424,1.65,-0.0002788349576953195,5.349043835004159e-06
7.305600000000042e-07,1.64997584521835,1.65,-0.0002788349577086188,5.349043835006945e-06
7.325600000000043e-07,1.649975845218265,1.65,-0.0002788349576953254,5.349043834997862e-06
7.345600000000043e-07,1.64997584521829,1.65,-0.000278834957708621,5.349043835006015e-06
7.365600000000044e-07,1.64997584521849,1.65,-0.0002788349577086135,5.34904383501259e-06
7.385600000000044e-07,1.649975845218601,1.65,-0.0002788349576953129,5.34904383500952e-06
7.405600000000045e-07,1.649975845218661,1.65,-0.0002788349576820141,5.34904383500397e-06
7.425600000000045e-07,1.649975845218791,1.65,-0.0002788349577351953,5.349043835005323e-06
7.445600000000045e-07,1.649975845218983,1.65,-0.0002788349576820022,5.349043835005102e-06
7.465600000000046e-07,1.649975845219196,1.65,-0.0002788349576952908,5.349043835000232e-06
7.485600000000046e-07,1.649975845219365,1.65,-0.0002788349576686916,5.349043835009665e-06
7.505600000000047e-07,1.649975845219471,1.65,-0.0002788349576819841,5.349043835016077e-06
7.525600000000047e-07,1.649975845219442,1.65,-0.0002788349576819851,5.349043835006396e-06
7.545600000000048e-07,1.649975845219282,1.65,-0.0002788349576553981,5.349043835003483e-06
7.565600000000048e-07,1.649975845219097,1.65,-0.000278834957681998,5.34904383500644e-06
7.585600000000049e-07,1.649975845218934,1.65,-0.0002788349576820041,5.349043835003785e-06
7.605600000000049e-07,1.649975845218838,1.65,-0.0002788349576687111,5.349043835004411e-06
7.625600000000049e-07,1.649975845218902,1.65,-0.0002788349576820053,5.349043835004545e-06
7.64560000000005e-07,1.649975845218949,1.65,-0.0002788349576820035,5.349043835001871e-06
7.66560000000005e-07,1.649975845218788,1.65,-0.0002788349576953059,5.349043835004093e-06
7.685600000000051e-07,1.649975845218742,1.65,-0.0002788349576820112,5.349043835004368e-06
7.705600000000051e-07,1.649975845218956,1.65,-0.0002788349577085962,5.349043835000659e-06
7.725600000000052e-07,1.649975845219094,1.65,-0.0002788349576952946,5.349043835003612e-06
7.745600000000052e-07,1.64997584521907,1.65,-0.000278834957681999,5.349043835001287e-06
7.765600000000053e-07,1.649975845219009,1.65,-0.0002788349576820012,5.349043835004605e-06
7.785600000000053e-07,1.649975845218942,1.65,-0.0002788349576820038,5.349043835008901e-06
7.805600000000053e-07,1.649975845218922,1.65,-0.0002788349576820045,5.349043834997235e-06
7.825600000000054e-07,1.649975845218883,1.65,-0.0002788349576953024,5.349043835007011e-06
7.845600000000054e-07,1.649975845218993,1.65,-0.0002788349576820018,5.349043835015198e-06
7.865600000000055e-07,1.649975845219342,1.65,-0.0002788349577085819,5.349043835003291e-06
7.885600000000055e-07,1.649975845219635,1.65,-0.0002788349576952744,5.349043835008513e-06
7.905600000000056e-07,1.649975845219815,1.65,-0.0002788349576952678,5.349043835013543e-06
7.925600000000056e-07,1.649975845219997,1.65,-0.0002788349577085574,5.349043835007865e-06
7.945600000000057e-07,1.649975845220109,1.65,-0.0002788349577085534,5.349043835005758e-06
7.965600000000057e-07,1.649975845220074,1.65,-0.0002788349576819617,5.349043835004816e-06
7.985600000000057e-07,1.649975845220014,1.65,-0.0002788349577085568,5.349043835001569e-06
8.005600000000058e-07,1.649975845219845,1.65,-0.0002788349576819701,5.349043835004191e-06
8.025600000000058e-07,1.649975845219545,1.65,-0.0002788349576819813,5.349043835004537e-06
8.045600000000059e-07,1.649975845219216,1.65,-0.0002788349577085865,5.349043835001146e-06
8.065600000000059e-07,1.649975845218811,1.65,-0.0002788349577086016,5.349043835001411e-06
8.08560000000006e-07,1.649975845218339,1.65,-0.0002788349576953226,5.349043834999102e-06
8.10560000000006e-07,1.64997584521796,1.65,-0.0002788349576953368,5.349043835000995e-06
8.125600000000061e-07,1.649975845217724,1.65,-0.0002788349576953455,5.349043835004912e-06
8.145600000000061e-07,1.649975845217619,1.65,-0.000278834957682053,5.34904383500421e-06
8.165600000000061e-07,1.649975845217587,1.65,-0.0002788349577086471,5.34904383500071e-06
8.185600000000062e-07,1.649975845217567,1.65,-0.0002788349576953514,5.349043835001218e-06
8.205600000000062e-07,1.649975845217817,1.65,-0.0002788349576820456,5.349043835000163e-06
8.225600000000063e-07,1.649975845218189,1.65,-0.0002788349576820317,5.349043835000524e-06
8.245600000000063e-07,1.649975845218378,1.65,-0.0002788349576820247,5.349043835005279e-06
8.265600000000064e-07,1.649975845218556,1.65,-0.0002788349576820181,5.349043835003712e-06
8.285600000000064e-07,1.649975845218748,1.65,-0.0002788349576953074,5.349043835003416e-06
8.305600000000065e-07,1.649975845218798,1.65,-0.0002788349576820092,5.349043835003995e-06
8.325600000000065e-07,1.64997584521882,1.65,-0.0002788349576953048,5.349043835002259e-06
8.345600000000065e-07,1.649975845218834,1.65,-0.0002788349576953042,5.349043835004443e-06
8.365600000000066e-07,1.649975845218815,1.65,-0.000278834957695305,5.349043835006011e-06
8.385600000000066e-07,1.649975845218826,1.65,-0.000278834957708601,5.3490438350068e-06
8.405600000000067e-07,1.649975845218879,1.65,-0.0002788349576820061,5.349043835008392e-06
8.425600000000067e-07,1.649975845218993,1.65,-0.0002788349576952983,5.349043835004492e-06
8.445600000000068e-07,1.649975845219027,1.65,-0.0002788349576952971,5.349043835003229e-06
8.465600000000068e-07,1.649975845219082,1.65,-0.0002788349576819985,5.349043835002266e-06
8.485600000000069e-07,1.649975845219181,1.65,-0.0002788349576952913,5.349043835001522e-06
8.505600000000069e-07,1.649975845219097,1.65,-0.000278834957708591,5.349043835004277e-06
8.525600000000069e-07,1.649975845218971,1.65,-0.0002788349576952991,5.349043835002493e-06
8.54560000000007e-07,1.649975845218868,1.65,-0.000278834957695303,5.349043835002508e-06
8.56560000000007e-07,1.649975845218734,1.65,-0.000278834957695308,5.349043835002239e-06
8.585600000000071e-07,1.649975845218691,1.65,-0.0002788349576953096,5.34904383499932e-06
8.605600000000071e-07,1.649975845218669,1.65,-0.0002788349576820139,5.349043835004775e-06
8.625600000000072e-07,1.649975845218636,1.65,-0.0002788349576953116,5.349043835005068e-06
8.645600000000072e-07,1.649975845218714,1.65,-0.0002788349576820122,5.349043834999485e-06
8.665600000000073e-07,1.649975845218856,1.65,-0.000278834957682007,5.349043835011658e-06
8.685600000000073e-07,1.649975845219043,1.65,-0.0002788349576952965,5.349043835012317e-06
8.705600000000073e-07,1.649975845219241,1.65,-0.0002788349576952891,5.349043834998237e-06
8.725600000000074e-07,1.649975845219321,1.65,-0.0002788349576819896,5.349043835006974e-06
8.745600000000074e-07,1.649975845219324,1.65,-0.000278834957695286,5.34904383501314e-06
8.765600000000075e-07,1.649975845219344,1.65,-0.0002788349576819888,5.349043835007821e-06
8.785600000000075e-07,1.649975845219433,1.65,-0.0002788349576819855,5.349043835008477e-06
8.805600000000076e-07,1.649975845219658,1.65,-0.0002788349576952736,5.34904383500493e-06
8.825600000000076e-07,1.649975845219927,1.65,-0.0002788349577085601,5.349043835003737e-06
8.845600000000077e-07,1.64997584522028,1.65,-0.0002788349576952505,5.349043835007685e-06
8.865600000000077e-07,1.649975845220721,1.65,-0.0002788349577085305,5.349043835003739e-06
8.885600000000077e-07,1.649975845221042,1.65,-0.0002788349576952221,5.349043835004355e-06
8.905600000000078e-07,1.649975845221347,1.65,-0.0002788349576819142,5.349043835004675e-06
8.925600000000078e-07,1.649975845221655,1.65,-0.0002788349576951993,5.349043835000245e-06
8.945600000000079e-07,1.649975845221743,1.65,-0.0002788349576951961,5.349043835009946e-06
8.965600000000079e-07,1.649975845221717,1.65,-0.0002788349576819005,5.349043835009547e-06
8.98560000000008e-07,1.649975845221641,1.65,-0.0002788349576951998,5.349043835000339e-06
9.00560000000008e-07,1.649975845221556,1.65,-0.0002788349577084995,5.349043835011183e-06
9.02560000000008e-07,1.6499758452215,1.65,-0.000278834957695205,5.349043835007973e-06
9.045600000000081e-07,1.649975845221377,1.65,-0.0002788349576819132,5.349043834997455e-06
9.065600000000081e-07,1.64997584522119,1.65,-0.0002788349576819201,5.349043835007058e-06
9.085600000000082e-07,1.649975845221006,1.65,-0.000278834957681927,5.349043835009997e-06
9.105600000000082e-07,1.649975845220888,1.65,-0.0002788349576819314,5.349043835001389e-06
9.125600000000083e-07,1.649975845220719,1.65,-0.0002788349576952341,5.349043835002644e-06
9.145600000000083e-07,1.649975845220451,1.65,-0.0002788349576819477,5.349043835005989e-06
9.165600000000084e-07,1.649975845220156,1.65,-0.0002788349576819586,5.349043835001643e-06
9.185600000000084e-07,1.649975845219984,1.65,-0.000278834957708558,5.349043835001852e-06
9.205600000000084e-07,1.649975845219962,1.65,-0.0002788349577085588,5.349043834999962e-06
9.225600000000085e-07,1.64997584522012,1.65,-0.0002788349576952564,5.349043835006753e-06
9.245600000000085e-07,1.649975845220403,1.65,-0.0002788349577085424,5.349043835012269e-06
9.265600000000086e-07,1.649975845220647,1.65,-0.0002788349577085333,5.34904383500628e-06
9.285600000000086e-07,1.649975845220833,1.65,-0.0002788349576952299,5.349043835008108e-06
9.305600000000087e-07,1.649975845221008,1.65,-0.0002788349577085199,5.349043835006037e-06
9.325600000000087e-07,1.649975845221156,1.65,-0.0002788349576819214,5.349043835001074e-06
9.345600000000088e-07,1.649975845221243,1.65,-0.0002788349576819182,5.349043835010116e-06
9.365600000000088e-07,1.649975845221284,1.65,-0.0002788349576819166,5.349043835012372e-06
9.385600000000088e-07,1.649975845221362,1.65,-0.0002788349576952103,5.349043835006248e-06
9.405600000000089e-07,1.649975845221453,1.65,-0.0002788349577085033,5.349043835005312e-06
9.425600000000089e-07,1.649975845221499,1.65,-0.0002788349576819086,5.349043835003197e-06
9.44560000000009e-07,1.649975845221598,1.65,-0.0002788349577084979,5.349043835001535e-06
9.46560000000009e-07,1.649975845221665,1.65,-0.0002788349576819024,5.349043835003904e-06
9.485600000000091e-07,1.649975845221658,1.65,-0.0002788349576951992,5.349043835000767e-06
9.505600000000091e-07,1.649975845221668,1.65,-0.0002788349576819024,5.34904383499991e-06
9.525600000000092e-07,1.649975845221541,1.65,-0.0002788349576819071,5.349043835005449e-06
9.545600000000092e-07,1.649975845221513,1.65,-0.0002788349576952046,5.349043835005147e-06
9.565600000000091e-07,1.649975845221846,1.65,-0.0002788349576818957,5.349043835001502e-06
9.58560000000009e-07,1.649975845222082,1.65,-0.000278834957681887,5.349043835007333e-06
9.60560000000009e-07,1.649975845222124,1.65,-0.0002788349576951819,5.349043835006321e-06
9.62560000000009e-07,1.649975845222116,1.65,-0.0002788349576818857,5.349043834998117e-06
9.64560000000009e-07,1.649975845222073,1.65,-0.0002788349576685909,5.349043835014584e-06
9.665600000000088e-07,1.649975845222084,1.65,-0.0002788349576818869,5.349043835006483e-06
9.685600000000088e-07,1.649975845222039,1.65,-0.000278834957695185,5.349043834998058e-06
9.705600000000087e-07,1.649975845222009,1.65,-0.0002788349576951861,5.349043835021449e-06
9.725600000000087e-07,1.649975845222104,1.65,-0.0002788349577084791,5.349043835037831e-06
9.745600000000086e-07,1.649975845222172,1.65,-0.0002788349576818837,5.349043835046026e-06
9.765600000000085e-07,1.649975845222046,1.65,-0.0002788349576818883,5.349043835046364e-06
9.785600000000085e-07,1.64997584522181,1.65,-0.0002788349576951935,5.349043835047989e-06
9.805600000000084e-07,1.649975845221604,1.65,-0.0002788349576952012,5.349043835048334e-06
9.825600000000083e-07,1.649975845221432,1.65,-0.0002788349576952076,5.349043835052167e-06
9.845600000000083e-07,1.649975845221477,1.65,-0.0002788349576819095,5.349043835048648e-06
9.865600000000082e-07,1.649975845221762,1.65,-0.0002788349576951954,5.349043835047017e-06
9.885600000000082e-07,1.649975845222,1.65,-0.0002788349577084829,5.349043835053382e-06
9.90560000000008e-07,1.649975845222229,1.65,-0.000278834957695178,5.349043835045465e-06
9.92560000000008e-07,1.649975845222576,1.65,-0.0002788349577084615,5.349043835016399e-06
9.94560000000008e-07,1.649975845222882,1.65,-0.0002788349577084501,5.349043835009345e-06
9.96560000000008e-07,1.649975845223007,1.65,-0.000278834957695149,5.349043835016353e-06
9.985600000000079e-07,1.649975845223038,1.65,-0.0002788349576818513,5.349043835006043e-06
1e-06,1.649975845225383,1.65,-0.0002788349577302427,5.349043835081063e-06
1.0001e-06,1.649997876088197,1.655,-0.0002735754336580274,5.349018866026095e-06
1.0003e-06,1.65005862169176,1.665,-0.000268747074503321,5.349007890303144e-06
1.0007e-06,1.650191526490658,1.685,-0.0002696830986319928,5.349018466204706e-06
1.001e-06,1.65027594871459,1.7,-0.000269078836191994,5.349012625675168e-06
1.001072460636021e-06,1.650282077921523,1.7,-0.0002735017401878789,5.349036753873365e-06
1.001217381908062e-06,1.65027965706207,1.7,-0.0002784185047838069,5.349050132621192e-06
1.001507224452144e-06,1.650251565662441,1.7,-0.0002782227607154747,5.349036603896971e-06
1.002086909540309e-06,1.650201318655253,1.7,-0.000278113462006228,5.349032757055232e-06
1.00281547028039e-06,1.650133145924165,1.7,-0.0002782937244932337,5.34902524299612e-06
1.004272591760553e-06,1.650001827084973,1.7,-0.0002782890509266872,5.349030468002837e-06
1.006272591760553e-06,1.649854448068736,1.7,-0.0002790534122134735,5.349024909844391e-06
1.008272591760553e-06,1.649799859886363,1.7,-0.0002797346178513538,5.349022820906207e-06
1.010272591760553e-06,1.649894198186689,1.7,-0.0002810796290137381,5.349011759597094e-06
1.012272591760553e-06,1.650190763489676,1.7,-0.0002821769009113911,5.349008916562369e-06
1.014272591760553e-06,1.650724361481221,1.7,-0.0002838226190375046,5.349000298922487e-06
1.016272591760552e-06,1.651518582408111,1.7,-0.0002850988799471433,5.3489994699619e-06
1.018272591760552e-06,1.652578157279461,1.7,-0.0002868285562154086,5.34899237997209e-06
1.020272591760552e-06,1.6538979425501,1.7,-0.0002880940344122181,5.348991449061301e-06
1.022272591760552e-06,1.655458928923817,1.7,-0.000289729486497608,5.348984102521411e-06
1.024272591760552e-06,1.657236373361082,1.7,-0.0002908333495990127,5.34898234774621e-06
1.026272591760552e-06,1.659197215219546,1.7,-0.0002922409597159649,5.348975003592291e-06
1.028272591760552e-06,1.661306484040594,1.7,-0.0002930756616570254,5.348973438598809e-06
1.030272591760552e-06,1.663525265108644,1.7,-0.0002941653280999885,5.34896739145671e-06
1.032272591760552e-06,1.665815436062681,1.7,-0.0002946645474979321,5.348967305822857e-06
1.034272591760552e-06,1.668138043610464,1.7,-0.0002953881294210939,5.348963542839025e-06
1.036272591760552e-06,1.670456739553011,1.7,-0.000295526676514327,5.348965580796395e-06
1.038272591760552e-06,1.672736567363495,1.7,-0.0002958778611766914,5.348964349585875e-06
1.040272591760552e-06,1.674946382063794,1.7,-0.0002956706014099987,5.348968480411608e-06
1.042272591760552e-06,1.677057970418922,1.7,-0.0002956814002181437,5.348969503225729e-06
1.044272591760552e-06,1.679047617111965,1.7,-0.0002951771550929906,5.348975334142596e-06
1.046272591760552e-06,1.680895456410894,1.7,-0.000294908910581825,5.348978118324569e-06
1.048272591760551e-06,1.6825863146767,1.7,-0.0002941793397201449,5.348985143579597e-06
1.050272591760551e-06,1.684109229910405,1.7,-0.0002937100299443475,5.348989154460955e-06
1.052272591760551e-06,1.685457706694975,1.7,-0.0002928365182220886,5.348996867699552e-06
1.054272591760551e-06,1.686629376718875,1.7,-0.000292247930476623,5.349001592259895e-06
1.056272591760551e-06,1.687625793822849,1.7,-0.0002913099502796574,5.349009515727124e-06
1.058272591760551e-06,1.688452218593824,1.7,-0.0002906775597851505,5.349014477921509e-06
1.060272591760551e-06,1.689117056531225,1.7,-0.000289744439585398,5.349022174295676e-06
1.062272591760551e-06,1.689631748041919,1.7,-0.0002891309829655702,5.349026941258515e-06
1.064272591760551e-06,1.690009930766625,1.7,-0.000288257287395528,5.349034016662169e-06
1.066272591760551e-06,1.690267420128573,1.7,-0.0002877096723340798,5.349038206541008e-06
1.068272591760551e-06,1.690421168570174,1.7,-0.0002869335077408133,5.349044325892123e-06
1.070272591760551e-06,1.690489336243075,1.7,-0.0002864822201896643,5.349047623892084e-06
1.072272591760551e-06,1.690490123169336,1.7,-0.0002858255967720923,5.349052526381113e-06
1.074272591760551e-06,1.690441949079367,1.7,-0.0002854857687439011,5.34905470531772e-06
1.076272591760551e-06,1.690362240575047,1.7,-0.0002849562501486438,5.349058230100882e-06
1.078272591760551e-06,1.690267753318426,1.7,-0.0002847296979138655,5.34905917557434e-06
1.080272591760551e-06,1.690173394469739,1.7,-0.0002843227405162744,5.349061283880884e-06
1.08227259176055e-06,1.690092721109415,1.7,-0.0002842004753562064,5.349061011452846e-06
1.08427259176055e-06,1.690036862185562,1.7,-0.0002839020668215386,5.349061796761619e-06
1.08627259176055e-06,1.690015211297139,1.7,-0.0002838669922702452,5.349060453866654e-06
1.08827259176055e-06,1.690034483292473,1.7,-0.0002836564065528726,5.349060133594311e-06
1.09027259176055e-06,1.690099592954661,1.7,-0.0002836861036608185,5.34905797815594e-06
1.09227259176055e-06,1.690212847495188,1.7,-0.0002835387253416843,5.349056859692425e-06
1.09427259176055e-06,1.690374975705432,1.7,-0.0002836082955418481,5.349054215975688e-06
1.09627259176055e-06,1.690584429651395,1.7,-0.0002834984718023666,5.349052647000136e-06
1.09827259176055e-06,1.69083851112348,1.7,-0.0002835833519095648,5.349049854799227e-06
1.10027259176055e-06,1.69113274091149,1.7,-0.0002834871235082521,5.349048170873422e-06
1.10227259176055e-06,1.691462024951637,1.7,-0.000283565658488996,5.349045533990886e-06
1.10427259176055e-06,1.691820048207603,1.7,-0.0002834631005285805,5.349044015212274e-06
1.10627259176055e-06,1.692200430011332,1.7,-0.000283518570184821,5.349041766455532e-06
1.10827259176055e-06,1.692596107734107,1.7,-0.000283395436823604,5.349040609805865e-06
1.11027259176055e-06,1.693000443891981,1.7,-0.0002834172625244138,5.349038893557893e-06
1.11227259176055e-06,1.693406577141224,1.7,-0.0002832657242778652,5.349038204724337e-06
1.114272591760549e-06,1.693808458143233,1.7,-0.0002832497286905339,5.349037077100876e-06
1.116272591760549e-06,1.694200157269042,1.7,-0.0002830681713357604,5.34903687981223e-06
1.118272591760549e-06,1.694576818768651,1.7,-0.0002830159573505284,5.349036321802943e-06
1.120272591760549e-06,1.694933924281858,1.7,-0.0002828079990264214,5.349036572909115e-06
1.122272591760549e-06,1.695268164247381,1.7,-0.0002827256780733545,5.349036510261036e-06
1.124272591760549e-06,1.695576663029511,1.7,-0.000282498685139075,5.349037120513825e-06
1.126272591760549e-06,1.695857773061119,1.7,-0.0002823952617512692,5.349037443037579e-06
1.128272591760549e-06,1.696110271707877,1.7,-0.0002821586774942959,5.34903829782164e-06
1.130272591760549e-06,1.696334087753153,1.7,-0.0002820443925538951,5.349038879670757e-06
1.132272591760549e-06,1.696529482552938,1.7,-0.0002818081512288346,5.349039856846057e-06
1.134272591760549e-06,1.696697720862234,1.7,-0.0002816930171964476,5.349040572514812e-06
1.136272591760549e-06,1.696840249970092,1.7,-0.0002814662340644329,5.349041555825969e-06
1.138272591760549e-06,1.696959327911083,1.7,-0.0002813589069977675,5.349042291882622e-06
1.140272591760549e-06,1.697057214168816,1.7,-0.0002811489445132593,5.349043182396232e-06
1.142272591760549e-06,1.697136768317129,1.7,-0.0002810559904717631,5.349043847132743e-06
1.144272591760549e-06,1.697200664892288,1.7,-0.0002808679210323506,5.349044570539574e-06
1.146272591760548e-06,1.697251974240755,1.7,-0.0002807934705723298,5.349045099081956e-06
1.148272591760548e-06,1.697293412158932,1.7,-0.0002806299059816832,5.34904560876775e-06
1.150272591760548e-06,1.697327912585959,1.7,-0.0002805756440910342,5.349045964972779e-06
1.152272591760548e-06,1.697357919673668,1.7,-0.0002804368671506243,5.349046243267095e-06
1.154272591760548e-06,1.697385958972782,1.7,-0.0002804022883419857,5.349046419502779e-06
1.156272591760548e-06,1.697413976171552,1.7,-0.0002802866082633098,5.349046474210201e-06
1.158272591760548e-06,1.697443909986649,1.7,-0.0002802694552818763,5.349046485983115e-06
1.160272591760548e-06,1.697477078220476,1.7,-0.0002801737080744982,5.349046346344355e-06
1.162272591760548e-06,1.69751475225802,1.7,-0.0002801705160779294,5.34904622789299e-06
1.164272591760548e-06,1.697557587818141,1.7,-0.000280090632351512,5.34904593764614e-06
1.166272591760548e-06,1.697606198249218,1.7,-0.0002800973046683747,5.349045733978554e-06
1.168272591760548e-06,1.697660624950012,1.7,-0.0002800288752524321,5.349045343657428e-06
1.170272591760548e-06,1.697720904711765,1.7,-0.000280041226806836,5.349045103134711e-06
1.172272591760548e-06,1.697786573412655,1.7,-0.0002799800092283476,5.349044663528896e-06
1.174272591760548e-06,1.69785722185712,1.7,-0.0002799942257605457,5.349044432158155e-06
1.176272591760548e-06,1.697932025898823,1.7,-0.0002799365456513791,5.349043988206617e-06
1.178272591760547e-06,1.698010285392312,1.7,-0.0002799495226301932,5.349043804005092e-06
1.180272591760547e-06,1.698090974440148,1.7,-0.0002798925438807949,5.349043390778461e-06
1.182272591760547e-06,1.698173258879293,1.7,-0.0002799020864246085,5.349043280326304e-06
1.184272591760547e-06,1.698256061403669,1.7,-0.0002798439402597926,5.349042921508136e-06
1.186272591760547e-06,1.698338554355324,1.7,-0.0002798488256913033,5.349042900155102e-06
1.188272591760547e-06,1.698419735957086,1.7,-0.0002797886081039677,5.349042606791289e-06
1.190272591760547e-06,1.698498896566218,1.7,-0.0002797885260181568,5.349042678030381e-06
1.192272591760547e-06,1.698575203684648,1.7,-0.0002797261877894656,5.349042450162937e-06
1.194272591760547e-06,1.69864814136005,1.7,-0.0002797215880582258,5.349042607679242e-06
1.196272591760547e-06,1.698717102992018,1.7,-0.0002796577487915174,5.349042437608345e-06
1.198272591760547e-06,1.698781804765822,1.7,-0.0002796496323557407,5.349042667590287e-06
1.200272591760547e-06,1.698841886405799,1.7,-0.0002795853547996261,5.349042540811567e-06
1.202272591760547e-06,1.698897300421513,1.7,-0.0002795750419703326,5.349042825924057e-06
1.204272591760547e-06,1.698947921790261,1.7,-0.0002795116014230637,5.349042725071411e-06
1.206272591760547e-06,1.698993915459563,1.7,-0.0002795005096979513,5.349043045193393e-06
1.208272591760547e-06,1.699035356384973,1.7,-0.0002794391856689422,5.349042952467857e-06
1.210272591760547e-06,1.699072578066385,1.7,-0.0002794286404831764,5.349043289192922e-06
1.212272591760546e-06,1.699105804525528,1.7,-0.0002793705495917396,5.349043188319484e-06
1.214272591760546e-06,1.699135482604984,1.7,-0.000279361643868554,5.34904352507497e-06
1.216272591760546e-06,1.699161927470243,1.7,-0.0002793076256988541,5.349043403162461e-06
1.218272591760546e-06,1.69918564118739,1.7,-0.0002793011328925258,5.349043728029363e-06
1.220272591760546e-06,1.699206972970884,1.7,-0.000279251690451575,5.349043576476027e-06
1.222272591760546e-06,1.699226426142268,1.7,-0.0002792480318652671,5.349043881223235e-06
1.224272591760546e-06,1.699244333928421,1.7,-0.0002792033224573548,5.349043695270855e-06
1.226272591760546e-06,1.699261156419717,1.7,-0.0002792025804121345,5.349043976695906e-06
1.228272591760546e-06,1.699277172211991,1.7,-0.0002791624483350673,5.349043756065165e-06
1.230272591760546e-06,1.699292766421296,1.7,-0.0002791644157855788,5.349044014303512e-06
1.232272591760546e-06,1.699308137975658,1.7,-0.000279128454701424,5.349043762274584e-06
1.234272591760546e-06,1.699323579215388,1.7,-0.0002791327076179415,5.34904400067088e-06
1.236272591760546e-06,1.699339198199804,1.7,-0.0002791003396935197,5.349043722767717e-06
1.238272591760546e-06,1.699355190031094,1.7,-0.0002791063210686055,5.349043946868398e-06
1.240272591760546e-06,1.699371573183728,1.7,-0.0002790768815506241,5.349043650173545e-06
1.242272591760546e-06,1.699388452362612,1.7,-0.0002790839838262063,5.349043866552204e-06
1.244272591760545e-06,1.699405767690172,1.7,-0.0002790567996461778,5.349043558397445e-06
1.246272591760545e-06,1.699423548720676,1.7,-0.0002790644384074058,5.349043773115414e-06
1.248272591760545e-06,1.699441675208386,1.7,-0.0002790388940385042,5.349043460745035e-06
1.250272591760545e-06,1.699460121874439,1.7,-0.0002790465649210894,5.349043679831914e-06
1.252272591760545e-06,1.699478729523405,1.7,-0.000279022149422218,5.349043369010662e-06
1.254272591760545e-06,1.699497440181082,1.7,-0.0002790294656800774,5.349043596884923e-06
1.256272591760545e-06,1.6995160774369,1.7,-0.0002790058002648627,5.349043291772047e-06
1.258272591760545e-06,1.699534571743453,1.7,-0.0002790125102598072,5.349043531169853e-06
1.260272591760545e-06,1.699552749059375,1.7,-0.0002789893556524641,5.34904323492204e-06
1.262272591760545e-06,1.699570546200441,1.7,-0.000278995341938693,5.34904348684992e-06
1.264272591760545e-06,1.69958780707394,1.7,-0.0002789725899475594,5.349043199957533e-06
1.266272591760545e-06,1.6996044882426,1.7,-0.0002789778540765002,5.34904346394458e-06
1.268272591760545e-06,1.69962046223227,1.7,-0.0002789555057835009,5.349043186465709e-06
1.270272591760545e-06,1.699635713541668,1.7,-0.0002789601418962564,5.349043461275998e-06
1.272272591760545e-06,1.699650148745047,1.7,-0.0002789382789915144,5.349043191592438e-06
1.274272591760545e-06,1.699663783409704,1.7,-0.0002789424434489463,5.34904347500905e-06
1.276272591760544e-06,1.699676558810696,1.7,-0.0002789211957801237,5.349043211280196e-06
1.278272591760544e-06,1.699688520294017,1.7,-0.0002789250750677177,5.349043500077364e-06
1.280272591760544e-06,1.699699640524808,1.7,-0.0002789045899072403,5.349043239399405e-06
1.282272591760544e-06,1.699709989908773,1.7,-0.0002789083719723402,5.349043530729223e-06
1.284272591760544e-06,1.699719566388014,1.7,-0.000278888787501131,5.349043271317752e-06
1.286272591760544e-06,1.699728458509924,1.7,-0.0002788926382149835,5.349043562990626e-06
1.288272591760544e-06,1.699736681790812,1.7,-0.0002788740639282374,5.349043302834016e-06
1.290272591760544e-06,1.699744335009729,1.7,-0.0002788781112842241,5.349043592454124e-06
1.292272591760544e-06,1.699751443147965,1.7,-0.0002788606151934829,5.349043329778047e-06
1.294272591760544e-06,1.69975810742849,1.7,-0.0002788649407746427,5.349043615910843e-06
1.296272591760544e-06,1.699764354772708,1.7,-0.0002788485447449004,5.349043350257014e-06
1.298272591760544e-06,1.699770282033851,1.7,-0.0002788531819282886,5.349043631812274e-06
1.300272591760544e-06,1.699775911851002,1.7,-0.0002788378629755271,5.349043362826493e-06
1.302272591760544e-06,1.699781331451193,1.7,-0.0002788428017267246,5.349043639759612e-06
1.304272591760544e-06,1.699786554752722,1.7,-0.0002788284987224966,5.349043367827719e-06
1.306272591760544e-06,1.699791656002147,1.7,-0.0002788336937453521,5.349043640167409e-06
1.308272591760544e-06,1.699796637867475,1.7,-0.0002788203173527437,5.349043365608698e-06
1.310272591760543e-06,1.699801560127461,1.7,-0.000278825699267711,5.349043633886535e-06
1.312272591760543e-06,1.699806413518585,1.7,-0.0002788131430479583,5.349043358252888e-06
1.314272591760543e-06,1.699811243603399,1.7,-0.0002788186300300974,5.349043623159935e-06
1.316272591760543e-06,1.699816030045658,1.7,-0.0002788067823043217,5.349043347131408e-06
1.318272591760543e-06,1.699820805798749,1.7,-0.0002788122909198671,5.349043609982051e-06
1.320272591760543e-06,1.699825541482346,1.7,-0.0002788010443948007,5.349043334441595e-06
1.322272591760543e-06,1.699830259964849,1.7,-0.0002788064987370619,5.34904359541247e-06
1.324272591760543e-06,1.699834925556099,1.7,-0.0002787957585434585,5.34904332185614e-06
1.326272591760543e-06,1.699839554061269,1.7,-0.0002788010967106743,5.349043581916139e-06
1.328272591760543e-06,1.699844106459309,1.7,-0.0002787907854308257,5.349043310588009e-06
1.330272591760543e-06,1.699848594531471,1.7,-0.0002787959635200965,5.349043569932785e-06
1.332272591760543e-06,1.69985297878592,1.7,-0.0002787860234702876,5.349043301629532e-06
1.334272591760543e-06,1.699857269745966,1.7,-0.0002787910163189287,5.34904356092427e-06
1.336272591760543e-06,1.699861429871712,1.7,-0.000278781409572625,5.349043296028258e-06
1.338272591760543e-06,1.699865470648903,1.7,-0.0002787862099004629,5.349043554840126e-06
1.340272591760543e-06,1.699869358291808,1.7,-0.0002787769158252197,5.349043293297692e-06
1.342272591760542e-06,1.699873106778455,1.7,-0.0002787815311554467,5.349043551656281e-06
1.344272591760542e-06,1.699876687180101,1.7,-0.0002787725432392067,5.349043293454035e-06
1.346272591760542e-06,1.699880116791676,1.7,-0.0002787769918195815,5.349043551258238e-06
1.348272591760542e-06,1.699883371943714,1.7,-0.0002787683129926409,5.349043296244804e-06
1.350272591760542e-06,1.699886473404485,1.7,-0.0002787726197933048,5.349043552794067e-06
1.352272591760542e-06,1.699889402560193,1.7,-0.0002787642581278152,5.349043300206909e-06
1.354272591760542e-06,1.699892183273542,1.7,-0.0002787684502907247,5.349043555013645e-06
1.356272591760542e-06,1.699894801307746,1.7,-0.0002787604150594602,5.349043305001727e-06
1.358272591760542e-06,1.699897282820955,1.7,-0.0002787645183760496,5.34904355795586e-06
1.360272591760542e-06,1.699899616987671,1.7,-0.0002787568168887873,5.349043310295435e-06
1.362272591760542e-06,1.699901831292658,1.7,-0.0002787608530788339,5.349043560946976e-06
1.364272591760542e-06,1.699903917200266,1.7,-0.0002787534881461829,5.349043315280458e-06
1.366272591760542e-06,1.699905902435997,1.7,-0.0002787574731029786,5.34904356349537e-06
1.368272591760542e-06,1.699907779655087,1.7,-0.0002787504420296738,5.349043319631395e-06
1.370272591760542e-06,1.699909575851761,1.7,-0.000278754385140659,5.349043564788516e-06
1.372272591760542e-06,1.699911283913691,1.7,-0.0002787476794356264,5.349043322651557e-06
1.374272591760541e-06,1.699912929296134,1.7,-0.0002787515837863828,5.349043565054903e-06
1.376272591760541e-06,1.699914504354469,1.7,-0.0002787451895395644,5.34904332479408e-06
1.378272591760541e-06,1.699916032424429,1.7,-0.0002787490528334363,5.349043564587531e-06
1.380272591760541e-06,1.699917504858434,1.7,-0.0002787429520946968,5.349043326308986e-06
1.382272591760541e-06,1.699918942570547,1.7,-0.000278746767890734,5.349043562999575e-06
1.384272591760541e-06,1.699920335661391,1.7,-0.0002787409398758991,5.349043326550169e-06
1.386272591760541e-06,1.699921702567596,1.7,-0.0002787446991763738,5.349043560482872e-06
1.388272591760541e-06,1.699923032139376,1.7,-0.0002787391220623133,5.349043326135339e-06
1.390272591760541e-06,1.699924340474458,1.7,-0.0002787428150912658,5.349043557540578e-06
1.392272591760541e-06,1.699925615371218,1.7,-0.0002787374671150533,5.349043325547345e-06
1.394272591760541e-06,1.699926870915104,1.7,-0.0002787410844829003,5.349043554325401e-06
1.396272591760541e-06,1.699928094162999,1.7,-0.0002787359455207536,5.349043324544269e-06
1.398272591760541e-06,1.699929297574707,1.7,-0.0002787394793580532,5.349043550890962e-06
1.400272591760541e-06,1.699930467859959,1.7,-0.000278734531814406,5.349043323961811e-06
1.402272591760541e-06,1.69993161630556,1.7,-0.0002787379762431586,5.34904354814381e-06
1.404272591760541e-06,1.69993272965531,1.7,-0.0002787332052141749,5.349043323717217e-06
1.40627259176054e-06,1.69993381844023,1.7,-0.0002787365571646716,5.34904354551306e-06
1.40827259176054e-06,1.699934869806404,1.7,-0.0002787319508181111,5.349043323701024e-06
1.41027259176054e-06,1.699935893883474,1.7,-0.0002787352096936092,5.349043543299906e-06
1.41227259176054e-06,1.699936878487484,1.7,-0.0002787307589528763,5.34904332423111e-06
1.41427259176054e-06,1.699937833627566,1.7,-0.0002787339263600125,5.349043541389653e-06
1.41627259176054e-06,1.69993874799714,1.7,-0.0002787296247459188,5.349043325084201e-06
1.41827259176054e-06,1.699939631669596,1.7,-0.0002787327040763593,5.349043540132083e-06
1.42027259176054e-06,1.699940474290706,1.7,-0.0002787285467787109,5.349043326303762e-06
1.42227259176054e-06,1.699941286063393,1.7,-0.0002787315424895574,5.34904353889989e-06
1.42427259176054e-06,1.69994205761398,1.7,-0.0002787275259861597,5.349043327583336e-06
1.42627259176054e-06,1.699942799283218,1.7,-0.0002787304434488538,5.349043537801267e-06
1.42827259176054e-06,1.699943502587857,1.7,-0.0002787265648822625,5.349043329330533e-06
1.43027259176054e-06,1.69994417793754,1.7,-0.0002787294091017872,5.349043537097114e-06
1.43227259176054e-06,1.699944817619333,1.7,-0.000278725665826881,5.349043330977693e-06
1.43427259176054e-06,1.699945432005211,1.7,-0.0002787284416300794,5.349043536430486e-06
1.43627259176054e-06,1.699946014002836,1.7,-0.0002787248306735722,5.34904333293679e-06
1.43827259176054e-06,1.699946573811984,1.7,-0.0002787275420378373,5.349043535774463e-06
1.440272591760539e-06,1.699947104799463,1.7,-0.0002787240598539333,5.349043334509357e-06
1.442272591760539e-06,1.699947616862082,1.7,-0.000278726710155129,5.349043534766714e-06
1.444272591760539e-06,1.699948103681751,1.7,-0.0002787233526599115,5.34904333579094e-06
1.446272591760539e-06,1.699948574734856,1.7,-0.0002787259440806842,5.349043533731397e-06
1.448272591760539e-06,1.699949023877111,1.7,-0.0002787227064321324,5.349043337403388e-06
1.450272591760539e-06,1.699949460100936,1.7,-0.0002787252405376088,5.349043532878675e-06
1.452272591760539e-06,1.699949877352417,1.7,-0.0002787221175741723,5.349043338821963e-06
1.454272591760539e-06,1.699950284067582,1.7,-0.0002787245950174057,5.34904353159291e-06
1.456272591760539e-06,1.699950674232741,1.7,-0.0002787215812417686,5.349043339839353e-06
1.458272591760539e-06,1.699951055714398,1.7,-0.0002787240023424009,5.349043530240264e-06
1.460272591760539e-06,1.69995142250486,1.7,-0.0002787210920053771,5.3490433408127e-06
1.462272591760539e-06,1.699951781930031,1.7,-0.0002787234567250049,5.349043528628512e-06
1.464272591760539e-06,1.699952127995902,1.7,-0.0002787206441035993,5.349043341560789e-06
1.466272591760539e-06,1.699952467522472,1.7,-0.0002787229525082127,5.349043527251454e-06
1.468272591760539e-06,1.699952794560951,1.7,-0.0002787202323669577,5.349043342575141e-06
1.470272591760539e-06,1.699953115482589,1.7,-0.0002787224844882124,5.349043525644643e-06
1.472272591760538e-06,1.699953424428472,1.7,-0.0002787198516332978,5.349043343278306e-06
1.474272591760538e-06,1.699953727380807,1.7,-0.0002787220478730365,5.349043524191777e-06
1.476272591760538e-06,1.699954018624912,1.7,-0.0002787194979020836,5.349043344379872e-06
1.478272591760538e-06,1.699954303830325,1.7,-0.0002787216386908181,5.349043522932355e-06
1.480272591760538e-06,1.69995457746173,1.7,-0.000278719167571678,5.349043345315402e-06
1.482272591760538e-06,1.699954844936942,1.7,-0.0002787212538794297,5.349043521383958e-06
1.484272591760538e-06,1.699955100934996,1.7,-0.0002787188580627087,5.349043346115891e-06
1.486272591760538e-06,1.699955350668419,1.7,-0.000278720891153075,5.349043520144051e-06
1.488272591760538e-06,1.699955589071146,1.7,-0.0002787185675791666,5.349043347292855e-06
1.490272591760538e-06,1.699955821194417,1.7,-0.0002787205489896431,5.349043519135383e-06
1.492272591760538e-06,1.699956042235392,1.7,-0.0002787182948708931,5.349043348465958e-06
1.494272591760538e-06,1.699956257104703,1.7,-0.0002787202261838081,5.349043518012895e-06
1.496272591760538e-06,1.699956461263529,1.7,-0.0002787180392685657,5.349043349586811e-06
1.498272591760538e-06,1.699956659487902,1.7,-0.0002787199222429935,5.349043516719442e-06
1.500272591760538e-06,1.699956847488024,1.7,-0.0002787178002971308,5.349043350614728e-06
1.502272591760538e-06,1.699957029925599,1.7,-0.0002787196365499134,5.349043515724395e-06
1.504272591760537e-06,1.699957202753929,1.7,-0.000278717577622024,5.349043352090612e-06
1.506272591760537e-06,1.699957370490331,1.7,-0.0002787193690274716,5.349043514962837e-06
1.508272591760537e-06,1.699957529301999,1.7,-0.0002787173710269267,5.349043353320783e-06
1.510272591760537e-06,1.699957683559044,1.7,-0.0002787191191351673,5.349043514143168e-06
1.512272591760537e-06,1.69995782961997,1.7,-0.000278717180073589,5.349043354731482e-06
1.514272591760537e-06,1.699957971703547,1.7,-0.0002787188864316228,5.349043513200314e-06
1.516272591760537e-06,1.699958106322969,1.7,-0.0002787170042924288,5.349043355761067e-06
1.518272591760537e-06,1.699958237524192,1.7,-0.0002787186701286904,5.349043512082905e-06
1.520272591760537e-06,1.69995836196009,1.7,-0.0002787168429636873,5.349043356705461e-06
1.522272591760537e-06,1.699958483504447,1.7,-0.0002787184694292737,5.349043510780578e-06
1.524272591760537e-06,1.699958598928419,1.7,-0.0002787166952801851,5.349043357608746e-06
1.526272591760537e-06,1.699958711919483,1.7,-0.0002787182834642456,5.34904350968653e-06
1.528272591760537e-06,1.699958819354719,1.7,-0.0002787165601123862,5.349043358676555e-06
1.530272591760537e-06,1.699958924740286,1.7,-0.0002787181109370107,5.349043508606656e-06
1.532272591760537e-06,1.699959025053243,1.7,-0.0002787164365684197,5.349043359753091e-06
1.534272591760537e-06,1.699959123616278,1.7,-0.0002787179508421613,5.349043507723353e-06
1.536272591760536e-06,1.699959217501395,1.7,-0.000278716323423237,5.349043360704209e-06
1.538272591760536e-06,1.69995930986125,1.7,-0.0002787178019740317,5.349043506593078e-06
1.540272591760536e-06,1.699959397853716,1.7,-0.0002787162195435783,5.349043361563361e-06
1.542272591760536e-06,1.699959484474137,1.7,-0.0002787176632317431,5.349043505319924e-06
1.544272591760536e-06,1.699959566975662,1.7,-0.0002787161240063848,5.349043362405214e-06
1.546272591760536e-06,1.699959648207614,1.7,-0.0002787175335900604,5.349043504437093e-06
1.548272591760536e-06,1.699959725519793,1.7,-0.0002787160359231103,5.349043363579058e-06
1.550272591760536e-06,1.699959801625665,1.7,-0.0002787174122302149,5.349043503289506e-06
1.552272591760536e-06,1.699959873971059,1.7,-0.0002787159544646296,5.349043364288539e-06
1.554272591760536e-06,1.699959945147673,1.7,-0.0002787172983122234,5.349043502353569e-06
1.556272591760536e-06,1.699960012705488,1.7,-0.0002787158789787232,5.349043365396083e-06
1.558272591760536e-06,1.699960079123291,1.7,-0.0002787171912114412,5.349043501463658e-06
1.560272591760536e-06,1.699960142057507,1.7,-0.0002787158089609809,5.349043366402374e-06
1.562272591760536e-06,1.699960203887988,1.7,-0.0002787170904500119,5.349043500561965e-06
1.564272591760536e-06,1.699960262378268,1.7,-0.0002787157439595561,5.349043367419189e-06
1.566272591760536e-06,1.699960319809123,1.7,-0.000278716995602079,5.349043499672104e-06
1.568272591760536e-06,1.699960374045306,1.7,-0.0002787156836944751,5.349043368249298e-06
1.570272591760535e-06,1.69996042728255,1.7,-0.0002787169064002839,5.349043498622503e-06
1.572272591760535e-06,1.699960477485299,1.7,-0.0002787156279371221,5.349043369050155e-06
1.574272591760535e-06,1.69996052676256,1.7,-0.0002787168225352047,5.349043497424735e-06
1.576272591760535e-06,1.69996057317141,1.7,-0.0002787155763640767,5.349043369889618e-06
1.578272591760535e-06,1.699960618738771,1.7,-0.0002787167437226985,5.349043496547921e-06
1.580272591760535e-06,1.699960661615158,1.7,-0.0002787155289031249,5.349043370806374e-06
1.582272591760535e-06,1.699960703744918,1.7,-0.0002787166698099457,5.349043495710337e-06
1.584272591760535e-06,1.699960743366499,1.7,-0.0002787154852811757,5.349043371748178e-06
1.586272591760535e-06,1.699960782340375,1.7,-0.0002787166005102087,5.349043495035435e-06
1.588272591760535e-06,1.699960818981595,1.7,-0.0002787154453711685,5.349043372873817e-06
1.590272591760535e-06,1.699960855073934,1.7,-0.0002787165356701079,5.349043494115696e-06
1.592272591760535e-06,1.699960889003349,1.7,-0.0002787154088736816,5.349043373671015e-06
1.594272591760535e-06,1.699960922475662,1.7,-0.0002787164750039955,5.34904349326458e-06
1.596272591760535e-06,1.699960953948213,1.7,-0.0002787153756365385,5.34904337449939e-06
1.598272591760535e-06,1.699960985045518,1.7,-0.0002787164183071229,5.34904349248344e-06
1.600272591760535e-06,1.699961014289747,1.7,-0.0002787153454692689,5.349043375342951e-06
1.602272591760534e-06,1.699961043231239,1.7,-0.0002787163652836085,5.349043491372545e-06
1.604272591760534e-06,1.699961070453561,1.7,-0.0002787153181167039,5.349043375906785e-06
1.606272591760534e-06,1.699961097432084,1.7,-0.0002787163156127808,5.349043490371364e-06
1.608272591760534e-06,1.699961122809371,1.7,-0.0002787152932725677,5.349043376652139e-06
1.610272591760534e-06,1.699961147992847,1.7,-0.0002787162691089596,5.349043489641929e-06
1.612272591760534e-06,1.69996117167805,1.7,-0.0002787152707387732,5.349043377685678e-06
1.614272591760534e-06,1.699961195198716,1.7,-0.0002787162254823101,5.349043488887564e-06
1.616272591760534e-06,1.699961217308593,1.7,-0.0002787152503066107,5.3490433785399e-06
1.618272591760534e-06,1.699961239279907,1.7,-0.0002787161845248211,5.349043487989883e-06
1.620272591760534e-06,1.699961259922596,1.7,-0.0002787152317683899,5.34904337918687e-06
1.622272591760534e-06,1.699961280447832,1.7,-0.0002787161459892913,5.349043487234291e-06
1.624272591760534e-06,1.699961299714768,1.7,-0.0002787152149573099,5.349043380093502e-06
1.626272591760534e-06,1.69996131887314,1.7,-0.0002787161097098152,5.349043486526587e-06
1.628272591760534e-06,1.699961336833166,1.7,-0.0002787151996817123,5.349043380826022e-06
1.630272591760534e-06,1.699961354696141,1.7,-0.0002787160755482083,5.349043485678762e-06
1.632272591760534e-06,1.699961371420576,1.7,-0.0002787151858565066,5.349043381627484e-06
1.634272591760533e-06,1.699961388053127,1.7,-0.0002787160432600642,5.349043484881877e-06
1.636272591760533e-06,1.699961403604668,1.7,-0.000278715173211014,5.349043382483239e-06
1.638272591760533e-06,1.699961419073556,1.7,-0.0002787160127740844,5.349043484405823e-06
1.640272591760533e-06,1.699961433518075,1.7,-0.0002787151618732655,5.349043383367336e-06
1.642272591760533e-06,1.699961447891848,1.7,-0.0002787159840320829,5.349043483605276e-06
1.644272591760533e-06,1.699961461296239,1.7,-0.000278715151625479,5.349043383927132e-06
1.646272591760533e-06,1.699961474637499,1.7,-0.0002787159568164986,5.349043482662444e-06
1.648272591760533e-06,1.699961487064155,1.7,-0.0002787151423965223,5.34904338461158e-06
1.650272591760533e-06,1.699961499436435,1.7,-0.0002787159311492404,5.349043482021286e-06
1.652272591760533e-06,1.699961510948666,1.7,-0.0002787151341683806,5.349043385366634e-06
1.654272591760533e-06,1.699961522422901,1.7,-0.0002787159069588318,5.349043481077557e-06
1.656272591760533e-06,1.699961533090274,1.7,-0.0002787151268028624,5.349043386008326e-06
1.658272591760533e-06,1.699961543729248,1.7,-0.0002787158840674954,5.349043480449654e-06
1.660272591760533e-06,1.699961553612828,1.7,-0.0002787151203352501,5.349043386793259e-06
1.662272591760533e-06,1.699961563483759,1.7,-0.0002787158624571625,5.349043479910841e-06
1.664272591760533e-06,1.6999615726501,1.7,-0.0002787151146807886,5.349043387520443e-06
1.666272591760532e-06,1.69996158181643,1.7,-0.0002787158420432186,5.349043479084278e-06
1.668272591760532e-06,1.699961590322106,1.7,-0.0002787151097153452,5.34904338815595e-06
1.670272591760532e-06,1.699961598838728,1.7,-0.0002787158228348136,5.349043478560928e-06
1.672272591760532e-06,1.699961606742002,1.7,-0.0002787151054745998,5.349043388924094e-06
1.674272591760532e-06,1.699961614662639,1.7,-0.000278715804641631,5.349043477650288e-06
1.676272591760532e-06,1.699961622008652,1.7,-0.00027871510182191,5.349043389443133e-06
1.678272591760532e-06,1.699961629382057,1.7,-0.000278715787460178,5.349043476905251e-06
1.680272591760532e-06,1.699961636215055,1.7,-0.0002787150987671128,5.349043390152455e-06
1.682272591760532e-06,1.699961643077236,1.7,-0.0002787157712608762,5.34904347651349e-06
1.684272591760532e-06,1.699961649440493,1.7,-0.0002787150962540731,5.349043390918111e-06
1.686272591760532e-06,1.699961655836718,1.7,-0.0002787157558808742,5.349043475808876e-06
1.688272591760532e-06,1.699961661763088,1.7,-0.0002787150942266989,5.349043391577413e-06
1.690272591760532e-06,1.699961667727878,1.7,-0.0002787157413043692,5.349043475273556e-06
1.692272591760532e-06,1.699961673254648,1.7,-0.0002787150925759469,5.349043392249065e-06
1.694272591760532e-06,1.699961678817268,1.7,-0.0002787157274756995,5.349043474567292e-06
1.696272591760532e-06,1.699961683967229,1.7,-0.0002787150913663634,5.34904339283535e-06
1.698272591760532e-06,1.699961689152989,1.7,-0.0002787157144063725,5.349043474027638e-06
1.700272591760531e-06,1.699961693952058,1.7,-0.0002787150904231883,5.349043393520807e-06
1.702272591760531e-06,1.699961698786582,1.7,-0.0002787157019349127,5.349043473311393e-06
1.704272591760531e-06,1.699961703255174,1.7,-0.0002787150898510809,5.349043394117509e-06
1.706272591760531e-06,1.699961707755327,1.7,-0.0002787156901397125,5.34904347281504e-06
1.708272591760531e-06,1.699961711910879,1.7,-0.0002787150895423934,5.349043394743942e-06
1.710272591760531e-06,1.699961716098818,1.7,-0.0002787156788597412,5.349043472094628e-06
1.712272591760531e-06,1.69996171996604,1.7,-0.0002787150894687893,5.34904339530651e-06
1.714272591760531e-06,1.699961723859546,1.7,-0.0002787156681200111,5.349043471621465e-06
1.716272591760531e-06,1.699961727449409,1.7,-0.0002787150896291991,5.349043395964747e-06
1.718272591760531e-06,1.699961731064902,1.7,-0.0002787156578929103,5.349043470785318e-06
1.720272591760531e-06,1.699961734396136,1.7,-0.0002787150900489083,5.349043396355821e-06
1.722272591760531e-06,1.699961737751445,1.7,-0.0002787156481637824,5.349043470131076e-06
1.724272591760531e-06,1.699961740844993,1.7,-0.0002787150906466955,5.349043396721905e-06
1.726272591760531e-06,1.699961743964242,1.7,-0.0002787156389176544,5.349043469497271e-06
1.728272591760531e-06,1.699961746836331,1.7,-0.0002787150914077634,5.349043397570655e-06
1.730272591760531e-06,1.699961749729471,1.7,-0.0002787156300737737,5.349043469141338e-06
1.73227259176053e-06,1.699961752393466,1.7,-0.0002787150923179481,5.349043398073533e-06
1.73427259176053e-06,1.699961755077763,1.7,-0.0002787156215911111,5.349043468605079e-06
1.73627259176053e-06,1.699961757548629,1.7,-0.0002787150933228648,5.349043398741728e-06
1.73827259176053e-06,1.699961760037913,1.7,-0.0002787156134818923,5.349043468081057e-06
1.74027259176053e-06,1.699961762330769,1.7,-0.0002787150945278083,5.34904339923869e-06
1.74227259176053e-06,1.699961764644663,1.7,-0.0002787156057847142,5.349043467521154e-06
1.74427259176053e-06,1.699961766779492,1.7,-0.0002787150958249335,5.349043399886117e-06
1.74627259176053e-06,1.699961768931185,1.7,-0.0002787155984318605,5.34904346703041e-06
1.74827259176053e-06,1.699961770915998,1.7,-0.0002787150972666378,5.349043400269421e-06
1.75027259176053e-06,1.699961772915467,1.7,-0.0002787155914093654,5.3490434662738e-06
1.75227259176053e-06,1.69996177476065,1.7,-0.0002787150988122741,5.349043400721358e-06
1.75427259176053e-06,1.699961776616159,1.7,-0.0002787155846899424,5.349043465844317e-06
1.75627259176053e-06,1.699961778330829,1.7,-0.0002787151003548241,5.349043401416448e-06
1.75827259176053e-06,1.69996178005693,1.7,-0.0002787155782461179,5.349043465403098e-06
1.76027259176053e-06,1.699961781654352,1.7,-0.0002787151020528109,5.34904340196181e-06
1.76227259176053e-06,1.699961783261354,1.7,-0.000278715572077015,5.349043465081731e-06
1.764272591760529e-06,1.699961784749927,1.7,-0.0002787151038257595,5.349043402554699e-06
1.766272591760529e-06,1.699961786245202,1.7,-0.0002787155661953436,5.349043464448984e-06
1.768272591760529e-06,1.699961787632521,1.7,-0.0002787151056199274,5.349043402859708e-06
1.770272591760529e-06,1.699961789026867,1.7,-0.0002787155605339369,5.349043463742438e-06
1.772272591760529e-06,1.699961790325453,1.7,-0.0002787151074211504,5.3490434032564e-06
1.774272591760529e-06,1.699961791624857,1.7,-0.0002787155551186995,5.349043463183837e-06
1.776272591760529e-06,1.699961792834635,1.7,-0.0002787151093355806,5.349043403616332e-06
1.778272591760529e-06,1.699961794042743,1.7,-0.0002787155498963127,5.349043462835918e-06
1.780272591760529e-06,1.699961795169422,1.7,-0.0002787151111900158,5.349043404371161e-06
1.782272591760529e-06,1.699961796291282,1.7,-0.0002787155448796727,5.349043462574313e-06
1.784272591760529e-06,1.699961797339198,1.7,-0.0002787151131968506,5.349043405126133e-06
1.786272591760529e-06,1.6999617983806,1.7,-0.0002787155400684028,5.34904346220951e-06
1.788272591760529e-06,1.699961799356524,1.7,-0.0002787151151295774,5.349043405627886e-06
1.790272591760529e-06,1.699961800322656,1.7,-0.0002787155354354654,5.349043461901733e-06
1.792272591760529e-06,1.699961801230688,1.7,-0.0002787151170809262,5.349043406020645e-06
1.794272591760529e-06,1.699961802126875,1.7,-0.0002787155309406201,5.349043461192414e-06
1.796272591760528e-06,1.699961802971687,1.7,-0.0002787151190904146,5.349043406264683e-06
1.798272591760528e-06,1.699961803802259,1.7,-0.0002787155266234218,5.349043460619433e-06
1.800272591760528e-06,1.699961804588455,1.7,-0.0002787151210513383,5.349043406748803e-06
1.802272591760528e-06,1.699961805358136,1.7,-0.0002787155224968198,5.349043460302581e-06
1.804272591760528e-06,1.699961806089839,1.7,-0.0002787151230564436,5.349043407258255e-06
1.806272591760528e-06,1.699961806803308,1.7,-0.0002787155185073007,5.349043459610564e-06
1.808272591760528e-06,1.69996180748538,1.7,-0.0002787151250787827,5.349043407388159e-06
1.810272591760528e-06,1.699961808146801,1.7,-0.0002787155146545289,5.349043459082444e-06
1.812272591760528e-06,1.699961808781818,1.7,-0.0002787151270250295,5.349043407879575e-06
1.814272591760528e-06,1.699961809393546,1.7,-0.0002787155109250245,5.349043458643413e-06
1.816272591760528e-06,1.699961809984308,1.7,-0.0002787151290013639,5.349043408170397e-06
1.818272591760528e-06,1.699961810550395,1.7,-0.0002787155073318289,5.349043458196776e-06
1.820272591760528e-06,1.699961811101326,1.7,-0.0002787151310606567,5.349043408873964e-06
1.822272591760528e-06,1.699961811626326,1.7,-0.0002787155038480152,5.349043458145982e-06
1.824272591760528e-06,1.6999618121414,1.7,-0.0002787151330297364,5.349043409428874e-06
1.826272591760528e-06,1.699961812628679,1.7,-0.0002787155004999035,5.349043457648126e-06
1.828272591760528e-06,1.699961813113557,1.7,-0.0002787151350146391,5.349043409650396e-06
1.830272591760527e-06,1.699961813570965,1.7,-0.0002787154972338051,5.349043457164905e-06
1.832272591760527e-06,1.699961814027045,1.7,-0.0002787151369352417,5.349043410169504e-06
1.834272591760527e-06,1.699961814451234,1.7,-0.0002787154941162751,5.349043456926113e-06
1.836272591760527e-06,1.699961814878009,1.7,-0.0002787151388714666,5.349043410645033e-06
1.838272591760527e-06,1.699961815269901,1.7,-0.0002787154910675191,5.349043456339941e-06
1.840272591760527e-06,1.699961815667614,1.7,-0.0002787151408099741,5.349043410715842e-06
1.842272591760527e-06,1.699961816029914,1.7,-0.0002787154880741308,5.349043455778651e-06
1.844272591760527e-06,1.699961816401663,1.7,-0.0002787151427239552,5.349043411147509e-06
1.846272591760527e-06,1.699961816734351,1.7,-0.0002787154852024783,5.349043455530408e-06
1.848272591760527e-06,1.69996181707963,1.7,-0.0002787151445868366,5.349043411559349e-06
1.850272591760527e-06,1.699961817384627,1.7,-0.0002787154824791019,5.349043454996702e-06
1.852272591760527e-06,1.699961817705926,1.7,-0.0002787151464516399,5.349043411753958e-06
1.854272591760527e-06,1.699961817986616,1.7,-0.0002787154797708182,5.349043454580613e-06
1.856272591760527e-06,1.699961818286596,1.7,-0.0002787151482915477,5.34904341238168e-06
1.858272591760527e-06,1.699961818543504,1.7,-0.0002787154772104736,5.349043454533349e-06
1.860272591760527e-06,1.699961818823279,1.7,-0.0002787151501330917,5.349043412869808e-06
1.862272591760526e-06,1.699961819059367,1.7,-0.0002787154745984692,5.349043454098027e-06
1.864272591760526e-06,1.699961819321488,1.7,-0.0002787151518829916,5.349043413116126e-06
1.866272591760526e-06,1.699961819538821,1.7,-0.0002787154721872664,5.349043453708574e-06
1.868272591760526e-06,1.699961819784575,1.7,-0.0002787151536740873,5.349043413437105e-06
1.870272591760526e-06,1.699961819984801,1.7,-0.0002787154697507158,5.349043453326593e-06
1.872272591760526e-06,1.699961820216267,1.7,-0.0002787151554397579,5.349043413912539e-06
1.874272591760526e-06,1.699961820399953,1.7,-0.0002787154674216838,5.349043453158991e-06
1.876272591760526e-06,1.699961820617007,1.7,-0.000278715157179987,5.34904341438605e-06
1.878272591760526e-06,1.69996182078597,1.7,-0.0002787154651469216,5.349043452628838e-06
1.880272591760526e-06,1.699961820991049,1.7,-0.0002787151588813198,5.349043414404951e-06
1.882272591760526e-06,1.699961821146675,1.7,-0.0002787154629395835,5.349043452095173e-06
1.884272591760526e-06,1.699961821339973,1.7,-0.0002787151605304009,5.34904341471905e-06
1.886272591760526e-06,1.699961821482614,1.7,-0.000278715460826242,5.349043451837895e-06
1.888272591760526e-06,1.699961821665184,1.7,-0.0002787151622335501,5.349043415101412e-06
1.890272591760526e-06,1.69996182179567,1.7,-0.0002787154587137518,5.349043451455367e-06
1.892272591760526e-06,1.699961821967747,1.7,-0.0002787151638710594,5.349043415309949e-06
1.894272591760525e-06,1.699961822087489,1.7,-0.0002787154566951269,5.349043451051983e-06
1.896272591760525e-06,1.699961822251003,1.7,-0.0002787151655092868,5.349043415749843e-06
1.898272591760525e-06,1.699961822360825,1.7,-0.0002787154546638931,5.349043450886997e-06
1.900272591760525e-06,1.69996182251549,1.7,-0.0002787151671083231,5.349043416230017e-06
1.902272591760525e-06,1.699961822615453,1.7,-0.0002787154527796166,5.349043450774314e-06
1.904272591760525e-06,1.69996182276213,1.7,-0.0002787151686814302,5.349043416699018e-06
1.906272591760525e-06,1.69996182285325,1.7,-0.0002787154508560767,5.349043450428611e-06
1.908272591760525e-06,1.699961822992379,1.7,-0.0002787151702019611,5.349043416884693e-06
1.910272591760525e-06,1.699961823074849,1.7,-0.0002787154490661043,5.349043450058203e-06
1.912272591760526e-06,1.699961823206489,1.7,-0.0002787151716964994,5.349043417266638e-06
1.914272591760526e-06,1.699961823280465,1.7,-0.0002787154472235404,5.349043449890541e-06
1.916272591760526e-06,1.699961823404559,1.7,-0.0002787151732448203,5.349043417621849e-06
1.918272591760526e-06,1.699961823471035,1.7,-0.0002787154455277976,5.349043449444719e-06
1.920272591760526e-06,1.699961823589646,1.7,-0.0002787151747138452,5.349043417772255e-06
1.922272591760526e-06,1.699961823649589,1.7,-0.0002787154437793158,5.349043449125484e-06
1.924272591760526e-06,1.699961823762061,1.7,-0.0002787151761700451,5.349043418030634e-06
1.926272591760527e-06,1.699961823815902,1.7,-0.0002787154421110684,5.349043448612091e-06
1.928272591760527e-06,1.699961823923374,1.7,-0.0002787151776000649,5.349043418235118e-06
1.930272591760527e-06,1.699961823970257,1.7,-0.0002787154404964516,5.349043448435322e-06
1.932272591760527e-06,1.699961824071509,1.7,-0.0002787151790172784,5.349043418572604e-06
1.934272591760527e-06,1.699961824111644,1.7,-0.0002787154388557243,5.349043448043945e-06
1.936272591760527e-06,1.699961824207346,1.7,-0.0002787151803950601,5.349043418704295e-06
1.938272591760528e-06,1.699961824241845,1.7,-0.0002787154373084885,5.349043447716301e-06
1.940272591760528e-06,1.699961824332385,1.7,-0.0002787151817466504,5.349043418979932e-06
1.942272591760528e-06,1.699961824361582,1.7,-0.0002787154357483455,5.349043447403188e-06
1.944272591760528e-06,1.699961824448054,1.7,-0.0002787151831251821,5.349043419343316e-06
1.946272591760528e-06,1.699961824472586,1.7,-0.0002787154342816028,5.349043447273119e-06
1.948272591760528e-06,1.69996182455508,1.7,-0.000278715184437553,5.349043419699465e-06
1.950272591760528e-06,1.699961824575263,1.7,-0.0002787154328018733,5.349043447096552e-06
1.952272591760529e-06,1.699961824653833,1.7,-0.0002787151857236387,5.349043420178655e-06
1.954272591760529e-06,1.699961824669858,1.7,-0.0002787154314022234,5.349043446887642e-06
1.956272591760529e-06,1.699961824745478,1.7,-0.0002787151870232853,5.349043420353834e-06
1.958272591760529e-06,1.699961824758775,1.7,-0.0002787154299894882,5.34904344660497e-06
1.960272591760529e-06,1.699961824832638,1.7,-0.0002787151883098022,5.349043420727631e-06
1.962272591760529e-06,1.699961824843508,1.7,-0.0002787154285902051,5.349043446612528e-06
1.964272591760529e-06,1.699961824914062,1.7,-0.0002787151895832361,5.349043421232244e-06
1.96627259176053e-06,1.699961824920913,1.7,-0.0002787154272443805,5.349043446514658e-06
1.96827259176053e-06,1.699961824989156,1.7,-0.0002787151908037194,5.349043421607859e-06
1.97027259176053e-06,1.699961824993744,1.7,-0.0002787154259253191,5.349043446194468e-06
1.97227259176053e-06,1.699961825059283,1.7,-0.0002787151919977945,5.34904342174856e-06
1.97427259176053e-06,1.699961825060844,1.7,-0.0002787154246330639,5.349043445933396e-06
1.97627259176053e-06,1.699961825123831,1.7,-0.0002787151931787807,5.349043422014136e-06
1.978272591760531e-06,1.699961825122771,1.7,-0.0002787154233542976,5.349043445696274e-06
1.980272591760531e-06,1.699961825183491,1.7,-0.0002787151943732452,5.349043422388538e-06
1.982272591760531e-06,1.699961825179467,1.7,-0.0002787154221289118,5.349043445446861e-06
1.984272591760531e-06,1.699961825237128,1.7,-0.0002787151955147477,5.349043422452669e-06
1.986272591760531e-06,1.69996182523036,1.7,-0.0002787154209303349,5.349043445135874e-06
1.988272591760531e-06,1.699961825286856,1.7,-0.0002787151966298027,5.349043422684881e-06
1.990272591760531e-06,1.699961825278957,1.7,-0.0002787154197318433,5.349043444757337e-06
1.992272591760532e-06,1.699961825333785,1.7,-0.0002787151977715549,5.349043422745546e-06
1.994272591760532e-06,1.699961825324134,1.7,-0.0002787154185733685,5.349043444459709e-06
1.996272591760532e-06,1.699961825377365,1.7,-0.0002787151988469492,5.349043422940896e-06
1.998272591760532e-06,1.699961825365873,1.7,-0.0002787154174150215,5.34904344417311e-06
2.000272591760532e-06,1.699961825417153,1.7,-0.000278715199909188,5.34904342325373e-06
2.002272591760532e-06,1.699961825404031,1.7,-0.0002787154162966971,5.34904344409127e-06
2.004272591760532e-06,1.699961825454644,1.7,-0.0002787152010114017,5.349043423390748e-06
2.006272591760533e-06,1.699961825440607,1.7,-0.0002787154151784317,5.349043443729099e-06
2.008272591760533e-06,1.699961825490329,1.7,-0.0002787152020737933,5.349043423613674e-06
2.010272591760533e-06,1.699961825476002,1.7,-0.0002787154140735067,5.349043443359326e-06
2.012272591760533e-06,1.699961825525569,1.7,-0.0002787152031362013,5.349043423595565e-06
2.014272591760533e-06,1.699961825510691,1.7,-0.0002787154130350903,5.349043442976309e-06
2.016272591760533e-06,1.699961825559471,1.7,-0.0002787152041454731,5.349043423894354e-06
2.018272591760534e-06,1.699961825543784,1.7,-0.0002787154119834369,5.349043442952094e-06
2.020272591760534e-06,1.699961825591496,1.7,-0.0002787152051415183,5.349043424322411e-06
2.022272591760534e-06,1.699961825574711,1.7,-0.0002787154109451604,5.349043442989126e-06
2.024272591760534e-06,1.699961825621519,1.7,-0.000278715206137638,5.34904342465431e-06
2.026272591760534e-06,1.699961825603957,1.7,-0.0002787154099202431,5.34904344281123e-06
2.028272591760534e-06,1.69996182565019,1.7,-0.0002787152070939184,5.349043424893186e-06
2.030272591760534e-06,1.699961825632353,1.7,-0.0002787154089086538,5.349043442633724e-06
2.032272591760535e-06,1.699961825678517,1.7,-0.0002787152080635082,5.34904342512834e-06
2.034272591760535e-06,1.699961825660584,1.7,-0.0002787154079369601,5.349043442317443e-06
2.036272591760535e-06,1.699961825705806,1.7,-0.0002787152090198401,5.349043425167186e-06
2.038272591760535e-06,1.69996182568659,1.7,-0.0002787154069786457,5.349043442036682e-06
2.040272591760535e-06,1.699961825730467,1.7,-0.0002787152099496768,5.349043425279721e-06
2.042272591760535e-06,1.699961825710165,1.7,-0.0002787154060603112,5.349043441730994e-06
2.044272591760535e-06,1.699961825753297,1.7,-0.0002787152108396921,5.349043425582998e-06
2.046272591760536e-06,1.699961825732564,1.7,-0.0002787154050888344,5.349043441734841e-06
2.048272591760536e-06,1.699961825774546,1.7,-0.0002787152117696558,5.349043425852273e-06
2.050272591760536e-06,1.69996182575255,1.7,-0.0002787154041839299,5.349043441569805e-06
2.052272591760536e-06,1.699961825793514,1.7,-0.0002787152126332218,5.349043426060956e-06
2.054272591760536e-06,1.699961825770758,1.7,-0.000278715403239202,5.349043441432776e-06
2.056272591760536e-06,1.699961825810498,1.7,-0.0002787152135500476,5.349043426312324e-06
2.058272591760537e-06,1.699961825786578,1.7,-0.0002787154023610454,5.349043441121507e-06
2.060272591760537e-06,1.699961825825189,1.7,-0.0002787152143871797,5.349043426365562e-06
2.062272591760537e-06,1.699961825800164,1.7,-0.0002787154014962684,5.349043440756149e-06
2.064272591760537e-06,1.699961825837158,1.7,-0.0002787152152643025,5.349043426325542e-06
2.066272591760537e-06,1.699961825810415,1.7,-0.0002787154006050225,5.349043440460152e-06
2.068272591760537e-06,1.699961825845451,1.7,-0.0002787152161016728,5.349043426546081e-06
2.070272591760537e-06,1.699961825817654,1.7,-0.0002787153997404816,5.349043440412213e-06
2.072272591760538e-06,1.699961825852024,1.7,-0.0002787152169524034,5.349043426790403e-06
2.074272591760538e-06,1.699961825823853,1.7,-0.0002787153989158688,5.349043440252908e-06
2.076272591760538e-06,1.699961825857651,1.7,-0.0002787152177499832,5.349043426996498e-06
2.078272591760538e-06,1.699961825829695,1.7,-0.0002787153980912693,5.349043440090111e-06
2.080272591760538e-06,1.699961825864165,1.7,-0.0002787152185342337,5.349043427164335e-06
2.082272591760538e-06,1.699961825837166,1.7,-0.0002787153972799058,5.349043439749313e-06
2.084272591760538e-06,1.699961825871899,1.7,-0.0002787152193450316,5.349043427110747e-06
2.086272591760539e-06,1.699961825845248,1.7,-0.0002787153964951124,5.349043439485195e-06
2.088272591760539e-06,1.699961825880351,1.7,-0.0002787152201026169,5.349043427236391e-06
2.090272591760539e-06,1.699961825854483,1.7,-0.0002787153956836832,5.349043439293628e-06
2.092272591760539e-06,1.699961825889742,1.7,-0.0002787152209133533,5.349043427422562e-06
2.094272591760539e-06,1.699961825864106,1.7,-0.0002787153948988325,5.349043439129716e-06
2.096272591760539e-06,1.699961825899121,1.7,-0.0002787152216576077,5.349043427846129e-06
2.09827259176054e-06,1.699961825873,1.7,-0.000278715394114009,5.349043439339562e-06
2.10027259176054e-06,1.699961825907049,1.7,-0.0002787152224152125,5.349043428200646e-06
2.10227259176054e-06,1.699961825880448,1.7,-0.0002787153933824252,5.349043439250279e-06
2.10427259176054e-06,1.69996182591402,1.7,-0.0002787152231728529,5.349043428376004e-06
2.10627259176054e-06,1.699961825887328,1.7,-0.000278715392637566,5.349043439142781e-06
2.10827259176054e-06,1.69996182592055,1.7,-0.0002787152238773238,5.349043428571825e-06
2.11027259176054e-06,1.699961825893936,1.7,-0.000278715391892717,5.349043438865122e-06
2.112272591760541e-06,1.699961825927045,1.7,-0.0002787152246083889,5.349043428578062e-06
2.114272591760541e-06,1.699961825900352,1.7,-0.0002787153911345785,5.349043438636417e-06
2.116272591760541e-06,1.699961825933016,1.7,-0.000278715225326177,5.34904342863635e-06
2.118272591760541e-06,1.699961825906356,1.7,-0.0002787153904828274,5.349043438431134e-06
2.120272591760541e-06,1.699961825938661,1.7,-0.0002787152260173844,5.349043428827074e-06
2.122272591760541e-06,1.699961825911585,1.7,-0.0002787153897380296,5.349043438291895e-06
2.124272591760541e-06,1.699961825943228,1.7,-0.0002787152267086318,5.34904342893412e-06
2.126272591760542e-06,1.699961825915929,1.7,-0.0002787153890597472,5.349043438089145e-06
2.128272591760542e-06,1.69996182594675,1.7,-0.000278715227399918,5.349043429195211e-06
2.130272591760542e-06,1.699961825919059,1.7,-0.000278715388354917,5.349043438125462e-06
2.132272591760542e-06,1.699961825949342,1.7,-0.000278715228064646,5.349043429425212e-06
2.134272591760542e-06,1.699961825921505,1.7,-0.0002787153876634087,5.349043438058975e-06
2.136272591760542e-06,1.699961825951759,1.7,-0.0002787152287426768,5.349043429660836e-06
2.138272591760543e-06,1.699961825924644,1.7,-0.0002787153869984676,5.349043437946627e-06
2.140272591760543e-06,1.69996182595515,1.7,-0.0002787152293940786,5.349043429793469e-06
2.142272591760543e-06,1.699961825928353,1.7,-0.0002787153863468018,5.349043437678543e-06
2.144272591760543e-06,1.699961825958824,1.7,-0.0002787152300587662,5.34904342976156e-06
2.146272591760543e-06,1.699961825932764,1.7,-0.0002787153856818134,5.349043437419486e-06
2.148272591760543e-06,1.699961825963495,1.7,-0.0002787152307234167,5.349043429772351e-06
2.150272591760543e-06,1.699961825937462,1.7,-0.0002787153850567037,5.349043437189363e-06
2.152272591760544e-06,1.699961825967988,1.7,-0.0002787152313215915,5.34904342987603e-06
2.154272591760544e-06,1.699961825941854,1.7,-0.0002787153844183091,5.349043436932323e-06
2.156272591760544e-06,1.699961825971461,1.7,-0.0002787152319995831,5.349043429855844e-06
2.158272591760544e-06,1.699961825944839,1.7,-0.0002787153838065596,5.349043436756966e-06
2.160272591760544e-06,1.699961825973773,1.7,-0.0002787152326377284,5.349043429999611e-06
2.162272591760544e-06,1.699961825946869,1.7,-0.0002787153831682527,5.349043436612575e-06
2.164272591760544e-06,1.69996182597508,1.7,-0.0002787152332360218,5.349043430214843e-06
2.166272591760545e-06,1.699961825947778,1.7,-0.0002787153825698771,5.349043436621876e-06
2.168272591760545e-06,1.69996182597538,1.7,-0.0002787152338343525,5.349043430394319e-06
2.170272591760545e-06,1.699961825947857,1.7,-0.0002787153819715322,5.349043436517934e-06
2.172272591760545e-06,1.699961825975058,1.7,-0.0002787152344327063,5.349043430549726e-06
2.174272591760545e-06,1.699961825947774,1.7,-0.0002787153813598969,5.349043436424774e-06
2.176272591760545e-06,1.699961825975158,1.7,-0.0002787152350044516,5.349043430653915e-06
2.178272591760546e-06,1.699961825948658,1.7,-0.0002787153807482257,5.3490434361491e-06
2.180272591760546e-06,1.699961825976421,1.7,-0.0002787152355628571,5.349043430636279e-06
2.182272591760546e-06,1.699961825950458,1.7,-0.0002787153801498168,5.349043436001998e-06
2.184272591760546e-06,1.699961825978097,1.7,-0.000278715236201026,5.349043430742062e-06
2.186272591760546e-06,1.699961825951934,1.7,-0.000278715379578013,5.349043435813458e-06
2.188272591760546e-06,1.699961825978632,1.7,-0.000278715236772755,5.349043430798217e-06
2.190272591760546e-06,1.699961825951873,1.7,-0.0002787153789663769,5.349043435692323e-06
2.192272591760547e-06,1.699961825977877,1.7,-0.0002787152373046426,5.349043430936053e-06
2.194272591760547e-06,1.699961825950853,1.7,-0.0002787153784345554,5.349043435590008e-06
2.196272591760547e-06,1.699961825976511,1.7,-0.0002787152378365528,5.349043431063236e-06
2.198272591760547e-06,1.699961825949668,1.7,-0.0002787153779160365,5.349043435483216e-06
2.200272591760547e-06,1.699961825975496,1.7,-0.0002787152384349325,5.349043431319876e-06
2.202272591760547e-06,1.699961825949691,1.7,-0.0002787153773043972,5.349043435517137e-06
2.204272591760548e-06,1.699961825976035,1.7,-0.0002787152389933649,5.349043431459608e-06
2.206272591760548e-06,1.699961825950809,1.7,-0.0002787153767857927,5.349043435432756e-06
2.208272591760548e-06,1.699961825977173,1.7,-0.000278715239498589,5.349043431616298e-06
2.210272591760548e-06,1.699961825952409,1.7,-0.0002787153762405772,5.349043435375912e-06
2.212272591760548e-06,1.69996182597886,1.7,-0.0002787152400436822,5.349043431894174e-06
2.214272591760548e-06,1.699961825954556,1.7,-0.0002787153757086379,5.349043435462851e-06
2.216272591760548e-06,1.699961825981483,1.7,-0.0002787152405887406,5.349043432113226e-06
2.218272591760549e-06,1.699961825958039,1.7,-0.0002787153752032419,5.349043435450276e-06
2.220272591760549e-06,1.699961825985361,1.7,-0.0002787152410938628,5.349043432293694e-06
2.222272591760549e-06,1.699961825962705,1.7,-0.0002787153746446159,5.34904343537789e-06
2.224272591760549e-06,1.699961825990435,1.7,-0.0002787152416122371,5.349043432392064e-06
2.226272591760549e-06,1.699961825968825,1.7,-0.0002787153741391217,5.349043435135727e-06
2.228272591760549e-06,1.699961825997202,1.7,-0.0002787152421438448,5.349043432345473e-06
2.230272591760549e-06,1.699961825975668,1.7,-0.0002787153736203041,5.349043434975129e-06
2.23227259176055e-06,1.69996182600323,1.7,-0.0002787152426621835,5.349043432380761e-06
2.23427259176055e-06,1.69996182598123,1.7,-0.0002787153731148308,5.349043434833755e-06
2.23627259176055e-06,1.699961826007583,1.7,-0.0002787152431539916,5.349043432452719e-06
2.23827259176055e-06,1.699961825984445,1.7,-0.0002787153725828517,5.349043434703241e-06
2.24027259176055e-06,1.699961826008998,1.7,-0.0002787152436592055,5.349043432524855e-06
2.24227259176055e-06,1.699961825984435,1.7,-0.000278715372117475,5.349043434576009e-06
2.244272591760551e-06,1.699961826007512,1.7,-0.0002787152441246377,5.349043432759878e-06
2.246272591760551e-06,1.699961825981814,1.7,-0.0002787153715990096,5.349043434688367e-06
2.248272591760551e-06,1.699961826003438,1.7,-0.0002787152446566488,5.349043432961611e-06
2.250272591760551e-06,1.699961825977272,1.7,-0.0002787153711072086,5.349043434618054e-06
2.252272591760551e-06,1.699961825998886,1.7,-0.0002787152450956021,5.349043433028516e-06
2.254272591760551e-06,1.699961825973017,1.7,-0.0002787153706818793,5.349043434481626e-06
2.256272591760551e-06,1.699961825994406,1.7,-0.0002787152455744423,5.349043433071201e-06
2.258272591760552e-06,1.699961825968985,1.7,-0.0002787153701501698,5.349043434397576e-06
2.260272591760552e-06,1.699961825990395,1.7,-0.000278715246053265,5.34904343322871e-06
2.262272591760552e-06,1.699961825964957,1.7,-0.0002787153696849426,5.349043434343275e-06
2.264272591760552e-06,1.69996182598608,1.7,-0.0002787152465188025,5.349043433316736e-06
2.266272591760552e-06,1.699961825961005,1.7,-0.0002787153692463055,5.349043434235106e-06
2.268272591760552e-06,1.699961825982198,1.7,-0.0002787152470242134,5.349043433390457e-06
2.270272591760552e-06,1.699961825957415,1.7,-0.0002787153687810621,5.349043434167717e-06
2.272272591760553e-06,1.699961825978809,1.7,-0.0002787152474365306,5.349043433505604e-06
2.274272591760553e-06,1.69996182595474,1.7,-0.0002787153683024881,5.349043433947324e-06
2.276272591760553e-06,1.699961825975947,1.7,-0.0002787152478621246,5.34904343344173e-06
2.278272591760553e-06,1.699961825951746,1.7,-0.0002787153678505189,5.349043433815514e-06
2.280272591760553e-06,1.699961825972919,1.7,-0.0002787152483542073,5.349043433464422e-06
2.282272591760553e-06,1.699961825949505,1.7,-0.0002787153674118182,5.349043433712441e-06
2.284272591760554e-06,1.699961825970837,1.7,-0.0002787152487797723,5.349043433564538e-06
2.286272591760554e-06,1.69996182594791,1.7,-0.0002787153669465005,5.349043433592456e-06
2.288272591760554e-06,1.699961825969838,1.7,-0.0002787152492451865,5.349043433624074e-06
2.290272591760554e-06,1.699961825948078,1.7,-0.0002787153665475997,5.349043433561124e-06
2.292272591760554e-06,1.699961825970647,1.7,-0.0002787152496839404,5.349043433717218e-06
2.294272591760554e-06,1.699961825949851,1.7,-0.0002787153661353426,5.349043433451461e-06
2.296272591760554e-06,1.699961825973221,1.7,-0.0002787152501492217,5.349043433907074e-06
2.298272591760555e-06,1.699961825953268,1.7,-0.0002787153656698385,5.349043433503239e-06
2.300272591760555e-06,1.699961825977018,1.7,-0.0002787152505479751,5.349043434024514e-06
2.302272591760555e-06,1.699961825957701,1.7,-0.000278715365270779,5.349043433474892e-06
2.304272591760555e-06,1.699961825981499,1.7,-0.000278715250999889,5.349043434141729e-06
2.306272591760555e-06,1.699961825962597,1.7,-0.0002787153648451093,5.34904343340453e-06
2.308272591760555e-06,1.699961825986332,1.7,-0.0002787152514251967,5.349043434226234e-06
2.310272591760555e-06,1.69996182596741,1.7,-0.0002787153644194427,5.349043433344991e-06
2.312272591760556e-06,1.699961825990691,1.7,-0.0002787152518372256,5.349043434298215e-06
2.314272591760556e-06,1.699961825971522,1.7,-0.0002787153640070987,5.349043433103875e-06
2.316272591760556e-06,1.699961825994088,1.7,-0.0002787152522625869,5.349043434135968e-06
2.318272591760556e-06,1.699961825974471,1.7,-0.0002787153635947978,5.349043432889254e-06
2.320272591760556e-06,1.699961825996208,1.7,-0.0002787152526614026,5.349043434135117e-06
2.322272591760556e-06,1.699961825976036,1.7,-0.0002787153631692521,5.349043432774391e-06
2.324272591760557e-06,1.699961825996639,1.7,-0.0002787152530602811,5.349043434157287e-06
2.326272591760557e-06,1.69996182597542,1.7,-0.0002787153627836769,5.349043432717278e-06
2.328272591760557e-06,1.699961825994641,1.7,-0.0002787152534592501,5.349043434247211e-06
2.330272591760557e-06,1.699961825972504,1.7,-0.0002787153623715943,5.349043432626576e-06
2.332272591760557e-06,1.699961825990574,1.7,-0.0002787152538848889,5.349043434327115e-06
2.334272591760557e-06,1.699961825967645,1.7,-0.000278715361932991,5.349043432443606e-06
2.336272591760557e-06,1.699961825985187,1.7,-0.0002787152542440944,5.349043434227289e-06
2.338272591760558e-06,1.69996182596239,1.7,-0.0002787153615342919,5.349043432324118e-06
2.340272591760558e-06,1.699961825979499,1.7,-0.0002787152546564971,5.349043434245235e-06
2.342272591760558e-06,1.699961825956425,1.7,-0.0002787153611622121,5.349043432187686e-06
2.344272591760558e-06,1.699961825973117,1.7,-0.0002787152550556291,5.3490434342482e-06
2.346272591760558e-06,1.69996182595044,1.7,-0.0002787153607635402,5.34904343210107e-06
2.348272591760558e-06,1.699961825967119,1.7,-0.0002787152554680433,5.349043434352027e-06
2.350272591760558e-06,1.699961825944745,1.7,-0.0002787153603648575,5.349043432041827e-06
2.352272591760559e-06,1.699961825961844,1.7,-0.0002787152558006517,5.349043434343004e-06
2.354272591760559e-06,1.699961825940072,1.7,-0.0002787153600326191,5.349043431951713e-06
2.356272591760559e-06,1.699961825957379,1.7,-0.0002787152561864159,5.34904343445773e-06
2.358272591760559e-06,1.699961825936402,1.7,-0.000278715359633861,5.349043431931162e-06
2.360272591760559e-06,1.69996182595409,1.7,-0.0002787152565588398,5.349043434493435e-06
2.362272591760559e-06,1.6999618259337,1.7,-0.0002787153592616599,5.34904343183464e-06
2.36427259176056e-06,1.699961825951646,1.7,-0.0002787152569312324,5.349043434566544e-06
2.36627259176056e-06,1.699961825931536,1.7,-0.0002787153588894388,5.349043431784791e-06
2.36827259176056e-06,1.699961825949683,1.7,-0.0002787152572903106,5.349043434775084e-06
2.37027259176056e-06,1.699961825930313,1.7,-0.0002787153585304792,5.349043431920969e-06
2.37227259176056e-06,1.699961825948447,1.7,-0.0002787152576626581,5.349043434936604e-06
2.37427259176056e-06,1.69996182592905,1.7,-0.0002787153581316316,5.349043431966606e-06
2.37627259176056e-06,1.699961825947031,1.7,-0.0002787152580350124,5.349043435032369e-06
2.378272591760561e-06,1.699961825928344,1.7,-0.0002787153577593562,5.349043431892536e-06
2.380272591760561e-06,1.69996182594695,1.7,-0.0002787152583674276,5.349043435089002e-06
2.382272591760561e-06,1.699961825929182,1.7,-0.0002787153574136164,5.349043431842977e-06
2.384272591760561e-06,1.69996182594853,1.7,-0.0002787152587529669,5.349043435131794e-06
2.386272591760561e-06,1.699961825932003,1.7,-0.0002787153570678028,5.349043431790307e-06
2.388272591760561e-06,1.699961825952278,1.7,-0.0002787152591118326,5.349043435224729e-06
2.390272591760561e-06,1.699961825936411,1.7,-0.0002787153566953372,5.349043431732771e-06
2.392272591760562e-06,1.699961825956697,1.7,-0.0002787152594307839,5.349043435231274e-06
2.394272591760562e-06,1.699961825941303,1.7,-0.0002787153563361501,5.349043431673054e-06
2.396272591760562e-06,1.699961825961566,1.7,-0.0002787152598029045,5.349043435275614e-06
2.398272591760562e-06,1.699961825945849,1.7,-0.0002787153560035688,5.349043431601316e-06
2.400272591760562e-06,1.699961825965384,1.7,-0.0002787152601351746,5.349043435372328e-06
2.402272591760562e-06,1.699961825949303,1.7,-0.0002787153556444352,5.349043431594884e-06
2.404272591760563e-06,1.699961825965359,1.7,-0.0002787152604808842,5.349043435435619e-06
2.406272591760563e-06,1.699961825946051,1.7,-0.000278715355312144,5.349043431553041e-06
2.408272591760563e-06,1.699961825961721,1.7,-0.0002787152608533211,5.349043435433261e-06
2.410272591760563e-06,1.699961825942814,1.7,-0.0002787153549798523,5.34904343146039e-06
2.412272591760563e-06,1.699961825958929,1.7,-0.0002787152611991336,5.34904343553247e-06
2.414272591760563e-06,1.699961825941027,1.7,-0.0002787153546475065,5.349043431303309e-06
2.416272591760563e-06,1.699961825957826,1.7,-0.0002787152615315868,5.349043435366882e-06
2.418272591760564e-06,1.69996182594062,1.7,-0.000278715354328406,5.3490434311466e-06
2.420272591760564e-06,1.699961825957699,1.7,-0.0002787152619038932,5.349043435374249e-06
2.422272591760564e-06,1.699961825941067,1.7,-0.0002787153539959772,5.349043431095278e-06
2.424272591760564e-06,1.699961825958291,1.7,-0.0002787152622096903,5.349043435545148e-06
2.426272591760564e-06,1.699961825941671,1.7,-0.0002787153536901356,5.349043431209706e-06
2.428272591760564e-06,1.699961825958874,1.7,-0.0002787152625420808,5.349043435643973e-06
2.430272591760564e-06,1.699961825943126,1.7,-0.0002787153533709658,5.349043431217543e-06
2.432272591760565e-06,1.699961825961156,1.7,-0.0002787152628478151,5.349043435716656e-06
2.434272591760565e-06,1.699961825946284,1.7,-0.0002787153530517326,5.349043431156019e-06
2.436272591760565e-06,1.699961825964689,1.7,-0.0002787152632066888,5.349043435760548e-06
2.438272591760565e-06,1.699961825950462,1.7,-0.000278715352719165,5.349043431143367e-06
2.440272591760565e-06,1.699961825969018,1.7,-0.0002787152635256435,5.349043435804621e-06
2.442272591760565e-06,1.699961825955206,1.7,-0.0002787153524264658,5.349043431078112e-06
2.444272591760566e-06,1.699961825974058,1.7,-0.0002787152638578681,5.349043435879663e-06
2.446272591760566e-06,1.699961825960522,1.7,-0.0002787153521071525,5.349043431098634e-06
2.448272591760566e-06,1.699961825979005,1.7,-0.0002787152641635033,5.349043435958835e-06
2.450272591760566e-06,1.699961825965162,1.7,-0.0002787153517745677,5.349043431062836e-06
2.452272591760566e-06,1.699961825982708,1.7,-0.0002787152644691847,5.3490434359867e-06
2.454272591760566e-06,1.699961825967782,1.7,-0.0002787153514819476,5.34904343101978e-06
2.456272591760566e-06,1.699961825984044,1.7,-0.0002787152648148436,5.349043436022004e-06
2.458272591760567e-06,1.699961825968417,1.7,-0.0002787153511229188,5.349043430936171e-06
2.460272591760567e-06,1.699961825983867,1.7,-0.0002787152650940765,5.349043436171375e-06
2.462272591760567e-06,1.699961825967868,1.7,-0.0002787153508038236,5.349043431068588e-06
2.464272591760567e-06,1.699961825983068,1.7,-0.0002787152653999254,5.349043436293726e-06
2.466272591760567e-06,1.699961825967262,1.7,-0.0002787153505379163,5.34904343110285e-06
2.468272591760567e-06,1.699961825982488,1.7,-0.0002787152656924697,5.34904343633068e-06
2.470272591760567e-06,1.699961825967052,1.7,-0.0002787153502321049,5.349043431080756e-06
2.472272591760568e-06,1.699961825982468,1.7,-0.0002787152659982896,5.34904343643892e-06
2.474272591760568e-06,1.699961825967533,1.7,-0.0002787153499528608,5.349043431102146e-06
2.476272591760568e-06,1.699961825983332,1.7,-0.0002787152662907802,5.349043436490224e-06
2.478272591760568e-06,1.699961825968826,1.7,-0.0002787153496336971,5.349043431034522e-06
2.480272591760568e-06,1.699961825984039,1.7,-0.0002787152665965731,5.34904343650013e-06
2.482272591760568e-06,1.699961825969222,1.7,-0.0002787153493145667,5.349043430972976e-06
2.484272591760569e-06,1.699961825984227,1.7,-0.0002787152668890888,5.349043436483042e-06
2.486272591760569e-06,1.699961825969302,1.7,-0.0002787153490353374,5.349043430898094e-06
2.488272591760569e-06,1.699961825983425,1.7,-0.0002787152671683448,5.349043436505444e-06
2.490272591760569e-06,1.699961825967539,1.7,-0.0002787153487428803,5.349043430856185e-06
2.492272591760569e-06,1.699961825980749,1.7,-0.0002787152674343741,5.349043436562662e-06
2.494272591760569e-06,1.699961825964445,1.7,-0.0002787153484105832,5.349043430835663e-06
2.496272591760569e-06,1.699961825977156,1.7,-0.0002787152677536234,5.349043436567606e-06
2.49827259176057e-06,1.69996182596073,1.7,-0.0002787153481447917,5.349043430830087e-06
2.50027259176057e-06,1.699961825973243,1.7,-0.0002787152680462917,5.349043436636746e-06
2.50227259176057e-06,1.699961825956819,1.7,-0.000278715347865711,5.349043430791442e-06
2.50427259176057e-06,1.699961825969283,1.7,-0.0002787152683256653,5.349043436684684e-06
2.50627259176057e-06,1.69996182595352,1.7,-0.000278715347573311,5.349043430764875e-06
2.50827259176057e-06,1.699961825966326,1.7,-0.0002787152686050014,5.349043436729798e-06
2.51027259176057e-06,1.699961825950927,1.7,-0.0002787153472941812,5.349043430772415e-06
2.512272591760571e-06,1.699961825963892,1.7,-0.0002787152688710217,5.349043436730482e-06
2.514272591760571e-06,1.699961825948789,1.7,-0.0002787153470283311,5.349043430718067e-06
2.516272591760571e-06,1.699961825961689,1.7,-0.0002787152691636263,5.34904343678107e-06
2.518272591760571e-06,1.699961825946809,1.7,-0.000278715346735882,5.349043430666431e-06
2.520272591760571e-06,1.69996182595996,1.7,-0.0002787152694296203,5.349043436800532e-06
2.522272591760571e-06,1.699961825945804,1.7,-0.0002787153464566932,5.349043430671873e-06
2.524272591760572e-06,1.69996182595943,1.7,-0.0002787152697221629,5.349043436865147e-06
2.526272591760572e-06,1.69996182594603,1.7,-0.0002787153462040516,5.349043430533964e-06
2.528272591760572e-06,1.699961825960255,1.7,-0.0002787152699880619,5.349043436709287e-06
2.530272591760572e-06,1.69996182594779,1.7,-0.0002787153459513529,5.349043430414129e-06
2.532272591760572e-06,1.699961825962855,1.7,-0.0002787152702671914,5.349043436689577e-06
2.534272591760572e-06,1.699961825951179,1.7,-0.000278715345685297,5.349043430355166e-06
2.536272591760572e-06,1.699961825966165,1.7,-0.0002787152705329979,5.34904343668505e-06
2.538272591760573e-06,1.699961825954079,1.7,-0.0002787153454059629,5.349043430309192e-06
2.540272591760573e-06,1.699961825968674,1.7,-0.0002787152707988343,5.349043436679275e-06
2.542272591760573e-06,1.699961825956651,1.7,-0.0002787153451399375,5.349043430256333e-06
2.544272591760573e-06,1.699961825970848,1.7,-0.0002787152710779797,5.349043436690996e-06
2.546272591760573e-06,1.699961825958556,1.7,-0.0002787153448739369,5.349043430205907e-06
2.548272591760573e-06,1.699961825972488,1.7,-0.0002787152713438484,5.349043436679807e-06
2.550272591760573e-06,1.699961825960207,1.7,-0.0002787153446345388,5.349043430160836e-06
2.552272591760574e-06,1.699961825973918,1.7,-0.0002787152715964285,5.349043436760783e-06
2.554272591760574e-06,1.699961825961827,1.7,-0.0002787153443020664,5.349043430189055e-06
2.556272591760574e-06,1.699961825975212,1.7,-0.0002787152718756066,5.349043436777705e-06
2.558272591760574e-06,1.69996182596287,1.7,-0.0002787153440759873,5.349043430180994e-06
2.560272591760574e-06,1.69996182597605,1.7,-0.0002787152721282086,5.349043436812622e-06
2.562272591760574e-06,1.699961825963857,1.7,-0.0002787153438233173,5.349043430111999e-06
2.564272591760575e-06,1.699961825977053,1.7,-0.0002787152723941011,5.349043436779383e-06
2.566272591760575e-06,1.699961825965135,1.7,-0.0002787153435706365,5.349043430078547e-06
2.568272591760575e-06,1.699961825978447,1.7,-0.0002787152726466824,5.349043436832458e-06
2.570272591760575e-06,1.69996182596704,1.7,-0.0002787153433046359,5.349043430111073e-06
2.572272591760575e-06,1.699961825980955,1.7,-0.0002787152728460365,5.349043436908971e-06
2.574272591760575e-06,1.699961825970059,1.7,-0.0002787153430917799,5.349043430092115e-06
2.576272591760575e-06,1.699961825983886,1.7,-0.0002787152731251536,5.349043436902865e-06
2.578272591760576e-06,1.699961825973267,1.7,-0.0002787153428124343,5.349043430084366e-06
2.580272591760576e-06,1.699961825987036,1.7,-0.0002787152733643732,5.349043436955058e-06
2.582272591760576e-06,1.699961825976322,1.7,-0.0002787153425729838,5.349043430047423e-06
2.584272591760576e-06,1.699961825990016,1.7,-0.0002787152736168956,5.349043436945997e-06
2.586272591760576e-06,1.699961825979411,1.7,-0.0002787153423335323,5.349043430039862e-06
2.588272591760576e-06,1.69996182599285,1.7,-0.0002787152738694234,5.349043436926191e-06
2.590272591760577e-06,1.699961825982037,1.7,-0.0002787153420808013,5.349043429921851e-06
2.592272591760577e-06,1.699961825994824,1.7,-0.0002787152741086867,5.349043436926477e-06
2.594272591760577e-06,1.69996182598335,1.7,-0.0002787153418281192,5.349043429930881e-06
2.596272591760577e-06,1.699961825995092,1.7,-0.00027871527436131,5.349043436958362e-06
2.598272591760577e-06,1.699961825982977,1.7,-0.0002787153415622033,5.349043429966965e-06
2.600272591760577e-06,1.699961825994331,1.7,-0.0002787152745740821,5.349043437022773e-06
2.602272591760577e-06,1.699961825982159,1.7,-0.00027871534134949,5.349043429973342e-06
2.604272591760578e-06,1.699961825993381,1.7,-0.0002787152748267507,5.349043437063808e-06
2.606272591760578e-06,1.699961825981628,1.7,-0.0002787153410968765,5.349043429908928e-06
2.608272591760578e-06,1.699961825993004,1.7,-0.0002787152750395085,5.349043437019454e-06
2.610272591760578e-06,1.699961825981297,1.7,-0.0002787153408575521,5.349043429874619e-06
2.612272591760578e-06,1.699961825992745,1.7,-0.0002787152753187444,5.349043437042628e-06
2.614272591760578e-06,1.699961825981539,1.7,-0.0002787153406315027,5.349043429888928e-06
2.616272591760578e-06,1.699961825993257,1.7,-0.0002787152755447656,5.349043437226727e-06
2.618272591760579e-06,1.699961825982509,1.7,-0.0002787153404054265,5.349043430090276e-06
2.620272591760579e-06,1.699961825994591,1.7,-0.0002787152757574597,5.349043437357148e-06
2.622272591760579e-06,1.699961825984375,1.7,-0.0002787153401660203,5.349043430109997e-06
2.624272591760579e-06,1.699961825996803,1.7,-0.0002787152759834177,5.349043437363759e-06
2.626272591760579e-06,1.699961825987272,1.7,-0.0002787153399398723,5.349043430088079e-06
2.628272591760579e-06,1.69996182600045,1.7,-0.0002787152762492118,5.349043437366538e-06
2.63027259176058e-06,1.699961825991738,1.7,-0.0002787153397003694,5.349043430077147e-06
2.63227259176058e-06,1.699961826005125,1.7,-0.0002787152764883746,5.349043437374516e-06
2.63427259176058e-06,1.699961825996676,1.7,-0.0002787153394741454,5.349043430046058e-06
2.63627259176058e-06,1.699961826010136,1.7,-0.0002787152767142285,5.349043437432881e-06
2.63827259176058e-06,1.699961826001773,1.7,-0.0002787153392479155,5.349043430078823e-06
2.64027259176058e-06,1.699961826015085,1.7,-0.0002787152769267882,5.349043437456605e-06
2.64227259176058e-06,1.699961826006881,1.7,-0.0002787153390482782,5.349043430065156e-06
2.644272591760581e-06,1.699961826020184,1.7,-0.0002787152771393423,5.349043437423903e-06
2.646272591760581e-06,1.699961826011727,1.7,-0.0002787153388087612,5.349043430017521e-06
2.648272591760581e-06,1.699961826024208,1.7,-0.0002787152773386399,5.349043437482184e-06
2.650272591760581e-06,1.699961826015057,1.7,-0.000278715338635783,5.349043430048824e-06
2.652272591760581e-06,1.699961826026574,1.7,-0.0002787152775778886,5.349043437503571e-06
2.654272591760581e-06,1.69996182601645,1.7,-0.0002787153383830979,5.349043430059236e-06
2.656272591760581e-06,1.699961826027205,1.7,-0.0002787152777906089,5.349043437512077e-06
2.658272591760582e-06,1.699961826016834,1.7,-0.0002787153381437469,5.349043430018161e-06
2.660272591760582e-06,1.699961826027084,1.7,-0.0002787152780033572,5.349043437524116e-06
2.662272591760582e-06,1.699961826016719,1.7,-0.0002787153379443039,5.349043430003525e-06
2.664272591760582e-06,1.699961826027023,1.7,-0.0002787152782161033,5.349043437479511e-06
2.666272591760582e-06,1.699961826016763,1.7,-0.000278715337718262,5.349043429942155e-06
2.668272591760582e-06,1.699961826027094,1.7,-0.0002787152784421409,5.349043437522447e-06
2.670272591760583e-06,1.699961826016935,1.7,-0.0002787153375188083,5.349043429965944e-06
2.672272591760583e-06,1.699961826027037,1.7,-0.0002787152786681833,5.349043437532025e-06
2.674272591760583e-06,1.699961826016847,1.7,-0.0002787153373060678,5.349043429961671e-06
2.676272591760583e-06,1.699961826026876,1.7,-0.0002787152788942296,5.34904343752339e-06
2.678272591760583e-06,1.699961826016718,1.7,-0.0002787153370667358,5.349043429919595e-06
2.680272591760583e-06,1.699961826026526,1.7,-0.0002787152791069863,5.349043437531943e-06
2.682272591760583e-06,1.699961826016339,1.7,-0.0002787153368673026,5.349043429956327e-06
2.684272591760584e-06,1.699961826026017,1.7,-0.0002787152793064527,5.349043437565449e-06
2.686272591760584e-06,1.69996182601607,1.7,-0.0002787153366678653,5.349043429920358e-06
2.688272591760584e-06,1.69996182602586,1.7,-0.0002787152795324987,5.349043437576285e-06
2.690272591760584e-06,1.699961826016012,1.7,-0.0002787153364551237,5.349043429921613e-06
2.692272591760584e-06,1.699961826025636,1.7,-0.0002787152797452509,5.349043437587931e-06
2.694272591760584e-06,1.699961826015792,1.7,-0.0002787153362423881,5.349043429941962e-06
2.696272591760584e-06,1.699961826025243,1.7,-0.0002787152799181198,5.349043437620215e-06
2.698272591760585e-06,1.699961826015541,1.7,-0.0002787153360296536,5.349043429917307e-06
2.700272591760585e-06,1.699961826025144,1.7,-0.0002787152801441637,5.349043437586139e-06
2.702272591760585e-06,1.699961826015686,1.7,-0.000278715335803608,5.349043429887875e-06
2.704272591760585e-06,1.699961826025317,1.7,-0.0002787152803569011,5.34904343760302e-06
2.706272591760585e-06,1.699961826015907,1.7,-0.0002787153356307454,5.349043429857119e-06
2.708272591760585e-06,1.699961826025383,1.7,-0.0002787152805430494,5.349043437573479e-06
2.710272591760586e-06,1.699961826015912,1.7,-0.0002787153354312979,5.349043429854325e-06
2.712272591760586e-06,1.699961826024968,1.7,-0.0002787152807425122,5.349043437592966e-06
2.714272591760586e-06,1.699961826015248,1.7,-0.0002787153352451718,5.349043429890244e-06
2.716272591760586e-06,1.699961826023932,1.7,-0.000278715280941998,5.349043437662786e-06
2.718272591760586e-06,1.699961826013825,1.7,-0.0002787153350058881,5.349043429893932e-06
2.720272591760586e-06,1.699961826021877,1.7,-0.0002787152811415218,5.349043437626238e-06
2.722272591760586e-06,1.699961826011506,1.7,-0.00027871533483312,5.34904342984639e-06
2.724272591760587e-06,1.699961826019389,1.7,-0.0002787152813144686,5.349043437647766e-06
2.726272591760587e-06,1.699961826008986,1.7,-0.0002787153346337664,5.349043429893088e-06
2.728272591760587e-06,1.699961826016775,1.7,-0.0002787152815273096,5.34904343765571e-06
2.730272591760587e-06,1.699961826006465,1.7,-0.0002787153344211164,5.34904342983984e-06
2.732272591760587e-06,1.699961826014243,1.7,-0.0002787152817135546,5.349043437654938e-06
2.734272591760587e-06,1.69996182600417,1.7,-0.0002787153342350509,5.349043429854696e-06
2.736272591760587e-06,1.699961826012199,1.7,-0.000278715281913078,5.349043437663562e-06
2.738272591760588e-06,1.699961826002792,1.7,-0.0002787153340489514,5.349043429844909e-06
2.740272591760588e-06,1.699961826011432,1.7,-0.0002787152820992573,5.349043437638501e-06
2.742272591760588e-06,1.699961826002574,1.7,-0.0002787153338761052,5.349043429836558e-06
2.744272591760588e-06,1.699961826011524,1.7,-0.0002787152823252941,5.349043437663072e-06
2.746272591760588e-06,1.699961826003043,1.7,-0.0002787153336766404,5.349043429829522e-06
2.748272591760588e-06,1.699961826011949,1.7,-0.0002787152824715397,5.349043437693449e-06
2.750272591760589e-06,1.699961826003617,1.7,-0.0002787153334505788,5.349043429855125e-06
2.752272591760589e-06,1.699961826012624,1.7,-0.0002787152826709619,5.349043437698617e-06
2.754272591760589e-06,1.699961826004407,1.7,-0.0002787153333175845,5.349043429859888e-06
2.756272591760589e-06,1.699961826013327,1.7,-0.0002787152828703831,5.349043437715457e-06
2.758272591760589e-06,1.699961826005257,1.7,-0.0002787153331181056,5.349043429840448e-06
2.760272591760589e-06,1.699961826014268,1.7,-0.0002787152830564988,5.349043437688971e-06
2.762272591760589e-06,1.699961826006279,1.7,-0.0002787153329452133,5.349043429836259e-06
2.76427259176059e-06,1.699961826015123,1.7,-0.0002787152832160248,5.349043437722911e-06
2.76627259176059e-06,1.699961826007228,1.7,-0.0002787153327457307,5.349043429867233e-06
2.76827259176059e-06,1.699961826016093,1.7,-0.0002787152834154361,5.349043437739086e-06
2.77027259176059e-06,1.699961826008054,1.7,-0.0002787153325462527,5.349043429853861e-06
2.77227259176059e-06,1.699961826016643,1.7,-0.0002787152836414559,5.349043437687885e-06
2.77427259176059e-06,1.699961826008808,1.7,-0.0002787153323600738,5.349043429798375e-06
2.77627259176059e-06,1.699961826017607,1.7,-0.0002787152837610884,5.349043437702699e-06
2.778272591760591e-06,1.699961826009933,1.7,-0.0002787153322004741,5.349043429819343e-06
2.780272591760591e-06,1.699961826018491,1.7,-0.0002787152839472064,5.349043437699263e-06
2.782272591760591e-06,1.69996182601063,1.7,-0.0002787153320142974,5.349043429815254e-06
2.784272591760591e-06,1.699961826018979,1.7,-0.0002787152841466355,5.349043437705425e-06
2.786272591760591e-06,1.699961826011319,1.7,-0.0002787153318414175,5.349043429801097e-06
2.788272591760591e-06,1.699961826019981,1.7,-0.0002787152842795631,5.349043437710722e-06
2.790272591760592e-06,1.699961826012566,1.7,-0.0002787153316818132,5.349043429839686e-06
2.792272591760592e-06,1.699961826021003,1.7,-0.0002787152844789724,5.349043437717809e-06
2.794272591760592e-06,1.699961826013572,1.7,-0.0002787153314823285,5.349043429804189e-06
2.796272591760592e-06,1.699961826021769,1.7,-0.0002787152846385016,5.349043437701297e-06
2.798272591760592e-06,1.699961826013472,1.7,-0.0002787153313094779,5.349043429783943e-06
2.800272591760592e-06,1.699961826020386,1.7,-0.0002787152848114074,5.349043437659758e-06
2.802272591760592e-06,1.699961826011341,1.7,-0.0002787153311499994,5.349043429787214e-06
2.804272591760593e-06,1.699961826017588,1.7,-0.0002787152849976624,5.349043437733425e-06
2.806272591760593e-06,1.699961826008087,1.7,-0.0002787153309506731,5.349043429849776e-06
2.808272591760593e-06,1.69996182601367,1.7,-0.0002787152851573659,5.349043437740402e-06
2.810272591760593e-06,1.699961826003519,1.7,-0.0002787153307779887,5.349043429822025e-06
2.812272591760593e-06,1.699961826008663,1.7,-0.0002787152853038136,5.349043437712796e-06
2.814272591760593e-06,1.699961825998477,1.7,-0.0002787153305920254,5.349043429808896e-06
2.816272591760593e-06,1.699961826003515,1.7,-0.0002787152854768594,5.349043437676858e-06
2.818272591760594e-06,1.699961825993517,1.7,-0.0002787153304326521,5.34904342976472e-06
2.820272591760594e-06,1.699961825998756,1.7,-0.0002787152856631872,5.349043437695318e-06
2.822272591760594e-06,1.699961825989201,1.7,-0.0002787153302466618,5.349043429787759e-06
2.824272591760594e-06,1.699961825994806,1.7,-0.0002787152858494849,5.349043437665788e-06
2.826272591760594e-06,1.699961825985603,1.7,-0.0002787153301005343,5.349043429762546e-06
2.828272591760594e-06,1.699961825991258,1.7,-0.0002787152860091748,5.349043437671852e-06
2.830272591760595e-06,1.699961825982166,1.7,-0.0002787153299278079,5.349043429792663e-06
2.832272591760595e-06,1.699961825988049,1.7,-0.0002787152861821485,5.349043437670216e-06
2.834272591760595e-06,1.69996182597938,1.7,-0.0002787153297550572,5.349043429752399e-06
2.836272591760595e-06,1.699961825985573,1.7,-0.0002787152863417984,5.349043437677686e-06
2.838272591760595e-06,1.69996182597731,1.7,-0.0002787153295955764,5.34904342979882e-06
2.840272591760595e-06,1.699961825983786,1.7,-0.0002787152865014228,5.349043437661362e-06
2.842272591760595e-06,1.699961825975589,1.7,-0.0002787153294360825,5.349043429760558e-06
2.844272591760596e-06,1.699961825981746,1.7,-0.0002787152866743529,5.349043437668927e-06
2.846272591760596e-06,1.69996182597384,1.7,-0.0002787153292632932,5.349043429795017e-06
2.848272591760596e-06,1.699961825980463,1.7,-0.0002787152868339585,5.349043437655081e-06
2.850272591760596e-06,1.699961825972694,1.7,-0.0002787153291170745,5.349043429769406e-06
2.852272591760596e-06,1.699961825978867,1.7,-0.0002787152870068722,5.349043437675508e-06
2.854272591760596e-06,1.699961825970983,1.7,-0.0002787153289309874,5.34904342979432e-06
2.856272591760596e-06,1.699961825977322,1.7,-0.0002787152871398946,5.349043437655275e-06
2.858272591760597e-06,1.699961825969564,1.7,-0.0002787153287581858,5.349043429769779e-06
2.860272591760597e-06,1.699961825975864,1.7,-0.0002787152873128031,5.349043437651876e-06
2.862272591760597e-06,1.699961825968354,1.7,-0.000278715328598673,5.349043429805959e-06
2.864272591760597e-06,1.699961825974783,1.7,-0.0002787152874591046,5.349043437650665e-06
2.866272591760597e-06,1.699961825967399,1.7,-0.0002787153284391507,5.349043429760993e-06
2.868272591760597e-06,1.699961825973842,1.7,-0.0002787152876186975,5.349043437665215e-06
2.870272591760598e-06,1.699961825966534,1.7,-0.0002787153283062179,5.349043429815263e-06
2.872272591760598e-06,1.699961825972916,1.7,-0.0002787152877915863,5.349043437630517e-06
2.874272591760598e-06,1.699961825965717,1.7,-0.000278715328133394,5.349043429621891e-06
2.876272591760598e-06,1.699961825972063,1.7,-0.0002787152879644724,5.349043437460805e-06
2.878272591760598e-06,1.699961825965047,1.7,-0.0002787153279738611,5.349043429722511e-06
2.880272591760598e-06,1.699961825971274,1.7,-0.0002787152880974665,5.349043437578611e-06
2.882272591760598e-06,1.699961825964229,1.7,-0.0002787153278276302,5.349043429625887e-06
2.884272591760599e-06,1.699961825970735,1.7,-0.0002787152882570444,5.349043437423945e-06
2.886272591760599e-06,1.699961825964159,1.7,-0.0002787153276813715,5.349043429733356e-06
2.888272591760599e-06,1.699961825970865,1.7,-0.0002787152884033009,5.349043437614414e-06
2.890272591760599e-06,1.699961825964613,1.7,-0.0002787153275350932,5.349043429820518e-06
2.892272591760599e-06,1.699961825971603,1.7,-0.0002787152885761279,5.349043437676233e-06
2.894272591760599e-06,1.699961825965546,1.7,-0.0002787153273489077,5.349043429860099e-06
2.896272591760599e-06,1.699961825972563,1.7,-0.000278715288709057,5.349043437683344e-06
2.8982725917606e-06,1.699961825966735,1.7,-0.0002787153272158986,5.349043429886301e-06
2.9002725917606e-06,1.69996182597391,1.7,-0.0002787152888685648,5.349043437669383e-06
2.9022725917606e-06,1.699961825968201,1.7,-0.0002787153270695828,5.349043429851322e-06
2.9042725917606e-06,1.699961825975207,1.7,-0.0002787152890014813,5.349043437673933e-06
2.9062725917606e-06,1.699961825969449,1.7,-0.0002787153269232749,5.349043429891974e-06
2.9082725917606e-06,1.699961825976346,1.7,-0.0002787152891742933,5.349043437652919e-06
2.910272591760601e-06,1.699961825970477,1.7,-0.0002787153267769754,5.349043429833625e-06
2.912272591760601e-06,1.699961825977282,1.7,-0.0002787152893205198,5.349043437609299e-06
2.914272591760601e-06,1.699961825971839,1.7,-0.0002787153266306633,5.349043429708778e-06
2.916272591760601e-06,1.699961825979227,1.7,-0.0002787152894667088,5.349043437437034e-06
2.918272591760601e-06,1.699961825974138,1.7,-0.000278715326497613,5.349043429652636e-06
2.920272591760601e-06,1.699961825981321,1.7,-0.0002787152896261888,5.349043437399275e-06
2.922272591760601e-06,1.699961825976008,1.7,-0.0002787153263512821,5.34904342963961e-06
2.924272591760602e-06,1.69996182598306,1.7,-0.000278715289732496,5.349043437388333e-06
2.926272591760602e-06,1.699961825977645,1.7,-0.0002787153262315528,5.349043429614597e-06
2.928272591760602e-06,1.69996182598417,1.7,-0.0002787152898920125,5.349043437333964e-06
2.930272591760602e-06,1.699961825978413,1.7,-0.0002787153260453734,5.349043429615811e-06
2.932272591760602e-06,1.699961825984911,1.7,-0.0002787152900515428,5.349043437351805e-06
2.934272591760602e-06,1.699961825979569,1.7,-0.000278715325899069,5.349043429615797e-06
2.936272591760602e-06,1.699961825986519,1.7,-0.0002787152901977444,5.349043437344105e-06
2.938272591760603e-06,1.69996182598148,1.7,-0.0002787153257527366,5.349043429637249e-06
2.940272591760603e-06,1.699961825988316,1.7,-0.0002787152903306424,5.349043437324568e-06
2.942272591760603e-06,1.699961825983602,1.7,-0.0002787153256728788,5.349043429609045e-06
2.944272591760603e-06,1.699961825990836,1.7,-0.000278715290450217,5.349043437315294e-06
2.946272591760603e-06,1.699961825986036,1.7,-0.0002787153254999339,5.34904342965857e-06
2.948272591760603e-06,1.69996182599272,1.7,-0.0002787152906230012,5.349043437335865e-06
2.950272591760604e-06,1.699961825987553,1.7,-0.0002787153253536161,5.349043429626091e-06
2.952272591760604e-06,1.699961825993904,1.7,-0.000278715290755922,5.34904343730435e-06
2.954272591760604e-06,1.699961825988316,1.7,-0.0002787153252073264,5.349043429618951e-06
2.956272591760604e-06,1.699961825994027,1.7,-0.0002787152908489929,5.349043437269139e-06
2.958272591760604e-06,1.699961825988129,1.7,-0.000278715325061072,5.349043429643541e-06
2.960272591760604e-06,1.699961825993644,1.7,-0.0002787152910218615,5.349043437282846e-06
2.962272591760604e-06,1.699961825987652,1.7,-0.0002787153249547178,5.349043429642435e-06
2.964272591760605e-06,1.69996182599298,1.7,-0.0002787152911415545,5.349043437283617e-06
2.966272591760605e-06,1.699961825987033,1.7,-0.0002787153247818866,5.349043429640957e-06
2.968272591760605e-06,1.699961825992655,1.7,-0.0002787152913011244,5.349043437267145e-06
2.970272591760605e-06,1.699961825987289,1.7,-0.0002787153246755052,5.349043429673585e-06
2.972272591760605e-06,1.699961825993364,1.7,-0.0002787152914340629,5.34904343728018e-06
2.974272591760605e-06,1.699961825988205,1.7,-0.0002787153245159132,5.349043429680885e-06
2.976272591760606e-06,1.699961825994246,1.7,-0.000278715291566995,5.349043437286798e-06
2.978272591760606e-06,1.699961825989252,1.7,-0.0002787153243962059,5.349043429699585e-06
2.980272591760606e-06,1.69996182599529,1.7,-0.0002787152917132175,5.349043437293299e-06
2.982272591760606e-06,1.699961825990394,1.7,-0.0002787153242631986,5.349043429717575e-06
2.984272591760606e-06,1.699961825996563,1.7,-0.000278715291819542,5.349043437280757e-06
2.986272591760606e-06,1.699961825991968,1.7,-0.0002787153241567681,5.349043429708911e-06
2.988272591760606e-06,1.699961825998325,1.7,-0.0002787152919657379,5.349043437263094e-06
2.990272591760607e-06,1.699961825993836,1.7,-0.0002787153240104372,5.349043429677728e-06
2.992272591760607e-06,1.69996182600018,1.7,-0.0002787152920853372,5.349043437189727e-06
2.994272591760607e-06,1.699961825995804,1.7,-0.0002787153238906957,5.349043429677074e-06
2.996272591760607e-06,1.699961826002153,1.7,-0.0002787152921916357,5.349043437240733e-06
2.998272591760607e-06,1.699961825997933,1.7,-0.0002787153237576517,5.349043429714096e-06
3.000272591760607e-06,1.699961826004522,1.7,-0.0002787152923245125,5.349043437215127e-06
3.002272591760607e-06,1.699961826000681,1.7,-0.0002787153236112881,5.349043429752977e-06
3.004272591760608e-06,1.699961826007589,1.7,-0.0002787152924706597,5.349043437248567e-06
3.006272591760608e-06,1.69996182600419,1.7,-0.0002787153235180821,5.349043429888502e-06
3.008272591760608e-06,1.699961826011467,1.7,-0.0002787152925901838,5.349043437391223e-06
3.010272591760608e-06,1.699961826008336,1.7,-0.0002787153233982595,5.349043429936359e-06
3.012272591760608e-06,1.69996182601572,1.7,-0.0002787152927229904,5.349043437440189e-06
3.014272591760608e-06,1.69996182601283,1.7,-0.0002787153232784239,5.349043429981379e-06
3.016272591760609e-06,1.699961826020255,1.7,-0.0002787152928557867,5.34904343741398e-06
3.018272591760609e-06,1.699961826017478,1.7,-0.0002787153231452862,5.349043429977921e-06
3.020272591760609e-06,1.699961826025031,1.7,-0.0002787152929353879,5.349043437399987e-06
3.022272591760609e-06,1.699961826022313,1.7,-0.000278715322998845,5.349043429980532e-06
3.024272591760609e-06,1.699961826029612,1.7,-0.0002787152930415894,5.349043437424258e-06
3.026272591760609e-06,1.699961826026684,1.7,-0.0002787153229056069,5.349043430034638e-06
3.028272591760609e-06,1.699961826033619,1.7,-0.0002787152931877017,5.349043437450045e-06
3.03027259176061e-06,1.699961826030188,1.7,-0.0002787153227592153,5.34904343006522e-06
3.03227259176061e-06,1.699961826036553,1.7,-0.0002787152933205574,5.349043437430755e-06
3.03427259176061e-06,1.699961826032889,1.7,-0.0002787153226261499,5.349043430050654e-06
3.03627259176061e-06,1.69996182603926,1.7,-0.0002787152934401251,5.349043437420449e-06
3.03827259176061e-06,1.699961826035842,1.7,-0.0002787153225063717,5.349043430065647e-06
3.04027259176061e-06,1.699961826042085,1.7,-0.0002787152935596884,5.349043437477882e-06
3.04227259176061e-06,1.699961826038339,1.7,-0.0002787153224132034,5.349043430124339e-06
3.044272591760611e-06,1.699961826044288,1.7,-0.0002787152937191643,5.349043437433143e-06
3.046272591760611e-06,1.699961826040294,1.7,-0.0002787153222801658,5.349043430107217e-06
3.048272591760611e-06,1.699961826046055,1.7,-0.000278715293838767,5.349043437422699e-06
3.050272591760611e-06,1.699961826042,1.7,-0.0002787153221737305,5.349043430117088e-06
3.052272591760611e-06,1.699961826047539,1.7,-0.0002787152939583802,5.349043437398689e-06
3.054272591760611e-06,1.699961826043447,1.7,-0.0002787153220407118,5.34904343008592e-06
3.056272591760612e-06,1.699961826048849,1.7,-0.0002787152940514068,5.349043437382788e-06
3.058272591760612e-06,1.699961826044437,1.7,-0.0002787153219077101,5.349043430102068e-06
3.060272591760612e-06,1.69996182604944,1.7,-0.0002787152941976462,5.349043437343671e-06
3.062272591760612e-06,1.699961826045059,1.7,-0.0002787153217880186,5.349043430087053e-06
3.064272591760612e-06,1.699961826049924,1.7,-0.000278715294277407,5.34904343733925e-06
3.066272591760612e-06,1.699961826045359,1.7,-0.0002787153216550425,5.349043430095533e-06
3.068272591760612e-06,1.69996182605009,1.7,-0.0002787152944236622,5.349043437350391e-06
3.070272591760613e-06,1.699961826045451,1.7,-0.0002787153215752602,5.349043430131282e-06
3.072272591760613e-06,1.69996182605005,1.7,-0.0002787152945167391,5.349043437353839e-06
3.074272591760613e-06,1.699961826045377,1.7,-0.0002787153214290016,5.349043430127542e-06
3.076272591760613e-06,1.699961826050034,1.7,-0.0002787152946364081,5.349043437326978e-06
3.078272591760613e-06,1.699961826045565,1.7,-0.0002787153213359192,5.349043430169253e-06
3.080272591760613e-06,1.699961826050333,1.7,-0.0002787152947427689,5.349043437370698e-06
3.082272591760613e-06,1.699961826046202,1.7,-0.0002787153212295236,5.349043430180079e-06
3.084272591760614e-06,1.699961826051223,1.7,-0.0002787152948624041,5.349043437313242e-06
3.086272591760614e-06,1.699961826047059,1.7,-0.0002787153211098233,5.349043430188353e-06
3.088272591760614e-06,1.69996182605179,1.7,-0.0002787152949554585,5.349043437324485e-06
3.090272591760614e-06,1.699961826047819,1.7,-0.0002787153209768302,5.349043430190245e-06
3.092272591760614e-06,1.699961826052795,1.7,-0.000278715295088386,5.349043437319796e-06
3.094272591760614e-06,1.699961826048618,1.7,-0.0002787153208837251,5.349043430212661e-06
3.096272591760615e-06,1.699961826053211,1.7,-0.0002787152951947424,5.349043437327938e-06
3.098272591760615e-06,1.699961826049139,1.7,-0.0002787153207640374,5.349043430208458e-06
3.100272591760615e-06,1.699961826053846,1.7,-0.0002787152953010906,5.349043437271018e-06
3.102272591760615e-06,1.699961826049602,1.7,-0.0002787153206709447,5.349043430200255e-06
3.104272591760615e-06,1.699961826054117,1.7,-0.0002787152954074524,5.349043437266839e-06
3.106272591760615e-06,1.699961826050215,1.7,-0.000278715320537957,5.34904343020903e-06
3.108272591760615e-06,1.699961826054924,1.7,-0.0002787152955403873,5.349043437251973e-06
3.110272591760616e-06,1.69996182605077,1.7,-0.0002787153204182681,5.349043430195356e-06
3.112272591760616e-06,1.699961826055246,1.7,-0.0002787152956467472,5.349043437223113e-06
3.114272591760616e-06,1.699961826051332,1.7,-0.0002787153202985787,5.349043430220885e-06
3.116272591760616e-06,1.699961826055856,1.7,-0.0002787152957663929,5.349043437233867e-06
3.118272591760616e-06,1.699961826051745,1.7,-0.000278715320178895,5.349043430237102e-06
3.120272591760616e-06,1.699961826056065,1.7,-0.000278715295872757,5.349043437245959e-06
3.122272591760616e-06,1.699961826051917,1.7,-0.0002787153200991097,5.349043430269706e-06
3.124272591760617e-06,1.699961826056133,1.7,-0.0002787152959525334,5.349043437217628e-06
3.126272591760617e-06,1.699961826052142,1.7,-0.0002787153199794329,5.349043430227035e-06
3.128272591760617e-06,1.699961826056262,1.7,-0.000278715296072197,5.349043437193806e-06
3.130272591760617e-06,1.699961826051759,1.7,-0.0002787153198597788,5.349043430254521e-06
3.132272591760617e-06,1.699961826055506,1.7,-0.0002787152961387075,5.349043437181026e-06
3.134272591760617e-06,1.699961826051062,1.7,-0.0002787153197800258,5.349043430289786e-06
3.136272591760618e-06,1.699961826054896,1.7,-0.0002787152962716951,5.349043437201009e-06
3.138272591760618e-06,1.699961826050374,1.7,-0.0002787153196736795,5.349043430299563e-06
3.140272591760618e-06,1.699961826054102,1.7,-0.0002787152963780966,5.349043437182873e-06
3.142272591760618e-06,1.699961826049763,1.7,-0.0002787153195673304,5.349043430325604e-06
3.144272591760618e-06,1.699961826053519,1.7,-0.0002787152964844901,5.349043437211291e-06
3.146272591760618e-06,1.699961826049178,1.7,-0.0002787153194742767,5.349043430341943e-06
3.148272591760618e-06,1.699961826052905,1.7,-0.0002787152965775884,5.349043437193232e-06
3.150272591760619e-06,1.699961826048652,1.7,-0.0002787153193546279,5.3490434303173e-06
3.152272591760619e-06,1.699961826052371,1.7,-0.0002787152966972766,5.34904343712039e-06
3.154272591760619e-06,1.699961826048133,1.7,-0.0002787153192615718,5.349043430300704e-06
3.156272591760619e-06,1.699961826051787,1.7,-0.0002787152968036702,5.349043437118136e-06
3.158272591760619e-06,1.699961826047548,1.7,-0.0002787153191685182,5.34904343034984e-06
3.160272591760619e-06,1.699961826051035,1.7,-0.0002787152968967736,5.349043437137649e-06
3.162272591760619e-06,1.699961826046555,1.7,-0.0002787153190621832,5.349043430332316e-06
3.16427259176062e-06,1.699961826049864,1.7,-0.0002787152969898925,5.349043437127172e-06
3.16627259176062e-06,1.699961826045494,1.7,-0.0002787153189425543,5.349043430372109e-06
3.16827259176062e-06,1.699961826048946,1.7,-0.0002787152970962986,5.349043437111706e-06
3.17027259176062e-06,1.699961826044681,1.7,-0.0002787153188495092,5.349043430371267e-06
3.17227259176062e-06,1.699961826048076,1.7,-0.0002787152972027028,5.349043437126414e-06
3.17427259176062e-06,1.699961826043779,1.7,-0.0002787153187697637,5.349043430401283e-06
3.176272591760621e-06,1.699961826047043,1.7,-0.0002787152973091132,5.349043437087167e-06
3.178272591760621e-06,1.699961826042701,1.7,-0.0002787153186767284,5.34904343040582e-06
3.180272591760621e-06,1.699961826046023,1.7,-0.0002787152974022265,5.349043437074582e-06
3.182272591760621e-06,1.699961826041848,1.7,-0.0002787153185836848,5.349043430371042e-06
3.184272591760621e-06,1.699961826045281,1.7,-0.0002787152974687365,5.349043437050652e-06
3.186272591760621e-06,1.69996182604127,1.7,-0.0002787153185039274,5.349043430407147e-06
3.188272591760621e-06,1.699961826044597,1.7,-0.0002787152975751339,5.349043437079332e-06
3.190272591760622e-06,1.699961826040411,1.7,-0.000278715318357698,5.349043430440869e-06
3.192272591760622e-06,1.699961826043699,1.7,-0.0002787152976682427,5.349043437044561e-06
3.194272591760622e-06,1.699961826039623,1.7,-0.0002787153182646518,5.349043430445953e-06
3.196272591760622e-06,1.699961826042939,1.7,-0.0002787152977347534,5.349043437020472e-06
3.198272591760622e-06,1.699961826038945,1.7,-0.0002787153181848982,5.349043430405522e-06
3.200272591760622e-06,1.699961826042238,1.7,-0.0002787152978810408,5.349043437003393e-06
3.202272591760622e-06,1.699961826038236,1.7,-0.0002787153180652562,5.349043430431496e-06
3.204272591760623e-06,1.699961826041457,1.7,-0.0002787152979741453,5.349043436966359e-06
3.206272591760623e-06,1.699961826037417,1.7,-0.0002787153179988042,5.349043430423296e-06
3.208272591760623e-06,1.699961826040585,1.7,-0.0002787152980672531,5.34904343699823e-06
3.210272591760623e-06,1.699961826036752,1.7,-0.000278715317892457,5.349043430484225e-06
3.212272591760623e-06,1.699961826040027,1.7,-0.0002787152981470527,5.349043436997031e-06
3.214272591760623e-06,1.699961826036029,1.7,-0.0002787153178260015,5.349043430482882e-06
3.216272591760624e-06,1.69996182603889,1.7,-0.0002787152982667635,5.349043436980666e-06
3.218272591760624e-06,1.699961826034838,1.7,-0.000278715317693081,5.349043430506954e-06
3.220272591760624e-06,1.699961826037949,1.7,-0.0002787152983465774,5.349043437014325e-06
3.222272591760624e-06,1.699961826033845,1.7,-0.0002787153176266354,5.349043430535016e-06
3.224272591760624e-06,1.699961826036735,1.7,-0.0002787152984396979,5.349043436982429e-06
3.226272591760624e-06,1.699961826033025,1.7,-0.0002787153175335906,5.349043430555089e-06
3.228272591760624e-06,1.699961826036564,1.7,-0.0002787152985327797,5.349043436951094e-06
3.230272591760625e-06,1.699961826033532,1.7,-0.0002787153174139033,5.34904343052708e-06
3.232272591760625e-06,1.69996182603749,1.7,-0.0002787152986125242,5.349043436948668e-06
3.234272591760625e-06,1.699961826034616,1.7,-0.0002787153173473805,5.349043430536922e-06
3.236272591760625e-06,1.69996182603864,1.7,-0.0002787152987055568,5.349043436907107e-06
3.238272591760625e-06,1.699961826035898,1.7,-0.0002787153172675539,5.349043430497058e-06
3.240272591760625e-06,1.699961826039827,1.7,-0.0002787152987985881,5.349043436881959e-06
3.242272591760625e-06,1.699961826036895,1.7,-0.0002787153171744415,5.349043430541297e-06
3.244272591760626e-06,1.699961826040681,1.7,-0.0002787152988783352,5.349043436904998e-06
3.246272591760626e-06,1.699961826037669,1.7,-0.0002787153170813372,5.349043430566077e-06
3.248272591760626e-06,1.699961826041174,1.7,-0.0002787152989846887,5.349043436881444e-06
3.250272591760626e-06,1.699961826038031,1.7,-0.0002787153170015449,5.349043430605301e-06
3.252272591760626e-06,1.699961826041381,1.7,-0.0002787152990777565,5.3490434369409e-06
3.254272591760626e-06,1.699961826037833,1.7,-0.0002787153168818838,5.349043430615354e-06
3.256272591760627e-06,1.699961826040826,1.7,-0.0002787152991176665,5.349043436869887e-06
3.258272591760627e-06,1.699961826037278,1.7,-0.0002787153168154221,5.349043430600353e-06
3.260272591760627e-06,1.699961826040073,1.7,-0.000278715299237363,5.349043436875005e-06
3.262272591760627e-06,1.699961826036112,1.7,-0.00027871531672239,5.349043430614394e-06
3.264272591760627e-06,1.699961826038565,1.7,-0.0002787152993437909,5.349043436839833e-06
3.266272591760627e-06,1.699961826034712,1.7,-0.0002787153166160702,5.349043430643546e-06
3.268272591760627e-06,1.699961826037394,1.7,-0.0002787152994103169,5.349043436844874e-06
3.270272591760628e-06,1.699961826033631,1.7,-0.0002787153165629245,5.349043430657089e-06
3.272272591760628e-06,1.699961826036265,1.7,-0.0002787152995034344,5.349043436884205e-06
3.274272591760628e-06,1.699961826032608,1.7,-0.0002787153164565907,5.349043430681504e-06
3.276272591760628e-06,1.699961826035401,1.7,-0.0002787152995699489,5.349043436841694e-06
3.278272591760628e-06,1.699961826032001,1.7,-0.0002787153163768343,5.349043430659384e-06
3.280272591760628e-06,1.699961826034958,1.7,-0.0002787152996630408,5.349043436800513e-06
3.282272591760628e-06,1.69996182603168,1.7,-0.0002787153162837708,5.349043430684628e-06
3.284272591760629e-06,1.699961826034647,1.7,-0.0002787152997694243,5.349043436816687e-06
3.286272591760629e-06,1.699961826031403,1.7,-0.0002787153161774092,5.349043430700423e-06
3.288272591760629e-06,1.699961826034253,1.7,-0.0002787152998226249,5.349043436796472e-06
3.290272591760629e-06,1.699961826030786,1.7,-0.0002787153161109497,5.349043430656596e-06
3.292272591760629e-06,1.699961826033378,1.7,-0.0002787152999157328,5.349043436762542e-06
3.294272591760629e-06,1.699961826029703,1.7,-0.0002787153160179147,5.349043430700645e-06
3.29627259176063e-06,1.69996182603204,1.7,-0.000278715300008858,5.349043436735566e-06
3.29827259176063e-06,1.699961826028135,1.7,-0.0002787153159381941,5.349043430688829e-06
3.30027259176063e-06,1.699961826030357,1.7,-0.000278715300101996,5.349043436766304e-06
3.30227259176063e-06,1.699961826026688,1.7,-0.000278715315858469,5.3490434307512e-06
3.30427259176063e-06,1.699961826029198,1.7,-0.0002787153001552251,5.349043436768247e-06
3.30627259176063e-06,1.699961826025837,1.7,-0.0002787153157787218,5.349043430790522e-06
3.30827259176063e-06,1.699961826028464,1.7,-0.0002787153002749207,5.34904343678662e-06
3.310272591760631e-06,1.699961826025233,1.7,-0.0002787153157122617,5.349043430773565e-06
3.312272591760631e-06,1.699961826028085,1.7,-0.0002787153003414173,5.349043436730187e-06
3.314272591760631e-06,1.699961826025137,1.7,-0.0002787153156191899,5.349043430768531e-06
3.316272591760631e-06,1.699961826027995,1.7,-0.0002787153003946066,5.3490434367325e-06
3.318272591760631e-06,1.69996182602481,1.7,-0.0002787153155527196,5.349043430802184e-06
3.320272591760631e-06,1.699961826027667,1.7,-0.0002787153005009907,5.349043436693545e-06
3.322272591760631e-06,1.699961826025012,1.7,-0.0002787153154596367,5.349043430738903e-06
3.324272591760632e-06,1.699961826028262,1.7,-0.0002787153005807475,5.349043436683698e-06
3.326272591760632e-06,1.699961826025679,1.7,-0.0002787153153798331,5.349043430809287e-06
3.328272591760632e-06,1.699961826028799,1.7,-0.0002787153006472099,5.349043436694273e-06
3.330272591760632e-06,1.69996182602614,1.7,-0.0002787153152867404,5.349043430818145e-06
3.332272591760632e-06,1.69996182602942,1.7,-0.0002787153007269658,5.349043436678372e-06
3.334272591760632e-06,1.699961826027003,1.7,-0.0002787153152468189,5.349043430846019e-06
3.336272591760633e-06,1.699961826030106,1.7,-0.0002787153007801261,5.349043436699899e-06
3.338272591760633e-06,1.699961826027502,1.7,-0.0002787153151670215,5.349043430863959e-06
3.340272591760633e-06,1.69996182603061,1.7,-0.0002787153008864793,5.349043436702604e-06
3.342272591760633e-06,1.699961826028037,1.7,-0.0002787153151005191,5.349043430875399e-06
3.344272591760633e-06,1.699961826031045,1.7,-0.0002787153009662421,5.349043436663378e-06
3.346272591760633e-06,1.699961826028433,1.7,-0.0002787153150074289,5.349043430883798e-06
3.348272591760633e-06,1.699961826031013,1.7,-0.0002787153010327257,5.34904343663128e-06
3.350272591760634e-06,1.699961826027607,1.7,-0.0002787153149276807,5.349043430864186e-06
3.352272591760634e-06,1.699961826029403,1.7,-0.0002787153011125645,5.349043436612453e-06
3.354272591760634e-06,1.699961826025596,1.7,-0.0002787153148612731,5.34904343086964e-06
3.356272591760634e-06,1.699961826027125,1.7,-0.0002787153011924282,5.34904343657883e-06
3.358272591760634e-06,1.699961826022801,1.7,-0.0002787153147815982,5.349043430855916e-06
3.360272591760634e-06,1.699961826023923,1.7,-0.0002787153012856227,5.349043436555999e-06
3.362272591760635e-06,1.69996182601992,1.7,-0.0002787153147152229,5.349043430835337e-06
3.364272591760635e-06,1.699961826021285,1.7,-0.0002787153013522032,5.349043436521778e-06
3.366272591760635e-06,1.699961826017184,1.7,-0.0002787153146222493,5.349043430871354e-06
3.368272591760635e-06,1.699961826018552,1.7,-0.0002787153014054908,5.349043436561238e-06
3.370272591760635e-06,1.699961826014423,1.7,-0.0002787153145558696,5.349043430899981e-06
3.372272591760635e-06,1.699961826015743,1.7,-0.0002787153014986707,5.349043436538264e-06
3.374272591760635e-06,1.699961826012017,1.7,-0.0002787153144495872,5.349043430907853e-06
3.376272591760636e-06,1.699961826013478,1.7,-0.0002787153015652374,5.349043436540764e-06
3.378272591760636e-06,1.699961826009783,1.7,-0.0002787153143831878,5.34904343093631e-06
3.380272591760636e-06,1.699961826011927,1.7,-0.0002787153016317775,5.349043436542633e-06
3.382272591760636e-06,1.699961826009472,1.7,-0.0002787153143566065,5.349043430941537e-06
3.384272591760636e-06,1.69996182601253,1.7,-0.000278715301684941,5.349043436507652e-06
3.386272591760636e-06,1.699961826010451,1.7,-0.0002787153142900876,5.349043430971554e-06
3.388272591760636e-06,1.699961826013721,1.7,-0.0002787153017912686,5.349043436554339e-06
3.390272591760637e-06,1.699961826011932,1.7,-0.0002787153142235501,5.349043431004718e-06
3.392272591760637e-06,1.699961826015665,1.7,-0.0002787153018576787,5.349043436527611e-06
3.394272591760637e-06,1.699961826014931,1.7,-0.0002787153141569561,5.349043431006255e-06
3.396272591760637e-06,1.699961826019477,1.7,-0.0002787153019506124,5.349043436495704e-06
3.398272591760637e-06,1.699961826018847,1.7,-0.000278715314063735,5.349043430994673e-06
3.400272591760637e-06,1.6999618260232,1.7,-0.0002787153020036598,5.349043436468221e-06
3.402272591760638e-06,1.699961826022349,1.7,-0.0002787153139838258,5.349043431009305e-06
3.404272591760638e-06,1.699961826026404,1.7,-0.000278715302096616,5.349043436485219e-06
3.406272591760638e-06,1.699961826025463,1.7,-0.0002787153139438204,5.349043431026058e-06
3.408272591760638e-06,1.699961826029716,1.7,-0.0002787153021629753,5.349043436468909e-06
3.410272591760638e-06,1.699961826028929,1.7,-0.0002787153138772091,5.349043431027676e-06
3.412272591760638e-06,1.699961826033389,1.7,-0.0002787153022426176,5.349043436463847e-06
3.414272591760638e-06,1.699961826033106,1.7,-0.0002787153138105713,5.349043431030273e-06
3.416272591760639e-06,1.699961826037786,1.7,-0.0002787153023089365,5.349043436424837e-06
3.418272591760639e-06,1.699961826037518,1.7,-0.0002787153137306283,5.349043431066461e-06
3.420272591760639e-06,1.699961826042003,1.7,-0.000278715302375262,5.349043436424482e-06
3.422272591760639e-06,1.699961826041553,1.7,-0.0002787153136506992,5.349043431077974e-06
3.424272591760639e-06,1.699961826045856,1.7,-0.0002787153024548976,5.349043436459805e-06
3.426272591760639e-06,1.699961826045436,1.7,-0.0002787153135840724,5.349043431104632e-06
3.428272591760639e-06,1.699961826049838,1.7,-0.0002787153025212319,5.349043436421055e-06
3.43027259176064e-06,1.699961826048951,1.7,-0.0002787153135174592,5.349043431070594e-06
3.43227259176064e-06,1.699961826052345,1.7,-0.0002787153026009175,5.349043436395134e-06
3.43427259176064e-06,1.699961826050797,1.7,-0.0002787153134376116,5.34904343110629e-06
3.43627259176064e-06,1.699961826053855,1.7,-0.0002787153026540473,5.349043436378908e-06
3.43827259176064e-06,1.699961826051935,1.7,-0.0002787153133710868,5.349043431136237e-06
3.44027259176064e-06,1.69996182605452,1.7,-0.0002787153026939121,5.349043436411962e-06
3.442272591760641e-06,1.699961826052273,1.7,-0.0002787153133178883,5.349043431137036e-06
3.444272591760641e-06,1.69996182605463,1.7,-0.0002787153027470939,5.349043436387575e-06
3.446272591760641e-06,1.699961826052289,1.7,-0.0002787153132514052,5.349043431116576e-06
3.448272591760641e-06,1.699961826054542,1.7,-0.000278715302853469,5.349043436302483e-06
3.450272591760641e-06,1.699961826051976,1.7,-0.0002787153131849345,5.349043431081319e-06
3.452272591760641e-06,1.699961826053994,1.7,-0.0002787153028933789,5.349043436298159e-06
3.454272591760641e-06,1.699961826051527,1.7,-0.0002787153131184687,5.349043431136412e-06
3.456272591760642e-06,1.699961826053686,1.7,-0.0002787153029598728,5.349043436316925e-06
3.458272591760642e-06,1.699961826051248,1.7,-0.0002787153130387003,5.349043431122e-06
3.460272591760642e-06,1.699961826053371,1.7,-0.0002787153030130705,5.349043436283357e-06
3.462272591760642e-06,1.699961826050972,1.7,-0.0002787153130121175,5.349043431156929e-06
3.464272591760642e-06,1.699961826053269,1.7,-0.0002787153030795566,5.349043436324217e-06
3.466272591760642e-06,1.699961826051132,1.7,-0.0002787153129323326,5.349043431196947e-06
3.468272591760642e-06,1.699961826053463,1.7,-0.0002787153031460319,5.349043436287948e-06
3.470272591760643e-06,1.699961826051552,1.7,-0.0002787153128525381,5.349043431196161e-06
3.472272591760643e-06,1.69996182605415,1.7,-0.0002787153031991922,5.349043436276901e-06
3.474272591760643e-06,1.699961826051981,1.7,-0.0002787153127993362,5.349043431162619e-06
3.476272591760643e-06,1.699961826054094,1.7,-0.0002787153032656769,5.349043436238516e-06
3.478272591760643e-06,1.69996182605164,1.7,-0.0002787153127328665,5.349043431208997e-06
3.480272591760643e-06,1.69996182605347,1.7,-0.0002787153033055895,5.349043436274092e-06
3.482272591760644e-06,1.69996182605091,1.7,-0.0002787153126797077,5.349043431228432e-06
3.484272591760644e-06,1.699961826052714,1.7,-0.0002787153033588035,5.34904343625196e-06
3.486272591760644e-06,1.699961826050143,1.7,-0.0002787153126132538,5.349043431234336e-06
3.488272591760644e-06,1.699961826051511,1.7,-0.0002787153034120342,5.34904343622738e-06
3.490272591760644e-06,1.699961826048199,1.7,-0.0002787153125601401,5.349043431230567e-06
3.492272591760644e-06,1.699961826049114,1.7,-0.0002787153034786058,5.349043436200866e-06
3.494272591760644e-06,1.699961826045618,1.7,-0.0002787153124937537,5.349043431236588e-06
3.496272591760645e-06,1.699961826046285,1.7,-0.0002787153035451935,5.349043436213282e-06
3.498272591760645e-06,1.699961826042667,1.7,-0.0002787153124007881,5.349043431260823e-06
3.500272591760645e-06,1.699961826043325,1.7,-0.0002787153035984895,5.349043436225589e-06
3.502272591760645e-06,1.699961826039938,1.7,-0.0002787153123477037,5.34904343130325e-06
3.504272591760645e-06,1.699961826040491,1.7,-0.0002787153036384844,5.34904343618406e-06
3.506272591760645e-06,1.699961826036522,1.7,-0.0002787153123079413,5.349043431267011e-06
3.508272591760645e-06,1.699961826036655,1.7,-0.000278715303744999,5.349043436171524e-06
3.510272591760646e-06,1.699961826032824,1.7,-0.0002787153122548929,5.349043431276764e-06
3.512272591760646e-06,1.69996182603351,1.7,-0.0002787153037850055,5.349043436134342e-06
3.514272591760646e-06,1.699961826029926,1.7,-0.0002787153121619253,5.349043431273699e-06
3.516272591760646e-06,1.699961826030424,1.7,-0.0002787153038383063,5.349043436185056e-06
3.518272591760646e-06,1.699961826027028,1.7,-0.0002787153121088471,5.349043431368009e-06
3.520272591760646e-06,1.699961826027921,1.7,-0.0002787153039048817,5.349043436221364e-06
3.522272591760647e-06,1.699961826024801,1.7,-0.0002787153120690405,5.34904343138765e-06
3.524272591760647e-06,1.699961826025797,1.7,-0.0002787153039581468,5.34904343619915e-06
3.526272591760647e-06,1.699961826022743,1.7,-0.0002787153120026346,5.349043431405122e-06
3.528272591760647e-06,1.699961826023821,1.7,-0.0002787153040247027,5.349043436170835e-06
3.530272591760647e-06,1.699961826021088,1.7,-0.0002787153119229173,5.349043431375402e-06
3.532272591760647e-06,1.69996182602267,1.7,-0.0002787153040912279,5.349043436149975e-06
3.534272591760647e-06,1.699961826020425,1.7,-0.0002787153118830525,5.349043431397421e-06
3.536272591760648e-06,1.699961826022178,1.7,-0.0002787153041710251,5.349043436118103e-06
3.538272591760648e-06,1.699961826019929,1.7,-0.0002787153118032921,5.349043431376328e-06
3.540272591760648e-06,1.699961826021773,1.7,-0.0002787153042375226,5.349043435962102e-06
3.542272591760648e-06,1.699961826019853,1.7,-0.0002787153117767019,5.349043431173899e-06
3.544272591760648e-06,1.699961826021839,1.7,-0.0002787153042641131,5.349043435845446e-06
3.546272591760648e-06,1.699961826019939,1.7,-0.0002787153117368092,5.349043431136829e-06
3.548272591760648e-06,1.699961826021866,1.7,-0.0002787153043305946,5.349043435835507e-06
3.550272591760649e-06,1.699961826019544,1.7,-0.0002787153116703415,5.349043431159369e-06
3.552272591760649e-06,1.699961826021062,1.7,-0.0002787153043838104,5.349043435790858e-06
3.554272591760649e-06,1.699961826018606,1.7,-0.0002787153116038939,5.349043431108617e-06
3.556272591760649e-06,1.699961826019827,1.7,-0.0002787153044237459,5.349043435775073e-06
3.558272591760649e-06,1.69996182601728,1.7,-0.0002787153115507573,5.349043431172184e-06
3.560272591760649e-06,1.699961826018698,1.7,-0.0002787153045035667,5.349043435806492e-06
3.56227259176065e-06,1.699961826016412,1.7,-0.0002787153114843072,5.349043431202125e-06
3.56427259176065e-06,1.699961826017925,1.7,-0.000278715304543485,5.349043435787897e-06
3.56627259176065e-06,1.699961826015673,1.7,-0.0002787153114577417,5.349043431160617e-06
3.56827259176065e-06,1.699961826017134,1.7,-0.0002787153046099968,5.349043435731135e-06
3.57027259176065e-06,1.699961826014827,1.7,-0.0002787153113912908,5.34904343118514e-06
3.57227259176065e-06,1.699961826016386,1.7,-0.0002787153046632106,5.349043435760887e-06
3.57427259176065e-06,1.699961826014173,1.7,-0.0002787153113381291,5.349043431203212e-06
3.576272591760651e-06,1.699961826015746,1.7,-0.0002787153047297168,5.349043435738199e-06
3.578272591760651e-06,1.699961826013719,1.7,-0.00027871531128496,5.349043431213573e-06
3.580272591760651e-06,1.699961826015355,1.7,-0.0002787153047563244,5.349043435742384e-06
3.582272591760651e-06,1.69996182601318,1.7,-0.0002787153112450906,5.349043431234034e-06
3.584272591760651e-06,1.699961826014753,1.7,-0.0002787153048361257,5.349043435716205e-06
3.586272591760651e-06,1.699961826012637,1.7,-0.000278715311165332,5.349043431222334e-06
3.588272591760651e-06,1.699961826014253,1.7,-0.0002787153048760337,5.349043435697749e-06
3.590272591760652e-06,1.69996182601248,1.7,-0.0002787153111520413,5.34904343124544e-06
3.592272591760652e-06,1.699961826014396,1.7,-0.0002787153049159178,5.34904343570726e-06
3.594272591760652e-06,1.699961826012665,1.7,-0.000278715311058959,5.349043431269006e-06
3.596272591760652e-06,1.699961826014558,1.7,-0.0002787153049690978,5.349043435718171e-06
3.598272591760652e-06,1.699961826012937,1.7,-0.000278715311032356,5.34904343129323e-06
3.600272591760652e-06,1.69996182601497,1.7,-0.0002787153050355649,5.349043435700343e-06
3.602272591760653e-06,1.69996182601346,1.7,-0.000278715310965854,5.34904343125697e-06
3.604272591760653e-06,1.699961826015622,1.7,-0.0002787153050621336,5.349043435627522e-06
3.606272591760653e-06,1.699961826014395,1.7,-0.0002787153109126333,5.34904343124474e-06
3.608272591760653e-06,1.699961826016736,1.7,-0.0002787153051285746,5.349043435630633e-06
3.610272591760653e-06,1.699961826015403,1.7,-0.0002787153108727064,5.349043431302661e-06
3.612272591760653e-06,1.699961826017433,1.7,-0.000278715305195031,5.349043435679457e-06
3.614272591760653e-06,1.699961826015908,1.7,-0.0002787153108062051,5.349043431326662e-06
3.616272591760654e-06,1.699961826017822,1.7,-0.0002787153052349061,5.349043435663292e-06
3.618272591760654e-06,1.699961826016223,1.7,-0.0002787153107796004,5.349043431299461e-06
3.620272591760654e-06,1.699961826017967,1.7,-0.0002787153052880867,5.349043435589693e-06
3.622272591760654e-06,1.699961826016291,1.7,-0.000278715310726412,5.349043431324268e-06
3.624272591760654e-06,1.699961826018096,1.7,-0.0002787153053412678,5.349043435627903e-06
3.626272591760654e-06,1.699961826016449,1.7,-0.0002787153106599237,5.349043431329052e-06
3.628272591760654e-06,1.699961826018175,1.7,-0.0002787153054077472,5.34904343561607e-06
3.630272591760655e-06,1.699961826016537,1.7,-0.0002787153106333274,5.349043431373704e-06
3.632272591760655e-06,1.699961826018317,1.7,-0.0002787153054476315,5.349043435625154e-06
3.634272591760655e-06,1.699961826016726,1.7,-0.0002787153105934309,5.349043431354696e-06
3.636272591760655e-06,1.699961826018511,1.7,-0.0002787153055008102,5.349043435570398e-06
3.638272591760655e-06,1.699961826017002,1.7,-0.0002787153105003452,5.34904343135559e-06
3.640272591760655e-06,1.699961826018902,1.7,-0.0002787153055406851,5.349043435607427e-06
3.642272591760656e-06,1.699961826017528,1.7,-0.0002787153104870292,5.349043431380774e-06
3.644272591760656e-06,1.699961826019607,1.7,-0.0002787153055938448,5.34904343556762e-06
3.646272591760656e-06,1.699961826018328,1.7,-0.0002787153104338134,5.349043431393838e-06
3.648272591760656e-06,1.699961826020276,1.7,-0.0002787153056470059,5.349043435563996e-06
3.650272591760656e-06,1.699961826018869,1.7,-0.0002787153103540145,5.349043431379092e-06
3.652272591760656e-06,1.699961826020587,1.7,-0.0002787153056868838,5.349043435509816e-06
3.654272591760656e-06,1.699961826019048,1.7,-0.0002787153103141183,5.349043431394109e-06
3.656272591760657e-06,1.699961826020832,1.7,-0.0002787153057400606,5.349043435551443e-06
3.658272591760657e-06,1.699961826019382,1.7,-0.0002787153102742164,5.349043431409474e-06
3.660272591760657e-06,1.699961826021085,1.7,-0.0002787153057799406,5.34904343552648e-06
3.662272591760657e-06,1.699961826019473,1.7,-0.0002787153102210271,5.349043431449623e-06
3.664272591760657e-06,1.699961826021139,1.7,-0.0002787153058331246,5.349043435534624e-06
3.666272591760657e-06,1.699961826019607,1.7,-0.0002787153101678362,5.349043431429633e-06
3.668272591760657e-06,1.699961826021108,1.7,-0.0002787153058730152,5.349043435496582e-06
3.670272591760658e-06,1.699961826019447,1.7,-0.0002787153101146562,5.349043431426743e-06
3.672272591760658e-06,1.699961826021093,1.7,-0.0002787153059129052,5.349043435494315e-06
3.674272591760658e-06,1.699961826019674,1.7,-0.0002787153101013512,5.349043431453349e-06
3.676272591760658e-06,1.699961826021553,1.7,-0.0002787153059527776,5.349043435497446e-06
3.678272591760658e-06,1.699961826020338,1.7,-0.0002787153100348442,5.349043431490734e-06
3.680272591760658e-06,1.699961826022201,1.7,-0.0002787153060059394,5.349043435477499e-06
3.682272591760659e-06,1.699961826020856,1.7,-0.000278715309981639,5.349043431431449e-06
3.684272591760659e-06,1.699961826022545,1.7,-0.0002787153060591126,5.349043435454991e-06
3.686272591760659e-06,1.699961826021117,1.7,-0.0002787153099550362,5.349043431488623e-06
3.688272591760659e-06,1.699961826022779,1.7,-0.0002787153060989933,5.34904343548806e-06
3.690272591760659e-06,1.699961826021138,1.7,-0.000278715309888553,5.349043431530424e-06
3.692272591760659e-06,1.699961826022582,1.7,-0.0002787153061521866,5.349043435463834e-06
3.694272591760659e-06,1.699961826021083,1.7,-0.0002787153098486656,5.349043431519271e-06
3.69627259176066e-06,1.69996182602254,1.7,-0.0002787153062053741,5.349043435454697e-06
3.69827259176066e-06,1.699961826020936,1.7,-0.0002787153097954851,5.349043431527886e-06
3.70027259176066e-06,1.699961826022341,1.7,-0.0002787153062452709,5.349043435429199e-06
3.70227259176066e-06,1.699961826020822,1.7,-0.0002787153097555999,5.349043431482658e-06
3.70427259176066e-06,1.699961826022419,1.7,-0.0002787153062718611,5.349043435405855e-06
3.70627259176066e-06,1.699961826021081,1.7,-0.0002787153097289973,5.349043431514256e-06
3.70827259176066e-06,1.699961826022625,1.7,-0.0002787153063383357,5.349043435384115e-06
3.710272591760661e-06,1.699961826021142,1.7,-0.0002787153096625126,5.349043431545397e-06
3.712272591760661e-06,1.699961826022772,1.7,-0.0002787153064048128,5.34904343540845e-06
3.714272591760661e-06,1.699961826021284,1.7,-0.0002787153096359143,5.349043431551653e-06
3.716272591760661e-06,1.699961826022676,1.7,-0.0002787153064314093,5.349043435403358e-06
3.718272591760661e-06,1.699961826021102,1.7,-0.0002787153095960317,5.349043431545301e-06
3.720272591760661e-06,1.699961826022463,1.7,-0.0002787153064846032,5.349043435366764e-06
3.722272591760662e-06,1.69996182602111,1.7,-0.0002787153095561419,5.349043431543281e-06
3.724272591760662e-06,1.699961826022538,1.7,-0.0002787153065244898,5.349043435326151e-06
3.726272591760662e-06,1.699961826021055,1.7,-0.0002787153095162544,5.349043431527612e-06
3.728272591760662e-06,1.69996182602258,1.7,-0.0002787153065643777,5.349043435307604e-06
3.730272591760662e-06,1.699961826021057,1.7,-0.000278715309476365,5.349043431544007e-06
3.732272591760662e-06,1.699961826022408,1.7,-0.0002787153066175701,5.34904343535997e-06
3.734272591760662e-06,1.699961826020843,1.7,-0.0002787153094364835,5.349043431603085e-06
3.736272591760663e-06,1.699961826022042,1.7,-0.0002787153066441767,5.349043435323411e-06
3.738272591760663e-06,1.699961826020383,1.7,-0.0002787153094099076,5.349043431578378e-06
3.740272591760663e-06,1.699961826021507,1.7,-0.0002787153066973825,5.349043435305593e-06
3.742272591760663e-06,1.699961826019811,1.7,-0.0002787153093567429,5.349043431592596e-06
3.744272591760663e-06,1.699961826021059,1.7,-0.0002787153067239922,5.349043435287724e-06
3.746272591760663e-06,1.699961826019559,1.7,-0.0002787153093301593,5.349043431574822e-06
3.748272591760664e-06,1.69996182602089,1.7,-0.0002787153067771843,5.349043435262283e-06
3.750272591760664e-06,1.699961826019445,1.7,-0.0002787153092370882,5.349043431593438e-06
3.752272591760664e-06,1.699961826020734,1.7,-0.0002787153068037832,5.349043435314755e-06
3.754272591760664e-06,1.699961826019379,1.7,-0.0002787153092370906,5.349043431646386e-06
3.756272591760664e-06,1.699961826020919,1.7,-0.0002787153068702587,5.349043435278165e-06
3.758272591760664e-06,1.699961826019637,1.7,-0.0002787153091705986,5.349043431632925e-06
3.760272591760664e-06,1.699961826021134,1.7,-0.0002787153068968437,5.349043435260287e-06
3.762272591760665e-06,1.699961826019942,1.7,-0.0002787153091174013,5.349043431643236e-06
3.764272591760665e-06,1.699961826021459,1.7,-0.0002787153069367211,5.349043435279494e-06
3.766272591760665e-06,1.699961826020178,1.7,-0.0002787153090907995,5.34904343165114e-06
3.768272591760665e-06,1.699961826021558,1.7,-0.0002787153069633103,5.349043435253501e-06
3.770272591760665e-06,1.699961826020291,1.7,-0.0002787153090642023,5.349043431660878e-06
3.772272591760665e-06,1.699961826021757,1.7,-0.0002787153070297854,5.349043435251261e-06
3.774272591760665e-06,1.699961826020553,1.7,-0.0002787153090110066,5.349043431689483e-06
3.776272591760666e-06,1.699961826022015,1.7,-0.0002787153070297758,5.349043435228767e-06
3.778272591760666e-06,1.699961826020839,1.7,-0.0002787153089844031,5.349043431657783e-06
3.780272591760666e-06,1.699961826022242,1.7,-0.0002787153070829533,5.349043435217158e-06
3.782272591760666e-06,1.699961826020933,1.7,-0.0002787153089445101,5.349043431677439e-06
3.784272591760666e-06,1.699961826022246,1.7,-0.0002787153071228426,5.349043435218201e-06
3.786272591760666e-06,1.699961826020975,1.7,-0.0002787153089046191,5.34904343171364e-06
3.788272591760667e-06,1.699961826022365,1.7,-0.0002787153071760242,5.34904343522876e-06
3.790272591760667e-06,1.699961826021176,1.7,-0.0002787153088514257,5.349043431704324e-06
3.792272591760667e-06,1.699961826022603,1.7,-0.0002787153072159047,5.349043435200334e-06
3.794272591760667e-06,1.699961826021455,1.7,-0.0002787153088514153,5.349043431738257e-06
3.796272591760667e-06,1.699961826022894,1.7,-0.0002787153072424869,5.349043435212355e-06
3.798272591760667e-06,1.699961826021713,1.7,-0.0002787153088115162,5.349043431754247e-06
3.800272591760667e-06,1.699961826023136,1.7,-0.0002787153073089603,5.349043435203531e-06
3.802272591760668e-06,1.699961826021963,1.7,-0.0002787153087716175,5.349043431738084e-06
3.804272591760668e-06,1.699961826023273,1.7,-0.0002787153072956587,5.349043435186059e-06
3.806272591760668e-06,1.699961826022196,1.7,-0.0002787153087317194,5.349043431765864e-06
3.808272591760668e-06,1.699961826023691,1.7,-0.0002787153073355326,5.349043435181457e-06
3.810272591760668e-06,1.699961826022438,1.7,-0.0002787153086918209,5.349043431759552e-06
3.812272591760668e-06,1.699961826023663,1.7,-0.0002787153073754231,5.349043435158665e-06
3.814272591760668e-06,1.69996182602247,1.7,-0.0002787153086386338,5.349043431775263e-06
3.816272591760668e-06,1.699961826023736,1.7,-0.0002787153074419028,5.349043435183679e-06
3.818272591760668e-06,1.699961826022351,1.7,-0.0002787153086120452,5.349043431806827e-06
3.820272591760668e-06,1.699961826023391,1.7,-0.0002787153074286192,5.349043435149764e-06
3.822272591760669e-06,1.699961826022055,1.7,-0.0002787153085721668,5.349043431754369e-06
3.824272591760669e-06,1.699961826023128,1.7,-0.0002787153074552219,5.349043435092184e-06
3.826272591760669e-06,1.699961826021677,1.7,-0.0002787153085189948,5.349043431771383e-06
3.828272591760669e-06,1.699961826022725,1.7,-0.0002787153075084229,5.349043435132143e-06
3.830272591760669e-06,1.699961826021246,1.7,-0.0002787153085057144,5.349043431789643e-06
3.832272591760669e-06,1.699961826021998,1.7,-0.0002787153075483394,5.349043435106016e-06
3.83427259176067e-06,1.699961826020434,1.7,-0.0002787153084791516,5.34904343182717e-06
3.83627259176067e-06,1.699961826021371,1.7,-0.0002787153076148452,5.349043435116365e-06
3.83827259176067e-06,1.699961826019839,1.7,-0.0002787153084126913,5.349043431841512e-06
3.84027259176067e-06,1.69996182602089,1.7,-0.000278715307614863,5.349043435119833e-06
3.84227259176067e-06,1.699961826019631,1.7,-0.0002787153084126992,5.349043431813918e-06
3.84427259176067e-06,1.699961826020822,1.7,-0.0002787153076414585,5.349043435095514e-06
3.84627259176067e-06,1.69996182601964,1.7,-0.0002787153083595128,5.349043431858539e-06
3.848272591760671e-06,1.699961826020796,1.7,-0.0002787153077079419,5.349043435103977e-06
3.850272591760671e-06,1.699961826019472,1.7,-0.0002787153083196296,5.349043431845482e-06
3.852272591760671e-06,1.699961826020633,1.7,-0.000278715307734541,5.349043435075073e-06
3.854272591760671e-06,1.699961826019499,1.7,-0.0002787153082930356,5.34904343186484e-06
3.856272591760671e-06,1.699961826020612,1.7,-0.0002787153077744313,5.349043435086248e-06
3.858272591760671e-06,1.699961826019378,1.7,-0.0002787153082398542,5.349043431882666e-06
3.860272591760671e-06,1.699961826020562,1.7,-0.0002787153078010261,5.34904343506448e-06
3.862272591760672e-06,1.699961826019422,1.7,-0.0002787153081999631,5.349043431876057e-06
3.864272591760672e-06,1.699961826020482,1.7,-0.000278715307827622,5.349043435049228e-06
3.866272591760672e-06,1.699961826019241,1.7,-0.0002787153081999697,5.34904343185063e-06
3.868272591760672e-06,1.699961826020171,1.7,-0.0002787153078808195,5.349043435025521e-06
3.870272591760672e-06,1.699961826018795,1.7,-0.0002787153081733934,5.349043431882329e-06
3.872272591760672e-06,1.699961826019655,1.7,-0.0002787153079074317,5.349043435023028e-06
3.874272591760673e-06,1.699961826018157,1.7,-0.0002787153081202312,5.349043431906918e-06
3.876272591760673e-06,1.699961826018908,1.7,-0.0002787153079340525,5.349043435050609e-06
3.878272591760673e-06,1.699961826017388,1.7,-0.0002787153080936669,5.349043431915727e-06
3.880272591760673e-06,1.699961826018275,1.7,-0.0002787153080005584,5.349043435032877e-06
3.882272591760673e-06,1.699961826016911,1.7,-0.0002787153080404987,5.349043431951735e-06
3.884272591760673e-06,1.699961826017699,1.7,-0.0002787153080138763,5.34904343504788e-06
3.886272591760673e-06,1.699961826016392,1.7,-0.0002787153080006284,5.349043431969254e-06
3.888272591760674e-06,1.699961826017234,1.7,-0.0002787153080537831,5.349043435037869e-06
3.890272591760674e-06,1.699961826015919,1.7,-0.0002787153079474601,5.349043431913266e-06
3.892272591760674e-06,1.699961826016948,1.7,-0.0002787153080670902,5.349043434966336e-06
3.894272591760674e-06,1.699961826015694,1.7,-0.000278715307934172,5.349043431953204e-06
3.896272591760674e-06,1.699961826016657,1.7,-0.000278715308093694,5.349043435003913e-06
3.898272591760674e-06,1.69996182601538,1.7,-0.0002787153079075907,5.349043431951696e-06
3.900272591760674e-06,1.699961826016352,1.7,-0.0002787153081601878,5.349043435006664e-06
3.902272591760675e-06,1.699961826015104,1.7,-0.0002787153078677115,5.349043431984648e-06
3.904272591760675e-06,1.699961826015946,1.7,-0.0002787153081734994,5.349043434964382e-06
3.906272591760675e-06,1.699961826014597,1.7,-0.0002787153078411374,5.349043431941779e-06
3.908272591760675e-06,1.699961826015407,1.7,-0.0002787153082001124,5.349043434954597e-06
3.910272591760675e-06,1.699961826014063,1.7,-0.0002787153078012678,5.349043431958733e-06
3.912272591760675e-06,1.699961826014844,1.7,-0.0002787153082134298,5.349043434914358e-06
3.914272591760676e-06,1.699961826013422,1.7,-0.0002787153077746987,5.349043431979968e-06
3.916272591760676e-06,1.699961826014174,1.7,-0.0002787153082400478,5.349043434971605e-06
3.918272591760676e-06,1.699961826012806,1.7,-0.0002787153077348322,5.349043431980874e-06
3.920272591760676e-06,1.699961826013598,1.7,-0.0002787153082932551,5.349043434920045e-06
3.922272591760676e-06,1.699961826012209,1.7,-0.0002787153077082614,5.349043431953889e-06
3.924272591760676e-06,1.699961826012913,1.7,-0.0002787153083198736,5.349043434885446e-06
3.926272591760676e-06,1.699961826011595,1.7,-0.0002787153076949877,5.349043431978853e-06
3.928272591760677e-06,1.699961826012406,1.7,-0.0002787153083863748,5.349043434886334e-06
3.930272591760677e-06,1.699961826011046,1.7,-0.0002787153076551187,5.349043431990994e-06
3.932272591760677e-06,1.699961826011711,1.7,-0.0002787153083598078,5.349043434884332e-06
3.934272591760677e-06,1.699961826010346,1.7,-0.0002787153076418482,5.349043431997684e-06
3.936272591760677e-06,1.69996182601121,1.7,-0.0002787153084263088,5.349043434910597e-06
3.938272591760677e-06,1.699961826010061,1.7,-0.0002787153076019694,5.349043432156513e-06
3.940272591760678e-06,1.699961826011,1.7,-0.0002787153084529096,5.349043435064621e-06
3.942272591760678e-06,1.699961826009997,1.7,-0.0002787153075487859,5.349043432231475e-06
3.944272591760678e-06,1.699961826011282,1.7,-0.0002787153084528991,5.349043435104808e-06
3.946272591760678e-06,1.69996182601092,1.7,-0.0002787153075487515,5.349043432257166e-06
3.948272591760678e-06,1.69996182601286,1.7,-0.0002787153084927298,5.349043435124937e-06
3.950272591760678e-06,1.699961826012929,1.7,-0.0002787153074821943,5.349043432301986e-06
3.952272591760678e-06,1.699961826015159,1.7,-0.0002787153085192373,5.349043435093743e-06
3.954272591760679e-06,1.699961826015432,1.7,-0.0002787153074555082,5.349043432322011e-06
3.956272591760679e-06,1.699961826017707,1.7,-0.0002787153085723285,5.349043435169929e-06
3.958272591760679e-06,1.699961826017954,1.7,-0.0002787153074288215,5.349043432354749e-06
3.960272591760679e-06,1.699961826020159,1.7,-0.0002787153085855337,5.349043435156054e-06
3.962272591760679e-06,1.69996182602033,1.7,-0.0002787153074021401,5.349043432375821e-06
3.964272591760679e-06,1.699961826022517,1.7,-0.0002787153085987425,5.34904343513589e-06
3.966272591760679e-06,1.699961826022726,1.7,-0.0002787153073621616,5.349043432394184e-06
3.96827259176068e-06,1.699961826024866,1.7,-0.0002787153086651375,5.349043435158358e-06
3.97027259176068e-06,1.699961826025004,1.7,-0.0002787153073221874,5.349043432399599e-06
3.97227259176068e-06,1.699961826027028,1.7,-0.0002787153087049466,5.349043435152304e-06
3.97427259176068e-06,1.699961826026733,1.7,-0.00027871530729553,5.34904343242583e-06
3.97627259176068e-06,1.699961826028163,1.7,-0.0002787153087049044,5.349043435170825e-06
3.97827259176068e-06,1.699961826027667,1.7,-0.0002787153072556058,5.349043432453495e-06
3.980272591760681e-06,1.699961826028996,1.7,-0.0002787153087447628,5.349043435151817e-06
3.982272591760681e-06,1.699961826028162,1.7,-0.0002787153072289945,5.349043432397276e-06
3.984272591760681e-06,1.699961826029095,1.7,-0.0002787153087979451,5.349043435086379e-06
3.986272591760681e-06,1.699961826027888,1.7,-0.0002787153071891151,5.349043432418127e-06
3.988272591760681e-06,1.699961826028336,1.7,-0.0002787153088378628,5.349043435093384e-06
3.990272591760681e-06,1.699961826026835,1.7,-0.0002787153071758578,5.349043432379052e-06
3.992272591760681e-06,1.699961826027196,1.7,-0.0002787153088379052,5.349043435079556e-06
3.994272591760682e-06,1.699961826025505,1.7,-0.0002787153071626108,5.349043432451784e-06
3.996272591760682e-06,1.699961826025639,1.7,-0.0002787153088778526,5.349043435118231e-06
3.998272591760682e-06,1.699961826023986,1.7,-0.0002787153071227779,5.34904343248591e-06
4.000272591760682e-06,1.699961826024371,1.7,-0.0002787153089044927,5.349043435116402e-06
4.002272591760682e-06,1.699961826022989,1.7,-0.000278715307096222,5.349043432460127e-06
4.004272591760682e-06,1.69996182602353,1.7,-0.0002787153089178205,5.349043435094409e-06
4.006272591760682e-06,1.699961826022164,1.7,-0.0002787153070962527,5.349043432449597e-06
4.008272591760683e-06,1.699961826022631,1.7,-0.000278715308944447,5.349043435051161e-06
4.010272591760683e-06,1.699961826021361,1.7,-0.0002787153070430966,5.349043432490671e-06
4.012272591760683e-06,1.699961826021888,1.7,-0.0002787153089976605,5.349043435103661e-06
4.014272591760683e-06,1.699961826020475,1.7,-0.0002787153070032401,5.349043432485374e-06
4.016272591760683e-06,1.699961826020905,1.7,-0.00027871530902429,5.349043435028568e-06
4.018272591760683e-06,1.699961826019584,1.7,-0.0002787153070032732,5.349043432438436e-06
4.020272591760684e-06,1.699961826020067,1.7,-0.0002787153090376177,5.349043435003005e-06
4.022272591760684e-06,1.699961826018556,1.7,-0.000278715306963422,5.349043432437453e-06
4.024272591760684e-06,1.699961826018804,1.7,-0.0002787153090775541,5.349043434970102e-06
4.026272591760684e-06,1.699961826017307,1.7,-0.0002787153069634685,5.349043432418497e-06
4.028272591760684e-06,1.699961826017662,1.7,-0.0002787153091307826,5.349043434956162e-06
4.030272591760684e-06,1.699961826016105,1.7,-0.0002787153069103272,5.34904343243012e-06
4.032272591760684e-06,1.699961826016382,1.7,-0.0002787153091441267,5.349043434962379e-06
4.034272591760685e-06,1.699961826014956,1.7,-0.0002787153068704806,5.349043432446099e-06
4.036272591760685e-06,1.699961826015243,1.7,-0.000278715309170762,5.349043434985149e-06
4.038272591760685e-06,1.699961826013675,1.7,-0.0002787153068439352,5.349043432522665e-06
4.040272591760685e-06,1.699961826013894,1.7,-0.0002787153091974052,5.349043435035138e-06
4.042272591760685e-06,1.699961826012505,1.7,-0.0002787153068306822,5.349043432550346e-06
4.044272591760685e-06,1.699961826013016,1.7,-0.0002787153092240308,5.349043435029368e-06
4.046272591760685e-06,1.699961826011819,1.7,-0.0002787153068041148,5.349043432547486e-06
4.048272591760686e-06,1.69996182601241,1.7,-0.0002787153092373499,5.349043435010552e-06
4.050272591760686e-06,1.699961826011346,1.7,-0.0002787153067642429,5.349043432545587e-06
4.052272591760686e-06,1.699961826012171,1.7,-0.0002787153092772482,5.34904343499397e-06
4.054272591760686e-06,1.699961826011356,1.7,-0.0002787153067642426,5.34904343253968e-06
4.056272591760686e-06,1.699961826012315,1.7,-0.0002787153092905394,5.34904343496728e-06
4.058272591760686e-06,1.699961826011569,1.7,-0.0002787153067376417,5.349043432558705e-06
4.060272591760687e-06,1.699961826012457,1.7,-0.0002787153093038305,5.349043434964739e-06
4.062272591760687e-06,1.699961826011603,1.7,-0.0002787153067110474,5.349043432524806e-06
4.064272591760687e-06,1.699961826012482,1.7,-0.0002787153093570156,5.349043434953261e-06
4.066272591760687e-06,1.699961826011421,1.7,-0.0002787153066977577,5.34904343254702e-06
4.068272591760687e-06,1.699961826012102,1.7,-0.0002787153093703261,5.349043434915438e-06
4.070272591760687e-06,1.699961826011106,1.7,-0.0002787153066445835,5.34904343253883e-06
4.072272591760687e-06,1.699961826011631,1.7,-0.0002787153093969366,5.349043434940065e-06
4.074272591760688e-06,1.699961826010515,1.7,-0.000278715306631309,5.349043432534222e-06
4.076272591760688e-06,1.69996182601116,1.7,-0.0002787153093969542,5.349043434886424e-06
4.078272591760688e-06,1.699961826010144,1.7,-0.0002787153066047298,5.349043432526387e-06
4.080272591760688e-06,1.699961826010743,1.7,-0.0002787153094501557,5.349043434919393e-06
4.082272591760688e-06,1.699961826009531,1.7,-0.0002787153065648631,5.349043432590476e-06
4.084272591760688e-06,1.699961826009839,1.7,-0.0002787153094767822,5.349043434903038e-06
4.086272591760688e-06,1.699961826008518,1.7,-0.0002787153065383079,5.349043432575225e-06
4.088272591760689e-06,1.699961826008773,1.7,-0.0002787153094901184,5.349043434907674e-06
4.090272591760689e-06,1.69996182600743,1.7,-0.0002787153065383483,5.349043432566905e-06
4.092272591760689e-06,1.699961826007902,1.7,-0.0002787153095034473,5.349043434882034e-06
4.094272591760689e-06,1.69996182600675,1.7,-0.0002787153064984842,5.349043432562049e-06
4.096272591760689e-06,1.699961826007172,1.7,-0.0002787153095300674,5.349043434710732e-06
4.098272591760689e-06,1.699961826005934,1.7,-0.0002787153064719215,5.349043432404279e-06
4.10027259176069e-06,1.699961826006453,1.7,-0.0002787153095566871,5.349043434669268e-06
4.10227259176069e-06,1.699961826005582,1.7,-0.0002787153064719347,5.349043432352255e-06
4.10427259176069e-06,1.699961826006322,1.7,-0.000278715309609878,5.349043434637483e-06
4.10627259176069e-06,1.699961826005463,1.7,-0.0002787153064320496,5.349043432374848e-06
4.10827259176069e-06,1.699961826006134,1.7,-0.0002787153096497744,5.349043434602935e-06
4.11027259176069e-06,1.699961826005058,1.7,-0.0002787153064187682,5.34904343234094e-06
4.11227259176069e-06,1.699961826005621,1.7,-0.000278715309636497,5.349043434590255e-06
4.114272591760691e-06,1.699961826004724,1.7,-0.0002787153064054841,5.349043432339245e-06
4.116272591760691e-06,1.69996182600537,1.7,-0.0002787153096630993,5.349043434571232e-06
4.118272591760691e-06,1.699961826004432,1.7,-0.0002787153063656055,5.349043432333252e-06
4.120272591760691e-06,1.699961826005217,1.7,-0.0002787153096764015,5.349043434542319e-06
4.122272591760691e-06,1.699961826004452,1.7,-0.0002787153063390118,5.349043432343843e-06
4.124272591760691e-06,1.699961826005248,1.7,-0.0002787153096896968,5.349043434563635e-06
4.126272591760691e-06,1.699961826004444,1.7,-0.0002787153063124191,5.349043432362171e-06
4.128272591760692e-06,1.699961826005345,1.7,-0.0002787153097029897,5.349043434581756e-06
4.130272591760692e-06,1.69996182600476,1.7,-0.0002787153062991109,5.349043432384035e-06
4.132272591760692e-06,1.699961826005726,1.7,-0.0002787153097295685,5.349043434562347e-06
4.134272591760692e-06,1.699961826005016,1.7,-0.0002787153062725084,5.349043432382479e-06
4.136272591760692e-06,1.699961826005773,1.7,-0.0002787153097694562,5.349043434543033e-06
4.138272591760692e-06,1.699961826004869,1.7,-0.0002787153062592174,5.349043432403404e-06
4.140272591760693e-06,1.699961826005202,1.7,-0.0002787153097694774,5.349043434526936e-06
4.142272591760693e-06,1.699961826004049,1.7,-0.000278715306206062,5.349043432360852e-06
4.144272591760693e-06,1.699961826004393,1.7,-0.0002787153097961005,5.34904343453233e-06
4.146272591760693e-06,1.699961826003012,1.7,-0.0002787153062061005,5.34904343241288e-06
4.148272591760693e-06,1.699961826003173,1.7,-0.0002787153098227388,5.349043434561535e-06
4.150272591760693e-06,1.699961826002105,1.7,-0.0002787153061662448,5.349043432437071e-06
4.152272591760693e-06,1.699961826002706,1.7,-0.0002787153098360527,5.349043434559035e-06
4.154272591760694e-06,1.699961826001692,1.7,-0.0002787153061529637,5.349043432432941e-06
4.156272591760694e-06,1.699961826002276,1.7,-0.0002787153098759582,5.349043434524808e-06
4.158272591760694e-06,1.699961826001524,1.7,-0.0002787153061396734,5.349043432451435e-06
4.160272591760694e-06,1.699961826002172,1.7,-0.000278715309902555,5.349043434522782e-06
4.162272591760694e-06,1.699961826001316,1.7,-0.0002787153060997917,5.34904343241443e-06
4.164272591760694e-06,1.699961826001948,1.7,-0.0002787153099291564,5.349043434507057e-06
4.166272591760694e-06,1.699961826001169,1.7,-0.0002787153060997972,5.349043432422726e-06
4.168272591760695e-06,1.699961826001934,1.7,-0.0002787153099291568,5.349043434481469e-06
4.170272591760695e-06,1.699961826001327,1.7,-0.0002787153060731983,5.349043432420709e-06
4.172272591760695e-06,1.699961826002097,1.7,-0.0002787153099557438,5.349043434459441e-06
4.174272591760695e-06,1.699961826001361,1.7,-0.0002787153060599006,5.349043432426732e-06
4.176272591760695e-06,1.699961826002025,1.7,-0.0002787153099690429,5.349043434492808e-06
4.178272591760695e-06,1.699961826001219,1.7,-0.0002787153060466094,5.349043432472309e-06
4.180272591760696e-06,1.699961826001883,1.7,-0.0002787153099956412,5.349043434515885e-06
4.182272591760696e-06,1.699961826001053,1.7,-0.0002787153060067261,5.349043432498381e-06
4.184272591760696e-06,1.699961826001677,1.7,-0.0002787153100488348,5.349043434498308e-06
4.186272591760696e-06,1.699961826001076,1.7,-0.0002787153059801322,5.349043432483226e-06
4.188272591760696e-06,1.699961826002077,1.7,-0.0002787153100222269,5.349043434496025e-06
4.190272591760696e-06,1.699961826001575,1.7,-0.0002787153059668172,5.349043432488089e-06
4.192272591760696e-06,1.69996182600241,1.7,-0.000278715310062104,5.349043434469636e-06
4.194272591760697e-06,1.699961826001891,1.7,-0.0002787153059668055,5.349043432471651e-06
4.196272591760697e-06,1.699961826002775,1.7,-0.0002787153100753869,5.349043434452923e-06
4.198272591760697e-06,1.699961826002112,1.7,-0.0002787153059402043,5.349043432490415e-06
4.200272591760697e-06,1.699961826002774,1.7,-0.0002787153101019799,5.349043434467716e-06
4.202272591760697e-06,1.699961826001944,1.7,-0.000278715305900321,5.349043432505302e-06
4.204272591760697e-06,1.699961826002515,1.7,-0.0002787153101019895,5.349043434454532e-06
4.206272591760697e-06,1.699961826001699,1.7,-0.0002787153058737372,5.349043432484541e-06
4.208272591760698e-06,1.699961826002294,1.7,-0.0002787153101551837,5.34904343444171e-06
4.210272591760698e-06,1.699961826001572,1.7,-0.0002787153058604454,5.349043432508726e-06
4.212272591760698e-06,1.699961826002177,1.7,-0.0002787153101418916,5.349043434438118e-06
4.214272591760698e-06,1.699961826001136,1.7,-0.0002787153058604616,5.34904343252856e-06
4.216272591760698e-06,1.699961826001474,1.7,-0.0002787153101685107,5.349043434443931e-06
4.218272591760698e-06,1.699961826000724,1.7,-0.000278715305833884,5.349043432497406e-06
4.220272591760699e-06,1.699961826001382,1.7,-0.0002787153102084036,5.349043434418665e-06
4.222272591760699e-06,1.69996182600049,1.7,-0.0002787153058072997,5.349043432524578e-06
4.224272591760699e-06,1.699961826001005,1.7,-0.0002787153102084177,5.349043434395045e-06
4.226272591760699e-06,1.699961826000267,1.7,-0.0002787153057940115,5.349043432503208e-06
4.228272591760699e-06,1.699961826000872,1.7,-0.000278715310221719,5.349043434385324e-06
4.230272591760699e-06,1.69996182599997,1.7,-0.0002787153057940226,5.349043432501289e-06
4.232272591760699e-06,1.699961826000323,1.7,-0.0002787153102483324,5.34904343437293e-06
4.2342725917607e-06,1.699961825999389,1.7,-0.0002787153057541548,5.349043432516443e-06
4.2362725917607e-06,1.699961825999742,1.7,-0.0002787153102616505,5.349043434397025e-06
4.2382725917607e-06,1.699961825998717,1.7,-0.0002787153057275868,5.349043432531533e-06
4.2402725917607e-06,1.69996182599904,1.7,-0.0002787153102749732,5.349043434377001e-06
4.2422725917607e-06,1.699961825997986,1.7,-0.000278715305701021,5.349043432521571e-06
4.2442725917607e-06,1.699961825998421,1.7,-0.0002787153102882926,5.349043434363468e-06
4.2462725917607e-06,1.69996182599765,1.7,-0.00027871530571433,5.349043432529656e-06
4.248272591760701e-06,1.699961825998299,1.7,-0.0002787153103015937,5.349043434371573e-06
4.250272591760701e-06,1.699961825997677,1.7,-0.0002787153056611431,5.349043432556939e-06
4.252272591760701e-06,1.699961825998465,1.7,-0.000278715310341477,5.34904343434247e-06
4.254272591760701e-06,1.699961825998005,1.7,-0.0002787153056611308,5.349043432532045e-06
4.256272591760701e-06,1.699961825998861,1.7,-0.0002787153103547587,5.349043434349104e-06
4.258272591760701e-06,1.699961825998369,1.7,-0.0002787153056212278,5.349043432574033e-06
4.260272591760702e-06,1.699961825999001,1.7,-0.0002787153103813465,5.34904343437721e-06
4.262272591760702e-06,1.699961825998231,1.7,-0.000278715305621233,5.349043432585646e-06
4.264272591760702e-06,1.699961825998891,1.7,-0.0002787153103946471,5.349043434375108e-06
4.266272591760702e-06,1.69996182599834,1.7,-0.000278715305594636,5.349043432603431e-06
4.268272591760702e-06,1.699961825998962,1.7,-0.000278715310407941,5.349043434382572e-06
4.270272591760702e-06,1.699961825998352,1.7,-0.000278715305581339,5.34904343259024e-06
4.272272591760702e-06,1.699961825998959,1.7,-0.0002787153104212376,5.349043434332156e-06
4.274272591760703e-06,1.699961825998307,1.7,-0.0002787153055547477,5.349043432582633e-06
4.276272591760703e-06,1.699961825999176,1.7,-0.0002787153104478224,5.349043434341363e-06
4.278272591760703e-06,1.699961825999025,1.7,-0.0002787153055281281,5.349043432585385e-06
4.280272591760703e-06,1.69996182600038,1.7,-0.0002787153104610741,5.349043434328338e-06
4.282272591760703e-06,1.699961826000605,1.7,-0.0002787153055280692,5.349043432613512e-06
4.284272591760703e-06,1.699961826002095,1.7,-0.0002787153104876033,5.349043434347338e-06
4.286272591760703e-06,1.69996182600232,1.7,-0.0002787153055280054,5.349043432628177e-06
4.288272591760704e-06,1.699961826003884,1.7,-0.0002787153105141297,5.349043434337349e-06
4.290272591760704e-06,1.699961826004437,1.7,-0.0002787153054880372,5.349043432631764e-06
4.292272591760704e-06,1.69996182600616,1.7,-0.000278715310514045,5.34904343432756e-06
4.294272591760704e-06,1.699961826006469,1.7,-0.0002787153054613687,5.349043432607965e-06
4.296272591760704e-06,1.699961826008081,1.7,-0.0002787153105139736,5.349043434277055e-06
4.298272591760704e-06,1.699961826008495,1.7,-0.0002787153055144793,5.34904343258578e-06
4.300272591760705e-06,1.699961826010077,1.7,-0.0002787153105271958,5.349043434294238e-06
4.302272591760705e-06,1.699961826010349,1.7,-0.0002787153054346314,5.349043432627848e-06
4.304272591760705e-06,1.699961826011753,1.7,-0.0002787153105670229,5.349043434310034e-06
4.306272591760705e-06,1.699961826011898,1.7,-0.0002787153054212773,5.349043432653468e-06
4.308272591760705e-06,1.699961826013126,1.7,-0.0002787153105669719,5.349043434301977e-06
4.310272591760705e-06,1.69996182601297,1.7,-0.0002787153054212374,5.349043432630924e-06
4.312272591760705e-06,1.69996182601391,1.7,-0.0002787153105935357,5.349043434297618e-06
4.314272591760706e-06,1.699961826013625,1.7,-0.0002787153053813236,5.349043432650684e-06
4.316272591760706e-06,1.699961826014578,1.7,-0.0002787153106068073,5.34904343426472e-06
4.318272591760706e-06,1.699961826014281,1.7,-0.0002787153053812992,5.349043432621128e-06
4.320272591760706e-06,1.699961826015141,1.7,-0.0002787153106466758,5.349043434263546e-06
4.322272591760706e-06,1.699961826014862,1.7,-0.0002787153053812776,5.349043432667187e-06
4.324272591760706e-06,1.699961826015641,1.7,-0.0002787153106599537,5.349043434320055e-06
4.326272591760707e-06,1.699961826015229,1.7,-0.0002787153053413744,5.349043432683782e-06
4.328272591760707e-06,1.699961826016199,1.7,-0.0002787153106466365,5.349043434264565e-06
4.330272591760707e-06,1.699961826016073,1.7,-0.000278715305341343,5.349043432644491e-06
4.332272591760707e-06,1.699961826017118,1.7,-0.0002787153106731952,5.349043434244943e-06
4.334272591760707e-06,1.69996182601703,1.7,-0.000278715305328011,5.349043432647287e-06
4.336272591760707e-06,1.699961826018213,1.7,-0.000278715310686451,5.349043434216981e-06
4.338272591760707e-06,1.69996182601813,1.7,-0.0002787153053146736,5.349043432671374e-06
4.340272591760708e-06,1.699961826019021,1.7,-0.0002787153107130139,5.349043434253696e-06
4.342272591760708e-06,1.699961826018717,1.7,-0.0002787153052747622,5.34904343265205e-06
4.344272591760708e-06,1.699961826019548,1.7,-0.0002787153107262908,5.349043434220837e-06
4.346272591760708e-06,1.699961826019156,1.7,-0.0002787153052614495,5.349043432680402e-06
4.348272591760708e-06,1.699961826019953,1.7,-0.0002787153107395722,5.349043434231664e-06
4.350272591760708e-06,1.699961826019625,1.7,-0.000278715305261432,5.349043432684408e-06
4.352272591760708e-06,1.699961826020313,1.7,-0.0002787153107661518,5.349043434234568e-06
4.354272591760709e-06,1.69996182601992,1.7,-0.0002787153052481245,5.349043432696923e-06
4.356272591760709e-06,1.699961826020868,1.7,-0.0002787153107661312,5.349043434261122e-06
4.358272591760709e-06,1.69996182602076,1.7,-0.0002787153052347968,5.349043432708086e-06
4.360272591760709e-06,1.699961826021727,1.7,-0.0002787153107660992,5.349043434238051e-06
4.362272591760709e-06,1.699961826021494,1.7,-0.0002787153052081765,5.349043432711652e-06
4.364272591760709e-06,1.699961826022467,1.7,-0.0002787153107793681,5.349043434206309e-06
4.36627259176071e-06,1.699961826022298,1.7,-0.0002787153052214431,5.349043432686785e-06
4.36827259176071e-06,1.699961826023265,1.7,-0.0002787153108059315,5.349043434199734e-06
4.37027259176071e-06,1.699961826023322,1.7,-0.0002787153051815155,5.349043432692731e-06
4.37227259176071e-06,1.699961826024549,1.7,-0.0002787153108324766,5.349043434177767e-06
4.37427259176071e-06,1.699961826024593,1.7,-0.0002787153051548753,5.349043432707091e-06
4.37627259176071e-06,1.699961826025666,1.7,-0.000278715310859028,5.349043434211417e-06
4.37827259176071e-06,1.699961826025538,1.7,-0.0002787153051548401,5.349043432708597e-06
4.380272591760711e-06,1.69996182602653,1.7,-0.0002787153108855889,5.349043434194345e-06
4.382272591760711e-06,1.699961826026418,1.7,-0.000278715305114918,5.349043432744743e-06
4.384272591760711e-06,1.699961826027401,1.7,-0.00027871531087226,5.349043434206877e-06
4.386272591760711e-06,1.699961826027267,1.7,-0.0002787153051281828,5.349043432754386e-06
4.388272591760711e-06,1.699961826028196,1.7,-0.0002787153108988234,5.349043434212989e-06
4.390272591760711e-06,1.699961826027899,1.7,-0.0002787153050882699,5.349043432760002e-06
4.392272591760711e-06,1.699961826028611,1.7,-0.000278715310898808,5.349043434206712e-06
4.394272591760712e-06,1.699961826028273,1.7,-0.0002787153050749595,5.349043432768479e-06
4.396272591760712e-06,1.699961826028966,1.7,-0.0002787153109386842,5.349043434224689e-06
4.398272591760712e-06,1.699961826028656,1.7,-0.0002787153050616488,5.349043432782359e-06
4.400272591760712e-06,1.699961826029563,1.7,-0.000278715310938662,5.349043434219314e-06
4.402272591760712e-06,1.699961826029308,1.7,-0.0002787153050350315,5.349043432812327e-06
4.404272591760712e-06,1.699961826030053,1.7,-0.0002787153109519403,5.349043434202029e-06
4.406272591760713e-06,1.699961826029817,1.7,-0.0002787153050350126,5.349043432740783e-06
4.408272591760713e-06,1.699961826030722,1.7,-0.0002787153109785084,5.349043434158159e-06
4.410272591760713e-06,1.699961826030528,1.7,-0.0002787153049950967,5.349043432755345e-06
4.412272591760713e-06,1.699961826031412,1.7,-0.0002787153109784827,5.349043434151293e-06
4.414272591760713e-06,1.69996182603124,1.7,-0.0002787153049950702,5.349043432774985e-06
4.416272591760713e-06,1.699961826032072,1.7,-0.0002787153109917547,5.349043434147164e-06
4.418272591760713e-06,1.699961826031777,1.7,-0.0002787153049950502,5.349043432769639e-06
4.420272591760714e-06,1.69996182603243,1.7,-0.0002787153110050378,5.349043434158873e-06
4.422272591760714e-06,1.69996182603194,1.7,-0.0002787153049684512,5.349043432765586e-06
4.424272591760714e-06,1.699961826032572,1.7,-0.0002787153110316255,5.349043434134711e-06
4.426272591760714e-06,1.699961826032178,1.7,-0.0002787153049684423,5.349043432759469e-06
4.428272591760714e-06,1.699961826032713,1.7,-0.0002787153110449167,5.349043434126102e-06
4.430272591760714e-06,1.699961826032171,1.7,-0.0002787153049551461,5.349043432774341e-06
4.432272591760714e-06,1.69996182603263,1.7,-0.0002787153110449199,5.349043434141606e-06
4.434272591760715e-06,1.699961826032133,1.7,-0.000278715304941851,5.349043432788134e-06
4.436272591760715e-06,1.699961826032699,1.7,-0.0002787153110848067,5.349043434128026e-06
4.438272591760715e-06,1.699961826032287,1.7,-0.0002787153049285488,5.349043432783162e-06
4.440272591760715e-06,1.699961826032878,1.7,-0.0002787153110848,5.349043434116525e-06
4.442272591760715e-06,1.699961826032508,1.7,-0.0002787153049019476,5.349043432786833e-06
4.444272591760715e-06,1.69996182603322,1.7,-0.0002787153110980838,5.349043434131e-06
4.446272591760716e-06,1.699961826032862,1.7,-0.000278715304888638,5.349043432802131e-06
4.448272591760716e-06,1.699961826033536,1.7,-0.0002787153111113685,5.349043434114758e-06
4.450272591760716e-06,1.69996182603328,1.7,-0.0002787153048620295,5.349043432823147e-06
4.452272591760716e-06,1.699961826034038,1.7,-0.0002787153111379429,5.34904343413778e-06
4.454272591760716e-06,1.699961826033782,1.7,-0.0002787153048886037,5.349043432830065e-06
4.456272591760716e-06,1.699961826034502,1.7,-0.000278715311151222,5.349043434102878e-06
4.458272591760716e-06,1.699961826034192,1.7,-0.000278715304848699,5.349043432800628e-06
4.460272591760717e-06,1.69996182603495,1.7,-0.0002787153111512054,5.3490434340902e-06
4.462272591760717e-06,1.699961826034699,1.7,-0.0002787153048486802,5.349043432828729e-06
4.464272591760717e-06,1.699961826035286,1.7,-0.0002787153111511929,5.349043434116172e-06
4.466272591760717e-06,1.699961826034848,1.7,-0.0002787153048353781,5.34904343284205e-06
4.468272591760717e-06,1.699961826035457,1.7,-0.0002787153111777795,5.349043434115077e-06
4.470272591760717e-06,1.69996182603513,1.7,-0.0002787153048220712,5.349043432857708e-06
4.472272591760717e-06,1.69996182603582,1.7,-0.0002787153111910625,5.34904343414553e-06
4.474272591760718e-06,1.699961826035463,1.7,-0.0002787153047821694,5.349043432868305e-06
4.476272591760718e-06,1.699961826036057,1.7,-0.0002787153111910537,5.349043434126674e-06
4.478272591760718e-06,1.699961826035665,1.7,-0.0002787153047954583,5.349043432896131e-06
4.480272591760718e-06,1.699961826036235,1.7,-0.0002787153112176401,5.349043434142531e-06
4.482272591760718e-06,1.699961826035912,1.7,-0.0002787153047821527,5.349043432906093e-06
4.484272591760718e-06,1.699961826036606,1.7,-0.0002787153112309228,5.349043434148397e-06
4.486272591760719e-06,1.699961826036372,1.7,-0.000278715304768839,5.34904343291566e-06
4.488272591760719e-06,1.699961826037202,1.7,-0.0002787153112574936,5.349043434135939e-06
4.490272591760719e-06,1.699961826036958,1.7,-0.0002787153047422243,5.3490434328926e-06
4.492272591760719e-06,1.699961826037706,1.7,-0.0002787153112707713,5.349043434081653e-06
4.494272591760719e-06,1.699961826037556,1.7,-0.000278715304742202,5.34904343286317e-06
4.496272591760719e-06,1.699961826038285,1.7,-0.0002787153112574533,5.349043434071416e-06
4.498272591760719e-06,1.69996182603797,1.7,-0.0002787153047288901,5.349043432860198e-06
4.50027259176072e-06,1.699961826038465,1.7,-0.000278715311270743,5.34904343406129e-06
4.50227259176072e-06,1.699961826037936,1.7,-0.0002787153047155949,5.34904343286954e-06
4.50427259176072e-06,1.699961826038348,1.7,-0.0002787153112840439,5.349043434086443e-06
4.50627259176072e-06,1.699961826037722,1.7,-0.0002787153047023064,5.349043432883591e-06
4.50827259176072e-06,1.699961826037931,1.7,-0.0002787153112973559,5.349043434071967e-06
4.51027259176072e-06,1.699961826037141,1.7,-0.0002787153046890316,5.349043432912046e-06
4.51227259176072e-06,1.699961826037339,1.7,-0.0002787153112973779,5.349043434081643e-06
4.514272591760721e-06,1.699961826036706,1.7,-0.0002787153046757512,5.349043432912454e-06
4.516272591760721e-06,1.69996182603704,1.7,-0.000278715311323982,5.349043434089069e-06
4.518272591760721e-06,1.699961826036477,1.7,-0.0002787153046757597,5.349043432921092e-06
4.520272591760721e-06,1.699961826036858,1.7,-0.0002787153113372853,5.349043434074551e-06
4.522272591760721e-06,1.699961826036346,1.7,-0.0002787153046491716,5.349043432869048e-06
4.524272591760721e-06,1.699961826036751,1.7,-0.0002787153113372892,5.349043434020376e-06
4.526272591760722e-06,1.699961826036219,1.7,-0.0002787153046491763,5.349043432897663e-06
4.528272591760722e-06,1.699961826036669,1.7,-0.0002787153113638853,5.349043434024415e-06
4.530272591760722e-06,1.699961826036265,1.7,-0.0002787153046358782,5.349043432897237e-06
4.532272591760722e-06,1.699961826036759,1.7,-0.0002787153113638819,5.34904343403495e-06
4.534272591760722e-06,1.699961826036275,1.7,-0.0002787153046092848,5.349043432891356e-06
4.536272591760722e-06,1.699961826036661,1.7,-0.0002787153113771821,5.349043434031509e-06
4.538272591760722e-06,1.699961826036133,1.7,-0.0002787153045959936,5.349043432909765e-06
4.540272591760723e-06,1.699961826036372,1.7,-0.0002787153113771929,5.349043434044826e-06
4.542272591760723e-06,1.699961826035575,1.7,-0.0002787153045960144,5.349043432925023e-06
4.544272591760723e-06,1.699961826035691,1.7,-0.0002787153114038111,5.349043434022097e-06
4.546272591760723e-06,1.699961826035046,1.7,-0.000278715304596034,5.349043432893439e-06
4.548272591760723e-06,1.699961826035555,1.7,-0.0002787153114038162,5.349043433977947e-06
4.550272591760723e-06,1.69996182603529,1.7,-0.000278715304596025,5.34904343287081e-06
4.552272591760723e-06,1.699961826035987,1.7,-0.0002787153114170966,5.349043433967648e-06
4.554272591760724e-06,1.699961826035812,1.7,-0.0002787153045827091,5.349043432876511e-06
4.556272591760724e-06,1.699961826036576,1.7,-0.0002787153114569641,5.349043433985665e-06
4.558272591760724e-06,1.699961826036696,1.7,-0.0002787153045826762,5.349043432889699e-06
4.560272591760724e-06,1.699961826037759,1.7,-0.0002787153114569201,5.349043433963564e-06
4.562272591760724e-06,1.699961826037972,1.7,-0.0002787153045560357,5.349043432915516e-06
4.564272591760724e-06,1.699961826039035,1.7,-0.0002787153114834656,5.349043433994099e-06
4.566272591760725e-06,1.699961826039219,1.7,-0.0002787153045692858,5.349043432911313e-06
4.568272591760725e-06,1.699961826040384,1.7,-0.0002787153114834155,5.349043433950789e-06
4.570272591760725e-06,1.699961826040654,1.7,-0.0002787153045160465,5.349043432889806e-06
4.572272591760725e-06,1.699961826041793,1.7,-0.000278715311483363,5.349043433943259e-06
4.574272591760725e-06,1.69996182604198,1.7,-0.0002787153045159972,5.349043432926594e-06
4.576272591760725e-06,1.699961826042953,1.7,-0.0002787153114966164,5.349043434024097e-06
4.578272591760725e-06,1.699961826042999,1.7,-0.0002787153045159593,5.349043432971585e-06
4.580272591760726e-06,1.699961826043861,1.7,-0.0002787153114965826,5.349043434009226e-06
4.582272591760726e-06,1.699961826043791,1.7,-0.0002787153045292263,5.349043432971836e-06
4.584272591760726e-06,1.699961826044479,1.7,-0.0002787153115231526,5.349043433999548e-06
4.586272591760726e-06,1.699961826044267,1.7,-0.0002787153044760226,5.349043432975161e-06
4.588272591760726e-06,1.699961826044814,1.7,-0.0002787153115231401,5.349043433986831e-06
4.590272591760726e-06,1.699961826044461,1.7,-0.0002787153045026084,5.349043432982443e-06
4.592272591760726e-06,1.699961826044929,1.7,-0.0002787153115231359,5.349043434025261e-06
4.594272591760727e-06,1.699961826044452,1.7,-0.0002787153044627193,5.34904343298413e-06
4.596272591760727e-06,1.699961826044827,1.7,-0.0002787153115497326,5.349043433980766e-06
4.598272591760727e-06,1.699961826044475,1.7,-0.0002787153044760149,5.349043432980293e-06
4.600272591760727e-06,1.699961826045081,1.7,-0.0002787153115497232,5.349043433987754e-06
4.602272591760727e-06,1.699961826044739,1.7,-0.0002787153044494121,5.349043432985181e-06
4.604272591760727e-06,1.699961826045027,1.7,-0.0002787153115630217,5.349043433983134e-06
4.606272591760728e-06,1.699961826044509,1.7,-0.0002787153044228277,5.34904343299589e-06
4.608272591760728e-06,1.699961826044879,1.7,-0.0002787153115630272,5.349043433967507e-06
4.610272591760728e-06,1.699961826044371,1.7,-0.0002787153044228328,5.349043432961818e-06
4.612272591760728e-06,1.699961826044619,1.7,-0.0002787153115896298,5.34904343393028e-06
4.614272591760728e-06,1.699961826043943,1.7,-0.0002787153044228488,5.349043432969411e-06
4.616272591760728e-06,1.699961826044027,1.7,-0.0002787153115630588,5.349043433954842e-06
4.618272591760728e-06,1.699961826043297,1.7,-0.0002787153044228728,5.349043432969762e-06
4.620272591760729e-06,1.699961826043484,1.7,-0.0002787153116029685,5.349043433938953e-06
4.622272591760729e-06,1.699961826042806,1.7,-0.0002787153044095945,5.349043432991875e-06
4.624272591760729e-06,1.699961826042876,1.7,-0.0002787153116295841,5.349043433959604e-06
4.626272591760729e-06,1.699961826042299,1.7,-0.0002787153043830204,5.34904343299871e-06
4.628272591760729e-06,1.699961826042619,1.7,-0.0002787153116295937,5.349043433952667e-06
4.630272591760729e-06,1.69996182604202,1.7,-0.0002787153043830308,5.349043433017669e-06
4.632272591760729e-06,1.699961826042176,1.7,-0.0002787153116296102,5.349043433939326e-06
4.63427259176073e-06,1.699961826041521,1.7,-0.0002787153043830494,5.349043432985829e-06
4.63627259176073e-06,1.699961826041751,1.7,-0.000278715311629626,5.34904343394688e-06
4.63827259176073e-06,1.699961826041209,1.7,-0.0002787153043697645,5.349043433026721e-06
4.64027259176073e-06,1.699961826041424,1.7,-0.0002787153116429346,5.349043433952313e-06
4.64227259176073e-06,1.699961826040842,1.7,-0.0002787153043564816,5.349043433045633e-06
4.64427259176073e-06,1.699961826041088,1.7,-0.0002787153116695401,5.349043433968017e-06
4.646272591760731e-06,1.699961826040524,1.7,-0.00027871530436979,5.349043433049082e-06
4.648272591760731e-06,1.699961826040932,1.7,-0.0002787153116695459,5.349043433955659e-06
4.650272591760731e-06,1.699961826040508,1.7,-0.0002787153043564941,5.349043433023908e-06
4.652272591760731e-06,1.699961826040829,1.7,-0.0002787153116828462,5.349043433945412e-06
4.654272591760731e-06,1.699961826040526,1.7,-0.0002787153043299004,5.349043433067354e-06
4.656272591760731e-06,1.699961826041087,1.7,-0.0002787153117094296,5.349043433973e-06
4.658272591760731e-06,1.699961826040896,1.7,-0.0002787153043431832,5.349043433075804e-06
4.660272591760732e-06,1.69996182604139,1.7,-0.0002787153117227148,5.349043433977082e-06
4.662272591760732e-06,1.699961826041172,1.7,-0.0002787153043165799,5.349043433086172e-06
4.664272591760732e-06,1.699961826041905,1.7,-0.0002787153117093991,5.349043433960701e-06
4.666272591760732e-06,1.699961826041853,1.7,-0.0002787153043032581,5.349043433029123e-06
4.668272591760732e-06,1.699961826042655,1.7,-0.0002787153117359642,5.349043433910538e-06
4.670272591760732e-06,1.699961826042607,1.7,-0.0002787153043032301,5.349043433045213e-06
4.672272591760732e-06,1.699961826043034,1.7,-0.0002787153117093571,5.349043433921523e-06
4.674272591760733e-06,1.69996182604267,1.7,-0.0002787153043032278,5.349043433054367e-06
4.676272591760733e-06,1.699961826043078,1.7,-0.0002787153117359485,5.349043433912099e-06
4.678272591760733e-06,1.699961826042656,1.7,-0.0002787153042899318,5.349043433049049e-06
4.680272591760733e-06,1.699961826043098,1.7,-0.0002787153117492442,5.349043433908559e-06
4.682272591760733e-06,1.699961826042794,1.7,-0.0002787153042899267,5.349043433063161e-06
4.684272591760733e-06,1.699961826043159,1.7,-0.0002787153117625384,5.349043433905766e-06
4.686272591760734e-06,1.699961826042681,1.7,-0.0002787153042633378,5.349043433064669e-06
4.688272591760734e-06,1.699961826042993,1.7,-0.0002787153117758411,5.349043433934966e-06
4.690272591760734e-06,1.699961826042498,1.7,-0.0002787153042633446,5.349043433068408e-06
4.692272591760734e-06,1.699961826042619,1.7,-0.000278715311775855,5.349043433890521e-06
4.694272591760734e-06,1.699961826041833,1.7,-0.0002787153042367764,5.349043433027583e-06
4.696272591760734e-06,1.699961826041564,1.7,-0.0002787153117891908,5.349043433855042e-06
4.698272591760734e-06,1.699961826040352,1.7,-0.000278715304223535,5.349043433041056e-06
4.700272591760735e-06,1.699961826039811,1.7,-0.000278715311789256,5.349043433882414e-06
4.702272591760735e-06,1.699961826038414,1.7,-0.0002787153042502001,5.34904343307377e-06
4.704272591760735e-06,1.699961826037858,1.7,-0.0002787153117893286,5.34904343388288e-06
4.706272591760735e-06,1.69996182603675,1.7,-0.0002787153042369655,5.349043433046794e-06
4.708272591760735e-06,1.699961826036437,1.7,-0.0002787153118292709,5.349043433852972e-06
4.710272591760735e-06,1.699961826035351,1.7,-0.000278715304223721,5.349043433063577e-06
4.712272591760736e-06,1.699961826034996,1.7,-0.0002787153118293245,5.34904343387131e-06
4.714272591760736e-06,1.699961826034019,1.7,-0.0002787153042237706,5.349043433057409e-06
4.716272591760736e-06,1.699961826033865,1.7,-0.0002787153118160701,5.349043433871173e-06
4.718272591760736e-06,1.69996182603302,1.7,-0.0002787153041839183,5.349043433068695e-06
4.720272591760736e-06,1.699961826032959,1.7,-0.0002787153118294003,5.349043433847641e-06
4.722272591760736e-06,1.69996182603226,1.7,-0.0002787153041839466,5.349043433086178e-06
4.724272591760736e-06,1.699961826032526,1.7,-0.0002787153118294164,5.349043433880967e-06
4.726272591760737e-06,1.699961826032291,1.7,-0.0002787153041839454,5.349043433072842e-06
4.728272591760737e-06,1.699961826032882,1.7,-0.0002787153118559962,5.349043433714904e-06
4.730272591760737e-06,1.699961826032768,1.7,-0.0002787153041839277,5.349043432916274e-06
4.732272591760737e-06,1.699961826033439,1.7,-0.0002787153118559754,5.349043433799866e-06
4.734272591760737e-06,1.699961826033549,1.7,-0.0002787153041573057,5.349043433029408e-06
4.736272591760737e-06,1.69996182603444,1.7,-0.0002787153118958277,5.349043433675212e-06
4.738272591760737e-06,1.699961826034392,1.7,-0.0002787153041705707,5.349043432885562e-06
4.740272591760738e-06,1.699961826035054,1.7,-0.0002787153118692118,5.349043433772772e-06
4.742272591760738e-06,1.699961826034883,1.7,-0.0002787153041173666,5.349043433045759e-06
4.744272591760738e-06,1.699961826035219,1.7,-0.0002787153118957986,5.3490434336772e-06
4.746272591760738e-06,1.69996182603465,1.7,-0.0002787153041439683,5.349043432869071e-06
4.748272591760738e-06,1.699961826034551,1.7,-0.000278715311882527,5.34904343357635e-06
4.750272591760738e-06,1.699961826033507,1.7,-0.0002787153041307142,5.349043432814916e-06
4.752272591760739e-06,1.699961826032874,1.7,-0.0002787153118958859,5.349043433555404e-06
4.754272591760739e-06,1.699961826031335,1.7,-0.0002787153041440915,5.349043432807763e-06
4.756272591760739e-06,1.69996182603045,1.7,-0.0002787153119092725,5.349043433535985e-06
4.758272591760739e-06,1.69996182602892,1.7,-0.0002787153041308849,5.349043432812731e-06
4.760272591760739e-06,1.699961826028042,1.7,-0.0002787153119093622,5.349043433566765e-06
4.762272591760739e-06,1.699961826026417,1.7,-0.000278715304130978,5.349043432848698e-06
4.764272591760739e-06,1.699961826025535,1.7,-0.0002787153119094554,5.349043433559831e-06
4.76627259176074e-06,1.699961826023983,1.7,-0.0002787153041044756,5.349043432828156e-06
4.76827259176074e-06,1.69996182602332,1.7,-0.0002787153119361308,5.349043433563964e-06
4.77027259176074e-06,1.6999618260222,1.7,-0.0002787153040779489,5.349043432838523e-06
4.77227259176074e-06,1.699961826022045,1.7,-0.0002787153119361782,5.349043433538466e-06
4.77427259176074e-06,1.699961826021468,1.7,-0.0002787153041045691,5.349043432845628e-06
4.77627259176074e-06,1.69996182602169,1.7,-0.0002787153119494879,5.349043433568541e-06
4.77827259176074e-06,1.699961826021372,1.7,-0.0002787153040912762,5.349043432856881e-06
4.780272591760741e-06,1.699961826021912,1.7,-0.0002787153119494796,5.34904343356053e-06
4.782272591760741e-06,1.699961826021902,1.7,-0.0002787153040912565,5.349043432874573e-06
4.784272591760741e-06,1.699961826022735,1.7,-0.000278715311976042,5.349043433556819e-06
4.786272591760741e-06,1.699961826023085,1.7,-0.0002787153040646195,5.349043432870768e-06
4.788272591760741e-06,1.699961826024316,1.7,-0.0002787153119759832,5.34904343356083e-06
4.790272591760741e-06,1.69996182602484,1.7,-0.0002787153040645542,5.349043432867907e-06
4.792272591760742e-06,1.699961826026008,1.7,-0.0002787153119626237,5.349043433553928e-06
4.794272591760742e-06,1.69996182602649,1.7,-0.0002787153040644928,5.349043432879399e-06
4.796272591760742e-06,1.699961826027703,1.7,-0.0002787153119758572,5.349043433542106e-06
4.798272591760742e-06,1.699961826028234,1.7,-0.000278715304037835,5.349043432843786e-06
4.800272591760742e-06,1.699961826029264,1.7,-0.0002787153119625026,5.349043433541388e-06
4.802272591760742e-06,1.699961826029583,1.7,-0.0002787153040510813,5.34904343289807e-06
4.804272591760742e-06,1.699961826030496,1.7,-0.0002787153119890497,5.349043433543807e-06
4.806272591760743e-06,1.699961826030687,1.7,-0.0002787153040510402,5.349043432870932e-06
4.808272591760743e-06,1.699961826031573,1.7,-0.0002787153119757132,5.34904343352533e-06
4.810272591760743e-06,1.699961826031784,1.7,-0.0002787153040642959,5.349043432829979e-06
4.812272591760743e-06,1.699961826032572,1.7,-0.0002787153120155655,5.349043433472742e-06
4.814272591760743e-06,1.699961826032498,1.7,-0.0002787153040509729,5.34904343284432e-06
4.816272591760743e-06,1.699961826032918,1.7,-0.0002787153120155526,5.349043433522853e-06
4.818272591760743e-06,1.699961826032603,1.7,-0.0002787153040376724,5.349043432880509e-06
4.820272591760744e-06,1.699961826032861,1.7,-0.0002787153120288512,5.349043433519829e-06
4.822272591760744e-06,1.699961826032402,1.7,-0.0002787153040243835,5.349043432866155e-06
4.824272591760744e-06,1.699961826032627,1.7,-0.00027871531202886,5.349043433516481e-06
4.826272591760744e-06,1.699961826032196,1.7,-0.0002787153040110946,5.349043432879911e-06
4.828272591760744e-06,1.699961826032379,1.7,-0.0002787153120288692,5.349043433493593e-06
4.830272591760744e-06,1.699961826031971,1.7,-0.000278715304011103,5.349043432893434e-06
4.832272591760745e-06,1.699961826032141,1.7,-0.000278715312028878,5.349043433527601e-06
4.834272591760745e-06,1.699961826031681,1.7,-0.0002787153040111138,5.349043432872436e-06
4.836272591760745e-06,1.699961826031934,1.7,-0.0002787153120421821,5.349043433495609e-06
4.838272591760745e-06,1.699961826031443,1.7,-0.0002787153040111227,5.349043432908539e-06
4.840272591760745e-06,1.699961826031429,1.7,-0.000278715312042201,5.34904343351836e-06
4.842272591760745e-06,1.699961826030775,1.7,-0.0002787153039579616,5.34904343290293e-06
4.844272591760745e-06,1.699961826030834,1.7,-0.0002787153120422231,5.349043433518151e-06
4.846272591760746e-06,1.699961826030274,1.7,-0.0002787153039446837,5.349043432907349e-06
4.848272591760746e-06,1.699961826030366,1.7,-0.0002787153120422405,5.349043433510308e-06
4.850272591760746e-06,1.699961826029819,1.7,-0.0002787153039579971,5.349043432919077e-06
4.852272591760746e-06,1.699961826029919,1.7,-0.0002787153120422572,5.349043433514219e-06
4.854272591760746e-06,1.699961826029514,1.7,-0.0002787153039713049,5.349043432920799e-06
4.856272591760746e-06,1.699961826029659,1.7,-0.0002787153120422668,5.349043433510683e-06
4.858272591760746e-06,1.699961826029134,1.7,-0.0002787153039713191,5.349043432922158e-06
4.860272591760747e-06,1.699961826029343,1.7,-0.0002787153120422786,5.34904343351575e-06
4.862272591760747e-06,1.699961826028936,1.7,-0.0002787153039447335,5.349043432924556e-06
4.864272591760747e-06,1.699961826029221,1.7,-0.0002787153120555796,5.349043433500936e-06
4.866272591760747e-06,1.699961826028916,1.7,-0.0002787153039314378,5.349043432914023e-06
4.868272591760747e-06,1.699961826029267,1.7,-0.0002787153120821709,5.349043433488559e-06
4.870272591760747e-06,1.699961826028975,1.7,-0.000278715303944732,5.349043432902559e-06
4.872272591760748e-06,1.699961826029361,1.7,-0.0002787153120555744,5.349043433471326e-06
4.874272591760748e-06,1.699961826029154,1.7,-0.0002787153039048359,5.349043432876138e-06
4.876272591760748e-06,1.699961826029427,1.7,-0.0002787153120954615,5.349043433454674e-06
4.878272591760748e-06,1.699961826028972,1.7,-0.0002787153039314357,5.34904343289527e-06
4.880272591760748e-06,1.699961826029079,1.7,-0.0002787153120821779,5.349043433437243e-06
4.882272591760748e-06,1.699961826028588,1.7,-0.0002787153039048569,5.349043432901198e-06
4.884272591760748e-06,1.699961826028634,1.7,-0.0002787153120821944,5.349043433481738e-06
4.886272591760749e-06,1.699961826027914,1.7,-0.0002787153039181785,5.349043432935186e-06
4.888272591760749e-06,1.699961826028015,1.7,-0.0002787153120955139,5.349043433483501e-06
4.890272591760749e-06,1.699961826027576,1.7,-0.0002787153039181911,5.349043432915484e-06
4.892272591760749e-06,1.69996182602759,1.7,-0.0002787153121221227,5.349043433468038e-06
4.894272591760749e-06,1.699961826027102,1.7,-0.0002787153038916157,5.349043432926277e-06
4.896272591760749e-06,1.699961826027281,1.7,-0.0002787153120955413,5.349043433460679e-06
4.898272591760749e-06,1.69996182602677,1.7,-0.0002787153038783316,5.349043432928501e-06
4.90027259176075e-06,1.699961826027003,1.7,-0.0002787153121088481,5.349043433489214e-06
4.90227259176075e-06,1.699961826026587,1.7,-0.0002787153038783384,5.349043432945608e-06
4.90427259176075e-06,1.6999618260268,1.7,-0.0002787153121088556,5.34904343347779e-06
4.90627259176075e-06,1.699961826026532,1.7,-0.000278715303865044,5.349043432959006e-06
4.90827259176075e-06,1.699961826026907,1.7,-0.0002787153121221481,5.34904343346288e-06
4.91027259176075e-06,1.699961826026803,1.7,-0.0002787153038783304,5.34904343295547e-06
4.912272591760751e-06,1.699961826027241,1.7,-0.0002787153121354322,5.349043433478558e-06
4.914272591760751e-06,1.699961826026945,1.7,-0.0002787153038783251,5.349043432948278e-06
4.916272591760751e-06,1.699961826027274,1.7,-0.0002787153121487275,5.349043433477739e-06
4.918272591760751e-06,1.699961826027079,1.7,-0.0002787153038783201,5.349043432961667e-06
4.920272591760751e-06,1.699961826027433,1.7,-0.0002787153121354251,5.349043433455571e-06
4.922272591760751e-06,1.699961826027093,1.7,-0.0002787153038650232,5.349043432934856e-06
4.924272591760751e-06,1.699961826027245,1.7,-0.000278715312135432,5.349043433458697e-06
4.926272591760752e-06,1.69996182602692,1.7,-0.0002787153038517331,5.349043432965413e-06
4.928272591760752e-06,1.699961826027297,1.7,-0.0002787153121354302,5.349043433469603e-06
4.930272591760752e-06,1.699961826026981,1.7,-0.0002787153038783238,5.349043432985275e-06
4.932272591760752e-06,1.69996182602722,1.7,-0.000278715312162026,5.349043433470462e-06
4.934272591760752e-06,1.699961826026932,1.7,-0.0002787153038384361,5.349043432950657e-06
4.936272591760752e-06,1.699961826027119,1.7,-0.0002787153121753262,5.349043433443015e-06
4.938272591760752e-06,1.699961826026736,1.7,-0.0002787153038517399,5.3490434329584e-06
4.940272591760753e-06,1.699961826027057,1.7,-0.0002787153121753285,5.349043433453705e-06
4.942272591760753e-06,1.699961826026648,1.7,-0.0002787153038118537,5.349043432963711e-06
4.944272591760753e-06,1.699961826026656,1.7,-0.0002787153121753434,5.349043433451118e-06
4.946272591760753e-06,1.699961826026143,1.7,-0.000278715303798576,5.349043432983404e-06
4.948272591760753e-06,1.699961826026454,1.7,-0.000278715312148758,5.349043433443607e-06
4.950272591760753e-06,1.699961826026343,1.7,-0.0002787153038118651,5.349043432945235e-06
4.952272591760754e-06,1.699961826026739,1.7,-0.0002787153121620438,5.349043433407633e-06
4.954272591760754e-06,1.699961826026573,1.7,-0.0002787153038118565,5.349043432949267e-06
4.956272591760754e-06,1.699961826027109,1.7,-0.0002787153121753266,5.349043433427612e-06
4.958272591760754e-06,1.699961826026956,1.7,-0.0002787153037852493,5.349043432954368e-06
4.960272591760754e-06,1.699961826027262,1.7,-0.0002787153121886174,5.349043433425722e-06
4.962272591760754e-06,1.699961826027056,1.7,-0.0002787153037852456,5.349043432964183e-06
4.964272591760754e-06,1.699961826027381,1.7,-0.0002787153121753164,5.349043433408793e-06
4.966272591760755e-06,1.699961826027038,1.7,-0.0002787153037985428,5.349043432969006e-06
4.968272591760755e-06,1.699961826027322,1.7,-0.0002787153121886151,5.349043433451027e-06
4.970272591760755e-06,1.699961826027131,1.7,-0.0002787153037852427,5.349043432967461e-06
4.972272591760755e-06,1.699961826027442,1.7,-0.0002787153122019071,5.349043433400819e-06
4.974272591760755e-06,1.699961826027113,1.7,-0.0002787153037852435,5.349043432966387e-06
4.976272591760755e-06,1.699961826027358,1.7,-0.0002787153122152068,5.349043433420405e-06
4.978272591760755e-06,1.699961826027022,1.7,-0.0002787153037985434,5.349043432996991e-06
4.980272591760756e-06,1.699961826027231,1.7,-0.000278715312201915,5.349043433434316e-06
4.982272591760756e-06,1.699961826026928,1.7,-0.0002787153037719538,5.349043432999781e-06
4.984272591760756e-06,1.699961826027209,1.7,-0.0002787153122152124,5.349043433437549e-06
4.986272591760756e-06,1.699961826026861,1.7,-0.0002787153037586598,5.349043432998522e-06
4.988272591760756e-06,1.699961826027005,1.7,-0.0002787153122285164,5.349043433425201e-06
4.990272591760756e-06,1.699961826026814,1.7,-0.0002787153037586616,5.349043432997531e-06
4.992272591760757e-06,1.699961826027285,1.7,-0.0002787153122285059,5.34904343342702e-06
4.994272591760757e-06,1.699961826027069,1.7,-0.0002787153037586521,5.34904343300616e-06
4.996272591760757e-06,1.69996182602725,1.7,-0.0002787153122285073,5.34904343342184e-06
4.998272591760757e-06,1.699961826026966,1.7,-0.0002787153037586559,5.349043432972689e-06
5e-06,1.699961826026905,1.7,-0.0002787153122872152,5.349043433547869e-06
5.0001e-06,1.69994007978269,1.694999999999992,-0.000283974123217302,5.349068421951234e-06
5.0003e-06,1.699880087365593,1.684999999999975,-0.0002887901659687371,5.349079480482123e-06
5.0007e-06,1.699747112134068,1.664999999999983,-0.0002878895235393134,5.349068909782032e-06
5.001e-06,1.699660384895102,1.65,-0.000288603851987839,5.349074856296404e-06
5.00107348410028e-06,1.699653656791153,1.65,-0.0002841587195043354,5.349050941116364e-06
5.001220452300841e-06,1.699655411529669,1.65,-0.0002792381353722891,5.349038367137187e-06
5.001514388701964e-06,1.699683501166195,1.65,-0.0002794671183527453,5.349052747061499e-06
5.002102261504209e-06,1.699735258523041,1.65,-0.0002795926889411671,5.349055703912459e-06
5.00284745106695e-06,1.699808241017362,1.65,-0.0002794511352162526,5.349061055612983e-06
5.004337830192434e-06,1.699952163812342,1.65,-0.0002794826352183839,5.349053394301369e-06
5.006337830192434e-06,1.700109424630722,1.65,-0.0002787474988105029,5.349057604419442e-06
5.008337830192434e-06,1.700160304633594,1.65,-0.0002780216683985718,5.349057970815472e-06
5.010337830192434e-06,1.700040967200715,1.65,-0.0002765681660583278,5.349067146431222e-06
5.012337830192435e-06,1.699694501914212,1.65,-0.000275288258358633,5.34906841329063e-06
5.014337830192435e-06,1.699086156570731,1.65,-0.0002734612499085543,5.349076133544475e-06
5.016337830192435e-06,1.698195044279276,1.65,-0.0002720331900881811,5.349076670899516e-06
5.018337830192435e-06,1.697020686270672,1.65,-0.000270242021149756,5.349084008792487e-06
5.020337830192435e-06,1.695573319500175,1.65,-0.0002690004369878219,5.34908553085645e-06
5.022337830192435e-06,1.693877513518582,1.65,-0.0002674958080153385,5.349093820358816e-06
5.024337830192435e-06,1.691964081003634,1.65,-0.0002665971718807152,5.34909678123051e-06
5.026337830192436e-06,1.689872713062384,1.65,-0.0002654694598865047,5.34910567122661e-06
5.028337830192436e-06,1.687645673902028,1.65,-0.0002649486739290064,5.349109051006043e-06
5.030337830192436e-06,1.68532957602087,1.65,-0.0002642030659526791,5.349117197081477e-06
5.032337830192436e-06,1.682970310021865,1.65,-0.0002640410606958903,5.349119497722955e-06
5.034337830192436e-06,1.680613997184714,1.65,-0.0002636478437671732,5.349125499984148e-06
5.036337830192436e-06,1.678302976959157,1.65,-0.0002638037600512737,5.349125487345093e-06
5.038337830192436e-06,1.676076312236911,1.65,-0.0002637172708819806,5.349128418925902e-06
5.040337830192437e-06,1.673966957722791,1.65,-0.0002641387054204894,5.349125467177432e-06
5.042337830192437e-06,1.672002256523945,1.65,-0.0002643032570544871,5.349125077641259e-06
5.044337830192437e-06,1.670202379586082,1.65,-0.0002649299486019763,5.349119258250657e-06
5.046337830192437e-06,1.668581049947824,1.65,-0.0002652829135237295,5.349115966685061e-06
5.048337830192437e-06,1.66714513395506,1.65,-0.0002660495472260974,5.349107956679337e-06
5.050337830192437e-06,1.665895567850185,1.65,-0.0002665244948183267,5.349102680807741e-06
5.052337830192438e-06,1.664827796818834,1.65,-0.0002673641868959473,5.349093524523135e-06
5.054337830192438e-06,1.663932718357759,1.65,-0.0002678951048909514,5.349087397863031e-06
5.056337830192438e-06,1.663197611889547,1.65,-0.00026874424115107,5.349078204448408e-06
5.058337830192438e-06,1.662606897884665,1.65,-0.0002692710468304506,5.349072286379595e-06
5.060337830192438e-06,1.662143267431602,1.65,-0.0002700750454722778,5.349063979005845e-06
5.062337830192438e-06,1.661788131198457,1.65,-0.0002705493136276685,5.349059054942571e-06
5.064337830192438e-06,1.661522770586662,1.65,-0.0002712677463118754,5.349052230505172e-06
5.066337830192439e-06,1.661328439707183,1.65,-0.0002716568845401431,5.349048737132114e-06
5.068337830192439e-06,1.661187454946838,1.65,-0.0002722662943403668,5.34904365108332e-06
5.070337830192439e-06,1.661082973285928,1.65,-0.0002725548954729567,5.349041709570502e-06
5.072337830192439e-06,1.660999994495647,1.65,-0.0002730485972134316,5.349038340390742e-06
5.074337830192439e-06,1.660924866035837,1.65,-0.0002732368581887079,5.34903783708248e-06
5.076337830192439e-06,1.660846199063024,1.65,-0.0002736221497524248,5.349035977210292e-06
5.078337830192439e-06,1.660754156071965,1.65,-0.0002737222023564495,5.34903665718977e-06
5.08033783019244e-06,1.660641292094803,1.65,-0.0002740160884950278,5.349035998601582e-06
5.08233783019244e-06,1.660501677973776,1.65,-0.0002740474472862724,5.34903754192752e-06
5.08433783019244e-06,1.660331681309593,1.65,-0.0002742720503116425,5.349037743255864e-06
5.08633783019244e-06,1.660128972356689,1.65,-0.0002742572265747321,5.349039818774952e-06
5.08833783019244e-06,1.659893260081418,1.65,-0.0002744357476871262,5.349040547069587e-06
5.09033783019244e-06,1.659625221905668,1.65,-0.0002743966867819198,5.34904284789234e-06
5.092337830192441e-06,1.659327210578257,1.65,-0.0002745503687357244,5.34904380698004e-06
5.094337830192441e-06,1.659002144252078,1.65,-0.0002745059738704325,5.349046070601249e-06
5.096337830192441e-06,1.658654200055567,1.65,-0.0002746521692402807,5.349047016188924e-06
5.098337830192441e-06,1.658287696881984,1.65,-0.0002746168922175375,5.349049037162656e-06
5.100337830192441e-06,1.657907791191995,1.65,-0.0002747681242220391,5.34904978648186e-06
5.102337830192441e-06,1.657519380636032,1.65,-0.0002747514497605948,5.349051422763607e-06
5.104337830192441e-06,1.657127816097922,1.65,-0.0002749152581071814,5.349051858747266e-06
5.106337830192442e-06,1.656737848982391,1.65,-0.0002749218575327915,5.349053033137337e-06
5.108337830192442e-06,1.656354370006253,1.65,-0.0002751012037325667,5.349053101706425e-06
5.110337830192442e-06,1.65598141636146,1.65,-0.0002751315434509109,5.349053797441404e-06
5.112337830192442e-06,1.65562294270031,1.65,-0.0002753255768249602,5.349053502463774e-06
5.114337830192442e-06,1.65528189672892,1.65,-0.0002753768033579169,5.349053755472116e-06
5.116337830192442e-06,1.65496102164358,1.65,-0.0002755818291627926,5.349053148620438e-06
5.118337830192442e-06,1.65466200111054,1.65,-0.0002756487891901697,5.349053034805214e-06
5.120337830192443e-06,1.654386286643782,1.65,-0.0002758593139156388,5.349052199118122e-06
5.122337830192443e-06,1.654134306417054,1.65,-0.0002759355978143088,5.349051817697275e-06
5.124337830192443e-06,1.65390630663182,1.65,-0.0002761453492098488,5.349050852559176e-06
5.126337830192443e-06,1.653701614249899,1.65,-0.0002762242649708049,5.349050310646074e-06
5.128337830192443e-06,1.653519479194124,1.65,-0.0002764271014097536,5.349049316493131e-06
5.130337830192443e-06,1.653358379044368,1.65,-0.0002765025003130753,5.349048715776232e-06
5.132337830192444e-06,1.653216848762529,1.65,-0.0002766931399333004,5.34904778164297e-06
5.134337830192444e-06,1.653092815666945,1.65,-0.0002767600346827326,5.349047206205615e-06
5.136337830192444e-06,1.652984405088904,1.65,-0.0002769345551760759,5.349046399881483e-06
5.138337830192444e-06,1.652889295687977,1.65,-0.0002769894947929264,5.349045910784057e-06
5.140337830192444e-06,1.652805492112927,1.65,-0.00027714558542477,5.349045276813912e-06
5.142337830192444e-06,1.652730693319797,1.65,-0.0002771867845697409,5.349044909883194e-06
5.144337830192444e-06,1.652663026578613,1.65,-0.0002773237613775453,5.349044467040296e-06
5.146337830192445e-06,1.652600424294237,1.65,-0.0002773510104114901,5.349044234171153e-06
5.148337830192445e-06,1.652541316673874,1.65,-0.000277469635986879,5.349043979912022e-06
5.150337830192445e-06,1.652484015143305,1.65,-0.0002774840424935607,5.349043873241947e-06
5.152337830192445e-06,1.652427363677312,1.65,-0.0002775862084482483,5.349043788233468e-06
5.154337830192445e-06,1.652370129008098,1.65,-0.0002775898357718294,5.349043785583269e-06
5.156337830192445e-06,1.652311612628509,1.65,-0.0002776781745958056,5.349043838524495e-06
5.158337830192445e-06,1.652251049615185,1.65,-0.0002776736403176069,5.349043908540883e-06
5.160337830192446e-06,1.652188184690007,1.65,-0.0002777511273571251,5.349044062756701e-06
5.162337830192446e-06,1.652122682429822,1.65,-0.0002777412196008922,5.349044171104809e-06
5.164337830192446e-06,1.652054671639982,1.65,-0.0002778108152472381,5.349044389125603e-06
5.166337830192446e-06,1.651984170169963,1.65,-0.0002777981668337189,5.349044502255286e-06
5.168337830192446e-06,1.651911602089921,1.65,-0.000277862531492698,5.349044749145554e-06
5.170337830192446e-06,1.651837240352008,1.65,-0.0002778493784471792,5.349044838200366e-06
5.172337830192447e-06,1.651761701153133,1.65,-0.0002779106774573493,5.349045086080722e-06
5.174337830192447e-06,1.651685407255146,1.65,-0.0002778987095878719,5.349045129523989e-06
5.176337830192447e-06,1.651609063369035,1.65,-0.0002779585107387552,5.349045357749803e-06
5.178337830192447e-06,1.651533142336057,1.65,-0.0002779488117930378,5.349045341294882e-06
5.180337830192447e-06,1.651458344633882,1.65,-0.0002780080664224599,5.349045537280447e-06
5.182337830192447e-06,1.651385108734498,1.65,-0.0002780011313097955,5.349045455221255e-06
5.184337830192447e-06,1.651314056978176,1.65,-0.0002780602246011913,5.349045614794901e-06
5.186337830192448e-06,1.651245530560815,1.65,-0.0002780560364026079,5.34904546853917e-06
5.188337830192448e-06,1.651180023098181,1.65,-0.0002781148863809255,5.349045593569296e-06
5.190337830192448e-06,1.651117739826101,1.65,-0.0002781130313939457,5.349045390154704e-06
5.192337830192448e-06,1.65105901938048,1.65,-0.0002781712175748494,5.349045488574203e-06
5.194337830192448e-06,1.651003916084537,1.65,-0.0002781710208706899,5.349045238834727e-06
5.196337830192448e-06,1.650952609821103,1.65,-0.0002782279219147499,5.349045320420811e-06
5.198337830192448e-06,1.650905009742493,1.65,-0.0002782285825221189,5.34904503806121e-06
5.200337830192449e-06,1.650861151672116,1.65,-0.0002782835075418917,5.349045114518875e-06
5.202337830192449e-06,1.650820821266028,1.65,-0.0002782842213475129,5.349044812215443e-06
5.204337830192449e-06,1.65078393814727,1.65,-0.0002783365215804151,5.349044894705858e-06
5.206337830192449e-06,1.65075019647813,1.65,-0.0002783365788048952,5.34904458487162e-06
5.208337830192449e-06,1.650719435023367,1.65,-0.0002783857314225601,5.349044683187249e-06
5.210337830192449e-06,1.650691293147359,1.65,-0.0002783845847789109,5.349044375826019e-06
5.21233783019245e-06,1.650665566119584,1.65,-0.00027843024491994,5.349044496839097e-06
5.21433783019245e-06,1.650641874833436,1.65,-0.0002784275455626112,5.34904419902945e-06
5.21633783019245e-06,1.650620005926136,1.65,-0.0002784695678286762,5.349044346592126e-06
5.21833783019245e-06,1.650599593803344,1.65,-0.0002784651714675667,5.34904406198927e-06
5.22033783019245e-06,1.650580445440298,1.65,-0.0002785036032945727,5.34904423741375e-06
5.22233783019245e-06,1.650562233649838,1.65,-0.0002784975522417985,5.349043967588442e-06
5.22433783019245e-06,1.65054480679317,1.65,-0.0002785326062002578,5.349044169855063e-06
5.226337830192451e-06,1.650527892571872,1.65,-0.0002785250935025163,5.349043913502188e-06
5.228337830192451e-06,1.650511393080489,1.65,-0.0002785571056975179,5.349044139169014e-06
5.230337830192451e-06,1.650495098724917,1.65,-0.0002785484287837028,5.349043893506432e-06
5.232337830192451e-06,1.650478969351674,1.65,-0.000278577810861015,5.349044138210129e-06
5.234337830192451e-06,1.650462858071147,1.65,-0.0002785683224336197,5.349043899675555e-06
5.236337830192451e-06,1.650446779316931,1.65,-0.0002785955133614529,5.349044158061309e-06
5.238337830192452e-06,1.650430642576192,1.65,-0.0002785855756222317,5.349043922278707e-06
5.240337830192452e-06,1.650414508311147,1.65,-0.0002786109993579309,5.349044189796686e-06
5.242337830192452e-06,1.650398331610849,1.65,-0.000278600945431262,5.349043953264482e-06
5.244337830192452e-06,1.65038220695867,1.65,-0.0002786249778905139,5.34904422515894e-06
5.246337830192452e-06,1.650366121893795,1.65,-0.0002786150838359481,5.349043984250653e-06
5.248337830192452e-06,1.650350191503686,1.65,-0.0002786380304844445,5.34904425660765e-06
5.250337830192452e-06,1.650334422069173,1.65,-0.0002786284990513051,5.349044008965576e-06
5.252337830192453e-06,1.650318936120763,1.65,-0.0002786505846805418,5.349044279147849e-06
5.254337830192453e-06,1.650303746061668,1.65,-0.000278641539368336,5.349044023407892e-06
5.256337830192453e-06,1.650288970434886,1.65,-0.000278662907515989,5.349044289956849e-06
5.258337830192453e-06,1.650274617326219,1.65,-0.0002786543969950776,5.349044026134872e-06
5.260337830192453e-06,1.650260792453759,1.65,-0.0002786751181903781,5.349044288323668e-06
5.262337830192453e-06,1.650247492083457,1.65,-0.0002786671274131095,5.349044016275382e-06
5.264337830192453e-06,1.650234803339116,1.65,-0.0002786872131892581,5.349044274586931e-06
5.266337830192454e-06,1.650222706307703,1.65,-0.0002786796789397594,5.349043996312912e-06
5.268337830192454e-06,1.650211266866024,1.65,-0.000278699098919285,5.34904425119737e-06
5.270337830192454e-06,1.650200447539184,1.65,-0.0002786919280550044,5.349043967902782e-06
5.272337830192454e-06,1.650190293092387,1.65,-0.0002787106281763249,5.349044220859864e-06
5.274337830192454e-06,1.650180749656232,1.65,-0.0002787037148848158,5.349043934613532e-06
5.276337830192454e-06,1.650171843241391,1.65,-0.0002787216341092093,5.349044187294441e-06
5.278337830192455e-06,1.650163506651439,1.65,-0.0002787148749459741,5.349043899877572e-06
5.280337830192455e-06,1.650155751038999,1.65,-0.0002787319589441999,5.349044152913594e-06
5.282337830192455e-06,1.650148500116456,1.65,-0.0002787252649559716,5.349043865862519e-06
5.284337830192455e-06,1.6501417548809,1.65,-0.0002787414761237429,5.349044120479735e-06
5.286337830192455e-06,1.650135434638565,1.65,-0.0002787347806765297,5.349043835117402e-06
5.288337830192455e-06,1.650129535044325,1.65,-0.0002787501040137367,5.349044092186154e-06
5.290337830192455e-06,1.650123975543124,1.65,-0.0002787433663861419,5.349043809454857e-06
5.292337830192456e-06,1.650118750842213,1.65,-0.0002787578114356047,5.349044068781015e-06
5.294337830192456e-06,1.650113784405291,1.65,-0.000278751016830007,5.349043789386114e-06
5.296337830192456e-06,1.650109073561145,1.65,-0.0002787646161485132,5.349044051553957e-06
5.298337830192456e-06,1.650104548719104,1.65,-0.0002787577728986175,5.349043775315959e-06
5.300337830192456e-06,1.650100212330359,1.65,-0.0002787705780632073,5.349044039590526e-06
5.302337830192456e-06,1.650096003562084,1.65,-0.0002787637122855127,5.349043766679009e-06
5.304337830192456e-06,1.650091931367012,1.65,-0.0002787757883356153,5.349044032558223e-06
5.306337830192457e-06,1.650087944396236,1.65,-0.0002787689383739044,5.34904376259677e-06
5.308337830192457e-06,1.650084058409817,1.65,-0.0002787803576447413,5.349044029399989e-06
5.310337830192457e-06,1.650080231266692,1.65,-0.0002787735670499347,5.34904376174765e-06
5.312337830192457e-06,1.650076484970613,1.65,-0.0002787844029400051,5.349044028651202e-06
5.314337830192457e-06,1.650072785550212,1.65,-0.0002787777155216149,5.349043763175233e-06
5.316337830192457e-06,1.650069160038451,1.65,-0.0002787880374903364,5.349044029457919e-06
5.318337830192458e-06,1.650065581094263,1.65,-0.0002787814920112544,5.349043765347142e-06
5.320337830192458e-06,1.650062079159423,1.65,-0.0002787913615307738,5.349044030467517e-06
5.322337830192458e-06,1.650058631722891,1.65,-0.0002787849887077156,5.349043767754604e-06
5.324337830192458e-06,1.650055270898532,1.65,-0.0002787944570485808,5.349044031313509e-06
5.326337830192458e-06,1.650051977167651,1.65,-0.0002787882776758889,5.34904376952604e-06
5.328337830192458e-06,1.650048782663758,1.65,-0.0002787973843881137,5.349044030788869e-06
5.330337830192458e-06,1.650045669241057,1.65,-0.0002787914088978812,5.349043769894278e-06
5.332337830192459e-06,1.650042667627779,1.65,-0.000278800182617653,5.349044028900127e-06
5.334337830192459e-06,1.650039759731104,1.65,-0.0002787944120263835,5.349043769116411e-06
5.336337830192459e-06,1.650036973851222,1.65,-0.0002788028715029937,5.349044025650004e-06
5.338337830192459e-06,1.650034291001411,1.65,-0.000278797298928257,5.349043766748125e-06
5.340337830192459e-06,1.650031736405315,1.65,-0.0002788054548852593,5.349044020934989e-06
5.342337830192459e-06,1.650029289679189,1.65,-0.0002788000677221303,5.349043763407355e-06
5.344337830192459e-06,1.650026972722815,1.65,-0.0002788079256272826,5.349044015163911e-06
5.34633783019246e-06,1.650024763624806,1.65,-0.0002788027077576421,5.349043759170897e-06
5.34833783019246e-06,1.65002268107211,1.65,-0.0002788102698055739,5.349044008728568e-06
5.35033783019246e-06,1.650020701798522,1.65,-0.0002788052040614253,5.349043754555372e-06
5.35233783019246e-06,1.65001884165758,1.65,-0.0002788124716023861,5.349044002077432e-06
5.35433783019246e-06,1.650017076439269,1.65,-0.0002788075415641203,5.349043749752824e-06
5.35633783019246e-06,1.650015419721063,1.65,-0.0002788145166474286,5.349043995193606e-06
5.358337830192461e-06,1.650013846895692,1.65,-0.0002788097080825379,5.349043745367742e-06
5.360337830192461e-06,1.650012369899366,1.65,-0.0002788163944352913,5.3490439890295e-06
5.362337830192461e-06,1.650010964310932,1.65,-0.0002788116963393103,5.349043741459891e-06
5.364337830192461e-06,1.650009641066762,1.65,-0.0002788181006051576,5.349043983218385e-06
5.366337830192461e-06,1.650008376472817,1.65,-0.0002788135052583784,5.349043738326914e-06
5.368337830192461e-06,1.650007181032325,1.65,-0.0002788196368591437,5.349043978345909e-06
5.370337830192461e-06,1.650006032248341,1.65,-0.0002788151400792596,5.34904373610303e-06
5.372337830192462e-06,1.650004940638058,1.65,-0.0002788210108896313,5.349043974420169e-06
5.374337830192462e-06,1.650003885216865,1.65,-0.00027881661122466,5.349043734940464e-06
5.376337830192462e-06,1.650002876832933,1.65,-0.0002788222350283421,5.349043971263634e-06
5.378337830192462e-06,1.650001896190382,1.65,-0.0002788179335153051,5.349043734306215e-06
5.380337830192462e-06,1.650000954618521,1.65,-0.0002788233253894707,5.349043968663636e-06
5.382337830192462e-06,1.650000034564441,1.65,-0.0002788191242714756,5.349043734208913e-06
5.384337830192462e-06,1.649999147868145,1.65,-0.0002788242997782567,5.349043966291661e-06
5.386337830192463e-06,1.649998278616675,1.65,-0.000278820202065329,5.349043734488328e-06
5.388337830192463e-06,1.649997439082082,1.65,-0.0002788251764103316,5.349043964615224e-06
5.390337830192463e-06,1.649996614835019,1.65,-0.0002788211848710844,5.349043735419556e-06
5.392337830192463e-06,1.649995818412492,1.65,-0.0002788259723790058,5.349043963279879e-06
5.394337830192463e-06,1.649995036623414,1.65,-0.0002788220891824156,5.349043736227508e-06
5.396337830192463e-06,1.649994282063989,1.65,-0.0002788267026244537,5.349043961540343e-06
5.398337830192464e-06,1.649993542534265,1.65,-0.000278822928921407,5.349043737150857e-06
5.400337830192464e-06,1.649992830474928,1.65,-0.000278827379549287,5.349043960137783e-06
5.402337830192464e-06,1.649992134418338,1.65,-0.0002788237151616677,5.349043738057211e-06
5.404337830192464e-06,1.649991466453359,1.65,-0.0002788280123831826,5.349043958435605e-06
5.406337830192464e-06,1.649990815624422,1.65,-0.0002788244558230001,5.349043738817252e-06
5.408337830192464e-06,1.649990193497683,1.65,-0.0002788286075378746,5.349043956877e-06
5.410337830192464e-06,1.649989589454003,1.65,-0.0002788251562075587,5.349043739322803e-06
5.412337830192465e-06,1.649989014429379,1.65,-0.0002788291688308702,5.349043954836927e-06
5.414337830192465e-06,1.649988458007104,1.65,-0.0002788258192289338,5.349043739842304e-06
5.416337830192465e-06,1.649987930433527,1.65,-0.0002788296979599252,5.349043952810535e-06
5.418337830192465e-06,1.649987421429544,1.65,-0.0002788264459986063,5.349043740142217e-06
5.420337830192465e-06,1.649986940541754,1.65,-0.000278830195200399,5.349043950598356e-06
5.422337830192465e-06,1.649986477604569,1.65,-0.0002788270364224628,5.349043740265096e-06
5.424337830192465e-06,1.649986041489126,1.65,-0.0002788306599424372,5.349043948102238e-06
5.426337830192466e-06,1.64998562217336,1.65,-0.0002788275900111196,5.349043740312515e-06
5.428337830192466e-06,1.649985227920599,1.65,-0.0002788310914943779,5.349043946026349e-06
5.430337830192466e-06,1.649984848883142,1.65,-0.0002788281059866409,5.349043740800778e-06
5.432337830192466e-06,1.64998449280684,1.65,-0.0002788314890539865,5.349043944035163e-06
5.434337830192466e-06,1.649984150090714,1.65,-0.000278828584261045,5.34904374096635e-06
5.436337830192466e-06,1.649983828049778,1.65,-0.0002788318526033881,5.349043941739808e-06
5.438337830192467e-06,1.649983517384829,1.65,-0.0002788290251206294,5.349043741422764e-06
5.440337830192467e-06,1.649983225078464,1.65,-0.0002788321827140471,5.349043939740556e-06
5.442337830192467e-06,1.649982942194145,1.65,-0.0002788294296288431,5.349043741706239e-06
5.444337830192467e-06,1.64998267545804,1.65,-0.0002788324806171897,5.349043937849315e-06
5.446337830192467e-06,1.649982416346752,1.65,-0.0002788297996586586,5.349043742499708e-06
5.448337830192467e-06,1.649982171390504,1.65,-0.0002788327484112164,5.34904393626686e-06
5.450337830192467e-06,1.649981932501989,1.65,-0.0002788301375042079,5.349043743165234e-06
5.452337830192468e-06,1.649981706060747,1.65,-0.0002788329884637841,5.34904393457529e-06
5.454337830192468e-06,1.649981484425796,1.65,-0.0002788304461098751,5.349043743973007e-06
5.456337830192468e-06,1.649981273845976,1.65,-0.0002788332037364283,5.349043933002941e-06
5.458337830192468e-06,1.649981067124689,1.65,-0.0002788307285201577,5.349043744845412e-06
5.460337830192468e-06,1.649980870390797,1.65,-0.0002788333972632062,5.349043931420833e-06
5.462337830192468e-06,1.649980676859236,1.65,-0.0002788309878392755,5.349043745530661e-06
5.464337830192468e-06,1.649980492539557,1.65,-0.0002788335719404712,5.349043929936311e-06
5.466337830192469e-06,1.649980311030724,1.65,-0.0002788312270492358,5.349043746632551e-06
5.468337830192469e-06,1.649980138192816,1.65,-0.0002788337305721,5.349043928741122e-06
5.470337830192469e-06,1.649979967968414,1.65,-0.0002788314488448928,5.349043747627031e-06
5.472337830192469e-06,1.649979806058657,1.65,-0.0002788338754000709,5.349043927341135e-06
5.474337830192469e-06,1.649979646711505,1.65,-0.0002788316554559076,5.349043748691687e-06
5.476337830192469e-06,1.649979495433673,1.65,-0.000278834008604581,5.349043926279486e-06
5.47833783019247e-06,1.649979346732089,1.65,-0.0002788318488565015,5.349043749860425e-06
5.48033783019247e-06,1.64997920591082,1.65,-0.0002788341315437169,5.349043924898229e-06
5.48233783019247e-06,1.649979067705897,1.65,-0.0002788320304149784,5.349043750849404e-06
5.48433783019247e-06,1.64997893720238,1.65,-0.0002788342455445335,5.349043923861881e-06
5.48633783019247e-06,1.649978809330845,1.65,-0.0002788322011265159,5.349043751952941e-06
5.48833783019247e-06,1.649978688952914,1.65,-0.0002788343512451879,5.349043922564329e-06
5.49033783019247e-06,1.649978571178882,1.65,-0.0002788323618580119,5.349043752804571e-06
5.492337830192471e-06,1.649978460634514,1.65,-0.0002788344492237702,5.349043921101748e-06
5.494337830192471e-06,1.649978352596876,1.65,-0.0002788325129661747,5.349043753736925e-06
5.496337830192471e-06,1.649978251469831,1.65,-0.0002788345398283126,5.349043919739635e-06
5.498337830192471e-06,1.64997815268423,1.65,-0.0002788326546972492,5.349043754507782e-06
5.500337830192471e-06,1.649978060430549,1.65,-0.0002788346231502535,5.349043918384214e-06
5.502337830192471e-06,1.64997797029184,1.65,-0.0002788327875992477,5.349043755347201e-06
5.504337830192471e-06,1.64997788626296,1.65,-0.0002788346994223804,5.349043917054263e-06
5.506337830192472e-06,1.649977804083878,1.65,-0.0002788329116021931,5.349043756336369e-06
5.508337830192472e-06,1.649977727564447,1.65,-0.0002788347687367588,5.349043915945592e-06
5.510337830192472e-06,1.649977652600982,1.65,-0.0002788330269864128,5.349043757180827e-06
5.512337830192472e-06,1.649977582831264,1.65,-0.0002788348313753668,5.349043914557569e-06
5.514337830192472e-06,1.649977514317137,1.65,-0.0002788331342341605,5.349043758004672e-06
5.516337830192472e-06,1.649977450548126,1.65,-0.0002788348876206121,5.349043913282454e-06
5.518337830192473e-06,1.649977387746145,1.65,-0.0002788332336001688,5.349043758995914e-06
5.520337830192473e-06,1.649977329264903,1.65,-0.0002788349378588501,5.349043912240947e-06
5.522337830192473e-06,1.649977271491485,1.65,-0.000278833325601764,5.349043759966752e-06
5.524337830192473e-06,1.649977217653751,1.65,-0.0002788349825250736,5.349043910996055e-06
5.526337830192473e-06,1.649977164302572,1.65,-0.0002788334107774365,5.349043760783734e-06
5.528337830192473e-06,1.649977114555314,1.65,-0.000278835022061304,5.349043909818844e-06
5.530337830192473e-06,1.649977065122247,1.65,-0.0002788334896717781,5.349043761818311e-06
5.532337830192474e-06,1.649977019001367,1.65,-0.0002788350570354179,5.349043909151334e-06
5.534337830192474e-06,1.649976973057369,1.65,-0.0002788335629429479,5.349043763025024e-06
5.536337830192474e-06,1.649976930185347,1.65,-0.000278835088009278,5.349043908038194e-06
5.538337830192474e-06,1.649976887401708,1.65,-0.0002788336311224832,5.349043763951383e-06
5.540337830192474e-06,1.649976847495121,1.65,-0.0002788351154178465,5.349043906980925e-06
5.542337830192474e-06,1.649976807615897,1.65,-0.0002788336946692323,5.34904376504449e-06
5.544337830192474e-06,1.649976770455744,1.65,-0.000278835139784057,5.349043906092442e-06
5.546337830192475e-06,1.649976733296175,1.65,-0.0002788337541167774,5.349043765920174e-06
5.548337830192475e-06,1.649976698725582,1.65,-0.0002788351614796232,5.349043904963161e-06
5.550337830192475e-06,1.64997666414733,1.65,-0.0002788338099015878,5.349043766798749e-06
5.552337830192475e-06,1.64997663204122,1.65,-0.0002788351808201632,5.349043903875424e-06
5.554337830192475e-06,1.649976599922218,1.65,-0.0002788338623519728,5.349043767780094e-06
5.556337830192475e-06,1.649976570171526,1.65,-0.0002788351980536114,5.349043902861476e-06
5.558337830192476e-06,1.649976540409245,1.65,-0.0002788339116885471,5.349043768529816e-06
5.560337830192476e-06,1.649976512915417,1.65,-0.0002788352134932675,5.34904390207854e-06
5.562337830192476e-06,1.649976485410338,1.65,-0.0002788339582510911,5.349043769592436e-06
5.564337830192476e-06,1.649976460075492,1.65,-0.0002788352272661427,5.349043901019759e-06
5.566337830192476e-06,1.649976434726147,1.65,-0.0002788340021799852,5.349043770472468e-06
5.568337830192476e-06,1.649976411447498,1.65,-0.0002788352394862069,5.349043900058142e-06
5.570337830192476e-06,1.6499763881383,1.65,-0.0002788340435631317,5.349043771528429e-06
5.572337830192477e-06,1.649976366792981,1.65,-0.0002788352501756269,5.349043899160217e-06
5.574337830192477e-06,1.64997634539878,1.65,-0.0002788340826092038,5.349043772158282e-06
5.576337830192477e-06,1.649976325858642,1.65,-0.000278835259529976,5.349043898009231e-06
5.578337830192477e-06,1.649976306242958,1.65,-0.0002788341193812314,5.349043772930791e-06
5.580337830192477e-06,1.649976288368382,1.65,-0.0002788352675196356,5.349043897191796e-06
5.582337830192477e-06,1.649976270381929,1.65,-0.0002788341539963333,5.349043773926692e-06
5.584337830192477e-06,1.649976254025136,1.65,-0.0002788352743152137,5.349043896264921e-06
5.586337830192478e-06,1.649976237526943,1.65,-0.0002788341864918439,5.349043774949056e-06
5.588337830192478e-06,1.649976222548009,1.65,-0.000278835279913863,5.349043895465705e-06
5.590337830192478e-06,1.649976207398573,1.65,-0.0002788342170776047,5.349043775701126e-06
5.592337830192478e-06,1.649976193664639,1.65,-0.0002788352843656045,5.349043894518111e-06
5.594337830192478e-06,1.649976179724989,1.65,-0.0002788342457637278,5.349043776182078e-06
5.596337830192478e-06,1.649976167099765,1.65,-0.0002788352878402357,5.349043893364012e-06
5.598337830192479e-06,1.649976154242895,1.65,-0.0002788342727461581,5.349043777036834e-06
5.600337830192479e-06,1.649976142610576,1.65,-0.0002788352903733817,5.349043892613469e-06
5.602337830192479e-06,1.64997613072927,1.65,-0.0002788342980730812,5.349043778136015e-06
5.604337830192479e-06,1.649976119990789,1.65,-0.0002788352921056809,5.349043891866879e-06
5.606337830192479e-06,1.649976108987368,1.65,-0.000278834321884781,5.349043778880379e-06
5.608337830192479e-06,1.64997609905698,1.65,-0.000278835293110439,5.349043890995125e-06
5.610337830192479e-06,1.649976088853326,1.65,-0.0002788343443735038,5.349043779554606e-06
5.61233783019248e-06,1.649976079654524,1.65,-0.0002788352934465939,5.349043890172044e-06
5.61433783019248e-06,1.649976070183815,1.65,-0.0002788343656243599,5.349043780483081e-06
5.61633783019248e-06,1.649976061660191,1.65,-0.0002788352931985085,5.349043889346399e-06
5.61833783019248e-06,1.649976052863122,1.65,-0.0002788343856150613,5.349043781371148e-06
5.62033783019248e-06,1.649976044964718,1.65,-0.0002788352925298051,5.349043888698094e-06
5.62233783019248e-06,1.649976036801111,1.65,-0.0002788344046281866,5.349043782076018e-06
5.624337830192481e-06,1.649976029485212,1.65,-0.0002788352914302708,5.349043887752778e-06
5.626337830192481e-06,1.649976021908171,1.65,-0.0002788344225872906,5.349043782777172e-06
5.628337830192481e-06,1.649976015138324,1.65,-0.0002788352899694884,5.349043886906568e-06
5.630337830192481e-06,1.649976008118557,1.65,-0.0002788344396809698,5.349043783541662e-06
5.632337830192481e-06,1.649976001866074,1.65,-0.0002788352881762078,5.349043886187329e-06
5.634337830192481e-06,1.649975995369728,1.65,-0.0002788344559381437,5.349043784167348e-06
5.636337830192481e-06,1.649975989601532,1.65,-0.0002788352860928083,5.349043885510194e-06
5.638337830192482e-06,1.649975983601221,1.65,-0.0002788344713876542,5.349043785207334e-06
5.640337830192482e-06,1.64997597829212,1.65,-0.000278835283814321,5.349043884872415e-06
5.642337830192482e-06,1.649975972757862,1.65,-0.0002788344860714433,5.349043786044624e-06
5.644337830192482e-06,1.649975967877373,1.65,-0.0002788352813429951,5.349043884045956e-06
5.646337830192482e-06,1.649975962775426,1.65,-0.0002788345000583827,5.349043786496987e-06
5.648337830192482e-06,1.64997595828853,1.65,-0.0002788352785484237,5.349043883235761e-06
5.650337830192482e-06,1.649975953588495,1.65,-0.0002788345133376091,5.349043787254148e-06
5.652337830192483e-06,1.649975949470777,1.65,-0.0002788352757384649,5.34904388245614e-06
5.654337830192483e-06,1.649975945144655,1.65,-0.0002788345260573339,5.349043788090203e-06
5.656337830192483e-06,1.64997594136737,1.65,-0.0002788352727423754,5.349043881905827e-06
5.658337830192483e-06,1.649975937387147,1.65,-0.0002788345381132964,5.349043788715473e-06
5.660337830192483e-06,1.649975933920332,1.65,-0.0002788352695490152,5.349043881189617e-06
5.662337830192483e-06,1.649975930251767,1.65,-0.0002788345496142569,5.349043789539963e-06
5.664337830192484e-06,1.649975927068408,1.65,-0.0002788352662670348,5.349043880453165e-06
5.666337830192484e-06,1.649975923690944,1.65,-0.0002788345606018744,5.349043790103309e-06
5.668337830192484e-06,1.649975920767803,1.65,-0.0002788352629246565,5.349043879677712e-06
5.670337830192484e-06,1.649975917654274,1.65,-0.0002788345710913203,5.3490437905368e-06
5.672337830192484e-06,1.649975914966941,1.65,-0.0002788352594972058,5.349043878885993e-06
5.674337830192484e-06,1.649975912094081,1.65,-0.0002788345811242578,5.349043791290619e-06
5.676337830192484e-06,1.649975909620668,1.65,-0.0002788352559065835,5.349043878232744e-06
5.678337830192485e-06,1.64997590696769,1.65,-0.0002788345906091986,5.34904379197503e-06
5.680337830192485e-06,1.649975904686694,1.65,-0.0002788352522873274,5.349043877694082e-06
5.682337830192485e-06,1.649975902228169,1.65,-0.0002788345997473363,5.349043792773493e-06
5.684337830192485e-06,1.649975900120403,1.65,-0.0002788352485746151,5.349043876994065e-06
5.686337830192485e-06,1.649975897845021,1.65,-0.0002788346084467295,5.349043793190215e-06
5.688337830192485e-06,1.649975895899419,1.65,-0.000278835244888947,5.349043876262376e-06
5.690337830192485e-06,1.649975893792705,1.65,-0.0002788346167748111,5.349043793774152e-06
5.692337830192486e-06,1.649975891995224,1.65,-0.0002788352412047913,5.349043875617285e-06
5.694337830192486e-06,1.64997589004372,1.65,-0.0002788346247591968,5.349043794498821e-06
5.696337830192486e-06,1.649975888382965,1.65,-0.0002788352374831829,5.349043874978256e-06
5.698337830192486e-06,1.649975886576072,1.65,-0.0002788346324140014,5.349043794960664e-06
5.700337830192486e-06,1.649975885042886,1.65,-0.0002788352337780425,5.349043874319788e-06
5.702337830192486e-06,1.649975883370326,1.65,-0.0002788346397665407,5.349043795837038e-06
5.704337830192487e-06,1.649975881954664,1.65,-0.0002788352300369404,5.349043873894536e-06
5.706337830192487e-06,1.649975880407631,1.65,-0.0002788346468308126,5.349043796361053e-06
5.708337830192487e-06,1.649975879101637,1.65,-0.0002788352263934612,5.349043873148765e-06
5.710337830192487e-06,1.649975877672154,1.65,-0.0002788346536207024,5.349043796926395e-06
5.712337830192487e-06,1.649975876469534,1.65,-0.0002788352226752812,5.349043872567974e-06
5.714337830192487e-06,1.649975875149778,1.65,-0.0002788346601500319,5.349043797428255e-06
5.716337830192487e-06,1.649975874042054,1.65,-0.000278835219015972,5.349043871998231e-06
5.718337830192488e-06,1.649975872822994,1.65,-0.0002788346664194522,5.349043798151548e-06
5.720337830192488e-06,1.649975871798526,1.65,-0.0002788352153764129,5.34904387141338e-06
5.722337830192488e-06,1.649975870667549,1.65,-0.0002788346724830517,5.349043798562957e-06
5.724337830192488e-06,1.649975869722146,1.65,-0.000278835211837008,5.349043870819173e-06
5.726337830192488e-06,1.649975868678969,1.65,-0.0002788346782878107,5.349043799404138e-06
5.728337830192488e-06,1.649975867808342,1.65,-0.0002788352083048518,5.349043870471691e-06
5.730337830192488e-06,1.649975866846598,1.65,-0.0002788346839272009,5.34904379998655e-06
5.732337830192489e-06,1.6499758660468,1.65,-0.0002788352047936247,5.349043869836063e-06
5.734337830192489e-06,1.649975865163156,1.65,-0.0002788346893616039,5.349043800472073e-06
5.736337830192489e-06,1.649975864429573,1.65,-0.000278835201330215,5.34904386924055e-06
5.738337830192489e-06,1.649975863616687,1.65,-0.0002788346945648714,5.349043800861071e-06
5.740337830192489e-06,1.649975862942325,1.65,-0.0002788351979417493,5.349043868653161e-06
5.742337830192489e-06,1.649975862194324,1.65,-0.0002788346995906679,5.349043801492562e-06
5.74433783019249e-06,1.649975861574731,1.65,-0.0002788351945754254,5.349043868127284e-06
5.74633783019249e-06,1.649975860886455,1.65,-0.0002788347044925369,5.349043801931123e-06
5.74833783019249e-06,1.649975860316832,1.65,-0.0002788351912449105,5.34904386755485e-06
5.75033783019249e-06,1.649975859683811,1.65,-0.0002788347091511549,5.349043802657093e-06
5.75233783019249e-06,1.649975859158851,1.65,-0.0002788351879904577,5.349043867367915e-06
5.75433783019249e-06,1.649975858574984,1.65,-0.0002788347136999112,5.349043803359717e-06
5.75633783019249e-06,1.649975858090137,1.65,-0.0002788351847592771,5.349043866865216e-06
5.758337830192491e-06,1.649975857551314,1.65,-0.0002788347180992383,5.349043803901004e-06
5.760337830192491e-06,1.649975857103324,1.65,-0.0002788351815915324,5.349043866341553e-06
5.762337830192491e-06,1.649975856606679,1.65,-0.0002788347223360676,5.349043804221144e-06
5.764337830192491e-06,1.649975856192926,1.65,-0.000278835178474131,5.349043865619642e-06
5.766337830192491e-06,1.649975855734793,1.65,-0.0002788347264505222,5.34904380448023e-06
5.768337830192491e-06,1.64997585535162,1.65,-0.000278835175340863,5.349043864966349e-06
5.770337830192491e-06,1.649975854928618,1.65,-0.0002788347304295677,5.349043804975872e-06
5.772337830192492e-06,1.649975854572433,1.65,-0.0002788351723515456,5.349043864442522e-06
5.774337830192492e-06,1.649975854179951,1.65,-0.000278834734273509,5.349043805366578e-06
5.776337830192492e-06,1.649975853847625,1.65,-0.0002788351693735019,5.349043863976034e-06
5.778337830192492e-06,1.649975853484366,1.65,-0.0002788347379825108,5.349043805807359e-06
5.780337830192492e-06,1.649975853175297,1.65,-0.0002788351664599883,5.349043863612636e-06
5.782337830192492e-06,1.649975852839057,1.65,-0.0002788347416231601,5.349043806586708e-06
5.784337830192493e-06,1.649975852550996,1.65,-0.0002788351635978742,5.34904386321899e-06
5.786337830192493e-06,1.649975852241177,1.65,-0.0002788347451290801,5.349043807001941e-06
5.788337830192493e-06,1.649975851973802,1.65,-0.0002788351607871936,5.349043862793689e-06
5.790337830192493e-06,1.649975851688481,1.65,-0.0002788347485269474,5.349043807580072e-06
5.792337830192493e-06,1.64997585144071,1.65,-0.000278835158014762,5.349043862201327e-06
5.794337830192493e-06,1.649975851179115,1.65,-0.0002788347518301275,5.349043807758849e-06
5.796337830192493e-06,1.649975850949088,1.65,-0.0002788351553205666,5.349043861655007e-06
5.798337830192494e-06,1.649975850708972,1.65,-0.0002788347550387732,5.349043808228181e-06
5.800337830192494e-06,1.649975850496347,1.65,-0.0002788351526249249,5.349043861186998e-06
5.802337830192494e-06,1.649975850277868,1.65,-0.0002788347581528912,5.349043808564163e-06
5.804337830192494e-06,1.64997585008179,1.65,-0.0002788351500076417,5.349043860745731e-06
5.806337830192494e-06,1.649975849882551,1.65,-0.0002788347611726025,5.349043808983547e-06
5.808337830192494e-06,1.649975849700759,1.65,-0.0002788351474688902,5.349043860303396e-06
5.810337830192494e-06,1.649975849519518,1.65,-0.0002788347641512235,5.349043809558435e-06
5.812337830192495e-06,1.649975849351872,1.65,-0.0002788351449821291,5.349043859876087e-06
5.814337830192495e-06,1.649975849187296,1.65,-0.0002788347670223265,5.349043809999156e-06
5.816337830192495e-06,1.649975849031325,1.65,-0.0002788351425209066,5.349043859618236e-06
5.818337830192495e-06,1.649975848881555,1.65,-0.0002788347697993689,5.349043810468631e-06
5.820337830192495e-06,1.649975848736312,1.65,-0.0002788351400986238,5.349043859276117e-06
5.822337830192495e-06,1.649975848600192,1.65,-0.000278834772562208,5.349043811072337e-06
5.824337830192496e-06,1.649975848465174,1.65,-0.0002788351377419353,5.349043858942292e-06
5.826337830192496e-06,1.649975848342163,1.65,-0.0002788347751779178,5.349043811400854e-06
5.828337830192496e-06,1.649975848216563,1.65,-0.0002788351354242982,5.349043858351624e-06
5.830337830192496e-06,1.649975848105276,1.65,-0.0002788347777662482,5.349043811743045e-06
5.832337830192496e-06,1.649975847987544,1.65,-0.0002788351331458219,5.349043858075264e-06
5.834337830192496e-06,1.649975847887097,1.65,-0.0002788347802741037,5.349043812186507e-06
5.836337830192496e-06,1.649975847777617,1.65,-0.0002788351309331178,5.34904385758136e-06
5.838337830192497e-06,1.649975847687649,1.65,-0.00027883478271478,5.349043812368115e-06
5.840337830192497e-06,1.649975847585013,1.65,-0.0002788351287197692,5.34904385705356e-06
5.842337830192497e-06,1.6499758475042,1.65,-0.0002788347851149717,5.349043812713305e-06
5.844337830192497e-06,1.649975847407146,1.65,-0.0002788351265989478,5.349043856634423e-06
5.846337830192497e-06,1.649975847333174,1.65,-0.0002788347874349223,5.349043813196039e-06
5.848337830192497e-06,1.649975847240283,1.65,-0.0002788351244777171,5.349043856286779e-06
5.850337830192497e-06,1.64997584717296,1.65,-0.0002788347897145813,5.349043813419026e-06
5.852337830192498e-06,1.649975847083916,1.65,-0.0002788351224092819,5.349043855821167e-06
5.854337830192498e-06,1.649975847022483,1.65,-0.0002788347918875062,5.349043813888716e-06
5.856337830192498e-06,1.649975846937003,1.65,-0.000278835120393681,5.349043855634635e-06
5.858337830192498e-06,1.649975846881477,1.65,-0.0002788347940201894,5.349043814460889e-06
5.860337830192498e-06,1.649975846799024,1.65,-0.0002788351184043407,5.349043855373421e-06
5.862337830192498e-06,1.649975846748058,1.65,-0.0002788347961127008,5.349043814801732e-06
5.864337830192499e-06,1.649975846668678,1.65,-0.000278835116454606,5.349043855017413e-06
5.866337830192499e-06,1.64997584662303,1.65,-0.0002788347982049001,5.349043815121474e-06
5.868337830192499e-06,1.649975846547197,1.65,-0.0002788351145843203,5.349043854484656e-06
5.870337830192499e-06,1.649975846507195,1.65,-0.000278834800230275,5.34904381543431e-06
5.872337830192499e-06,1.649975846435348,1.65,-0.00027883511270038,5.34904385412947e-06
5.874337830192499e-06,1.649975846401386,1.65,-0.0002788348021356085,5.349043815643164e-06
5.876337830192499e-06,1.649975846333603,1.65,-0.0002788351108825461,5.34904385378249e-06
5.8783378301925e-06,1.649975846305275,1.65,-0.0002788348040804708,5.34904381596532e-06
5.8803378301925e-06,1.649975846241618,1.65,-0.0002788351090643492,5.349043853333864e-06
5.8823378301925e-06,1.64997584621876,1.65,-0.0002788348059451972,5.349043816370605e-06
5.8843378301925e-06,1.649975846158494,1.65,-0.0002788351073123052,5.34904385318357e-06
5.8863378301925e-06,1.649975846140588,1.65,-0.0002788348077431308,5.34904381681103e-06
5.8883378301925e-06,1.649975846083725,1.65,-0.0002788351055865432,5.349043852790035e-06
5.8903378301925e-06,1.649975846070414,1.65,-0.0002788348095540634,5.349043817033371e-06
5.892337830192501e-06,1.64997584601631,1.65,-0.0002788351039269902,5.349043852447809e-06
5.894337830192501e-06,1.649975846007002,1.65,-0.0002788348113381514,5.349043817319514e-06
5.896337830192501e-06,1.649975845956124,1.65,-0.0002788351023203542,5.349043852095182e-06
5.898337830192501e-06,1.649975845951212,1.65,-0.0002788348130288805,5.349043817927434e-06
5.900337830192501e-06,1.649975845902918,1.65,-0.0002788351006469761,5.349043852012128e-06
5.902337830192501e-06,1.649975845901586,1.65,-0.0002788348147193804,5.349043818242333e-06
5.904337830192502e-06,1.649975845854956,1.65,-0.0002788350990398854,5.349043851746473e-06
5.906337830192502e-06,1.649975845855574,1.65,-0.0002788348163698563,5.349043818581882e-06
5.908337830192502e-06,1.649975845809419,1.65,-0.0002788350974725939,5.349043851441419e-06
5.910337830192502e-06,1.649975845812127,1.65,-0.0002788348179803473,5.349043818992547e-06
5.912337830192502e-06,1.649975845767668,1.65,-0.0002788350959583476,5.349043851310511e-06
5.914337830192502e-06,1.64997584577281,1.65,-0.0002788348195507953,5.349043819418569e-06
5.916337830192502e-06,1.649975845729309,1.65,-0.0002788350944173821,5.349043850811776e-06
5.918337830192503e-06,1.649975845736324,1.65,-0.0002788348211078415,5.349043819394727e-06
5.920337830192503e-06,1.649975845693423,1.65,-0.0002788350929561034,5.349043850387771e-06
5.922337830192503e-06,1.649975845701879,1.65,-0.0002788348226249222,5.349043819611696e-06
5.924337830192503e-06,1.649975845659853,1.65,-0.0002788350915080352,5.349043850044328e-06
5.926337830192503e-06,1.64997584566965,1.65,-0.0002788348240621417,5.349043820001914e-06
5.928337830192503e-06,1.649975845627242,1.65,-0.0002788350900599313,5.349043849849833e-06
5.930337830192503e-06,1.649975845637127,1.65,-0.0002788348254860755,5.349043820304586e-06
5.932337830192504e-06,1.649975845594023,1.65,-0.0002788350886916289,5.349043849486615e-06
5.934337830192504e-06,1.64997584560409,1.65,-0.0002788348269100286,5.349043820479417e-06
5.936337830192504e-06,1.649975845561133,1.65,-0.0002788350872967213,5.349043849173528e-06
5.938337830192504e-06,1.649975845572373,1.65,-0.00027883482826745,5.349043820716578e-06
5.940337830192504e-06,1.649975845529835,1.65,-0.0002788350859549404,5.349043848840262e-06
5.942337830192504e-06,1.64997584554208,1.65,-0.0002788348296514115,5.349043820979838e-06
5.944337830192505e-06,1.649975845499647,1.65,-0.0002788350846131182,5.349043848566862e-06
5.946337830192505e-06,1.649975845512835,1.65,-0.000278834831008741,5.349043821502158e-06
5.948337830192505e-06,1.649975845471105,1.65,-0.0002788350833377173,5.349043848633823e-06
5.950337830192505e-06,1.64997584548583,1.65,-0.0002788348323128012,5.349043821933442e-06
5.952337830192505e-06,1.649975845445812,1.65,-0.0002788350820621954,5.349043848363859e-06
5.954337830192505e-06,1.649975845463068,1.65,-0.0002788348336034071,5.349043822076643e-06
5.956337830192505e-06,1.649975845424877,1.65,-0.0002788350807998079,5.349043848047231e-06
5.958337830192506e-06,1.649975845443724,1.65,-0.0002788348348539965,5.349043822324982e-06
5.960337830192506e-06,1.649975845406395,1.65,-0.0002788350795639222,5.349043847748667e-06
5.962337830192506e-06,1.649975845426939,1.65,-0.0002788348361044906,5.34904382271225e-06
5.964337830192506e-06,1.649975845390414,1.65,-0.00027883507834124,5.349043847699308e-06
5.966337830192506e-06,1.649975845411498,1.65,-0.0002788348372884523,5.349043823058634e-06
5.968337830192506e-06,1.649975845375489,1.65,-0.0002788350771982974,5.349043847320326e-06
5.970337830192506e-06,1.649975845397742,1.65,-0.0002788348385122407,5.349043823105709e-06
5.972337830192507e-06,1.649975845362332,1.65,-0.0002788350760286959,5.349043846854095e-06
5.974337830192507e-06,1.649975845385202,1.65,-0.0002788348396695015,5.34904382301843e-06
5.976337830192507e-06,1.649975845349755,1.65,-0.000278835074859073,5.349043846365561e-06
5.978337830192507e-06,1.649975845372494,1.65,-0.000278834840866658,5.349043823139492e-06
5.980337830192507e-06,1.649975845336724,1.65,-0.0002788350737692459,5.349043846022617e-06
5.982337830192507e-06,1.649975845359747,1.65,-0.0002788348419973336,5.349043823458319e-06
5.984337830192508e-06,1.649975845324241,1.65,-0.0002788350726262124,5.349043845918359e-06
5.986337830192508e-06,1.64997584534762,1.65,-0.0002788348431013931,5.349043823720508e-06
5.988337830192508e-06,1.649975845312141,1.65,-0.0002788350715363506,5.349043845701672e-06
5.990337830192508e-06,1.649975845336276,1.65,-0.0002788348441921269,5.34904382397608e-06
5.992337830192508e-06,1.64997584530165,1.65,-0.0002788350704597254,5.349043845494023e-06
5.994337830192508e-06,1.649975845326638,1.65,-0.0002788348452695009,5.349043824254545e-06
5.996337830192508e-06,1.649975845292698,1.65,-0.000278835069409636,5.349043845233081e-06
5.998337830192509e-06,1.64997584531835,1.65,-0.0002788348463069352,5.349043824450196e-06
6.000337830192509e-06,1.649975845284687,1.65,-0.0002788350683994011,5.349043845009619e-06
6.002337830192509e-06,1.649975845310798,1.65,-0.0002788348473310455,5.349043824803742e-06
6.004337830192509e-06,1.649975845277492,1.65,-0.0002788350673625427,5.349043844976398e-06
6.006337830192509e-06,1.64997584530414,1.65,-0.0002788348483551226,5.349043825111616e-06
6.008337830192509e-06,1.649975845271257,1.65,-0.0002788350663522417,5.349043844668237e-06
6.01033783019251e-06,1.649975845298496,1.65,-0.0002788348493525691,5.349043825342584e-06
6.01233783019251e-06,1.649975845266467,1.65,-0.0002788350653817764,5.349043844551354e-06
6.01433783019251e-06,1.649975845294408,1.65,-0.0002788348503233647,5.349043825602995e-06
6.01633783019251e-06,1.649975845263072,1.65,-0.0002788350643846662,5.349043844421556e-06
6.01833783019251e-06,1.649975845291518,1.65,-0.0002788348513074121,5.349043825870417e-06
6.02033783019251e-06,1.649975845260001,1.65,-0.0002788350634540263,5.349043844230745e-06
6.02233783019251e-06,1.649975845288317,1.65,-0.0002788348522914712,5.34904382622385e-06
6.024337830192511e-06,1.649975845257237,1.65,-0.0002788350625233752,5.349043844209576e-06
6.026337830192511e-06,1.649975845286333,1.65,-0.0002788348532090026,5.349043826531188e-06
6.028337830192511e-06,1.649975845255868,1.65,-0.0002788350615793755,5.349043844088841e-06
6.030337830192511e-06,1.649975845285106,1.65,-0.0002788348541265058,5.349043826750743e-06
6.032337830192511e-06,1.649975845254745,1.65,-0.0002788350606752562,5.349043843690221e-06
6.034337830192511e-06,1.649975845284254,1.65,-0.0002788348550838846,5.349043826774127e-06
6.036337830192511e-06,1.649975845254091,1.65,-0.0002788350597844159,5.349043843311606e-06
6.038337830192512e-06,1.649975845283683,1.65,-0.0002788348559614739,5.349043826756658e-06
6.040337830192512e-06,1.649975845253656,1.65,-0.0002788350588802711,5.349043842996386e-06
6.042337830192512e-06,1.649975845282868,1.65,-0.0002788348568390723,5.349043826843498e-06
6.044337830192512e-06,1.649975845252298,1.65,-0.0002788350580426429,5.349043842732705e-06
6.046337830192512e-06,1.649975845280974,1.65,-0.0002788348576901179,5.349043827165057e-06
6.048337830192512e-06,1.649975845249892,1.65,-0.0002788350571651643,5.349043842725619e-06
6.050337830192513e-06,1.649975845277795,1.65,-0.0002788348585545078,5.349043827444002e-06
6.052337830192513e-06,1.649975845245973,1.65,-0.0002788350563276315,5.34904384257362e-06
6.054337830192513e-06,1.649975845272914,1.65,-0.000278834859392368,5.349043827636264e-06
6.056337830192513e-06,1.649975845240449,1.65,-0.0002788350554635653,5.349043842247915e-06
6.058337830192513e-06,1.649975845266963,1.65,-0.0002788348601903786,5.349043827640785e-06
6.060337830192513e-06,1.64997584523437,1.65,-0.0002788350546394093,5.349043842010437e-06
6.062337830192513e-06,1.649975845260721,1.65,-0.0002788348610016964,5.349043827809112e-06
6.064337830192514e-06,1.649975845228448,1.65,-0.0002788350538817298,5.349043841790267e-06
6.066337830192514e-06,1.649975845255184,1.65,-0.0002788348618262845,5.349043827971427e-06
6.068337830192514e-06,1.649975845223488,1.65,-0.0002788350530442357,5.349043841602285e-06
6.070337830192514e-06,1.64997584525038,1.65,-0.000278834862637549,5.349043828278305e-06
6.072337830192514e-06,1.649975845218862,1.65,-0.000278835052286508,5.349043841601306e-06
6.074337830192514e-06,1.64997584524582,1.65,-0.0002788348634488043,5.349043828524211e-06
6.076337830192514e-06,1.649975845214736,1.65,-0.0002788350515021688,5.349043841494527e-06
6.078337830192515e-06,1.649975845242397,1.65,-0.0002788348641802383,5.349043828777104e-06
6.080337830192515e-06,1.649975845212578,1.65,-0.0002788350507177564,5.349043841368705e-06
6.082337830192515e-06,1.64997584524146,1.65,-0.0002788348649647659,5.349043828956756e-06
6.084337830192515e-06,1.649975845213375,1.65,-0.0002788350499997165,5.349043841052958e-06
6.086337830192515e-06,1.649975845243463,1.65,-0.0002788348657358875,5.349043828952617e-06
6.088337830192515e-06,1.649975845216078,1.65,-0.0002788350492417162,5.349043840822121e-06
6.090337830192516e-06,1.64997584524629,1.65,-0.0002788348664670892,5.349043829071022e-06
6.092337830192516e-06,1.649975845219031,1.65,-0.0002788350485235961,5.349043840578838e-06
6.094337830192516e-06,1.649975845248745,1.65,-0.0002788348672248976,5.349043829260903e-06
6.096337830192516e-06,1.649975845220694,1.65,-0.000278835047778931,5.349043840533086e-06
6.098337830192516e-06,1.649975845249787,1.65,-0.0002788348679295726,5.349043829503069e-06
6.100337830192516e-06,1.649975845221598,1.65,-0.0002788350470475906,5.349043840433426e-06
6.102337830192516e-06,1.649975845249694,1.65,-0.0002788348686076968,5.349043829850339e-06
6.104337830192517e-06,1.649975845220775,1.65,-0.0002788350463695004,5.349043840504431e-06
6.106337830192517e-06,1.649975845247889,1.65,-0.0002788348693257743,5.349043830092941e-06
6.108337830192517e-06,1.649975845218266,1.65,-0.0002788350456781765,5.349043840409893e-06
6.110337830192517e-06,1.649975845245253,1.65,-0.0002788348700039931,5.349043830331687e-06
6.112337830192517e-06,1.649975845216547,1.65,-0.0002788350449735265,5.349043840167427e-06
6.114337830192517e-06,1.649975845244075,1.65,-0.0002788348706954543,5.349043830319793e-06
6.116337830192517e-06,1.649975845216016,1.65,-0.000278835044335315,5.349043839924784e-06
6.118337830192518e-06,1.649975845244305,1.65,-0.0002788348713735665,5.349043830440822e-06
6.120337830192518e-06,1.64997584521706,1.65,-0.0002788350436172659,5.349043839773529e-06
6.122337830192518e-06,1.649975845245258,1.65,-0.0002788348720782448,5.349043830576241e-06
6.124337830192518e-06,1.649975845218284,1.65,-0.000278835042978989,5.34904383965878e-06
6.126337830192518e-06,1.649975845246615,1.65,-0.0002788348727164258,5.349043830742371e-06
6.128337830192518e-06,1.649975845219986,1.65,-0.0002788350423141014,5.349043839336042e-06
6.130337830192519e-06,1.64997584524834,1.65,-0.0002788348733279999,5.349043830811823e-06
6.132337830192519e-06,1.649975845221804,1.65,-0.0002788350416758024,5.349043839282507e-06
6.134337830192519e-06,1.649975845249696,1.65,-0.0002788348740060703,5.349043830968181e-06
6.136337830192519e-06,1.649975845222852,1.65,-0.0002788350410242356,5.349043839130392e-06
6.138337830192519e-06,1.649975845249991,1.65,-0.0002788348746176977,5.34904383111e-06
6.140337830192519e-06,1.649975845222653,1.65,-0.0002788350403993081,5.34904383903361e-06
6.142337830192519e-06,1.649975845248716,1.65,-0.0002788348752293835,5.349043831280471e-06
6.14433783019252e-06,1.649975845220619,1.65,-0.0002788350397611524,5.349043838896659e-06
6.14633783019252e-06,1.649975845246041,1.65,-0.0002788348758677144,5.349043831444926e-06
6.14833783019252e-06,1.64997584521776,1.65,-0.0002788350391629168,5.349043838658992e-06
6.15033783019252e-06,1.649975845242942,1.65,-0.0002788348764927645,5.349043831386184e-06
6.15233783019252e-06,1.649975845215108,1.65,-0.0002788350385513772,5.349043838435967e-06
6.15433783019252e-06,1.649975845240585,1.65,-0.0002788348770778976,5.349043831463131e-06
6.15633783019252e-06,1.649975845212902,1.65,-0.0002788350379265243,5.349043838234752e-06
6.158337830192521e-06,1.64997584523764,1.65,-0.000278834877649756,5.349043831542714e-06
6.160337830192521e-06,1.649975845209693,1.65,-0.0002788350373681913,5.349043838072648e-06
6.162337830192521e-06,1.649975845234348,1.65,-0.0002788348782615169,5.34904383164115e-06
6.164337830192521e-06,1.649975845206529,1.65,-0.0002788350367433741,5.349043837914155e-06
6.166337830192521e-06,1.649975845230975,1.65,-0.0002788348788333913,5.34904383178039e-06
6.168337830192521e-06,1.649975845203266,1.65,-0.0002788350361584501,5.349043837829868e-06
6.170337830192522e-06,1.649975845226967,1.65,-0.0002788348794052893,5.349043832026896e-06
6.172337830192522e-06,1.64997584519862,1.65,-0.0002788350355735776,5.34904383783918e-06
6.174337830192522e-06,1.649975845221922,1.65,-0.0002788348799772259,5.349043832223337e-06
6.176337830192522e-06,1.649975845194083,1.65,-0.0002788350350418868,5.349043837787642e-06
6.178337830192522e-06,1.649975845217663,1.65,-0.0002788348805358367,5.349043832402381e-06
6.180337830192522e-06,1.649975845190333,1.65,-0.0002788350344968703,5.349043837676281e-06
6.182337830192522e-06,1.649975845214162,1.65,-0.0002788348810678264,5.349043832489143e-06
6.184337830192523e-06,1.649975845187804,1.65,-0.0002788350339119191,5.349043837389967e-06
6.186337830192523e-06,1.649975845212347,1.65,-0.0002788348816529393,5.349043832437364e-06
6.188337830192523e-06,1.649975845186747,1.65,-0.0002788350333800989,5.349043837230161e-06
6.190337830192523e-06,1.649975845211621,1.65,-0.0002788348822247153,5.349043832525914e-06
6.192337830192523e-06,1.649975845186708,1.65,-0.000278835032821648,5.349043837065352e-06
6.194337830192523e-06,1.649975845211731,1.65,-0.0002788348827698672,5.349043832579585e-06
6.196337830192523e-06,1.64997584518688,1.65,-0.0002788350322631891,5.349043836920349e-06
6.198337830192524e-06,1.649975845211539,1.65,-0.0002788348833283267,5.349043832675174e-06
6.200337830192524e-06,1.649975845186915,1.65,-0.0002788350317446248,5.349043836804284e-06
6.202337830192524e-06,1.649975845211636,1.65,-0.0002788348838335896,5.349043832830869e-06
6.204337830192524e-06,1.649975845187126,1.65,-0.0002788350312393505,5.349043836736887e-06
6.206337830192524e-06,1.649975845211291,1.65,-0.0002788348843787584,5.34904383292204e-06
6.208337830192524e-06,1.649975845186676,1.65,-0.0002788350307473973,5.349043836599162e-06
6.210337830192525e-06,1.64997584521058,1.65,-0.0002788348848574583,5.349043833164723e-06
6.212337830192525e-06,1.649975845185808,1.65,-0.0002788350302022736,5.349043836669694e-06
6.214337830192525e-06,1.649975845209059,1.65,-0.0002788348853760779,5.349043833365753e-06
6.216337830192525e-06,1.649975845184577,1.65,-0.0002788350297369423,5.349043836641232e-06
6.218337830192525e-06,1.649975845208296,1.65,-0.0002788348858813728,5.349043833672732e-06
6.220337830192525e-06,1.649975845184555,1.65,-0.0002788350291917872,5.349043836735833e-06
6.222337830192525e-06,1.649975845208472,1.65,-0.0002788348864132257,5.349043833828046e-06
6.224337830192526e-06,1.649975845184803,1.65,-0.0002788350286998079,5.349043836701553e-06
6.226337830192526e-06,1.649975845208711,1.65,-0.0002788348868520008,5.349043833999275e-06
6.228337830192526e-06,1.649975845185987,1.65,-0.000278835028207794,5.349043836493489e-06
6.230337830192526e-06,1.649975845210471,1.65,-0.0002788348873572019,5.349043833913334e-06
6.232337830192526e-06,1.649975845188765,1.65,-0.0002788350277024241,5.349043836287777e-06
6.234337830192526e-06,1.649975845214133,1.65,-0.0002788348878490357,5.349043833948546e-06
6.236337830192526e-06,1.649975845193522,1.65,-0.0002788350272634631,5.349043836177941e-06
6.238337830192527e-06,1.649975845219116,1.65,-0.0002788348883142273,5.349043834073941e-06
6.240337830192527e-06,1.649975845198845,1.65,-0.0002788350267978881,5.34904383610332e-06
6.242337830192527e-06,1.649975845224481,1.65,-0.0002788348888192943,5.349043834161102e-06
6.244337830192527e-06,1.649975845204333,1.65,-0.000278835026305714,5.349043835982799e-06
6.246337830192527e-06,1.649975845229382,1.65,-0.000278834889311082,5.349043834232236e-06
6.248337830192527e-06,1.649975845208785,1.65,-0.0002788350258534678,5.349043835881867e-06
6.250337830192528e-06,1.64997584523324,1.65,-0.0002788348897896119,5.349043834343968e-06
6.252337830192528e-06,1.649975845212458,1.65,-0.0002788350253746576,5.349043835831083e-06
6.254337830192528e-06,1.649975845236497,1.65,-0.0002788348902149783,5.349043834421561e-06
6.256337830192528e-06,1.649975845215452,1.65,-0.0002788350248958728,5.3490438357071e-06
6.258337830192528e-06,1.649975845238622,1.65,-0.0002788348906802763,5.349043834669566e-06
6.260337830192528e-06,1.649975845217061,1.65,-0.0002788350244969183,5.34904383578808e-06
6.262337830192528e-06,1.649975845239511,1.65,-0.0002788348911323237,5.349043834816942e-06
6.264337830192529e-06,1.64997584521793,1.65,-0.0002788350240315089,5.349043835748389e-06
6.266337830192529e-06,1.649975845240069,1.65,-0.0002788348915843835,5.349043834935123e-06
6.268337830192529e-06,1.649975845218291,1.65,-0.0002788350235927115,5.349043835664761e-06
6.270337830192529e-06,1.649975845240176,1.65,-0.0002788348920231636,5.349043834991568e-06
6.272337830192529e-06,1.64997584521861,1.65,-0.0002788350231273225,5.349043835570776e-06
6.274337830192529e-06,1.649975845240392,1.65,-0.0002788348924752361,5.349043835095929e-06
6.276337830192529e-06,1.649975845219099,1.65,-0.0002788350226885203,5.349043835372769e-06
6.27833783019253e-06,1.649975845240667,1.65,-0.0002788348929007135,5.349043835017699e-06
6.28033783019253e-06,1.649975845219326,1.65,-0.0002788350222630243,5.349043835101395e-06
6.28233783019253e-06,1.6499758452403,1.65,-0.0002788348933395112,5.349043834913071e-06
6.28433783019253e-06,1.64997584521862,1.65,-0.0002788350218242665,5.349043834927559e-06
6.28633783019253e-06,1.649975845239092,1.65,-0.0002788348937916367,5.349043834919322e-06
6.28833783019253e-06,1.649975845217415,1.65,-0.0002788350213988238,5.349043834834903e-06
6.290337830192531e-06,1.649975845237484,1.65,-0.000278834894190591,5.349043834990327e-06
6.292337830192531e-06,1.649975845215653,1.65,-0.0002788350209601052,5.349043834693921e-06
6.294337830192531e-06,1.649975845235572,1.65,-0.0002788348946427427,5.349043835022851e-06
6.296337830192531e-06,1.649975845214166,1.65,-0.0002788350205479695,5.349043834621474e-06
6.298337830192531e-06,1.649975845234286,1.65,-0.0002788348950549816,5.349043835081704e-06
6.300337830192531e-06,1.64997584521315,1.65,-0.0002788350201092233,5.34904383452647e-06
6.302337830192531e-06,1.649975845232825,1.65,-0.000278834895467227,5.349043835179327e-06
6.304337830192532e-06,1.649975845211562,1.65,-0.0002788350196837948,5.34904383448021e-06
6.306337830192532e-06,1.649975845230741,1.65,-0.0002788348958529027,5.349043835290663e-06
6.308337830192532e-06,1.649975845209166,1.65,-0.0002788350192982857,5.349043834414139e-06
6.310337830192532e-06,1.649975845227903,1.65,-0.0002788348962784959,5.349043835365872e-06
6.312337830192532e-06,1.649975845206377,1.65,-0.0002788350188994949,5.349043834367353e-06
6.314337830192532e-06,1.649975845225132,1.65,-0.0002788348967040865,5.349043835557105e-06
6.316337830192532e-06,1.649975845204135,1.65,-0.0002788350184607943,5.349043834442326e-06
6.318337830192533e-06,1.649975845223145,1.65,-0.0002788348970498691,5.349043835712334e-06
6.320337830192533e-06,1.64997584520265,1.65,-0.0002788350180752514,5.349043834428266e-06
6.322337830192533e-06,1.649975845221625,1.65,-0.0002788348974488202,5.349043835814977e-06
6.324337830192533e-06,1.649975845201304,1.65,-0.0002788350177295928,5.349043834365933e-06
6.326337830192533e-06,1.649975845220137,1.65,-0.0002788348978477702,5.34904383586775e-06
6.328337830192533e-06,1.649975845199953,1.65,-0.0002788350173041555,5.349043834322989e-06
6.330337830192534e-06,1.649975845218675,1.65,-0.0002788348982467191,5.349043835994521e-06
6.332337830192534e-06,1.649975845198925,1.65,-0.0002788350168787062,5.349043834260932e-06
6.334337830192534e-06,1.64997584521796,1.65,-0.0002788348986323438,5.34904383604538e-06
6.336337830192534e-06,1.649975845198723,1.65,-0.000278835016533005,5.349043834199269e-06
6.338337830192534e-06,1.649975845217623,1.65,-0.000278834898978065,5.349043836087459e-06
6.340337830192534e-06,1.64997584519838,1.65,-0.0002788350161474197,5.349043834107436e-06
6.342337830192534e-06,1.649975845216993,1.65,-0.0002788348993769831,5.349043836177477e-06
6.344337830192535e-06,1.649975845197761,1.65,-0.0002788350157618446,5.349043834097146e-06
6.346337830192535e-06,1.64997584521639,1.65,-0.0002788348997493071,5.349043836242787e-06
6.348337830192535e-06,1.649975845197484,1.65,-0.0002788350153762568,5.34904383384924e-06
6.350337830192535e-06,1.649975845215708,1.65,-0.0002788349001216341,5.349043836077987e-06
6.352337830192535e-06,1.649975845196733,1.65,-0.0002788350150172796,5.349043833656827e-06
6.354337830192535e-06,1.649975845214849,1.65,-0.0002788349005205607,5.349043836073187e-06
6.356337830192535e-06,1.64997584519587,1.65,-0.0002788350146450101,5.349043833614254e-06
6.358337830192536e-06,1.649975845213385,1.65,-0.0002788349008663238,5.349043836150698e-06
6.360337830192536e-06,1.649975845194247,1.65,-0.0002788350142727688,5.349043833504986e-06
6.362337830192536e-06,1.64997584521157,1.65,-0.0002788349012652858,5.349043836173697e-06
6.364337830192536e-06,1.649975845192683,1.65,-0.0002788350139005254,5.349043833455178e-06
6.366337830192536e-06,1.649975845210297,1.65,-0.0002788349016110418,5.349043836221431e-06
6.368337830192536e-06,1.649975845191692,1.65,-0.0002788350135681501,5.349043833390001e-06
6.370337830192537e-06,1.649975845208818,1.65,-0.000278834901970102,5.349043836280541e-06
6.372337830192537e-06,1.649975845190227,1.65,-0.00027883501316931,5.349043833323794e-06
6.374337830192537e-06,1.649975845207209,1.65,-0.0002788349023291669,5.349043836338208e-06
6.376337830192537e-06,1.649975845188701,1.65,-0.0002788350128369546,5.349043833309727e-06
6.378337830192537e-06,1.649975845205523,1.65,-0.0002788349026483454,5.349043836433424e-06
6.380337830192537e-06,1.649975845187221,1.65,-0.0002788350124514115,5.349043833214892e-06
6.382337830192537e-06,1.6499758452042,1.65,-0.0002788349030073997,5.349043836418235e-06
6.384337830192538e-06,1.649975845186513,1.65,-0.0002788350121323222,5.34904383314129e-06
6.386337830192538e-06,1.649975845203549,1.65,-0.0002788349033664291,5.349043836487875e-06
6.388337830192538e-06,1.649975845186133,1.65,-0.0002788350117733312,5.349043833076527e-06
6.390337830192538e-06,1.649975845203507,1.65,-0.0002788349036988428,5.349043836493865e-06
6.392337830192538e-06,1.649975845186539,1.65,-0.000278835011414311,5.349043833005681e-06
6.394337830192538e-06,1.649975845203768,1.65,-0.0002788349040711347,5.349043836571121e-06
6.396337830192539e-06,1.649975845186861,1.65,-0.0002788350110419973,5.349043832987251e-06
6.398337830192539e-06,1.649975845203802,1.65,-0.0002788349043902492,5.349043836769885e-06
6.400337830192539e-06,1.649975845186729,1.65,-0.0002788350107361831,5.349043833103315e-06
6.402337830192539e-06,1.649975845203121,1.65,-0.0002788349047492796,5.349043836887586e-06
6.404337830192539e-06,1.649975845185709,1.65,-0.0002788350103772159,5.349043833101469e-06
6.406337830192539e-06,1.649975845201542,1.65,-0.0002788349050817505,5.349043836943605e-06
6.408337830192539e-06,1.649975845183995,1.65,-0.0002788350100315711,5.349043833069869e-06
6.41033783019254e-06,1.649975845199419,1.65,-0.0002788349054275381,5.349043837035971e-06
6.41233783019254e-06,1.649975845181811,1.65,-0.0002788350096726471,5.349043833071831e-06
6.41433783019254e-06,1.649975845196917,1.65,-0.0002788349057467469,5.349043837144202e-06
6.41633783019254e-06,1.649975845179247,1.65,-0.0002788350093403304,5.349043833052127e-06
6.41833783019254e-06,1.649975845194093,1.65,-0.0002788349060393747,5.349043837177474e-06
6.42033783019254e-06,1.649975845176572,1.65,-0.0002788350090479071,5.349043832970845e-06
6.42233783019254e-06,1.649975845191632,1.65,-0.0002788349063851748,5.349043837191267e-06
6.424337830192541e-06,1.649975845174748,1.65,-0.0002788350087421558,5.349043832946059e-06
6.426337830192541e-06,1.649975845190286,1.65,-0.00027883490674423,5.349043837238712e-06
6.428337830192541e-06,1.649975845174065,1.65,-0.0002788350084230655,5.349043832861386e-06
6.430337830192541e-06,1.649975845189943,1.65,-0.0002788349070367655,5.349043837325752e-06
6.432337830192541e-06,1.649975845174424,1.65,-0.0002788350081039365,5.349043832897602e-06
6.434337830192541e-06,1.649975845190459,1.65,-0.0002788349073691584,5.349043837354075e-06
6.436337830192542e-06,1.649975845175159,1.65,-0.0002788350077714971,5.349043832656011e-06
6.438337830192542e-06,1.649975845191318,1.65,-0.0002788349076882422,5.349043837161008e-06
6.440337830192542e-06,1.64997584517673,1.65,-0.0002788350074789158,5.349043832484243e-06
6.442337830192542e-06,1.649975845193552,1.65,-0.0002788349080338678,5.349043837136855e-06
6.444337830192542e-06,1.649975845179434,1.65,-0.0002788350071729961,5.349043832411044e-06
6.446337830192542e-06,1.649975845195908,1.65,-0.0002788349083263028,5.349043837139013e-06
6.448337830192542e-06,1.649975845181507,1.65,-0.0002788350068538033,5.349043832364998e-06
6.450337830192543e-06,1.649975845197571,1.65,-0.0002788349086453565,5.349043837180863e-06
6.452337830192543e-06,1.649975845183044,1.65,-0.0002788350065612234,5.349043832318886e-06
6.454337830192543e-06,1.649975845198393,1.65,-0.0002788349089511452,5.349043837229289e-06
6.456337830192543e-06,1.649975845183273,1.65,-0.0002788350062420992,5.349043832270291e-06
6.458337830192543e-06,1.649975845198106,1.65,-0.0002788349092835681,5.349043837374572e-06
6.460337830192543e-06,1.64997584518268,1.65,-0.0002788350059097091,5.349043832409163e-06
6.462337830192543e-06,1.649975845197047,1.65,-0.0002788349095761301,5.349043837510954e-06
6.464337830192544e-06,1.649975845181759,1.65,-0.0002788350056438137,5.349043832429746e-06
6.466337830192544e-06,1.649975845196297,1.65,-0.0002788349098553842,5.349043837560919e-06
6.468337830192544e-06,1.649975845181743,1.65,-0.0002788350053379951,5.349043832383813e-06
6.470337830192544e-06,1.649975845197008,1.65,-0.0002788349101744735,5.349043837606379e-06
6.472337830192544e-06,1.649975845183413,1.65,-0.0002788350050587067,5.349043832362221e-06
6.474337830192544e-06,1.649975845199122,1.65,-0.0002788349104935105,5.349043837654571e-06
6.476337830192545e-06,1.649975845185859,1.65,-0.000278835004766093,5.349043832338734e-06
6.478337830192545e-06,1.649975845201735,1.65,-0.000278834910785936,5.349043837671691e-06
6.480337830192545e-06,1.64997584518895,1.65,-0.0002788350044335659,5.349043832326273e-06
6.482337830192545e-06,1.649975845204649,1.65,-0.0002788349110517574,5.349043837712668e-06
6.484337830192545e-06,1.649975845191549,1.65,-0.0002788350041276501,5.349043832263983e-06
6.486337830192545e-06,1.649975845206289,1.65,-0.0002788349113309226,5.349043837764209e-06
6.488337830192545e-06,1.649975845192369,1.65,-0.0002788350038483933,5.349043832234319e-06
6.490337830192546e-06,1.649975845206103,1.65,-0.0002788349116234522,5.349043837788321e-06
6.492337830192546e-06,1.649975845191163,1.65,-0.0002788350035559154,5.3490438322255e-06
6.494337830192546e-06,1.649975845203939,1.65,-0.0002788349119293519,5.349043837838334e-06
6.496337830192546e-06,1.649975845188614,1.65,-0.000278835003250191,5.349043832159048e-06
6.498337830192546e-06,1.649975845200868,1.65,-0.0002788349122219888,5.349043837968681e-06
6.500337830192546e-06,1.649975845185554,1.65,-0.0002788350029710787,5.349043832335298e-06
6.502337830192546e-06,1.649975845197979,1.65,-0.0002788349125146189,5.349043838102708e-06
6.504337830192547e-06,1.649975845183141,1.65,-0.0002788350027052388,5.349043832333851e-06
6.506337830192547e-06,1.649975845195693,1.65,-0.0002788349127939302,5.349043838157019e-06
6.508337830192547e-06,1.649975845181431,1.65,-0.0002788350024260762,5.349043832347013e-06
6.510337830192547e-06,1.649975845194636,1.65,-0.0002788349130333063,5.349043838202149e-06
6.512337830192547e-06,1.649975845181139,1.65,-0.0002788350021601573,5.349043832301452e-06
6.514337830192547e-06,1.649975845194748,1.65,-0.0002788349132992319,5.349043838216428e-06
6.516337830192548e-06,1.649975845182189,1.65,-0.0002788350018675955,5.34904383228396e-06
6.518337830192548e-06,1.649975845196692,1.65,-0.0002788349136182753,5.349043838261659e-06
6.520337830192548e-06,1.649975845184955,1.65,-0.0002788350016148594,5.349043832279572e-06
6.522337830192548e-06,1.649975845199741,1.65,-0.0002788349138707951,5.349043838319732e-06
6.524337830192548e-06,1.649975845188025,1.65,-0.0002788350013222225,5.349043832271625e-06
6.526337830192548e-06,1.649975845202544,1.65,-0.0002788349141632135,5.34904383837455e-06
6.528337830192548e-06,1.649975845190828,1.65,-0.0002788350010295955,5.349043832266617e-06
6.530337830192549e-06,1.649975845204958,1.65,-0.00027883491444235,5.349043838374081e-06
6.532337830192549e-06,1.649975845193285,1.65,-0.0002788350007768708,5.349043832198326e-06
6.534337830192549e-06,1.649975845207335,1.65,-0.0002788349147081912,5.349043838394943e-06
6.536337830192549e-06,1.649975845195573,1.65,-0.000278835000510856,5.349043832176667e-06
6.538337830192549e-06,1.649975845209039,1.65,-0.000278834914987354,5.349043838427829e-06
6.540337830192549e-06,1.649975845196953,1.65,-0.0002788350002581715,5.349043832156821e-06
6.542337830192549e-06,1.649975845209935,1.65,-0.000278834915239954,5.349043838451373e-06
6.54433783019255e-06,1.649975845197333,1.65,-0.0002788349999922275,5.349043832165554e-06
6.54633783019255e-06,1.649975845209654,1.65,-0.0002788349155058942,5.349043838484444e-06
6.54833783019255e-06,1.649975845196547,1.65,-0.0002788349997263271,5.349043832081373e-06
6.55033783019255e-06,1.649975845208174,1.65,-0.0002788349157452859,5.349043838498673e-06
6.55233783019255e-06,1.649975845194852,1.65,-0.0002788349994737569,5.349043832095521e-06
6.55433783019255e-06,1.649975845206297,1.65,-0.000278834916024582,5.34904383853026e-06
6.556337830192551e-06,1.649975845193106,1.65,-0.0002788349991812991,5.349043832114963e-06
6.558337830192551e-06,1.649975845204457,1.65,-0.0002788349162373942,5.349043838609891e-06
6.560337830192551e-06,1.649975845191414,1.65,-0.0002788349989553218,5.349043832104028e-06
6.562337830192551e-06,1.649975845202913,1.65,-0.0002788349165565673,5.349043838619182e-06
6.564337830192551e-06,1.649975845190494,1.65,-0.0002788349986761298,5.349043832055615e-06
6.566337830192551e-06,1.649975845202372,1.65,-0.0002788349168225172,5.34904383860349e-06
6.568337830192551e-06,1.649975845190375,1.65,-0.000278834998450094,5.349043831992065e-06
6.570337830192552e-06,1.649975845202521,1.65,-0.0002788349170751449,5.349043838576506e-06
6.572337830192552e-06,1.649975845190895,1.65,-0.0002788349981974414,5.349043831999576e-06
6.574337830192552e-06,1.649975845203246,1.65,-0.0002788349173144547,5.349043838653849e-06
6.576337830192552e-06,1.649975845191828,1.65,-0.0002788349979181804,5.349043831980609e-06
6.578337830192552e-06,1.649975845204374,1.65,-0.0002788349175537494,5.349043838660169e-06
6.580337830192552e-06,1.649975845193614,1.65,-0.0002788349976787773,5.349043831790507e-06
6.582337830192552e-06,1.64997584520629,1.65,-0.0002788349178196079,5.349043838457291e-06
6.584337830192553e-06,1.649975845195684,1.65,-0.000278834997426067,5.349043831660445e-06
6.586337830192553e-06,1.649975845208363,1.65,-0.0002788349180322746,5.349043838406674e-06
6.588337830192553e-06,1.649975845197882,1.65,-0.000278834997199945,5.349043831615597e-06
6.590337830192553e-06,1.649975845210261,1.65,-0.0002788349182981337,5.349043838395278e-06
6.592337830192553e-06,1.649975845199554,1.65,-0.0002788349969339531,5.349043831556996e-06
6.594337830192553e-06,1.649975845211506,1.65,-0.0002788349185507207,5.349043838413826e-06
6.596337830192554e-06,1.6499758452007,1.65,-0.0002788349967078701,5.349043831572411e-06
6.598337830192554e-06,1.649975845212629,1.65,-0.0002788349187767191,5.349043838457462e-06
6.600337830192554e-06,1.649975845202377,1.65,-0.0002788349964551745,5.349043831562646e-06
6.602337830192554e-06,1.649975845214551,1.65,-0.0002788349190425774,5.349043838475326e-06
6.604337830192554e-06,1.649975845204378,1.65,-0.0002788349962024669,5.349043831556233e-06
6.606337830192554e-06,1.6499758452168,1.65,-0.0002788349192951269,5.349043838482717e-06
6.608337830192554e-06,1.649975845207221,1.65,-0.0002788349960029138,5.349043831538457e-06
6.610337830192555e-06,1.649975845219836,1.65,-0.0002788349195210543,5.349043838512064e-06
6.612337830192555e-06,1.649975845210601,1.65,-0.0002788349957634513,5.349043831522374e-06
6.614337830192555e-06,1.649975845223195,1.65,-0.0002788349197336731,5.349043838527754e-06
6.616337830192555e-06,1.649975845213759,1.65,-0.0002788349954974041,5.349043831510021e-06
6.618337830192555e-06,1.649975845225953,1.65,-0.0002788349199995003,5.349043838574066e-06
6.620337830192555e-06,1.649975845216318,1.65,-0.0002788349952845652,5.349043831539614e-06
6.622337830192555e-06,1.649975845227817,1.65,-0.0002788349201988782,5.349043838607978e-06
6.624337830192556e-06,1.649975845217418,1.65,-0.000278834995005298,5.349043831502342e-06
6.626337830192556e-06,1.649975845227887,1.65,-0.0002788349204515089,5.349043838578891e-06
6.628337830192556e-06,1.64997584521659,1.65,-0.000278834994792585,5.349043831473553e-06
6.630337830192556e-06,1.64997584522621,1.65,-0.0002788349206776115,5.349043838587898e-06
6.632337830192556e-06,1.649975845214645,1.65,-0.0002788349945533206,5.349043831421092e-06
6.634337830192556e-06,1.649975845224175,1.65,-0.000278834920890431,5.349043838579825e-06
6.636337830192557e-06,1.649975845212599,1.65,-0.0002788349943273564,5.349043831455011e-06
6.638337830192557e-06,1.649975845221838,1.65,-0.0002788349211165582,5.349043838611097e-06
6.640337830192557e-06,1.649975845210321,1.65,-0.0002788349940748079,5.349043831403843e-06
6.642337830192557e-06,1.649975845219783,1.65,-0.0002788349213559714,5.34904383859931e-06
6.644337830192557e-06,1.649975845208597,1.65,-0.0002788349938621283,5.349043831365188e-06
6.646337830192557e-06,1.649975845217986,1.65,-0.000278834921595375,5.34904383858815e-06
6.648337830192557e-06,1.649975845207082,1.65,-0.0002788349936494408,5.349043831363838e-06
6.650337830192558e-06,1.649975845216859,1.65,-0.0002788349217948642,5.349043838613551e-06
6.652337830192558e-06,1.649975845206485,1.65,-0.0002788349934234228,5.34904383135771e-06
6.654337830192558e-06,1.649975845216339,1.65,-0.0002788349220475168,5.349043838620589e-06
6.656337830192558e-06,1.64997584520609,1.65,-0.0002788349931708043,5.349043831326238e-06
6.658337830192558e-06,1.649975845216276,1.65,-0.0002788349222735594,5.34904383862799e-06
6.660337830192558e-06,1.649975845206456,1.65,-0.0002788349929713434,5.34904383135163e-06
6.662337830192558e-06,1.649975845216478,1.65,-0.0002788349224729992,5.349043838694796e-06
6.664337830192559e-06,1.649975845206939,1.65,-0.0002788349927452851,5.349043831364833e-06
6.666337830192559e-06,1.649975845217239,1.65,-0.0002788349226857147,5.349043838657984e-06
6.668337830192559e-06,1.649975845207888,1.65,-0.0002788349925192096,5.349043831307703e-06
6.670337830192559e-06,1.649975845218088,1.65,-0.0002788349228851304,5.349043838695046e-06
6.672337830192559e-06,1.649975845208741,1.65,-0.0002788349923463235,5.349043831332355e-06
6.674337830192559e-06,1.649975845218867,1.65,-0.0002788349231244382,5.349043838720573e-06
6.67633783019256e-06,1.649975845209372,1.65,-0.0002788349921069633,5.349043831317822e-06
6.67833783019256e-06,1.649975845218904,1.65,-0.0002788349233105876,5.349043838677748e-06
6.68033783019256e-06,1.649975845209247,1.65,-0.0002788349918809276,5.349043831292007e-06
6.68233783019256e-06,1.64997584521862,1.65,-0.0002788349235366384,5.349043838703383e-06
6.68433783019256e-06,1.649975845208707,1.65,-0.0002788349916815004,5.349043831247511e-06
6.68633783019256e-06,1.649975845217674,1.65,-0.0002788349237760104,5.34904383866217e-06
6.68833783019256e-06,1.649975845207711,1.65,-0.0002788349914687937,5.349043831230875e-06
6.690337830192561e-06,1.649975845216514,1.65,-0.0002788349239489078,5.349043838681854e-06
6.692337830192561e-06,1.649975845206479,1.65,-0.0002788349912295028,5.349043831259837e-06
6.694337830192561e-06,1.649975845214917,1.65,-0.0002788349241750075,5.349043838741932e-06
6.696337830192561e-06,1.649975845204632,1.65,-0.0002788349910168277,5.349043831271828e-06
6.698337830192561e-06,1.649975845212803,1.65,-0.0002788349243745335,5.349043838739451e-06
6.700337830192561e-06,1.649975845202462,1.65,-0.000278834990870647,5.349043831224688e-06
6.702337830192561e-06,1.649975845210472,1.65,-0.000278834924560771,5.349043838723762e-06
6.704337830192562e-06,1.64997584520023,1.65,-0.0002788349906313933,5.349043831246779e-06
6.706337830192562e-06,1.649975845208388,1.65,-0.0002788349247868888,5.349043838772811e-06
6.708337830192562e-06,1.649975845198543,1.65,-0.0002788349904718982,5.349043831259611e-06
6.710337830192562e-06,1.649975845206882,1.65,-0.0002788349249863922,5.349043838757863e-06
6.712337830192562e-06,1.649975845197231,1.65,-0.0002788349902459068,5.349043831249944e-06
6.714337830192562e-06,1.649975845205526,1.65,-0.0002788349252124828,5.349043838785682e-06
6.716337830192563e-06,1.649975845196055,1.65,-0.0002788349900465032,5.3490438312509e-06
6.718337830192563e-06,1.649975845204633,1.65,-0.0002788349253853704,5.349043838774202e-06
6.720337830192563e-06,1.649975845195539,1.65,-0.0002788349898603717,5.349043831196571e-06
6.722337830192563e-06,1.649975845204104,1.65,-0.0002788349255981338,5.349043838758133e-06
6.724337830192563e-06,1.649975845195257,1.65,-0.0002788349896343418,5.349043831216538e-06
6.726337830192563e-06,1.64997584520409,1.65,-0.0002788349258108781,5.349043838797108e-06
6.728337830192563e-06,1.64997584519551,1.65,-0.0002788349894348851,5.349043831241621e-06
6.730337830192564e-06,1.649975845204355,1.65,-0.0002788349259970191,5.349043838822035e-06
6.732337830192564e-06,1.64997584519608,1.65,-0.0002788349892487131,5.349043831233144e-06
6.734337830192564e-06,1.649975845205214,1.65,-0.0002788349262230274,5.34904383880194e-06
6.736337830192564e-06,1.649975845197445,1.65,-0.0002788349890625115,5.349043831217432e-06
6.738337830192564e-06,1.649975845206922,1.65,-0.0002788349264224112,5.349043838812849e-06
6.740337830192564e-06,1.649975845199429,1.65,-0.0002788349888496939,5.349043831191613e-06
6.742337830192564e-06,1.649975845208799,1.65,-0.0002788349266084922,5.349043838793495e-06
6.744337830192565e-06,1.649975845200971,1.65,-0.0002788349886767822,5.349043831201271e-06
6.746337830192565e-06,1.649975845210016,1.65,-0.0002788349267813012,5.349043838788357e-06
6.748337830192565e-06,1.649975845202162,1.65,-0.0002788349884639942,5.349043831172855e-06
6.750337830192565e-06,1.649975845210964,1.65,-0.0002788349269807132,5.349043838817022e-06
6.752337830192565e-06,1.649975845203302,1.65,-0.0002788349882512079,5.349043831233202e-06
6.754337830192565e-06,1.649975845212229,1.65,-0.0002788349272067065,5.349043838849896e-06
6.756337830192566e-06,1.649975845204698,1.65,-0.0002788349880650052,5.349043831223398e-06
6.758337830192566e-06,1.649975845213631,1.65,-0.0002788349274061016,5.34904383884977e-06
6.760337830192566e-06,1.649975845206149,1.65,-0.0002788349878788005,5.349043831212789e-06
6.762337830192566e-06,1.649975845214982,1.65,-0.0002788349276054986,5.349043838856325e-06
6.764337830192566e-06,1.649975845207468,1.65,-0.0002788349876793041,5.349043831207037e-06
6.766337830192566e-06,1.649975845216,1.65,-0.0002788349277650186,5.34904383881166e-06
6.768337830192566e-06,1.649975845208426,1.65,-0.0002788349874798212,5.3490438312024e-06
6.770337830192567e-06,1.649975845217021,1.65,-0.0002788349279644279,5.349043838873125e-06
6.772337830192567e-06,1.649975845209662,1.65,-0.0002788349873069209,5.349043831247097e-06
6.774337830192567e-06,1.649975845218094,1.65,-0.0002788349281505388,5.349043838889379e-06
6.776337830192567e-06,1.649975845210533,1.65,-0.0002788349871074411,5.349043831220048e-06
6.778337830192567e-06,1.649975845218619,1.65,-0.0002788349283366701,5.349043838825064e-06
6.780337830192567e-06,1.649975845210783,1.65,-0.0002788349869079845,5.349043831158045e-06
6.782337830192568e-06,1.649975845218256,1.65,-0.0002788349284962415,5.349043838836016e-06
6.784337830192568e-06,1.649975845209916,1.65,-0.000278834986721866,5.349043831191043e-06
6.786337830192568e-06,1.64997584521715,1.65,-0.0002788349286824334,5.349043838829768e-06
6.788337830192568e-06,1.649975845209023,1.65,-0.0002788349865623414,5.349043831154725e-06
6.790337830192568e-06,1.649975845216389,1.65,-0.000278834928881909,5.349043838831951e-06
6.792337830192568e-06,1.649975845208096,1.65,-0.0002788349863895215,5.349043831190788e-06
6.794337830192568e-06,1.649975845215123,1.65,-0.0002788349290548105,5.349043838819961e-06
6.796337830192569e-06,1.649975845206929,1.65,-0.0002788349862034141,5.349043831151353e-06
6.798337830192569e-06,1.649975845213946,1.65,-0.0002788349292277086,5.34904383884405e-06
6.800337830192569e-06,1.649975845205923,1.65,-0.0002788349860438937,5.349043831215712e-06
6.802337830192569e-06,1.649975845213187,1.65,-0.0002788349294005911,5.349043838866761e-06
6.804337830192569e-06,1.649975845205632,1.65,-0.0002788349858710502,5.349043831218236e-06
6.806337830192569e-06,1.649975845213335,1.65,-0.0002788349296000329,5.349043838852244e-06
6.808337830192569e-06,1.649975845206293,1.65,-0.0002788349856715783,5.349043831167698e-06
6.81033783019257e-06,1.649975845214196,1.65,-0.0002788349297994481,5.34904383886727e-06
6.81233783019257e-06,1.649975845207602,1.65,-0.0002788349854986753,5.349043831215559e-06
6.81433783019257e-06,1.649975845215797,1.65,-0.0002788349299589464,5.349043838836016e-06
6.81633783019257e-06,1.649975845209115,1.65,-0.0002788349853257647,5.349043831147729e-06
6.81833783019257e-06,1.649975845216975,1.65,-0.0002788349301450534,5.349043838771201e-06
6.82033783019257e-06,1.649975845210268,1.65,-0.000278834985139571,5.349043831125492e-06
6.822337830192571e-06,1.649975845217776,1.65,-0.0002788349303045814,5.349043838799198e-06
6.824337830192571e-06,1.64997584521067,1.65,-0.0002788349849401088,5.349043831183168e-06
6.826337830192571e-06,1.64997584521794,1.65,-0.0002788349304641332,5.349043838840428e-06
6.828337830192571e-06,1.649975845210827,1.65,-0.0002788349847938416,5.349043831188456e-06
6.830337830192571e-06,1.649975845217902,1.65,-0.0002788349306369889,5.349043838849054e-06
6.832337830192571e-06,1.649975845210753,1.65,-0.0002788349846342865,5.349043831196611e-06
6.834337830192571e-06,1.649975845217653,1.65,-0.0002788349308098526,5.349043838850034e-06
6.836337830192572e-06,1.649975845210394,1.65,-0.0002788349844614455,5.349043831198451e-06
6.838337830192572e-06,1.64997584521732,1.65,-0.0002788349309827192,5.349043838837336e-06
6.840337830192572e-06,1.649975845210403,1.65,-0.0002788349842619979,5.349043831217766e-06
6.842337830192572e-06,1.649975845217415,1.65,-0.0002788349311156805,5.349043838977585e-06
6.844337830192572e-06,1.649975845210511,1.65,-0.0002788349841157325,5.349043831384626e-06
6.846337830192572e-06,1.64997584521743,1.65,-0.0002788349312885343,5.349043839101734e-06
6.848337830192572e-06,1.649975845210798,1.65,-0.0002788349839428675,5.349043831466477e-06
6.850337830192573e-06,1.649975845218088,1.65,-0.0002788349314613641,5.349043839088246e-06
6.852337830192573e-06,1.649975845211654,1.65,-0.0002788349837699813,5.349043831471423e-06
6.854337830192573e-06,1.649975845218578,1.65,-0.0002788349316342003,5.349043839090412e-06
6.856337830192573e-06,1.649975845211989,1.65,-0.0002788349836104111,5.349043831466217e-06
6.858337830192573e-06,1.649975845219242,1.65,-0.0002788349317937334,5.349043839094186e-06
6.860337830192573e-06,1.649975845213144,1.65,-0.0002788349834375138,5.349043831505341e-06
6.862337830192574e-06,1.649975845220269,1.65,-0.0002788349319665495,5.349043839127651e-06
6.864337830192574e-06,1.64997584521381,1.65,-0.0002788349833045241,5.34904383150944e-06
6.866337830192574e-06,1.649975845220433,1.65,-0.0002788349321128048,5.349043839097918e-06
6.868337830192574e-06,1.649975845213491,1.65,-0.0002788349831449781,5.349043831486852e-06
6.870337830192574e-06,1.649975845219558,1.65,-0.0002788349322856917,5.349043839093753e-06
6.872337830192574e-06,1.649975845212394,1.65,-0.0002788349829588682,5.349043831479508e-06
6.874337830192574e-06,1.649975845218264,1.65,-0.0002788349324320011,5.34904383907223e-06
6.876337830192575e-06,1.649975845211018,1.65,-0.000278834982759472,5.349043831468768e-06
6.878337830192575e-06,1.649975845216659,1.65,-0.0002788349326182117,5.349043839048753e-06
6.880337830192575e-06,1.649975845209357,1.65,-0.000278834982626569,5.349043831480721e-06
6.882337830192575e-06,1.649975845214919,1.65,-0.0002788349327645377,5.349043839041097e-06
6.884337830192575e-06,1.649975845207583,1.65,-0.0002788349824537805,5.349043831477092e-06
6.886337830192575e-06,1.649975845212762,1.65,-0.0002788349329108793,5.349043839047499e-06
6.888337830192575e-06,1.649975845205099,1.65,-0.0002788349822810187,5.349043831465776e-06
6.890337830192576e-06,1.649975845210026,1.65,-0.000278834933070539,5.349043839042487e-06
6.892337830192576e-06,1.649975845202284,1.65,-0.0002788349821215655,5.349043831473426e-06
6.894337830192576e-06,1.649975845206952,1.65,-0.0002788349332568041,5.349043839015744e-06
6.896337830192576e-06,1.649975845198992,1.65,-0.0002788349819887231,5.349043831461313e-06
6.898337830192576e-06,1.6499758452035,1.65,-0.0002788349334031938,5.349043839008663e-06
6.900337830192576e-06,1.649975845195573,1.65,-0.000278834981815996,5.349043831459751e-06
6.902337830192577e-06,1.649975845200076,1.65,-0.0002788349335495826,5.349043838995469e-06
6.904337830192577e-06,1.649975845192278,1.65,-0.0002788349816698573,5.349043831477846e-06
6.906337830192577e-06,1.649975845197003,1.65,-0.0002788349336826617,5.349043839026111e-06
6.908337830192577e-06,1.649975845189758,1.65,-0.0002788349815369861,5.34904383151818e-06
6.910337830192577e-06,1.64997584519493,1.65,-0.0002788349338688897,5.349043839047342e-06
6.912337830192577e-06,1.649975845188431,1.65,-0.0002788349813907741,5.349043831534471e-06
6.914337830192577e-06,1.649975845194578,1.65,-0.0002788349340018676,5.349043839040842e-06
6.916337830192578e-06,1.64997584518918,1.65,-0.000278834981217892,5.34904383151608e-06
6.918337830192578e-06,1.649975845196394,1.65,-0.0002788349341746544,5.349043838997856e-06
6.920337830192578e-06,1.649975845192296,1.65,-0.0002788349810981077,5.349043831502193e-06
6.922337830192578e-06,1.64997584520063,1.65,-0.0002788349343606477,5.349043839014446e-06
6.924337830192578e-06,1.649975845197034,1.65,-0.0002788349809649665,5.349043831546042e-06
6.926337830192578e-06,1.649975845205275,1.65,-0.0002788349344668467,5.349043839032743e-06
6.928337830192578e-06,1.649975845201747,1.65,-0.0002788349807919369,5.349043831570992e-06
6.930337830192579e-06,1.649975845209938,1.65,-0.0002788349346262312,5.349043839018112e-06
6.932337830192579e-06,1.649975845206342,1.65,-0.0002788349806455046,5.349043831549991e-06
6.934337830192579e-06,1.649975845214153,1.65,-0.0002788349347723357,5.349043839016941e-06
6.936337830192579e-06,1.649975845210076,1.65,-0.0002788349804991043,5.349043831588604e-06
6.938337830192579e-06,1.649975845217261,1.65,-0.0002788349349184814,5.349043839036578e-06
6.940337830192579e-06,1.649975845212594,1.65,-0.0002788349803394529,5.34904383160756e-06
6.94233783019258e-06,1.649975845218945,1.65,-0.0002788349350779766,5.349043839035242e-06
6.94433783019258e-06,1.649975845213806,1.65,-0.0002788349802197394,5.349043831612333e-06
6.94633783019258e-06,1.649975845219806,1.65,-0.000278834935197613,5.34904383903003e-06
6.94833783019258e-06,1.649975845214007,1.65,-0.0002788349800202846,5.349043831584795e-06
6.95033783019258e-06,1.649975845219121,1.65,-0.0002788349353438998,5.349043838973241e-06
6.95233783019258e-06,1.649975845212619,1.65,-0.0002788349798873714,5.349043831579628e-06
6.95433783019258e-06,1.649975845217145,1.65,-0.0002788349354902346,5.349043838989338e-06
6.956337830192581e-06,1.649975845210305,1.65,-0.0002788349797544926,5.349043831578952e-06
6.958337830192581e-06,1.649975845214612,1.65,-0.0002788349356498867,5.349043838919414e-06
6.960337830192581e-06,1.64997584520771,1.65,-0.0002788349796216243,5.349043831532513e-06
6.962337830192581e-06,1.649975845211743,1.65,-0.0002788349357829583,5.34904383891643e-06
6.964337830192581e-06,1.649975845204596,1.65,-0.0002788349794621823,5.349043831575747e-06
6.966337830192581e-06,1.649975845208514,1.65,-0.0002788349359426363,5.34904383896136e-06
6.968337830192581e-06,1.649975845201525,1.65,-0.0002788349793293317,5.349043831631269e-06
6.970337830192582e-06,1.64997584520534,1.65,-0.0002788349360491262,5.349043838953522e-06
6.972337830192582e-06,1.649975845198506,1.65,-0.0002788349792097755,5.349043831582284e-06
6.974337830192582e-06,1.649975845202684,1.65,-0.0002788349362220793,5.34904383893629e-06
6.976337830192582e-06,1.6499758451963,1.65,-0.0002788349790502998,5.34904383163777e-06
6.978337830192582e-06,1.649975845200639,1.65,-0.0002788349363152309,5.349043838968262e-06
6.980337830192582e-06,1.649975845194663,1.65,-0.0002788349789040993,5.349043831666359e-06
6.982337830192583e-06,1.649975845199808,1.65,-0.0002788349364748196,5.34904383896518e-06
6.984337830192583e-06,1.649975845194708,1.65,-0.0002788349787711328,5.349043831662983e-06
6.986337830192583e-06,1.649975845200248,1.65,-0.0002788349366077681,5.349043838945524e-06
6.988337830192583e-06,1.64997584519548,1.65,-0.0002788349786514357,5.349043831680684e-06
6.990337830192583e-06,1.649975845201431,1.65,-0.000278834936714096,5.349043838924456e-06
6.992337830192583e-06,1.64997584519708,1.65,-0.0002788349785184114,5.349043831654232e-06
6.994337830192583e-06,1.64997584520292,1.65,-0.0002788349368868949,5.349043838917708e-06
6.996337830192584e-06,1.649975845198435,1.65,-0.000278834978358803,5.349043831699588e-06
6.998337830192584e-06,1.649975845204256,1.65,-0.00027883493701981,5.349043838931125e-06
7.000337830192584e-06,1.649975845199836,1.65,-0.0002788349782390826,5.34904383166349e-06
7.002337830192584e-06,1.649975845205682,1.65,-0.0002788349371527219,5.349043838892659e-06
7.004337830192584e-06,1.649975845201147,1.65,-0.000278834978106069,5.349043831656943e-06
7.006337830192584e-06,1.649975845206572,1.65,-0.0002788349373122466,5.34904383885066e-06
7.008337830192584e-06,1.649975845201759,1.65,-0.0002788349779464884,5.349043831681903e-06
7.010337830192585e-06,1.64997584520685,1.65,-0.0002788349374319047,5.349043838905426e-06
7.012337830192585e-06,1.649975845201795,1.65,-0.0002788349778268186,5.349043831720843e-06
7.014337830192585e-06,1.649975845206766,1.65,-0.0002788349375648727,5.349043838891783e-06
7.016337830192585e-06,1.649975845201986,1.65,-0.0002788349776938467,5.349043831723815e-06
7.018337830192585e-06,1.649975845207269,1.65,-0.0002788349376845224,5.349043838873171e-06
7.020337830192585e-06,1.64997584520272,1.65,-0.0002788349775608545,5.349043831698161e-06
7.022337830192586e-06,1.649975845208081,1.65,-0.000278834937817457,5.349043838857474e-06
7.024337830192586e-06,1.649975845203611,1.65,-0.0002788349774544495,5.34904383172104e-06
7.026337830192586e-06,1.649975845208996,1.65,-0.0002788349379503878,5.349043838852033e-06
7.028337830192586e-06,1.649975845204611,1.65,-0.0002788349773214474,5.349043831746462e-06
7.030337830192586e-06,1.649975845209665,1.65,-0.0002788349380700313,5.349043838839959e-06
7.032337830192586e-06,1.649975845204825,1.65,-0.0002788349772150676,5.349043831727781e-06
7.034337830192586e-06,1.649975845209488,1.65,-0.0002788349381897063,5.349043838692049e-06
7.036337830192587e-06,1.649975845204718,1.65,-0.0002788349770821066,5.34904383155826e-06
7.038337830192587e-06,1.649975845209249,1.65,-0.0002788349383093835,5.349043838741373e-06
7.040337830192587e-06,1.649975845203802,1.65,-0.0002788349769358794,5.349043831661845e-06
7.042337830192587e-06,1.649975845207749,1.65,-0.0002788349384557006,5.349043838618729e-06
7.044337830192587e-06,1.649975845202099,1.65,-0.0002788349767896814,5.349043831565299e-06
7.046337830192587e-06,1.649975845205695,1.65,-0.0002788349385887419,5.349043838565735e-06
7.048337830192587e-06,1.649975845199856,1.65,-0.0002788349766700964,5.349043831516841e-06
7.050337830192588e-06,1.649975845203488,1.65,-0.0002788349386818994,5.34904383855489e-06
7.052337830192588e-06,1.649975845197984,1.65,-0.0002788349765770907,5.349043831518586e-06
7.054337830192588e-06,1.649975845201723,1.65,-0.0002788349388282264,5.349043838514901e-06
7.056337830192588e-06,1.649975845196368,1.65,-0.0002788349764308894,5.349043831483344e-06
7.058337830192588e-06,1.649975845200273,1.65,-0.0002788349389346522,5.349043838485352e-06
7.060337830192588e-06,1.649975845194902,1.65,-0.0002788349762979791,5.349043831510154e-06
7.062337830192589e-06,1.649975845198657,1.65,-0.0002788349390809738,5.349043838481808e-06
7.064337830192589e-06,1.649975845193422,1.65,-0.0002788349761916623,5.349043831519425e-06
7.066337830192589e-06,1.64997584519756,1.65,-0.0002788349392006829,5.349043838514009e-06
7.068337830192589e-06,1.649975845193114,1.65,-0.0002788349760720053,5.349043831555277e-06
7.070337830192589e-06,1.649975845197803,1.65,-0.0002788349393203423,5.349043838475562e-06
7.072337830192589e-06,1.649975845194003,1.65,-0.0002788349759523039,5.349043831525305e-06
7.074337830192589e-06,1.649975845199698,1.65,-0.0002788349394399402,5.349043838448234e-06
7.07633783019259e-06,1.649975845196735,1.65,-0.0002788349758192374,5.349043831539375e-06
7.07833783019259e-06,1.649975845202514,1.65,-0.0002788349395728003,5.349043838427189e-06
7.08033783019259e-06,1.649975845199664,1.65,-0.0002788349757260531,5.349043831557411e-06
7.08233783019259e-06,1.649975845205805,1.65,-0.0002788349396923462,5.349043838446089e-06
7.08433783019259e-06,1.649975845203164,1.65,-0.000278834975592958,5.349043831568953e-06
7.08633783019259e-06,1.649975845208837,1.65,-0.0002788349398384948,5.349043838435065e-06
7.08833783019259e-06,1.649975845205644,1.65,-0.0002788349754599008,5.349043831581931e-06
7.090337830192591e-06,1.649975845211026,1.65,-0.0002788349399314888,5.349043838444462e-06
7.092337830192591e-06,1.649975845207642,1.65,-0.0002788349753800476,5.349043831609872e-06
7.094337830192591e-06,1.649975845212732,1.65,-0.0002788349400643901,5.34904383842191e-06
7.096337830192591e-06,1.649975845209332,1.65,-0.0002788349752470199,5.349043831558715e-06
7.098337830192591e-06,1.649975845214654,1.65,-0.000278834940157394,5.349043838357036e-06
7.100337830192591e-06,1.64997584521159,1.65,-0.0002788349751272675,5.349043831590235e-06
7.102337830192592e-06,1.649975845216873,1.65,-0.0002788349402902764,5.349043838401526e-06
7.104337830192592e-06,1.649975845213576,1.65,-0.0002788349749942287,5.34904383160547e-06
7.106337830192592e-06,1.649975845218519,1.65,-0.0002788349404098835,5.349043838387516e-06
7.108337830192592e-06,1.649975845214876,1.65,-0.0002788349749144015,5.349043831642934e-06
7.110337830192592e-06,1.649975845219346,1.65,-0.0002788349405029282,5.349043838390167e-06
7.112337830192592e-06,1.649975845215617,1.65,-0.0002788349747814091,5.34904383162884e-06
7.114337830192592e-06,1.649975845220208,1.65,-0.0002788349406225645,5.349043838380271e-06
7.116337830192593e-06,1.649975845216343,1.65,-0.0002788349747016032,5.349043831665338e-06
7.118337830192593e-06,1.649975845220676,1.65,-0.000278834940755512,5.349043838374813e-06
7.120337830192593e-06,1.649975845216999,1.65,-0.0002788349745819104,5.349043831653395e-06
7.122337830192593e-06,1.649975845221756,1.65,-0.0002788349408485472,5.349043838357875e-06
7.124337830192593e-06,1.649975845218506,1.65,-0.0002788349744887789,5.349043831682342e-06
7.126337830192593e-06,1.649975845223447,1.65,-0.0002788349409814492,5.349043838352377e-06
7.128337830192593e-06,1.649975845220468,1.65,-0.0002788349743690375,5.349043831672166e-06
7.130337830192594e-06,1.649975845225521,1.65,-0.0002788349411010404,5.349043838297796e-06
7.132337830192594e-06,1.649975845222567,1.65,-0.0002788349742359946,5.349043831658412e-06
7.134337830192594e-06,1.649975845227263,1.65,-0.000278834941194051,5.349043838310991e-06
7.136337830192594e-06,1.649975845223578,1.65,-0.000278834974129585,5.34904383170461e-06
7.138337830192594e-06,1.649975845227768,1.65,-0.0002788349412871076,5.349043838328724e-06
7.140337830192594e-06,1.649975845223989,1.65,-0.0002788349740364944,5.349043831705308e-06
7.142337830192595e-06,1.649975845228047,1.65,-0.0002788349414067656,5.349043838307551e-06
7.144337830192595e-06,1.649975845224264,1.65,-0.0002788349739168157,5.349043831734424e-06
7.146337830192595e-06,1.649975845228172,1.65,-0.0002788349415131329,5.349043838303961e-06
7.148337830192595e-06,1.649975845224302,1.65,-0.0002788349737971459,5.349043831721371e-06
7.150337830192595e-06,1.649975845228312,1.65,-0.0002788349416062031,5.349043838280707e-06
7.152337830192595e-06,1.649975845224796,1.65,-0.0002788349736907557,5.349043831749813e-06
7.154337830192595e-06,1.649975845228964,1.65,-0.0002788349417258472,5.349043838293145e-06
7.156337830192596e-06,1.649975845225742,1.65,-0.0002788349735976451,5.349043831775572e-06
7.158337830192596e-06,1.649975845230093,1.65,-0.0002788349418321771,5.349043838274018e-06
7.160337830192596e-06,1.64997584522662,1.65,-0.0002788349734513511,5.349043831719803e-06
7.162337830192596e-06,1.64997584523066,1.65,-0.0002788349419518244,5.349043838247638e-06
7.164337830192596e-06,1.649975845227214,1.65,-0.0002788349733715501,5.349043831762338e-06
7.166337830192596e-06,1.649975845231323,1.65,-0.0002788349420448751,5.349043838186772e-06
7.168337830192596e-06,1.649975845227934,1.65,-0.0002788349732518549,5.349043831727164e-06
7.170337830192597e-06,1.649975845232018,1.65,-0.0002788349421379246,5.349043838169906e-06
7.172337830192597e-06,1.649975845228792,1.65,-0.0002788349731321547,5.34904383172257e-06
7.174337830192597e-06,1.649975845233002,1.65,-0.0002788349422708529,5.349043838151869e-06
7.176337830192597e-06,1.649975845229894,1.65,-0.0002788349730390383,5.349043831736195e-06
7.178337830192597e-06,1.649975845234027,1.65,-0.0002788349423372972,5.349043838195465e-06
7.180337830192597e-06,1.649975845230818,1.65,-0.000278834972959225,5.349043831775795e-06
7.182337830192598e-06,1.649975845234824,1.65,-0.0002788349424702324,5.349043838149968e-06
7.184337830192598e-06,1.649975845231453,1.65,-0.0002788349728528294,5.349043831761096e-06
7.186337830192598e-06,1.649975845235174,1.65,-0.0002788349425367018,5.349043838126878e-06
7.188337830192598e-06,1.649975845231645,1.65,-0.0002788349727331539,5.349043831769929e-06
7.190337830192598e-06,1.649975845235357,1.65,-0.0002788349426430669,5.349043838128611e-06
7.192337830192598e-06,1.649975845232099,1.65,-0.0002788349726533581,5.349043831796079e-06
7.194337830192598e-06,1.649975845236019,1.65,-0.0002788349427760072,5.349043838143115e-06
7.196337830192599e-06,1.649975845232887,1.65,-0.0002788349725469569,5.349043831824517e-06
7.198337830192599e-06,1.649975845236926,1.65,-0.0002788349428823453,5.349043838120914e-06
7.200337830192599e-06,1.649975845233919,1.65,-0.0002788349724538431,5.349043831859106e-06
7.202337830192599e-06,1.649975845237802,1.65,-0.0002788349429753881,5.349043838175885e-06
7.204337830192599e-06,1.649975845234797,1.65,-0.0002788349723607351,5.349043831876846e-06
7.206337830192599e-06,1.649975845238906,1.65,-0.0002788349430684224,5.349043838154416e-06
7.2083378301926e-06,1.64997584523626,1.65,-0.0002788349722410122,5.349043831922687e-06
7.2103378301926e-06,1.649975845240597,1.65,-0.0002788349431747315,5.349043838157005e-06
7.2123378301926e-06,1.649975845237981,1.65,-0.0002788349721478728,5.349043831909631e-06
7.2143378301926e-06,1.64997584524214,1.65,-0.0002788349432677495,5.349043838107626e-06
7.2163378301926e-06,1.64997584523944,1.65,-0.0002788349720414466,5.349043831900843e-06
7.2183378301926e-06,1.649975845243418,1.65,-0.0002788349433607773,5.349043838116929e-06
7.2203378301926e-06,1.649975845240418,1.65,-0.0002788349719217419,5.349043831907029e-06
7.222337830192601e-06,1.649975845244147,1.65,-0.0002788349434671221,5.349043838085401e-06
7.224337830192601e-06,1.649975845241326,1.65,-0.0002788349718552257,5.349043831912546e-06
7.226337830192601e-06,1.649975845245243,1.65,-0.0002788349435601568,5.349043838084955e-06
7.228337830192601e-06,1.64997584524219,1.65,-0.0002788349717621181,5.34904383194843e-06
7.230337830192601e-06,1.649975845245508,1.65,-0.0002788349436665187,5.349043838092999e-06
7.232337830192601e-06,1.649975845242417,1.65,-0.0002788349716690343,5.349043831978953e-06
7.234337830192601e-06,1.649975845246085,1.65,-0.0002788349437595727,5.349043838113786e-06
7.236337830192602e-06,1.649975845242871,1.65,-0.000278834971549349,5.34904383200097e-06
7.238337830192602e-06,1.649975845246095,1.65,-0.0002788349438393513,5.349043838078162e-06
7.240337830192602e-06,1.649975845242915,1.65,-0.0002788349714695685,5.349043831962217e-06
7.242337830192602e-06,1.649975845246333,1.65,-0.0002788349439723073,5.349043838024082e-06
7.244337830192602e-06,1.64997584524316,1.65,-0.0002788349713897805,5.349043831952365e-06
7.246337830192602e-06,1.649975845246334,1.65,-0.0002788349440520862,5.349043838012914e-06
7.248337830192603e-06,1.649975845243015,1.65,-0.0002788349712701174,5.34904383197433e-06
7.250337830192603e-06,1.649975845246069,1.65,-0.0002788349441318749,5.349043838012707e-06
7.252337830192603e-06,1.6499758452427,1.65,-0.0002788349711770538,5.349043831977977e-06
7.254337830192603e-06,1.649975845245638,1.65,-0.0002788349442249664,5.349043837984782e-06
7.256337830192603e-06,1.649975845242195,1.65,-0.0002788349710839971,5.349043831999715e-06
7.258337830192603e-06,1.649975845244954,1.65,-0.0002788349443180672,5.349043837997776e-06
7.260337830192603e-06,1.64997584524143,1.65,-0.0002788349709776537,5.349043832025714e-06
7.262337830192604e-06,1.649975845244384,1.65,-0.0002788349444244603,5.349043838001372e-06
7.264337830192604e-06,1.649975845241119,1.65,-0.0002788349708845899,5.349043832055174e-06
7.266337830192604e-06,1.649975845243999,1.65,-0.00027883494451755,5.349043837977604e-06
7.268337830192604e-06,1.649975845240663,1.65,-0.0002788349708314209,5.349043832013353e-06
7.270337830192604e-06,1.64997584524364,1.65,-0.0002788349445973423,5.349043837956728e-06
7.272337830192604e-06,1.649975845240553,1.65,-0.0002788349707117566,5.349043832045068e-06
7.274337830192604e-06,1.64997584524359,1.65,-0.0002788349447170126,5.349043837906323e-06
7.276337830192605e-06,1.649975845240596,1.65,-0.0002788349706319761,5.349043832004658e-06
7.278337830192605e-06,1.649975845243862,1.65,-0.0002788349447568919,5.349043837891058e-06
7.280337830192605e-06,1.649975845241129,1.65,-0.0002788349705388808,5.349043832016694e-06
7.282337830192605e-06,1.649975845244576,1.65,-0.0002788349448765337,5.34904383792099e-06
7.284337830192605e-06,1.649975845242042,1.65,-0.000278834970459068,5.349043832124111e-06
7.286337830192605e-06,1.64997584524532,1.65,-0.0002788349449429884,5.349043837959336e-06
7.288337830192606e-06,1.649975845242356,1.65,-0.0002788349703526844,5.349043832092643e-06
7.290337830192606e-06,1.649975845245117,1.65,-0.0002788349450227749,5.349043837884095e-06
7.292337830192606e-06,1.649975845241879,1.65,-0.0002788349702729232,5.349043832082256e-06
7.294337830192606e-06,1.649975845244303,1.65,-0.0002788349451158806,5.349043837880512e-06
7.296337830192606e-06,1.649975845240533,1.65,-0.0002788349701798979,5.34904383209907e-06
7.298337830192606e-06,1.649975845242349,1.65,-0.0002788349452223252,5.349043837880678e-06
7.300337830192606e-06,1.649975845237989,1.65,-0.0002788349701002136,5.349043832102983e-06
7.302337830192607e-06,1.649975845239266,1.65,-0.0002788349452889223,5.349043837848618e-06
7.304337830192607e-06,1.649975845234691,1.65,-0.0002788349699939644,5.34904383213774e-06
7.306337830192607e-06,1.649975845236011,1.65,-0.0002788349453555258,5.349043837892587e-06
7.308337830192607e-06,1.649975845231401,1.65,-0.0002788349699143079,5.349043832152776e-06
7.310337830192607e-06,1.649975845232326,1.65,-0.0002788349454487383,5.34904383782982e-06
7.312337830192607e-06,1.649975845227836,1.65,-0.0002788349698346615,5.349043832134509e-06
7.314337830192607e-06,1.649975845229674,1.65,-0.0002788349455286158,5.349043837833277e-06
7.316337830192608e-06,1.649975845226405,1.65,-0.0002788349697549359,5.349043832178552e-06
7.318337830192608e-06,1.649975845229007,1.65,-0.0002788349456350126,5.349043837846666e-06
7.320337830192608e-06,1.649975845226126,1.65,-0.0002788349696485743,5.349043832181713e-06
7.322337830192608e-06,1.649975845229092,1.65,-0.0002788349457280849,5.34904383781593e-06
7.324337830192608e-06,1.649975845226605,1.65,-0.0002788349695820741,5.349043832221224e-06
7.326337830192608e-06,1.649975845229872,1.65,-0.0002788349458078347,5.349043837832811e-06
7.328337830192609e-06,1.649975845227761,1.65,-0.0002788349695155487,5.349043832229168e-06
7.330337830192609e-06,1.649975845231249,1.65,-0.0002788349459141554,5.3490438378299e-06
7.332337830192609e-06,1.649975845229247,1.65,-0.000278834969422418,5.349043832218124e-06
7.334337830192609e-06,1.649975845232746,1.65,-0.0002788349459938787,5.349043837797016e-06
7.336337830192609e-06,1.649975845230693,1.65,-0.0002788349693425853,5.349043832216939e-06
7.338337830192609e-06,1.649975845233995,1.65,-0.0002788349460603146,5.349043837781119e-06
7.340337830192609e-06,1.649975845231832,1.65,-0.000278834969262764,5.349043832250074e-06
7.34233783019261e-06,1.649975845234913,1.65,-0.0002788349461666523,5.349043837774917e-06
7.34433783019261e-06,1.649975845232385,1.65,-0.000278834969143075,5.349043832248175e-06
7.34633783019261e-06,1.649975845235121,1.65,-0.0002788349462331271,5.349043837752699e-06
7.34833783019261e-06,1.649975845232455,1.65,-0.00027883496907659,5.349043832268552e-06
7.35033783019261e-06,1.649975845235047,1.65,-0.0002788349463129087,5.34904383777087e-06
7.35233783019261e-06,1.649975845232168,1.65,-0.0002788349690234147,5.349043832289953e-06
7.35433783019261e-06,1.649975845234598,1.65,-0.0002788349463927044,5.349043837741057e-06
7.356337830192611e-06,1.649975845231956,1.65,-0.0002788349689436437,5.349043832262582e-06
7.358337830192611e-06,1.649975845234629,1.65,-0.0002788349464724821,5.349043837710714e-06
7.360337830192611e-06,1.64997584523196,1.65,-0.0002788349688505681,5.349043832288138e-06
7.362337830192611e-06,1.649975845234504,1.65,-0.0002788349465655622,5.349043837712708e-06
7.364337830192611e-06,1.649975845231954,1.65,-0.0002788349687707894,5.34904383231612e-06
7.366337830192611e-06,1.649975845234564,1.65,-0.0002788349466453389,5.349043837722903e-06
7.368337830192612e-06,1.649975845231974,1.65,-0.0002788349687043063,5.349043832342744e-06
7.370337830192612e-06,1.649975845234621,1.65,-0.0002788349467118192,5.349043837702812e-06
7.372337830192612e-06,1.649975845232028,1.65,-0.0002788349685979323,5.349043832291121e-06
7.374337830192612e-06,1.649975845234442,1.65,-0.0002788349468049013,5.349043837678634e-06
7.376337830192612e-06,1.649975845231857,1.65,-0.0002788349685447528,5.349043832332624e-06
7.378337830192612e-06,1.649975845234294,1.65,-0.0002788349468713891,5.349043837614746e-06
7.380337830192612e-06,1.649975845231545,1.65,-0.0002788349684915784,5.349043832297779e-06
7.382337830192613e-06,1.649975845233893,1.65,-0.000278834946951183,5.349043837605903e-06
7.384337830192613e-06,1.649975845231375,1.65,-0.0002788349683985093,5.349043832293171e-06
7.386337830192613e-06,1.649975845233654,1.65,-0.0002788349470176743,5.349043837584958e-06
7.388337830192613e-06,1.649975845230663,1.65,-0.0002788349683320534,5.34904383232206e-06
7.390337830192613e-06,1.649975845232634,1.65,-0.0002788349470974912,5.34904383762061e-06
7.392337830192613e-06,1.6499758452298,1.65,-0.0002788349682390101,5.349043832345249e-06
7.394337830192613e-06,1.649975845231891,1.65,-0.0002788349471905942,5.34904383758706e-06
7.396337830192614e-06,1.649975845229006,1.65,-0.0002788349681991502,5.349043832399497e-06
7.398337830192614e-06,1.649975845231069,1.65,-0.0002788349472571073,5.349043837633151e-06
7.400337830192614e-06,1.64997584522839,1.65,-0.0002788349680928012,5.349043832401035e-06
7.402337830192614e-06,1.649975845230775,1.65,-0.0002788349473103041,5.349043837631071e-06
7.404337830192614e-06,1.649975845228461,1.65,-0.0002788349680130197,5.349043832447418e-06
7.406337830192614e-06,1.649975845231097,1.65,-0.0002788349474033676,5.349043837664331e-06
7.408337830192615e-06,1.649975845229007,1.65,-0.0002788349679465169,5.349043832492935e-06
7.410337830192615e-06,1.649975845231729,1.65,-0.0002788349474964195,5.349043837631984e-06
7.412337830192615e-06,1.649975845229783,1.65,-0.0002788349678933021,5.349043832454065e-06
7.414337830192615e-06,1.64997584523275,1.65,-0.0002788349475495674,5.349043837596527e-06
7.416337830192615e-06,1.64997584523106,1.65,-0.0002788349678001792,5.349043832486938e-06
7.418337830192615e-06,1.649975845234175,1.65,-0.0002788349476292933,5.349043837597849e-06
7.420337830192615e-06,1.649975845232544,1.65,-0.0002788349677336415,5.349043832474502e-06
7.422337830192616e-06,1.649975845235472,1.65,-0.0002788349476957274,5.349043837549279e-06
7.424337830192616e-06,1.649975845233807,1.65,-0.0002788349676538156,5.349043832460491e-06
7.426337830192616e-06,1.649975845236811,1.65,-0.0002788349477754566,5.349043837552801e-06
7.428337830192616e-06,1.649975845235195,1.65,-0.0002788349676005781,5.349043832484156e-06
7.430337830192616e-06,1.649975845238203,1.65,-0.0002788349478551838,5.349043837549273e-06
7.432337830192616e-06,1.64997584523658,1.65,-0.0002788349675340441,5.349043832524383e-06
7.434337830192616e-06,1.649975845239285,1.65,-0.000278834947895033,5.349043837547534e-06
7.436337830192617e-06,1.649975845237094,1.65,-0.000278834967454246,5.349043832508461e-06
7.438337830192617e-06,1.649975845239364,1.65,-0.0002788349479748089,5.349043837500575e-06
7.440337830192617e-06,1.649975845237047,1.65,-0.0002788349673611724,5.349043832508775e-06
7.442337830192617e-06,1.649975845239142,1.65,-0.0002788349480412996,5.349043837501269e-06
7.444337830192617e-06,1.649975845236527,1.65,-0.0002788349673213023,5.349043832518508e-06
7.446337830192617e-06,1.649975845238378,1.65,-0.000278834948094514,5.349043837517491e-06
7.448337830192618e-06,1.649975845235791,1.65,-0.0002788349672016613,5.349043832552928e-06
7.450337830192618e-06,1.6499758452376,1.65,-0.0002788349481876184,5.349043837469625e-06
7.452337830192618e-06,1.649975845234916,1.65,-0.0002788349671485079,5.349043832528353e-06
7.454337830192618e-06,1.649975845236437,1.65,-0.0002788349482408475,5.349043837450971e-06
7.456337830192618e-06,1.649975845233371,1.65,-0.00027883496705549,5.349043832541204e-06
7.458337830192618e-06,1.649975845234703,1.65,-0.0002788349483073945,5.349043837448736e-06
7.460337830192618e-06,1.649975845231722,1.65,-0.0002788349670023654,5.349043832569186e-06
7.462337830192619e-06,1.649975845233187,1.65,-0.0002788349483872298,5.349043837473063e-06
7.464337830192619e-06,1.649975845230238,1.65,-0.0002788349669093452,5.349043832594273e-06
7.466337830192619e-06,1.649975845231351,1.65,-0.000278834948440484,5.349043837441754e-06
7.468337830192619e-06,1.649975845228024,1.65,-0.0002788349668828345,5.349043832601759e-06
7.470337830192619e-06,1.649975845228972,1.65,-0.0002788349485469444,5.349043837453371e-06
7.472337830192619e-06,1.649975845225534,1.65,-0.0002788349667898518,5.349043832623177e-06
7.474337830192619e-06,1.649975845226393,1.65,-0.0002788349485603368,5.349043837424303e-06
7.47633783019262e-06,1.649975845223142,1.65,-0.0002788349667234583,5.349043832577383e-06
7.47833783019262e-06,1.649975845224134,1.65,-0.0002788349486136068,5.349043837389386e-06
7.48033783019262e-06,1.649975845220854,1.65,-0.0002788349666703575,5.34904383261094e-06
7.48233783019262e-06,1.64997584522185,1.65,-0.0002788349486934707,5.349043837372255e-06
7.48433783019262e-06,1.649975845218629,1.65,-0.0002788349666039578,5.349043832634311e-06
7.48633783019262e-06,1.649975845219657,1.65,-0.0002788349487733313,5.349043837396601e-06
7.488337830192621e-06,1.649975845216577,1.65,-0.0002788349665242552,5.349043832783993e-06
7.490337830192621e-06,1.649975845217682,1.65,-0.0002788349488398871,5.349043837561658e-06
7.492337830192621e-06,1.649975845214768,1.65,-0.0002788349664578401,5.349043832861511e-06
7.494337830192621e-06,1.64997584521624,1.65,-0.0002788349488931267,5.349043837594239e-06
7.496337830192621e-06,1.649975845214127,1.65,-0.0002788349664046781,5.349043832912192e-06
7.498337830192621e-06,1.649975845216402,1.65,-0.0002788349489728995,5.349043837610777e-06
7.500337830192621e-06,1.649975845214761,1.65,-0.0002788349663514685,5.349043832942449e-06
7.502337830192622e-06,1.649975845217499,1.65,-0.0002788349490526376,5.349043837635982e-06
7.504337830192622e-06,1.649975845216381,1.65,-0.0002788349662716293,5.3490438329759e-06
7.506337830192622e-06,1.649975845219374,1.65,-0.0002788349491057539,5.349043837605231e-06
7.508337830192622e-06,1.649975845218442,1.65,-0.0002788349662183666,5.349043832934945e-06
7.510337830192622e-06,1.649975845221361,1.65,-0.0002788349491721625,5.349043837576982e-06
7.512337830192622e-06,1.649975845220245,1.65,-0.0002788349661518172,5.349043832967099e-06
7.514337830192622e-06,1.649975845223152,1.65,-0.0002788349492252818,5.349043837531577e-06
7.516337830192623e-06,1.649975845222114,1.65,-0.0002788349660985617,5.349043832914482e-06
7.518337830192623e-06,1.649975845224948,1.65,-0.0002788349493182904,5.349043837518396e-06
7.520337830192623e-06,1.649975845223651,1.65,-0.0002788349660320221,5.349043832929717e-06
7.522337830192623e-06,1.649975845226112,1.65,-0.0002788349493581365,5.349043837481418e-06
7.524337830192623e-06,1.649975845224565,1.65,-0.0002788349659655057,5.349043832968511e-06
7.526337830192623e-06,1.649975845226789,1.65,-0.0002788349494245938,5.349043837528701e-06
7.528337830192624e-06,1.64997584522482,1.65,-0.0002788349659123102,5.349043832980118e-06
7.530337830192624e-06,1.649975845226578,1.65,-0.0002788349494910841,5.349043837508988e-06
7.532337830192624e-06,1.649975845224817,1.65,-0.0002788349658458279,5.349043833015784e-06
7.534337830192624e-06,1.649975845226896,1.65,-0.0002788349495575546,5.349043837556916e-06
7.536337830192624e-06,1.649975845225055,1.65,-0.0002788349657926331,5.349043833052278e-06
7.538337830192624e-06,1.649975845227319,1.65,-0.0002788349496240213,5.349043837534294e-06
7.540337830192624e-06,1.649975845226175,1.65,-0.000278834965726109,5.349043833094232e-06
7.542337830192625e-06,1.649975845228987,1.65,-0.0002788349496505522,5.349043837572776e-06
7.544337830192625e-06,1.649975845227932,1.65,-0.0002788349656595612,5.34904383311538e-06
7.546337830192625e-06,1.649975845230669,1.65,-0.0002788349497568616,5.349043837551905e-06
7.548337830192625e-06,1.649975845229861,1.65,-0.0002788349656063035,5.349043833113674e-06
7.550337830192625e-06,1.649975845232829,1.65,-0.0002788349497966707,5.34904383752429e-06
7.552337830192625e-06,1.649975845231789,1.65,-0.0002788349655397494,5.349043833101026e-06
7.554337830192625e-06,1.649975845234447,1.65,-0.000278834949863093,5.349043837498858e-06
7.556337830192626e-06,1.64997584523362,1.65,-0.0002788349654864953,5.349043833124341e-06
7.558337830192626e-06,1.649975845236411,1.65,-0.0002788349499295023,5.34904383751624e-06
7.560337830192626e-06,1.649975845235102,1.65,-0.0002788349654199577,5.349043833149059e-06
7.562337830192626e-06,1.649975845237163,1.65,-0.0002788349499826602,5.349043837527964e-06
7.564337830192626e-06,1.649975845235593,1.65,-0.00027883496538005,5.349043833182414e-06
7.566337830192626e-06,1.649975845237615,1.65,-0.0002788349500092364,5.349043837503178e-06
7.568337830192627e-06,1.649975845235972,1.65,-0.0002788349653135535,5.349043833134306e-06
7.570337830192627e-06,1.649975845237865,1.65,-0.0002788349500757096,5.349043837437521e-06
7.572337830192627e-06,1.64997584523598,1.65,-0.0002788349652470707,5.349043833126678e-06
7.574337830192627e-06,1.649975845237337,1.65,-0.0002788349501555081,5.349043837437902e-06
7.576337830192627e-06,1.649975845234951,1.65,-0.0002788349651540337,5.349043833147566e-06
7.578337830192627e-06,1.649975845236151,1.65,-0.0002788349501954417,5.34904383740265e-06
7.580337830192627e-06,1.64997584523382,1.65,-0.0002788349651274827,5.349043833137484e-06
7.582337830192628e-06,1.649975845234815,1.65,-0.0002788349502619738,5.349043837415834e-06
7.584337830192628e-06,1.649975845232263,1.65,-0.0002788349650610582,5.349043833149971e-06
7.586337830192628e-06,1.649975845233355,1.65,-0.0002788349503285105,5.349043837382772e-06
7.588337830192628e-06,1.649975845230972,1.65,-0.0002788349650212167,5.349043833160625e-06
7.590337830192628e-06,1.649975845232147,1.65,-0.0002788349503551485,5.349043837389517e-06
7.592337830192628e-06,1.649975845229906,1.65,-0.0002788349649414775,5.349043833185991e-06
7.594337830192629e-06,1.649975845230984,1.65,-0.0002788349504349707,5.349043837397315e-06
7.596337830192629e-06,1.649975845228794,1.65,-0.0002788349649016294,5.349043833214871e-06
7.598337830192629e-06,1.649975845230324,1.65,-0.0002788349504748847,5.349043837372714e-06
7.600337830192629e-06,1.6499758452284,1.65,-0.0002788349648617546,5.34904383319905e-06
7.602337830192629e-06,1.649975845229954,1.65,-0.0002788349505280844,5.349043837355799e-06
7.604337830192629e-06,1.649975845228334,1.65,-0.0002788349647819782,5.349043833178472e-06
7.606337830192629e-06,1.649975845230128,1.65,-0.0002788349505812639,5.349043837318736e-06
7.60833783019263e-06,1.649975845228398,1.65,-0.0002788349647553828,5.349043833216592e-06
7.61033783019263e-06,1.649975845230008,1.65,-0.0002788349506610473,5.3490438373657e-06
7.61233783019263e-06,1.649975845228309,1.65,-0.0002788349646889037,5.349043833235542e-06
7.61433783019263e-06,1.649975845229841,1.65,-0.0002788349507142394,5.349043837330392e-06
7.61633783019263e-06,1.6499758452281,1.65,-0.0002788349646490221,5.34904383325162e-06
7.61833783019263e-06,1.649975845229712,1.65,-0.0002788349507541337,5.349043837305897e-06
7.62033783019263e-06,1.649975845227979,1.65,-0.0002788349645692476,5.34904383323207e-06
7.622337830192631e-06,1.649975845229533,1.65,-0.0002788349508339192,5.349043837294895e-06
7.624337830192631e-06,1.649975845227776,1.65,-0.0002788349645027727,5.349043833246298e-06
7.626337830192631e-06,1.649975845229197,1.65,-0.0002788349508871177,5.34904383729917e-06
7.628337830192631e-06,1.649975845227361,1.65,-0.0002788349644761951,5.3490438332804e-06
7.630337830192631e-06,1.64997584522884,1.65,-0.0002788349509403169,5.349043837304173e-06
7.63233783019263e-06,1.649975845227127,1.65,-0.0002788349644097215,5.349043833304964e-06
7.63433783019263e-06,1.649975845228716,1.65,-0.0002788349509935075,5.349043837295367e-06
7.636337830192629e-06,1.649975845227173,1.65,-0.0002788349643565337,5.349043833278024e-06
7.638337830192628e-06,1.64997584522887,1.65,-0.0002788349510333912,5.34904383727225e-06
7.640337830192628e-06,1.64997584522721,1.65,-0.00027883496429005,5.34904383326738e-06
7.642337830192627e-06,1.649975845228644,1.65,-0.0002788349510865855,5.349043837224733e-06
7.644337830192626e-06,1.64997584522692,1.65,-0.0002788349642767642,5.34904383331206e-06
7.646337830192626e-06,1.649975845228262,1.65,-0.0002788349511530822,5.34904383727229e-06
7.648337830192625e-06,1.649975845226268,1.65,-0.0002788349641970096,5.349043833327178e-06
7.650337830192624e-06,1.6499758452273,1.65,-0.0002788349512196004,5.349043837252725e-06
7.652337830192624e-06,1.649975845225283,1.65,-0.0002788349641571568,5.349043833359206e-06
7.654337830192623e-06,1.649975845226389,1.65,-0.0002788349512462273,5.349043837260132e-06
7.656337830192622e-06,1.649975845224402,1.65,-0.0002788349641040037,5.349043833342711e-06
7.658337830192621e-06,1.649975845225524,1.65,-0.0002788349513127419,5.349043837076171e-06
7.66033783019262e-06,1.649975845223576,1.65,-0.0002788349640774414,5.349043833159587e-06
7.66233783019262e-06,1.649975845224698,1.65,-0.0002788349513393656,5.349043837141098e-06
7.66433783019262e-06,1.64997584522247,1.65,-0.0002788349639844072,5.34904383328836e-06
7.666337830192619e-06,1.649975845223023,1.65,-0.0002788349514192068,5.349043836989418e-06
7.668337830192618e-06,1.649975845220565,1.65,-0.000278834963957885,5.349043833125103e-06
7.670337830192617e-06,1.649975845221159,1.65,-0.0002788349514458691,5.349043836947694e-06
7.672337830192617e-06,1.64997584521854,1.65,-0.0002788349638914779,5.349043833102434e-06
7.674337830192616e-06,1.649975845218778,1.65,-0.0002788349514858472,5.349043836905014e-06
7.676337830192615e-06,1.649975845215999,1.65,-0.0002788349638649795,5.349043833106285e-06
7.678337830192614e-06,1.649975845216227,1.65,-0.0002788349515524245,5.34904383686569e-06
7.680337830192614e-06,1.649975845213532,1.65,-0.0002788349637852923,5.349043833039724e-06
7.682337830192613e-06,1.649975845213825,1.65,-0.0002788349515791068,5.34904383684233e-06
7.684337830192612e-06,1.649975845211352,1.65,-0.0002788349637587804,5.349043833136308e-06
7.686337830192612e-06,1.64997584521212,1.65,-0.0002788349516456526,5.349043836868037e-06
7.688337830192611e-06,1.649975845210092,1.65,-0.0002788349637056413,5.349043833090755e-06
7.69033783019261e-06,1.649975845211051,1.65,-0.0002788349516988783,5.349043836876402e-06
7.69233783019261e-06,1.649975845209107,1.65,-0.0002788349636391956,5.349043833203349e-06
7.694337830192609e-06,1.649975845210196,1.65,-0.0002788349517387996,5.349043836897764e-06
7.696337830192608e-06,1.649975845208684,1.65,-0.0002788349635993218,5.34904383315537e-06
7.698337830192608e-06,1.649975845210322,1.65,-0.0002788349517919809,5.349043836830465e-06
7.700337830192607e-06,1.649975845209162,1.65,-0.0002788349635328216,5.349043833130411e-06
7.702337830192606e-06,1.649975845210951,1.65,-0.0002788349518451434,5.349043836825867e-06
7.704337830192605e-06,1.649975845210013,1.65,-0.0002788349634929005,5.349043833185224e-06
7.706337830192605e-06,1.64997584521202,1.65,-0.0002788349518849931,5.349043836833307e-06
7.708337830192604e-06,1.649975845211081,1.65,-0.0002788349634396748,5.349043833139954e-06
7.710337830192603e-06,1.649975845212957,1.65,-0.0002788349519381442,5.349043836814903e-06
7.712337830192603e-06,1.6499758452123,1.65,-0.000278834963426333,5.349043833177842e-06
7.714337830192602e-06,1.64997584521452,1.65,-0.0002788349519779756,5.349043836760497e-06
7.716337830192601e-06,1.649975845213734,1.65,-0.0002788349633332043,5.349043833143678e-06
7.7183378301926e-06,1.649975845215576,1.65,-0.0002788349520178257,5.349043836748972e-06
7.7203378301926e-06,1.649975845214766,1.65,-0.0002788349632932764,5.349043833145165e-06
7.7223378301926e-06,1.649975845216703,1.65,-0.0002788349520709697,5.349043836716738e-06
7.724337830192598e-06,1.649975845215633,1.65,-0.0002788349632400582,5.349043833163277e-06
7.726337830192598e-06,1.649975845217242,1.65,-0.0002788349521108391,5.349043836777717e-06
7.728337830192597e-06,1.649975845216071,1.65,-0.0002788349632001524,5.349043833224661e-06
7.730337830192596e-06,1.649975845217509,1.65,-0.0002788349521640152,5.349043836743297e-06
7.732337830192596e-06,1.649975845216087,1.65,-0.0002788349631735589,5.349043833185866e-06
7.734337830192595e-06,1.649975845217354,1.65,-0.0002788349522039104,5.349043836740288e-06
7.736337830192594e-06,1.649975845215968,1.65,-0.0002788349631203773,5.349043833238515e-06
7.738337830192594e-06,1.649975845217317,1.65,-0.0002788349522438012,5.349043836782312e-06
7.740337830192593e-06,1.649975845215655,1.65,-0.0002788349630539065,5.349043833278688e-06
7.742337830192592e-06,1.649975845216415,1.65,-0.0002788349522970207,5.349043836756873e-06
7.744337830192591e-06,1.649975845214617,1.65,-0.0002788349630273522,5.349043833280925e-06
7.74633783019259e-06,1.649975845215546,1.65,-0.000278834952350239,5.349043836741392e-06
7.74833783019259e-06,1.649975845213885,1.65,-0.00027883496298749,5.349043833245801e-06
7.75033783019259e-06,1.649975845214864,1.65,-0.0002788349523901539,5.349043836728323e-06
7.752337830192589e-06,1.649975845213198,1.65,-0.0002788349629609225,5.349043833277196e-06
7.754337830192588e-06,1.649975845214297,1.65,-0.0002788349524167679,5.349043836715353e-06
7.756337830192587e-06,1.649975845212878,1.65,-0.0002788349629077485,5.349043833308043e-06
7.758337830192587e-06,1.649975845214044,1.65,-0.0002788349524832597,5.349043836728328e-06
7.760337830192586e-06,1.649975845212519,1.65,-0.0002788349628678724,5.349043833321457e-06
7.762337830192585e-06,1.649975845213659,1.65,-0.000278834952509867,5.349043836729576e-06
7.764337830192585e-06,1.649975845212302,1.65,-0.0002788349628146945,5.349043833303292e-06
7.766337830192584e-06,1.649975845213757,1.65,-0.0002788349525763459,5.349043836704785e-06
7.768337830192583e-06,1.649975845212808,1.65,-0.0002788349627481933,5.349043833336896e-06
7.770337830192582e-06,1.649975845214472,1.65,-0.0002788349526029122,5.349043836704805e-06
7.772337830192582e-06,1.649975845213809,1.65,-0.0002788349627215631,5.349043833326347e-06
7.774337830192581e-06,1.649975845215793,1.65,-0.000278834952656049,5.349043836673606e-06
7.77633783019258e-06,1.649975845215196,1.65,-0.0002788349626683255,5.349043833314137e-06
7.77833783019258e-06,1.649975845217138,1.65,-0.0002788349526692955,5.349043836650765e-06
7.780337830192579e-06,1.649975845216671,1.65,-0.0002788349626283812,5.349043833338018e-06
7.782337830192578e-06,1.649975845218761,1.65,-0.0002788349527623104,5.349043836660073e-06
7.784337830192578e-06,1.649975845218294,1.65,-0.0002788349625884313,5.349043833362227e-06
7.786337830192577e-06,1.64997584522029,1.65,-0.0002788349527622536,5.349043836679341e-06
7.788337830192576e-06,1.649975845219768,1.65,-0.0002788349625617836,5.349043833380969e-06
7.790337830192575e-06,1.64997584522161,1.65,-0.0002788349528286869,5.349043836664655e-06
7.792337830192575e-06,1.649975845221085,1.65,-0.0002788349624952522,5.349043833379782e-06
7.794337830192574e-06,1.649975845223107,1.65,-0.0002788349528818172,5.349043836636581e-06
7.796337830192573e-06,1.649975845222622,1.65,-0.0002788349624686019,5.34904383337024e-06
7.798337830192573e-06,1.649975845224537,1.65,-0.0002788349529216535,5.34904383661249e-06
7.800337830192572e-06,1.649975845224004,1.65,-0.0002788349624286611,5.349043833383898e-06
7.802337830192571e-06,1.649975845225775,1.65,-0.0002788349529482004,5.349043836620464e-06
7.80433783019257e-06,1.649975845225106,1.65,-0.0002788349623754342,5.349043833399318e-06
7.80633783019257e-06,1.649975845226794,1.65,-0.0002788349529880519,5.349043836642287e-06
7.80833783019257e-06,1.649975845226008,1.65,-0.0002788349623488076,5.349043833430363e-06
7.810337830192568e-06,1.649975845227663,1.65,-0.0002788349530412055,5.349043836614449e-06
7.812337830192568e-06,1.64997584522684,1.65,-0.0002788349623354802,5.349043833420644e-06
7.814337830192567e-06,1.649975845228254,1.65,-0.0002788349530677765,5.349043836592888e-06
7.816337830192566e-06,1.649975845227251,1.65,-0.0002788349622423895,5.349043833401882e-06
7.818337830192566e-06,1.649975845228422,1.65,-0.0002788349530943632,5.349043836573448e-06
7.820337830192565e-06,1.649975845227152,1.65,-0.0002788349622158002,5.34904383343031e-06
7.822337830192564e-06,1.649975845228188,1.65,-0.0002788349531342615,5.349043836572219e-06
7.824337830192564e-06,1.649975845226863,1.65,-0.0002788349621759215,5.349043833442953e-06
7.826337830192563e-06,1.649975845227941,1.65,-0.0002788349532007531,5.349043836599392e-06
7.828337830192562e-06,1.649975845226753,1.65,-0.0002788349621626291,5.349043833466165e-06
7.830337830192562e-06,1.649975845227785,1.65,-0.0002788349532273518,5.349043836572814e-06
7.83233783019256e-06,1.649975845226355,1.65,-0.0002788349620961615,5.349043833466054e-06
7.83433783019256e-06,1.649975845227284,1.65,-0.0002788349532805564,5.349043836541573e-06
7.83633783019256e-06,1.649975845226155,1.65,-0.0002788349620562795,5.349043833446345e-06
7.838337830192559e-06,1.649975845227542,1.65,-0.0002788349533204363,5.349043836531041e-06
7.840337830192558e-06,1.649975845226547,1.65,-0.0002788349620163755,5.349043833457434e-06
7.842337830192557e-06,1.649975845227736,1.65,-0.0002788349533337255,5.349043836502584e-06
7.844337830192557e-06,1.649975845226966,1.65,-0.0002788349619897669,5.34904383343833e-06
7.846337830192556e-06,1.649975845228517,1.65,-0.000278834953373586,5.349043836484124e-06
7.848337830192555e-06,1.649975845227609,1.65,-0.000278834961936557,5.349043833418632e-06
7.850337830192555e-06,1.649975845228749,1.65,-0.0002788349534134668,5.349043836450288e-06
7.852337830192554e-06,1.649975845227631,1.65,-0.0002788349618833703,5.349043833451442e-06
7.854337830192553e-06,1.649975845228751,1.65,-0.0002788349534799491,5.34904383649266e-06
7.856337830192552e-06,1.64997584522755,1.65,-0.0002788349618700767,5.349043833463576e-06
7.858337830192552e-06,1.649975845228542,1.65,-0.0002788349534932534,5.349043836467372e-06
7.860337830192551e-06,1.649975845227252,1.65,-0.0002788349618036054,5.349043833509575e-06
7.86233783019255e-06,1.649975845228095,1.65,-0.000278834953546456,5.349043836516561e-06
7.86433783019255e-06,1.649975845226779,1.65,-0.0002788349617770301,5.349043833527598e-06
7.866337830192549e-06,1.649975845227643,1.65,-0.0002788349535730657,5.349043836456594e-06
7.868337830192548e-06,1.649975845226375,1.65,-0.0002788349617371556,5.349043833492828e-06
7.870337830192548e-06,1.649975845227317,1.65,-0.0002788349536129674,5.349043836307368e-06
7.872337830192547e-06,1.649975845226145,1.65,-0.0002788349616839782,5.349043833314929e-06
7.874337830192546e-06,1.649975845226986,1.65,-0.0002788349536395727,5.349043836220754e-06
7.876337830192546e-06,1.649975845225526,1.65,-0.0002788349616840013,5.349043833275599e-06
7.878337830192545e-06,1.649975845226102,1.65,-0.0002788349536927915,5.349043836174615e-06
7.880337830192544e-06,1.649975845224344,1.65,-0.0002788349616308593,5.349043833282854e-06
7.882337830192543e-06,1.649975845224434,1.65,-0.0002788349537194465,5.349043836219283e-06
7.884337830192543e-06,1.649975845222268,1.65,-0.00027883496161764,5.349043833320466e-06
7.886337830192542e-06,1.649975845222244,1.65,-0.0002788349537461209,5.34904383619444e-06
7.888337830192541e-06,1.649975845220195,1.65,-0.0002788349615645312,5.349043833332853e-06
7.89033783019254e-06,1.649975845220381,1.65,-0.0002788349537993762,5.349043836187792e-06
7.89233783019254e-06,1.649975845218624,1.65,-0.0002788349615247002,5.349043833340094e-06
7.89433783019254e-06,1.649975845219162,1.65,-0.000278834953812718,5.349043836186073e-06
7.896337830192539e-06,1.649975845217763,1.65,-0.0002788349614848427,5.349043833343048e-06
7.898337830192538e-06,1.649975845218518,1.65,-0.0002788349538526314,5.349043836174071e-06
7.900337830192537e-06,1.64997584521737,1.65,-0.0002788349614449679,5.34904383328206e-06
7.902337830192536e-06,1.649975845218469,1.65,-0.0002788349538925227,5.34904383614753e-06
7.904337830192536e-06,1.649975845217696,1.65,-0.0002788349614050663,5.349043833330428e-06
7.906337830192535e-06,1.649975845219112,1.65,-0.0002788349539057953,5.349043836112952e-06
7.908337830192534e-06,1.649975845218516,1.65,-0.0002788349614050358,5.34904383335693e-06
7.910337830192534e-06,1.649975845219986,1.65,-0.0002788349539323557,5.349043836155846e-06
7.912337830192533e-06,1.649975845219497,1.65,-0.0002788349613518134,5.349043833355181e-06
7.914337830192532e-06,1.649975845220988,1.65,-0.0002788349539988009,5.349043836138499e-06
7.916337830192532e-06,1.649975845220556,1.65,-0.0002788349613118845,5.349043833384866e-06
7.918337830192531e-06,1.649975845222208,1.65,-0.0002788349540253485,5.349043836119108e-06
7.92033783019253e-06,1.649975845221994,1.65,-0.000278834961285238,5.349043833326702e-06
7.92233783019253e-06,1.649975845223846,1.65,-0.0002788349540518805,5.349043836100118e-06
7.924337830192529e-06,1.649975845223592,1.65,-0.0002788349612452892,5.349043833350634e-06
7.926337830192528e-06,1.649975845225342,1.65,-0.0002788349540917143,5.349043836062318e-06
7.928337830192527e-06,1.649975845225227,1.65,-0.0002788349612186354,5.34904383337728e-06
7.930337830192527e-06,1.64997584522704,1.65,-0.0002788349541182441,5.34904383611066e-06
7.932337830192526e-06,1.649975845226855,1.65,-0.0002788349611520924,5.34904383338574e-06
7.934337830192525e-06,1.649975845228426,1.65,-0.000278834954158082,5.349043836107753e-06
7.936337830192525e-06,1.649975845227776,1.65,-0.0002788349611520581,5.349043833428423e-06
7.938337830192524e-06,1.649975845228935,1.65,-0.000278834954184656,5.34904383607456e-06
7.940337830192523e-06,1.649975845228226,1.65,-0.0002788349611254484,5.349043833361495e-06
7.942337830192523e-06,1.649975845229335,1.65,-0.0002788349542511236,5.349043836034665e-06
7.944337830192522e-06,1.649975845228525,1.65,-0.0002788349610855478,5.349043833373621e-06
7.946337830192521e-06,1.649975845229601,1.65,-0.0002788349542777068,5.34904383602288e-06
7.94833783019252e-06,1.649975845228651,1.65,-0.0002788349610589501,5.349043833396386e-06
7.95033783019252e-06,1.649975845229518,1.65,-0.0002788349542910063,5.34904383605386e-06
7.952337830192519e-06,1.64997584522848,1.65,-0.0002788349610057706,5.349043833411082e-06
7.954337830192518e-06,1.649975845229358,1.65,-0.0002788349543441982,5.349043836040177e-06
7.956337830192518e-06,1.649975845228349,1.65,-0.0002788349609924789,5.349043833444926e-06
7.958337830192517e-06,1.649975845229287,1.65,-0.0002788349543707938,5.349043836057129e-06
7.960337830192516e-06,1.649975845228398,1.65,-0.0002788349609525877,5.349043833457571e-06
7.962337830192516e-06,1.6499758452294,1.65,-0.000278834954410679,5.34904383605144e-06
7.964337830192515e-06,1.649975845228613,1.65,-0.0002788349609126902,5.34904383343644e-06
7.966337830192514e-06,1.649975845229749,1.65,-0.000278834954437259,5.34904383601635e-06
7.968337830192513e-06,1.649975845229141,1.65,-0.0002788349608993741,5.349043833429703e-06
7.970337830192513e-06,1.649975845230457,1.65,-0.0002788349544505292,5.349043835978465e-06
7.972337830192512e-06,1.649975845229944,1.65,-0.0002788349608594547,5.349043833450325e-06
7.974337830192511e-06,1.649975845231223,1.65,-0.0002788349544372042,5.349043836043684e-06
7.97633783019251e-06,1.649975845230485,1.65,-0.0002788349608195452,5.349043833461006e-06
7.97833783019251e-06,1.649975845231514,1.65,-0.0002788349545169723,5.34904383598659e-06
7.98033783019251e-06,1.649975845230888,1.65,-0.0002788349607929372,5.34904383347535e-06
7.982337830192509e-06,1.64997584523204,1.65,-0.0002788349545302492,5.349043835982244e-06
7.984337830192508e-06,1.649975845231189,1.65,-0.0002788349607530366,5.349043833437621e-06
7.986337830192507e-06,1.649975845232193,1.65,-0.0002788349545568365,5.349043835942886e-06
7.988337830192506e-06,1.649975845231629,1.65,-0.0002788349607397237,5.349043833469623e-06
7.990337830192506e-06,1.649975845232776,1.65,-0.0002788349545834078,5.349043835957931e-06
7.992337830192505e-06,1.649975845231875,1.65,-0.0002788349606998251,5.349043833470147e-06
7.994337830192504e-06,1.649975845232597,1.65,-0.0002788349546233039,5.349043835945595e-06
7.996337830192504e-06,1.649975845231539,1.65,-0.0002788349606865411,5.349043833479471e-06
7.998337830192503e-06,1.649975845232289,1.65,-0.0002788349546499084,5.349043835973945e-06
8.000337830192502e-06,1.649975845231176,1.65,-0.0002788349606067756,5.349043833507203e-06
8.002337830192502e-06,1.64997584523172,1.65,-0.000278834954663226,5.349043835941537e-06
8.004337830192501e-06,1.649975845230619,1.65,-0.0002788349606067964,5.34904383349637e-06
8.0063378301925e-06,1.649975845231274,1.65,-0.0002788349547164286,5.349043835958008e-06
8.0083378301925e-06,1.649975845230208,1.65,-0.0002788349605802187,5.349043833550993e-06
8.010337830192499e-06,1.649975845230933,1.65,-0.0002788349547297377,5.349043835976248e-06
8.012337830192498e-06,1.649975845230029,1.65,-0.0002788349605403359,5.349043833546012e-06
8.014337830192497e-06,1.649975845231015,1.65,-0.0002788349547829206,5.349043835931285e-06
8.016337830192497e-06,1.649975845230455,1.65,-0.0002788349605270236,5.349043833520634e-06
8.018337830192496e-06,1.649975845231542,1.65,-0.0002788349547961975,5.349043835901756e-06
8.020337830192495e-06,1.649975845230883,1.65,-0.0002788349605137112,5.349043833527271e-06
8.022337830192495e-06,1.649975845232018,1.65,-0.0002788349548493657,5.349043835927325e-06
8.024337830192494e-06,1.6499758452314,1.65,-0.0002788349604472096,5.349043833543805e-06
8.026337830192493e-06,1.649975845232418,1.65,-0.0002788349548759438,5.349043835910024e-06
8.028337830192493e-06,1.649975845231687,1.65,-0.0002788349604206058,5.349043833537538e-06
8.030337830192492e-06,1.649975845232629,1.65,-0.0002788349548892325,5.349043835891369e-06
8.032337830192491e-06,1.649975845231879,1.65,-0.0002788349604073022,5.349043833550341e-06
8.03433783019249e-06,1.649975845232811,1.65,-0.0002788349549291151,5.34904383590206e-06
8.03633783019249e-06,1.64997584523202,1.65,-0.000278834960380704,5.349043833580517e-06
8.038337830192489e-06,1.649975845232882,1.65,-0.0002788349549557054,5.349043835931666e-06
8.040337830192488e-06,1.64997584523195,1.65,-0.0002788349603541137,5.349043833599507e-06
8.042337830192488e-06,1.649975845232529,1.65,-0.0002788349549690151,5.349043835909693e-06
8.044337830192487e-06,1.649975845231449,1.65,-0.0002788349603142428,5.349043833593126e-06
8.046337830192486e-06,1.649975845232036,1.65,-0.0002788349550089228,5.349043835879173e-06
8.048337830192486e-06,1.649975845230875,1.65,-0.0002788349602876712,5.349043833616661e-06
8.050337830192485e-06,1.64997584523127,1.65,-0.0002788349550355443,5.349043835896647e-06
8.052337830192484e-06,1.649975845230063,1.65,-0.000278834960247812,5.349043833608944e-06
8.054337830192483e-06,1.649975845230486,1.65,-0.000278834955075463,5.349043835897315e-06
8.056337830192483e-06,1.649975845229375,1.65,-0.000278834960234541,5.349043833632225e-06
8.058337830192482e-06,1.649975845229971,1.65,-0.0002788349551020751,5.349043835869653e-06
8.060337830192481e-06,1.64997584522887,1.65,-0.0002788349602212634,5.349043833613833e-06
8.06233783019248e-06,1.649975845229332,1.65,-0.0002788349551153954,5.349043835856269e-06
8.06433783019248e-06,1.649975845228321,1.65,-0.0002788349601813943,5.349043833587709e-06
8.06633783019248e-06,1.64997584522886,1.65,-0.0002788349551685989,5.349043835840352e-06
8.068337830192479e-06,1.649975845227908,1.65,-0.0002788349601548167,5.349043833612431e-06
8.070337830192478e-06,1.649975845228469,1.65,-0.0002788349551819099,5.349043835826206e-06
8.072337830192477e-06,1.649975845227333,1.65,-0.0002788349601548381,5.349043833643083e-06
8.074337830192477e-06,1.649975845227952,1.65,-0.0002788349551952256,5.349043835854229e-06
8.076337830192476e-06,1.649975845227291,1.65,-0.0002788349601149502,5.349043833652683e-06
8.078337830192475e-06,1.649975845228282,1.65,-0.0002788349552749923,5.349043835845282e-06
8.080337830192474e-06,1.649975845227653,1.65,-0.0002788349600883438,5.349043833677728e-06
8.082337830192474e-06,1.649975845228647,1.65,-0.0002788349552749787,5.349043835878354e-06
8.084337830192473e-06,1.649975845228334,1.65,-0.000278834960048429,5.349043833686845e-06
8.086337830192472e-06,1.649975845229408,1.65,-0.0002788349552882468,5.349043835818028e-06
8.088337830192472e-06,1.64997584522863,1.65,-0.0002788349600218249,5.349043833638637e-06
8.090337830192471e-06,1.649975845229132,1.65,-0.0002788349553281466,5.349043835794295e-06
8.09233783019247e-06,1.649975845228131,1.65,-0.0002788349600218435,5.349043833645221e-06
8.09433783019247e-06,1.649975845228751,1.65,-0.0002788349553547537,5.349043835801812e-06
8.096337830192469e-06,1.649975845227693,1.65,-0.0002788349599819704,5.349043833664772e-06
8.098337830192468e-06,1.649975845228021,1.65,-0.0002788349554079668,5.349043835786146e-06
8.100337830192467e-06,1.649975845226913,1.65,-0.0002788349599554064,5.349043833692768e-06
8.102337830192467e-06,1.649975845227315,1.65,-0.0002788349553946966,5.349043835808633e-06
8.104337830192466e-06,1.64997584522634,1.65,-0.0002788349599288348,5.349043833695284e-06
8.106337830192465e-06,1.649975845226905,1.65,-0.0002788349554213048,5.349043835807487e-06
8.108337830192465e-06,1.64997584522597,1.65,-0.0002788349598889591,5.3490438337134e-06
8.110337830192464e-06,1.649975845226512,1.65,-0.000278834955434616,5.349043835785912e-06
8.112337830192463e-06,1.649975845225537,1.65,-0.0002788349598623822,5.34904383370007e-06
8.114337830192463e-06,1.649975845225938,1.65,-0.0002788349554878232,5.349043835777394e-06
8.116337830192462e-06,1.649975845224847,1.65,-0.0002788349598491114,5.349043833706419e-06
8.118337830192461e-06,1.64997584522522,1.65,-0.0002788349555011465,5.349043835793498e-06
8.12033783019246e-06,1.649975845224179,1.65,-0.0002788349597959503,5.349043833729629e-06
8.12233783019246e-06,1.649975845224789,1.65,-0.0002788349555410519,5.349043835768288e-06
8.124337830192459e-06,1.649975845223979,1.65,-0.0002788349597959577,5.349043833718019e-06
8.126337830192458e-06,1.649975845224488,1.65,-0.0002788349555543596,5.349043835751335e-06
8.128337830192458e-06,1.649975845223569,1.65,-0.0002788349597560835,5.349043833691237e-06
8.130337830192457e-06,1.64997584522419,1.65,-0.0002788349556075567,5.349043835731154e-06
8.132337830192456e-06,1.649975845223403,1.65,-0.0002788349597294967,5.349043833711968e-06
8.134337830192456e-06,1.649975845223929,1.65,-0.0002788349556341593,5.349043835696613e-06
8.136337830192455e-06,1.649975845223181,1.65,-0.000278834959729505,5.349043833697014e-06
8.138337830192454e-06,1.649975845223949,1.65,-0.0002788349556208621,5.349043835690669e-06
8.140337830192454e-06,1.649975845223265,1.65,-0.0002788349596763159,5.349043833687881e-06
8.142337830192453e-06,1.649975845223954,1.65,-0.0002788349556740479,5.349043835686772e-06
8.144337830192452e-06,1.649975845223282,1.65,-0.0002788349596364258,5.349043833702249e-06
8.146337830192451e-06,1.649975845223932,1.65,-0.0002788349556740487,5.3490438356955e-06
8.14833783019245e-06,1.649975845222935,1.65,-0.0002788349596364387,5.349043833728677e-06
8.15033783019245e-06,1.649975845223189,1.65,-0.0002788349557139658,5.349043835720144e-06
8.15233783019245e-06,1.649975845221875,1.65,-0.0002788349596098851,5.349043833791095e-06
8.154337830192449e-06,1.649975845221978,1.65,-0.0002788349557539003,5.349043835737405e-06
8.156337830192448e-06,1.64997584522078,1.65,-0.0002788349595966295,5.34904383376954e-06
8.158337830192447e-06,1.649975845221053,1.65,-0.0002788349557539347,5.349043835711159e-06
8.160337830192447e-06,1.649975845220134,1.65,-0.0002788349595700605,5.349043833754301e-06
8.162337830192446e-06,1.64997584522065,1.65,-0.0002788349557539497,5.349043835680786e-06
8.164337830192445e-06,1.649975845219915,1.65,-0.0002788349595168827,5.349043833779055e-06
8.166337830192444e-06,1.649975845220728,1.65,-0.0002788349557938363,5.349043835723677e-06
8.168337830192444e-06,1.649975845220211,1.65,-0.0002788349595035752,5.349043833815406e-06
8.170337830192443e-06,1.64997584522105,1.65,-0.0002788349558204172,5.349043835707881e-06
8.172337830192442e-06,1.64997584522064,1.65,-0.0002788349594769662,5.34904383381075e-06
8.174337830192442e-06,1.649975845221794,1.65,-0.0002788349558469825,5.349043835703068e-06
8.176337830192441e-06,1.649975845221711,1.65,-0.0002788349594503335,5.349043833821237e-06
8.17833783019244e-06,1.649975845222905,1.65,-0.0002788349558868306,5.349043835696455e-06
8.18033783019244e-06,1.649975845222846,1.65,-0.0002788349594236983,5.349043833801576e-06
8.182337830192439e-06,1.649975845223985,1.65,-0.0002788349558867905,5.349043835678006e-06
8.184337830192438e-06,1.649975845223665,1.65,-0.0002788349594103713,5.349043833801004e-06
8.186337830192438e-06,1.649975845224935,1.65,-0.0002788349559000517,5.349043835649845e-06
8.188337830192437e-06,1.649975845225212,1.65,-0.0002788349593704242,5.349043833782478e-06
8.190337830192436e-06,1.64997584522689,1.65,-0.0002788349559531649,5.34904383563102e-06
8.192337830192435e-06,1.649975845227201,1.65,-0.0002788349593437573,5.349043833802486e-06
8.194337830192435e-06,1.64997584522884,1.65,-0.0002788349559663888,5.34904383564172e-06
8.196337830192434e-06,1.649975845229392,1.65,-0.0002788349593569723,5.349043833811103e-06
8.198337830192433e-06,1.649975845231267,1.65,-0.0002788349559928915,5.349043835635169e-06
8.200337830192433e-06,1.649975845231598,1.65,-0.0002788349593302973,5.349043833828176e-06
8.202337830192432e-06,1.649975845232848,1.65,-0.0002788349560194256,5.34904383566954e-06
8.204337830192431e-06,1.649975845232636,1.65,-0.0002788349593036657,5.349043833847759e-06
8.20633783019243e-06,1.649975845233875,1.65,-0.0002788349560459804,5.349043835633615e-06
8.20833783019243e-06,1.649975845233945,1.65,-0.000278834959277024,5.349043833838633e-06
8.210337830192429e-06,1.649975845235092,1.65,-0.0002788349560592317,5.349043835626006e-06
8.212337830192428e-06,1.64997584523491,1.65,-0.0002788349592636916,5.349043833842849e-06
8.214337830192428e-06,1.649975845235943,1.65,-0.0002788349560857929,5.349043835611409e-06
8.216337830192427e-06,1.649975845235661,1.65,-0.0002788349592370707,5.349043833823316e-06
8.218337830192426e-06,1.649975845236638,1.65,-0.0002788349561123601,5.349043835601132e-06
8.220337830192426e-06,1.649975845236269,1.65,-0.0002788349592370481,5.349043833835285e-06
8.222337830192425e-06,1.649975845236974,1.65,-0.0002788349561389405,5.349043835571816e-06
8.224337830192424e-06,1.649975845236261,1.65,-0.0002788349591838625,5.349043833823682e-06
8.226337830192424e-06,1.649975845236721,1.65,-0.0002788349561655429,5.349043835565349e-06
8.228337830192423e-06,1.649975845235997,1.65,-0.0002788349591439829,5.349043833823053e-06
8.230337830192422e-06,1.649975845236453,1.65,-0.0002788349561522564,5.349043835567512e-06
8.232337830192421e-06,1.649975845235572,1.65,-0.0002788349591439986,5.349043833837565e-06
8.23433783019242e-06,1.649975845235958,1.65,-0.0002788349561788678,5.349043835583834e-06
8.23633783019242e-06,1.649975845235294,1.65,-0.0002788349591307125,5.349043833895669e-06
8.23833783019242e-06,1.649975845235997,1.65,-0.0002788349562187558,5.349043835597083e-06
8.240337830192419e-06,1.649975845235598,1.65,-0.0002788349591307012,5.349043833876895e-06
8.242337830192418e-06,1.649975845236404,1.65,-0.0002788349562320371,5.349043835604359e-06
8.244337830192417e-06,1.649975845235934,1.65,-0.0002788349590775027,5.349043833923635e-06
8.246337830192417e-06,1.649975845236652,1.65,-0.0002788349562453244,5.349043835653851e-06
8.248337830192416e-06,1.649975845235899,1.65,-0.0002788349590908005,5.349043833950051e-06
8.250337830192415e-06,1.64997584523629,1.65,-0.0002788349562852274,5.34904383561769e-06
8.252337830192415e-06,1.649975845235742,1.65,-0.0002788349590642133,5.349043833926378e-06
8.254337830192414e-06,1.649975845236362,1.65,-0.0002788349562985212,5.349043835527551e-06
8.256337830192413e-06,1.649975845235625,1.65,-0.0002788349590642177,5.349043833842417e-06
8.258337830192412e-06,1.649975845236119,1.65,-0.0002788349563384196,5.349043835529852e-06
8.260337830192412e-06,1.649975845235659,1.65,-0.0002788349590110306,5.349043833904762e-06
8.262337830192411e-06,1.649975845236408,1.65,-0.0002788349563517054,5.349043835575464e-06
8.26433783019241e-06,1.649975845235715,1.65,-0.000278834958997732,5.34904383392754e-06
8.26633783019241e-06,1.649975845235972,1.65,-0.0002788349563517216,5.349043835566732e-06
8.268337830192409e-06,1.64997584523502,1.65,-0.0002788349589711648,5.349043833953429e-06
8.270337830192408e-06,1.649975845235428,1.65,-0.0002788349564049278,5.349043835555008e-06
8.272337830192408e-06,1.649975845234737,1.65,-0.0002788349589445824,5.349043833891239e-06
8.274337830192407e-06,1.649975845234957,1.65,-0.0002788349564049453,5.349043835476828e-06
8.276337830192406e-06,1.649975845233935,1.65,-0.0002788349589446122,5.349043833899034e-06
8.278337830192405e-06,1.64997584523408,1.65,-0.0002788349564448674,5.349043835538076e-06
8.280337830192405e-06,1.649975845233152,1.65,-0.0002788349589180484,5.349043833923301e-06
8.282337830192404e-06,1.649975845233431,1.65,-0.000278834956458188,5.349043835520775e-06
8.284337830192403e-06,1.649975845232664,1.65,-0.00027883495890477,5.349043833919562e-06
8.286337830192403e-06,1.649975845233069,1.65,-0.0002788349564582014,5.349043835499601e-06
8.288337830192402e-06,1.649975845232346,1.65,-0.0002788349588781889,5.349043833940425e-06
8.290337830192401e-06,1.649975845232853,1.65,-0.0002788349564848025,5.349043835562404e-06
8.2923378301924e-06,1.649975845232271,1.65,-0.0002788349588515987,5.349043833996436e-06
8.2943378301924e-06,1.649975845233142,1.65,-0.0002788349564980882,5.349043835542673e-06
8.2963378301924e-06,1.649975845233038,1.65,-0.0002788349588382737,5.349043833986827e-06
8.298337830192398e-06,1.649975845233964,1.65,-0.0002788349565379471,5.349043835533243e-06
8.300337830192398e-06,1.649975845233846,1.65,-0.0002788349588116506,5.34904383398603e-06
8.302337830192397e-06,1.649975845235021,1.65,-0.0002788349565512042,5.349043835533819e-06
8.304337830192396e-06,1.649975845235186,1.65,-0.0002788349588116008,5.349043833992179e-06
8.306337830192396e-06,1.649975845236411,1.65,-0.0002788349565777456,5.349043835514846e-06
8.308337830192395e-06,1.64997584523645,1.65,-0.0002788349587982573,5.349043833940657e-06
8.310337830192394e-06,1.64997584523752,1.65,-0.0002788349565777043,5.349043835498266e-06
8.312337830192394e-06,1.649975845237354,1.65,-0.0002788349587716307,5.349043834002472e-06
8.314337830192393e-06,1.649975845238433,1.65,-0.0002788349566175598,5.349043835529046e-06
8.316337830192392e-06,1.649975845238386,1.65,-0.0002788349587582959,5.349043834028699e-06
8.318337830192392e-06,1.649975845239319,1.65,-0.0002788349566308233,5.349043835527113e-06
8.32033783019239e-06,1.649975845239271,1.65,-0.0002788349587183735,5.34904383401107e-06
8.32233783019239e-06,1.649975845240329,1.65,-0.0002788349566440822,5.349043835509587e-06
8.32433783019239e-06,1.649975845240182,1.65,-0.0002788349586917466,5.349043834026989e-06
8.326337830192389e-06,1.649975845241057,1.65,-0.0002788349566573516,5.349043835491483e-06
8.328337830192388e-06,1.649975845240918,1.65,-0.0002788349587050157,5.349043834026373e-06
8.330337830192387e-06,1.649975845241317,1.65,-0.0002788349566839349,5.349043835495296e-06
8.332337830192387e-06,1.649975845240373,1.65,-0.0002788349586651466,5.349043834024138e-06
8.334337830192386e-06,1.649975845240612,1.65,-0.0002788349566839612,5.349043835491703e-06
8.336337830192385e-06,1.649975845239791,1.65,-0.0002788349586651682,5.349043834031816e-06
8.338337830192385e-06,1.649975845240162,1.65,-0.0002788349567105709,5.349043835477737e-06
8.340337830192384e-06,1.649975845239588,1.65,-0.0002788349586518792,5.349043834008831e-06
8.342337830192383e-06,1.649975845240099,1.65,-0.0002788349567238697,5.349043835468681e-06
8.344337830192382e-06,1.649975845239556,1.65,-0.0002788349586252875,5.349043834061544e-06
8.346337830192382e-06,1.649975845239772,1.65,-0.0002788349567371784,5.349043835519566e-06
8.348337830192381e-06,1.649975845238999,1.65,-0.0002788349585987153,5.349043834079626e-06
8.35033783019238e-06,1.649975845239215,1.65,-0.0002788349567504956,5.349043835515285e-06
8.35233783019238e-06,1.649975845238352,1.65,-0.0002788349585854428,5.34904383410295e-06
8.354337830192379e-06,1.64997584523886,1.65,-0.0002788349567771018,5.349043835490988e-06
8.356337830192378e-06,1.649975845238464,1.65,-0.0002788349585854387,5.349043834045402e-06
8.358337830192378e-06,1.649975845239294,1.65,-0.0002788349567903821,5.349043835411635e-06
8.360337830192377e-06,1.649975845239105,1.65,-0.0002788349585588218,5.349043833971831e-06
8.362337830192376e-06,1.649975845239845,1.65,-0.0002788349568169546,5.349043835383705e-06
8.364337830192375e-06,1.64997584523958,1.65,-0.0002788349585322111,5.349043834012121e-06
8.366337830192375e-06,1.649975845240178,1.65,-0.0002788349568302386,5.349043835428648e-06
8.368337830192374e-06,1.64997584523973,1.65,-0.0002788349585189091,5.34904383407205e-06
8.370337830192373e-06,1.649975845240251,1.65,-0.0002788349568568289,5.349043835426551e-06
8.372337830192373e-06,1.649975845239671,1.65,-0.0002788349584923183,5.349043834007638e-06
8.374337830192372e-06,1.649975845240069,1.65,-0.0002788349568834287,5.349043835359963e-06
8.376337830192371e-06,1.649975845239581,1.65,-0.0002788349584923216,5.349043834008594e-06
8.37833783019237e-06,1.649975845240072,1.65,-0.0002788349568701321,5.34904383539868e-06
8.38033783019237e-06,1.649975845239433,1.65,-0.0002788349584524377,5.349043834019967e-06
8.38233783019237e-06,1.649975845239616,1.65,-0.000278834956896742,5.349043835378595e-06
8.384337830192369e-06,1.649975845238992,1.65,-0.0002788349584391576,5.349043834059932e-06
8.386337830192368e-06,1.649975845239579,1.65,-0.0002788349568967434,5.349043835394124e-06
8.388337830192367e-06,1.649975845239102,1.65,-0.0002788349584258571,5.349043834062771e-06
8.390337830192366e-06,1.649975845239658,1.65,-0.0002788349569499264,5.34904383537039e-06
8.392337830192366e-06,1.649975845239366,1.65,-0.0002788349583992543,5.349043834051336e-06
8.394337830192365e-06,1.649975845240124,1.65,-0.0002788349569499091,5.34904383537297e-06
8.396337830192364e-06,1.649975845239882,1.65,-0.0002788349583859386,5.34904383404551e-06
8.398337830192364e-06,1.649975845240633,1.65,-0.0002788349569897795,5.349043835366405e-06
8.400337830192363e-06,1.649975845240348,1.65,-0.0002788349583726248,5.349043834062785e-06
8.402337830192362e-06,1.649975845241029,1.65,-0.0002788349569897648,5.349043835415235e-06
8.404337830192362e-06,1.649975845240792,1.65,-0.0002788349583593118,5.349043834091385e-06
8.406337830192361e-06,1.649975845241362,1.65,-0.0002788349569897525,5.349043835381593e-06
8.40833783019236e-06,1.649975845241062,1.65,-0.0002788349583460052,5.349043834130221e-06
8.41033783019236e-06,1.649975845241825,1.65,-0.0002788349570163282,5.349043835413108e-06
8.412337830192359e-06,1.649975845241598,1.65,-0.0002788349583193923,5.349043834127862e-06
8.414337830192358e-06,1.649975845242217,1.65,-0.0002788349570429066,5.349043835398671e-06
8.416337830192357e-06,1.649975845241786,1.65,-0.0002788349583060888,5.34904383412553e-06
8.418337830192357e-06,1.649975845242346,1.65,-0.0002788349570296053,5.349043835385922e-06
8.420337830192356e-06,1.649975845242051,1.65,-0.0002788349582661895,5.34904383406292e-06
8.422337830192355e-06,1.649975845242637,1.65,-0.0002788349570561874,5.34904383532991e-06
8.424337830192355e-06,1.649975845242397,1.65,-0.0002788349582528801,5.349043834093043e-06
8.426337830192354e-06,1.649975845242963,1.65,-0.0002788349570960648,5.349043835328618e-06
8.428337830192353e-06,1.649975845242655,1.65,-0.0002788349582262776,5.349043834100962e-06
8.430337830192352e-06,1.649975845243281,1.65,-0.00027883495706946,5.349043835376793e-06
8.432337830192352e-06,1.649975845242656,1.65,-0.0002788349582395741,5.349043834094959e-06
8.434337830192351e-06,1.649975845243004,1.65,-0.0002788349571226562,5.349043835310077e-06
8.43633783019235e-06,1.649975845242386,1.65,-0.0002788349582262876,5.349043834061708e-06
8.43833783019235e-06,1.649975845242669,1.65,-0.0002788349571359652,5.349043835281592e-06
8.440337830192349e-06,1.649975845242084,1.65,-0.0002788349581864094,5.349043834064446e-06
8.442337830192348e-06,1.649975845242436,1.65,-0.0002788349571492703,5.349043835273859e-06
8.444337830192348e-06,1.649975845241782,1.65,-0.0002788349581731241,5.349043834067017e-06
8.446337830192347e-06,1.649975845241817,1.65,-0.0002788349571492934,5.349043835296951e-06
8.448337830192346e-06,1.649975845240971,1.65,-0.0002788349581731543,5.349043834073749e-06
8.450337830192346e-06,1.649975845241058,1.65,-0.0002788349571626181,5.349043835285323e-06
8.452337830192345e-06,1.649975845240287,1.65,-0.0002788349581465868,5.349043834104303e-06
8.454337830192344e-06,1.649975845240579,1.65,-0.0002788349572025254,5.349043835296076e-06
8.456337830192343e-06,1.649975845239952,1.65,-0.0002788349581465992,5.349043834114736e-06
8.458337830192343e-06,1.649975845240184,1.65,-0.00027883495720254,5.349043835293504e-06
8.460337830192342e-06,1.649975845240009,1.65,-0.0002788349581333007,5.349043834119545e-06
8.462337830192341e-06,1.649975845240904,1.65,-0.0002788349572025133,5.349043835291525e-06
8.46433783019234e-06,1.649975845240531,1.65,-0.0002788349581199847,5.349043834126401e-06
8.46633783019234e-06,1.64997584524105,1.65,-0.0002788349572291008,5.349043835282634e-06
8.46833783019234e-06,1.649975845240827,1.65,-0.0002788349581066773,5.349043834135317e-06
8.470337830192339e-06,1.649975845241542,1.65,-0.0002788349572423791,5.349043835291399e-06
8.472337830192338e-06,1.64997584524131,1.65,-0.0002788349580800663,5.349043834129896e-06
8.474337830192337e-06,1.649975845241798,1.65,-0.0002788349572556659,5.349043835282407e-06
8.476337830192336e-06,1.649975845241371,1.65,-0.0002788349580667676,5.349043834141909e-06
8.478337830192336e-06,1.649975845241839,1.65,-0.0002788349572689609,5.349043835309409e-06
8.480337830192335e-06,1.649975845241396,1.65,-0.0002788349580534701,5.349043834157847e-06
8.482337830192334e-06,1.649975845241747,1.65,-0.0002788349572689643,5.349043835290886e-06
8.484337830192334e-06,1.649975845241347,1.65,-0.0002788349580667685,5.349043834184662e-06
8.486337830192333e-06,1.649975845241874,1.65,-0.0002788349573088491,5.34904383531316e-06
8.488337830192332e-06,1.649975845241454,1.65,-0.0002788349580401715,5.349043834186873e-06
8.490337830192332e-06,1.649975845241765,1.65,-0.0002788349573088531,5.34904383531038e-06
8.492337830192331e-06,1.649975845241576,1.65,-0.0002788349580401669,5.349043834196497e-06
8.49433783019233e-06,1.649975845242406,1.65,-0.0002788349573354223,5.349043835297131e-06
8.49633783019233e-06,1.649975845242018,1.65,-0.0002788349579869645,5.349043834142169e-06
8.498337830192329e-06,1.649975845242306,1.65,-0.0002788349573354259,5.349043835245451e-06
8.500337830192328e-06,1.649975845242013,1.65,-0.0002788349579869648,5.349043834161595e-06
8.502337830192327e-06,1.649975845242596,1.65,-0.0002788349573620082,5.349043835251061e-06
8.504337830192327e-06,1.649975845242035,1.65,-0.0002788349579736674,5.349043834170293e-06
8.506337830192326e-06,1.649975845242176,1.65,-0.0002788349573620238,5.34904383524943e-06
8.508337830192325e-06,1.649975845241681,1.65,-0.0002788349579736806,5.349043834162829e-06
8.510337830192325e-06,1.649975845241984,1.65,-0.0002788349573753274,5.349043835250804e-06
8.512337830192324e-06,1.649975845241127,1.65,-0.0002788349579737012,5.349043834170693e-06
8.514337830192323e-06,1.649975845240888,1.65,-0.0002788349574019612,5.349043835230226e-06
8.516337830192323e-06,1.649975845240138,1.65,-0.0002788349579338486,5.349043834188539e-06
8.518337830192322e-06,1.649975845240386,1.65,-0.0002788349574152763,5.349043835307522e-06
8.520337830192321e-06,1.649975845239634,1.65,-0.0002788349579338673,5.349043834266348e-06
8.52233783019232e-06,1.649975845239835,1.65,-0.0002788349574418898,5.34904383529044e-06
8.52433783019232e-06,1.649975845239619,1.65,-0.0002788349579072748,5.349043834227911e-06
8.526337830192319e-06,1.649975845240232,1.65,-0.0002788349574285785,5.349043835299663e-06
8.528337830192318e-06,1.649975845239992,1.65,-0.0002788349579072609,5.349043834228843e-06
8.530337830192318e-06,1.649975845240741,1.65,-0.0002788349574418561,5.349043835274903e-06
8.532337830192317e-06,1.649975845240564,1.65,-0.0002788349578939432,5.349043834256906e-06
8.534337830192316e-06,1.64997584524114,1.65,-0.0002788349574285448,5.349043835246026e-06
8.536337830192316e-06,1.649975845240966,1.65,-0.0002788349578673352,5.349043834188903e-06
8.538337830192315e-06,1.649975845241664,1.65,-0.0002788349574817112,5.349043835251346e-06
8.540337830192314e-06,1.649975845241577,1.65,-0.000278834957880609,5.349043834254525e-06
8.542337830192313e-06,1.649975845242251,1.65,-0.0002788349574550965,5.349043835255019e-06
8.544337830192313e-06,1.649975845241978,1.65,-0.0002788349578540011,5.349043834206333e-06
8.546337830192312e-06,1.649975845242506,1.65,-0.0002788349575082729,5.349043835229162e-06
8.548337830192311e-06,1.649975845242261,1.65,-0.0002788349578539907,5.349043834219686e-06
8.55033783019231e-06,1.649975845242767,1.65,-0.0002788349575215596,5.34904383519188e-06
8.55233783019231e-06,1.649975845242438,1.65,-0.0002788349578273911,5.34904383422896e-06
8.55433783019231e-06,1.649975845242733,1.65,-0.0002788349575481539,5.349043835263428e-06
8.556337830192309e-06,1.649975845242122,1.65,-0.0002788349578141063,5.349043834251315e-06
8.558337830192308e-06,1.649975845242303,1.65,-0.0002788349575481699,5.349043835189642e-06
8.560337830192307e-06,1.649975845241823,1.65,-0.0002788349578141175,5.349043834178799e-06
8.562337830192307e-06,1.649975845242079,1.65,-0.0002788349575747712,5.349043835189058e-06
8.564337830192306e-06,1.649975845241392,1.65,-0.0002788349577875405,5.349043834246215e-06
8.566337830192305e-06,1.649975845241305,1.65,-0.0002788349575880965,5.349043835229687e-06
8.568337830192304e-06,1.649975845240491,1.65,-0.0002788349577875741,5.349043834263432e-06
8.570337830192304e-06,1.649975845240611,1.65,-0.0002788349575881223,5.349043835235796e-06
8.572337830192303e-06,1.649975845240217,1.65,-0.0002788349577609912,5.349043834277109e-06
8.574337830192302e-06,1.64997584524068,1.65,-0.0002788349576014161,5.349043835227233e-06
8.576337830192302e-06,1.649975845240236,1.65,-0.000278834957747694,5.349043834283397e-06
8.578337830192301e-06,1.649975845240441,1.65,-0.0002788349576014251,5.349043835226083e-06
8.5803378301923e-06,1.649975845239836,1.65,-0.0002788349577610054,5.349043834281213e-06
8.5823378301923e-06,1.649975845239974,1.65,-0.0002788349576147389,5.349043835229337e-06
8.584337830192299e-06,1.64997584523931,1.65,-0.0002788349577477285,5.349043834291904e-06
8.586337830192298e-06,1.649975845239354,1.65,-0.000278834957641355,5.349043835223028e-06
8.588337830192297e-06,1.649975845238707,1.65,-0.000278834957721158,5.349043834257717e-06
8.590337830192297e-06,1.649975845238919,1.65,-0.0002788349576280747,5.349043835204383e-06
8.592337830192296e-06,1.649975845238394,1.65,-0.0002788349576945766,5.349043834245205e-06
8.594337830192295e-06,1.649975845238629,1.65,-0.0002788349576546785,5.349043835171111e-06
8.596337830192295e-06,1.649975845238201,1.65,-0.0002788349576945838,5.349043834275972e-06
8.598337830192294e-06,1.649975845238512,1.65,-0.0002788349576679793,5.349043835183487e-06
8.600337830192293e-06,1.649975845238054,1.65,-0.0002788349576812928,5.34904383427495e-06
8.602337830192293e-06,1.649975845238371,1.65,-0.0002788349576679845,5.349043835191385e-06
8.604337830192292e-06,1.64997584523815,1.65,-0.0002788349576546963,5.349043834276865e-06
8.606337830192291e-06,1.64997584523869,1.65,-0.0002788349576945656,5.349043835181629e-06
8.60833783019229e-06,1.649975845238512,1.65,-0.0002788349576546828,5.349043834300137e-06
8.61033783019229e-06,1.649975845238966,1.65,-0.0002788349577078518,5.349043835197862e-06
8.612337830192289e-06,1.649975845238888,1.65,-0.0002788349576812618,5.349043834299275e-06
8.614337830192288e-06,1.649975845239558,1.65,-0.0002788349577211263,5.34904383520278e-06
8.616337830192288e-06,1.649975845239498,1.65,-0.0002788349576413496,5.349043834315628e-06
8.618337830192287e-06,1.649975845240213,1.65,-0.0002788349577343985,5.349043835181533e-06
8.620337830192286e-06,1.649975845240242,1.65,-0.0002788349576147289,5.349043834327845e-06
8.622337830192286e-06,1.649975845241051,1.65,-0.0002788349577476637,5.34904383519425e-06
8.624337830192285e-06,1.64997584524097,1.65,-0.0002788349576147019,5.349043834319495e-06
8.626337830192284e-06,1.649975845241548,1.65,-0.0002788349577343487,5.349043835192464e-06
8.628337830192284e-06,1.64997584524129,1.65,-0.00027883495761469,5.349043834326393e-06
8.630337830192283e-06,1.649975845241638,1.65,-0.0002788349577609384,5.349043835189565e-06
8.632337830192282e-06,1.649975845241154,1.65,-0.0002788349575881021,5.349043834335342e-06
8.634337830192281e-06,1.649975845241136,1.65,-0.000278834957760957,5.349043835184168e-06
8.63633783019228e-06,1.6499758452406,1.65,-0.0002788349575615297,5.349043834305252e-06
8.63833783019228e-06,1.649975845240831,1.65,-0.0002788349577742649,5.349043835158217e-06
8.64033783019228e-06,1.649975845240298,1.65,-0.0002788349575482445,5.349043834280345e-06
8.642337830192279e-06,1.649975845240486,1.65,-0.0002788349578008707,5.349043835131884e-06
8.644337830192278e-06,1.649975845239966,1.65,-0.0002788349575615533,5.34904383431358e-06
8.646337830192277e-06,1.649975845240068,1.65,-0.0002788349578008863,5.349043835146055e-06
8.648337830192277e-06,1.64997584523941,1.65,-0.0002788349575482775,5.349043834314259e-06
8.650337830192276e-06,1.649975845239561,1.65,-0.0002788349578142016,5.349043835112032e-06
8.652337830192275e-06,1.649975845239187,1.65,-0.0002788349575083964,5.349043834315472e-06
8.654337830192274e-06,1.649975845239641,1.65,-0.0002788349578407916,5.349043835195843e-06
8.656337830192274e-06,1.649975845239483,1.65,-0.0002788349575216818,5.349043834387407e-06
8.658337830192273e-06,1.649975845239959,1.65,-0.0002788349578407798,5.349043835180083e-06
8.660337830192272e-06,1.649975845239727,1.65,-0.0002788349575083762,5.349043834341917e-06
8.662337830192272e-06,1.649975845240248,1.65,-0.000278834957867362,5.349043835153248e-06
8.664337830192271e-06,1.649975845240255,1.65,-0.0002788349574817636,5.349043834344015e-06
8.66633783019227e-06,1.649975845241002,1.65,-0.0002788349578673339,5.349043835154537e-06
8.66833783019227e-06,1.649975845240967,1.65,-0.0002788349575083302,5.349043834357616e-06
8.670337830192269e-06,1.649975845241533,1.65,-0.0002788349578806107,5.349043835144432e-06
8.672337830192268e-06,1.649975845241464,1.65,-0.0002788349574684222,5.349043834365718e-06
8.674337830192267e-06,1.649975845242107,1.65,-0.0002788349579071823,5.349043835144208e-06
8.676337830192267e-06,1.649975845242126,1.65,-0.0002788349574683975,5.349043834356587e-06
8.678337830192266e-06,1.64997584524268,1.65,-0.000278834957907161,5.349043835144953e-06
8.680337830192265e-06,1.649975845242363,1.65,-0.0002788349574683887,5.349043834367406e-06
8.682337830192265e-06,1.649975845242657,1.65,-0.0002788349579071618,5.349043835141848e-06
8.684337830192264e-06,1.64997584524218,1.65,-0.0002788349574550991,5.349043834369494e-06
8.686337830192263e-06,1.64997584524232,1.65,-0.0002788349579071744,5.349043835136106e-06
8.688337830192263e-06,1.649975845241747,1.65,-0.0002788349574418187,5.349043834342028e-06
8.690337830192262e-06,1.649975845241675,1.65,-0.0002788349579470879,5.349043835130565e-06
8.692337830192261e-06,1.649975845240947,1.65,-0.000278834957428552,5.349043834395237e-06
8.69433783019226e-06,1.649975845240843,1.65,-0.0002788349579471188,5.349043835165928e-06
8.69633783019226e-06,1.649975845239924,1.65,-0.0002788349574152935,5.349043834407781e-06
8.698337830192259e-06,1.649975845239722,1.65,-0.000278834957933864,5.349043835171944e-06
8.700337830192258e-06,1.649975845239056,1.65,-0.0002788349574286223,5.349043834425771e-06
8.702337830192258e-06,1.649975845239037,1.65,-0.000278834957947186,5.349043835161766e-06
8.704337830192257e-06,1.649975845238388,1.65,-0.0002788349574020542,5.349043834373144e-06
8.706337830192256e-06,1.649975845238422,1.65,-0.0002788349579472089,5.349043835080224e-06
8.708337830192256e-06,1.649975845237669,1.65,-0.0002788349573887845,5.349043834342178e-06
8.710337830192255e-06,1.649975845237416,1.65,-0.0002788349579738392,5.349043835059406e-06
8.712337830192254e-06,1.64997584523647,1.65,-0.000278834957388829,5.349043834327876e-06
8.714337830192254e-06,1.649975845235943,1.65,-0.0002788349579738939,5.349043835054186e-06
8.716337830192253e-06,1.64997584523472,1.65,-0.0002788349573888941,5.349043834327772e-06
8.718337830192252e-06,1.649975845234181,1.65,-0.0002788349579872561,5.349043835042473e-06
8.720337830192251e-06,1.649975845233157,1.65,-0.0002788349573623592,5.349043834298214e-06
8.72233783019225e-06,1.649975845232901,1.65,-0.0002788349579873037,5.349043835042591e-06
8.72433783019225e-06,1.649975845232028,1.65,-0.0002788349573491048,5.349043834351767e-06
8.72633783019225e-06,1.649975845231798,1.65,-0.0002788349579873447,5.349043835080983e-06
8.728337830192249e-06,1.649975845230811,1.65,-0.0002788349573358536,5.349043834399291e-06
8.730337830192248e-06,1.649975845230413,1.65,-0.0002788349580272857,5.349043835082001e-06
8.732337830192247e-06,1.649975845229573,1.65,-0.0002788349573226032,5.349043834337708e-06
8.734337830192247e-06,1.649975845229682,1.65,-0.0002788349580273129,5.349043835019615e-06
8.736337830192246e-06,1.649975845229263,1.65,-0.0002788349573492077,5.349043834342083e-06
8.738337830192245e-06,1.649975845229286,1.65,-0.0002788349580273277,5.349043835067771e-06
8.740337830192244e-06,1.649975845228564,1.65,-0.0002788349573226407,5.349043834376678e-06
8.742337830192244e-06,1.649975845228651,1.65,-0.0002788349580273512,5.349043835059302e-06
8.744337830192243e-06,1.649975845228326,1.65,-0.0002788349573093531,5.349043834370915e-06
8.746337830192242e-06,1.649975845228504,1.65,-0.0002788349580539496,5.349043835058107e-06
8.748337830192242e-06,1.649975845228164,1.65,-0.0002788349572960626,5.34904383437049e-06
8.750337830192241e-06,1.649975845228529,1.65,-0.0002788349580672452,5.349043835042916e-06
8.75233783019224e-06,1.649975845228135,1.65,-0.0002788349572960636,5.349043834388468e-06
8.75433783019224e-06,1.649975845228352,1.65,-0.0002788349580672518,5.349043835036003e-06
8.756337830192239e-06,1.649975845227832,1.65,-0.0002788349572827785,5.349043834377939e-06
8.758337830192238e-06,1.649975845227715,1.65,-0.0002788349580672755,5.34904383505682e-06
8.760337830192238e-06,1.649975845227051,1.65,-0.000278834957269511,5.349043834510903e-06
8.762337830192237e-06,1.649975845227081,1.65,-0.0002788349580805956,5.349043835212572e-06
8.764337830192236e-06,1.649975845226501,1.65,-0.000278834957282828,5.349043834602632e-06
8.766337830192235e-06,1.649975845226612,1.65,-0.000278834958080613,5.349043835270402e-06
8.768337830192235e-06,1.649975845226439,1.65,-0.0002788349572562373,5.349043834662699e-06
8.770337830192234e-06,1.649975845226989,1.65,-0.000278834958107192,5.349043835361179e-06
8.772337830192233e-06,1.649975845227157,1.65,-0.0002788349572429141,5.349043834707219e-06
8.774337830192233e-06,1.649975845228225,1.65,-0.000278834958107146,5.349043835359595e-06
8.776337830192232e-06,1.649975845228895,1.65,-0.0002788349572428495,5.349043834706549e-06
8.778337830192231e-06,1.649975845230315,1.65,-0.0002788349581336612,5.34904383534049e-06
8.78033783019223e-06,1.649975845231384,1.65,-0.0002788349572294604,5.349043834725212e-06
8.78233783019223e-06,1.649975845232897,1.65,-0.0002788349581202687,5.349043835327712e-06
8.78433783019223e-06,1.649975845233504,1.65,-0.0002788349572293815,5.349043834683414e-06
8.786337830192228e-06,1.649975845234457,1.65,-0.0002788349581335072,5.349043835318459e-06
8.788337830192228e-06,1.649975845234693,1.65,-0.0002788349572160408,5.349043834715809e-06
8.790337830192227e-06,1.649975845235567,1.65,-0.0002788349581467623,5.349043835324668e-06
8.792337830192226e-06,1.649975845235597,1.65,-0.0002788349571761177,5.349043834718732e-06
8.794337830192226e-06,1.649975845236027,1.65,-0.0002788349581467453,5.349043835334893e-06
8.796337830192225e-06,1.649975845235858,1.65,-0.000278834957176108,5.349043834715914e-06
8.798337830192224e-06,1.649975845235871,1.65,-0.0002788349581600475,5.349043835339627e-06
8.800337830192224e-06,1.649975845235116,1.65,-0.0002788349571761356,5.349043834725526e-06
8.802337830192223e-06,1.649975845235123,1.65,-0.0002788349581600754,5.349043835319729e-06
8.804337830192222e-06,1.649975845234425,1.65,-0.0002788349571761614,5.349043834708532e-06
8.806337830192222e-06,1.649975845233963,1.65,-0.000278834958146822,5.349043835319813e-06
8.80833783019222e-06,1.649975845232865,1.65,-0.0002788349571895158,5.349043834714784e-06
8.81033783019222e-06,1.649975845232238,1.65,-0.0002788349581734792,5.34904383529821e-06
8.81233783019222e-06,1.649975845231191,1.65,-0.0002788349571629851,5.349043834690659e-06
8.814337830192219e-06,1.6499758452307,1.65,-0.0002788349581868328,5.34904383528816e-06
8.816337830192218e-06,1.649975845229592,1.65,-0.0002788349571630446,5.349043834700649e-06
8.818337830192217e-06,1.649975845229128,1.65,-0.0002788349581868913,5.349043835265302e-06
8.820337830192217e-06,1.649975845228211,1.65,-0.000278834957136503,5.349043834700046e-06
8.822337830192216e-06,1.649975845227884,1.65,-0.000278834958200234,5.349043835265375e-06
8.824337830192215e-06,1.649975845226879,1.65,-0.000278834957149849,5.349043834687459e-06
8.826337830192215e-06,1.649975845226492,1.65,-0.0002788349582135824,5.349043835277484e-06
8.828337830192214e-06,1.64997584522566,1.65,-0.0002788349571498943,5.349043834706876e-06
8.830337830192213e-06,1.64997584522548,1.65,-0.00027883495821362,5.34904383525515e-06
8.832337830192212e-06,1.649975845224773,1.65,-0.0002788349571233344,5.349043834676108e-06
8.834337830192212e-06,1.649975845224498,1.65,-0.0002788349582136565,5.349043835258635e-06
8.836337830192211e-06,1.649975845223734,1.65,-0.0002788349571233731,5.349043834712759e-06
8.83833783019221e-06,1.649975845223866,1.65,-0.0002788349582535695,5.349043835306886e-06
8.84033783019221e-06,1.649975845223489,1.65,-0.0002788349571233822,5.34904383473155e-06
8.842337830192209e-06,1.649975845223637,1.65,-0.000278834958253578,5.349043835252649e-06
8.844337830192208e-06,1.649975845223429,1.65,-0.0002788349571100879,5.3490438346861e-06
8.846337830192208e-06,1.649975845223712,1.65,-0.0002788349582668717,5.349043835220733e-06
8.848337830192207e-06,1.64997584522344,1.65,-0.000278834957096791,5.349043834680794e-06
8.850337830192206e-06,1.649975845223918,1.65,-0.0002788349582801605,5.349043835205294e-06
8.852337830192205e-06,1.649975845223814,1.65,-0.0002788349571100736,5.34904383466627e-06
8.854337830192205e-06,1.649975845223879,1.65,-0.000278834958280162,5.349043835214223e-06
8.856337830192204e-06,1.64997584522342,1.65,-0.0002788349570701988,5.349043834672209e-06
8.858337830192203e-06,1.649975845223617,1.65,-0.0002788349582934682,5.349043835202912e-06
8.860337830192203e-06,1.649975845222954,1.65,-0.0002788349571101056,5.34904383468527e-06
8.862337830192202e-06,1.649975845222462,1.65,-0.0002788349582935112,5.349043835263988e-06
8.864337830192201e-06,1.649975845221511,1.65,-0.0002788349570835663,5.349043834772487e-06
8.8663378301922e-06,1.649975845221354,1.65,-0.0002788349583201454,5.349043835256696e-06
8.8683378301922e-06,1.649975845220811,1.65,-0.0002788349570702958,5.349043834710864e-06
8.8703378301922e-06,1.649975845220907,1.65,-0.000278834958320162,5.349043835275527e-06
8.872337830192199e-06,1.649975845220643,1.65,-0.0002788349570570056,5.349043834784186e-06
8.874337830192198e-06,1.649975845220977,1.65,-0.00027883495828027,5.349043835311331e-06
8.876337830192197e-06,1.649975845220872,1.65,-0.0002788349570569971,5.349043834814897e-06
8.878337830192196e-06,1.649975845221346,1.65,-0.0002788349583201457,5.349043835325238e-06
8.880337830192196e-06,1.649975845221394,1.65,-0.0002788349570436812,5.349043834820426e-06
8.882337830192195e-06,1.649975845222093,1.65,-0.0002788349583201179,5.349043835322353e-06
8.884337830192194e-06,1.649975845222384,1.65,-0.0002788349570436444,5.349043834824094e-06
8.886337830192194e-06,1.649975845223258,1.65,-0.000278834958333371,5.349043835324911e-06
8.888337830192193e-06,1.649975845223552,1.65,-0.0002788349570436009,5.349043834824339e-06
8.890337830192192e-06,1.649975845224304,1.65,-0.0002788349583599251,5.349043835309087e-06
8.892337830192192e-06,1.649975845224546,1.65,-0.0002788349570302675,5.349043834790806e-06
8.894337830192191e-06,1.649975845225282,1.65,-0.0002788349583598888,5.349043835239897e-06
8.89633783019219e-06,1.649975845225382,1.65,-0.0002788349570169399,5.349043834753445e-06
8.89833783019219e-06,1.649975845225877,1.65,-0.0002788349583598666,5.349043835232795e-06
8.900337830192189e-06,1.649975845225663,1.65,-0.0002788349570169294,5.349043834743788e-06
8.902337830192188e-06,1.649975845226034,1.65,-0.0002788349583731572,5.349043835222875e-06
8.904337830192187e-06,1.649975845225705,1.65,-0.0002788349570435208,5.349043834750432e-06
8.906337830192187e-06,1.649975845225645,1.65,-0.0002788349583465787,5.349043835217328e-06
8.908337830192186e-06,1.649975845225081,1.65,-0.0002788349570036545,5.349043834739294e-06
8.910337830192185e-06,1.649975845224901,1.65,-0.0002788349583731994,5.349043835218524e-06
8.912337830192185e-06,1.649975845224281,1.65,-0.0002788349569770914,5.349043834754514e-06
8.914337830192184e-06,1.649975845224215,1.65,-0.0002788349583732248,5.34904383528034e-06
8.916337830192183e-06,1.649975845223624,1.65,-0.0002788349569771158,5.349043834812188e-06
8.918337830192182e-06,1.649975845223593,1.65,-0.0002788349583865445,5.349043835251021e-06
8.920337830192182e-06,1.649975845223205,1.65,-0.0002788349569771314,5.349043834809686e-06
8.922337830192181e-06,1.649975845223592,1.65,-0.0002788349583732481,5.34904383525884e-06
8.92433783019218e-06,1.649975845223459,1.65,-0.0002788349569771219,5.349043834791444e-06
8.92633783019218e-06,1.649975845223807,1.65,-0.000278834958399833,5.349043835264966e-06
8.928337830192179e-06,1.649975845223701,1.65,-0.00027883495695052,5.349043834798661e-06
8.930337830192178e-06,1.64997584522403,1.65,-0.0002788349583865283,5.349043835240554e-06
8.932337830192178e-06,1.649975845223846,1.65,-0.000278834956937218,5.349043834829693e-06
8.934337830192177e-06,1.649975845224096,1.65,-0.0002788349583998223,5.349043835276993e-06
8.936337830192176e-06,1.649975845223868,1.65,-0.0002788349569372173,5.349043834812437e-06
8.938337830192176e-06,1.649975845224013,1.65,-0.0002788349584131219,5.349043835242883e-06
8.940337830192175e-06,1.649975845223714,1.65,-0.000278834956963816,5.349043834791708e-06
8.942337830192174e-06,1.649975845223878,1.65,-0.0002788349584131269,5.349043835225708e-06
8.944337830192173e-06,1.64997584522367,1.65,-0.0002788349569505211,5.349043834794615e-06
8.946337830192173e-06,1.649975845224107,1.65,-0.0002788349584131184,5.349043835214988e-06
8.948337830192172e-06,1.649975845223952,1.65,-0.0002788349569372142,5.34904383475602e-06
8.950337830192171e-06,1.649975845224233,1.65,-0.0002788349584530032,5.349043835210977e-06
8.95233783019217e-06,1.649975845224203,1.65,-0.0002788349569239084,5.34904383481048e-06
8.95433783019217e-06,1.649975845224507,1.65,-0.000278834958452993,5.349043835225301e-06
8.95633783019217e-06,1.64997584522414,1.65,-0.0002788349568973177,5.349043834783132e-06
8.958337830192169e-06,1.649975845224329,1.65,-0.0002788349584529996,5.349043835193347e-06
8.960337830192168e-06,1.64997584522425,1.65,-0.0002788349569239066,5.3490438347926e-06
8.962337830192167e-06,1.649975845224552,1.65,-0.0002788349584529913,5.349043835187061e-06
8.964337830192166e-06,1.649975845224261,1.65,-0.0002788349568973132,5.349043834774757e-06
8.966337830192166e-06,1.64997584522455,1.65,-0.0002788349584263984,5.349043835189291e-06
8.968337830192165e-06,1.649975845224423,1.65,-0.0002788349568973072,5.349043834774936e-06
8.970337830192164e-06,1.649975845224684,1.65,-0.0002788349584529864,5.349043835181632e-06
8.972337830192164e-06,1.649975845224513,1.65,-0.0002788349568973038,5.349043834781892e-06
8.974337830192163e-06,1.649975845224821,1.65,-0.0002788349584662777,5.349043835170963e-06
8.976337830192162e-06,1.649975845224758,1.65,-0.0002788349569105912,5.349043834782617e-06
8.978337830192162e-06,1.64997584522523,1.65,-0.0002788349584928555,5.349043835184045e-06
8.980337830192161e-06,1.649975845225097,1.65,-0.0002788349568972821,5.349043834774466e-06
8.98233783019216e-06,1.649975845225362,1.65,-0.0002788349584662576,5.349043835178319e-06
8.98433783019216e-06,1.64997584522529,1.65,-0.000278834956870682,5.349043834788199e-06
8.986337830192159e-06,1.649975845225685,1.65,-0.0002788349584662456,5.34904383515804e-06
8.988337830192158e-06,1.64997584522563,1.65,-0.0002788349568839657,5.349043834770145e-06
8.990337830192157e-06,1.649975845226145,1.65,-0.0002788349584928215,5.349043835159411e-06
8.992337830192157e-06,1.649975845226179,1.65,-0.0002788349568706488,5.34904383476174e-06
8.994337830192156e-06,1.649975845226723,1.65,-0.0002788349585060965,5.349043835153256e-06
8.996337830192155e-06,1.649975845226759,1.65,-0.0002788349568706273,5.349043834775131e-06
8.998337830192155e-06,1.649975845227137,1.65,-0.000278834958506081,5.349043835136053e-06
9e-06,1.649975845226805,1.65,-0.0002788349568610141,5.349043834797252e-06
