time,v(out),v(inp),i(VDD),@m.xdut.xcore.xb.xref.xm1.msky130_fd_pr__pfet_g5v0d10v5[id]
0.0,1.732508487020032,1.7325,-0.0002718803428293294,5.074194402272161e-06
2e-11,1.73250848702179,1.7325,-0.0002718803746653369,5.074194402179607e-06
4e-11,1.732508487023714,1.7325,-0.0002718803755260863,5.074194402432567e-06
8.000000000000001e-11,1.73250848702662,1.7325,-0.0002718803777916625,5.074194403040961e-06
1.6e-10,1.732508487026486,1.7325,-0.0002718803807763966,5.07419440273001e-06
3.2e-10,1.732508487018119,1.7325,-0.0002718803807496566,5.074194404185742e-06
6.400000000000001e-10,1.732508486963299,1.7325,-0.0002718803836281784,5.074194407196385e-06
1.28e-09,1.732508486654238,1.7325,-0.0002718803879228502,5.074194409612071e-06
2.56e-09,1.732508485487815,1.7325,-0.0002718804002616168,5.074194425068275e-06
4.560000000000001e-09,1.732508482494526,1.7325,-0.0002718804138724831,5.074194452380295e-06
6.560000000000001e-09,1.732508478409,1.7325,-0.0002718804263443682,5.074194489195945e-06
8.56e-09,1.732508473767157,1.7325,-0.0002718804369483444,5.074194490768694e-06
1.056e-08,1.732508468974739,1.7325,-0.0002718804456551587,5.074194501212269e-06
1.256e-08,1.732508464359583,1.7325,-0.000271880452257384,5.074194490024357e-06
1.456e-08,1.732508460185384,1.7325,-0.0002718804589076219,5.074194496102109e-06
1.656e-08,1.732508456639975,1.7325,-0.0002718804675032935,5.074194522194218e-06
1.856e-08,1.732508453893093,1.7325,-0.0002718804730692821,5.0741945522211e-06
2.056e-08,1.732508452025811,1.7325,-0.0002718804807869179,5.074194560564319e-06
2.256e-08,1.732508451067583,1.7325,-0.0002718804842157863,5.074194542385709e-06
2.456000000000001e-08,1.732508451085883,1.7325,-0.0002718804938150543,5.074194534629509e-06
2.656000000000001e-08,1.732508451999774,1.7325,-0.0002718804960802334,5.074194521568275e-06
2.856000000000001e-08,1.732508453689312,1.7325,-0.0002718805020603476,5.074194516184016e-06
3.056000000000001e-08,1.732508456035315,1.7325,-0.0002718805082953872,5.074194501582676e-06
3.256000000000001e-08,1.732508458830223,1.7325,-0.0002718805120123444,5.074194517074308e-06
3.456000000000001e-08,1.732508461947692,1.7325,-0.0002718805133985453,5.074194514261253e-06
3.656e-08,1.732508465344633,1.7325,-0.0002718805162054764,5.074194479509138e-06
3.856e-08,1.732508468916559,1.7325,-0.0002718805200482656,5.074194479328293e-06
4.056e-08,1.732508472483171,1.7325,-0.0002718805202084501,5.074194500428071e-06
4.256e-08,1.732508475875992,1.7325,-0.0002718805220909308,5.074194492347176e-06
4.456e-08,1.73250847907096,1.7325,-0.00027188052224916,5.074194515947839e-06
4.655999999999999e-08,1.732508481995394,1.7325,-0.0002718805243876751,5.074194575007639e-06
4.855999999999999e-08,1.732508484552158,1.7325,-0.0002718805250721541,5.074194562660904e-06
5.055999999999999e-08,1.732508486723041,1.7325,-0.000271880523971792,5.074194558245427e-06
5.255999999999999e-08,1.732508488542852,1.7325,-0.0002718805224727963,5.074194574906435e-06
5.455999999999999e-08,1.73250849004614,1.7325,-0.0002718805199215196,5.07419456532003e-06
5.655999999999999e-08,1.732508491232862,1.7325,-0.0002718805215949652,5.074194559098611e-06
5.855999999999998e-08,1.732508492129498,1.7325,-0.0002718805178799827,5.074194574403693e-06
6.055999999999998e-08,1.732508492711408,1.7325,-0.0002718805200807973,5.074194580692449e-06
6.255999999999999e-08,1.732508492980424,1.7325,-0.0002718805185972888,5.074194537793736e-06
6.455999999999999e-08,1.732508492959292,1.7325,-0.0002718805171451595,5.074194519994505e-06
6.656e-08,1.732508492711198,1.7325,-0.0002718805152492108,5.074194531722376e-06
6.856e-08,1.732508492236215,1.7325,-0.0002718805174654274,5.074194547894071e-06
7.056e-08,1.732508491467669,1.7325,-0.000271880517210555,5.074194562375948e-06
7.256000000000001e-08,1.73250849054138,1.7325,-0.0002718805139564637,5.074194546195503e-06
7.456000000000001e-08,1.732508489595374,1.7325,-0.0002718805144827945,5.074194526702831e-06
7.656000000000002e-08,1.732508488668881,1.7325,-0.0002718805152968661,5.074194515176183e-06
7.856000000000002e-08,1.732508487787738,1.7325,-0.0002718805162527314,5.074194517566989e-06
8.056000000000003e-08,1.732508486960365,1.7325,-0.0002718805152335604,5.074194502204321e-06
8.256000000000003e-08,1.73250848624629,1.7325,-0.0002718805172256173,5.074194511608283e-06
8.456000000000004e-08,1.732508485672819,1.7325,-0.0002718805163815005,5.074194514466316e-06
8.656000000000004e-08,1.732508485227728,1.7325,-0.0002718805167476349,5.07419448007493e-06
8.856000000000005e-08,1.732508484908416,1.7325,-0.0002718805165559023,5.074194499960345e-06
9.056000000000005e-08,1.732508484660759,1.7325,-0.0002718805189969054,5.074194503122852e-06
9.256000000000006e-08,1.732508484498884,1.7325,-0.0002718805182309155,5.074194500380272e-06
9.456000000000006e-08,1.732508484452354,1.7325,-0.0002718805163809552,5.074194523959555e-06
9.656000000000007e-08,1.732508484485471,1.7325,-0.0002718805188220631,5.074194547608053e-06
9.856000000000007e-08,1.732508484610108,1.7325,-0.0002718805194430933,5.074194561131771e-06
1.005600000000001e-07,1.732508484840464,1.7325,-0.0002718805188372118,5.074194550027433e-06
1.025600000000001e-07,1.732508485188327,1.7325,-0.0002718805178796302,5.074194544905931e-06
1.045600000000001e-07,1.732508485654471,1.7325,-0.0002718805206872968,5.074194566772554e-06
1.065600000000001e-07,1.732508486258593,1.7325,-0.000271880519299037,5.074194559399606e-06
1.085600000000001e-07,1.732508486892837,1.7325,-0.0002718805203047905,5.074194550879516e-06
1.105600000000001e-07,1.732508487522748,1.7325,-0.0002718805193473721,5.074194586913066e-06
1.125600000000001e-07,1.732508488213743,1.7325,-0.0002718805195069652,5.074194568529868e-06
1.145600000000001e-07,1.732508488910634,1.7325,-0.0002718805182306106,5.074194561903636e-06
1.165600000000001e-07,1.732508489588626,1.7325,-0.0002718805207186481,5.074194580639842e-06
1.185600000000001e-07,1.732508490207874,1.7325,-0.0002718805189330678,5.074194592690293e-06
1.205600000000001e-07,1.732508490754982,1.7325,-0.0002718805196663236,5.074194617624327e-06
1.225600000000001e-07,1.732508491220772,1.7325,-0.000271880519076229,5.074194589659055e-06
1.245600000000001e-07,1.732508491627452,1.7325,-0.0002718805196813155,5.074194557995653e-06
1.265600000000001e-07,1.732508492001304,1.7325,-0.0002718805177683605,5.074194553729701e-06
1.285600000000001e-07,1.732508492287623,1.7325,-0.0002718805187252472,5.074194558149243e-06
1.305600000000001e-07,1.732508492448167,1.7325,-0.0002718805211332132,5.074194551650198e-06
1.325600000000001e-07,1.732508492550396,1.7325,-0.0002718805196979767,5.074194566800703e-06
1.345600000000001e-07,1.732508492648526,1.7325,-0.0002718805193959157,5.074194574875965e-06
1.365600000000001e-07,1.732508492737028,1.7325,-0.0002718805193945456,5.074194537912638e-06
1.3856e-07,1.732508492784079,1.7325,-0.0002718805193940726,5.074194526337466e-06
1.4056e-07,1.73250849269376,1.7325,-0.0002718805181511146,5.07419451502324e-06
1.4256e-07,1.732508492444578,1.7325,-0.0002718805185817447,5.074194511728892e-06
1.4456e-07,1.732508492129885,1.7325,-0.0002718805175288432,5.074194514913869e-06
1.4656e-07,1.73250849179212,1.7325,-0.000271880516109939,5.074194483980325e-06
1.4856e-07,1.732508491373734,1.7325,-0.0002718805186136621,5.074194475616637e-06
1.5056e-07,1.732508490902771,1.7325,-0.0002718805182944252,5.074194493354564e-06
1.5256e-07,1.732508490462842,1.7325,-0.000271880516956289,5.074194485547242e-06
1.5456e-07,1.732508490052896,1.7325,-0.0002718805179909292,5.074194480764033e-06
1.5656e-07,1.73250848962305,1.7325,-0.0002718805184544546,5.074194503553953e-06
1.5856e-07,1.732508489198372,1.7325,-0.0002718805154251098,5.074194523399451e-06
1.6056e-07,1.732508488811523,1.7325,-0.0002718805162059083,5.074194546632893e-06
1.625599999999999e-07,1.732508488449205,1.7325,-0.0002718805173060383,5.074194562281568e-06
1.645599999999999e-07,1.732508488102866,1.7325,-0.0002718805180233933,5.074194548350948e-06
1.665599999999999e-07,1.732508487842879,1.7325,-0.0002718805167959594,5.074194528649362e-06
1.685599999999999e-07,1.732508487721474,1.7325,-0.0002718805162533044,5.074194526172664e-06
1.705599999999999e-07,1.732508487681319,1.7325,-0.0002718805161261722,5.074194530600188e-06
1.725599999999999e-07,1.732508487701066,1.7325,-0.0002718805178640865,5.074194511527372e-06
1.745599999999999e-07,1.732508487835896,1.7325,-0.0002718805158544701,5.074194521829517e-06
1.765599999999999e-07,1.732508488045155,1.7325,-0.0002718805173059951,5.074194521361946e-06
1.785599999999999e-07,1.732508488256595,1.7325,-0.000271880516843572,5.074194494590397e-06
1.805599999999999e-07,1.732508488503949,1.7325,-0.000271880516013832,5.074194488634024e-06
1.825599999999999e-07,1.732508488766608,1.7325,-0.0002718805170830215,5.074194510033085e-06
1.845599999999998e-07,1.732508488996831,1.7325,-0.0002718805161262214,5.074194521794604e-06
1.865599999999998e-07,1.732508489132156,1.7325,-0.0002718805166365232,5.074194517412367e-06
1.885599999999998e-07,1.732508489226874,1.7325,-0.0002718805166520115,5.074194515967026e-06
1.905599999999998e-07,1.732508489329615,1.7325,-0.0002718805163009862,5.07419450421797e-06
1.925599999999998e-07,1.732508489362713,1.7325,-0.0002718805163335269,5.074194509922897e-06
1.945599999999998e-07,1.732508489325784,1.7325,-0.0002718805171621675,5.074194514411115e-06
1.965599999999998e-07,1.732508489283134,1.7325,-0.0002718805154559784,5.07419448897327e-06
1.985599999999998e-07,1.732508489271333,1.7325,-0.0002718805149136637,5.074194473761494e-06
2.005599999999998e-07,1.732508489242975,1.7325,-0.0002718805167801133,5.074194488725374e-06
2.025599999999998e-07,1.73250848921056,1.7325,-0.0002718805182471331,5.074194504607652e-06
2.045599999999998e-07,1.732508489221288,1.7325,-0.0002718805165243267,5.074194487973365e-06
2.065599999999998e-07,1.732508489163434,1.7325,-0.0002718805166840106,5.074194481163636e-06
2.085599999999997e-07,1.732508488986877,1.7325,-0.0002718805188055613,5.074194514028813e-06
2.105599999999997e-07,1.732508488805639,1.7325,-0.0002718805181833328,5.074194553551554e-06
2.125599999999997e-07,1.732508488665451,1.7325,-0.0002718805165897068,5.074194596235551e-06
2.145599999999997e-07,1.732508488605624,1.7325,-0.0002718805172741881,5.074194587639472e-06
2.165599999999997e-07,1.73250848862779,1.7325,-0.0002718805197774416,5.074194558951296e-06
2.185599999999997e-07,1.732508488696189,1.7325,-0.0002718805161893524,5.074194538373771e-06
2.205599999999997e-07,1.732508488881745,1.7325,-0.0002718805165724192,5.074194495611888e-06
2.225599999999997e-07,1.732508489190749,1.7325,-0.0002718805165078601,5.074194485038633e-06
2.245599999999997e-07,1.732508489511253,1.7325,-0.0002718805170351503,5.074194512621352e-06
2.265599999999997e-07,1.732508489751786,1.7325,-0.0002718805175456466,5.074194549016682e-06
2.285599999999997e-07,1.732508489889607,1.7325,-0.0002718805161583823,5.074194551138031e-06
2.305599999999997e-07,1.732508489979119,1.7325,-0.0002718805168434263,5.074194552314311e-06
2.325599999999996e-07,1.732508490034082,1.7325,-0.0002718805191246392,5.074194574047816e-06
2.345599999999996e-07,1.732508490061847,1.7325,-0.0002718805169395567,5.074194599001167e-06
2.365599999999996e-07,1.73250849008407,1.7325,-0.0002718805173061984,5.074194601421602e-06
2.385599999999996e-07,1.732508490115699,1.7325,-0.0002718805169070909,5.074194581563915e-06
2.405599999999996e-07,1.732508490182955,1.7325,-0.0002718805192353701,5.074194572652604e-06
2.425599999999996e-07,1.732508490290006,1.7325,-0.0002718805169709194,5.074194568820677e-06
2.445599999999996e-07,1.732508490425783,1.7325,-0.0002718805177841455,5.074194577313847e-06
2.465599999999996e-07,1.732508490548247,1.7325,-0.0002718805188053947,5.074194554907067e-06
2.485599999999996e-07,1.732508490639758,1.7325,-0.0002718805180384719,5.074194514983277e-06
2.505599999999996e-07,1.732508490756378,1.7325,-0.0002718805160142083,5.074194510483772e-06
2.525599999999996e-07,1.732508490843122,1.7325,-0.000271880519172014,5.074194513524693e-06
2.545599999999995e-07,1.732508490842033,1.7325,-0.0002718805184693779,5.074194496895436e-06
2.565599999999995e-07,1.732508490846305,1.7325,-0.0002718805168275249,5.074194492112715e-06
2.585599999999995e-07,1.732508490813728,1.7325,-0.0002718805175463043,5.07419452751971e-06
2.605599999999995e-07,1.732508490672861,1.7325,-0.0002718805195548877,5.07419455352347e-06
2.625599999999995e-07,1.732508490492084,1.7325,-0.0002718805178477759,5.074194539574104e-06
2.645599999999995e-07,1.732508490345163,1.7325,-0.0002718805156951614,5.074194525188206e-06
2.665599999999995e-07,1.732508490207742,1.7325,-0.0002718805188845209,5.074194506646073e-06
2.685599999999995e-07,1.732508490038178,1.7325,-0.0002718805177840914,5.074194520605921e-06
2.705599999999995e-07,1.732508489864349,1.7325,-0.0002718805171794614,5.074194526408979e-06
2.725599999999995e-07,1.732508489713547,1.7325,-0.0002718805167949737,5.074194501332158e-06
2.745599999999995e-07,1.73250848959933,1.7325,-0.0002718805158869602,5.074194508955992e-06
2.765599999999995e-07,1.732508489465927,1.7325,-0.0002718805185656066,5.074194506065457e-06
2.785599999999994e-07,1.73250848932866,1.7325,-0.0002718805170986845,5.074194509423076e-06
2.805599999999994e-07,1.732508489264922,1.7325,-0.0002718805169551468,5.074194518480747e-06
2.825599999999994e-07,1.732508489232118,1.7325,-0.0002718805175772242,5.074194520416487e-06
2.845599999999994e-07,1.732508489209735,1.7325,-0.0002718805192196102,5.074194525921587e-06
2.865599999999994e-07,1.732508489226607,1.7325,-0.0002718805178641048,5.074194514895776e-06
2.885599999999994e-07,1.73250848928909,1.7325,-0.0002718805190604893,5.074194513065462e-06
2.905599999999994e-07,1.732508489393379,1.7325,-0.0002718805165881462,5.074194498773965e-06
2.925599999999994e-07,1.732508489474881,1.7325,-0.0002718805207027894,5.074194522711886e-06
2.945599999999994e-07,1.732508489552652,1.7325,-0.0002718805153775927,5.074194575924123e-06
2.965599999999994e-07,1.732508489703162,1.7325,-0.0002718805167802829,5.074194569511719e-06
2.985599999999994e-07,1.732508489874719,1.7325,-0.0002718805185655929,5.074194567369659e-06
3.005599999999994e-07,1.732508490090046,1.7325,-0.0002718805211815541,5.074194579729353e-06
3.025599999999993e-07,1.732508490413333,1.7325,-0.0002718805210375777,5.074194595676267e-06
3.045599999999993e-07,1.732508490797585,1.7325,-0.000271880520719431,5.0741946076988e-06
3.065599999999993e-07,1.732508491197983,1.7325,-0.0002718805178476945,5.074194575650172e-06
3.085599999999993e-07,1.732508491588414,1.7325,-0.0002718805179755687,5.074194581473683e-06
3.105599999999993e-07,1.73250849191202,1.7325,-0.0002718805197295776,5.074194558661078e-06
3.125599999999993e-07,1.732508492152712,1.7325,-0.0002718805178792494,5.074194496577103e-06
3.145599999999993e-07,1.732508492300865,1.7325,-0.0002718805161731783,5.074194509304137e-06
3.165599999999993e-07,1.732508492331044,1.7325,-0.0002718805171476036,5.074194530409356e-06
3.185599999999993e-07,1.732508492232414,1.7325,-0.0002718805184701623,5.074194553001662e-06
3.205599999999993e-07,1.732508492071427,1.7325,-0.0002718805169555911,5.074194567306704e-06
3.225599999999993e-07,1.732508491931105,1.7325,-0.0002718805171305468,5.07419455581007e-06
3.245599999999992e-07,1.732508491783054,1.7325,-0.0002718805168436953,5.074194570823525e-06
3.265599999999992e-07,1.732508491553959,1.7325,-0.000271880517975329,5.074194558696821e-06
3.285599999999992e-07,1.732508491303451,1.7325,-0.0002718805179281467,5.074194563797495e-06
3.305599999999992e-07,1.732508491091116,1.7325,-0.0002718805184229687,5.074194576941248e-06
3.325599999999992e-07,1.732508490899732,1.7325,-0.0002718805178319531,5.074194559440992e-06
3.345599999999992e-07,1.732508490765805,1.7325,-0.0002718805166051607,5.074194585654993e-06
3.365599999999992e-07,1.732508490699129,1.7325,-0.0002718805181668448,5.074194599005036e-06
3.385599999999992e-07,1.7325084906897,1.7325,-0.0002718805190601497,5.074194584963293e-06
3.405599999999992e-07,1.732508490746432,1.7325,-0.0002718805177201018,5.074194579110017e-06
3.425599999999992e-07,1.732508490851348,1.7325,-0.0002718805171146369,5.074194567046677e-06
3.445599999999992e-07,1.732508490923971,1.7325,-0.0002718805185501952,5.074194566197448e-06
3.465599999999992e-07,1.73250849101906,1.7325,-0.0002718805181987666,5.074194572696755e-06
3.485599999999991e-07,1.732508491169138,1.7325,-0.0002718805172737316,5.074194559535177e-06
3.505599999999991e-07,1.732508491266708,1.7325,-0.0002718805204642305,5.074194577595345e-06
3.525599999999991e-07,1.732508491353308,1.7325,-0.0002718805184863915,5.074194617862318e-06
3.545599999999991e-07,1.732508491475868,1.7325,-0.0002718805185026329,5.074194609965335e-06
3.565599999999991e-07,1.732508491624298,1.7325,-0.0002718805187889855,5.074194604313816e-06
3.585599999999991e-07,1.732508491769766,1.7325,-0.0002718805201607639,5.074194611519982e-06
3.605599999999991e-07,1.732508491903274,1.7325,-0.0002718805178799536,5.074194589045711e-06
3.625599999999991e-07,1.732508492006395,1.7325,-0.0002718805176084598,5.074194578475634e-06
3.645599999999991e-07,1.732508492010612,1.7325,-0.0002718805189960128,5.074194568000539e-06
3.665599999999991e-07,1.732508491979217,1.7325,-0.0002718805172103288,5.074194568683602e-06
3.685599999999991e-07,1.732508491906707,1.7325,-0.0002718805194115906,5.074194579895301e-06
3.705599999999991e-07,1.732508491760917,1.7325,-0.000271880518214789,5.07419457498639e-06
3.72559999999999e-07,1.732508491686944,1.7325,-0.0002718805185181776,5.074194567607831e-06
3.74559999999999e-07,1.732508491689493,1.7325,-0.0002718805207822405,5.074194559765632e-06
3.76559999999999e-07,1.732508491683175,1.7325,-0.0002718805197779756,5.074194569583718e-06
3.78559999999999e-07,1.732508491699139,1.7325,-0.0002718805202085225,5.074194561699713e-06
3.80559999999999e-07,1.732508491724767,1.7325,-0.0002718805210847701,5.07419455461126e-06
3.82559999999999e-07,1.732508491764283,1.7325,-0.0002718805194754366,5.07419457438694e-06
3.84559999999999e-07,1.732508491839475,1.7325,-0.0002718805200172023,5.074194590715386e-06
3.86559999999999e-07,1.732508491917594,1.7325,-0.0002718805187731259,5.0741945843882e-06
3.88559999999999e-07,1.732508491968823,1.7325,-0.0002718805211490614,5.074194558133058e-06
3.90559999999999e-07,1.732508492006056,1.7325,-0.0002718805212605461,5.074194530372135e-06
3.92559999999999e-07,1.732508492076472,1.7325,-0.0002718805191710492,5.074194532995928e-06
3.945599999999989e-07,1.732508492118321,1.7325,-0.0002718805184702342,5.074194518798142e-06
3.965599999999989e-07,1.73250849203315,1.7325,-0.00027188051995312,5.074194492902218e-06
3.985599999999989e-07,1.732508491874723,1.7325,-0.0002718805183419705,5.07419450059589e-06
4.005599999999989e-07,1.732508491695488,1.7325,-0.0002718805169242078,5.074194506605685e-06
4.025599999999989e-07,1.732508491449455,1.7325,-0.0002718805178957335,5.074194511165391e-06
4.045599999999989e-07,1.732508491133906,1.7325,-0.0002718805184860091,5.074194508159665e-06
4.065599999999989e-07,1.732508490830087,1.7325,-0.0002718805175133611,5.074194498332115e-06
4.085599999999989e-07,1.732508490567684,1.7325,-0.000271880517083145,5.074194514528833e-06
4.105599999999989e-07,1.732508490293055,1.7325,-0.0002718805171307508,5.074194517522968e-06
4.125599999999989e-07,1.732508489977216,1.7325,-0.0002718805181829736,5.074194480325117e-06
4.145599999999989e-07,1.732508489666166,1.7325,-0.0002718805159335289,5.074194492445597e-06
4.165599999999989e-07,1.732508489419568,1.7325,-0.0002718805161267409,5.07419451008452e-06
4.185599999999988e-07,1.732508489253949,1.7325,-0.0002718805155847784,5.07419451206922e-06
4.205599999999988e-07,1.732508489135598,1.7325,-0.0002718805164921309,5.074194503119259e-06
4.225599999999988e-07,1.732508489063844,1.7325,-0.0002718805160779302,5.074194509173843e-06
4.245599999999988e-07,1.732508489063791,1.7325,-0.0002718805181668645,5.074194513782012e-06
4.265599999999988e-07,1.73250848903456,1.7325,-0.0002718805175768143,5.074194485966267e-06
4.285599999999988e-07,1.732508488950911,1.7325,-0.0002718805157593293,5.074194493563412e-06
4.305599999999988e-07,1.732508488844666,1.7325,-0.0002718805171470682,5.074194507864737e-06
4.325599999999988e-07,1.732508488722024,1.7325,-0.0002718805173854749,5.074194515579566e-06
4.345599999999988e-07,1.73250848869354,1.7325,-0.00027188051571161,5.074194510468793e-06
4.365599999999988e-07,1.732508488754537,1.7325,-0.0002718805176405196,5.074194506839409e-06
4.385599999999988e-07,1.732508488870055,1.7325,-0.0002718805182474501,5.074194523039933e-06
4.405599999999988e-07,1.73250848909203,1.7325,-0.0002718805187255656,5.074194546240425e-06
4.425599999999987e-07,1.732508489420452,1.7325,-0.000271880519857826,5.074194561704835e-06
4.445599999999987e-07,1.732508489812767,1.7325,-0.0002718805210212492,5.074194545424833e-06
4.465599999999987e-07,1.732508490263664,1.7325,-0.0002718805161417968,5.074194516426232e-06
4.485599999999987e-07,1.73250849071829,1.7325,-0.0002718805189802811,5.074194535917493e-06
4.505599999999987e-07,1.732508491075524,1.7325,-0.0002718805188211887,5.07419456279446e-06
4.525599999999987e-07,1.732508491312019,1.7325,-0.0002718805172903911,5.074194530377628e-06
4.545599999999987e-07,1.732508491409264,1.7325,-0.0002718805180388965,5.074194513692701e-06
4.565599999999987e-07,1.73250849140807,1.7325,-0.0002718805153767675,5.074194535226227e-06
4.585599999999987e-07,1.732508491339001,1.7325,-0.0002718805177049872,5.074194551538565e-06
4.605599999999987e-07,1.732508491226168,1.7325,-0.0002718805161897862,5.074194548258198e-06
4.625599999999987e-07,1.73250849113494,1.7325,-0.0002718805165089705,5.07419456986079e-06
4.645599999999986e-07,1.73250849103663,1.7325,-0.000271880517689329,5.074194582101804e-06
4.665599999999986e-07,1.732508490933315,1.7325,-0.000271880517401166,5.07419457865032e-06
4.685599999999986e-07,1.732508490878875,1.7325,-0.000271880516827781,5.074194570934038e-06
4.705599999999986e-07,1.73250849087873,1.7325,-0.0002718805193631142,5.074194565358941e-06
4.725599999999986e-07,1.732508490928922,1.7325,-0.0002718805178322888,5.07419457523051e-06
4.745599999999986e-07,1.73250849104195,1.7325,-0.0002718805189328348,5.074194556481448e-06
4.765599999999986e-07,1.732508491193983,1.7325,-0.000271880517130143,5.074194526983964e-06
4.785599999999986e-07,1.732508491331576,1.7325,-0.0002718805174491107,5.074194522485855e-06
4.805599999999987e-07,1.73250849142805,1.7325,-0.0002718805182943766,5.074194499914603e-06
4.825599999999987e-07,1.732508491466958,1.7325,-0.0002718805171462755,5.074194480938468e-06
4.845599999999988e-07,1.732508491389196,1.7325,-0.0002718805181197189,5.074194492344102e-06
4.865599999999988e-07,1.732508491202177,1.7325,-0.0002718805173058769,5.074194499500663e-06
4.885599999999989e-07,1.73250849098427,1.7325,-0.0002718805186457399,5.074194514291634e-06
4.905599999999989e-07,1.732508490757544,1.7325,-0.0002718805177044162,5.074194507125367e-06
4.92559999999999e-07,1.732508490529893,1.7325,-0.000271880516875444,5.074194518025255e-06
4.94559999999999e-07,1.732508490282199,1.7325,-0.0002718805175299121,5.074194519694858e-06
4.96559999999999e-07,1.73250849004299,1.7325,-0.0002718805176726104,5.074194491464596e-06
4.985599999999991e-07,1.732508489850041,1.7325,-0.0002718805166674692,5.07419447030239e-06
5.005599999999991e-07,1.732508489681386,1.7325,-0.0002718805187890708,5.074194486600744e-06
5.025599999999992e-07,1.732508489562633,1.7325,-0.0002718805190612471,5.074194521926807e-06
5.045599999999992e-07,1.732508489543103,1.7325,-0.0002718805192199797,5.07419453655849e-06
5.065599999999993e-07,1.732508489648673,1.7325,-0.0002718805168282634,5.074194564305208e-06
5.085599999999993e-07,1.732508489836013,1.7325,-0.0002718805195390073,5.074194597559886e-06
5.105599999999994e-07,1.732508490070753,1.7325,-0.0002718805176252205,5.074194581009693e-06
5.125599999999994e-07,1.732508490399383,1.7325,-0.0002718805175768979,5.074194557636109e-06
5.145599999999994e-07,1.732508490817032,1.7325,-0.0002718805167948904,5.074194546108513e-06
5.165599999999995e-07,1.732508491220427,1.7325,-0.0002718805176569374,5.074194520983892e-06
5.185599999999995e-07,1.73250849157416,1.7325,-0.0002718805185329629,5.074194525956664e-06
5.205599999999996e-07,1.732508491958357,1.7325,-0.0002718805167161838,5.074194532474123e-06
5.225599999999996e-07,1.732508492341015,1.7325,-0.0002718805180557388,5.074194529990797e-06
5.245599999999997e-07,1.73250849259686,1.7325,-0.0002718805196823658,5.074194535407867e-06
5.265599999999997e-07,1.732508492754279,1.7325,-0.0002718805175293467,5.074194549778347e-06
5.285599999999998e-07,1.732508492835978,1.7325,-0.0002718805185339743,5.074194560213143e-06
5.305599999999998e-07,1.732508492835707,1.7325,-0.0002718805182949062,5.074194549961035e-06
5.325599999999998e-07,1.732508492809693,1.7325,-0.0002718805177523118,5.074194567439046e-06
5.345599999999999e-07,1.732508492747918,1.7325,-0.0002718805175616496,5.07419457046494e-06
5.365599999999999e-07,1.732508492637765,1.7325,-0.0002718805165248579,5.074194546022825e-06
5.3856e-07,1.732508492528374,1.7325,-0.0002718805166196268,5.074194545687908e-06
5.4056e-07,1.732508492460743,1.7325,-0.0002718805164293203,5.074194571657187e-06
5.425600000000001e-07,1.732508492406045,1.7325,-0.000271880516030847,5.074194589573118e-06
5.445600000000001e-07,1.732508492293103,1.7325,-0.0002718805183595234,5.074194587662968e-06
5.465600000000002e-07,1.732508492157587,1.7325,-0.0002718805166027855,5.074194564304891e-06
5.485600000000002e-07,1.732508492064232,1.7325,-0.0002718805168116545,5.074194570563894e-06
5.505600000000002e-07,1.73250849193004,1.7325,-0.0002718805191402537,5.074194572478524e-06
5.525600000000003e-07,1.732508491763285,1.7325,-0.0002718805163005758,5.074194532702956e-06
5.545600000000003e-07,1.732508491655188,1.7325,-0.00027188051630083,5.074194534613234e-06
5.565600000000004e-07,1.732508491554253,1.7325,-0.0002718805177205946,5.074194522585363e-06
5.585600000000004e-07,1.732508491399754,1.7325,-0.000271880518677662,5.074194499360904e-06
5.605600000000005e-07,1.732508491239069,1.7325,-0.0002718805172897834,5.074194511315673e-06
5.625600000000005e-07,1.732508491070362,1.7325,-0.0002718805166520851,5.074194513126561e-06
5.645600000000006e-07,1.732508490850268,1.7325,-0.0002718805169711031,5.074194498447257e-06
5.665600000000006e-07,1.732508490634827,1.7325,-0.0002718805172586222,5.074194534460297e-06
5.685600000000006e-07,1.732508490461918,1.7325,-0.0002718805193796425,5.074194557799926e-06
5.705600000000007e-07,1.732508490311073,1.7325,-0.0002718805177203063,5.074194549943162e-06
5.725600000000007e-07,1.732508490225754,1.7325,-0.0002718805186785782,5.074194580413786e-06
5.745600000000008e-07,1.73250849022928,1.7325,-0.0002718805192517857,5.074194575210799e-06
5.765600000000008e-07,1.7325084903212,1.7325,-0.0002718805189159399,5.074194553575257e-06
5.785600000000009e-07,1.732508490498548,1.7325,-0.0002718805187091715,5.074194536218751e-06
5.805600000000009e-07,1.732508490686774,1.7325,-0.0002718805185811834,5.074194496191614e-06
5.82560000000001e-07,1.732508490845234,1.7325,-0.0002718805169071666,5.074194484289134e-06
5.84560000000001e-07,1.732508490963785,1.7325,-0.0002718805180079787,5.074194500229597e-06
5.86560000000001e-07,1.732508490983766,1.7325,-0.0002718805180397376,5.074194502625831e-06
5.885600000000011e-07,1.732508490967133,1.7325,-0.0002718805159499539,5.074194491948084e-06
5.905600000000011e-07,1.732508490966991,1.7325,-0.0002718805180241624,5.074194496368923e-06
5.925600000000012e-07,1.732508490922114,1.7325,-0.0002718805185177813,5.074194511149389e-06
5.945600000000012e-07,1.732508490903552,1.7325,-0.0002718805197783576,5.074194510651089e-06
5.965600000000013e-07,1.732508490993104,1.7325,-0.0002718805172733898,5.074194502471483e-06
5.985600000000013e-07,1.732508491113033,1.7325,-0.0002718805197464802,5.074194520487053e-06
6.005600000000013e-07,1.732508491212122,1.7325,-0.0002718805179759388,5.074194542270283e-06
6.025600000000014e-07,1.732508491323713,1.7325,-0.0002718805191248032,5.074194550032089e-06
6.045600000000014e-07,1.732508491442726,1.7325,-0.0002718805193308369,5.074194563077589e-06
6.065600000000015e-07,1.732508491605009,1.7325,-0.0002718805175139589,5.074194561716486e-06
6.085600000000015e-07,1.732508491813239,1.7325,-0.0002718805196661884,5.074194550142622e-06
6.105600000000016e-07,1.732508492031084,1.7325,-0.0002718805194582397,5.074194551664133e-06
6.125600000000016e-07,1.732508492290607,1.7325,-0.0002718805185509536,5.074194566945902e-06
6.145600000000017e-07,1.732508492615843,1.7325,-0.0002718805170826427,5.074194561171045e-06
6.165600000000017e-07,1.732508492991349,1.7325,-0.0002718805178953134,5.074194553084299e-06
6.185600000000017e-07,1.732508493381723,1.7325,-0.0002718805206559906,5.074194584636624e-06
6.205600000000018e-07,1.732508493767881,1.7325,-0.0002718805173859691,5.074194582525842e-06
6.225600000000018e-07,1.732508494169621,1.7325,-0.0002718805166034667,5.074194542060099e-06
6.245600000000019e-07,1.732508494504537,1.7325,-0.000271880518070733,5.074194536639601e-06
6.265600000000019e-07,1.732508494699255,1.7325,-0.0002718805182784127,5.074194536001438e-06
6.28560000000002e-07,1.732508494779859,1.7325,-0.0002718805182469283,5.074194507216117e-06
6.30560000000002e-07,1.732508494737728,1.7325,-0.0002718805169229083,5.074194499364816e-06
6.325600000000021e-07,1.732508494542639,1.7325,-0.0002718805170828412,5.074194521735509e-06
6.345600000000021e-07,1.732508494193251,1.7325,-0.0002718805160949241,5.07419455814275e-06
6.365600000000021e-07,1.732508493722716,1.7325,-0.0002718805183270892,5.074194581101597e-06
6.385600000000022e-07,1.732508493181333,1.7325,-0.0002718805174493877,5.074194575387701e-06
6.405600000000022e-07,1.732508492683728,1.7325,-0.0002718805167158016,5.074194569758777e-06
6.425600000000023e-07,1.732508492241439,1.7325,-0.0002718805163173319,5.074194568891414e-06
6.445600000000023e-07,1.732508491798648,1.7325,-0.0002718805181036932,5.074194555564895e-06
6.465600000000024e-07,1.732508491416403,1.7325,-0.0002718805178798057,5.074194573357717e-06
6.485600000000024e-07,1.732508491136722,1.7325,-0.0002718805185024474,5.074194587599995e-06
6.505600000000025e-07,1.732508490944661,1.7325,-0.0002718805180239021,5.074194579754252e-06
6.525600000000025e-07,1.732508490824024,1.7325,-0.0002718805174175044,5.074194586071142e-06
6.545600000000025e-07,1.732508490772491,1.7325,-0.0002718805193317449,5.074194597826496e-06
6.565600000000026e-07,1.732508490858355,1.7325,-0.0002718805186617013,5.074194596658257e-06
6.585600000000026e-07,1.732508491016406,1.7325,-0.0002718805202719222,5.074194596070385e-06
6.605600000000027e-07,1.732508491234825,1.7325,-0.0002718805183270902,5.074194609914254e-06
6.625600000000027e-07,1.732508491588625,1.7325,-0.0002718805180872044,5.074194583854356e-06
6.645600000000028e-07,1.732508491983174,1.7325,-0.0002718805206542145,5.074194570661087e-06
6.665600000000028e-07,1.732508492342829,1.7325,-0.0002718805199851034,5.074194587311565e-06
6.685600000000029e-07,1.732508492685897,1.7325,-0.0002718805180874087,5.074194584489491e-06
6.705600000000029e-07,1.732508493006652,1.7325,-0.0002718805198577266,5.074194569418016e-06
6.725600000000029e-07,1.732508493262359,1.7325,-0.0002718805193469814,5.074194561998898e-06
6.74560000000003e-07,1.732508493471153,1.7325,-0.0002718805178642698,5.074194574350856e-06
6.76560000000003e-07,1.732508493585304,1.7325,-0.0002718805187891803,5.074194548486603e-06
6.785600000000031e-07,1.732508493579631,1.7325,-0.0002718805187245324,5.074194517266084e-06
6.805600000000031e-07,1.73250849349939,1.7325,-0.0002718805174337994,5.074194530042341e-06
6.825600000000032e-07,1.732508493349739,1.7325,-0.0002718805161100751,5.074194558607409e-06
6.845600000000032e-07,1.732508493129266,1.7325,-0.0002718805187730146,5.074194536632304e-06
6.865600000000033e-07,1.732508492835827,1.7325,-0.0002718805182624864,5.074194498912873e-06
6.885600000000033e-07,1.732508492477662,1.7325,-0.000271880517528632,5.074194492171658e-06
6.905600000000033e-07,1.732508492062591,1.7325,-0.0002718805160785206,5.074194509888532e-06
6.925600000000034e-07,1.73250849160458,1.7325,-0.0002718805185981255,5.074194535281295e-06
6.945600000000034e-07,1.732508491168438,1.7325,-0.000271880517657035,5.074194532425836e-06
6.965600000000035e-07,1.732508490794423,1.7325,-0.0002718805186452494,5.074194513902679e-06
6.985600000000035e-07,1.732508490468756,1.7325,-0.0002718805174336051,5.074194520109801e-06
7.005600000000036e-07,1.732508490228383,1.7325,-0.0002718805194752324,5.074194538672716e-06
7.025600000000036e-07,1.732508490122173,1.7325,-0.0002718805188213621,5.074194539310755e-06
7.045600000000037e-07,1.732508490078238,1.7325,-0.0002718805186777519,5.074194566667623e-06
7.065600000000037e-07,1.732508490113026,1.7325,-0.0002718805185503913,5.074194592401048e-06
7.085600000000037e-07,1.732508490229181,1.7325,-0.0002718805184705378,5.074194588037584e-06
7.105600000000038e-07,1.732508490382139,1.7325,-0.0002718805180235679,5.074194563690386e-06
7.125600000000038e-07,1.73250849057912,1.7325,-0.0002718805197934327,5.074194578860114e-06
7.145600000000039e-07,1.732508490794893,1.7325,-0.0002718805173064529,5.074194606196518e-06
7.165600000000039e-07,1.732508491029936,1.7325,-0.000271880516875679,5.074194582354763e-06
7.18560000000004e-07,1.732508491213616,1.7325,-0.0002718805176081639,5.074194564559827e-06
7.20560000000004e-07,1.732508491314545,1.7325,-0.0002718805180879631,5.074194587225402e-06
7.225600000000041e-07,1.732508491401279,1.7325,-0.0002718805181355914,5.074194588584792e-06
7.245600000000041e-07,1.732508491516202,1.7325,-0.0002718805177044712,5.0741945709866e-06
7.265600000000041e-07,1.732508491631326,1.7325,-0.0002718805189006136,5.074194577012679e-06
7.285600000000042e-07,1.732508491712603,1.7325,-0.0002718805174812652,5.074194557738208e-06
7.305600000000042e-07,1.732508491794648,1.7325,-0.0002718805195062382,5.074194542798857e-06
7.325600000000043e-07,1.732508491901029,1.7325,-0.0002718805195704579,5.074194545102917e-06
7.345600000000043e-07,1.732508492008357,1.7325,-0.0002718805193794453,5.074194556041056e-06
7.365600000000044e-07,1.732508492086586,1.7325,-0.0002718805214207508,5.074194568100818e-06
7.385600000000044e-07,1.732508492176093,1.7325,-0.0002718805199847026,5.074194543199001e-06
7.405600000000045e-07,1.732508492304796,1.7325,-0.0002718805189959851,5.074194509660268e-06
7.425600000000045e-07,1.732508492411166,1.7325,-0.0002718805194104677,5.074194510969508e-06
7.445600000000045e-07,1.732508492452966,1.7325,-0.0002718805205273315,5.074194510896316e-06
7.465600000000046e-07,1.732508492383462,1.7325,-0.0002718805184059067,5.074194490355497e-06
7.485600000000046e-07,1.732508492230493,1.7325,-0.0002718805188373934,5.074194511203139e-06
7.505600000000047e-07,1.732508492002991,1.7325,-0.0002718805201926846,5.074194516026778e-06
7.525600000000047e-07,1.732508491725202,1.7325,-0.0002718805213563141,5.074194494511326e-06
7.545600000000048e-07,1.732508491497292,1.7325,-0.0002718805169550253,5.074194510066206e-06
7.565600000000048e-07,1.732508491318219,1.7325,-0.0002718805179285954,5.074194521311554e-06
7.585600000000049e-07,1.732508491088457,1.7325,-0.0002718805185175403,5.074194500416038e-06
7.605600000000049e-07,1.73250849082285,1.7325,-0.0002718805179601757,5.074194499593296e-06
7.625600000000049e-07,1.732508490591956,1.7325,-0.000271880516062094,5.074194507965708e-06
7.64560000000005e-07,1.732508490369113,1.7325,-0.0002718805155515453,5.074194498216539e-06
7.66560000000005e-07,1.7325084900689,1.7325,-0.0002718805179444275,5.074194514296555e-06
7.685600000000051e-07,1.732508489712603,1.7325,-0.0002718805188214054,5.074194520665229e-06
7.705600000000051e-07,1.732508489443897,1.7325,-0.0002718805161736893,5.074194508690867e-06
7.725600000000052e-07,1.732508489255232,1.7325,-0.0002718805160467179,5.074194529427457e-06
7.745600000000052e-07,1.732508489053581,1.7325,-0.0002718805177526619,5.07419456103995e-06
7.765600000000053e-07,1.732508488903758,1.7325,-0.0002718805169716519,5.07419458412155e-06
7.785600000000053e-07,1.732508488907371,1.7325,-0.0002718805169238053,5.074194577861437e-06
7.805600000000053e-07,1.732508489066996,1.7325,-0.0002718805154075987,5.074194559915931e-06
7.825600000000054e-07,1.732508489339446,1.7325,-0.0002718805187414184,5.074194583006907e-06
7.845600000000054e-07,1.732508489695135,1.7325,-0.0002718805178327119,5.074194600855825e-06
7.865600000000055e-07,1.732508490103219,1.7325,-0.0002718805167962218,5.074194579968251e-06
7.885600000000055e-07,1.73250849053185,1.7325,-0.0002718805193620358,5.074194577128661e-06
7.905600000000056e-07,1.732508490940217,1.7325,-0.0002718805170987121,5.074194561149222e-06
7.925600000000056e-07,1.73250849134113,1.7325,-0.0002718805170510674,5.074194567727097e-06
7.945600000000057e-07,1.732508491743874,1.7325,-0.0002718805177523914,5.074194565017681e-06
7.965600000000057e-07,1.73250849210143,1.7325,-0.0002718805169387212,5.074194533937247e-06
7.985600000000057e-07,1.732508492412385,1.7325,-0.0002718805171943538,5.074194543329502e-06
8.005600000000058e-07,1.732508492644746,1.7325,-0.0002718805179760005,5.074194552743601e-06
8.025600000000058e-07,1.732508492772578,1.7325,-0.0002718805181670401,5.074194547745909e-06
8.045600000000059e-07,1.732508492832809,1.7325,-0.0002718805196502149,5.074194563844031e-06
8.065600000000059e-07,1.732508492883707,1.7325,-0.0002718805190607616,5.074194560651037e-06
8.08560000000006e-07,1.732508492972103,1.7325,-0.0002718805186454007,5.074194555012921e-06
8.10560000000006e-07,1.732508493093515,1.7325,-0.0002718805189648904,5.074194575434313e-06
8.125600000000061e-07,1.732508493196165,1.7325,-0.0002718805211975473,5.074194598151981e-06
8.145600000000061e-07,1.732508493309572,1.7325,-0.00027188052092636,5.074194602725438e-06
8.165600000000061e-07,1.732508493456314,1.7325,-0.0002718805184697116,5.074194577447995e-06
8.185600000000062e-07,1.732508493568952,1.7325,-0.000271880518342499,5.074194577434778e-06
8.205600000000062e-07,1.732508493632606,1.7325,-0.0002718805188848904,5.074194571798015e-06
8.225600000000063e-07,1.732508493674294,1.7325,-0.0002718805174648393,5.074194571450624e-06
8.245600000000063e-07,1.732508493663724,1.7325,-0.000271880517960354,5.074194576057451e-06
8.265600000000064e-07,1.7325084936243,1.7325,-0.0002718805174011934,5.07419454422013e-06
8.285600000000064e-07,1.73250849356757,1.7325,-0.0002718805177356698,5.074194507597938e-06
8.305600000000065e-07,1.732508493402156,1.7325,-0.0002718805180715949,5.074194507501695e-06
8.325600000000065e-07,1.732508493112568,1.7325,-0.000271880515886379,5.074194510340045e-06
8.345600000000065e-07,1.732508492742608,1.7325,-0.0002718805170348941,5.074194500866796e-06
8.365600000000066e-07,1.732508492276142,1.7325,-0.0002718805170033234,5.074194517573825e-06
8.385600000000066e-07,1.732508491697248,1.7325,-0.0002718805159191181,5.074194524533433e-06
8.405600000000067e-07,1.732508491054632,1.7325,-0.0002718805158066107,5.074194509671907e-06
8.425600000000067e-07,1.732508490404387,1.7325,-0.0002718805163487312,5.074194516452626e-06
8.445600000000068e-07,1.732508489796329,1.7325,-0.0002718805163333459,5.074194515040542e-06
8.465600000000068e-07,1.732508489261385,1.7325,-0.0002718805171621983,5.074194496980198e-06
8.485600000000069e-07,1.732508488778645,1.7325,-0.000271880518662014,5.074194506852046e-06
8.505600000000069e-07,1.732508488356888,1.7325,-0.0002718805174811528,5.07419450506709e-06
8.525600000000069e-07,1.732508488050518,1.7325,-0.0002718805176889217,5.074194506578162e-06
8.54560000000007e-07,1.732508487834361,1.7325,-0.0002718805164928169,5.074194521643543e-06
8.56560000000007e-07,1.732508487635588,1.7325,-0.0002718805169549652,5.074194504504586e-06
8.585600000000071e-07,1.732508487455161,1.7325,-0.0002718805160623388,5.074194526399541e-06
8.605600000000071e-07,1.73250848733449,1.7325,-0.0002718805170196899,5.074194572649783e-06
8.625600000000072e-07,1.73250848727414,1.7325,-0.0002718805178177137,5.0741945704729e-06
8.645600000000072e-07,1.732508487308191,1.7325,-0.0002718805163959608,5.074194560039894e-06
8.665600000000073e-07,1.732508487459226,1.7325,-0.0002718805173389044,5.074194567336377e-06
8.685600000000073e-07,1.732508487765481,1.7325,-0.0002718805178642163,5.074194561372241e-06
8.705600000000073e-07,1.73250848819444,1.7325,-0.0002718805186769114,5.074194557673367e-06
8.725600000000074e-07,1.732508488590625,1.7325,-0.0002718805189968139,5.074194564340466e-06
8.745600000000074e-07,1.732508488935301,1.7325,-0.0002718805178322668,5.074194565868702e-06
8.765600000000075e-07,1.732508489288283,1.7325,-0.0002718805180870256,5.074194559907691e-06
8.785600000000075e-07,1.732508489663802,1.7325,-0.0002718805166045074,5.074194560152524e-06
8.805600000000076e-07,1.732508490000256,1.7325,-0.0002718805183106476,5.074194558228621e-06
8.825600000000076e-07,1.732508490293756,1.7325,-0.0002718805185975577,5.074194546760167e-06
8.845600000000077e-07,1.732508490589347,1.7325,-0.0002718805173378145,5.074194522249032e-06
8.865600000000077e-07,1.732508490847949,1.7325,-0.0002718805170985127,5.07419451494791e-06
8.885600000000077e-07,1.732508491024725,1.7325,-0.0002718805175603137,5.074194514219878e-06
8.905600000000078e-07,1.732508491111635,1.7325,-0.000271880517497523,5.074194496245839e-06
8.925600000000078e-07,1.732508491066282,1.7325,-0.0002718805189485917,5.074194500913575e-06
8.945600000000079e-07,1.732508490891966,1.7325,-0.0002718805167636222,5.074194508853464e-06
8.965600000000079e-07,1.732508490679017,1.7325,-0.000271880515679703,5.074194496517617e-06
8.98560000000008e-07,1.732508490416934,1.7325,-0.0002718805160781939,5.074194524974361e-06
9.00560000000008e-07,1.732508490063882,1.7325,-0.000271880517115946,5.074194567537991e-06
9.02560000000008e-07,1.732508489738572,1.7325,-0.0002718805164605247,5.074194562468876e-06
9.045600000000081e-07,1.732508489500667,1.7325,-0.0002718805162855166,5.074194569533884e-06
9.065600000000081e-07,1.732508489329263,1.7325,-0.0002718805174658006,5.074194563568949e-06
9.085600000000082e-07,1.732508489235868,1.7325,-0.0002718805174012935,5.074194560718718e-06
9.105600000000082e-07,1.732508489261042,1.7325,-0.0002718805173701813,5.074194576172602e-06
9.125600000000083e-07,1.732508489422112,1.7325,-0.0002718805179439414,5.074194568401042e-06
9.145600000000083e-07,1.73250848968008,1.7325,-0.0002718805189639826,5.074194554215388e-06
9.165600000000084e-07,1.732508489997126,1.7325,-0.0002718805182310422,5.074194568176647e-06
9.185600000000084e-07,1.732508490342562,1.7325,-0.0002718805178488396,5.074194568669752e-06
9.205600000000084e-07,1.732508490693522,1.7325,-0.0002718805200166931,5.074194561074196e-06
9.225600000000085e-07,1.732508491055848,1.7325,-0.0002718805183587056,5.074194576459472e-06
9.245600000000085e-07,1.732508491398218,1.7325,-0.0002718805198902094,5.074194583001859e-06
9.265600000000086e-07,1.732508491701794,1.7325,-0.0002718805189638052,5.074194550029268e-06
9.285600000000086e-07,1.732508492028587,1.7325,-0.0002718805191712937,5.074194501470855e-06
9.305600000000087e-07,1.732508492354029,1.7325,-0.0002718805201439406,5.074194497118656e-06
9.325600000000087e-07,1.732508492565449,1.7325,-0.0002718805180401162,5.074194521663644e-06
9.345600000000088e-07,1.732508492635332,1.7325,-0.0002718805196185622,5.07419455245154e-06
9.365600000000088e-07,1.732508492590543,1.7325,-0.0002718805185975244,5.074194539527755e-06
9.385600000000088e-07,1.732508492464594,1.7325,-0.0002718805163972979,5.074194519214897e-06
9.405600000000089e-07,1.732508492332811,1.7325,-0.0002718805159982012,5.074194530076654e-06
9.425600000000089e-07,1.732508492196185,1.7325,-0.0002718805159192829,5.074194562613359e-06
9.44560000000009e-07,1.732508492056935,1.7325,-0.0002718805163656497,5.074194596191461e-06
9.46560000000009e-07,1.73250849189972,1.7325,-0.0002718805158237278,5.074194588865e-06
9.485600000000091e-07,1.73250849168679,1.7325,-0.000271880515486752,5.074194571206864e-06
9.505600000000091e-07,1.732508491478946,1.7325,-0.0002718805137504533,5.074194573210111e-06
9.525600000000092e-07,1.73250849134479,1.7325,-0.0002718805134145943,5.074194561617536e-06
9.545600000000092e-07,1.732508491210017,1.7325,-0.0002718805157432481,5.074194565434726e-06
9.565600000000091e-07,1.732508491031662,1.7325,-0.0002718805177686824,5.074194582343721e-06
9.58560000000009e-07,1.732508490901352,1.7325,-0.0002718805160461659,5.074194596385385e-06
9.60560000000009e-07,1.732508490812126,1.7325,-0.0002718805169394437,5.07419458972965e-06
9.62560000000009e-07,1.732508490719609,1.7325,-0.0002718805168269579,5.07419454935722e-06
9.64560000000009e-07,1.732508490647073,1.7325,-0.0002718805149770736,5.074194539646232e-06
9.665600000000088e-07,1.732508490588788,1.7325,-0.0002718805172735777,5.074194518011912e-06
9.685600000000088e-07,1.7325084905279,1.7325,-0.0002718805162373853,5.074194523191538e-06
9.705600000000087e-07,1.732508490425661,1.7325,-0.0002718805172271141,5.074194537941002e-06
9.725600000000087e-07,1.732508490247354,1.7325,-0.0002718805182306506,5.074194537479063e-06
9.745600000000086e-07,1.732508490065286,1.7325,-0.0002718805164450221,5.074194521751712e-06
9.765600000000085e-07,1.732508489907938,1.7325,-0.0002718805170341277,5.074194496702355e-06
9.785600000000085e-07,1.732508489788993,1.7325,-0.0002718805182148997,5.074194516560068e-06
9.805600000000084e-07,1.73250848971006,1.7325,-0.0002718805161108655,5.074194513151743e-06
9.825600000000083e-07,1.732508489574357,1.7325,-0.0002718805192344996,5.074194505983395e-06
9.845600000000083e-07,1.732508489381932,1.7325,-0.0002718805169878518,5.07419450769094e-06
9.865600000000082e-07,1.732508489208674,1.7325,-0.0002718805172419957,5.074194510410371e-06
9.885600000000082e-07,1.732508489064675,1.7325,-0.0002718805168757317,5.074194511598657e-06
9.90560000000008e-07,1.732508488891596,1.7325,-0.0002718805161096273,5.074194505397455e-06
9.92560000000008e-07,1.732508488697965,1.7325,-0.0002718805177688332,5.074194516028751e-06
9.94560000000008e-07,1.732508488502886,1.7325,-0.0002718805181512597,5.074194523123869e-06
9.96560000000008e-07,1.732508488358868,1.7325,-0.0002718805172580481,5.074194513071432e-06
9.985600000000079e-07,1.732508488340946,1.7325,-0.0002718805163173205,5.074194519338965e-06
1e-06,1.732508488383818,1.7325,-0.0002718805160159072,5.074194497530181e-06
1.0001e-06,1.732548528500723,1.7375,-0.0002620288113541891,5.074193095358843e-06
1.0003e-06,1.732626076913986,1.7475,-0.0002615855765151705,5.074190125770179e-06
1.0007e-06,1.732769822923634,1.7675,-0.0002615833461237046,5.074184505838029e-06
1.001e-06,1.732867033236115,1.7825,-0.0002611226334981449,5.074181961719715e-06
1.00108e-06,1.732859476781009,1.7825,-0.0002708992555503123,5.074182456623841e-06
1.00124e-06,1.732844813700557,1.7825,-0.000271255525189411,5.074183436219843e-06
1.00156e-06,1.732814347622306,1.7825,-0.0002708730976045013,5.074185873800456e-06
1.0022e-06,1.732748851896409,1.7825,-0.0002712175587968139,5.074191626130559e-06
1.00348e-06,1.732605919410645,1.7825,-0.0002710147874407454,5.074200869096228e-06
1.00548e-06,1.732394178117232,1.7825,-0.0002720187731338783,5.074203995714738e-06
1.00748e-06,1.732273880387734,1.7825,-0.000272735208479434,5.074199419920177e-06
1.00948e-06,1.732337194146949,1.7825,-0.0002744349940159593,5.074195050151373e-06
1.01148e-06,1.732657713283347,1.7825,-0.0002756502876071238,5.074192628378085e-06
1.01348e-06,1.73328221333563,1.7825,-0.0002776945025600752,5.074191718120425e-06
1.01548e-06,1.734231196502439,1.7825,-0.000279118439831927,5.074191723911038e-06
1.01748e-06,1.735502615200098,1.7825,-0.000281225934915466,5.07419217190652e-06
1.01948e-06,1.737076833817765,1.7825,-0.0002825882247079963,5.074192751389841e-06
1.02148e-06,1.738920849886127,1.7825,-0.000284517738117413,5.074193293277913e-06
1.02348e-06,1.740992284444813,1.7825,-0.0002856137023840049,5.074193738995973e-06
1.02548e-06,1.74324238897221,1.7825,-0.0002871959058983405,5.074194085707077e-06
1.02748e-06,1.745619036197633,1.7825,-0.0002878890317581896,5.07419432176404e-06
1.02948e-06,1.748068994425672,1.7825,-0.0002890204157451005,5.074194502014861e-06
1.031479999999999e-06,1.750540302247676,1.7825,-0.0002892419138820932,5.074194622965257e-06
1.033479999999999e-06,1.752983921607831,1.7825,-0.0002898901810742602,5.074194707865442e-06
1.035479999999999e-06,1.755355417071162,1.7825,-0.0002896442445767934,5.074194785602596e-06
1.037479999999999e-06,1.757615863947407,1.7825,-0.0002898479070339827,5.074194817722563e-06
1.039479999999999e-06,1.759732781570418,1.7825,-0.0002892026930373238,5.074194817890821e-06
1.041479999999999e-06,1.761680357754657,1.7825,-0.0002890533285209814,5.074194818064552e-06
1.043479999999999e-06,1.763439785514046,1.7825,-0.0002881166687002681,5.07419479727321e-06
1.045479999999999e-06,1.764998994708398,1.7825,-0.0002877314075652748,5.074194775666936e-06
1.047479999999999e-06,1.766352582335406,1.7825,-0.000286623296841911,5.074194771723304e-06
1.049479999999999e-06,1.767501214289086,1.7825,-0.0002861197644126455,5.074194759255111e-06
1.051479999999999e-06,1.76845127837035,1.7825,-0.0002849512030126151,5.074194734603081e-06
1.053479999999999e-06,1.769214056474475,1.7825,-0.0002844307645407613,5.074194688779079e-06
1.055479999999999e-06,1.769805180120366,1.7825,-0.0002832913339414426,5.074194654644724e-06
1.057479999999999e-06,1.770243640719211,1.7825,-0.0002828306315644004,5.074194620848827e-06
1.059479999999999e-06,1.770551113346221,1.7825,-0.0002817834427394323,5.074194558889159e-06
1.061479999999999e-06,1.770750877089767,1.7825,-0.0002814321456965216,5.074194514470043e-06
1.063479999999998e-06,1.770867091129547,1.7825,-0.0002805138198722841,5.074194505558988e-06
1.065479999999998e-06,1.770923724481785,1.7825,-0.0002802963702171803,5.074194505047009e-06
1.067479999999998e-06,1.770943898751968,1.7825,-0.000279520070852518,5.074194476299426e-06
1.069479999999998e-06,1.770948952723506,1.7825,-0.0002794395230925196,5.074194462624828e-06
1.071479999999998e-06,1.770957979876812,1.7825,-0.0002787993128592418,5.074194463196854e-06
1.073479999999998e-06,1.77098714699845,1.7825,-0.0002788420304041914,5.074194450060352e-06
1.075479999999998e-06,1.771049525731522,1.7825,-0.0002783177397437888,5.074194439653186e-06
1.077479999999998e-06,1.771154734136574,1.7825,-0.0002784583204457387,5.074194442654213e-06
1.079479999999998e-06,1.771309093503857,1.7825,-0.0002780205141122594,5.074194447786352e-06
1.081479999999998e-06,1.771515581933715,1.7825,-0.0002782268532481355,5.074194487648051e-06
1.083479999999998e-06,1.77177426758201,1.7825,-0.0002778419661772454,5.074194517726677e-06
1.085479999999998e-06,1.772082494819614,1.7825,-0.0002780803603861392,5.074194510583974e-06
1.087479999999998e-06,1.7724354900788,1.7825,-0.0002777157391285241,5.074194498139503e-06
1.089479999999998e-06,1.772826664798157,1.7825,-0.0002779557809867399,5.074194491521095e-06
1.091479999999998e-06,1.773248277469485,1.7825,-0.0002775841767603379,5.074194488143256e-06
1.093479999999998e-06,1.773691742778167,1.7825,-0.0002778026643327805,5.074194516279712e-06
1.095479999999997e-06,1.77414825324525,1.7825,-0.0002774054303663481,5.074194558304464e-06
1.097479999999997e-06,1.774609014602953,1.7825,-0.0002775886508426593,5.074194577940335e-06
1.099479999999997e-06,1.775065764992153,1.7825,-0.0002771570395921445,5.074194604633022e-06
1.101479999999997e-06,1.775510894075409,1.7825,-0.0002773011248609871,5.074194621813758e-06
1.103479999999997e-06,1.775937833562989,1.7825,-0.0002768356997036727,5.074194608816756e-06
1.105479999999997e-06,1.776341047538921,1.7825,-0.0002769451633481249,5.074194588767396e-06
1.107479999999997e-06,1.776716294522411,1.7825,-0.000276453676194713,5.07419458751009e-06
1.109479999999997e-06,1.777060499395468,1.7825,-0.0002765388312201548,5.074194599131215e-06
1.111479999999997e-06,1.777371904250832,1.7825,-0.0002760333478308018,5.074194611225221e-06
1.113479999999997e-06,1.777649843918413,1.7825,-0.000276107320825675,5.074194619081433e-06
1.115479999999997e-06,1.777894812497022,1.7825,-0.0002756012639754255,5.074194605360634e-06
1.117479999999997e-06,1.778108172164571,1.7825,-0.0002756772508200471,5.074194595259118e-06
1.119479999999997e-06,1.778292165836363,1.7825,-0.0002751829999488955,5.074194601358007e-06
1.121479999999997e-06,1.778449590513031,1.7825,-0.0002752721670427697,5.07419458338981e-06
1.123479999999997e-06,1.7785837876344,1.7825,-0.0002747993283620495,5.074194580765292e-06
1.125479999999997e-06,1.778698310991847,1.7825,-0.0002749095668302844,5.074194583530209e-06
1.127479999999996e-06,1.778796922919941,1.7825,-0.0002744641146686786,5.074194565860495e-06
1.129479999999996e-06,1.778883282510518,1.7825,-0.000274599533092967,5.07419453274783e-06
1.131479999999996e-06,1.77896096996889,1.7825,-0.0002741836889293825,5.074194535531593e-06
1.133479999999996e-06,1.779033213988202,1.7825,-0.0002743447752758598,5.074194534873319e-06
1.135479999999996e-06,1.779102958623454,1.7825,-0.000273957424634478,5.074194503850422e-06
1.137479999999996e-06,1.779172639188748,1.7825,-0.0002741417030185097,5.074194531726073e-06
1.139479999999996e-06,1.779244297165438,1.7825,-0.0002737791760554465,5.074194549197767e-06
1.141479999999996e-06,1.779319405117306,1.7825,-0.0002739821155831471,5.074194563671647e-06
1.143479999999996e-06,1.779399025656775,1.7825,-0.0002736392160264655,5.074194557488595e-06
1.145479999999996e-06,1.779483678601775,1.7825,-0.0002738552379124672,5.074194566937231e-06
1.147479999999996e-06,1.779573533837665,1.7825,-0.0002735262088960281,5.07419455813604e-06
1.149479999999996e-06,1.779668308303295,1.7825,-0.000273749664822501,5.074194554810385e-06
1.151479999999996e-06,1.779767479271241,1.7825,-0.0002734291005246585,5.074194586162278e-06
1.153479999999996e-06,1.779870196930042,1.7825,-0.0002736550421908315,5.074194582157686e-06
1.155479999999996e-06,1.779975504497006,1.7825,-0.0002733385247533859,5.074194563212491e-06
1.157479999999996e-06,1.780082252805238,1.7825,-0.0002735632173541943,5.074194572277224e-06
1.159479999999996e-06,1.78018931501928,1.7825,-0.0002732477124897513,5.074194576879796e-06
1.161479999999995e-06,1.780295493227463,1.7825,-0.0002734688925137819,5.074194541396292e-06
1.163479999999995e-06,1.780399719196581,1.7825,-0.0002731528382531086,5.07419451135335e-06
1.165479999999995e-06,1.780500946527196,1.7825,-0.0002733696639545582,5.074194513732773e-06
1.167479999999995e-06,1.780598332845438,1.7825,-0.0002730528273131363,5.074194503636842e-06
1.169479999999995e-06,1.780691114948118,1.7825,-0.0002732656468433984,5.074194520795399e-06
1.171479999999995e-06,1.780778771477182,1.7825,-0.0002729488107852578,5.074194526369634e-06
1.173479999999995e-06,1.780860881134659,1.7825,-0.0002731588037998831,5.074194506175919e-06
1.175479999999995e-06,1.78093726834071,1.7825,-0.000272843396538889,5.074194512738555e-06
1.177479999999995e-06,1.781007848108406,1.7825,-0.0002730521681362889,5.074194500536576e-06
1.179479999999995e-06,1.781072758101592,1.7825,-0.0002727398316471032,5.074194524607303e-06
1.181479999999995e-06,1.781132194225426,1.7825,-0.0002729490417178358,5.07419458148895e-06
1.183479999999995e-06,1.781186534360826,1.7825,-0.0002726413322473164,5.074194579946344e-06
1.185479999999995e-06,1.781236170137471,1.7825,-0.000272852402576995,5.074194555290006e-06
1.187479999999995e-06,1.781281626710226,1.7825,-0.0002725505073605801,5.074194548056011e-06
1.189479999999995e-06,1.781323395003678,1.7825,-0.0002727644276514464,5.074194529503814e-06
1.191479999999995e-06,1.78136205237725,1.7825,-0.0002724690652804982,5.074194516345113e-06
1.193479999999994e-06,1.781398098900006,1.7825,-0.0002726863173382436,5.074194525148833e-06
1.195479999999994e-06,1.781432081358483,1.7825,-0.0002723976916631248,5.074194516959198e-06
1.197479999999994e-06,1.781464436394275,1.7825,-0.0002726182660279397,5.074194510469885e-06
1.199479999999994e-06,1.781495619936857,1.7825,-0.0002723361309045778,5.0741945307552e-06
1.201479999999994e-06,1.781525957816711,1.7825,-0.000272559606399718,5.074194553765977e-06
1.203479999999994e-06,1.781555781010288,1.7825,-0.0002722833615493655,5.074194556587326e-06
1.205479999999994e-06,1.781585283547787,1.7825,-0.0002725090484653228,5.074194556068251e-06
1.207479999999994e-06,1.78161466290447,1.7825,-0.0002722378914050462,5.074194567656047e-06
1.209479999999994e-06,1.781643984281567,1.7825,-0.0002724649650799243,5.074194569902448e-06
1.211479999999994e-06,1.781673324455201,1.7825,-0.0002721980318865414,5.074194556923184e-06
1.213479999999994e-06,1.781702640751748,1.7825,-0.0002724256701507841,5.074194565434035e-06
1.215479999999994e-06,1.781731916655688,1.7825,-0.0002721621565488386,5.074194561121553e-06
1.217479999999994e-06,1.781761033493477,1.7825,-0.000272389635692837,5.07419454410133e-06
1.219479999999994e-06,1.781789916079918,1.7825,-0.0002721288775204786,5.074194536059525e-06
1.221479999999994e-06,1.781818405340949,1.7825,-0.0002723556465298734,5.074194535000802e-06
1.223479999999994e-06,1.781846402563835,1.7825,-0.0002720971744863973,5.074194535943473e-06
1.225479999999993e-06,1.781873741590642,1.7825,-0.0002723228907109781,5.074194502015183e-06
1.227479999999993e-06,1.781900330461329,1.7825,-0.0002720664331117473,5.074194481185638e-06
1.229479999999993e-06,1.781926022304943,1.7825,-0.000272290941632866,5.074194484436738e-06
1.231479999999993e-06,1.781950753844572,1.7825,-0.0002720364055775882,5.074194521110676e-06
1.233479999999993e-06,1.781974414745006,1.7825,-0.0002722597136412308,5.074194558836012e-06
1.235479999999993e-06,1.78199698278932,1.7825,-0.0002720071449973406,5.074194583922626e-06
1.237479999999993e-06,1.782018391972284,1.7825,-0.0002722293696718634,5.074194596275966e-06
1.239479999999993e-06,1.78203866428958,1.7825,-0.0002719789044094819,5.074194580357168e-06
1.241479999999993e-06,1.782057776808798,1.7825,-0.0002722002165081562,5.074194584446118e-06
1.243479999999993e-06,1.782075791205207,1.7825,-0.0002719520169051552,5.07419456887618e-06
1.245479999999993e-06,1.782092720211729,1.7825,-0.0002721726050848619,5.074194563015388e-06
1.247479999999993e-06,1.782108655459488,1.7825,-0.0002719268236429874,5.074194573578748e-06
1.249479999999993e-06,1.782123634095286,1.7825,-0.0002721468479135715,5.074194549961835e-06
1.251479999999993e-06,1.782137765286347,1.7825,-0.0002719035918746616,5.074194520489872e-06
1.253479999999993e-06,1.782151097882654,1.7825,-0.0002721231440922484,5.074194544911055e-06
1.255479999999993e-06,1.782163746332705,1.7825,-0.0002718824708489827,5.074194560699772e-06
1.257479999999992e-06,1.782175759505937,1.7825,-0.0002721015959631543,5.074194552446878e-06
1.259479999999992e-06,1.782187246462874,1.7825,-0.0002718634815123475,5.074194575633307e-06
1.261479999999992e-06,1.782198246856937,1.7825,-0.0002720821537999321,5.074194585670234e-06
1.263479999999992e-06,1.782208856564516,1.7825,-0.0002718465249414836,5.074194587925541e-06
1.265479999999992e-06,1.782219099788515,1.7825,-0.0002720646628934924,5.074194589952713e-06
1.267479999999992e-06,1.782229055057458,1.7825,-0.0002718314019049201,5.074194586078957e-06
1.269479999999992e-06,1.782238728914744,1.7825,-0.0002720489030604384,5.074194578755316e-06
1.271479999999992e-06,1.782248181628765,1.7825,-0.0002718178774671366,5.074194563750466e-06
1.273479999999992e-06,1.78225740257002,1.7825,-0.0002720346154127862,5.074194581555593e-06
1.275479999999992e-06,1.782266435721305,1.7825,-0.0002718056767793768,5.074194606051379e-06
1.277479999999992e-06,1.782275256092486,1.7825,-0.0002720215338881582,5.074194593314723e-06
1.279479999999992e-06,1.782283895028637,1.7825,-0.000271794547077474,5.074194549688807e-06
1.281479999999992e-06,1.78229231757748,1.7825,-0.0002720094128523947,5.074194526644254e-06
1.283479999999992e-06,1.78230054677155,1.7825,-0.0002717842687737309,5.074194528649352e-06
1.285479999999992e-06,1.782308542182591,1.7825,-0.0002719980640380822,5.074194521718521e-06
1.287479999999992e-06,1.782316323314757,1.7825,-0.0002717746688243834,5.0741945040452e-06
1.289479999999992e-06,1.782323848761909,1.7825,-0.0002719873382275883,5.074194515102136e-06
1.291479999999991e-06,1.782331138557463,1.7825,-0.0002717656357163666,5.074194517182691e-06
1.293479999999991e-06,1.78233815356917,1.7825,-0.0002719771530069841,5.074194487599111e-06
1.295479999999991e-06,1.782344917040845,1.7825,-0.0002717571081311099,5.074194490386187e-06
1.297479999999991e-06,1.782351394508453,1.7825,-0.000271967467795947,5.07419452385511e-06
1.299479999999991e-06,1.782357613915337,1.7825,-0.0002717490639527205,5.074194540549171e-06
1.301479999999991e-06,1.782363546273632,1.7825,-0.0002719582745059826,5.074194550901697e-06
1.303479999999991e-06,1.782369224952599,1.7825,-0.0002717414989248779,5.074194558678433e-06
1.305479999999991e-06,1.782374626271581,1.7825,-0.0002719495844146273,5.074194569613677e-06
1.307479999999991e-06,1.782379788036783,1.7825,-0.0002717344449077208,5.074194549283691e-06
1.309479999999991e-06,1.782384690956254,1.7825,-0.000271941419480876,5.074194519539168e-06
1.311479999999991e-06,1.782389376111232,1.7825,-0.0002717279146296313,5.074194549018853e-06
1.313479999999991e-06,1.782393827288053,1.7825,-0.0002719337928939638,5.074194557499715e-06
1.315479999999991e-06,1.782398087421545,1.7825,-0.0002717219226500139,5.074194555015426e-06
1.317479999999991e-06,1.782402141545217,1.7825,-0.0002719267153822254,5.074194574222868e-06
1.319479999999991e-06,1.782406032653277,1.7825,-0.0002717164606581493,5.074194593232772e-06
1.321479999999991e-06,1.782409745645384,1.7825,-0.0002719201735855938,5.074194602731868e-06
1.32347999999999e-06,1.782413322479215,1.7825,-0.0002717115158795313,5.074194589790137e-06
1.32547999999999e-06,1.782416746559061,1.7825,-0.0002719141394173244,5.074194570716236e-06
1.32747999999999e-06,1.78242005763744,1.7825,-0.000271707051605428,5.074194570372715e-06
1.32947999999999e-06,1.782423237114975,1.7825,-0.0002719085815426034,5.074194578493611e-06
1.33147999999999e-06,1.782426322060218,1.7825,-0.000271703033403318,5.074194539524251e-06
1.33347999999999e-06,1.782429291493154,1.7825,-0.0002719034509856251,5.074194526257277e-06
1.33547999999999e-06,1.782432179775376,1.7825,-0.0002716994066556797,5.07419452564098e-06
1.33747999999999e-06,1.782434963753138,1.7825,-0.0002718987002430629,5.07419452293294e-06
1.33947999999999e-06,1.782437675426849,1.7825,-0.0002716961258307634,5.074194503205856e-06
1.34147999999999e-06,1.782440289718236,1.7825,-0.0002718942781850349,5.074194498953253e-06
1.34347999999999e-06,1.782442836602246,1.7825,-0.0002716931520213622,5.074194526725087e-06
1.34547999999999e-06,1.782445289849415,1.7825,-0.0002718901449773114,5.074194539126043e-06
1.34747999999999e-06,1.782447678279087,1.7825,-0.0002716904282472758,5.074194563044976e-06
1.34947999999999e-06,1.782449974870965,1.7825,-0.000271886264242442,5.074194541695442e-06
1.35147999999999e-06,1.782452207717937,1.7825,-0.0002716879339329458,5.074194489740698e-06
1.35347999999999e-06,1.782454349790383,1.7825,-0.0002718826014253481,5.074194499380828e-06
1.355479999999989e-06,1.782456428822795,1.7825,-0.0002716856432992754,5.074194524334208e-06
1.357479999999989e-06,1.782458418094681,1.7825,-0.0002718791427490887,5.074194545295356e-06
1.359479999999989e-06,1.782460345488819,1.7825,-0.000271683536182231,5.074194566474637e-06
1.361479999999989e-06,1.782462184869123,1.7825,-0.0002718758695691215,5.074194529984843e-06
1.363479999999989e-06,1.782463964520366,1.7825,-0.000271681597930363,5.074194524130523e-06
1.365479999999989e-06,1.782465659036327,1.7825,-0.0002718727717271721,5.074194510648285e-06
1.367479999999989e-06,1.782467297093614,1.7825,-0.0002716798271079092,5.074194499022907e-06
1.369479999999989e-06,1.782468854110224,1.7825,-0.0002718698440752105,5.074194550260938e-06
1.371479999999989e-06,1.782470359178644,1.7825,-0.0002716782167792306,5.074194575262026e-06
1.373479999999989e-06,1.782471788237927,1.7825,-0.0002718670853500832,5.074194588318678e-06
1.375479999999989e-06,1.782473170496434,1.7825,-0.0002716767637196204,5.074194595737281e-06
1.377479999999989e-06,1.782474482349631,1.7825,-0.0002718644837053908,5.074194600795776e-06
1.379479999999989e-06,1.782475753121813,1.7825,-0.0002716754550136926,5.074194600978764e-06
1.381479999999989e-06,1.782476959345598,1.7825,-0.0002718620395864612,5.074194594151197e-06
1.383479999999989e-06,1.782478129928147,1.7825,-0.0002716742918577429,5.074194575680595e-06
1.385479999999989e-06,1.782479241560511,1.7825,-0.0002718597433457414,5.07419456667935e-06
1.387479999999988e-06,1.78248032290458,1.7825,-0.0002716732612557616,5.074194573827706e-06
1.389479999999988e-06,1.782481350558742,1.7825,-0.0002718575844571899,5.074194549006049e-06
1.391479999999988e-06,1.782482352678241,1.7825,-0.0002716723592815399,5.074194533162175e-06
1.393479999999988e-06,1.782483305584151,1.7825,-0.0002718555546612473,5.074194518288612e-06
1.395479999999988e-06,1.782484236703903,1.7825,-0.000271671570852468,5.074194505784064e-06
1.397479999999988e-06,1.78248512206929,1.7825,-0.0002718536418690208,5.074194528178439e-06
1.399479999999988e-06,1.78248598888594,1.7825,-0.0002716708864313217,5.074194546960572e-06
1.401479999999988e-06,1.782486813030096,1.7825,-0.0002718518365446828,5.074194573800441e-06
1.403479999999988e-06,1.782487620992968,1.7825,-0.0002716702949318112,5.074194581301067e-06
1.405479999999988e-06,1.782488388530757,1.7825,-0.000271850127699898,5.074194555377608e-06
1.407479999999988e-06,1.782489141777925,1.7825,-0.0002716697901528743,5.074194515746601e-06
1.409479999999988e-06,1.782489856459693,1.7825,-0.0002718485042679566,5.074194517428423e-06
1.411479999999988e-06,1.782490558299999,1.7825,-0.0002716693595141569,5.074194517079676e-06
1.413479999999988e-06,1.782491222927584,1.7825,-0.0002718469630439518,5.074194494963066e-06
1.415479999999988e-06,1.78249187582162,1.7825,-0.0002716689983710567,5.074194508535637e-06
1.417479999999988e-06,1.782492492814437,1.7825,-0.0002718454935825817,5.074194529384806e-06
1.419479999999988e-06,1.782493099218931,1.7825,-0.0002716686958678238,5.074194550909782e-06
1.421479999999987e-06,1.782493670911345,1.7825,-0.0002718440906832073,5.074194568054683e-06
1.423479999999987e-06,1.782494233064255,1.7825,-0.0002716684515056385,5.074194549491853e-06
1.425479999999987e-06,1.782494761734179,1.7825,-0.0002718427489895336,5.074194518451205e-06
1.427479999999987e-06,1.78249528201573,1.7825,-0.0002716682562132124,5.074194533499544e-06
1.429479999999987e-06,1.782495770219612,1.7825,-0.0002718414663328461,5.074194576037048e-06
1.431479999999987e-06,1.782496251198306,1.7825,-0.0002716681122561316,5.07419457253169e-06
1.433479999999987e-06,1.78249670141763,1.7825,-0.0002718402351200862,5.074194556347548e-06
1.435479999999987e-06,1.782497145667675,1.7825,-0.0002716680168565768,5.074194569347901e-06
1.437479999999987e-06,1.782497560585814,1.7825,-0.0002718390608557051,5.074194565627126e-06
1.439479999999987e-06,1.782497970877322,1.7825,-0.0002716679649930131,5.074194544689994e-06
1.441479999999987e-06,1.782498353413688,1.7825,-0.0002718379395676575,5.074194540472518e-06
1.443479999999987e-06,1.782498732675232,1.7825,-0.0002716679524077587,5.074194519276244e-06
1.445479999999987e-06,1.7824990855948,1.7825,-0.0002718368609697512,5.074194513205884e-06
1.447479999999987e-06,1.782499436518955,1.7825,-0.0002716679778728642,5.074194514467377e-06
1.449479999999987e-06,1.782499762531624,1.7825,-0.0002718358256046232,5.074194508714363e-06
1.451479999999987e-06,1.782500087778715,1.7825,-0.0002716680393618929,5.074194521534837e-06
1.453479999999986e-06,1.782500389313001,1.7825,-0.0002718348360245788,5.074194521684095e-06
1.455479999999986e-06,1.782500690998882,1.7825,-0.000271668134514955,5.074194520155689e-06
1.457479999999986e-06,1.782500970093361,1.7825,-0.0002718338806026657,5.074194504939975e-06
1.459479999999986e-06,1.782501250266351,1.7825,-0.0002716682619451225,5.074194524031738e-06
1.461479999999986e-06,1.782501508827774,1.7825,-0.0002718329627048259,5.074194573427816e-06
1.463479999999986e-06,1.782501769289797,1.7825,-0.0002716684104265523,5.074194567286429e-06
1.465479999999986e-06,1.782502008930146,1.7825,-0.0002718320794745677,5.074194561974122e-06
1.467479999999986e-06,1.782502251036112,1.7825,-0.0002716685882657095,5.074194568556736e-06
1.469479999999986e-06,1.782502473216508,1.7825,-0.0002718312212192536,5.074194557477007e-06
1.471479999999986e-06,1.782502698559,1.7825,-0.0002716687843802473,5.074194571658377e-06
1.473479999999986e-06,1.782502904611001,1.7825,-0.0002718303935977779,5.074194567118917e-06
1.475479999999986e-06,1.782503114248622,1.7825,-0.000271669005036907,5.074194546891192e-06
1.477479999999986e-06,1.782503305181009,1.7825,-0.0002718295923364984,5.07419454862721e-06
1.479479999999986e-06,1.782503500142905,1.7825,-0.0002716692413564302,5.074194556065906e-06
1.481479999999986e-06,1.782503676921575,1.7825,-0.0002718288197959874,5.074194575605097e-06
1.483479999999986e-06,1.782503858101181,1.7825,-0.0002716694955503564,5.074194591265118e-06
1.485479999999985e-06,1.782504021662188,1.7825,-0.0002718280674131813,5.07419459315605e-06
1.487479999999985e-06,1.782504190074781,1.7825,-0.0002716697636820959,5.074194596691574e-06
1.489479999999985e-06,1.782504341333316,1.7825,-0.0002718273350118231,5.074194610380236e-06
1.491479999999985e-06,1.782504497665788,1.7825,-0.0002716700431048527,5.074194592547997e-06
1.493479999999985e-06,1.782504637232948,1.7825,-0.0002718266217466675,5.074194571845073e-06
1.495479999999985e-06,1.782504782257655,1.7825,-0.0002716703351418684,5.074194581635409e-06
1.497479999999985e-06,1.782504911027417,1.7825,-0.0002718259258961492,5.074194585869803e-06
1.499479999999985e-06,1.782505045480828,1.7825,-0.0002716706399525367,5.074194581288684e-06
1.501479999999985e-06,1.782505164086034,1.7825,-0.0002718252491661435,5.074194569972492e-06
1.503479999999985e-06,1.782505288621895,1.7825,-0.000271670956898438,5.074194552097769e-06
1.505479999999985e-06,1.78250539763305,1.7825,-0.0002718245897709369,5.074194542329536e-06
1.507479999999985e-06,1.78250551285862,1.7825,-0.0002716712806551793,5.074194525226289e-06
1.509479999999985e-06,1.782505613013325,1.7825,-0.0002718239447756331,5.074194523786791e-06
1.511479999999985e-06,1.782505719761887,1.7825,-0.0002716716169937894,5.074194522395325e-06
1.513479999999985e-06,1.78250581199321,1.7825,-0.0002718233141490658,5.074194506110616e-06
1.515479999999985e-06,1.782505911141793,1.7825,-0.0002716719594073235,5.07419452903638e-06
1.517479999999984e-06,1.782505996246436,1.7825,-0.0002718226995816296,5.074194569746121e-06
1.519479999999984e-06,1.782506088548331,1.7825,-0.0002716723077860975,5.074194558749544e-06
1.521479999999984e-06,1.782506167121501,1.7825,-0.0002718220995885994,5.074194560790508e-06
1.523479999999984e-06,1.782506253040916,1.7825,-0.0002716726626547711,5.074194567815183e-06
1.525479999999984e-06,1.782506325553484,1.7825,-0.0002718215115570223,5.074194555522638e-06
1.527479999999984e-06,1.782506405644342,1.7825,-0.000271673024603788,5.074194564014943e-06
1.529479999999984e-06,1.782506472588018,1.7825,-0.0002718209306378973,5.074194573476018e-06
1.531479999999984e-06,1.782506547309979,1.7825,-0.0002716733941273682,5.074194547228609e-06
1.533479999999984e-06,1.782506609251219,1.7825,-0.0002718203645645607,5.074194512763326e-06
1.535479999999984e-06,1.782506679050538,1.7825,-0.0002716737643855379,5.074194505765918e-06
1.537479999999984e-06,1.782506736247196,1.7825,-0.0002718198114248656,5.074194510016125e-06
1.539479999999984e-06,1.7825068013384,1.7825,-0.0002716741382479407,5.074194506153828e-06
1.541479999999984e-06,1.782506853991761,1.7825,-0.0002718192630054656,5.074194512722125e-06
1.543479999999984e-06,1.782506914652645,1.7825,-0.0002716745167028607,5.074194505244484e-06
1.545479999999984e-06,1.782506963060124,1.7825,-0.0002718187264506458,5.07419450863689e-06
1.547479999999984e-06,1.782507019546566,1.7825,-0.0002716748986505125,5.074194508326039e-06
1.549479999999984e-06,1.782507064078046,1.7825,-0.0002718182017130997,5.07419449119518e-06
1.551479999999983e-06,1.782507116732978,1.7825,-0.0002716752834506088,5.074194512755849e-06
1.553479999999983e-06,1.782507157566351,1.7825,-0.00027181768247782,5.074194524111019e-06
1.555479999999983e-06,1.782507206728351,1.7825,-0.0002716756713781465,5.074194497873155e-06
1.557479999999983e-06,1.782507244418382,1.7825,-0.0002718171682964954,5.074194506560971e-06
1.559479999999983e-06,1.782507290447212,1.7825,-0.0002716760589392366,5.074194509198368e-06
1.561479999999983e-06,1.782507324994053,1.7825,-0.000271816666266526,5.074194494234162e-06
1.563479999999983e-06,1.782507367901953,1.7825,-0.0002716764446179546,5.074194506402685e-06
1.565479999999983e-06,1.782507399654567,1.7825,-0.0002718161708084066,5.074194496958925e-06
1.567479999999983e-06,1.782507439764106,1.7825,-0.000271676840264039,5.074194517974788e-06
1.569479999999983e-06,1.782507468773978,1.7825,-0.0002718156788896794,5.074194546523071e-06
1.571479999999983e-06,1.782507506247868,1.7825,-0.0002716772242524737,5.074194535316267e-06
1.573479999999983e-06,1.782507532760353,1.7825,-0.0002718151955337077,5.074194526763631e-06
1.575479999999983e-06,1.782507567732985,1.7825,-0.000271677616278319,5.074194502974926e-06
1.577479999999983e-06,1.782507591912624,1.7825,-0.0002718147184454822,5.074194504811367e-06
1.579479999999983e-06,1.78250762451149,1.7825,-0.0002716780096758817,5.074194519594647e-06
1.581479999999983e-06,1.78250764642666,1.7825,-0.0002718142478492427,5.07419451429265e-06
1.583479999999982e-06,1.782507676796723,1.7825,-0.0002716784001062215,5.074194518497298e-06
1.585479999999982e-06,1.782507696681404,1.7825,-0.0002718137799786862,5.074194521510298e-06
1.587479999999982e-06,1.782507725172399,1.7825,-0.0002716787917180845,5.074194525662098e-06
1.589479999999982e-06,1.782507743326149,1.7825,-0.0002718133218515595,5.074194511400128e-06
1.591479999999982e-06,1.782507770010494,1.7825,-0.0002716791806499554,5.074194511332392e-06
1.593479999999982e-06,1.782507786446716,1.7825,-0.0002718128675041159,5.074194510256491e-06
1.595479999999982e-06,1.782507811447928,1.7825,-0.0002716795739038498,5.074194502781149e-06
1.597479999999982e-06,1.782507826440328,1.7825,-0.0002718124209235221,5.074194518455126e-06
1.599479999999982e-06,1.782507850070048,1.7825,-0.000271679965579226,5.074194513889461e-06
1.601479999999982e-06,1.782507863754522,1.7825,-0.0002718119791743548,5.074194518341095e-06
1.603479999999982e-06,1.782507886022959,1.7825,-0.0002716803565838895,5.074194516464915e-06
1.605479999999982e-06,1.782507898525757,1.7825,-0.0002718115373936095,5.074194506559751e-06
1.607479999999982e-06,1.782507919658122,1.7825,-0.0002716807468559432,5.074194523649226e-06
1.609479999999982e-06,1.782507930989851,1.7825,-0.0002718111041607847,5.074194555461746e-06
1.611479999999982e-06,1.782507950833901,1.7825,-0.000271681135372619,5.074194556941682e-06
1.613479999999982e-06,1.78250796102219,1.7825,-0.0002718106752170176,5.074194553033525e-06
1.615479999999981e-06,1.782507979822814,1.7825,-0.0002716815188523068,5.074194566278848e-06
1.617479999999981e-06,1.782507989114234,1.7825,-0.0002718102479634502,5.074194558229959e-06
1.619479999999981e-06,1.782508006934224,1.7825,-0.000271681907799655,5.074194560635597e-06
1.621479999999981e-06,1.782508015304435,1.7825,-0.0002718098240747021,5.074194569175522e-06
1.623479999999981e-06,1.782508032090801,1.7825,-0.0002716822936223027,5.074194553021483e-06
1.625479999999981e-06,1.78250803944935,1.7825,-0.0002718094037109613,5.07419452326453e-06
1.627479999999981e-06,1.782508055141771,1.7825,-0.0002716826762548799,5.074194527890376e-06
1.629479999999981e-06,1.782508061408865,1.7825,-0.000271808987812359,5.074194524893248e-06
1.631479999999981e-06,1.782508076035388,1.7825,-0.0002716830562889205,5.074194510785924e-06
1.633479999999981e-06,1.782508081348041,1.7825,-0.0002718085823272327,5.074194541063657e-06
1.635479999999981e-06,1.782508094992451,1.7825,-0.0002716834341541938,5.074194551504951e-06
1.637479999999981e-06,1.782508099483604,1.7825,-0.0002718081726632079,5.074194547248504e-06
1.639479999999981e-06,1.782508112315049,1.7825,-0.0002716838116688334,5.074194562160561e-06
1.641479999999981e-06,1.78250811605884,1.7825,-0.0002718077696496639,5.074194557687631e-06
1.643479999999981e-06,1.782508128110734,1.7825,-0.0002716841890537949,5.074194553906769e-06
1.645479999999981e-06,1.782508131282664,1.7825,-0.0002718073700660272,5.074194566677248e-06
1.64747999999998e-06,1.782508142877829,1.7825,-0.0002716845637291591,5.074194548717507e-06
1.64947999999998e-06,1.782508145646206,1.7825,-0.000271806973143089,5.07419452209079e-06
1.65147999999998e-06,1.782508156765539,1.7825,-0.000271684938405765,5.074194526098577e-06
1.65347999999998e-06,1.782508159121168,1.7825,-0.0002718065855828292,5.074194530098464e-06
1.65547999999998e-06,1.782508169805356,1.7825,-0.0002716853106724058,5.074194512607669e-06
1.65747999999998e-06,1.78250817184132,1.7825,-0.0002718061933966618,5.0741945179829e-06
1.65947999999998e-06,1.78250818217205,1.7825,-0.0002716856802617909,5.07419450967291e-06
1.66147999999998e-06,1.782508183933663,1.7825,-0.0002718058075422664,5.074194503911846e-06
1.66347999999998e-06,1.782508193997398,1.7825,-0.0002716860493235856,5.074194511867784e-06
1.66547999999998e-06,1.782508195489996,1.7825,-0.000271805427125252,5.07419449927076e-06
1.66747999999998e-06,1.782508205106204,1.7825,-0.0002716864165520249,5.074194512695363e-06
1.66947999999998e-06,1.782508206195301,1.7825,-0.0002718050478253568,5.07419452372212e-06
1.67147999999998e-06,1.782508215422777,1.7825,-0.0002716867797936645,5.074194502641064e-06
1.67347999999998e-06,1.78250821618655,1.7825,-0.0002718046715387886,5.074194500461539e-06
1.67547999999998e-06,1.782508225007353,1.7825,-0.0002716871390805917,5.074194506522477e-06
1.67747999999998e-06,1.782508225386736,1.7825,-0.0002718042963371203,5.07419449835539e-06
1.67947999999998e-06,1.782508233747466,1.7825,-0.000271687501013988,5.07419452227847e-06
1.681479999999979e-06,1.78250823376535,1.7825,-0.0002718039249636304,5.074194565287355e-06
1.683479999999979e-06,1.782508241773165,1.7825,-0.0002716878610027027,5.074194580090084e-06
1.685479999999979e-06,1.782508241557786,1.7825,-0.0002718035571284555,5.074194602700549e-06
1.687479999999979e-06,1.7825082493421,1.7825,-0.000271688217004171,5.074194582277469e-06
1.689479999999979e-06,1.782508248917597,1.7825,-0.000271803190904593,5.074194554841058e-06
1.691479999999979e-06,1.782508256419128,1.7825,-0.0002716885697830936,5.074194555579517e-06
1.693479999999979e-06,1.782508255729198,1.7825,-0.0002718028264674736,5.074194549127828e-06
1.695479999999979e-06,1.782508262832479,1.7825,-0.0002716889213682165,5.074194567243654e-06
1.697479999999979e-06,1.782508261769651,1.7825,-0.0002718024692372933,5.07419456481027e-06
1.699479999999979e-06,1.782508268419267,1.7825,-0.0002716892737810669,5.074194537457854e-06
1.701479999999979e-06,1.782508267002087,1.7825,-0.0002718021095680469,5.074194526100009e-06
1.703479999999979e-06,1.782508273339965,1.7825,-0.0002716896190831355,5.074194509432984e-06
1.705479999999979e-06,1.782508271638769,1.7825,-0.000271801756691879,5.074194521978173e-06
1.707479999999979e-06,1.782508277647807,1.7825,-0.000271689967589785,5.074194523480699e-06
1.709479999999979e-06,1.782508275723384,1.7825,-0.0002718014030984027,5.074194516496232e-06
1.711479999999979e-06,1.782508281536931,1.7825,-0.0002716903081220601,5.074194521977261e-06
1.713479999999978e-06,1.782508279491066,1.7825,-0.0002718010549584692,5.074194526197457e-06
1.715479999999978e-06,1.782508285074111,1.7825,-0.0002716906528655999,5.074194518969959e-06
1.717479999999978e-06,1.782508282861547,1.7825,-0.0002718007070573888,5.07419448764374e-06
1.719479999999978e-06,1.78250828830044,1.7825,-0.000271690991786955,5.074194478068223e-06
1.721479999999978e-06,1.782508286061875,1.7825,-0.000271800360450242,5.074194508345316e-06
1.723479999999978e-06,1.782508291478065,1.7825,-0.0002716913296420876,5.074194534917563e-06
1.725479999999978e-06,1.782508289213946,1.7825,-0.0002718000213041799,5.074194542934608e-06
1.727479999999978e-06,1.782508294529585,1.7825,-0.0002716916690419189,5.0741945699021e-06
1.729479999999978e-06,1.782508292304881,1.7825,-0.0002717996805648974,5.074194596805573e-06
1.731479999999978e-06,1.782508297731594,1.7825,-0.0002716919998947344,5.074194575367129e-06
1.733479999999978e-06,1.782508295700336,1.7825,-0.0002717993450696539,5.074194562584813e-06
1.735479999999978e-06,1.782508301234947,1.7825,-0.0002716923327261928,5.07419457144357e-06
1.737479999999978e-06,1.78250829930764,1.7825,-0.0002717990089063075,5.074194547175795e-06
1.739479999999978e-06,1.782508304771104,1.7825,-0.0002716926634021208,5.074194520984213e-06
1.741479999999978e-06,1.782508302733347,1.7825,-0.0002717986783565118,5.074194525848727e-06
1.743479999999978e-06,1.782508308058799,1.7825,-0.0002716929883882371,5.074194516461111e-06
1.745479999999977e-06,1.782508305854899,1.7825,-0.0002717983477420017,5.07419450316056e-06
1.747479999999977e-06,1.782508310886152,1.7825,-0.0002716933160996915,5.074194538174438e-06
1.749479999999977e-06,1.782508308488052,1.7825,-0.0002717980171772505,5.074194556768697e-06
1.751479999999977e-06,1.782508313339057,1.7825,-0.0002716936406051147,5.074194536295936e-06
1.753479999999977e-06,1.78250831089761,1.7825,-0.0002717976933236628,5.074194520916888e-06
1.755479999999977e-06,1.782508315726709,1.7825,-0.0002716939602317213,5.074194513601639e-06
1.757479999999977e-06,1.782508313173359,1.7825,-0.0002717973715288819,5.074194520897306e-06
1.759479999999977e-06,1.782508317698505,1.7825,-0.0002716942813258593,5.074194522889756e-06
1.761479999999977e-06,1.782508314912283,1.7825,-0.0002717970497337657,5.074194523230049e-06
1.763479999999977e-06,1.7825083191966,1.7825,-0.0002716945978415004,5.07419452628958e-06
1.765479999999977e-06,1.782508316250552,1.7825,-0.0002717967299969327,5.074194509665138e-06
1.767479999999977e-06,1.782508320398785,1.7825,-0.000271694912921574,5.074194512559825e-06
1.769479999999977e-06,1.782508317463649,1.7825,-0.0002717964109285488,5.074194508958438e-06
1.771479999999977e-06,1.782508321658279,1.7825,-0.0002716952273666401,5.074194500180033e-06
1.773479999999977e-06,1.7825083187437,1.7825,-0.0002717961001998802,5.074194525545067e-06
1.775479999999977e-06,1.782508322778897,1.7825,-0.0002716955409497277,5.074194563559924e-06
1.777479999999977e-06,1.782508319672133,1.7825,-0.0002717957885636954,5.074194589593836e-06
1.779479999999976e-06,1.782508323517815,1.7825,-0.0002716958493643399,5.074194578115875e-06
1.781479999999976e-06,1.782508320359975,1.7825,-0.0002717954746620536,5.07419457254156e-06
1.783479999999976e-06,1.782508324184792,1.7825,-0.0002716961569822178,5.074194572435431e-06
1.785479999999976e-06,1.782508321148171,1.7825,-0.0002717951653537341,5.074194571437084e-06
1.787479999999976e-06,1.782508325107048,1.7825,-0.0002716964638990424,5.074194562476498e-06
1.789479999999976e-06,1.782508322210904,1.7825,-0.0002717948600952639,5.074194563292406e-06
1.791479999999976e-06,1.782508326285066,1.7825,-0.0002716967662073763,5.074194569130063e-06
1.793479999999976e-06,1.782508323565931,1.7825,-0.0002717945567031163,5.074194555117734e-06
1.795479999999976e-06,1.782508327704294,1.7825,-0.0002716970684193136,5.07419456983628e-06
1.797479999999976e-06,1.782508325013603,1.7825,-0.0002717942534542236,5.074194560216247e-06
1.799479999999976e-06,1.782508329015026,1.7825,-0.0002716973705992016,5.074194550042174e-06
1.801479999999976e-06,1.782508326198921,1.7825,-0.000271793954543841,5.074194583089603e-06
1.803479999999976e-06,1.782508330127976,1.7825,-0.0002716976677721774,5.074194574449713e-06
1.805479999999976e-06,1.782508327320263,1.7825,-0.0002717936580085168,5.074194572415038e-06
1.807479999999976e-06,1.78250833118159,1.7825,-0.0002716979648806226,5.074194573276822e-06
1.809479999999976e-06,1.782508328287151,1.7825,-0.0002717933602928725,5.074194547249191e-06
1.811479999999975e-06,1.782508331985999,1.7825,-0.0002716982566320584,5.074194513862325e-06
1.813479999999975e-06,1.782508328985854,1.7825,-0.0002717930666609552,5.074194496068037e-06
1.815479999999975e-06,1.782508332570265,1.7825,-0.0002716985496422828,5.074194504571381e-06
1.817479999999975e-06,1.782508329530588,1.7825,-0.0002717927723904312,5.074194505863524e-06
1.819479999999975e-06,1.782508333002163,1.7825,-0.0002716988414091122,5.074194503731518e-06
1.821479999999975e-06,1.782508329838209,1.7825,-0.0002717924848015136,5.07419450362595e-06
1.823479999999975e-06,1.782508333181531,1.7825,-0.0002716991304014901,5.074194512509575e-06
1.825479999999975e-06,1.782508330075512,1.7825,-0.000271792196431638,5.074194502378664e-06
1.827479999999975e-06,1.782508333522427,1.7825,-0.0002716994171290401,5.074194498276572e-06
1.829479999999975e-06,1.782508330558549,1.7825,-0.0002717919090980043,5.074194528700116e-06
1.831479999999975e-06,1.782508334151226,1.7825,-0.0002716996994565012,5.074194553496581e-06
1.833479999999975e-06,1.782508331369668,1.7825,-0.0002717916252727825,5.074194548370099e-06
1.835479999999975e-06,1.782508335045508,1.7825,-0.0002716999844446132,5.074194552361591e-06
1.837479999999975e-06,1.782508332366554,1.7825,-0.0002717913422452786,5.074194559699338e-06
1.839479999999975e-06,1.782508336095862,1.7825,-0.0002717002642828511,5.074194551546621e-06
1.841479999999975e-06,1.782508333485712,1.7825,-0.0002717910646710916,5.074194568707595e-06
1.843479999999974e-06,1.782508337230722,1.7825,-0.0002717005450949532,5.074194552917808e-06
1.845479999999974e-06,1.782508334690613,1.7825,-0.0002717907838104713,5.074194508289985e-06
1.847479999999974e-06,1.782508338416787,1.7825,-0.0002717008210251917,5.074194488496311e-06
1.849479999999974e-06,1.782508335755713,1.7825,-0.0002717905037985559,5.074194509229678e-06
1.851479999999974e-06,1.782508339185326,1.7825,-0.0002717010978340201,5.074194519519848e-06
1.853479999999974e-06,1.782508336255142,1.7825,-0.0002717902279628273,5.074194496849168e-06
1.855479999999974e-06,1.782508339433236,1.7825,-0.0002717013693000746,5.074194507926094e-06
1.857479999999974e-06,1.782508336292286,1.7825,-0.000271789954901419,5.074194500933963e-06
1.859479999999974e-06,1.782508339264886,1.7825,-0.0002717016408298988,5.07419450549439e-06
1.861479999999974e-06,1.782508335969753,1.7825,-0.000271789682382949,5.074194524044289e-06
1.863479999999974e-06,1.782508338691549,1.7825,-0.0002717019090752077,5.074194544787161e-06
1.865479999999974e-06,1.782508335266203,1.7825,-0.0002717894099125065,5.07419457072206e-06
1.867479999999974e-06,1.782508337837582,1.7825,-0.0002717021771927332,5.074194580296239e-06
1.869479999999974e-06,1.782508334265667,1.7825,-0.0002717891427834424,5.074194586026195e-06
1.871479999999974e-06,1.782508336797029,1.7825,-0.000271702444097623,5.07419458015396e-06
1.873479999999974e-06,1.7825083332907,1.7825,-0.0002717888749683591,5.07419456348301e-06
1.875479999999973e-06,1.782508335866728,1.7825,-0.0002717027088510456,5.074194565672487e-06
1.877479999999973e-06,1.782508332507918,1.7825,-0.0002717886107420677,5.074194572025553e-06
1.879479999999973e-06,1.782508335191849,1.7825,-0.0002717029701257738,5.074194556472047e-06
1.881479999999973e-06,1.782508331949233,1.7825,-0.0002717883466926069,5.074194568212141e-06
1.883479999999973e-06,1.78250833465498,1.7825,-0.0002717032353889733,5.074194550473593e-06
1.885479999999973e-06,1.782508331476535,1.7825,-0.0002717880884609711,5.074194525827108e-06
1.887479999999973e-06,1.782508334261297,1.7825,-0.0002717034953893976,5.074194519528621e-06
1.889479999999973e-06,1.782508331198808,1.7825,-0.000271787829115105,5.074194511203461e-06
1.891479999999973e-06,1.782508334070193,1.7825,-0.0002717037591534938,5.074194520094932e-06
1.893479999999973e-06,1.782508331247426,1.7825,-0.0002717875713956685,5.07419451886479e-06
1.895479999999973e-06,1.782508334439775,1.7825,-0.0002717040159156601,5.074194483772553e-06
1.897479999999973e-06,1.782508331904443,1.7825,-0.0002717873202455721,5.074194481013579e-06
1.899479999999973e-06,1.782508335189687,1.7825,-0.0002717042711963011,5.074194499883043e-06
1.901479999999973e-06,1.782508332687718,1.7825,-0.0002717870628607815,5.074194487141369e-06
1.903479999999973e-06,1.782508335956247,1.7825,-0.0002717045257105866,5.074194497990059e-06
1.905479999999973e-06,1.78250833342729,1.7825,-0.0002717868120469569,5.074194514689076e-06
1.907479999999973e-06,1.782508336508381,1.7825,-0.0002717047780406385,5.074194505304477e-06
1.909479999999973e-06,1.782508333820859,1.7825,-0.0002717865564463149,5.074194520362878e-06
1.911479999999973e-06,1.782508336764945,1.7825,-0.0002717050275001801,5.07419450992298e-06
1.913479999999973e-06,1.782508333950135,1.7825,-0.0002717863066051503,5.074194502983982e-06
1.915479999999973e-06,1.782508336718509,1.7825,-0.0002717052734673706,5.074194523321792e-06
1.917479999999973e-06,1.782508333766965,1.7825,-0.0002717860576880641,5.074194545698511e-06
1.919479999999974e-06,1.782508336415136,1.7825,-0.0002717055189235819,5.074194545545391e-06
1.921479999999974e-06,1.782508333500335,1.7825,-0.0002717858114019143,5.074194560699853e-06
1.923479999999974e-06,1.782508336206029,1.7825,-0.0002717057672350768,5.074194573815471e-06
1.925479999999974e-06,1.782508333416775,1.7825,-0.0002717855659447145,5.074194529241384e-06
1.927479999999974e-06,1.782508336214567,1.7825,-0.0002717060098519843,5.074194534620689e-06
1.929479999999974e-06,1.782508333497142,1.7825,-0.0002717853238229144,5.074194576504792e-06
1.931479999999975e-06,1.782508336356135,1.7825,-0.0002717062513220946,5.074194576336001e-06
1.933479999999975e-06,1.782508333732082,1.7825,-0.0002717850829735035,5.074194559872811e-06
1.935479999999975e-06,1.782508336581903,1.7825,-0.0002717064906076719,5.074194565975323e-06
1.937479999999975e-06,1.782508333931189,1.7825,-0.0002717848429071549,5.074194578164075e-06
1.939479999999975e-06,1.782508336720333,1.7825,-0.0002717067301955181,5.074194580947657e-06
1.941479999999975e-06,1.782508334129084,1.7825,-0.0002717846076886973,5.074194551349999e-06
1.943479999999975e-06,1.782508336996159,1.7825,-0.0002717069701174541,5.074194530337409e-06
1.945479999999976e-06,1.782508334479747,1.7825,-0.0002717843708281455,5.074194538000358e-06
1.947479999999976e-06,1.782508337316272,1.7825,-0.0002717072066763329,5.074194556459762e-06
1.949479999999976e-06,1.782508334771043,1.7825,-0.000271784136119902,5.074194562068186e-06
1.951479999999976e-06,1.782508337585664,1.7825,-0.0002717074410500276,5.074194543266991e-06
1.953479999999976e-06,1.782508335101697,1.7825,-0.0002717839021441782,5.074194531040494e-06
1.955479999999976e-06,1.782508337933624,1.7825,-0.0002717076739234831,5.074194497793736e-06
1.957479999999976e-06,1.782508335478013,1.7825,-0.0002717836680418182,5.074194486656016e-06
1.959479999999977e-06,1.782508338240229,1.7825,-0.0002717079062089272,5.07419451448357e-06
1.961479999999977e-06,1.782508335647014,1.7825,-0.0002717834378640609,5.074194560917825e-06
1.963479999999977e-06,1.782508338189638,1.7825,-0.0002717081372973479,5.074194571725878e-06
1.965479999999977e-06,1.782508335432659,1.7825,-0.0002717832080821718,5.07419454660703e-06
1.967479999999977e-06,1.782508337891173,1.7825,-0.0002717083637765184,5.074194544007781e-06
1.969479999999977e-06,1.782508335171402,1.7825,-0.0002717829808375353,5.074194568897843e-06
1.971479999999978e-06,1.782508337655516,1.7825,-0.0002717085940678044,5.074194594653309e-06
1.973479999999978e-06,1.782508335027852,1.7825,-0.0002717827555065073,5.074194597492862e-06
1.975479999999978e-06,1.782508337615506,1.7825,-0.0002717088169112065,5.0741945942784e-06
1.977479999999978e-06,1.782508335162025,1.7825,-0.0002717825308761877,5.074194589272402e-06
1.979479999999978e-06,1.782508337858995,1.7825,-0.0002717090417476823,5.074194560326666e-06
1.981479999999978e-06,1.782508335475988,1.7825,-0.0002717823060544525,5.074194532444082e-06
1.983479999999978e-06,1.782508338182903,1.7825,-0.0002717092652935202,5.074194517441544e-06
1.985479999999979e-06,1.782508335797392,1.7825,-0.0002717820843117564,5.074194515883529e-06
1.987479999999979e-06,1.782508338395843,1.7825,-0.0002717094882324691,5.074194500171911e-06
1.989479999999979e-06,1.782508335923003,1.7825,-0.0002717818632227504,5.074194521493957e-06
1.991479999999979e-06,1.78250833843844,1.7825,-0.0002717097076804065,5.074194571845917e-06
1.993479999999979e-06,1.782508335902191,1.7825,-0.0002717816476033735,5.074194563014794e-06
1.995479999999979e-06,1.782508338330634,1.7825,-0.0002717099237930842,5.074194552097373e-06
1.997479999999979e-06,1.782508335743133,1.7825,-0.0002717814279328542,5.074194577972231e-06
1.99947999999998e-06,1.782508338061271,1.7825,-0.0002717101423167473,5.074194586613457e-06
2.00147999999998e-06,1.782508335501588,1.7825,-0.0002717812105272522,5.074194591849041e-06
2.00347999999998e-06,1.782508337915924,1.7825,-0.0002717103580789366,5.074194605402252e-06
2.00547999999998e-06,1.782508335511783,1.7825,-0.000271780995226465,5.074194585523897e-06
2.00747999999998e-06,1.782508338085523,1.7825,-0.0002717105723266501,5.074194582728392e-06
2.00947999999998e-06,1.782508335826086,1.7825,-0.000271780784661709,5.074194571118687e-06
2.011479999999981e-06,1.782508338479594,1.7825,-0.0002717107841351598,5.074194557362274e-06
2.013479999999981e-06,1.782508336311786,1.7825,-0.000271780569599992,5.074194574004014e-06
2.015479999999981e-06,1.782508338967708,1.7825,-0.0002717109985914346,5.074194578298495e-06
2.017479999999981e-06,1.782508336812911,1.7825,-0.000271780358174776,5.074194559288498e-06
2.019479999999981e-06,1.782508339434684,1.7825,-0.0002717112098725822,5.074194560991501e-06
2.021479999999981e-06,1.782508337253132,1.7825,-0.0002717801485030655,5.07419455897866e-06
2.023479999999981e-06,1.782508339806174,1.7825,-0.0002717114181096201,5.07419454723673e-06
2.025479999999982e-06,1.782508337494643,1.7825,-0.0002717799400588405,5.074194529070827e-06
2.027479999999982e-06,1.782508339842435,1.7825,-0.0002717116243200626,5.074194495034483e-06
2.029479999999982e-06,1.782508337380929,1.7825,-0.0002717797311684272,5.074194486532288e-06
2.031479999999982e-06,1.782508339518191,1.7825,-0.0002717118292717965,5.074194494220988e-06
2.033479999999982e-06,1.782508336879854,1.7825,-0.0002717795251980973,5.074194516347529e-06
2.035479999999982e-06,1.782508338825812,1.7825,-0.0002717120335692856,5.074194533398234e-06
2.037479999999982e-06,1.782508336026233,1.7825,-0.0002717793217776312,5.074194555995167e-06
2.039479999999983e-06,1.782508337840164,1.7825,-0.0002717122384561373,5.074194561480821e-06
2.041479999999983e-06,1.782508335015913,1.7825,-0.0002717791194098107,5.074194558146342e-06
2.043479999999983e-06,1.782508336857458,1.7825,-0.00027171243801678,5.074194569963379e-06
2.045479999999983e-06,1.782508334160551,1.7825,-0.0002717789165321931,5.074194567102757e-06
2.047479999999983e-06,1.782508336170961,1.7825,-0.0002717126414373392,5.074194557277302e-06
2.049479999999983e-06,1.782508333718505,1.7825,-0.0002717787151691301,5.074194572245963e-06
2.051479999999984e-06,1.782508335903437,1.7825,-0.0002717128401208977,5.074194542327878e-06
2.053479999999984e-06,1.78250833356893,1.7825,-0.0002717785181584365,5.07419449676187e-06
2.055479999999984e-06,1.78250833577917,1.7825,-0.0002717130381187221,5.074194486239677e-06
2.057479999999984e-06,1.78250833349074,1.7825,-0.0002717783210388103,5.074194504503996e-06
2.059479999999984e-06,1.782508335767923,1.7825,-0.0002717132386057417,5.074194518746323e-06
2.061479999999984e-06,1.782508333591126,1.7825,-0.0002717781250009351,5.074194507823432e-06
2.063479999999984e-06,1.782508335923639,1.7825,-0.0002717134344989329,5.074194523307493e-06
2.065479999999985e-06,1.782508333873991,1.7825,-0.0002717779299856416,5.074194539298921e-06
2.067479999999985e-06,1.782508336332535,1.7825,-0.0002717136267242606,5.074194549992802e-06
2.069479999999985e-06,1.782508334398245,1.7825,-0.0002717777360060683,5.074194551005194e-06
2.071479999999985e-06,1.782508336889586,1.7825,-0.0002717138227288836,5.074194556372494e-06
2.073479999999985e-06,1.78250833496562,1.7825,-0.0002717775437804256,5.07419456214015e-06
2.075479999999985e-06,1.78250833742058,1.7825,-0.0002717140148426166,5.074194545691322e-06
2.077479999999985e-06,1.782508335491041,1.7825,-0.0002717773497205964,5.074194523093294e-06
2.079479999999986e-06,1.782508337916518,1.7825,-0.0002717142034159006,5.074194518774705e-06
2.081479999999986e-06,1.782508335954899,1.7825,-0.0002717771596004357,5.074194504155589e-06
2.083479999999986e-06,1.782508338252652,1.7825,-0.0002717143938549278,5.07419449648725e-06
2.085479999999986e-06,1.782508336118403,1.7825,-0.0002717769721126777,5.074194524618877e-06
2.087479999999986e-06,1.782508338217908,1.7825,-0.0002717145836407776,5.074194556007079e-06
2.089479999999986e-06,1.782508335954602,1.7825,-0.0002717767836177761,5.074194534166478e-06
2.091479999999987e-06,1.782508337947913,1.7825,-0.0002717147702994751,5.074194489992044e-06
2.093479999999987e-06,1.782508335636938,1.7825,-0.0002717765956984567,5.074194511293925e-06
2.095479999999987e-06,1.782508337525685,1.7825,-0.000271714952878298,5.07419450798076e-06
2.097479999999987e-06,1.782508335162466,1.7825,-0.0002717764121159894,5.074194491241586e-06
2.099479999999987e-06,1.782508337042831,1.7825,-0.0002717151388998778,5.07419451066483e-06
2.101479999999987e-06,1.782508334712221,1.7825,-0.0002717762270518884,5.074194516956874e-06
2.103479999999987e-06,1.782508336620669,1.7825,-0.0002717153228321554,5.0741945054985e-06
2.105479999999988e-06,1.782508334374272,1.7825,-0.000271776043724889,5.074194522402065e-06
2.107479999999988e-06,1.782508336319612,1.7825,-0.0002717155068614271,5.074194551017688e-06
2.109479999999988e-06,1.782508334129392,1.7825,-0.000271775862646394,5.074194547150046e-06
2.111479999999988e-06,1.782508336107469,1.7825,-0.0002717156875733527,5.074194553162985e-06
2.113479999999988e-06,1.782508333922222,1.7825,-0.0002717756816308135,5.07419455911904e-06
2.115479999999988e-06,1.782508335871244,1.7825,-0.0002717158663710225,5.074194557624711e-06
2.117479999999988e-06,1.782508333743342,1.7825,-0.0002717755005047271,5.074194560051804e-06
2.119479999999989e-06,1.782508335760142,1.7825,-0.0002717160449935699,5.074194542534748e-06
2.121479999999989e-06,1.782508333732279,1.7825,-0.0002717753198252857,5.074194534343387e-06
2.123479999999989e-06,1.782508335724576,1.7825,-0.0002717162254176895,5.074194520416756e-06
2.125479999999989e-06,1.782508333577118,1.7825,-0.0002717751434034328,5.074194515108793e-06
2.127479999999989e-06,1.782508335392497,1.7825,-0.0002717164007873261,5.074194517287358e-06
2.129479999999989e-06,1.782508333156272,1.7825,-0.0002717749660883579,5.074194500626163e-06
2.13147999999999e-06,1.782508334952196,1.7825,-0.0002717165772735545,5.074194528889872e-06
2.13347999999999e-06,1.782508332712905,1.7825,-0.0002717747938606059,5.07419456008246e-06
2.13547999999999e-06,1.782508334494942,1.7825,-0.0002717167535038311,5.074194554701851e-06
2.13747999999999e-06,1.782508332310105,1.7825,-0.0002717746173753483,5.074194564623765e-06
2.13947999999999e-06,1.782508334094847,1.7825,-0.0002717169244399642,5.074194545977395e-06
2.14147999999999e-06,1.782508331894116,1.7825,-0.0002717744458003933,5.074194532457303e-06
2.14347999999999e-06,1.782508333626061,1.7825,-0.0002717170948656811,5.074194510323641e-06
2.145479999999991e-06,1.782508331453033,1.7825,-0.0002717742719942413,5.074194511880631e-06
2.147479999999991e-06,1.782508333203193,1.7825,-0.0002717172661207697,5.074194521756188e-06
2.149479999999991e-06,1.782508330994246,1.7825,-0.0002717741022543488,5.074194501585662e-06
2.151479999999991e-06,1.782508332636102,1.7825,-0.0002717174370082967,5.074194503299871e-06
2.153479999999991e-06,1.782508330443207,1.7825,-0.000271773935209762,5.074194496809093e-06
2.155479999999991e-06,1.782508332198838,1.7825,-0.0002717176077372848,5.07419452507399e-06
2.157479999999991e-06,1.782508330199816,1.7825,-0.0002717737673201313,5.074194563577012e-06
2.159479999999992e-06,1.782508332202356,1.7825,-0.0002717177766329097,5.0741945863794e-06
2.161479999999992e-06,1.782508330490104,1.7825,-0.0002717736022207844,5.074194594351792e-06
2.163479999999992e-06,1.782508332689752,1.7825,-0.0002717179452077946,5.074194598761345e-06
2.165479999999992e-06,1.782508331166993,1.7825,-0.0002717734330067617,5.074194606803694e-06
2.167479999999992e-06,1.782508333523394,1.7825,-0.0002717181122527718,5.074194597279135e-06
2.169479999999992e-06,1.782508332142494,1.7825,-0.0002717732702033751,5.074194577323011e-06
2.171479999999993e-06,1.782508334510297,1.7825,-0.0002717182761561133,5.07419457589314e-06
2.173479999999993e-06,1.782508333021843,1.7825,-0.0002717731046730361,5.074194561739746e-06
2.175479999999993e-06,1.782508335230855,1.7825,-0.0002717184388957711,5.074194554216412e-06
2.177479999999993e-06,1.782508333648135,1.7825,-0.0002717729407542005,5.07419458857713e-06
2.179479999999993e-06,1.782508335693664,1.7825,-0.0002717186021936256,5.07419458335094e-06
2.181479999999993e-06,1.782508333955782,1.7825,-0.0002717727799275951,5.074194555536846e-06
2.183479999999993e-06,1.782508335838803,1.7825,-0.0002717187645175385,5.074194543218409e-06
2.185479999999994e-06,1.782508333925361,1.7825,-0.0002717726189106598,5.07419453787426e-06
2.187479999999994e-06,1.782508335647826,1.7825,-0.0002717189222021738,5.0741945124703e-06
2.189479999999994e-06,1.782508333650545,1.7825,-0.0002717724561556883,5.074194531955347e-06
2.191479999999994e-06,1.782508335250559,1.7825,-0.0002717190829804844,5.07419457596192e-06
2.193479999999994e-06,1.782508333189761,1.7825,-0.0002717722959362056,5.074194557114354e-06
2.195479999999994e-06,1.782508334712735,1.7825,-0.000271719241971608,5.074194545482648e-06
2.197479999999995e-06,1.782508332645564,1.7825,-0.0002717721389699214,5.074194544979091e-06
2.199479999999995e-06,1.782508334298174,1.7825,-0.0002717194003419143,5.074194570421556e-06
2.201479999999995e-06,1.782508332411197,1.7825,-0.0002717719829134537,5.074194616132913e-06
2.203479999999995e-06,1.782508334170043,1.7825,-0.0002717195587114778,5.074194611818242e-06
2.205479999999995e-06,1.782508332479686,1.7825,-0.0002717718254030369,5.074194600785235e-06
2.207479999999995e-06,1.78250833445834,1.7825,-0.0002717197109730855,5.074194590040137e-06
2.209479999999995e-06,1.782508332933917,1.7825,-0.000271771669170102,5.074194568086967e-06
2.211479999999996e-06,1.78250833495498,1.7825,-0.0002717198649581474,5.074194570218834e-06
2.213479999999996e-06,1.782508333423785,1.7825,-0.0002717715160475741,5.074194579492302e-06
2.215479999999996e-06,1.782508335407468,1.7825,-0.0002717200201372326,5.074194551970493e-06
2.217479999999996e-06,1.782508333897562,1.7825,-0.0002717713631153854,5.074194539532835e-06
2.219479999999996e-06,1.782508335843569,1.7825,-0.0002717201713635534,5.074194534031587e-06
2.221479999999996e-06,1.782508334206884,1.7825,-0.0002717712093218864,5.074194517040183e-06
2.223479999999996e-06,1.782508336015973,1.7825,-0.0002717203246947829,5.074194526813409e-06
2.225479999999997e-06,1.782508334305238,1.7825,-0.0002717710592610478,5.074194515893667e-06
2.227479999999997e-06,1.782508336015107,1.7825,-0.0002717204745002833,5.07419449269011e-06
2.229479999999997e-06,1.782508334281395,1.7825,-0.0002717709103950818,5.07419451739869e-06
2.231479999999997e-06,1.782508335934508,1.7825,-0.0002717206259347873,5.074194567940915e-06
2.233479999999997e-06,1.782508334146729,1.7825,-0.0002717707610043066,5.07419457896466e-06
2.235479999999997e-06,1.78250833574046,1.7825,-0.0002717207762978237,5.074194578257668e-06
2.237479999999998e-06,1.782508333967675,1.7825,-0.0002717706092842394,5.074194575413559e-06
2.239479999999998e-06,1.782508335639555,1.7825,-0.0002717209219893397,5.074194561979973e-06
2.241479999999998e-06,1.78250833393188,1.7825,-0.000271770462300524,5.074194578906801e-06
2.243479999999998e-06,1.782508335630472,1.7825,-0.0002717210672043176,5.074194608306109e-06
2.245479999999998e-06,1.782508334025644,1.7825,-0.0002717703163529416,5.074194578611213e-06
2.247479999999998e-06,1.782508335826406,1.7825,-0.0002717212146644838,5.074194558849967e-06
2.249479999999998e-06,1.782508334361255,1.7825,-0.0002717701731811887,5.074194583055693e-06
2.251479999999999e-06,1.782508336264476,1.7825,-0.0002717213620633248,5.07419457194032e-06
2.253479999999999e-06,1.782508334863673,1.7825,-0.0002717700265794287,5.074194554437974e-06
2.255479999999999e-06,1.782508336729508,1.7825,-0.0002717215061928386,5.074194521559976e-06
2.257479999999999e-06,1.782508335230329,1.7825,-0.0002717698836782026,5.074194520251786e-06
2.259479999999999e-06,1.782508336941584,1.7825,-0.0002717216475628462,5.074194506642836e-06
2.261479999999999e-06,1.782508335307274,1.7825,-0.0002717697401238767,5.074194502592693e-06
2.263479999999999e-06,1.782508336828874,1.7825,-0.0002717217934145763,5.074194520070292e-06
2.26548e-06,1.782508335073358,1.7825,-0.0002717695980994731,5.074194504571616e-06
2.26748e-06,1.782508336529472,1.7825,-0.0002717219367303117,5.074194512173529e-06
2.26948e-06,1.782508334718078,1.7825,-0.0002717694584514782,5.074194502172508e-06
2.27148e-06,1.782508336180443,1.7825,-0.0002717220754371068,5.074194501263983e-06
2.27348e-06,1.782508334443038,1.7825,-0.0002717693169702546,5.074194525761456e-06
2.27548e-06,1.78250833588434,1.7825,-0.0002717222149902626,5.074194551757144e-06
2.277480000000001e-06,1.78250833414106,1.7825,-0.0002717691798900143,5.074194557485685e-06
2.279480000000001e-06,1.782508335575334,1.7825,-0.0002717223544145002,5.074194558404398e-06
2.281480000000001e-06,1.782508333875649,1.7825,-0.0002717690401944051,5.074194575441616e-06
2.283480000000001e-06,1.782508335390733,1.7825,-0.0002717224894698615,5.074194589256873e-06
2.285480000000001e-06,1.782508333796807,1.7825,-0.000271768901486269,5.074194599667116e-06
2.287480000000001e-06,1.782508335446513,1.7825,-0.0002717226273474455,5.074194583657027e-06
2.289480000000001e-06,1.782508334060082,1.7825,-0.0002717687615826935,5.074194565670939e-06
2.291480000000002e-06,1.782508335822125,1.7825,-0.0002717227613982715,5.074194572099834e-06
2.293480000000002e-06,1.782508334393313,1.7825,-0.0002717686253160509,5.07419457534688e-06
2.295480000000002e-06,1.782508335963372,1.7825,-0.0002717228980326027,5.074194562505832e-06
2.297480000000002e-06,1.782508334428686,1.7825,-0.0002717684880274232,5.074194563506555e-06
2.299480000000002e-06,1.782508335969857,1.7825,-0.0002717230305528351,5.074194561208842e-06
2.301480000000002e-06,1.78250833439538,1.7825,-0.0002717683550607866,5.074194553261341e-06
2.303480000000002e-06,1.782508335850834,1.7825,-0.00027172316527273,5.074194574094966e-06
2.305480000000003e-06,1.782508334236751,1.7825,-0.0002717682230210286,5.074194606252583e-06
2.307480000000003e-06,1.782508335622432,1.7825,-0.0002717233000561429,5.074194564345715e-06
2.309480000000003e-06,1.782508333962989,1.7825,-0.0002717680886820585,5.074194524291859e-06
2.311480000000003e-06,1.782508335309483,1.7825,-0.0002717234307104246,5.074194556348937e-06
2.313480000000003e-06,1.782508333597361,1.7825,-0.0002717679565466372,5.074194555050323e-06
2.315480000000003e-06,1.782508334898316,1.7825,-0.0002717235635006918,5.074194546944904e-06
2.317480000000004e-06,1.782508333226939,1.7825,-0.0002717678272957338,5.074194556286318e-06
2.319480000000004e-06,1.782508334513715,1.7825,-0.0002717236909339892,5.074194569030149e-06
2.321480000000004e-06,1.782508332846317,1.7825,-0.0002717676959237594,5.074194571943551e-06
2.323480000000004e-06,1.782508334169888,1.7825,-0.0002717238216353018,5.074194550368481e-06
2.325480000000004e-06,1.782508332512828,1.7825,-0.0002717675702925495,5.074194530957129e-06
2.327480000000004e-06,1.782508333814746,1.7825,-0.0002717239508382942,5.074194499101587e-06
2.329480000000004e-06,1.78250833218352,1.7825,-0.0002717674431944113,5.074194490538916e-06
2.331480000000005e-06,1.782508333446499,1.7825,-0.000271724080344485,5.074194508457938e-06
2.333480000000005e-06,1.782508331806243,1.7825,-0.0002717673141362971,5.074194520951264e-06
2.335480000000005e-06,1.782508333101618,1.7825,-0.0002717242096112711,5.074194511071527e-06
2.337480000000005e-06,1.78250833154955,1.7825,-0.0002717671871018427,5.074194504967573e-06
2.339480000000005e-06,1.782508332924217,1.7825,-0.0002717243343644034,5.074194505094623e-06
2.341480000000005e-06,1.782508331416002,1.7825,-0.0002717670611366764,5.074194493891727e-06
2.343480000000005e-06,1.7825083328,1.7825,-0.0002717244593089038,5.074194513166923e-06
2.345480000000006e-06,1.782508331351889,1.7825,-0.0002717669369266722,5.07419451412388e-06
2.347480000000006e-06,1.782508332755215,1.7825,-0.0002717245862301055,5.074194489518376e-06
2.349480000000006e-06,1.782508331272347,1.7825,-0.0002717668150739111,5.074194487231721e-06
2.351480000000006e-06,1.782508332641782,1.7825,-0.0002717247082899237,5.074194516810172e-06
2.353480000000006e-06,1.78250833121772,1.7825,-0.0002717666905450813,5.074194554938233e-06
2.355480000000006e-06,1.782508332616813,1.7825,-0.0002717248315615569,5.074194586665268e-06
2.357480000000007e-06,1.782508331266327,1.7825,-0.0002717665640528497,5.074194591400795e-06
2.359480000000007e-06,1.782508332779799,1.7825,-0.0002717249544157722,5.074194595814413e-06
2.361480000000007e-06,1.782508331607311,1.7825,-0.0002717664390437681,5.074194612103737e-06
2.363480000000007e-06,1.782508333287586,1.7825,-0.0002717250758041154,5.074194576674512e-06
2.365480000000007e-06,1.782508332250334,1.7825,-0.0002717663202540081,5.07419457640527e-06
2.367480000000007e-06,1.78250833402956,1.7825,-0.0002717251969538813,5.074194580080418e-06
2.369480000000007e-06,1.782508333027914,1.7825,-0.0002717662001258305,5.074194551019654e-06
2.371480000000008e-06,1.782508334764703,1.7825,-0.0002717253177838862,5.07419454265328e-06
2.373480000000008e-06,1.782508333729014,1.7825,-0.0002717660832340786,5.074194531800966e-06
2.375480000000008e-06,1.782508335398874,1.7825,-0.0002717254361588449,5.074194506723427e-06
2.377480000000008e-06,1.782508334327374,1.7825,-0.0002717659623867177,5.074194512254355e-06
2.379480000000008e-06,1.782508335862999,1.7825,-0.0002717255560013047,5.074194498752004e-06
2.381480000000008e-06,1.782508334593887,1.7825,-0.0002717658437420349,5.074194504865376e-06
2.383480000000008e-06,1.782508335939567,1.7825,-0.0002717256742795572,5.074194515182304e-06
2.385480000000009e-06,1.782508334513378,1.7825,-0.0002717657277120354,5.07419449993643e-06
2.387480000000009e-06,1.782508335708053,1.7825,-0.0002717257923195607,5.074194535061533e-06
2.389480000000009e-06,1.782508334196417,1.7825,-0.0002717656092092033,5.07419455248228e-06
2.391480000000009e-06,1.782508335332206,1.7825,-0.000271725906038521,5.074194550355703e-06
2.393480000000009e-06,1.782508333802354,1.7825,-0.0002717654944382675,5.074194573795791e-06
2.395480000000009e-06,1.782508334910677,1.7825,-0.0002717260238716221,5.074194594000765e-06
2.39748000000001e-06,1.782508333489701,1.7825,-0.0002717653775308225,5.074194581789412e-06
2.39948000000001e-06,1.782508334819622,1.7825,-0.0002717261396447914,5.074194572168941e-06
2.40148000000001e-06,1.782508333555548,1.7825,-0.0002717652643548364,5.074194558879598e-06
2.40348000000001e-06,1.782508334965132,1.7825,-0.0002717262519127961,5.074194568054114e-06
2.40548000000001e-06,1.782508333807217,1.7825,-0.0002717651509242109,5.074194562592491e-06
2.40748000000001e-06,1.782508335214906,1.7825,-0.000271726369011863,5.074194543815462e-06
2.40948000000001e-06,1.782508334051238,1.7825,-0.0002717650376197919,5.074194546595216e-06
2.411480000000011e-06,1.78250833551438,1.7825,-0.000271726480672681,5.074194551512144e-06
2.413480000000011e-06,1.782508334455262,1.7825,-0.0002717649238702229,5.074194569240008e-06
2.415480000000011e-06,1.782508335911136,1.7825,-0.0002717265958102901,5.074194537728362e-06
2.417480000000011e-06,1.78250833476742,1.7825,-0.0002717648105500433,5.074194519098303e-06
2.419480000000011e-06,1.78250833611761,1.7825,-0.0002717267029425767,5.074194533715142e-06
2.421480000000011e-06,1.78250833484192,1.7825,-0.0002717647005798835,5.07419455995661e-06
2.423480000000011e-06,1.782508336027073,1.7825,-0.0002717268147152048,5.074194550343921e-06
2.425480000000012e-06,1.782508334634451,1.7825,-0.0002717645906089684,5.074194541121304e-06
2.427480000000012e-06,1.782508335731878,1.7825,-0.000271726926312148,5.074194538734481e-06
2.429480000000012e-06,1.782508334357181,1.7825,-0.0002717644821057473,5.0741945056743e-06
2.431480000000012e-06,1.782508335535742,1.7825,-0.0002717270367610334,5.074194520696043e-06
2.433480000000012e-06,1.782508334251409,1.7825,-0.0002717643712427896,5.074194512185877e-06
2.435480000000012e-06,1.782508335432795,1.7825,-0.0002717271440843022,5.074194501417535e-06
2.437480000000013e-06,1.782508334189234,1.7825,-0.0002717642628503153,5.074194537009832e-06
2.439480000000013e-06,1.782508335494497,1.7825,-0.000271727253928585,5.07419455552832e-06
2.441480000000013e-06,1.78250833442569,1.7825,-0.0002717641564195842,5.074194541072787e-06
2.443480000000013e-06,1.782508335873735,1.7825,-0.0002717273610280819,5.074194526657458e-06
2.445480000000013e-06,1.782508334915608,1.7825,-0.0002717640501644756,5.074194512230174e-06
2.447480000000013e-06,1.782508336424344,1.7825,-0.0002717274654493472,5.074194510002705e-06
2.449480000000013e-06,1.782508335492857,1.7825,-0.0002717639398427104,5.074194509662634e-06
2.451480000000014e-06,1.782508336872923,1.7825,-0.0002717275724701193,5.074194507626167e-06
2.453480000000014e-06,1.782508335760659,1.7825,-0.0002717638326470064,5.074194515442963e-06
2.455480000000014e-06,1.782508336998242,1.7825,-0.0002717276735574685,5.074194506237687e-06
2.457480000000014e-06,1.782508335713169,1.7825,-0.0002717637286574498,5.074194520002921e-06
2.459480000000014e-06,1.782508336726766,1.7825,-0.0002717277812154833,5.074194530581513e-06
2.461480000000014e-06,1.782508335365297,1.7825,-0.0002717636223869162,5.074194554910744e-06
2.463480000000014e-06,1.782508336382218,1.7825,-0.0002717278857802561,5.07419456392344e-06
2.465480000000015e-06,1.7825083350592,1.7825,-0.0002717635183165342,5.074194547188441e-06
2.467480000000015e-06,1.782508336130204,1.7825,-0.0002717279904399231,5.074194531480622e-06
2.469480000000015e-06,1.782508334916332,1.7825,-0.0002717634165264749,5.074194511914833e-06
2.471480000000015e-06,1.78250833606838,1.7825,-0.0002717280914002836,5.074194516474826e-06
2.473480000000015e-06,1.782508334852906,1.7825,-0.0002717633101759571,5.074194504781943e-06
2.475480000000015e-06,1.782508335914037,1.7825,-0.0002717281939398872,5.074194510500092e-06
2.477480000000016e-06,1.782508334635342,1.7825,-0.0002717632101725916,5.07419451417738e-06
2.479480000000016e-06,1.782508335602732,1.7825,-0.0002717282922366988,5.074194478896971e-06
2.481480000000016e-06,1.782508334160099,1.7825,-0.0002717631104079872,5.07419448473548e-06
2.483480000000016e-06,1.782508334982054,1.7825,-0.0002717283957974293,5.074194529584733e-06
2.485480000000016e-06,1.782508333546857,1.7825,-0.0002717630099740255,5.074194531193777e-06
2.487480000000016e-06,1.78250833438505,1.7825,-0.0002717284970287335,5.074194509734191e-06
2.489480000000016e-06,1.782508332902753,1.7825,-0.0002717629122502779,5.074194527958894e-06
2.491480000000017e-06,1.782508333710749,1.7825,-0.0002717285932061519,5.074194559099412e-06
2.493480000000017e-06,1.782508332321193,1.7825,-0.0002717628095676465,5.074194576463809e-06
2.495480000000017e-06,1.782508333223695,1.7825,-0.0002717286934327649,5.074194592955427e-06
2.497480000000017e-06,1.782508331918726,1.7825,-0.0002717627125301681,5.074194593494702e-06
2.499480000000017e-06,1.782508333010846,1.7825,-0.0002717287902625876,5.074194595151398e-06
2.501480000000017e-06,1.782508332036551,1.7825,-0.0002717626149031953,5.07419461129474e-06
2.503480000000017e-06,1.782508333426179,1.7825,-0.0002717288899304093,5.074194592811964e-06
2.505480000000018e-06,1.782508332730327,1.7825,-0.0002717625162223776,5.07419455485271e-06
2.507480000000018e-06,1.782508334285404,1.7825,-0.0002717289889770206,5.074194518376904e-06
2.509480000000018e-06,1.782508333655141,1.7825,-0.0002717624207309621,5.074194515215259e-06
2.511480000000018e-06,1.782508335174525,1.7825,-0.0002717290873081583,5.074194514794004e-06
2.513480000000018e-06,1.782508334344317,1.7825,-0.0002717623248256589,5.07419448726267e-06
2.515480000000018e-06,1.782508335518358,1.7825,-0.0002717291815057969,5.074194473300239e-06
2.517480000000019e-06,1.782508334401128,1.7825,-0.0002717622293352784,5.074194474992399e-06
2.519480000000019e-06,1.782508335380978,1.7825,-0.0002717292789113103,5.074194491890784e-06
2.521480000000019e-06,1.782508334150269,1.7825,-0.0002717621306719162,5.074194500551737e-06
2.523480000000019e-06,1.782508334988308,1.7825,-0.0002717293739070786,5.074194508011546e-06
2.525480000000019e-06,1.782508333636432,1.7825,-0.0002717620395662513,5.074194515995469e-06
2.527480000000019e-06,1.782508334472578,1.7825,-0.0002717294640079533,5.074194513197504e-06
2.529480000000019e-06,1.782508333187406,1.7825,-0.0002717619420655312,5.074194506653546e-06
2.53148000000002e-06,1.782508334025618,1.7825,-0.0002717295602169949,5.074194517324076e-06
2.53348000000002e-06,1.782508332762144,1.7825,-0.0002717618500827338,5.074194529835426e-06
2.53548000000002e-06,1.782508333635284,1.7825,-0.000271729652869431,5.074194554628672e-06
2.53748000000002e-06,1.782508332441872,1.7825,-0.0002717617550229228,5.074194561758447e-06
2.53948000000002e-06,1.782508333354689,1.7825,-0.0002717297476576969,5.074194542249144e-06
2.54148000000002e-06,1.782508332181931,1.7825,-0.0002717616625301065,5.074194535499668e-06
2.54348000000002e-06,1.782508333124337,1.7825,-0.0002717298359886238,5.07419451812619e-06
2.545480000000021e-06,1.782508332024546,1.7825,-0.0002717615716631446,5.074194518445572e-06
2.547480000000021e-06,1.782508333037785,1.7825,-0.0002717299277314866,5.074194498436351e-06
2.549480000000021e-06,1.782508331971353,1.7825,-0.0002717614802237919,5.074194488433548e-06
2.551480000000021e-06,1.78250833290965,1.7825,-0.0002717300184540857,5.074194503194203e-06
2.553480000000021e-06,1.782508331756595,1.7825,-0.0002717613911129013,5.074194480949431e-06
2.555480000000021e-06,1.782508332626093,1.7825,-0.0002717301082825016,5.074194475781511e-06
2.557480000000022e-06,1.782508331420731,1.7825,-0.0002717613005659508,5.074194504195998e-06
2.559480000000022e-06,1.782508332274696,1.7825,-0.0002717301990699346,5.074194497913928e-06
2.561480000000022e-06,1.782508331193427,1.7825,-0.0002717612096030481,5.074194505322708e-06
2.563480000000022e-06,1.782508332164968,1.7825,-0.0002717302885012935,5.074194519168314e-06
2.565480000000022e-06,1.782508331137575,1.7825,-0.0002717611196302118,5.074194507329132e-06
2.567480000000022e-06,1.782508332158904,1.7825,-0.0002717303781544915,5.074194522429479e-06
2.569480000000022e-06,1.782508331212113,1.7825,-0.0002717610331345665,5.074194521335613e-06
2.571480000000023e-06,1.782508332326053,1.7825,-0.0002717304675215722,5.074194488780944e-06
2.573480000000023e-06,1.782508331540724,1.7825,-0.0002717609466522008,5.074194480084952e-06
2.575480000000023e-06,1.782508332791161,1.7825,-0.0002717305543531451,5.07419449262736e-06
2.577480000000023e-06,1.782508332151408,1.7825,-0.0002717608609382812,5.074194491569433e-06
2.579480000000023e-06,1.782508333527506,1.7825,-0.0002717306451397678,5.074194517635202e-06
2.581480000000023e-06,1.782508332875064,1.7825,-0.0002717607746976363,5.07419457156107e-06
2.583480000000024e-06,1.782508334136523,1.7825,-0.0002717307296276252,5.074194563501664e-06
2.585480000000024e-06,1.782508333441364,1.7825,-0.0002717606867956822,5.074194549148693e-06
2.587480000000024e-06,1.782508334676034,1.7825,-0.0002717308136194703,5.074194537428653e-06
2.589480000000024e-06,1.782508333959246,1.7825,-0.0002717605970783011,5.074194515218586e-06
2.591480000000024e-06,1.782508335082309,1.7825,-0.0002717308959056955,5.074194527312668e-06
2.593480000000024e-06,1.782508334125279,1.7825,-0.000271760512130055,5.074194548740795e-06
2.595480000000024e-06,1.782508334900894,1.7825,-0.0002717309806642974,5.074194554630239e-06
2.597480000000025e-06,1.782508333664147,1.7825,-0.0002717604266689045,5.074194547819831e-06
2.599480000000025e-06,1.782508334360381,1.7825,-0.0002717310645146879,5.074194570391564e-06
2.601480000000025e-06,1.782508333224915,1.7825,-0.0002717603455629333,5.074194609804384e-06
2.603480000000025e-06,1.782508334049456,1.7825,-0.0002717311517606324,5.074194609997071e-06
2.605480000000025e-06,1.782508333049862,1.7825,-0.0002717602624141406,5.074194583950003e-06
2.607480000000025e-06,1.782508334026726,1.7825,-0.0002717312348757553,5.074194576404674e-06
2.609480000000025e-06,1.782508333293131,1.7825,-0.000271760176826668,5.074194571145009e-06
2.611480000000026e-06,1.782508334528232,1.7825,-0.0002717313206078786,5.074194575497304e-06
2.613480000000026e-06,1.782508333965016,1.7825,-0.0002717600967086683,5.074194564444148e-06
2.615480000000026e-06,1.782508335274508,1.7825,-0.0002717314033564782,5.074194557578992e-06
2.617480000000026e-06,1.78250833473008,1.7825,-0.0002717600153793851,5.074194575396673e-06
2.619480000000026e-06,1.782508336061574,1.7825,-0.0002717314841450696,5.074194596127507e-06
2.621480000000026e-06,1.782508335545797,1.7825,-0.000271759935421045,5.074194597822165e-06
2.623480000000027e-06,1.782508336866913,1.7825,-0.0002717315656649558,5.074194596511542e-06
2.625480000000027e-06,1.782508336295631,1.7825,-0.0002717598535169887,5.074194617189695e-06
2.627480000000027e-06,1.782508337463969,1.7825,-0.0002717316455279422,5.074194577283591e-06
2.629480000000027e-06,1.782508336734014,1.7825,-0.0002717597713728928,5.074194530898716e-06
2.631480000000027e-06,1.782508337745319,1.7825,-0.0002717317239232128,5.074194551038773e-06
2.633480000000027e-06,1.782508336906208,1.7825,-0.0002717596898527004,5.074194568393811e-06
2.635480000000027e-06,1.782508337721624,1.7825,-0.0002717318071829416,5.074194543341322e-06
2.637480000000028e-06,1.782508336632666,1.7825,-0.0002717596097342879,5.074194509828293e-06
2.639480000000028e-06,1.782508337262475,1.7825,-0.0002717318851791031,5.074194508767904e-06
2.641480000000028e-06,1.782508336006524,1.7825,-0.0002717595298243841,5.074194511241568e-06
2.643480000000028e-06,1.782508336465065,1.7825,-0.0002717319634630703,5.074194492421711e-06
2.645480000000028e-06,1.782508335098688,1.7825,-0.0002717594520198069,5.074194501487172e-06
2.647480000000028e-06,1.782508335477181,1.7825,-0.00027173204232133,5.074194504933702e-06
2.649480000000028e-06,1.782508334162739,1.7825,-0.0002717593751067675,5.07419450204217e-06
2.651480000000029e-06,1.78250833456411,1.7825,-0.000271732122040541,5.074194516850829e-06
2.653480000000029e-06,1.782508333195025,1.7825,-0.0002717592973813413,5.074194514939175e-06
2.655480000000029e-06,1.782508333722104,1.7825,-0.0002717321964490056,5.074194502455745e-06
2.657480000000029e-06,1.782508332648726,1.7825,-0.0002717592202771619,5.074194533024742e-06
2.659480000000029e-06,1.782508333403617,1.7825,-0.0002717322735380005,5.07419456576484e-06
2.661480000000029e-06,1.782508332553093,1.7825,-0.0002717591444017982,5.074194578610139e-06
2.66348000000003e-06,1.782508333511842,1.7825,-0.0002717323511679707,5.074194577360262e-06
2.66548000000003e-06,1.782508332836829,1.7825,-0.0002717590664515393,5.074194558913897e-06
2.66748000000003e-06,1.782508333985295,1.7825,-0.000271732425608589,5.074194566640516e-06
2.66948000000003e-06,1.78250833351953,1.7825,-0.000271758988757755,5.074194554125383e-06
2.67148000000003e-06,1.782508334764494,1.7825,-0.0002717325009897812,5.074194555361667e-06
2.67348000000003e-06,1.78250833432736,1.7825,-0.0002717589151786719,5.074194576755245e-06
2.67548000000003e-06,1.782508335618433,1.7825,-0.0002717325764821919,5.074194573017037e-06
2.677480000000031e-06,1.782508335232574,1.7825,-0.0002717588414558603,5.074194576069953e-06
2.679480000000031e-06,1.782508336471497,1.7825,-0.0002717326518323397,5.074194565394668e-06
2.681480000000031e-06,1.782508336021804,1.7825,-0.0002717587648461621,5.074194567193123e-06
2.683480000000031e-06,1.782508337181309,1.7825,-0.0002717327276443586,5.074194566802136e-06
2.685480000000031e-06,1.782508336620719,1.7825,-0.0002717586932447157,5.074194564893823e-06
2.687480000000031e-06,1.782508337678449,1.7825,-0.0002717328027706465,5.074194567932969e-06
2.689480000000031e-06,1.78250833702071,1.7825,-0.0002717586215940539,5.074194565338591e-06
2.691480000000032e-06,1.782508337954527,1.7825,-0.0002717328763818956,5.074194566221084e-06
2.693480000000032e-06,1.782508337239984,1.7825,-0.0002717585478554736,5.074194561141086e-06
2.695480000000032e-06,1.782508338117129,1.7825,-0.0002717329501207954,5.07419455627469e-06
2.697480000000032e-06,1.782508337342022,1.7825,-0.0002717584746586103,5.074194570797647e-06
2.699480000000032e-06,1.782508338207295,1.7825,-0.0002717330187732668,5.074194565261395e-06
2.701480000000032e-06,1.782508337436437,1.7825,-0.0002717584029284408,5.074194552522303e-06
2.703480000000033e-06,1.782508338233996,1.7825,-0.0002717330902317723,5.074194578948192e-06
2.705480000000033e-06,1.782508337402556,1.7825,-0.0002717583301795122,5.074194599552869e-06
2.707480000000033e-06,1.782508338099593,1.7825,-0.0002717331609081645,5.074194571130368e-06
2.709480000000033e-06,1.782508337141082,1.7825,-0.0002717582585440044,5.074194567830028e-06
2.711480000000033e-06,1.782508337747776,1.7825,-0.0002717332308053288,5.074194578532179e-06
2.713480000000033e-06,1.782508336709257,1.7825,-0.0002717581863039081,5.07419453922385e-06
2.715480000000033e-06,1.782508337276834,1.7825,-0.0002717333041288201,5.07419453422337e-06
2.717480000000034e-06,1.782508336294806,1.7825,-0.0002717581196774227,5.074194528207213e-06
2.719480000000034e-06,1.782508336864867,1.7825,-0.0002717333718400167,5.074194517270394e-06
2.721480000000034e-06,1.782508335847243,1.7825,-0.0002717580469275444,5.074194528249445e-06
2.723480000000034e-06,1.782508336404345,1.7825,-0.0002717334440166076,5.074194544202946e-06
2.725480000000034e-06,1.78250833546613,1.7825,-0.0002717579766648028,5.074194554313692e-06
2.727480000000034e-06,1.782508336091092,1.7825,-0.0002717335114246986,5.074194550080329e-06
2.729480000000034e-06,1.782508335131394,1.7825,-0.0002717579069126083,5.074194568124552e-06
2.731480000000035e-06,1.782508335714463,1.7825,-0.0002717335794226635,5.074194551471469e-06
2.733480000000035e-06,1.782508334797591,1.7825,-0.0002717578370320182,5.074194512475876e-06
2.735480000000035e-06,1.78250833546716,1.7825,-0.0002717336492381983,5.07419451654285e-06
2.737480000000035e-06,1.78250833465537,1.7825,-0.0002717577693222355,5.074194497644428e-06
2.739480000000035e-06,1.782508335332373,1.7825,-0.0002717337196762549,5.074194497931933e-06
2.741480000000035e-06,1.782508334551478,1.7825,-0.0002717577015628861,5.074194521691907e-06
2.743480000000036e-06,1.782508335374005,1.7825,-0.0002717337857139983,5.07419454860019e-06
2.745480000000036e-06,1.782508334784847,1.7825,-0.0002717576341224628,5.074194555144967e-06
2.747480000000036e-06,1.78250833576654,1.7825,-0.0002717338538869648,5.074194537132625e-06
2.749480000000036e-06,1.782508335232157,1.7825,-0.0002717575668416975,5.074194526166512e-06
2.751480000000036e-06,1.782508336184871,1.7825,-0.0002717339206244791,5.074194498255892e-06
2.753480000000036e-06,1.782508335609748,1.7825,-0.0002717575012205663,5.074194507472943e-06
2.755480000000036e-06,1.782508336446083,1.7825,-0.0002717339838229708,5.074194505821217e-06
2.757480000000037e-06,1.782508335734616,1.7825,-0.0002717574320421554,5.074194497990048e-06
2.759480000000037e-06,1.782508336395331,1.7825,-0.0002717340508483027,5.074194534170935e-06
2.761480000000037e-06,1.782508335491915,1.7825,-0.0002717573659582417,5.074194551748642e-06
2.763480000000037e-06,1.782508335997802,1.7825,-0.0002717341148278811,5.074194554769136e-06
2.765480000000037e-06,1.782508335056753,1.7825,-0.0002717573005115492,5.074194571448336e-06
2.767480000000037e-06,1.782508335565527,1.7825,-0.000271734181789001,5.074194558084649e-06
2.769480000000037e-06,1.782508334654768,1.7825,-0.0002717572355277813,5.074194574424767e-06
2.771480000000038e-06,1.782508335259289,1.7825,-0.0002717342489585044,5.074194593999854e-06
2.773480000000038e-06,1.782508334527356,1.7825,-0.000271757172870744,5.074194566849845e-06
2.775480000000038e-06,1.782508335357234,1.7825,-0.0002717343130329423,5.074194577401154e-06
2.777480000000038e-06,1.782508334931275,1.7825,-0.0002717571085411344,5.074194575190391e-06
2.779480000000038e-06,1.782508336017856,1.7825,-0.0002717343782399653,5.074194553312054e-06
2.781480000000038e-06,1.782508335662912,1.7825,-0.0002717570473045199,5.074194540702823e-06
2.783480000000039e-06,1.782508336665609,1.7825,-0.000271734442203933,5.074194526603269e-06
2.785480000000039e-06,1.782508336202466,1.7825,-0.0002717569856528112,5.074194509838075e-06
2.787480000000039e-06,1.782508337104221,1.7825,-0.0002717345085909718,5.074194512469282e-06
2.789480000000039e-06,1.782508336528972,1.7825,-0.0002717569211959208,5.074194514481006e-06
2.791480000000039e-06,1.782508337316369,1.7825,-0.0002717345701945898,5.074194491632295e-06
2.793480000000039e-06,1.782508336663201,1.7825,-0.0002717568576622448,5.074194523553165e-06
2.795480000000039e-06,1.782508337351686,1.7825,-0.0002717346323415957,5.074194555698028e-06
2.79748000000004e-06,1.782508336583504,1.7825,-0.0002717567965854601,5.074194547977115e-06
2.79948000000004e-06,1.782508337096438,1.7825,-0.0002717346946455248,5.074194559966395e-06
2.80148000000004e-06,1.782508336288353,1.7825,-0.0002717567331329178,5.074194578433203e-06
2.80348000000004e-06,1.782508336873301,1.7825,-0.0002717347534738899,5.074194589843238e-06
2.80548000000004e-06,1.782508336062119,1.7825,-0.0002717566709398444,5.074194604091862e-06
2.80748000000004e-06,1.782508336675596,1.7825,-0.0002717348131791224,5.074194593809899e-06
2.80948000000004e-06,1.782508335955807,1.7825,-0.0002717566075817297,5.074194553527532e-06
2.811480000000041e-06,1.782508336554405,1.7825,-0.000271734875068333,5.074194519755413e-06
2.813480000000041e-06,1.782508335816397,1.7825,-0.0002717565458029499,5.074194527582788e-06
2.815480000000041e-06,1.782508336446521,1.7825,-0.0002717349353014267,5.074194516396533e-06
2.817480000000041e-06,1.782508335680276,1.7825,-0.0002717564880264316,5.074194505754474e-06
2.819480000000041e-06,1.782508336190837,1.7825,-0.0002717349942896144,5.07419451981634e-06
2.821480000000041e-06,1.782508335300453,1.7825,-0.0002717564276994785,5.074194520236135e-06
2.823480000000042e-06,1.782508335615318,1.7825,-0.0002717350571053448,5.074194491890833e-06
2.825480000000042e-06,1.782508334554009,1.7825,-0.0002717563646119709,5.074194473481239e-06
2.827480000000042e-06,1.78250833479294,1.7825,-0.0002717351147370213,5.074194481255941e-06
2.829480000000042e-06,1.782508333729337,1.7825,-0.0002717563076347122,5.074194498853688e-06
2.831480000000042e-06,1.782508333982463,1.7825,-0.000271735175049417,5.074194502448899e-06
2.833480000000042e-06,1.782508332939995,1.7825,-0.0002717562478961733,5.074194492934296e-06
2.835480000000042e-06,1.78250833326671,1.7825,-0.0002717352324270214,5.074194540243118e-06
2.837480000000043e-06,1.782508332335008,1.7825,-0.0002717561905837052,5.074194563386815e-06
2.839480000000043e-06,1.782508332705889,1.7825,-0.0002717352913985,5.07419452486568e-06
2.841480000000043e-06,1.782508331875517,1.7825,-0.0002717561306214385,5.074194532812145e-06
2.843480000000043e-06,1.782508332431649,1.7825,-0.0002717353500524563,5.074194562791482e-06
2.845480000000043e-06,1.782508331831741,1.7825,-0.0002717560734681923,5.074194579284938e-06
2.847480000000043e-06,1.782508332602984,1.7825,-0.000271735408562224,5.074194608656903e-06
2.849480000000043e-06,1.782508332163379,1.7825,-0.0002717560157403911,5.074194576106913e-06
2.851480000000044e-06,1.782508333127018,1.7825,-0.0002717354649654909,5.074194568845435e-06
2.853480000000044e-06,1.782508332937184,1.7825,-0.0002717559584422094,5.07419458742058e-06
2.855480000000044e-06,1.782508334059637,1.7825,-0.0002717355258203585,5.074194578552843e-06
2.857480000000044e-06,1.782508334000768,1.7825,-0.0002717559003620725,5.074194582423474e-06
2.859480000000044e-06,1.782508335239809,1.7825,-0.0002717355808531143,5.074194548200165e-06
2.861480000000044e-06,1.782508335184922,1.7825,-0.0002717558461738385,5.074194510024064e-06
2.863480000000045e-06,1.782508336249704,1.7825,-0.0002717356355032572,5.074194512642273e-06
2.865480000000045e-06,1.782508335943974,1.7825,-0.0002717557886065739,5.07419451043506e-06
2.867480000000045e-06,1.782508336717896,1.7825,-0.0002717356933108858,5.074194501974886e-06
2.869480000000045e-06,1.782508336003747,1.7825,-0.0002717557332707002,5.074194532506933e-06
2.871480000000045e-06,1.78250833624217,1.7825,-0.0002717357489029143,5.074194548051461e-06
2.873480000000045e-06,1.782508335120485,1.7825,-0.0002717556778868529,5.074194554926348e-06
2.875480000000045e-06,1.782508335160665,1.7825,-0.0002717358031699404,5.074194556970218e-06
2.877480000000046e-06,1.782508334026214,1.7825,-0.0002717556225342155,5.074194548283671e-06
2.879480000000046e-06,1.782508334228853,1.7825,-0.0002717358569119944,5.074194571281077e-06
2.881480000000046e-06,1.782508333311486,1.7825,-0.0002717555671827048,5.074194596408511e-06
2.883480000000046e-06,1.782508333582436,1.7825,-0.0002717359108452021,5.074194581877356e-06
2.885480000000046e-06,1.782508332666173,1.7825,-0.0002717555109676935,5.074194564339607e-06
2.887480000000046e-06,1.782508332995024,1.7825,-0.0002717359652084605,5.074194582107935e-06
2.889480000000046e-06,1.782508332172659,1.7825,-0.0002717554569408715,5.07419460242626e-06
2.891480000000047e-06,1.782508332582582,1.7825,-0.0002717360201608406,5.074194572524001e-06
2.893480000000047e-06,1.782508331881338,1.7825,-0.0002717554037090511,5.074194571491827e-06
2.895480000000047e-06,1.782508332481967,1.7825,-0.000271736074015171,5.074194578166334e-06
2.897480000000047e-06,1.782508331997418,1.7825,-0.0002717553519923134,5.074194553841413e-06
2.899480000000047e-06,1.782508332711617,1.7825,-0.0002717361287764358,5.074194526531889e-06
2.901480000000047e-06,1.782508332258872,1.7825,-0.0002717552966719168,5.074194516772316e-06
2.903480000000048e-06,1.782508333010141,1.7825,-0.000271736180476999,5.074194523270039e-06
2.905480000000048e-06,1.782508332631279,1.7825,-0.0002717552466474606,5.074194500646186e-06
2.907480000000048e-06,1.782508333389574,1.7825,-0.0002717362363067495,5.074194499563245e-06
2.909480000000048e-06,1.78250833297446,1.7825,-0.0002717551944204908,5.074194511374613e-06
2.911480000000048e-06,1.782508333651959,1.7825,-0.0002717362895064866,5.074194504994342e-06
2.913480000000048e-06,1.782508333154053,1.7825,-0.000271755140790257,5.074194502109905e-06
2.915480000000048e-06,1.782508333754573,1.7825,-0.0002717363397882853,5.074194514528044e-06
2.917480000000049e-06,1.782508333161602,1.7825,-0.0002717550891540033,5.074194520137099e-06
2.919480000000049e-06,1.782508333708611,1.7825,-0.0002717363927164337,5.07419451028611e-06
2.921480000000049e-06,1.782508333145453,1.7825,-0.0002717550393030222,5.07419451791421e-06
2.923480000000049e-06,1.782508333725447,1.7825,-0.000271736444320756,5.074194522798515e-06
2.925480000000049e-06,1.782508333202559,1.7825,-0.0002717549879864261,5.07419452170377e-06
2.927480000000049e-06,1.782508333799433,1.7825,-0.0002717364935013829,5.074194495847656e-06
2.929480000000049e-06,1.782508333300294,1.7825,-0.0002717549369385777,5.074194497632279e-06
2.93148000000005e-06,1.782508333954173,1.7825,-0.00027173654418131,5.074194525149581e-06
2.93348000000005e-06,1.782508333490777,1.7825,-0.0002717548859095094,5.074194534462313e-06
2.93548000000005e-06,1.782508334088307,1.7825,-0.000271736597332605,5.074194568886532e-06
2.93748000000005e-06,1.782508333629989,1.7825,-0.0002717548340178867,5.074194586049998e-06
2.93948000000005e-06,1.782508334384014,1.7825,-0.0002717366475974765,5.074194585077686e-06
2.94148000000005e-06,1.782508334169258,1.7825,-0.0002717547854910938,5.074194564202342e-06
2.943480000000051e-06,1.782508335107331,1.7825,-0.0002717366967452293,5.074194561247755e-06
2.945480000000051e-06,1.782508334961568,1.7825,-0.0002717547363106112,5.074194574659674e-06
2.947480000000051e-06,1.782508335866243,1.7825,-0.0002717367459102113,5.074194554178673e-06
2.949480000000051e-06,1.78250833567477,1.7825,-0.0002717546836372942,5.074194537198051e-06
2.951480000000051e-06,1.782508336579409,1.7825,-0.0002717367945005379,5.074194507469301e-06
2.953480000000051e-06,1.782508336373596,1.7825,-0.0002717546326379326,5.074194486765932e-06
2.955480000000051e-06,1.782508337172504,1.7825,-0.0002717368437292522,5.074194476421801e-06
2.957480000000052e-06,1.782508336824094,1.7825,-0.0002717545855625974,5.074194473541148e-06
2.959480000000052e-06,1.782508337332263,1.7825,-0.0002717368918103077,5.074194497844417e-06
2.961480000000052e-06,1.782508336537704,1.7825,-0.0002717545353140864,5.074194514848394e-06
2.963480000000052e-06,1.782508336620122,1.7825,-0.0002717369385983236,5.074194509229001e-06
2.965480000000052e-06,1.782508335516621,1.7825,-0.0002717544868188304,5.074194510106975e-06
2.967480000000052e-06,1.782508335445468,1.7825,-0.0002717369877471712,5.074194503338385e-06
2.969480000000053e-06,1.78250833436244,1.7825,-0.0002717544377190189,5.074194518392697e-06
2.971480000000053e-06,1.782508334304496,1.7825,-0.000271737038314858,5.074194525042683e-06
2.973480000000053e-06,1.782508333296196,1.7825,-0.0002717543897654953,5.074194501652886e-06
2.975480000000053e-06,1.782508333453046,1.7825,-0.0002717370859329539,5.074194506077752e-06
2.977480000000053e-06,1.782508332731821,1.7825,-0.0002717543438852987,5.074194503341073e-06
2.979480000000053e-06,1.782508333237778,1.7825,-0.000271737132913036,5.074194510092571e-06
2.981480000000053e-06,1.782508332870829,1.7825,-0.0002717542980383442,5.07419450220844e-06
2.983480000000054e-06,1.78250833361449,1.7825,-0.0002717371811366535,5.074194509161557e-06
2.985480000000054e-06,1.782508333354751,1.7825,-0.000271754251090565,5.074194518033882e-06
2.987480000000054e-06,1.7825083341333,1.7825,-0.0002717372256294765,5.07419450681933e-06
2.989480000000054e-06,1.782508333980033,1.7825,-0.0002717542036792759,5.074194527159001e-06
2.991480000000054e-06,1.782508334913308,1.7825,-0.0002717372725774219,5.074194555329675e-06
2.993480000000054e-06,1.78250833493307,1.7825,-0.0002717541574973286,5.074194540466975e-06
2.995480000000054e-06,1.782508335991347,1.7825,-0.0002717373182008838,5.07419451261275e-06
2.997480000000055e-06,1.782508335986684,1.7825,-0.0002717541119518212,5.074194539536668e-06
2.999480000000055e-06,1.782508336882952,1.7825,-0.0002717373673504561,5.074194564755178e-06
3.001480000000055e-06,1.782508336804781,1.7825,-0.0002717540646057184,5.074194562787038e-06
3.003480000000055e-06,1.782508337682437,1.7825,-0.0002717374124648896,5.074194549791302e-06
3.005480000000055e-06,1.78250833752071,1.7825,-0.0002717540211492678,5.074194520087952e-06
3.007480000000055e-06,1.782508338246945,1.7825,-0.0002717374565579941,5.074194532432525e-06
3.009480000000056e-06,1.782508337876201,1.7825,-0.0002717539773440203,5.074194583321341e-06
3.011480000000056e-06,1.782508338422188,1.7825,-0.0002717375004596252,5.074194569343131e-06
3.013480000000056e-06,1.782508337977126,1.7825,-0.0002717539311451859,5.07419455225561e-06
3.015480000000056e-06,1.782508338505556,1.7825,-0.0002717375460840548,5.074194537770107e-06
3.017480000000056e-06,1.782508338043378,1.7825,-0.000271753884786533,5.074194508703601e-06
3.019480000000056e-06,1.782508338494532,1.7825,-0.0002717375898272046,5.074194511017427e-06
3.021480000000056e-06,1.782508338005762,1.7825,-0.0002717538406447327,5.074194506936897e-06
3.023480000000057e-06,1.782508338414117,1.7825,-0.0002717376351328502,5.074194517765391e-06
3.025480000000057e-06,1.782508337764104,1.7825,-0.000271753795260799,5.074194522469318e-06
3.027480000000057e-06,1.782508337983415,1.7825,-0.0002717376786355372,5.074194510805031e-06
3.029480000000057e-06,1.782508337199998,1.7825,-0.0002717537524583638,5.074194518989261e-06
3.031480000000057e-06,1.78250833738419,1.7825,-0.0002717377219162966,5.074194517641187e-06
3.033480000000057e-06,1.782508336607693,1.7825,-0.0002717537082535328,5.074194504282787e-06
3.035480000000057e-06,1.782508336705731,1.7825,-0.000271737764303384,5.074194522036066e-06
3.037480000000058e-06,1.782508335842606,1.7825,-0.0002717536641768507,5.074194565041144e-06
3.039480000000058e-06,1.782508335935564,1.7825,-0.0002717378076322033,5.074194577552764e-06
3.041480000000058e-06,1.782508335188196,1.7825,-0.0002717536229043642,5.074194580958015e-06
3.043480000000058e-06,1.782508335533654,1.7825,-0.0002717378497480801,5.074194562020129e-06
3.045480000000058e-06,1.782508335094389,1.7825,-0.0002717535809153227,5.074194559528414e-06
3.047480000000058e-06,1.782508335637844,1.7825,-0.0002717378955322258,5.074194574519651e-06
3.049480000000059e-06,1.782508335398242,1.7825,-0.0002717535368861784,5.074194538232225e-06
3.051480000000059e-06,1.78250833620484,1.7825,-0.0002717379380936304,5.074194524014993e-06
3.053480000000059e-06,1.782508336193539,1.7825,-0.0002717534971468709,5.074194527491296e-06
3.055480000000059e-06,1.782508337130751,1.7825,-0.0002717379824911408,5.074194521799619e-06
3.057480000000059e-06,1.782508337160369,1.7825,-0.0002717534577887922,5.074194512344026e-06
3.059480000000059e-06,1.782508338095386,1.7825,-0.0002717380231878186,5.074194518403694e-06
3.061480000000059e-06,1.782508338131469,1.7825,-0.0002717534132650436,5.074194523084764e-06
3.06348000000006e-06,1.782508338966184,1.7825,-0.0002717380662123535,5.074194517363411e-06
3.06548000000006e-06,1.782508338777177,1.7825,-0.0002717533711340135,5.074194514750963e-06
3.06748000000006e-06,1.782508339328724,1.7825,-0.000271738108041077,5.074194498281281e-06
3.06948000000006e-06,1.782508338929591,1.7825,-0.0002717533279799166,5.074194507799287e-06
3.07148000000006e-06,1.782508339331873,1.7825,-0.0002717381492185087,5.074194498377199e-06
3.07348000000006e-06,1.782508338748135,1.7825,-0.0002717532869793493,5.074194500305522e-06
3.07548000000006e-06,1.782508338934585,1.7825,-0.0002717381878092287,5.074194523274894e-06
3.077480000000061e-06,1.782508338209628,1.7825,-0.0002717532456464258,5.074194543843189e-06
3.079480000000061e-06,1.782508338386768,1.7825,-0.0002717382278839424,5.074194557369578e-06
3.081480000000061e-06,1.782508337715312,1.7825,-0.0002717532041995724,5.074194541742184e-06
3.083480000000061e-06,1.782508338003332,1.7825,-0.0002717382660128861,5.074194521959802e-06
3.085480000000061e-06,1.782508337458925,1.7825,-0.0002717531634707549,5.074194517747304e-06
3.087480000000061e-06,1.782508337772126,1.7825,-0.0002717383063264427,5.074194511461115e-06
3.089480000000062e-06,1.782508337220934,1.7825,-0.0002717531237314544,5.074194492170776e-06
3.091480000000062e-06,1.782508337485479,1.7825,-0.0002717383498779661,5.074194509326202e-06
3.093480000000062e-06,1.78250833691863,1.7825,-0.0002717530827635893,5.074194528104066e-06
3.095480000000062e-06,1.782508337208604,1.7825,-0.0002717383877212339,5.074194554586841e-06
3.097480000000062e-06,1.78250833667152,1.7825,-0.0002717530456064146,5.074194573661324e-06
3.099480000000062e-06,1.782508337065521,1.7825,-0.0002717384271262149,5.074194579202036e-06
3.101480000000062e-06,1.782508336693254,1.7825,-0.0002717530068235355,5.074194574692225e-06
3.103480000000063e-06,1.782508337226301,1.7825,-0.0002717384672324665,5.074194555748364e-06
3.105480000000063e-06,1.782508337027208,1.7825,-0.0002717529665884568,5.07419452911928e-06
3.107480000000063e-06,1.782508337726139,1.7825,-0.0002717385070683183,5.07419451061367e-06
3.109480000000063e-06,1.782508337610142,1.7825,-0.0002717529295432613,5.074194523085785e-06
3.111480000000063e-06,1.782508338353013,1.7825,-0.0002717385459634088,5.074194505143199e-06
3.113480000000063e-06,1.782508338276774,1.7825,-0.0002717528890866033,5.07419452517189e-06
3.115480000000063e-06,1.782508338921055,1.7825,-0.0002717385854650354,5.07419457736029e-06
3.117480000000064e-06,1.782508338715819,1.7825,-0.0002717528528546584,5.074194582762398e-06
3.119480000000064e-06,1.782508339303734,1.7825,-0.0002717386245975723,5.074194558260729e-06
3.121480000000064e-06,1.782508339025015,1.7825,-0.000271752811344451,5.074194538147672e-06
3.123480000000064e-06,1.782508339483349,1.7825,-0.0002717386613074494,5.074194501126693e-06
3.125480000000064e-06,1.782508339110435,1.7825,-0.0002717527728314814,5.074194471045462e-06
3.127480000000064e-06,1.782508339535374,1.7825,-0.0002717387016858427,5.07419449072513e-06
3.129480000000065e-06,1.782508339065503,1.7825,-0.0002717527357393858,5.074194500770236e-06
3.131480000000065e-06,1.78250833924829,1.7825,-0.0002717387370568772,5.074194489948543e-06
3.133480000000065e-06,1.782508338545713,1.7825,-0.0002717526987422173,5.0741945013547e-06
3.135480000000065e-06,1.782508338595659,1.7825,-0.0002717387743409804,5.074194512443446e-06
3.137480000000065e-06,1.782508337789404,1.7825,-0.0002717526635796699,5.074194515127794e-06
3.139480000000065e-06,1.782508337785469,1.7825,-0.0002717388112733824,5.07419449187186e-06
3.141480000000065e-06,1.782508337024409,1.7825,-0.000271752625162937,5.074194495748452e-06
3.143480000000066e-06,1.782508337091199,1.7825,-0.0002717388470595884,5.07419452217751e-06
3.145480000000066e-06,1.782508336484719,1.7825,-0.0002717525855824846,5.074194544952081e-06
3.147480000000066e-06,1.782508336700755,1.7825,-0.0002717388849824919,5.074194556827971e-06
3.149480000000066e-06,1.782508336177881,1.7825,-0.000271752548951474,5.074194545532507e-06
3.151480000000066e-06,1.782508336538205,1.7825,-0.0002717389217075717,5.074194536851522e-06
3.153480000000066e-06,1.78250833630182,1.7825,-0.0002717525127994792,5.074194523413861e-06
3.155480000000066e-06,1.782508336931872,1.7825,-0.0002717389592145357,5.074194518265168e-06
3.157480000000067e-06,1.782508336854271,1.7825,-0.0002717524780034736,5.074194507836144e-06
3.159480000000067e-06,1.782508337584744,1.7825,-0.0002717389949359752,5.07419451867457e-06
3.161480000000067e-06,1.782508337576504,1.7825,-0.0002717524421067383,5.07419451117449e-06
3.163480000000067e-06,1.782508338302351,1.7825,-0.0002717390306248285,5.074194504145369e-06
3.165480000000067e-06,1.782508338187261,1.7825,-0.0002717524066098302,5.074194529000801e-06
3.167480000000067e-06,1.782508338694492,1.7825,-0.000271739066012452,5.074194548372205e-06
3.169480000000068e-06,1.782508338396726,1.7825,-0.0002717523682878206,5.074194548284624e-06
3.171480000000068e-06,1.782508338840703,1.7825,-0.0002717391018772145,5.074194565050117e-06
3.173480000000068e-06,1.782508338536889,1.7825,-0.0002717523345760119,5.07419457287801e-06
3.175480000000068e-06,1.782508338975724,1.7825,-0.0002717391370555107,5.074194533044152e-06
3.177480000000068e-06,1.782508338681338,1.7825,-0.0002717522945166276,5.07419452630455e-06
3.179480000000068e-06,1.782508339133765,1.7825,-0.0002717391707040404,5.074194516119768e-06
3.181480000000068e-06,1.782508338852527,1.7825,-0.0002717522613634399,5.074194498673465e-06
3.183480000000069e-06,1.782508339274103,1.7825,-0.0002717392061538194,5.074194504443401e-06
3.185480000000069e-06,1.78250833895469,1.7825,-0.0002717522270933765,5.074194503487881e-06
3.187480000000069e-06,1.782508339341708,1.7825,-0.0002717392406796771,5.074194522549191e-06
3.189480000000069e-06,1.782508338993798,1.7825,-0.0002717521940194042,5.074194557003553e-06
3.191480000000069e-06,1.782508339336109,1.7825,-0.0002717392760985663,5.074194562886542e-06
3.193480000000069e-06,1.782508338941413,1.7825,-0.0002717521608013686,5.074194553336329e-06
3.195480000000069e-06,1.782508339294927,1.7825,-0.0002717393108463972,5.074194575565155e-06
3.19748000000007e-06,1.782508338995633,1.7825,-0.0002717521281264596,5.074194590848669e-06
3.19948000000007e-06,1.782508339473937,1.7825,-0.0002717393460738561,5.074194585189618e-06
3.20148000000007e-06,1.782508339295037,1.7825,-0.0002717520936479194,5.074194568259946e-06
3.20348000000007e-06,1.782508339870771,1.7825,-0.0002717393797855957,5.07419457084421e-06
3.20548000000007e-06,1.782508339730363,1.7825,-0.0002717520592985506,5.074194571881217e-06
3.20748000000007e-06,1.782508340251945,1.7825,-0.0002717394126518844,5.074194552987183e-06
3.209480000000071e-06,1.782508340036889,1.7825,-0.0002717520245021232,5.074194541432321e-06
3.211480000000071e-06,1.782508340407155,1.7825,-0.0002717394455027612,5.074194508501267e-06
3.213480000000071e-06,1.782508340019999,1.7825,-0.0002717519909331501,5.074194514665708e-06
3.215480000000071e-06,1.782508340293816,1.7825,-0.0002717394805867823,5.074194500536425e-06
3.217480000000071e-06,1.782508339831266,1.7825,-0.0002717519574765506,5.074194506602476e-06
3.219480000000071e-06,1.782508340013762,1.7825,-0.0002717395130391539,5.074194532120315e-06
3.221480000000071e-06,1.782508339441147,1.7825,-0.0002717519244509936,5.074194541769448e-06
3.223480000000072e-06,1.782508339549489,1.7825,-0.0002717395461452936,5.074194575958572e-06
3.225480000000072e-06,1.782508338993602,1.7825,-0.0002717518924608302,5.074194571967861e-06
3.227480000000072e-06,1.782508339164065,1.7825,-0.0002717395775285812,5.074194551352923e-06
3.229480000000072e-06,1.782508338728993,1.7825,-0.0002717518590359299,5.074194525223282e-06
3.231480000000072e-06,1.782508339029444,1.7825,-0.000271739608290547,5.074194521496733e-06
3.233480000000072e-06,1.782508338752518,1.7825,-0.0002717518259768693,5.074194501772436e-06
3.235480000000072e-06,1.782508339157324,1.7825,-0.0002717396413641052,5.074194494794346e-06
3.237480000000073e-06,1.782508338860488,1.7825,-0.0002717517948656387,5.074194536432835e-06
3.239480000000073e-06,1.782508339231832,1.7825,-0.0002717396745026874,5.074194541206221e-06
3.241480000000073e-06,1.782508338894674,1.7825,-0.0002717517644381739,5.07419455170279e-06
3.243480000000073e-06,1.782508339213069,1.7825,-0.0002717397081037349,5.074194556442929e-06
3.245480000000073e-06,1.782508338937518,1.7825,-0.000271751730405886,5.074194550975968e-06
3.247480000000073e-06,1.782508339340016,1.7825,-0.0002717397397268432,5.074194577169584e-06
3.249480000000074e-06,1.782508339113537,1.7825,-0.0002717517010168683,5.074194589733743e-06
3.251480000000074e-06,1.782508339551845,1.7825,-0.0002717397697865876,5.074194598517332e-06
3.253480000000074e-06,1.782508339353873,1.7825,-0.0002717516667462206,5.07419459164911e-06
3.255480000000074e-06,1.782508339830056,1.7825,-0.0002717398022058782,5.074194566211548e-06
3.257480000000074e-06,1.782508339701159,1.7825,-0.0002717516373081189,5.074194584854305e-06
3.259480000000074e-06,1.782508340204219,1.7825,-0.0002717398330483795,5.074194598354795e-06
3.261480000000074e-06,1.782508340019157,1.7825,-0.0002717516071682908,5.074194589825176e-06
3.263480000000075e-06,1.782508340457095,1.7825,-0.0002717398651336475,5.07419458320494e-06
3.265480000000075e-06,1.782508340223182,1.7825,-0.0002717515730251404,5.074194562016227e-06
3.267480000000075e-06,1.782508340581197,1.7825,-0.0002717398945078225,5.074194561520205e-06
3.269480000000075e-06,1.78250834030743,1.7825,-0.0002717515448786289,5.074194571214001e-06
3.271480000000075e-06,1.782508340667301,1.7825,-0.0002717399260828275,5.074194540609394e-06
3.273480000000075e-06,1.782508340386667,1.7825,-0.0002717515122024527,5.074194513708648e-06
3.275480000000075e-06,1.782508340664129,1.7825,-0.0002717399575794004,5.074194532760015e-06
3.277480000000076e-06,1.782508340210335,1.7825,-0.0002717514840254609,5.074194562152839e-06
3.279480000000076e-06,1.782508340308172,1.7825,-0.0002717399866660596,5.074194563300507e-06
3.281480000000076e-06,1.782508339761948,1.7825,-0.0002717514525296114,5.074194553340031e-06
3.283480000000076e-06,1.782508339815701,1.7825,-0.0002717400171410631,5.074194565924609e-06
3.285480000000076e-06,1.78250833929876,1.7825,-0.0002717514230279987,5.074194570651492e-06
3.287480000000076e-06,1.78250833948822,1.7825,-0.0002717400474558729,5.074194549065836e-06
3.289480000000077e-06,1.782508339159947,1.7825,-0.000271751392919001,5.074194540096934e-06
3.291480000000077e-06,1.78250833949999,1.7825,-0.0002717400773575745,5.074194534555191e-06
3.293480000000077e-06,1.782508339280363,1.7825,-0.0002717513640705045,5.074194514910066e-06
3.295480000000077e-06,1.782508339691655,1.7825,-0.000271740107369486,5.074194527323953e-06
3.297480000000077e-06,1.78250833953935,1.7825,-0.0002717513324804421,5.074194567887242e-06
3.299480000000077e-06,1.782508339977168,1.7825,-0.0002717401347033099,5.074194573488617e-06
3.301480000000077e-06,1.782508339700337,1.7825,-0.0002717513049072981,5.074194554691977e-06
3.303480000000078e-06,1.782508339954693,1.7825,-0.0002717401635028498,5.074194518278522e-06
3.305480000000078e-06,1.782508339551305,1.7825,-0.0002717512718326811,5.074194509137166e-06
3.307480000000078e-06,1.782508339672513,1.7825,-0.0002717401904859022,5.074194534371504e-06
3.309480000000078e-06,1.782508339121138,1.7825,-0.0002717512446752744,5.074194548588775e-06
3.311480000000078e-06,1.782508339105027,1.7825,-0.0002717402194456821,5.074194555549298e-06
3.313480000000078e-06,1.782508338508057,1.7825,-0.0002717512153492925,5.074194543270275e-06
3.315480000000078e-06,1.782508338519746,1.7825,-0.0002717402500631061,5.074194529974156e-06
3.317480000000079e-06,1.782508337975492,1.7825,-0.0002717511863256097,5.074194510149595e-06
3.319480000000079e-06,1.782508338030094,1.7825,-0.000271740278848245,5.074194527448438e-06
3.321480000000079e-06,1.782508337570899,1.7825,-0.0002717511608900419,5.074194582246699e-06
3.323480000000079e-06,1.782508337783874,1.7825,-0.0002717403105988757,5.074194569045639e-06
3.325480000000079e-06,1.782508337564368,1.7825,-0.0002717511326795648,5.074194546018108e-06
3.327480000000079e-06,1.782508338073259,1.7825,-0.0002717403361932131,5.074194539441857e-06
3.32948000000008e-06,1.782508338095449,1.7825,-0.0002717511025398319,5.07419452020305e-06
3.33148000000008e-06,1.782508338740354,1.7825,-0.0002717403634463073,5.074194518827491e-06
3.33348000000008e-06,1.782508338827971,1.7825,-0.0002717510743447643,5.07419449628243e-06
3.33548000000008e-06,1.782508339396978,1.7825,-0.0002717403933166417,5.074194493183239e-06
3.33748000000008e-06,1.782508339323774,1.7825,-0.0002717510480008806,5.074194540022537e-06
3.33948000000008e-06,1.78250833976689,1.7825,-0.0002717404190231789,5.074194530760929e-06
3.34148000000008e-06,1.782508339603697,1.7825,-0.0002717510195185368,5.074194517050375e-06
3.343480000000081e-06,1.782508339932751,1.7825,-0.0002717404480941382,5.074194535615982e-06
3.345480000000081e-06,1.782508339634669,1.7825,-0.0002717509909743763,5.074194543841569e-06
3.347480000000081e-06,1.782508339830366,1.7825,-0.0002717404743593135,5.074194561836036e-06
3.349480000000081e-06,1.782508339430743,1.7825,-0.0002717509652992193,5.074194550945042e-06
3.351480000000081e-06,1.782508339589462,1.7825,-0.0002717405006070047,5.074194557047138e-06
3.353480000000081e-06,1.782508339230711,1.7825,-0.0002717509368345134,5.074194582813939e-06
3.355480000000082e-06,1.782508339434721,1.7825,-0.0002717405279414399,5.074194590146814e-06
3.357480000000082e-06,1.782508339148035,1.7825,-0.000271750909867946,5.074194595768657e-06
3.359480000000082e-06,1.782508339433033,1.7825,-0.0002717405572670257,5.07419459992048e-06
3.361480000000082e-06,1.782508339255359,1.7825,-0.0002717508808283702,5.074194592846114e-06
3.363480000000082e-06,1.782508339668668,1.7825,-0.0002717405810910993,5.074194559146548e-06
3.365480000000082e-06,1.782508339517975,1.7825,-0.0002717508555356293,5.07419453522411e-06
3.367480000000082e-06,1.782508339914288,1.7825,-0.0002717406095090427,5.074194510530532e-06
3.369480000000083e-06,1.782508339751674,1.7825,-0.0002717508294782492,5.074194512572618e-06
3.371480000000083e-06,1.78250834005906,1.7825,-0.0002717406337975667,5.074194519865051e-06
3.373480000000083e-06,1.782508339789528,1.7825,-0.0002717508031818213,5.074194521958439e-06
3.375480000000083e-06,1.782508339954326,1.7825,-0.000271740662023793,5.074194527288542e-06
3.377480000000083e-06,1.782508339442925,1.7825,-0.0002717507783359874,5.074194500039119e-06
3.379480000000083e-06,1.782508339362316,1.7825,-0.0002717406884155232,5.074194509461934e-06
3.381480000000083e-06,1.782508338695985,1.7825,-0.0002717507518000812,5.074194503794633e-06
3.383480000000084e-06,1.782508338486704,1.7825,-0.0002717407156370835,5.074194494063953e-06
3.385480000000084e-06,1.782508337770091,1.7825,-0.0002717507250258082,5.074194539396711e-06
3.387480000000084e-06,1.782508337579988,1.7825,-0.0002717407406431298,5.074194537741871e-06
3.389480000000084e-06,1.782508336857677,1.7825,-0.0002717506975159783,5.074194491744484e-06
3.391480000000084e-06,1.782508336721858,1.7825,-0.000271740763526406,5.074194501585411e-06
3.393480000000084e-06,1.782508336170974,1.7825,-0.0002717506715554093,5.074194504522002e-06
3.395480000000085e-06,1.782508336230382,1.7825,-0.0002717407895838077,5.074194486844277e-06
3.397480000000085e-06,1.782508335805961,1.7825,-0.0002717506481123189,5.074194522413799e-06
3.399480000000085e-06,1.782508335858484,1.7825,-0.0002717408176036001,5.074194554737576e-06
3.401480000000085e-06,1.782508335514581,1.7825,-0.0002717506211779811,5.074194528587334e-06
3.403480000000085e-06,1.78250833573618,1.7825,-0.0002717408419696945,5.074194507625275e-06
3.405480000000085e-06,1.782508335481194,1.7825,-0.0002717505951684049,5.074194535174784e-06
3.407480000000085e-06,1.782508335799047,1.7825,-0.0002717408662736605,5.074194535919852e-06
3.409480000000086e-06,1.782508335655659,1.7825,-0.0002717505728579418,5.074194506971555e-06
3.411480000000086e-06,1.782508336069354,1.7825,-0.0002717408915173728,5.074194504758341e-06
3.413480000000086e-06,1.782508336050388,1.7825,-0.0002717505493371579,5.07419453157251e-06
3.415480000000086e-06,1.782508336517707,1.7825,-0.0002717409207010368,5.074194550035129e-06
3.417480000000086e-06,1.782508336514624,1.7825,-0.0002717505239650229,5.074194554062756e-06
3.419480000000086e-06,1.782508337048624,1.7825,-0.0002717409455464268,5.074194559835876e-06
3.421480000000086e-06,1.782508337164998,1.7825,-0.0002717505007621065,5.074194578589161e-06
3.423480000000087e-06,1.782508337869167,1.7825,-0.0002717409682231321,5.074194592519496e-06
3.425480000000087e-06,1.782508338068983,1.7825,-0.0002717504766508777,5.074194589746288e-06
3.427480000000087e-06,1.782508338707939,1.7825,-0.0002717409924766506,5.074194548594318e-06
3.429480000000087e-06,1.782508338845969,1.7825,-0.0002717504506243181,5.074194513644946e-06
3.431480000000087e-06,1.78250833938054,1.7825,-0.0002717410178174868,5.074194510946949e-06
3.433480000000087e-06,1.782508339330887,1.7825,-0.0002717504267194107,5.074194511912075e-06
3.435480000000088e-06,1.782508339616742,1.7825,-0.0002717410403356091,5.074194511177854e-06
3.437480000000088e-06,1.782508339294628,1.7825,-0.0002717504020171798,5.074194500826616e-06
3.439480000000088e-06,1.782508339284554,1.7825,-0.0002717410640649046,5.074194526869019e-06
3.441480000000088e-06,1.782508338663812,1.7825,-0.0002717503786881409,5.074194568839076e-06
3.443480000000088e-06,1.782508338503032,1.7825,-0.0002717410871720782,5.074194561222377e-06
3.445480000000088e-06,1.782508337901437,1.7825,-0.000271750355484653,5.074194557015834e-06
3.447480000000088e-06,1.782508337791725,1.7825,-0.0002717411121456897,5.074194581476892e-06
3.449480000000089e-06,1.78250833728884,1.7825,-0.0002717503310691184,5.074194593265377e-06
3.451480000000089e-06,1.782508337374298,1.7825,-0.000271741133434456,5.074194604516967e-06
3.453480000000089e-06,1.782508337133512,1.7825,-0.0002717503070055385,5.074194594930001e-06
3.455480000000089e-06,1.782508337466036,1.7825,-0.0002717411582313293,5.074194561386555e-06
3.457480000000089e-06,1.7825083373975,1.7825,-0.0002717502850138762,5.074194545627564e-06
3.459480000000089e-06,1.782508337702992,1.7825,-0.0002717411833005015,5.074194518049829e-06
3.461480000000089e-06,1.782508337531589,1.7825,-0.0002717502589403011,5.074194527432818e-06
3.46348000000009e-06,1.782508337839256,1.7825,-0.0002717412038564792,5.074194527278672e-06
3.46548000000009e-06,1.782508337652372,1.7825,-0.0002717502354663343,5.074194518007855e-06
3.46748000000009e-06,1.78250833785273,1.7825,-0.0002717412260551001,5.074194525134196e-06
3.46948000000009e-06,1.782508337558558,1.7825,-0.0002717502126303544,5.074194500090343e-06
3.47148000000009e-06,1.782508337634984,1.7825,-0.0002717412503577499,5.074194504823128e-06
3.47348000000009e-06,1.782508337146493,1.7825,-0.0002717501904967339,5.074194517055103e-06
3.475480000000091e-06,1.78250833701099,1.7825,-0.0002717412725399399,5.074194506204158e-06
3.477480000000091e-06,1.78250833638632,1.7825,-0.0002717501687283864,5.074194519320584e-06
3.479480000000091e-06,1.782508336163952,1.7825,-0.0002717412948189084,5.074194516202749e-06
3.481480000000091e-06,1.782508335514142,1.7825,-0.0002717501451904427,5.074194496954102e-06
3.483480000000091e-06,1.782508335357675,1.7825,-0.0002717413170007837,5.074194496848628e-06
3.485480000000091e-06,1.78250833483348,1.7825,-0.0002717501218914187,5.074194517375959e-06
3.487480000000091e-06,1.782508334818137,1.7825,-0.0002717413394231127,5.074194518584488e-06
3.489480000000092e-06,1.782508334426542,1.7825,-0.0002717500999316342,5.074194485083624e-06
3.491480000000092e-06,1.782508334533148,1.7825,-0.000271741360536503,5.074194500404888e-06
3.493480000000092e-06,1.782508334232859,1.7825,-0.0002717500790264394,5.074194514632966e-06
3.495480000000092e-06,1.782508334382817,1.7825,-0.0002717413829098153,5.074194503833116e-06
3.497480000000092e-06,1.782508334173362,1.7825,-0.0002717500570511819,5.074194516699295e-06
3.499480000000092e-06,1.78250833442214,1.7825,-0.0002717414084258781,5.074194511976408e-06
3.501480000000092e-06,1.782508334298883,1.7825,-0.0002717500349322484,5.074194499868756e-06
3.503480000000093e-06,1.782508334690149,1.7825,-0.000271741429651084,5.074194530063819e-06
3.505480000000093e-06,1.782508334744027,1.7825,-0.0002717500163062095,5.074194548778123e-06
3.507480000000093e-06,1.782508335220597,1.7825,-0.0002717414505417523,5.074194543219849e-06
3.509480000000093e-06,1.782508335276911,1.7825,-0.0002717499938050905,5.074194524905035e-06
3.511480000000093e-06,1.782508335775825,1.7825,-0.0002717414735850504,5.074194515257812e-06
3.513480000000093e-06,1.782508335868157,1.7825,-0.0002717499733924324,5.074194517776338e-06
3.515480000000094e-06,1.78250833643671,1.7825,-0.0002717414965486545,5.074194492207883e-06
3.517480000000094e-06,1.782508336640104,1.7825,-0.0002717499545113063,5.0741944746488e-06
3.519480000000094e-06,1.782508337274419,1.7825,-0.00027174151941668,5.074194486820305e-06
3.521480000000094e-06,1.782508337575283,1.7825,-0.0002717499312612901,5.074194509200947e-06
3.523480000000094e-06,1.782508338291588,1.7825,-0.0002717415401960292,5.074194512667002e-06
3.525480000000094e-06,1.782508338519554,1.7825,-0.0002717499096356921,5.074194500963742e-06
3.527480000000094e-06,1.782508339045898,1.7825,-0.0002717415580097478,5.074194509765111e-06
3.529480000000095e-06,1.782508339020904,1.7825,-0.000271749885842944,5.074194501025064e-06
3.531480000000095e-06,1.78250833923921,1.7825,-0.0002717415779744731,5.074194498438328e-06
3.533480000000095e-06,1.782508338924869,1.7825,-0.0002717498642359663,5.074194523930553e-06
3.535480000000095e-06,1.782508338930567,1.7825,-0.0002717415978927238,5.074194544689634e-06
3.537480000000095e-06,1.782508338450097,1.7825,-0.0002717498407933413,5.074194573617156e-06
3.539480000000095e-06,1.782508338342211,1.7825,-0.0002717416167099705,5.074194594832886e-06
3.541480000000095e-06,1.782508337794977,1.7825,-0.0002717498235388977,5.074194582222246e-06
3.543480000000096e-06,1.782508337590011,1.7825,-0.0002717416395771714,5.074194568057955e-06
3.545480000000096e-06,1.782508337095181,1.7825,-0.0002717498007659167,5.074194573313559e-06
3.547480000000096e-06,1.782508337021801,1.7825,-0.0002717416592409321,5.074194568273948e-06
3.549480000000096e-06,1.782508336564187,1.7825,-0.0002717497826175595,5.074194572526034e-06
3.551480000000096e-06,1.782508336554389,1.7825,-0.0002717416813436744,5.074194561515384e-06
3.553480000000096e-06,1.782508336261514,1.7825,-0.0002717497605950831,5.074194558930548e-06
3.555480000000097e-06,1.782508336478134,1.7825,-0.0002717417012933572,5.074194561544225e-06
3.557480000000097e-06,1.782508336401095,1.7825,-0.0002717497425107052,5.074194554556548e-06
3.559480000000097e-06,1.78250833676903,1.7825,-0.0002717417204297097,5.074194571319206e-06
3.561480000000097e-06,1.782508336753459,1.7825,-0.0002717497240759814,5.074194561488346e-06
3.563480000000097e-06,1.782508337066999,1.7825,-0.0002717417431545177,5.074194561467254e-06
3.565480000000097e-06,1.782508337023247,1.7825,-0.0002717497044134593,5.074194570551138e-06
3.567480000000097e-06,1.782508337367235,1.7825,-0.000271741765894791,5.074194548805151e-06
3.569480000000098e-06,1.782508337384691,1.7825,-0.000271749685739134,5.074194529543558e-06
3.571480000000098e-06,1.782508337841035,1.7825,-0.0002717417833567025,5.074194514752556e-06
3.573480000000098e-06,1.782508337951205,1.7825,-0.000271749664513772,5.074194524318253e-06
3.575480000000098e-06,1.782508338455475,1.7825,-0.0002717418043117923,5.074194531285181e-06
3.577480000000098e-06,1.782508338547371,1.7825,-0.0002717496466373932,5.074194536132136e-06
3.579480000000098e-06,1.78250833896174,1.7825,-0.000271741823528363,5.074194570148509e-06
3.581480000000098e-06,1.782508338984643,1.7825,-0.0002717496268150407,5.07419457795199e-06
3.583480000000099e-06,1.782508339329955,1.7825,-0.0002717418417070725,5.074194546672396e-06
3.585480000000099e-06,1.782508339207909,1.7825,-0.0002717496085551744,5.074194526830326e-06
3.587480000000099e-06,1.782508339443385,1.7825,-0.0002717418618160275,5.07419452154095e-06
3.589480000000099e-06,1.782508339343902,1.7825,-0.0002717495897857342,5.074194508932042e-06
3.591480000000099e-06,1.782508339573904,1.7825,-0.0002717418804428045,5.074194526796535e-06
3.593480000000099e-06,1.782508339354978,1.7825,-0.0002717495680190066,5.074194578192063e-06
3.5954800000001e-06,1.782508339410313,1.7825,-0.0002717418988619118,5.074194586937167e-06
3.5974800000001e-06,1.78250833904253,1.7825,-0.0002717495495202652,5.074194599685926e-06
3.5994800000001e-06,1.782508339036378,1.7825,-0.0002717419172803294,5.07419460602376e-06
3.6014800000001e-06,1.782508338696771,1.7825,-0.0002717495275445095,5.074194585468245e-06
3.6034800000001e-06,1.782508338751005,1.7825,-0.0002717419359222443,5.0741945865388e-06
3.6054800000001e-06,1.78250833848354,1.7825,-0.0002717495097957056,5.074194573584386e-06
3.6074800000001e-06,1.782508338585773,1.7825,-0.0002717419537986254,5.074194554370646e-06
3.609480000000101e-06,1.782508338390697,1.7825,-0.0002717494908341274,5.074194527268224e-06
3.611480000000101e-06,1.782508338526407,1.7825,-0.0002717419724408826,5.074194523472246e-06
3.613480000000101e-06,1.782508338264404,1.7825,-0.0002717494728457581,5.074194515345784e-06
3.615480000000101e-06,1.782508338271163,1.7825,-0.0002717419918483048,5.074194498128536e-06
3.617480000000101e-06,1.782508337854212,1.7825,-0.0002717494525776584,5.074194509420554e-06
3.619480000000101e-06,1.782508337707708,1.7825,-0.0002717420106503325,5.074194486489228e-06
3.621480000000101e-06,1.78250833716781,1.7825,-0.0002717494309522752,5.074194471613027e-06
3.623480000000102e-06,1.782508336936584,1.7825,-0.00027174202940461,5.074194477036855e-06
3.625480000000102e-06,1.782508336283865,1.7825,-0.0002717494172230687,5.074194488082882e-06
3.627480000000102e-06,1.782508335926716,1.7825,-0.0002717420467867902,5.074194511122508e-06
3.629480000000102e-06,1.782508335163818,1.7825,-0.0002717493971297991,5.074194514809054e-06
3.631480000000102e-06,1.782508334673574,1.7825,-0.0002717420649980267,5.074194494177986e-06
3.633480000000102e-06,1.78250833393033,1.7825,-0.0002717493772909359,5.074194496833855e-06
3.635480000000103e-06,1.782508333654656,1.7825,-0.0002717420822849346,5.074194516910675e-06
3.637480000000103e-06,1.782508333234777,1.7825,-0.0002717493618543301,5.074194499754184e-06
3.639480000000103e-06,1.78250833328859,1.7825,-0.0002717421016125783,5.074194509327929e-06
3.641480000000103e-06,1.782508333135674,1.7825,-0.0002717493448076803,5.074194505180268e-06
3.643480000000103e-06,1.782508333467414,1.7825,-0.0002717421196644227,5.074194492477084e-06
3.645480000000103e-06,1.782508333617433,1.7825,-0.0002717493273131233,5.0741945082712e-06
3.647480000000103e-06,1.782508334228274,1.7825,-0.0002717421387694061,5.074194508599562e-06
3.649480000000104e-06,1.782508334583613,1.7825,-0.0002717493141885679,5.074194521843524e-06
3.651480000000104e-06,1.782508335309589,1.7825,-0.0002717421584481267,5.074194511623661e-06
3.653480000000104e-06,1.782508335740139,1.7825,-0.000271749295944966,5.07419449958875e-06
3.655480000000104e-06,1.782508336490525,1.7825,-0.000271742175926728,5.074194532622716e-06
3.657480000000104e-06,1.782508336887664,1.7825,-0.0002717492782445379,5.074194570827848e-06
3.659480000000104e-06,1.782508337564828,1.7825,-0.000271742193229034,5.074194581774851e-06
3.661480000000104e-06,1.782508337869674,1.7825,-0.0002717492595223652,5.074194590950748e-06
3.663480000000105e-06,1.782508338487073,1.7825,-0.0002717422104994481,5.074194599736623e-06
3.665480000000105e-06,1.782508338788198,1.7825,-0.000271749241183562,5.074194602643984e-06
3.667480000000105e-06,1.782508339357698,1.7825,-0.0002717422244364477,5.074194607525122e-06
3.669480000000105e-06,1.78250833962811,1.7825,-0.0002717492216163604,5.074194597880679e-06
3.671480000000105e-06,1.78250834019866,1.7825,-0.0002717422422169836,5.074194567763852e-06
3.673480000000105e-06,1.782508340373076,1.7825,-0.0002717492056682973,5.074194534172256e-06
3.675480000000106e-06,1.782508340770316,1.7825,-0.000271742259791055,5.074194527445653e-06
3.677480000000106e-06,1.782508340726366,1.7825,-0.0002717491857512743,5.074194502128624e-06
3.679480000000106e-06,1.782508340816285,1.7825,-0.0002717422742550874,5.074194489231079e-06
3.681480000000106e-06,1.782508340419986,1.7825,-0.0002717491684646811,5.074194514372795e-06
3.683480000000106e-06,1.782508340117281,1.7825,-0.0002717422892466296,5.074194551904008e-06
3.685480000000106e-06,1.782508339341663,1.7825,-0.0002717491521823333,5.074194545743316e-06
3.687480000000106e-06,1.782508338805747,1.7825,-0.0002717423058471863,5.074194546981699e-06
3.689480000000107e-06,1.782508337923317,1.7825,-0.0002717491337796337,5.074194591129824e-06
3.691480000000107e-06,1.782508337341438,1.7825,-0.0002717423224641466,5.074194570227722e-06
3.693480000000107e-06,1.78250833647653,1.7825,-0.000271749116955098,5.074194561261337e-06
3.695480000000107e-06,1.782508335999591,1.7825,-0.0002717423392079837,5.074194576256686e-06
3.697480000000107e-06,1.782508335386577,1.7825,-0.0002717491023313584,5.074194572924671e-06
3.699480000000107e-06,1.782508335217143,1.7825,-0.0002717423574198541,5.07419456913731e-06
3.701480000000107e-06,1.782508334914605,1.7825,-0.0002717490862409637,5.074194570435429e-06
3.703480000000108e-06,1.78250833501367,1.7825,-0.0002717423738929145,5.074194563095286e-06
3.705480000000108e-06,1.782508334865698,1.7825,-0.0002717490701345379,5.074194556714736e-06
3.707480000000108e-06,1.782508335045326,1.7825,-0.0002717423910680536,5.074194570548071e-06
3.709480000000108e-06,1.782508334986501,1.7825,-0.0002717490548100267,5.074194556219766e-06
3.711480000000108e-06,1.782508335286367,1.7825,-0.0002717424078280578,5.074194567559137e-06
3.713480000000108e-06,1.782508335368946,1.7825,-0.0002717490396603854,5.074194581755834e-06
3.715480000000109e-06,1.782508335810323,1.7825,-0.0002717424248124268,5.074194589226399e-06
3.717480000000109e-06,1.7825083360109,1.7825,-0.0002717490246219088,5.074194616804031e-06
3.719480000000109e-06,1.78250833661385,1.7825,-0.0002717424414126954,5.074194579384931e-06
3.721480000000109e-06,1.782508337044908,1.7825,-0.0002717490100781714,5.074194581963394e-06
3.723480000000109e-06,1.782508337783326,1.7825,-0.000271742457774346,5.074194576478805e-06
3.725480000000109e-06,1.782508338157806,1.7825,-0.0002717489950713394,5.074194552798541e-06
3.727480000000109e-06,1.782508338723233,1.7825,-0.0002717424722538068,5.074194541002757e-06
3.72948000000011e-06,1.78250833892903,1.7825,-0.000271748976461363,5.074194508145966e-06
3.73148000000011e-06,1.782508339313311,1.7825,-0.0002717424881051904,5.074194524726594e-06
3.73348000000011e-06,1.782508339306941,1.7825,-0.0002717489642791447,5.074194565175766e-06
3.73548000000011e-06,1.782508339461142,1.7825,-0.0002717425055520159,5.0741945898041e-06
3.73748000000011e-06,1.782508339235026,1.7825,-0.0002717489490493703,5.074194579842935e-06
3.73948000000011e-06,1.782508339258689,1.7825,-0.0002717425218648401,5.074194566169582e-06
3.741480000000111e-06,1.78250833898304,1.7825,-0.0002717489303590505,5.074194569810864e-06
3.743480000000111e-06,1.7825083389124,1.7825,-0.0002717425351656469,5.074194559606507e-06
3.745480000000111e-06,1.78250833854533,1.7825,-0.0002717489158146676,5.074194558792135e-06
3.747480000000111e-06,1.782508338483659,1.7825,-0.0002717425499490175,5.074194570965974e-06
3.749480000000111e-06,1.782508338209316,1.7825,-0.0002717488991336868,5.07419454947884e-06
3.751480000000111e-06,1.782508338273573,1.7825,-0.0002717425645402199,5.074194529141701e-06
3.753480000000111e-06,1.782508338018651,1.7825,-0.0002717488832344794,5.074194521378001e-06
3.755480000000112e-06,1.782508337929573,1.7825,-0.0002717425794984533,5.074194502641864e-06
3.757480000000112e-06,1.782508337548937,1.7825,-0.000271748867606477,5.074194534594596e-06
3.759480000000112e-06,1.78250833748669,1.7825,-0.0002717425943463709,5.07419456907223e-06
3.761480000000112e-06,1.782508337194773,1.7825,-0.0002717488545622076,5.074194569987615e-06
3.763480000000112e-06,1.782508337140964,1.7825,-0.0002717426110256979,5.074194557686188e-06
3.765480000000112e-06,1.782508336792061,1.7825,-0.0002717488359841995,5.074194567597593e-06
3.767480000000112e-06,1.782508336701548,1.7825,-0.0002717426243420199,5.074194575316272e-06
3.769480000000113e-06,1.782508336322467,1.7825,-0.0002717488200997081,5.074194540497552e-06
3.771480000000113e-06,1.782508336183096,1.7825,-0.0002717426387414125,5.074194521934523e-06
3.773480000000113e-06,1.782508335822346,1.7825,-0.0002717488062103622,5.074194525717021e-06
3.775480000000113e-06,1.782508335729491,1.7825,-0.0002717426516428246,5.074194513356157e-06
3.777480000000113e-06,1.782508335307954,1.7825,-0.0002717487920655368,5.074194504309307e-06
3.779480000000113e-06,1.782508335116981,1.7825,-0.0002717426673507769,5.074194514865284e-06
3.781480000000114e-06,1.782508334697386,1.7825,-0.0002717487783357185,5.074194515397872e-06
3.783480000000114e-06,1.782508334589349,1.7825,-0.0002717426827394735,5.074194507684219e-06
3.785480000000114e-06,1.782508334327052,1.7825,-0.0002717487629624859,5.074194519122512e-06
3.787480000000114e-06,1.782508334398611,1.7825,-0.0002717426982404135,5.074194519730832e-06
3.789480000000114e-06,1.782508334267665,1.7825,-0.0002717487506027201,5.074194484407969e-06
3.791480000000114e-06,1.782508334439457,1.7825,-0.0002717427135016648,5.074194490742295e-06
3.793480000000114e-06,1.782508334419971,1.7825,-0.0002717487367142056,5.074194525133378e-06
3.795480000000115e-06,1.782508334731338,1.7825,-0.0002717427272165798,5.074194545788226e-06
3.797480000000115e-06,1.782508334878521,1.7825,-0.0002717487226803392,5.074194562059496e-06
3.799480000000115e-06,1.782508335335383,1.7825,-0.0002717427435464033,5.074194550907169e-06
3.801480000000115e-06,1.782508335582988,1.7825,-0.000271748709571401,5.074194562071412e-06
3.803480000000115e-06,1.782508336116164,1.7825,-0.0002717427563042655,5.074194571095654e-06
3.805480000000115e-06,1.782508336434043,1.7825,-0.000271748694580115,5.074194539068795e-06
3.807480000000115e-06,1.782508337000143,1.7825,-0.0002717427695557578,5.07419452246471e-06
3.809480000000116e-06,1.782508337294817,1.7825,-0.0002717486804836863,5.074194514456591e-06
3.811480000000116e-06,1.782508337812843,1.7825,-0.00027174278346201,5.074194516955953e-06
3.813480000000116e-06,1.782508338009577,1.7825,-0.000271748667406117,5.074194506626094e-06
3.815480000000116e-06,1.78250833833669,1.7825,-0.0002717427960284968,5.074194520916468e-06
3.817480000000116e-06,1.782508338345303,1.7825,-0.0002717486517631696,5.074194523166848e-06
3.819480000000116e-06,1.782508338467593,1.7825,-0.0002717428085939315,5.074194504208183e-06
3.821480000000116e-06,1.782508338208245,1.7825,-0.0002717486353539792,5.0741945318615e-06
3.823480000000116e-06,1.782508338103013,1.7825,-0.0002717428221496378,5.074194554546885e-06
3.825480000000116e-06,1.782508337720623,1.7825,-0.000271748622388444,5.074194541256332e-06
3.827480000000117e-06,1.782508337586988,1.7825,-0.000271742834205092,5.074194524377491e-06
3.829480000000117e-06,1.782508337236155,1.7825,-0.0002717486077643448,5.074194516765811e-06
3.831480000000117e-06,1.782508337066844,1.7825,-0.0002717428484310122,5.074194516132339e-06
3.833480000000117e-06,1.78250833658738,1.7825,-0.000271748593922659,5.074194520717054e-06
3.835480000000117e-06,1.782508336260539,1.7825,-0.0002717428643932371,5.074194517071078e-06
3.837480000000117e-06,1.782508335668192,1.7825,-0.000271748579474374,5.074194506750269e-06
3.839480000000117e-06,1.782508335327971,1.7825,-0.0002717428776458403,5.074194522200586e-06
3.841480000000118e-06,1.782508334850282,1.7825,-0.0002717485670361213,5.074194526112544e-06
3.843480000000118e-06,1.782508334643532,1.7825,-0.000271742891471599,5.074194504457476e-06
3.845480000000118e-06,1.782508334249468,1.7825,-0.0002717485546448091,5.074194522934245e-06
3.847480000000118e-06,1.782508334207269,1.7825,-0.0002717429047721694,5.0741945591953e-06
3.849480000000118e-06,1.782508334018029,1.7825,-0.0002717485408191564,5.074194586660483e-06
3.851480000000118e-06,1.782508334104502,1.7825,-0.0002717429179441671,5.074194581204686e-06
3.853480000000118e-06,1.782508334031982,1.7825,-0.0002717485276145978,5.074194567129439e-06
3.855480000000119e-06,1.782508334294842,1.7825,-0.0002717429309885737,5.074194576136258e-06
3.857480000000119e-06,1.782508334506453,1.7825,-0.0002717485149210224,5.074194566502653e-06
3.859480000000119e-06,1.782508335117684,1.7825,-0.0002717429461057109,5.074194554317522e-06
3.861480000000119e-06,1.782508335583769,1.7825,-0.0002717485061982788,5.074194584949082e-06
3.863480000000119e-06,1.782508336295992,1.7825,-0.0002717429614642683,5.074194589217175e-06
3.865480000000119e-06,1.782508336791757,1.7825,-0.0002717484924829623,5.074194593759621e-06
3.86748000000012e-06,1.782508337499081,1.7825,-0.0002717429741569719,5.07419459799311e-06
3.86948000000012e-06,1.782508338014296,1.7825,-0.0002717484803801901,5.074194598912101e-06
3.87148000000012e-06,1.7825083387381,1.7825,-0.0002717429870897573,5.074194614140732e-06
3.87348000000012e-06,1.782508339163654,1.7825,-0.0002717484670158101,5.074194603006679e-06
3.87548000000012e-06,1.782508339682559,1.7825,-0.000271743001028443,5.074194596067773e-06
3.87748000000012e-06,1.782508339806558,1.7825,-0.000271748453236881,5.074194564120686e-06
3.87948000000012e-06,1.782508339996274,1.7825,-0.0002717430101487757,5.074194520354903e-06
3.881480000000121e-06,1.782508339878232,1.7825,-0.0002717484383425075,5.07419451755767e-06
3.883480000000121e-06,1.782508339805521,1.7825,-0.0002717430245341303,5.074194513200814e-06
3.885480000000121e-06,1.782508339355662,1.7825,-0.0002717484265575341,5.074194516788066e-06
3.887480000000121e-06,1.782508339032515,1.7825,-0.0002717430360800522,5.074194499959773e-06
3.889480000000121e-06,1.782508338391266,1.7825,-0.0002717484125242056,5.074194499046539e-06
3.891480000000121e-06,1.782508337796976,1.7825,-0.000271743048614439,5.074194523252236e-06
3.893480000000121e-06,1.782508336880625,1.7825,-0.0002717483986508369,5.074194543675864e-06
3.895480000000122e-06,1.782508336152828,1.7825,-0.0002717430599534593,5.074194562944957e-06
3.897480000000122e-06,1.782508335376673,1.7825,-0.000271748385350695,5.074194548657082e-06
3.899480000000122e-06,1.782508334966025,1.7825,-0.0002717430734119974,5.074194528692211e-06
3.901480000000122e-06,1.782508334406231,1.7825,-0.0002717483751597756,5.074194513527926e-06
3.903480000000122e-06,1.782508334186853,1.7825,-0.0002717430832832805,5.074194512060462e-06
3.905480000000122e-06,1.782508333958713,1.7825,-0.0002717483630566496,5.074194505573707e-06
3.907480000000123e-06,1.782508334045305,1.7825,-0.0002717430976356032,5.074194511274078e-06
3.909480000000123e-06,1.782508333918673,1.7825,-0.0002717483532332614,5.074194501797281e-06
3.911480000000123e-06,1.782508334001022,1.7825,-0.0002717431124821475,5.074194498375529e-06
3.913480000000123e-06,1.7825083339499,1.7825,-0.0002717483414328974,5.074194520571032e-06
3.915480000000123e-06,1.782508334169449,1.7825,-0.0002717431240283441,5.074194550770496e-06
3.917480000000123e-06,1.782508334243265,1.7825,-0.0002717483316572874,5.074194541077431e-06
3.919480000000123e-06,1.782508334588782,1.7825,-0.0002717431360360398,5.074194508680491e-06
3.921480000000124e-06,1.782508334860363,1.7825,-0.0002717483196803651,5.074194520209027e-06
3.923480000000124e-06,1.782508335393395,1.7825,-0.0002717431495591707,5.074194515524319e-06
3.925480000000124e-06,1.782508335789098,1.7825,-0.0002717483043391315,5.07419449778214e-06
3.927480000000124e-06,1.782508336392296,1.7825,-0.0002717431610256769,5.0741944950041e-06
3.929480000000124e-06,1.782508336705962,1.7825,-0.0002717482944684824,5.07419450951663e-06
3.931480000000124e-06,1.782508337134062,1.7825,-0.0002717431724113035,5.074194516113079e-06
3.933480000000125e-06,1.78250833727916,1.7825,-0.0002717482813597806,5.074194512725907e-06
3.935480000000125e-06,1.782508337546943,1.7825,-0.0002717431828728437,5.074194516397782e-06
3.937480000000125e-06,1.782508337574699,1.7825,-0.0002717482691444896,5.074194499481189e-06
3.939480000000125e-06,1.782508337723886,1.7825,-0.0002717431922972221,5.074194509364651e-06
3.941480000000125e-06,1.782508337568756,1.7825,-0.0002717482562116469,5.07419451835877e-06
3.943480000000125e-06,1.782508337503175,1.7825,-0.0002717432038269988,5.074194515669509e-06
3.945480000000125e-06,1.78250833716552,1.7825,-0.000271748240631012,5.074194520575717e-06
3.947480000000126e-06,1.782508336914226,1.7825,-0.0002717432145273815,5.074194509580324e-06
3.949480000000126e-06,1.78250833636482,1.7825,-0.0002717482309346198,5.074194511275104e-06
3.951480000000126e-06,1.782508335911131,1.7825,-0.0002717432241608786,5.074194505596445e-06
3.953480000000126e-06,1.782508335278786,1.7825,-0.0002717482199311062,5.074194521547836e-06
3.955480000000126e-06,1.782508334855795,1.7825,-0.0002717432358653756,5.074194522134765e-06
3.957480000000126e-06,1.782508334339049,1.7825,-0.0002717482045900894,5.074194508213798e-06
3.959480000000126e-06,1.782508334090533,1.7825,-0.0002717432475545423,5.074194524562313e-06
3.961480000000127e-06,1.782508333651994,1.7825,-0.0002717481936989879,5.074194564263629e-06
3.963480000000127e-06,1.782508333402421,1.7825,-0.0002717432604402607,5.074194579165945e-06
3.965480000000127e-06,1.782508333068749,1.7825,-0.0002717481830463447,5.074194583418728e-06
3.967480000000127e-06,1.782508333029405,1.7825,-0.0002717432717138854,5.074194577580506e-06
3.969480000000127e-06,1.782508332937541,1.7825,-0.0002717481735409706,5.074194554776509e-06
3.971480000000127e-06,1.782508333146572,1.7825,-0.0002717432817923286,5.074194532372326e-06
3.973480000000128e-06,1.782508333278882,1.7825,-0.0002717481630477597,5.074194513610909e-06
3.975480000000128e-06,1.782508333700454,1.7825,-0.0002717432956503811,5.074194521641047e-06
3.977480000000128e-06,1.782508333981836,1.7825,-0.0002717481541973535,5.074194508536774e-06
3.979480000000128e-06,1.782508334439701,1.7825,-0.0002717433085363369,5.074194516236643e-06
3.981480000000128e-06,1.782508334696959,1.7825,-0.0002717481441189364,5.074194530323208e-06
3.983480000000128e-06,1.782508335072195,1.7825,-0.0002717433191732427,5.074194546577357e-06
3.985480000000128e-06,1.78250833525637,1.7825,-0.0002717481320951592,5.07419456486388e-06
3.987480000000129e-06,1.782508335563879,1.7825,-0.0002717433311013995,5.074194537988063e-06
3.989480000000129e-06,1.782508335641894,1.7825,-0.0002717481184751909,5.074194506908001e-06
3.991480000000129e-06,1.782508335924388,1.7825,-0.0002717433387085381,5.074194512747602e-06
3.993480000000129e-06,1.782508336010451,1.7825,-0.0002717481089068091,5.07419450656443e-06
3.995480000000129e-06,1.782508336182961,1.7825,-0.0002717433493922408,5.07419450309183e-06
3.997480000000129e-06,1.782508336109173,1.7825,-0.0002717480992284804,5.074194520901549e-06
3.999480000000129e-06,1.782508336163602,1.7825,-0.0002717433607628835,5.074194526735381e-06
4.00148000000013e-06,1.78250833599639,1.7825,-0.0002717480875549294,5.074194527738062e-06
4.00348000000013e-06,1.782508335918594,1.7825,-0.0002717433701075676,5.074194511885928e-06
4.00548000000013e-06,1.782508335546191,1.7825,-0.0002717480766777567,5.074194519911804e-06
4.00748000000013e-06,1.782508335255774,1.7825,-0.0002717433801235656,5.074194529113151e-06
4.00948000000013e-06,1.782508334793698,1.7825,-0.0002717480648298518,5.074194538399452e-06
4.01148000000013e-06,1.782508334516627,1.7825,-0.0002717433913022715,5.07419456013611e-06
4.013480000000131e-06,1.782508334105638,1.7825,-0.0002717480542246525,5.074194559537219e-06
4.015480000000131e-06,1.782508333860626,1.7825,-0.0002717434010935702,5.074194547586867e-06
4.017480000000131e-06,1.782508333507501,1.7825,-0.0002717480443529484,5.074194519324607e-06
4.019480000000131e-06,1.782508333485021,1.7825,-0.0002717434119534277,5.07419452014531e-06
4.021480000000131e-06,1.782508333451078,1.7825,-0.0002717480357256827,5.074194518980843e-06
4.023480000000131e-06,1.782508333636228,1.7825,-0.0002717434217130488,5.074194476210887e-06
4.025480000000131e-06,1.78250833370534,1.7825,-0.0002717480242760117,5.074194503018339e-06
4.027480000000132e-06,1.782508333977132,1.7825,-0.0002717434330840517,5.074194512246898e-06
4.029480000000132e-06,1.782508334030819,1.7825,-0.0002717480138459001,5.074194507823242e-06
4.031480000000132e-06,1.78250833417324,1.7825,-0.0002717434413445883,5.074194530478986e-06
4.033480000000132e-06,1.782508334059818,1.7825,-0.0002717480038008198,5.074194551200218e-06
4.035480000000132e-06,1.782508334021337,1.7825,-0.000271743452730346,5.074194573861212e-06
4.037480000000132e-06,1.782508333797627,1.7825,-0.0002717479933710816,5.074194588759805e-06
4.039480000000132e-06,1.782508333718866,1.7825,-0.000271743462792689,5.074194593325214e-06
4.041480000000133e-06,1.782508333529836,1.7825,-0.0002717479831166196,5.074194583773492e-06
4.043480000000133e-06,1.782508333566038,1.7825,-0.0002717434721691408,5.074194561651492e-06
4.045480000000133e-06,1.782508333459057,1.7825,-0.0002717479737554309,5.074194568811662e-06
4.047480000000133e-06,1.782508333493477,1.7825,-0.0002717434828228676,5.074194578252285e-06
4.049480000000133e-06,1.782508333417192,1.7825,-0.0002717479616348944,5.07419455332053e-06
4.051480000000133e-06,1.782508333563373,1.7825,-0.0002717434919121507,5.074194537860101e-06
4.053480000000134e-06,1.782508333578548,1.7825,-0.0002717479537097894,5.074194526896446e-06
4.055480000000134e-06,1.782508333717095,1.7825,-0.0002717435025167116,5.07419451707276e-06
4.057480000000134e-06,1.782508333650229,1.7825,-0.0002717479441890569,5.074194506461002e-06
4.059480000000134e-06,1.782508333698428,1.7825,-0.0002717435128830278,5.074194521485706e-06
4.061480000000134e-06,1.782508333581933,1.7825,-0.0002717479335208752,5.074194516227445e-06
4.063480000000134e-06,1.782508333521704,1.7825,-0.000271743525209833,5.074194489988779e-06
4.065480000000134e-06,1.782508333239905,1.7825,-0.0002717479243184513,5.074194482638875e-06
4.067480000000135e-06,1.782508333084154,1.7825,-0.0002717435344755282,5.074194508509291e-06
4.069480000000135e-06,1.7825083327261,1.7825,-0.0002717479136828701,5.074194521454162e-06
4.071480000000135e-06,1.782508332475488,1.7825,-0.0002717435435014446,5.074194507512533e-06
4.073480000000135e-06,1.782508332027997,1.7825,-0.0002717479045771756,5.07419453071142e-06
4.075480000000135e-06,1.782508331702404,1.7825,-0.0002717435538350885,5.074194554411116e-06
4.077480000000135e-06,1.782508331280748,1.7825,-0.0002717478951046439,5.074194546033715e-06
4.079480000000135e-06,1.782508331085603,1.7825,-0.0002717435613934195,5.074194519560234e-06
4.081480000000136e-06,1.782508330805483,1.7825,-0.0002717478837186916,5.074194521387383e-06
4.083480000000136e-06,1.782508330776329,1.7825,-0.0002717435734821276,5.074194522544629e-06
4.085480000000136e-06,1.782508330734756,1.7825,-0.000271747877035918,5.074194514851694e-06
4.087480000000136e-06,1.782508331017123,1.7825,-0.000271743584421272,5.074194515199778e-06
4.089480000000136e-06,1.782508331266302,1.7825,-0.0002717478692857245,5.074194509724367e-06
4.091480000000136e-06,1.782508331722669,1.7825,-0.0002717435932404546,5.074194509786335e-06
4.093480000000137e-06,1.782508332136529,1.7825,-0.0002717478598453496,5.07419450812221e-06
4.095480000000137e-06,1.782508332732063,1.7825,-0.000271743605615653,5.074194516161059e-06
4.097480000000137e-06,1.782508333191966,1.7825,-0.0002717478519512042,5.074194518079197e-06
4.099480000000137e-06,1.782508333747428,1.7825,-0.0002717436161243931,5.074194493442049e-06
4.101480000000137e-06,1.782508334116881,1.7825,-0.0002717478411068335,5.074194515019293e-06
4.103480000000137e-06,1.78250833454443,1.7825,-0.0002717436248166796,5.074194524549565e-06
4.105480000000137e-06,1.782508334741409,1.7825,-0.0002717478305980569,5.074194505109817e-06
4.107480000000138e-06,1.782508334998907,1.7825,-0.0002717436340173434,5.074194527521759e-06
4.109480000000138e-06,1.782508335089597,1.7825,-0.0002717478211574259,5.07419454356843e-06
4.111480000000138e-06,1.782508335325011,1.7825,-0.0002717436406193587,5.074194554863996e-06
4.113480000000138e-06,1.782508335430502,1.7825,-0.0002717478117651599,5.074194569118788e-06
4.115480000000138e-06,1.782508335667829,1.7825,-0.0002717436505703267,5.074194547562128e-06
4.117480000000138e-06,1.78250833573139,1.7825,-0.0002717478018130676,5.074194515522641e-06
4.119480000000138e-06,1.782508335901626,1.7825,-0.000271743658527632,5.074194550911886e-06
4.121480000000139e-06,1.782508335931943,1.7825,-0.0002717477922139476,5.074194552694243e-06
4.123480000000139e-06,1.782508336071134,1.7825,-0.0002717436669790761,5.074194531101241e-06
4.125480000000139e-06,1.782508336032623,1.7825,-0.0002717477822312233,5.074194537143926e-06
4.127480000000139e-06,1.782508336030749,1.7825,-0.0002717436741400283,5.074194550361278e-06
4.129480000000139e-06,1.782508335758382,1.7825,-0.0002717477752140074,5.074194571527901e-06
4.131480000000139e-06,1.782508335615125,1.7825,-0.0002717436830232514,5.074194584131497e-06
4.13348000000014e-06,1.782508335369617,1.7825,-0.0002717477633971123,5.074194603543292e-06
4.13548000000014e-06,1.782508335229262,1.7825,-0.0002717436927505711,5.07419457461141e-06
4.13748000000014e-06,1.78250833497546,1.7825,-0.0002717477559012745,5.074194568961105e-06
4.13948000000014e-06,1.782508334850098,1.7825,-0.0002717436995760288,5.074194590977316e-06
4.14148000000014e-06,1.782508334605464,1.7825,-0.0002717477457751482,5.074194577355747e-06
4.14348000000014e-06,1.782508334463001,1.7825,-0.0002717437096540131,5.074194572855717e-06
4.14548000000014e-06,1.782508334190246,1.7825,-0.0002717477359044764,5.074194574007228e-06
4.147480000000141e-06,1.782508334084646,1.7825,-0.0002717437173089039,5.074194557371747e-06
4.149480000000141e-06,1.782508333864182,1.7825,-0.0002717477297324164,5.074194558520963e-06
4.151480000000141e-06,1.782508333827235,1.7825,-0.0002717437268141027,5.074194569864398e-06
4.153480000000141e-06,1.782508333718107,1.7825,-0.0002717477193826265,5.07419456644615e-06
4.155480000000141e-06,1.782508333734957,1.7825,-0.0002717437369401551,5.074194561093125e-06
4.157480000000141e-06,1.782508333619655,1.7825,-0.0002717477126843428,5.074194558275903e-06
4.159480000000141e-06,1.782508333617184,1.7825,-0.0002717437453287476,5.074194562487902e-06
4.161480000000142e-06,1.782508333524421,1.7825,-0.0002717477053811953,5.074194567017556e-06
4.163480000000142e-06,1.782508333596688,1.7825,-0.000271743755342654,5.074194563456887e-06
4.165480000000142e-06,1.782508333549538,1.7825,-0.0002717476955896154,5.074194559202499e-06
4.167480000000142e-06,1.782508333605799,1.7825,-0.0002717437625193777,5.074194567878124e-06
4.169480000000142e-06,1.782508333544719,1.7825,-0.0002717476879515644,5.074194560404611e-06
4.171480000000142e-06,1.782508333646992,1.7825,-0.0002717437709235679,5.074194565243328e-06
4.173480000000143e-06,1.782508333657407,1.7825,-0.0002717476783986477,5.074194573069372e-06
4.175480000000143e-06,1.782508333830949,1.7825,-0.0002717437781626871,5.074194536211055e-06
4.177480000000143e-06,1.782508333876174,1.7825,-0.0002717476705520855,5.074194520937987e-06
4.179480000000143e-06,1.782508334022156,1.7825,-0.0002717437859616138,5.074194521881071e-06
4.181480000000143e-06,1.782508334029397,1.7825,-0.0002717476625466827,5.074194513339893e-06
4.183480000000143e-06,1.782508334068969,1.7825,-0.0002717437951310028,5.074194504291147e-06
4.185480000000143e-06,1.782508333839897,1.7825,-0.0002717476524689631,5.074194522471687e-06
4.187480000000144e-06,1.782508333675221,1.7825,-0.0002717438033444091,5.074194556787153e-06
4.189480000000144e-06,1.782508333441627,1.7825,-0.0002717476428212492,5.074194563565224e-06
4.191480000000144e-06,1.782508333335289,1.7825,-0.0002717438118913569,5.074194555071721e-06
4.193480000000144e-06,1.782508333104115,1.7825,-0.0002717476380049515,5.074194574765202e-06
4.195480000000144e-06,1.782508333029025,1.7825,-0.0002717438206146353,5.074194597154004e-06
4.197480000000144e-06,1.78250833294639,1.7825,-0.000271747626713706,5.074194571199363e-06
4.199480000000144e-06,1.782508333090349,1.7825,-0.0002717438273127626,5.074194577279486e-06
4.201480000000145e-06,1.782508333191722,1.7825,-0.000271747620478472,5.074194565910907e-06
4.203480000000145e-06,1.78250833340031,1.7825,-0.0002717438362426295,5.07419455418598e-06
4.205480000000145e-06,1.782508333500004,1.7825,-0.000271747612042597,5.07419459115721e-06
4.207480000000145e-06,1.782508333687192,1.7825,-0.0002717438465614688,5.074194573677532e-06
4.209480000000145e-06,1.782508333706718,1.7825,-0.0002717476051049549,5.074194563659118e-06
4.211480000000145e-06,1.782508333793977,1.7825,-0.0002717438546140144,5.074194578644419e-06
4.213480000000146e-06,1.782508333724906,1.7825,-0.0002717475962390524,5.07419459532337e-06
4.215480000000146e-06,1.782508333729972,1.7825,-0.0002717438616152064,5.074194601082902e-06
4.217480000000146e-06,1.782508333581606,1.7825,-0.0002717475887591372,5.074194585926834e-06
4.219480000000146e-06,1.782508333549514,1.7825,-0.0002717438695405117,5.0741945665104e-06
4.221480000000146e-06,1.782508333443761,1.7825,-0.0002717475799569214,5.074194572370178e-06
4.223480000000146e-06,1.782508333497607,1.7825,-0.0002717438799540209,5.074194567651339e-06
4.225480000000146e-06,1.782508333479036,1.7825,-0.0002717475769743938,5.074194549007245e-06
4.227480000000147e-06,1.782508333589574,1.7825,-0.0002717438861892022,5.074194535799335e-06
4.229480000000147e-06,1.78250833357753,1.7825,-0.0002717475707711729,5.074194518748056e-06
4.231480000000147e-06,1.782508333627228,1.7825,-0.0002717438951516112,5.074194528497735e-06
4.233480000000147e-06,1.782508333551209,1.7825,-0.0002717475616339957,5.074194543883337e-06
4.235480000000147e-06,1.782508333623944,1.7825,-0.0002717439039227274,5.074194559176758e-06
4.237480000000147e-06,1.782508333604286,1.7825,-0.00027174755442528,5.074194543896642e-06
4.239480000000147e-06,1.78250833368876,1.7825,-0.0002717439115133006,5.0741945187078e-06
4.241480000000148e-06,1.782508333699202,1.7825,-0.0002717475447607879,5.074194538601488e-06
4.243480000000148e-06,1.782508333797217,1.7825,-0.0002717439197759115,5.074194557563235e-06
4.245480000000148e-06,1.782508333741872,1.7825,-0.0002717475352724455,5.07419454580011e-06
4.247480000000148e-06,1.7825083337484,1.7825,-0.000271743923776502,5.074194530611138e-06
4.249480000000148e-06,1.782508333626286,1.7825,-0.0002717475259761113,5.07419452240012e-06
4.251480000000148e-06,1.782508333554756,1.7825,-0.0002717439300121838,5.074194501188453e-06
4.253480000000149e-06,1.78250833331524,1.7825,-0.0002717475177781012,5.074194491828241e-06
4.255480000000149e-06,1.782508333159751,1.7825,-0.00027174393691745,5.07419452189471e-06
4.257480000000149e-06,1.782508332885869,1.7825,-0.0002717475104755073,5.07419455341066e-06
4.259480000000149e-06,1.782508332673716,1.7825,-0.0002717439449868565,5.074194551460502e-06
4.261480000000149e-06,1.782508332327621,1.7825,-0.000271747503346788,5.074194550588366e-06
4.263480000000149e-06,1.782508332106373,1.7825,-0.0002717439532792897,5.074194562404773e-06
4.265480000000149e-06,1.782508331878867,1.7825,-0.0002717474952294587,5.074194544790474e-06
4.26748000000015e-06,1.782508331864381,1.7825,-0.0002717439606622493,5.074194522153883e-06
4.26948000000015e-06,1.782508331852878,1.7825,-0.0002717474906366029,5.074194521490567e-06
4.27148000000015e-06,1.782508332021936,1.7825,-0.000271743969688639,5.074194494751299e-06
4.27348000000015e-06,1.78250833212081,1.7825,-0.0002717474836509813,5.074194502653765e-06
4.27548000000015e-06,1.782508332313783,1.7825,-0.0002717439792909194,5.074194518561132e-06
4.27748000000015e-06,1.782508332462041,1.7825,-0.0002717474745130509,5.074194500406475e-06
4.27948000000015e-06,1.782508332763587,1.7825,-0.000271743984950523,5.074194509416559e-06
4.281480000000151e-06,1.782508332945547,1.7825,-0.0002717474697298222,5.074194497292017e-06
4.283480000000151e-06,1.782508333153223,1.7825,-0.0002717439936253756,5.074194513554193e-06
4.285480000000151e-06,1.782508333212949,1.7825,-0.0002717474616766128,5.074194515679464e-06
4.287480000000151e-06,1.782508333313354,1.7825,-0.0002717439992546827,5.074194473869475e-06
4.289480000000151e-06,1.782508333281375,1.7825,-0.0002717474544041738,5.074194487179668e-06
4.291480000000151e-06,1.782508333313601,1.7825,-0.0002717440075319427,5.074194517229053e-06
4.293480000000152e-06,1.782508333190584,1.7825,-0.0002717474467352299,5.074194547846307e-06
4.295480000000152e-06,1.782508333153856,1.7825,-0.0002717440146123854,5.074194563602057e-06
4.297480000000152e-06,1.782508333098532,1.7825,-0.0002717474388562854,5.074194546947822e-06
4.299480000000152e-06,1.782508333220974,1.7825,-0.0002717440183913266,5.074194525098572e-06
4.301480000000152e-06,1.782508333294746,1.7825,-0.0002717474322539349,5.074194523021962e-06
4.303480000000152e-06,1.782508333522185,1.7825,-0.0002717440252644395,5.074194512233884e-06
4.305480000000152e-06,1.782508333698422,1.7825,-0.0002717474223659836,5.074194499168195e-06
4.307480000000153e-06,1.782508333943752,1.7825,-0.0002717440316923718,5.07419451758441e-06
4.309480000000153e-06,1.782508334055419,1.7825,-0.0002717474155728893,5.074194501785183e-06
4.311480000000153e-06,1.782508334169183,1.7825,-0.0002717440369542945,5.074194502263067e-06
4.313480000000153e-06,1.78250833411059,1.7825,-0.0002717474100237789,5.074194534258692e-06
4.315480000000153e-06,1.782508334093654,1.7825,-0.0002717440467462341,5.074194554601998e-06
4.317480000000153e-06,1.782508334017968,1.7825,-0.0002717474015715607,5.074194554406941e-06
4.319480000000154e-06,1.782508334057126,1.7825,-0.0002717440543682983,5.074194547627377e-06
4.321480000000154e-06,1.782508333989749,1.7825,-0.000271747395830892,5.07419457840011e-06
4.323480000000154e-06,1.782508334036521,1.7825,-0.0002717440598228758,5.074194592225074e-06
4.325480000000154e-06,1.782508334021412,1.7825,-0.0002717473879371652,5.07419458804896e-06
4.327480000000154e-06,1.782508334053463,1.7825,-0.0002717440679700493,5.074194569776248e-06
4.329480000000154e-06,1.78250833397562,1.7825,-0.0002717473812233214,5.074194569423804e-06
4.331480000000154e-06,1.782508334019456,1.7825,-0.0002717440728194993,5.074194571671088e-06
4.333480000000155e-06,1.782508333940219,1.7825,-0.0002717473756730356,5.074194544793366e-06
4.335480000000155e-06,1.782508333913813,1.7825,-0.0002717440801384345,5.074194504776874e-06
4.337480000000155e-06,1.782508333787783,1.7825,-0.000271747368289483,5.074194483564945e-06
4.339480000000155e-06,1.782508333688342,1.7825,-0.0002717440870913173,5.074194486068146e-06
4.341480000000155e-06,1.782508333425477,1.7825,-0.0002717473620875179,5.074194504126543e-06
4.343480000000155e-06,1.782508333202794,1.7825,-0.0002717440946185579,5.074194525941217e-06
4.345480000000155e-06,1.782508332889048,1.7825,-0.0002717473565698452,5.074194544000928e-06
4.347480000000156e-06,1.782508332643663,1.7825,-0.0002717440999772488,5.074194552385767e-06
4.349480000000156e-06,1.782508332349249,1.7825,-0.0002717473501896969,5.074194538244969e-06
4.351480000000156e-06,1.782508332235823,1.7825,-0.000271744107201528,5.074194530196018e-06
4.353480000000156e-06,1.782508332089933,1.7825,-0.0002717473420884668,5.074194526028971e-06
4.355480000000156e-06,1.782508331991242,1.7825,-0.0002717441153188161,5.074194531334774e-06
4.357480000000156e-06,1.782508331791875,1.7825,-0.000271747335868767,5.074194512870666e-06
4.359480000000157e-06,1.782508331742294,1.7825,-0.0002717441210597695,5.074194513091755e-06
4.361480000000157e-06,1.782508331697114,1.7825,-0.0002717473307495016,5.074194516976084e-06
4.363480000000157e-06,1.782508331825951,1.7825,-0.0002717441279333956,5.074194494611389e-06
4.365480000000157e-06,1.78250833197542,1.7825,-0.0002717473241158441,5.074194501467111e-06
4.367480000000157e-06,1.78250833230272,1.7825,-0.0002717441349176632,5.074194513589955e-06
4.369480000000157e-06,1.782508332587012,1.7825,-0.0002717473184713939,5.074194511347258e-06
4.371480000000157e-06,1.782508332915868,1.7825,-0.0002717441437998345,5.074194515857665e-06
4.373480000000158e-06,1.782508333218398,1.7825,-0.0002717473115659323,5.074194496471561e-06
4.375480000000158e-06,1.78250833362467,1.7825,-0.0002717441506892482,5.074194486740503e-06
4.377480000000158e-06,1.78250833389253,1.7825,-0.0002717473071006293,5.074194503851508e-06
4.379480000000158e-06,1.782508334200666,1.7825,-0.0002717441575467765,5.074194493594847e-06
4.381480000000158e-06,1.782508334418474,1.7825,-0.0002717473003069726,5.074194533592763e-06
4.383480000000158e-06,1.782508334696124,1.7825,-0.0002717441624273743,5.074194558928133e-06
4.385480000000158e-06,1.782508334848201,1.7825,-0.0002717472937208456,5.074194527759045e-06
4.387480000000159e-06,1.782508335040554,1.7825,-0.000271744166365342,5.074194538036065e-06
4.389480000000159e-06,1.782508335157233,1.7825,-0.0002717472854767387,5.074194572211645e-06
4.391480000000159e-06,1.782508335372835,1.7825,-0.0002717441702094526,5.074194582963918e-06
4.393480000000159e-06,1.782508335465819,1.7825,-0.0002717472782843149,5.074194592841186e-06
4.395480000000159e-06,1.782508335550039,1.7825,-0.0002717441766673682,5.074194606798417e-06
4.397480000000159e-06,1.782508335497937,1.7825,-0.000271747272606347,5.074194596859951e-06
4.39948000000016e-06,1.782508335530621,1.7825,-0.0002717441836362161,5.074194551946048e-06
4.40148000000016e-06,1.782508335472065,1.7825,-0.0002717472656524054,5.074194520474281e-06
4.40348000000016e-06,1.782508335388803,1.7825,-0.000271744189696229,5.074194531405521e-06
4.40548000000016e-06,1.782508335189575,1.7825,-0.0002717472588926515,5.074194564938355e-06
4.40748000000016e-06,1.782508335001191,1.7825,-0.0002717441963314555,5.07419459217912e-06
4.40948000000016e-06,1.782508334734889,1.7825,-0.0002717472514279814,5.074194570787259e-06
4.41148000000016e-06,1.782508334591234,1.7825,-0.0002717442030447053,5.074194562152284e-06
4.413480000000161e-06,1.782508334326388,1.7825,-0.0002717472464689679,5.074194576633297e-06
4.415480000000161e-06,1.782508334117952,1.7825,-0.0002717442095989623,5.074194574494283e-06
4.417480000000161e-06,1.782508333917894,1.7825,-0.0002717472409826161,5.07419457126278e-06
4.419480000000161e-06,1.782508333816069,1.7825,-0.0002717442148286231,5.074194556842632e-06
4.421480000000161e-06,1.782508333564052,1.7825,-0.0002717472346368325,5.074194570550475e-06
4.423480000000161e-06,1.782508333364767,1.7825,-0.0002717442212399775,5.074194565423152e-06
4.425480000000161e-06,1.782508333081005,1.7825,-0.0002717472296606323,5.074194541102085e-06
4.427480000000162e-06,1.78250833292119,1.7825,-0.0002717442261191038,5.074194523918626e-06
4.429480000000162e-06,1.782508332754256,1.7825,-0.000271747223903703,5.074194509505352e-06
4.431480000000162e-06,1.78250833265208,1.7825,-0.0002717442350497832,5.074194521357345e-06
4.433480000000162e-06,1.782508332469827,1.7825,-0.0002717472194552045,5.074194513353249e-06
4.435480000000162e-06,1.782508332360384,1.7825,-0.0002717442440280815,5.074194508566592e-06
4.437480000000162e-06,1.782508332239375,1.7825,-0.0002717472136502149,5.074194515544442e-06
4.439480000000163e-06,1.782508332257756,1.7825,-0.0002717442503592336,5.074194517199163e-06
4.441480000000163e-06,1.782508332322397,1.7825,-0.0002717472084828261,5.074194492659e-06
4.443480000000163e-06,1.782508332583861,1.7825,-0.0002717442562922973,5.074194503306955e-06
4.445480000000163e-06,1.782508332816531,1.7825,-0.0002717472041454245,5.07419451156053e-06
4.447480000000163e-06,1.782508333069514,1.7825,-0.0002717442613142531,5.074194481687145e-06
4.449480000000163e-06,1.782508333246136,1.7825,-0.0002717471990268491,5.074194498393802e-06
4.451480000000163e-06,1.782508333502109,1.7825,-0.0002717442662111733,5.074194503547961e-06
4.453480000000164e-06,1.782508333667568,1.7825,-0.0002717471918014662,5.074194494516909e-06
4.455480000000164e-06,1.782508333819063,1.7825,-0.0002717442723837161,5.074194520032266e-06
4.457480000000164e-06,1.782508333813689,1.7825,-0.0002717471862048418,5.074194561614265e-06
4.459480000000164e-06,1.782508333890967,1.7825,-0.0002717442788421714,5.074194582689874e-06
4.461480000000164e-06,1.782508334007194,1.7825,-0.0002717471799697,5.07419457973458e-06
4.463480000000164e-06,1.782508334293226,1.7825,-0.0002717442828110409,5.074194559735025e-06
4.465480000000164e-06,1.782508334580101,1.7825,-0.0002717471738940896,5.074194568478193e-06
4.467480000000165e-06,1.78250833497162,1.7825,-0.0002717442859379261,5.074194562295895e-06
4.469480000000165e-06,1.782508335282071,1.7825,-0.0002717471667965004,5.074194539293174e-06
4.471480000000165e-06,1.782508335556621,1.7825,-0.0002717442910405838,5.074194527421748e-06
4.473480000000165e-06,1.782508335685556,1.7825,-0.0002717471582649133,5.074194511338965e-06
4.475480000000165e-06,1.782508335750027,1.7825,-0.0002717442971961775,5.074194516904194e-06
4.477480000000165e-06,1.782508335621992,1.7825,-0.0002717471537679421,5.074194519379448e-06
4.479480000000166e-06,1.782508335475793,1.7825,-0.0002717443010401561,5.074194526405158e-06
4.481480000000166e-06,1.782508335153187,1.7825,-0.0002717471479790629,5.074194515746785e-06
4.483480000000166e-06,1.782508334771388,1.7825,-0.000271744308120348,5.074194493854009e-06
4.485480000000166e-06,1.78250833429326,1.7825,-0.0002717471425084262,5.074194504196144e-06
4.487480000000166e-06,1.782508333848219,1.7825,-0.0002717443129058015,5.074194510888069e-06
4.489480000000166e-06,1.782508333275655,1.7825,-0.0002717471351088004,5.074194484554648e-06
4.491480000000166e-06,1.782508332734779,1.7825,-0.0002717443175447979,5.074194484602134e-06
4.493480000000167e-06,1.782508332113344,1.7825,-0.0002717471297681928,5.074194530029483e-06
4.495480000000167e-06,1.782508331617169,1.7825,-0.0002717443244350632,5.074194539911018e-06
4.497480000000167e-06,1.782508331235552,1.7825,-0.0002717471265139686,5.074194537806765e-06
4.499480000000167e-06,1.782508331127214,1.7825,-0.0002717443300635916,5.074194519192802e-06
4.501480000000167e-06,1.782508331134019,1.7825,-0.0002717471222875289,5.074194505826532e-06
4.503480000000167e-06,1.782508331270679,1.7825,-0.0002717443389629918,5.074194521167015e-06
4.505480000000167e-06,1.782508331359492,1.7825,-0.0002717471191782003,5.074194506014171e-06
4.507480000000168e-06,1.782508331539597,1.7825,-0.0002717443424389895,5.074194520286965e-06
4.509480000000168e-06,1.78250833172381,1.7825,-0.000271747114027892,5.074194525155092e-06
4.511480000000168e-06,1.782508332088549,1.7825,-0.0002717443512571852,5.074194508296378e-06
4.513480000000168e-06,1.782508332531396,1.7825,-0.0002717471086535933,5.074194524891148e-06
4.515480000000168e-06,1.782508333107528,1.7825,-0.0002717443562972795,5.074194557469429e-06
4.517480000000168e-06,1.782508333655628,1.7825,-0.0002717471042848928,5.074194567910007e-06
4.519480000000169e-06,1.782508334280924,1.7825,-0.0002717443606343588,5.074194560329815e-06
4.521480000000169e-06,1.782508334860273,1.7825,-0.0002717470960075242,5.074194576969861e-06
4.523480000000169e-06,1.782508335484841,1.7825,-0.0002717443657859001,5.074194601149783e-06
4.525480000000169e-06,1.782508336076876,1.7825,-0.0002717470900274265,5.074194579985725e-06
4.527480000000169e-06,1.782508336676278,1.7825,-0.000271744369085213,5.074194555041155e-06
4.529480000000169e-06,1.78250833710744,1.7825,-0.0002717470857058422,5.074194543817309e-06
4.531480000000169e-06,1.782508337462573,1.7825,-0.0002717443744118822,5.074194510058952e-06
4.53348000000017e-06,1.782508337647213,1.7825,-0.0002717470783214426,5.074194509053078e-06
4.53548000000017e-06,1.782508337768821,1.7825,-0.0002717443781440772,5.074194507440104e-06
4.53748000000017e-06,1.782508337686501,1.7825,-0.0002717470717836695,5.074194496753523e-06
4.53948000000017e-06,1.782508337486195,1.7825,-0.0002717443835664429,5.074194515255876e-06
4.54148000000017e-06,1.782508337020277,1.7825,-0.0002717470670155848,5.074194525530861e-06
4.54348000000017e-06,1.78250833646987,1.7825,-0.0002717443873298581,5.07419449987665e-06
4.54548000000017e-06,1.782508335781253,1.7825,-0.0002717470617205182,5.074194505620964e-06
4.547480000000171e-06,1.782508335086627,1.7825,-0.0002717443916841295,5.074194507438965e-06
4.549480000000171e-06,1.782508334327913,1.7825,-0.0002717470562821597,5.0741945002478e-06
4.551480000000171e-06,1.782508333706782,1.7825,-0.000271744397185943,5.074194525597617e-06
4.553480000000171e-06,1.78250833314113,1.7825,-0.0002717470511324945,5.074194559933464e-06
4.555480000000171e-06,1.782508332732587,1.7825,-0.000271744402528872,5.074194587953564e-06
4.557480000000171e-06,1.78250833238227,1.7825,-0.0002717470466346554,5.074194574170563e-06
4.559480000000172e-06,1.782508332264433,1.7825,-0.0002717444073430804,5.074194557495914e-06
4.561480000000172e-06,1.782508332325391,1.7825,-0.0002717470428716881,5.074194580075249e-06
4.563480000000172e-06,1.782508332652708,1.7825,-0.0002717444167852845,5.074194604250353e-06
4.565480000000172e-06,1.782508333114315,1.7825,-0.0002717470408931721,5.074194574145276e-06
4.567480000000172e-06,1.78250833377398,1.7825,-0.0002717444246147135,5.074194573114031e-06
4.569480000000172e-06,1.78250833450014,1.7825,-0.0002717470365879361,5.074194592133171e-06
4.571480000000172e-06,1.78250833533064,1.7825,-0.0002717444283783492,5.074194563015925e-06
4.573480000000173e-06,1.782508336190019,1.7825,-0.0002717470306712847,5.074194538291401e-06
4.575480000000173e-06,1.782508337080692,1.7825,-0.0002717444331299646,5.074194518205274e-06
4.577480000000173e-06,1.782508337797115,1.7825,-0.0002717470271624553,5.074194512713521e-06
4.579480000000173e-06,1.782508338427018,1.7825,-0.0002717444387120592,5.074194515710119e-06
4.581480000000173e-06,1.782508338874411,1.7825,-0.0002717470200662056,5.074194492203653e-06
4.583480000000173e-06,1.782508339197655,1.7825,-0.0002717444409610778,5.074194500011473e-06
4.585480000000173e-06,1.78250833924975,1.7825,-0.0002717470156809424,5.074194509567377e-06
4.587480000000174e-06,1.782508339163554,1.7825,-0.000271744444325115,5.074194492719727e-06
4.589480000000174e-06,1.782508338923836,1.7825,-0.0002717470101637834,5.074194509169966e-06
4.591480000000174e-06,1.782508338648423,1.7825,-0.0002717444484242187,5.074194519163244e-06
4.593480000000174e-06,1.7825083382168,1.7825,-0.0002717470047407012,5.074194505247791e-06
4.595480000000174e-06,1.782508337734572,1.7825,-0.0002717444523630801,5.074194517963464e-06
4.597480000000174e-06,1.782508337147594,1.7825,-0.0002717469992082204,5.07419451795134e-06
4.599480000000175e-06,1.782508336600157,1.7825,-0.00027174445679552,5.074194479511214e-06
4.601480000000175e-06,1.782508336039071,1.7825,-0.000271746993083436,5.074194482559462e-06
4.603480000000175e-06,1.782508335593662,1.7825,-0.0002717444615816266,5.074194519840793e-06
4.605480000000175e-06,1.782508335136192,1.7825,-0.0002717469890488332,5.074194540286185e-06
4.607480000000175e-06,1.782508334794264,1.7825,-0.000271744464930404,5.074194539649099e-06
4.609480000000175e-06,1.782508334518073,1.7825,-0.0002717469838345856,5.074194552489868e-06
4.611480000000175e-06,1.782508334423905,1.7825,-0.0002717444717549067,5.074194567244891e-06
4.613480000000176e-06,1.782508334442221,1.7825,-0.0002717469805174253,5.074194556384012e-06
4.615480000000176e-06,1.782508334573419,1.7825,-0.0002717444747210679,5.07419456962903e-06
4.617480000000176e-06,1.782508334714065,1.7825,-0.000271746974122821,5.074194561321831e-06
4.619480000000176e-06,1.782508334939464,1.7825,-0.0002717444799352631,5.074194556727349e-06
4.621480000000176e-06,1.782508335092636,1.7825,-0.0002717469708536242,5.074194579272035e-06
4.623480000000176e-06,1.782508335248489,1.7825,-0.000271744481387277,5.07419458252433e-06
4.625480000000176e-06,1.782508335310011,1.7825,-0.0002717469635974733,5.074194561398668e-06
4.627480000000177e-06,1.782508335353765,1.7825,-0.0002717444869840561,5.074194558907965e-06
4.629480000000177e-06,1.782508335260258,1.7825,-0.0002717469582070075,5.074194580254754e-06
4.631480000000177e-06,1.782508335156658,1.7825,-0.0002717444913222377,5.074194584696064e-06
4.633480000000177e-06,1.782508335021358,1.7825,-0.0002717469568194638,5.07419455875428e-06
4.635480000000177e-06,1.78250833491514,1.7825,-0.0002717444958347758,5.074194524059506e-06
4.637480000000177e-06,1.782508334707614,1.7825,-0.0002717469504884779,5.074194526573712e-06
4.639480000000178e-06,1.7825083345447,1.7825,-0.0002717445012570078,5.074194515961782e-06
4.641480000000178e-06,1.782508334347185,1.7825,-0.0002717469476656727,5.074194510679539e-06
4.643480000000178e-06,1.782508334188527,1.7825,-0.0002717445088803718,5.074194516273442e-06
4.645480000000178e-06,1.782508334009254,1.7825,-0.0002717469435835815,5.074194523101361e-06
4.647480000000178e-06,1.782508333905211,1.7825,-0.0002717445133611662,5.074194505782314e-06
4.649480000000178e-06,1.782508333817764,1.7825,-0.0002717469400111786,5.074194509246699e-06
4.651480000000178e-06,1.782508333792023,1.7825,-0.0002717445205698186,5.074194525972672e-06
4.653480000000179e-06,1.78250833376424,1.7825,-0.0002717469390381917,5.074194547823961e-06
4.655480000000179e-06,1.782508333881314,1.7825,-0.0002717445255936665,5.074194570946518e-06
4.657480000000179e-06,1.782508334024157,1.7825,-0.000271746934063435,5.074194579288316e-06
4.659480000000179e-06,1.782508334210951,1.7825,-0.0002717445295799107,5.074194575368928e-06
4.661480000000179e-06,1.782508334407081,1.7825,-0.0002717469296294569,5.074194556218671e-06
4.663480000000179e-06,1.782508334761327,1.7825,-0.0002717445332792963,5.074194527054207e-06
4.665480000000179e-06,1.782508335144771,1.7825,-0.0002717469247966023,5.074194511796494e-06
4.66748000000018e-06,1.782508335552962,1.7825,-0.0002717445377770588,5.074194541147297e-06
4.66948000000018e-06,1.782508335895555,1.7825,-0.0002717469209860808,5.0741945472291e-06
4.67148000000018e-06,1.782508336224689,1.7825,-0.0002717445394509838,5.074194557112362e-06
4.67348000000018e-06,1.782508336476528,1.7825,-0.0002717469168724905,5.074194567529901e-06
4.67548000000018e-06,1.782508336734591,1.7825,-0.0002717445456383443,5.074194552335464e-06
4.67748000000018e-06,1.782508336893387,1.7825,-0.0002717469128046245,5.074194532127242e-06
4.679480000000181e-06,1.782508337006649,1.7825,-0.0002717445488123564,5.074194513081e-06
4.681480000000181e-06,1.782508337000777,1.7825,-0.0002717469056757837,5.074194525639277e-06
4.683480000000181e-06,1.782508336970706,1.7825,-0.0002717445518106974,5.074194535693864e-06
4.685480000000181e-06,1.782508336861373,1.7825,-0.0002717468984377484,5.074194551705653e-06
4.687480000000181e-06,1.782508336723958,1.7825,-0.0002717445541702986,5.074194560506416e-06
4.689480000000181e-06,1.782508336478809,1.7825,-0.0002717468954224848,5.074194558365327e-06
4.691480000000181e-06,1.782508336212966,1.7825,-0.0002717445591459178,5.074194561273321e-06
4.693480000000182e-06,1.782508335857561,1.7825,-0.0002717468900324365,5.074194555024616e-06
4.695480000000182e-06,1.782508335541009,1.7825,-0.0002717445646001618,5.074194572247862e-06
4.697480000000182e-06,1.782508335235469,1.7825,-0.0002717468873854225,5.074194548508708e-06
4.699480000000182e-06,1.782508334984722,1.7825,-0.0002717445680757586,5.07419452520937e-06
4.701480000000182e-06,1.782508334720611,1.7825,-0.000271746883813254,5.074194536962729e-06
4.703480000000182e-06,1.782508334536163,1.7825,-0.0002717445708991556,5.074194557341736e-06
4.705480000000183e-06,1.782508334351084,1.7825,-0.0002717468784233405,5.074194560824861e-06
4.707480000000183e-06,1.782508334189064,1.7825,-0.0002717445741201645,5.074194548650844e-06
4.709480000000183e-06,1.782508333973059,1.7825,-0.0002717468743244175,5.074194530607968e-06
4.711480000000183e-06,1.782508333862981,1.7825,-0.0002717445805148643,5.074194497784158e-06
4.713480000000183e-06,1.7825083337556,1.7825,-0.0002717468725697634,5.074194487735704e-06
4.715480000000183e-06,1.782508333768527,1.7825,-0.000271744585984895,5.074194487082215e-06
4.717480000000183e-06,1.782508333805435,1.7825,-0.0002717468709440819,5.074194517272662e-06
4.719480000000184e-06,1.782508333826696,1.7825,-0.0002717445913920747,5.074194557672578e-06
4.721480000000184e-06,1.782508333877336,1.7825,-0.0002717468657614927,5.074194568461109e-06
4.723480000000184e-06,1.782508334091148,1.7825,-0.0002717445933210535,5.074194555984161e-06
4.725480000000184e-06,1.782508334366584,1.7825,-0.0002717468619652003,5.074194559075398e-06
4.727480000000184e-06,1.782508334721659,1.7825,-0.0002717445993013444,5.074194558432703e-06
4.729480000000184e-06,1.782508335067227,1.7825,-0.0002717468570536075,5.074194559038971e-06
4.731480000000184e-06,1.78250833547772,1.7825,-0.0002717446024906105,5.074194571220844e-06
4.733480000000185e-06,1.782508335845564,1.7825,-0.0002717468535606185,5.074194543305686e-06
4.735480000000185e-06,1.782508336213804,1.7825,-0.00027174460642898,5.074194520643943e-06
4.737480000000185e-06,1.78250833649192,1.7825,-0.0002717468487609462,5.074194525299337e-06
4.739480000000185e-06,1.782508336727743,1.7825,-0.0002717446105439504,5.074194506267678e-06
4.741480000000185e-06,1.782508336864675,1.7825,-0.0002717468459219913,5.074194524093479e-06
4.743480000000185e-06,1.782508336932618,1.7825,-0.0002717446133362875,5.074194567114205e-06
4.745480000000186e-06,1.782508336871298,1.7825,-0.0002717468420794291,5.074194564869714e-06
4.747480000000186e-06,1.782508336792534,1.7825,-0.0002717446185165419,5.074194545208232e-06
4.749480000000186e-06,1.782508336648856,1.7825,-0.0002717468366409439,5.074194528506991e-06
4.751480000000186e-06,1.782508336532216,1.7825,-0.0002717446214995109,5.074194515005831e-06
4.753480000000186e-06,1.782508336378152,1.7825,-0.0002717468312505133,5.074194505951834e-06
4.755480000000186e-06,1.782508336161764,1.7825,-0.0002717446246416717,5.074194525673439e-06
4.757480000000186e-06,1.782508335840985,1.7825,-0.0002717468259249511,5.074194565181473e-06
4.759480000000187e-06,1.782508335509873,1.7825,-0.0002717446275282871,5.074194567931269e-06
4.761480000000187e-06,1.78250833505375,1.7825,-0.0002717468233568065,5.074194546107724e-06
4.763480000000187e-06,1.782508334660843,1.7825,-0.0002717446337313651,5.074194530867538e-06
4.765480000000187e-06,1.782508334378153,1.7825,-0.0002717468181414884,5.074194517831927e-06
4.767480000000187e-06,1.78250833421765,1.7825,-0.000271744637351136,5.074194506783753e-06
4.769480000000187e-06,1.782508334068282,1.7825,-0.0002717468122582583,5.074194517585794e-06
4.771480000000187e-06,1.782508333956634,1.7825,-0.0002717446401897419,5.074194525919176e-06
4.773480000000188e-06,1.782508333832889,1.7825,-0.0002717468128956746,5.074194512143701e-06
4.775480000000188e-06,1.782508333764142,1.7825,-0.000271744643729863,5.074194510702196e-06
4.777480000000188e-06,1.782508333652913,1.7825,-0.0002717468078084688,5.074194517669467e-06
4.779480000000188e-06,1.782508333566343,1.7825,-0.0002717446493120263,5.074194528907666e-06
4.781480000000188e-06,1.782508333487292,1.7825,-0.0002717468042684933,5.074194554486693e-06
4.783480000000188e-06,1.782508333488025,1.7825,-0.0002717446530755492,5.074194548275235e-06
4.785480000000189e-06,1.782508333546075,1.7825,-0.0002717468024665304,5.074194560982554e-06
4.787480000000189e-06,1.782508333739565,1.7825,-0.0002717446579235265,5.074194570399543e-06
4.789480000000189e-06,1.782508333954856,1.7825,-0.0002717467972351181,5.074194536897088e-06
4.791480000000189e-06,1.782508334273567,1.7825,-0.000271744661128463,5.07419453353329e-06
4.793480000000189e-06,1.782508334623667,1.7825,-0.0002717467944601286,5.074194523849592e-06
4.795480000000189e-06,1.782508334979092,1.7825,-0.0002717446632173748,5.074194497845771e-06
4.797480000000189e-06,1.782508335281645,1.7825,-0.0002717467897238317,5.074194503513514e-06
4.79948000000019e-06,1.782508335528569,1.7825,-0.0002717446674767495,5.074194523676279e-06
4.80148000000019e-06,1.782508335640368,1.7825,-0.0002717467878105377,5.074194554898173e-06
4.80348000000019e-06,1.782508335714942,1.7825,-0.0002717446734400214,5.074194550766007e-06
4.80548000000019e-06,1.78250833577476,1.7825,-0.0002717467801716498,5.074194554315109e-06
4.80748000000019e-06,1.782508335832889,1.7825,-0.0002717446743661153,5.074194583088618e-06
4.80948000000019e-06,1.782508335797286,1.7825,-0.0002717467786404884,5.074194580771913e-06
4.81148000000019e-06,1.782508335775583,1.7825,-0.0002717446789732951,5.074194577681063e-06
4.813480000000191e-06,1.782508335719889,1.7825,-0.0002717467735853703,5.074194561618296e-06
4.815480000000191e-06,1.782508335657129,1.7825,-0.0002717446835191108,5.074194574161599e-06
4.817480000000191e-06,1.782508335531939,1.7825,-0.0002717467705711275,5.074194552952919e-06
4.819480000000191e-06,1.782508335415511,1.7825,-0.0002717446843629101,5.074194512108563e-06
4.821480000000191e-06,1.782508335262148,1.7825,-0.0002717467661212162,5.074194512415672e-06
4.823480000000191e-06,1.782508335044367,1.7825,-0.0002717446892767627,5.074194512598695e-06
4.825480000000192e-06,1.78250833473957,1.7825,-0.0002717467602368471,5.07419451048886e-06
4.827480000000192e-06,1.782508334419978,1.7825,-0.0002717446927687328,5.074194510066512e-06
4.829480000000192e-06,1.782508334003797,1.7825,-0.0002717467596951668,5.074194513396215e-06
4.831480000000192e-06,1.782508333586842,1.7825,-0.0002717446960531749,5.07419449933257e-06
4.833480000000192e-06,1.782508333107914,1.7825,-0.0002717467571598403,5.074194514563094e-06
4.835480000000192e-06,1.782508332697643,1.7825,-0.0002717447003593525,5.074194515887836e-06
4.837480000000192e-06,1.782508332292977,1.7825,-0.0002717467532998354,5.074194479762425e-06
4.839480000000193e-06,1.782508331929719,1.7825,-0.0002717447047928484,5.074194491187627e-06
4.841480000000193e-06,1.782508331607406,1.7825,-0.0002717467517218547,5.074194524425178e-06
4.843480000000193e-06,1.782508331405999,1.7825,-0.0002717447066914521,5.074194552144852e-06
4.845480000000193e-06,1.782508331336537,1.7825,-0.0002717467483250114,5.074194546708627e-06
4.847480000000193e-06,1.782508331470749,1.7825,-0.0002717447131970317,5.074194556599222e-06
4.849480000000193e-06,1.782508331807548,1.7825,-0.0002717467464911301,5.074194578313681e-06
4.851480000000193e-06,1.782508332340433,1.7825,-0.0002717447192094394,5.074194583759849e-06
4.853480000000194e-06,1.782508332941758,1.7825,-0.0002717467432373238,5.07419455930087e-06
4.855480000000194e-06,1.78250833365048,1.7825,-0.0002717447211059472,5.074194516555975e-06
4.857480000000194e-06,1.782508334362232,1.7825,-0.00027174674043044,5.074194515802342e-06
4.859480000000194e-06,1.782508335002514,1.7825,-0.0002717447254125926,5.074194508459958e-06
4.861480000000194e-06,1.78250833553122,1.7825,-0.0002717467355342037,5.074194504740641e-06
4.863480000000194e-06,1.782508335971818,1.7825,-0.0002717447298304497,5.074194512931553e-06
4.865480000000195e-06,1.782508336254934,1.7825,-0.0002717467322658264,5.074194498689795e-06
4.867480000000195e-06,1.782508336470092,1.7825,-0.0002717447307554231,5.074194522747422e-06
4.869480000000195e-06,1.782508336509718,1.7825,-0.0002717467299059295,5.074194574285229e-06
4.871480000000195e-06,1.782508336433561,1.7825,-0.0002717447353163835,5.074194559081502e-06
4.873480000000195e-06,1.782508336329181,1.7825,-0.0002717467264924408,5.074194562405155e-06
4.875480000000195e-06,1.782508336303589,1.7825,-0.0002717447372303906,5.074194593020259e-06
4.877480000000195e-06,1.78250833631586,1.7825,-0.0002717467205762176,5.074194572895543e-06
4.879480000000196e-06,1.782508336344491,1.7825,-0.0002717447388717461,5.074194573771158e-06
4.881480000000196e-06,1.782508336360525,1.7825,-0.0002717467138628823,5.074194575746992e-06
4.883480000000196e-06,1.782508336415403,1.7825,-0.000271744740801472,5.074194553360852e-06
4.885480000000196e-06,1.782508336395417,1.7825,-0.0002717467144997486,5.074194541237612e-06
4.887480000000196e-06,1.782508336387659,1.7825,-0.0002717447433212156,5.074194520613551e-06
4.889480000000196e-06,1.782508336347268,1.7825,-0.0002717467084882463,5.0741945245827e-06
4.891480000000196e-06,1.7825083362876,1.7825,-0.0002717447495567408,5.074194526417699e-06
4.893480000000197e-06,1.782508336182355,1.7825,-0.0002717467068772256,5.074194516154474e-06
4.895480000000197e-06,1.782508336080002,1.7825,-0.0002717447519329361,5.074194512205511e-06
4.897480000000197e-06,1.782508335969618,1.7825,-0.0002717467027790259,5.074194509193258e-06
4.899480000000197e-06,1.78250833587067,1.7825,-0.0002717447529861124,5.074194505930634e-06
4.901480000000197e-06,1.782508335682297,1.7825,-0.0002717466983608751,5.074194519892146e-06
4.903480000000197e-06,1.782508335417707,1.7825,-0.0002717447574038995,5.074194530937019e-06
4.905480000000198e-06,1.782508335111504,1.7825,-0.0002717466955395869,5.074194557939661e-06
4.907480000000198e-06,1.782508334841047,1.7825,-0.0002717447597632588,5.074194569241935e-06
4.909480000000198e-06,1.782508334593705,1.7825,-0.0002717466934970175,5.074194529981787e-06
4.911480000000198e-06,1.782508334449567,1.7825,-0.0002717447628736941,5.074194538313239e-06
4.913480000000198e-06,1.782508334375827,1.7825,-0.0002717466898780533,5.074194577516226e-06
4.915480000000198e-06,1.782508334423916,1.7825,-0.0002717447675298332,5.074194583930137e-06
4.917480000000198e-06,1.782508334543659,1.7825,-0.0002717466881234596,5.074194580901953e-06
4.919480000000199e-06,1.78250833477701,1.7825,-0.0002717447726165474,5.074194569932298e-06
4.921480000000199e-06,1.782508335095371,1.7825,-0.0002717466847420145,5.074194552961134e-06
4.923480000000199e-06,1.782508335512714,1.7825,-0.0002717447745782964,5.074194521060575e-06
4.925480000000199e-06,1.782508335929752,1.7825,-0.0002717466808509173,5.074194509309427e-06
4.927480000000199e-06,1.782508336305661,1.7825,-0.0002717447782305467,5.074194530512346e-06
4.929480000000199e-06,1.782508336590414,1.7825,-0.0002717466801823134,5.074194552110062e-06
4.931480000000199e-06,1.782508336764945,1.7825,-0.0002717447820731358,5.074194553429521e-06
4.9334800000002e-06,1.782508336820048,1.7825,-0.0002717466744088658,5.074194553741008e-06
4.9354800000002e-06,1.782508336843841,1.7825,-0.0002717447834136439,5.074194569274809e-06
4.9374800000002e-06,1.782508336755721,1.7825,-0.0002717466702309226,5.074194556717451e-06
4.9394800000002e-06,1.7825083366515,1.7825,-0.0002717447836042446,5.074194568589774e-06
4.9414800000002e-06,1.782508336511674,1.7825,-0.0002717466668176828,5.074194555456862e-06
4.9434800000002e-06,1.782508336354472,1.7825,-0.0002717447860759553,5.074194558957665e-06
4.945480000000201e-06,1.782508336184516,1.7825,-0.0002717466631505222,5.074194567744745e-06
4.947480000000201e-06,1.782508335991407,1.7825,-0.0002717447915458723,5.074194540752276e-06
4.949480000000201e-06,1.782508335715271,1.7825,-0.0002717466587319975,5.074194519968219e-06
4.951480000000201e-06,1.782508335412757,1.7825,-0.0002717447928379428,5.07419451373206e-06
4.953480000000201e-06,1.782508335032796,1.7825,-0.0002717466562922905,5.074194516847794e-06
4.955480000000201e-06,1.78250833464738,1.7825,-0.0002717447949750472,5.074194490823799e-06
4.957480000000201e-06,1.782508334248336,1.7825,-0.0002717466541069884,5.074194482446718e-06
4.959480000000202e-06,1.782508333864132,1.7825,-0.0002717447983566195,5.074194494807251e-06
4.961480000000202e-06,1.782508333450664,1.7825,-0.0002717466516676669,5.074194502028501e-06
4.963480000000202e-06,1.782508333068711,1.7825,-0.0002717447999982474,5.074194511200309e-06
4.965480000000202e-06,1.782508332721859,1.7825,-0.0002717466468041957,5.07419449537991e-06
4.967480000000202e-06,1.782508332443634,1.7825,-0.0002717448055791976,5.074194489008953e-06
4.969480000000202e-06,1.782508332200831,1.7825,-0.0002717466477296085,5.074194524388972e-06
4.971480000000202e-06,1.782508332056007,1.7825,-0.000271744811687877,5.074194545338781e-06
4.973480000000203e-06,1.782508332027444,1.7825,-0.0002717466432321692,5.074194560430948e-06
4.975480000000203e-06,1.782508332130152,1.7825,-0.0002717448129474717,5.074194550965881e-06
4.977480000000203e-06,1.78250833230353,1.7825,-0.0002717466420042836,5.074194556975141e-06
4.979480000000203e-06,1.782508332606153,1.7825,-0.0002717448143831788,5.074194568641518e-06
4.981480000000203e-06,1.782508332955109,1.7825,-0.0002717466373308563,5.074194539676325e-06
4.983480000000203e-06,1.782508333357328,1.7825,-0.0002717448167427127,5.074194512189785e-06
4.985480000000204e-06,1.782508333803828,1.7825,-0.0002717466334402648,5.074194532099878e-06
4.987480000000204e-06,1.782508334288643,1.7825,-0.0002717448241749341,5.074194565555386e-06
4.989480000000204e-06,1.782508334759214,1.7825,-0.0002717466344290334,5.074194574007022e-06
4.991480000000204e-06,1.782508335200121,1.7825,-0.0002717448274918774,5.07419455944819e-06
4.993480000000204e-06,1.782508335640026,1.7825,-0.0002717466291180787,5.074194572772271e-06
4.995480000000204e-06,1.782508336118899,1.7825,-0.0002717448281453705,5.074194565479809e-06
4.997480000000204e-06,1.782508336535182,1.7825,-0.0002717466254817788,5.074194544518469e-06
4.999480000000205e-06,1.782508336893001,1.7825,-0.0002717448318611314,5.074194536555587e-06
5e-06,1.782508336974199,1.7825,-0.0002717466212822931,5.074194513211599e-06
5.0001e-06,1.782469134199573,1.777499999999992,-0.0002815681798686545,5.074195826760689e-06
5.0003e-06,1.782392613033166,1.767499999999975,-0.0002820291156441495,5.074198860156252e-06
5.0007e-06,1.782248161469958,1.747499999999983,-0.0002821337775780525,5.074206790479271e-06
5.001e-06,1.782148178860786,1.7325,-0.0002828036503095407,5.074213215611384e-06
5.00108e-06,1.782155408400233,1.7325,-0.0002728815010638863,5.074213470785841e-06
5.00124e-06,1.782169546927176,1.7325,-0.000272535163885542,5.074213251839105e-06
5.00156e-06,1.782199664576813,1.7325,-0.0002729314498457926,5.074209605826096e-06
5.002200000000001e-06,1.782266600695077,1.7325,-0.0002726121017433087,5.074199002123044e-06
5.003480000000002e-06,1.7824168726333,1.7325,-0.0002728561133278472,5.074184407331962e-06
5.005480000000002e-06,1.782638895279031,1.7325,-0.0002718966849386946,5.074181461766751e-06
5.007480000000002e-06,1.782754008646856,1.7325,-0.000271118099899551,5.07418829720803e-06
5.009480000000002e-06,1.782660591104081,1.7325,-0.0002692163083672348,5.074194391157723e-06
5.011480000000002e-06,1.782283262266965,1.7325,-0.000267720810828202,5.074197454709459e-06
5.013480000000002e-06,1.781577804190805,1.7325,-0.0002654227619390245,5.074198273127466e-06
5.015480000000003e-06,1.780527821627629,1.7325,-0.0002638441832920837,5.074197902560682e-06
5.017480000000003e-06,1.779140024355654,1.7325,-0.0002617205770184489,5.074197087131641e-06
5.019480000000003e-06,1.777439452550589,1.7325,-0.0002604792311993674,5.074196242374443e-06
5.021480000000003e-06,1.775465859898598,1.7325,-0.0002587926321339059,5.074195616629411e-06
5.023480000000003e-06,1.773270144474465,1.7325,-0.0002580294710456015,5.074195195873935e-06
5.025480000000003e-06,1.770911227578964,1.7325,-0.0002568401790986348,5.074194888317967e-06
5.027480000000003e-06,1.768452421437874,1.7325,-0.00025656468312354,5.074194703850712e-06
5.029480000000004e-06,1.765958110719474,1.7325,-0.0002558494613137239,5.074194545692693e-06
5.031480000000004e-06,1.763490131079632,1.7325,-0.000256015855771128,5.074194396962605e-06
5.033480000000004e-06,1.761104869968225,1.7325,-0.0002557123154059784,5.074194303638232e-06
5.035480000000004e-06,1.758850529735864,1.7325,-0.0002562458959661802,5.074194230038115e-06
5.037480000000004e-06,1.756765510691491,1.7325,-0.0002562702021499829,5.074194198545714e-06
5.039480000000004e-06,1.754877227167599,1.7325,-0.0002570806155578395,5.074194197014791e-06
5.041480000000004e-06,1.753202130943411,1.7325,-0.0002573377839216255,5.074194205537579e-06
5.043480000000005e-06,1.751746080864958,1.7325,-0.000258327129014618,5.074194216415419e-06
5.045480000000005e-06,1.750505673113748,1.7325,-0.0002587179597458445,5.074194271695155e-06
5.047480000000005e-06,1.749469577571617,1.7325,-0.000259787842739153,5.074194345871505e-06
5.049480000000005e-06,1.748620453293393,1.7325,-0.0002602171568886903,5.074194388985184e-06
5.051480000000005e-06,1.74793651936027,1.7325,-0.0002612784956834866,5.074194415232291e-06
5.053480000000005e-06,1.747393410797672,1.7325,-0.0002616660889485382,5.074194418750198e-06
5.055480000000006e-06,1.746965483297948,1.7325,-0.0002626501565372367,5.074194478209473e-06
5.057480000000006e-06,1.746627270239277,1.7325,-0.0002629406491325255,5.074194552471688e-06
5.059480000000006e-06,1.746354328466213,1.7325,-0.00026380657118221,5.074194569518377e-06
5.061480000000006e-06,1.746124220432745,1.7325,-0.0002639736667067312,5.074194572992265e-06
5.063480000000006e-06,1.745916907948589,1.7325,-0.0002647091162003832,5.07419458501756e-06
5.065480000000006e-06,1.745715317076441,1.7325,-0.0002647529889589771,5.074194599493885e-06
5.067480000000006e-06,1.745505365014075,1.7325,-0.0002653687520136432,5.074194598279992e-06
5.069480000000007e-06,1.745276204978951,1.7325,-0.0002653085284983623,5.074194605814574e-06
5.071480000000007e-06,1.745019984738813,1.7325,-0.0002658298628435484,5.074194628162193e-06
5.073480000000007e-06,1.744731865490386,1.7325,-0.000265694624588001,5.074194611689953e-06
5.075480000000007e-06,1.744409600300598,1.7325,-0.0002661524919089226,5.074194576507024e-06
5.077480000000007e-06,1.744053409573434,1.7325,-0.0002659733076618657,5.074194545602136e-06
5.079480000000007e-06,1.743665454876753,1.7325,-0.0002663975067310576,5.074194550469851e-06
5.081480000000007e-06,1.743249640397752,1.7325,-0.0002662017601961302,5.074194581098772e-06
5.083480000000008e-06,1.742811047455673,1.7325,-0.0002666165566992763,5.074194598467725e-06
5.085480000000008e-06,1.742355723749914,1.7325,-0.0002664248086569532,5.074194591790997e-06
5.087480000000008e-06,1.741890135238674,1.7325,-0.000266846862606786,5.074194567562745e-06
5.089480000000008e-06,1.741420994919596,1.7325,-0.0002666717531898416,5.074194558104103e-06
5.091480000000008e-06,1.740954778396233,1.7325,-0.000267109866845497,5.074194568987878e-06
5.093480000000008e-06,1.740497630966992,1.7325,-0.0002669565353226995,5.07419453378834e-06
5.095480000000009e-06,1.740054978534037,1.7325,-0.0002674125633168531,5.074194488139747e-06
5.097480000000009e-06,1.739631536168886,1.7325,-0.0002672799367124367,5.074194487016532e-06
5.099480000000009e-06,1.739231026427871,1.7325,-0.0002677503966152777,5.074194498286965e-06
5.101480000000009e-06,1.738856291763353,1.7325,-0.000267632997784208,5.074194495641378e-06
5.103480000000009e-06,1.73850911436033,1.7325,-0.0002681109545847309,5.074194487500054e-06
5.105480000000009e-06,1.738190417923276,1.7325,-0.0002680008280051174,5.07419450431043e-06
5.107480000000009e-06,1.737900166493668,1.7325,-0.0002684778407922352,5.074194557989291e-06
5.10948000000001e-06,1.737637629276155,1.7325,-0.0002683664007534787,5.074194569776407e-06
5.11148000000001e-06,1.737401329640087,1.7325,-0.0002688341852316521,5.07419456185309e-06
5.11348000000001e-06,1.737189341367508,1.7325,-0.0002687137297164165,5.074194566409769e-06
5.11548000000001e-06,1.736999257000859,1.7325,-0.0002691654847664683,5.074194534555709e-06
5.11748000000001e-06,1.736828487445663,1.7325,-0.0002690302605266455,5.074194491284303e-06
5.11948000000001e-06,1.736674224432011,1.7325,-0.0002694614717319811,5.074194479412001e-06
5.12148000000001e-06,1.736533721873569,1.7325,-0.0002693082066448277,5.074194499717862e-06
5.123480000000011e-06,1.736404234336286,1.7325,-0.0002697169060758759,5.07419450134465e-06
5.125480000000011e-06,1.736283266786863,1.7325,-0.0002695448346546195,5.074194479646233e-06
5.127480000000011e-06,1.736168480683707,1.7325,-0.0002699314143127616,5.074194484936387e-06
5.129480000000011e-06,1.736057907122847,1.7325,-0.0002697419001673511,5.074194514817045e-06
5.131480000000011e-06,1.735949818526669,1.7325,-0.0002701085888630588,5.074194557621311e-06
5.133480000000011e-06,1.735842906234591,1.7325,-0.000269904506663023,5.074194577864016e-06
5.135480000000012e-06,1.735736121650246,1.7325,-0.0002702546980717848,5.074194587438997e-06
5.137480000000012e-06,1.735628824701388,1.7325,-0.0002700397189311149,5.074194599359051e-06
5.139480000000012e-06,1.73552060180738,1.7325,-0.0002703772480401558,5.074194597841882e-06
5.141480000000012e-06,1.735411393299663,1.7325,-0.0002701551580410312,5.074194599155842e-06
5.143480000000012e-06,1.735301296990822,1.7325,-0.0002704837020518802,5.074194599404618e-06
5.145480000000012e-06,1.735190683650937,1.7325,-0.0002702579062462246,5.074194595889061e-06
5.147480000000012e-06,1.735079995625953,1.7325,-0.0002705805405129256,5.074194603793823e-06
5.149480000000013e-06,1.734969858862695,1.7325,-0.0002703536779018474,5.074194593202679e-06
5.151480000000013e-06,1.734860884091879,1.7325,-0.0002706726346246151,5.074194552660721e-06
5.153480000000013e-06,1.734753782356729,1.7325,-0.000270446461258139,5.07419451377623e-06
5.155480000000013e-06,1.734649174647624,1.7325,-0.000270763062978804,5.074194513176021e-06
5.157480000000013e-06,1.734547715923727,1.7325,-0.0002705384250727958,5.074194509321119e-06
5.159480000000013e-06,1.734449916337812,1.7325,-0.0002708531475877998,5.074194494025924e-06
5.161480000000013e-06,1.734356275871384,1.7325,-0.0002706301521005603,5.07419450579565e-06
5.163480000000014e-06,1.734267118840442,1.7325,-0.0002709428107939134,5.074194494060872e-06
5.165480000000014e-06,1.734182738860224,1.7325,-0.0002707210012945801,5.074194498706064e-06
5.167480000000014e-06,1.734103245281209,1.7325,-0.0002710309857393525,5.074194523428008e-06
5.169480000000014e-06,1.734028717518159,1.7325,-0.0002708095903233716,5.074194542175776e-06
5.171480000000014e-06,1.733959061309484,1.7325,-0.0002711160825335715,5.074194561818257e-06
5.173480000000014e-06,1.733894169094346,1.7325,-0.0002708942406395047,5.074194546570287e-06
5.175480000000015e-06,1.733833782929078,1.7325,-0.0002711964357905554,5.074194526867086e-06
5.177480000000015e-06,1.733777657845869,1.7325,-0.0002709733877490818,5.074194506833494e-06
5.179480000000015e-06,1.733725428207829,1.7325,-0.0002712706315516871,5.074194508650165e-06
5.181480000000015e-06,1.733676771200451,1.7325,-0.0002710458166512579,5.074194506756587e-06
5.183480000000015e-06,1.733631273784237,1.7325,-0.0002713377216634475,5.074194501538817e-06
5.185480000000015e-06,1.733588593388634,1.7325,-0.0002711108694182526,5.074194502023085e-06
5.187480000000015e-06,1.733548323605083,1.7325,-0.0002713973281507175,5.074194503170551e-06
5.189480000000016e-06,1.733510150911793,1.7325,-0.0002711684419202886,5.074194514871044e-06
5.191480000000016e-06,1.733473717360897,1.7325,-0.0002714496127862405,5.074194523250187e-06
5.193480000000016e-06,1.733438772316578,1.7325,-0.0002712189443057243,5.074194513448462e-06
5.195480000000016e-06,1.733405032159384,1.7325,-0.0002714951893773062,5.074194502213419e-06
5.197480000000016e-06,1.733372326873224,1.7325,-0.0002712631542055551,5.074194509006185e-06
5.199480000000016e-06,1.733340456929826,1.7325,-0.0002715349733346743,5.074194506455721e-06
5.201480000000016e-06,1.733309335432534,1.7325,-0.0002713020777014429,5.074194492901908e-06
5.203480000000017e-06,1.733278842901024,1.7325,-0.0002715700230296901,5.074194498429058e-06
5.205480000000017e-06,1.733248966106099,1.7325,-0.000271336792090105,5.074194499329908e-06
5.207480000000017e-06,1.733219651667578,1.7325,-0.0002716013852644213,5.074194509949414e-06
5.209480000000017e-06,1.733190942335384,1.7325,-0.0002713682906239398,5.074194501417922e-06
5.211480000000017e-06,1.733162830799044,1.7325,-0.0002716299896894042,5.074194504092796e-06
5.213480000000017e-06,1.733135394796419,1.7325,-0.0002713974183800886,5.07419451267979e-06
5.215480000000018e-06,1.73310865188113,1.7325,-0.000271656566469595,5.074194516831911e-06
5.217480000000018e-06,1.733082694022264,1.7325,-0.000271424787069443,5.074194533931912e-06
5.219480000000018e-06,1.733057543965144,1.7325,-0.000271681625776828,5.074194555775594e-06
5.221480000000018e-06,1.733033290012975,1.7325,-0.0002714507934155554,5.074194567815394e-06
5.223480000000018e-06,1.733009944784428,1.7325,-0.0002717054496745472,5.074194539259291e-06
5.225480000000018e-06,1.732987580538272,1.7325,-0.000271475621484661,5.074194515176146e-06
5.227480000000018e-06,1.732966190045837,1.7325,-0.0002717281332502802,5.074194524685205e-06
5.229480000000019e-06,1.732945822150882,1.7325,-0.0002714993000760219,5.074194515785436e-06
5.231480000000019e-06,1.732926445398677,1.7325,-0.0002717496519522858,5.074194496583627e-06
5.233480000000019e-06,1.732908084215683,1.7325,-0.0002715217476442413,5.074194502329641e-06
5.235480000000019e-06,1.73289068385396,1.7325,-0.0002717698921559376,5.074194507032345e-06
5.237480000000019e-06,1.732874246737452,1.7325,-0.0002715428465443456,5.074194508803672e-06
5.239480000000019e-06,1.73285869918576,1.7325,-0.0002717887243511932,5.074194496748567e-06
5.241480000000019e-06,1.732844027293903,1.7325,-0.0002715624661368765,5.074194510693486e-06
5.24348000000002e-06,1.732830144889661,1.7325,-0.0002718060493819443,5.074194533053605e-06
5.24548000000002e-06,1.732817028682207,1.7325,-0.0002715805341038412,5.074194531801547e-06
5.24748000000002e-06,1.732804587338046,1.7325,-0.0002718217960426773,5.074194532050676e-06
5.24948000000002e-06,1.73279279531698,1.7325,-0.0002715970068149129,5.074194517678594e-06
5.25148000000002e-06,1.732781562592402,1.7325,-0.0002718359797565278,5.07419451653349e-06
5.25348000000002e-06,1.732770867492803,1.7325,-0.0002716119311263655,5.074194512736558e-06
5.255480000000021e-06,1.732760626420571,1.7325,-0.0002718486672190349,5.074194515201287e-06
5.257480000000021e-06,1.732750825678414,1.7325,-0.0002716254012539507,5.074194504969725e-06
5.259480000000021e-06,1.732741391532827,1.7325,-0.0002718599716412657,5.074194504594599e-06
5.261480000000021e-06,1.732732320571608,1.7325,-0.0002716375538515145,5.074194512495854e-06
5.263480000000021e-06,1.732723550338094,1.7325,-0.0002718700523172362,5.074194483799555e-06
5.265480000000021e-06,1.732715088198641,1.7325,-0.000271648557737106,5.074194482593317e-06
5.267480000000021e-06,1.732706882693693,1.7325,-0.0002718790750853448,5.074194499467516e-06
5.269480000000022e-06,1.732698951084573,1.7325,-0.000271658572971949,5.074194489886059e-06
5.271480000000022e-06,1.732691250892213,1.7325,-0.0002718872064158232,5.074194487214715e-06
5.273480000000022e-06,1.73268380681788,1.7325,-0.0002716677695203927,5.074194521705445e-06
5.275480000000022e-06,1.732676583214808,1.7325,-0.0002718945993065331,5.074194544129951e-06
5.277480000000022e-06,1.732669609893299,1.7325,-0.0002716762872688587,5.074194546011567e-06
5.279480000000022e-06,1.732662855154356,1.7325,-0.0002719013822398371,5.074194562552249e-06
5.281480000000022e-06,1.732656351162371,1.7325,-0.0002716842309756822,5.074194554468827e-06
5.283480000000023e-06,1.732650067873421,1.7325,-0.0002719076398791994,5.074194569817629e-06
5.285480000000023e-06,1.732644037519071,1.7325,-0.00027169167544552,5.074194567293825e-06
5.287480000000023e-06,1.732638229556699,1.7325,-0.000271913446219117,5.074194556446231e-06
5.289480000000023e-06,1.732632674639831,1.7325,-0.0002716986817702486,5.074194581138859e-06
5.291480000000023e-06,1.732627340591583,1.7325,-0.000271918833552294,5.074194591495059e-06
5.293480000000023e-06,1.732622255457232,1.7325,-0.0002717052709994023,5.074194604777868e-06
5.295480000000024e-06,1.732617384638318,1.7325,-0.0002719238254605043,5.07419460047765e-06
5.297480000000024e-06,1.73261275352192,1.7325,-0.0002717114592877793,5.074194602003852e-06
5.299480000000024e-06,1.732608325265622,1.7325,-0.0002719284269842882,5.074194605105372e-06
5.301480000000024e-06,1.732604122679976,1.7325,-0.0002717172494890205,5.07419459918703e-06
5.303480000000024e-06,1.732600106890801,1.7325,-0.0002719326450291278,5.074194618223617e-06
5.305480000000024e-06,1.732596298753138,1.7325,-0.0002717226511544482,5.074194585909857e-06
5.307480000000024e-06,1.732592658236388,1.7325,-0.0002719364841535082,5.074194563013151e-06
5.309480000000025e-06,1.732589204951108,1.7325,-0.0002717276656407999,5.074194584946435e-06
5.311480000000025e-06,1.732585898686271,1.7325,-0.0002719399485383611,5.074194582266378e-06
5.313480000000025e-06,1.73258275900386,1.7325,-0.0002717323022448169,5.074194556526875e-06
5.315480000000025e-06,1.732579746162129,1.7325,-0.0002719430473024815,5.074194523046624e-06
5.317480000000025e-06,1.732576880089291,1.7325,-0.0002717365797534081,5.074194543721807e-06
5.319480000000025e-06,1.732574122203834,1.7325,-0.0002719458213223515,5.074194565703475e-06
5.321480000000025e-06,1.732571493464986,1.7325,-0.0002717405268701707,5.074194545610738e-06
5.323480000000026e-06,1.732568956814754,1.7325,-0.0002719482778824781,5.07419453248728e-06
5.325480000000026e-06,1.732566534528897,1.7325,-0.0002717441668938272,5.074194508561881e-06
5.327480000000026e-06,1.732564191389907,1.7325,-0.0002719504575706951,5.074194528035325e-06
5.329480000000026e-06,1.73256195095535,1.7325,-0.000271747536074447,5.074194566110511e-06
5.331480000000026e-06,1.732559779636451,1.7325,-0.000271952381868218,5.074194567137841e-06
5.333480000000026e-06,1.732557702355718,1.7325,-0.0002717506575950905,5.074194563147128e-06
5.335480000000027e-06,1.732555686805725,1.7325,-0.0002719540924427221,5.07419455701488e-06
5.337480000000027e-06,1.732553758851312,1.7325,-0.0002717535703718765,5.074194573203125e-06
5.339480000000027e-06,1.732551887604468,1.7325,-0.0002719556094202921,5.074194587620909e-06
5.341480000000027e-06,1.732550099516252,1.7325,-0.0002717562916074353,5.074194594296654e-06
5.343480000000027e-06,1.732548364492789,1.7325,-0.0002719569611395635,5.074194597249241e-06
5.345480000000027e-06,1.732546709307211,1.7325,-0.0002717588546645411,5.074194589191035e-06
5.347480000000027e-06,1.732545104406153,1.7325,-0.00027195816772521,5.074194586967717e-06
5.349480000000028e-06,1.732543576585107,1.7325,-0.0002717612660813992,5.074194566578255e-06
5.351480000000028e-06,1.732542096507375,1.7325,-0.0002719592405789498,5.074194569277851e-06
5.353480000000028e-06,1.732540690740972,1.7325,-0.0002717635425397048,5.074194579878232e-06
5.355480000000028e-06,1.732539329920311,1.7325,-0.0002719601930640984,5.074194581861186e-06
5.357480000000028e-06,1.732538040324052,1.7325,-0.000271765691245652,5.074194563216362e-06
5.359480000000028e-06,1.732536792651423,1.7325,-0.0002719610314323159,5.074194562955677e-06
5.361480000000028e-06,1.732535612712603,1.7325,-0.0002717677238247788,5.074194572837458e-06
5.363480000000029e-06,1.732534471160592,1.7325,-0.0002719617652830429,5.074194548603246e-06
5.365480000000029e-06,1.732533393528223,1.7325,-0.0002717696463061392,5.074194540293863e-06
5.367480000000029e-06,1.732532350477717,1.7325,-0.0002719624002306549,5.074194527740365e-06
5.369480000000029e-06,1.732531367102276,1.7325,-0.0002717714639343454,5.074194514122672e-06
5.371480000000029e-06,1.732530414140518,1.7325,-0.0002719629377736849,5.074194525137236e-06
5.373480000000029e-06,1.732529516573688,1.7325,-0.0002717731818626887,5.074194515429403e-06
5.37548000000003e-06,1.73252864529489,1.7325,-0.0002719633847369912,5.074194503549373e-06
5.37748000000003e-06,1.732527825175595,1.7325,-0.0002717748001849186,5.0741945173512e-06
5.37948000000003e-06,1.732527027411469,1.7325,-0.0002719637477080677,5.07419452386486e-06
5.38148000000003e-06,1.732526276843799,1.7325,-0.000271776332265082,5.074194507478509e-06
5.38348000000003e-06,1.732525544898283,1.7325,-0.0002719640376242946,5.074194521807469e-06
5.38548000000003e-06,1.732524856378533,1.7325,-0.0002717777778821994,5.074194508686828e-06
5.38748000000003e-06,1.732524183203651,1.7325,-0.0002719642484593107,5.074194504293184e-06
5.389480000000031e-06,1.7325235503334,1.7325,-0.0002717791479234303,5.074194536823428e-06
5.391480000000031e-06,1.732522930035186,1.7325,-0.0002719643966560458,5.074194536307348e-06
5.393480000000031e-06,1.732522347158554,1.7325,-0.0002717804449448076,5.074194507235961e-06
5.395480000000031e-06,1.732521774395094,1.7325,-0.0002719644839168256,5.074194497673603e-06
5.397480000000031e-06,1.732521236773471,1.7325,-0.0002717816821170396,5.074194530678528e-06
5.399480000000031e-06,1.732520707407173,1.7325,-0.0002719645220467075,5.074194555241721e-06
5.401480000000032e-06,1.732520211383545,1.7325,-0.0002717828596147007,5.074194544517658e-06
5.403480000000032e-06,1.732519722045726,1.7325,-0.0002719645110909165,5.074194526993274e-06
5.405480000000032e-06,1.73251926455002,1.7325,-0.0002717839828766992,5.074194524351469e-06
5.407480000000032e-06,1.732518812689257,1.7325,-0.0002719644538085036,5.074194529759671e-06
5.409480000000032e-06,1.732518391377816,1.7325,-0.0002717850619824279,5.074194514989704e-06
5.411480000000032e-06,1.732517974467363,1.7325,-0.0002719643649511359,5.074194513649422e-06
5.413480000000032e-06,1.73251758676308,1.7325,-0.0002717861006764067,5.074194511266359e-06
5.415480000000033e-06,1.732517202386919,1.7325,-0.0002719642414093695,5.07419449607687e-06
5.417480000000033e-06,1.732516846108961,1.7325,-0.0002717870919455842,5.074194506036443e-06
5.419480000000033e-06,1.732516492146619,1.7325,-0.0002719640825608447,5.074194507316075e-06
5.421480000000033e-06,1.732516165011222,1.7325,-0.0002717880497414193,5.074194504086294e-06
5.423480000000033e-06,1.732515839258869,1.7325,-0.000271963901880457,5.074194511622629e-06
5.425480000000033e-06,1.732515539429758,1.7325,-0.0002717889720394518,5.074194507083606e-06
5.427480000000033e-06,1.732515240193585,1.7325,-0.0002719636900234829,5.074194504691254e-06
5.429480000000034e-06,1.732514965888674,1.7325,-0.0002717898679925394,5.074194514410342e-06
5.431480000000034e-06,1.732514691255999,1.7325,-0.000271963461215297,5.074194515972761e-06
5.433480000000034e-06,1.732514440367045,1.7325,-0.0002717907257197453,5.074194491062122e-06
5.435480000000034e-06,1.732514188186372,1.7325,-0.0002719632046428563,5.074194462892286e-06
5.437480000000034e-06,1.732513958688938,1.7325,-0.0002717915560031297,5.074194485618601e-06
5.439480000000034e-06,1.732513727068539,1.7325,-0.0002719629289832926,5.074194510293304e-06
5.441480000000035e-06,1.732513517252384,1.7325,-0.0002717923593996535,5.074194497833659e-06
5.443480000000035e-06,1.732513304498236,1.7325,-0.0002719626348071424,5.074194516232763e-06
5.445480000000035e-06,1.732513112495203,1.7325,-0.0002717931421926481,5.074194522944755e-06
5.447480000000035e-06,1.732512916679868,1.7325,-0.0002719623247962415,5.074194496243117e-06
5.449480000000035e-06,1.732512740771169,1.7325,-0.0002717938991500768,5.074194514057846e-06
5.451480000000035e-06,1.73251256048646,1.7325,-0.0002719619983927267,5.074194522421568e-06
5.453480000000035e-06,1.732512399305334,1.7325,-0.0002717946332568006,5.074194514035701e-06
5.455480000000036e-06,1.732512233154553,1.7325,-0.0002719616585129004,5.074194517621246e-06
5.457480000000036e-06,1.732512085368191,1.7325,-0.0002717953505708138,5.074194496016728e-06
5.459480000000036e-06,1.732511931982859,1.7325,-0.0002719613068482692,5.074194506868774e-06
5.461480000000036e-06,1.732511796318786,1.7325,-0.0002717960459103598,5.074194498700062e-06
5.463480000000036e-06,1.732511654626714,1.7325,-0.0002719609459507325,5.074194510329223e-06
5.465480000000036e-06,1.732511530200613,1.7325,-0.0002717967270409347,5.074194542157847e-06
5.467480000000036e-06,1.732511399438232,1.7325,-0.0002719605711310077,5.07419452804961e-06
5.469480000000037e-06,1.732511285319434,1.7325,-0.0002717973906120096,5.074194505598527e-06
5.471480000000037e-06,1.732511164442901,1.7325,-0.0002719601898218579,5.074194509011014e-06
5.473480000000037e-06,1.732511059656777,1.7325,-0.0002717980365480081,5.074194510655367e-06
5.475480000000037e-06,1.732510947694686,1.7325,-0.0002719598009048818,5.074194490031127e-06
5.477480000000037e-06,1.732510851377218,1.7325,-0.0002717986679070242,5.074194515446458e-06
5.479480000000037e-06,1.732510747695462,1.7325,-0.0002719594043820231,5.07419455173314e-06
5.481480000000038e-06,1.73251065942671,1.7325,-0.0002717992912139943,5.074194548655405e-06
5.483480000000038e-06,1.732510563581422,1.7325,-0.0002719590078743169,5.074194561031746e-06
5.485480000000038e-06,1.73251048277572,1.7325,-0.000271799898524868,5.074194565443192e-06
5.487480000000038e-06,1.732510394356486,1.7325,-0.0002719585969032501,5.07419455254625e-06
5.489480000000038e-06,1.732510320718657,1.7325,-0.0002718004957898748,5.074194577423845e-06
5.491480000000038e-06,1.732510239261424,1.7325,-0.0002719581898554379,5.074194603039066e-06
5.493480000000038e-06,1.732510172337041,1.7325,-0.0002718010812052687,5.074194590111663e-06
5.495480000000039e-06,1.732510097431786,1.7325,-0.0002719577728877653,5.074194555099656e-06
5.497480000000039e-06,1.732510036618586,1.7325,-0.0002718016570046912,5.074194513911452e-06
5.499480000000039e-06,1.732509967572427,1.7325,-0.0002719573554882959,5.074194516393457e-06
5.501480000000039e-06,1.732509912275385,1.7325,-0.0002718022253264484,5.074194509131062e-06
5.503480000000039e-06,1.73250984846942,1.7325,-0.0002719569361771626,5.074194501108029e-06
5.505480000000039e-06,1.732509797987092,1.7325,-0.0002718027813044642,5.0741945281955e-06
5.507480000000039e-06,1.732509738826183,1.7325,-0.000271956514394447,5.074194544408228e-06
5.50948000000004e-06,1.732509692733358,1.7325,-0.0002718033295471663,5.074194546723724e-06
5.51148000000004e-06,1.732509637800714,1.7325,-0.0002719560902513912,5.074194554913626e-06
5.51348000000004e-06,1.732509595674337,1.7325,-0.0002718038724010459,5.07419457759436e-06
5.51548000000004e-06,1.73250954463235,1.7325,-0.0002719556615783548,5.074194586589074e-06
5.51748000000004e-06,1.732509506234404,1.7325,-0.0002718044020666742,5.074194611466033e-06
5.51948000000004e-06,1.732509458948357,1.7325,-0.0002719552344368995,5.074194598586455e-06
5.521480000000041e-06,1.732509424199179,1.7325,-0.0002718049264039492,5.074194551770747e-06
5.523480000000041e-06,1.732509380482988,1.7325,-0.0002719548048700324,5.074194523129874e-06
5.525480000000041e-06,1.732509349001689,1.7325,-0.0002718054442218113,5.074194524119091e-06
5.527480000000041e-06,1.73250930837736,1.7325,-0.0002719543793397911,5.074194535092793e-06
5.529480000000041e-06,1.732509279749193,1.7325,-0.000271805953507033,5.074194549066814e-06
5.531480000000041e-06,1.732509241910874,1.7325,-0.0002719539464897555,5.074194560827236e-06
5.533480000000041e-06,1.732509215836469,1.7325,-0.0002718064580230838,5.074194556420332e-06
5.535480000000042e-06,1.732509180591403,1.7325,-0.0002719535164927581,5.074194569037116e-06
5.537480000000042e-06,1.732509157074338,1.7325,-0.0002718069556352962,5.07419456552705e-06
5.539480000000042e-06,1.732509124380188,1.7325,-0.0002719530856038196,5.074194550889079e-06
5.541480000000042e-06,1.732509103221904,1.7325,-0.0002718074493706084,5.074194527964171e-06
5.543480000000042e-06,1.732509072808327,1.7325,-0.0002719526603920064,5.074194504367282e-06
5.545480000000042e-06,1.732509053743113,1.7325,-0.0002718079326939522,5.074194507414971e-06
5.547480000000042e-06,1.732509025325581,1.7325,-0.0002719522290084391,5.074194508023146e-06
5.549480000000043e-06,1.732509007986613,1.7325,-0.0002718084177394291,5.074194501092769e-06
5.551480000000043e-06,1.732508981281504,1.7325,-0.0002719517983434542,5.074194521464614e-06
5.553480000000043e-06,1.732508965586848,1.7325,-0.0002718088931849175,5.074194569075735e-06
5.555480000000043e-06,1.732508940515194,1.7325,-0.0002719513733390761,5.074194570088049e-06
5.557480000000043e-06,1.732508926379594,1.7325,-0.0002718093633663575,5.07419455076551e-06
5.559480000000043e-06,1.73250890302945,1.7325,-0.0002719509481261053,5.074194542476821e-06
5.561480000000044e-06,1.732508890603198,1.7325,-0.0002718098296425146,5.074194521302285e-06
5.563480000000044e-06,1.73250886890943,1.7325,-0.0002719505216386875,5.07419452965479e-06
5.565480000000044e-06,1.732508857875852,1.7325,-0.0002718102915168891,5.074194532956537e-06
5.567480000000044e-06,1.732508837626133,1.7325,-0.0002719500982290092,5.074194499787604e-06
5.569480000000044e-06,1.732508828007504,1.7325,-0.0002718107479036094,5.074194475562839e-06
5.571480000000044e-06,1.732508809087622,1.7325,-0.0002719496776577142,5.074194474651853e-06
5.573480000000044e-06,1.732508800586634,1.7325,-0.0002718112012316419,5.074194487248035e-06
5.575480000000045e-06,1.732508782754402,1.7325,-0.0002719492585699927,5.074194504753111e-06
5.577480000000045e-06,1.732508775225249,1.7325,-0.0002718116528040649,5.074194510618718e-06
5.579480000000045e-06,1.732508758459476,1.7325,-0.000271948836882412,5.074194504420375e-06
5.581480000000045e-06,1.732508752050817,1.7325,-0.0002718120938662765,5.074194501831607e-06
5.583480000000045e-06,1.732508736423129,1.7325,-0.0002719484222274097,5.074194519376229e-06
5.585480000000045e-06,1.732508730890193,1.7325,-0.0002718125355199384,5.074194505033985e-06
5.587480000000045e-06,1.732508716116566,1.7325,-0.0002719480084332132,5.074194517526585e-06
5.589480000000046e-06,1.732508711425465,1.7325,-0.0002718129742234981,5.074194529361607e-06
5.591480000000046e-06,1.732508697581982,1.7325,-0.0002719475976375779,5.074194547249873e-06
5.593480000000046e-06,1.732508693710459,1.7325,-0.000271813407361427,5.074194575053599e-06
5.595480000000046e-06,1.732508680730699,1.7325,-0.000271947184481982,5.074194580345044e-06
5.597480000000046e-06,1.73250867766027,1.7325,-0.0002718138371333191,5.074194564257671e-06
5.599480000000046e-06,1.732508665476757,1.7325,-0.000271946773812934,5.074194551002299e-06
5.601480000000047e-06,1.732508663058771,1.7325,-0.0002718142604326714,5.074194538078175e-06
5.603480000000047e-06,1.732508651521217,1.7325,-0.0002719463664138669,5.074194518611872e-06
5.605480000000047e-06,1.732508649610875,1.7325,-0.0002718146830601767,5.07419452861277e-06
5.607480000000047e-06,1.732508638537959,1.7325,-0.0002719459611521208,5.07419453715432e-06
5.609480000000047e-06,1.732508636983489,1.7325,-0.000271815104126661,5.074194562055574e-06
5.611480000000047e-06,1.732508626399202,1.7325,-0.000271945560849033,5.074194540984299e-06
5.613480000000047e-06,1.732508625367714,1.7325,-0.0002718155195139742,5.074194492700757e-06
5.615480000000048e-06,1.732508615377841,1.7325,-0.0002719451588880897,5.074194492339969e-06
5.617480000000048e-06,1.73250861484412,1.7325,-0.0002718159312830851,5.07419451147729e-06
5.619480000000048e-06,1.732508605280676,1.7325,-0.0002719447595273825,5.074194509443521e-06
5.621480000000048e-06,1.732508604993472,1.7325,-0.0002718163391761043,5.074194497147498e-06
5.623480000000048e-06,1.732508595603135,1.7325,-0.0002719443614415636,5.074194526338156e-06
5.625480000000048e-06,1.732508595381803,1.7325,-0.0002718167453955296,5.074194553046249e-06
5.627480000000048e-06,1.732508586256234,1.7325,-0.0002719439667513815,5.074194541036853e-06
5.629480000000049e-06,1.732508586275416,1.7325,-0.0002718171470213614,5.074194516337864e-06
5.631480000000049e-06,1.73250857749551,1.7325,-0.0002719435739284344,5.074194521434609e-06
5.633480000000049e-06,1.732508577899589,1.7325,-0.0002718175455064375,5.074194532336253e-06
5.635480000000049e-06,1.732508569527153,1.7325,-0.0002719431824598726,5.074194547847329e-06
5.637480000000049e-06,1.73250857026764,1.7325,-0.000271817945410248,5.074194570277757e-06
5.639480000000049e-06,1.732508562289578,1.7325,-0.0002719427973876069,5.074194584864951e-06
5.64148000000005e-06,1.732508563506803,1.7325,-0.0002718183369735055,5.074194603795838e-06
5.64348000000005e-06,1.732508556193483,1.7325,-0.0002719424121714676,5.074194578493454e-06
5.64548000000005e-06,1.732508557924838,1.7325,-0.0002718187299712901,5.074194566648139e-06
5.64748000000005e-06,1.732508551043695,1.7325,-0.0002719420317225858,5.074194585962277e-06
5.64948000000005e-06,1.732508553057973,1.7325,-0.0002718191217904724,5.074194596759468e-06
5.65148000000005e-06,1.732508546473395,1.7325,-0.0002719416521035768,5.074194602611921e-06
5.65348000000005e-06,1.732508548699753,1.7325,-0.0002718195061461658,5.074194601947748e-06
5.655480000000051e-06,1.73250854233744,1.7325,-0.0002719412716232617,5.074194609674098e-06
5.657480000000051e-06,1.732508544726193,1.7325,-0.0002718198869769358,5.074194606333488e-06
5.659480000000051e-06,1.732508538505223,1.7325,-0.0002719408946348956,5.074194604228698e-06
5.661480000000051e-06,1.732508540866303,1.7325,-0.0002718202696268849,5.074194614664566e-06
5.663480000000051e-06,1.732508534714703,1.7325,-0.0002719405205968428,5.074194593485723e-06
5.665480000000051e-06,1.732508537165755,1.7325,-0.0002718206477139858,5.074194571356356e-06
5.667480000000051e-06,1.732508531182299,1.7325,-0.0002719401513594547,5.074194581228025e-06
5.669480000000052e-06,1.732508533734747,1.7325,-0.0002718210238894112,5.074194578323892e-06
5.671480000000052e-06,1.73250852781241,1.7325,-0.0002719397823765292,5.074194557624038e-06
5.673480000000052e-06,1.732508530385043,1.7325,-0.0002718213936847956,5.074194518447843e-06
5.675480000000052e-06,1.732508524580146,1.7325,-0.0002719394150049799,5.074194511836307e-06
5.677480000000052e-06,1.732508527209164,1.7325,-0.0002718217667024283,5.074194508719218e-06
5.679480000000052e-06,1.732508521573078,1.7325,-0.0002719390519223388,5.074194500340232e-06
5.681480000000053e-06,1.732508524284536,1.7325,-0.0002718221335644885,5.074194515272735e-06
5.683480000000053e-06,1.732508518725797,1.7325,-0.0002719386896541044,5.074194514825629e-06
5.685480000000053e-06,1.732508521481748,1.7325,-0.0002718224953383933,5.074194505915348e-06
5.687480000000053e-06,1.732508516030367,1.7325,-0.0002719383258704249,5.074194523313672e-06
5.689480000000053e-06,1.732508518824701,1.7325,-0.0002718228608933326,5.074194553269327e-06
5.691480000000053e-06,1.732508513429301,1.7325,-0.0002719379678110797,5.074194540254991e-06
5.693480000000053e-06,1.732508516212208,1.7325,-0.0002718232179301453,5.074194528321731e-06
5.695480000000054e-06,1.732508510841724,1.7325,-0.0002719376092107104,5.074194521807518e-06
5.697480000000054e-06,1.732508513569487,1.7325,-0.0002718235736771891,5.074194508240013e-06
5.699480000000054e-06,1.732508508132297,1.7325,-0.0002719372553463127,5.074194522542496e-06
5.701480000000054e-06,1.732508510839964,1.7325,-0.0002718239272383078,5.074194508160916e-06
5.703480000000054e-06,1.7325085056002,1.7325,-0.0002719369059307059,5.074194516263615e-06
5.705480000000054e-06,1.732508508473814,1.7325,-0.0002718242787912368,5.074194527051087e-06
5.707480000000054e-06,1.732508503412122,1.7325,-0.0002719365562752694,5.074194504099901e-06
5.709480000000055e-06,1.732508506391509,1.7325,-0.000271824627648644,5.074194502151471e-06
5.711480000000055e-06,1.732508501511745,1.7325,-0.0002719362068441336,5.074194518464117e-06
5.713480000000055e-06,1.732508504612856,1.7325,-0.0002718249743694958,5.074194515029688e-06
5.715480000000055e-06,1.732508499902217,1.7325,-0.0002719358621328151,5.0741944870329e-06
5.717480000000055e-06,1.73250850317902,1.7325,-0.0002718253221573294,5.074194480044812e-06
5.719480000000055e-06,1.732508498693582,1.7325,-0.000271935521967136,5.074194505486649e-06
5.721480000000056e-06,1.732508502053128,1.7325,-0.0002718256691339069,5.074194520024383e-06
5.723480000000056e-06,1.732508497709907,1.7325,-0.0002719351813861196,5.07419451067623e-06
5.725480000000056e-06,1.732508501232979,1.7325,-0.0002718260067957487,5.074194506324065e-06
5.727480000000056e-06,1.732508497042783,1.7325,-0.0002719348412832527,5.074194517327666e-06
5.729480000000056e-06,1.7325085005562,1.7325,-0.0002718263442995875,5.074194521615023e-06
5.731480000000056e-06,1.732508496401513,1.7325,-0.0002719345047853111,5.074194510954338e-06
5.733480000000056e-06,1.73250850000808,1.7325,-0.000271826680717196,5.074194517668637e-06
5.735480000000057e-06,1.732508495992008,1.7325,-0.0002719341726411573,5.074194521492163e-06
5.737480000000057e-06,1.732508499615741,1.7325,-0.0002718270151426965,5.074194513483436e-06
5.739480000000057e-06,1.732508495598642,1.7325,-0.0002719338410694542,5.074194514876552e-06
5.741480000000057e-06,1.732508499178344,1.7325,-0.0002718273462192977,5.074194506343722e-06
5.743480000000057e-06,1.732508495208506,1.7325,-0.0002719335118275323,5.074194510188187e-06
5.745480000000057e-06,1.732508498754489,1.7325,-0.000271827675525599,5.074194501932501e-06
5.747480000000057e-06,1.732508494800328,1.7325,-0.000271933184115275,5.074194516532137e-06
5.749480000000058e-06,1.732508498327051,1.7325,-0.0002718280011487397,5.074194532555162e-06
5.751480000000058e-06,1.73250849432785,1.7325,-0.0002719328599922289,5.074194548604271e-06
5.753480000000058e-06,1.732508497755488,1.7325,-0.0002718283258938858,5.074194578843397e-06
5.755480000000058e-06,1.732508493757391,1.7325,-0.0002719325334764613,5.074194580728308e-06
5.757480000000058e-06,1.732508497116231,1.7325,-0.0002718286466675078,5.074194561854454e-06
5.759480000000058e-06,1.732508493023441,1.7325,-0.000271932211171657,5.074194563472015e-06
5.761480000000059e-06,1.732508496261855,1.7325,-0.0002718289672196951,5.074194580838211e-06
5.763480000000059e-06,1.732508492197977,1.7325,-0.000271931894080376,5.074194575657969e-06
5.765480000000059e-06,1.732508495490958,1.7325,-0.0002718292847877921,5.07419456400419e-06
5.767480000000059e-06,1.732508491519255,1.7325,-0.0002719315756340919,5.074194562103913e-06
5.769480000000059e-06,1.732508494799913,1.7325,-0.0002718296024216335,5.074194564299027e-06
5.771480000000059e-06,1.732508490852539,1.7325,-0.0002719312609513452,5.074194565094122e-06
5.773480000000059e-06,1.732508494151792,1.7325,-0.000271829916497543,5.074194580274866e-06
5.77548000000006e-06,1.732508490249823,1.7325,-0.0002719309478484534,5.074194596323869e-06
5.77748000000006e-06,1.732508493495435,1.7325,-0.0002718302317702749,5.07419459332433e-06
5.77948000000006e-06,1.732508489613274,1.7325,-0.0002719306404848317,5.074194589231141e-06
5.78148000000006e-06,1.732508492876572,1.7325,-0.0002718305419396124,5.074194572680042e-06
5.78348000000006e-06,1.732508489125869,1.7325,-0.0002719303301076626,5.074194551696705e-06
5.78548000000006e-06,1.732508492549261,1.7325,-0.0002718308491597067,5.074194530685554e-06
5.787480000000061e-06,1.732508488936413,1.7325,-0.0002719300239239291,5.074194515091879e-06
5.789480000000061e-06,1.732508492340637,1.7325,-0.000271831158165872,5.074194521296084e-06
5.791480000000061e-06,1.732508488753619,1.7325,-0.0002719297194000206,5.074194528319431e-06
5.793480000000061e-06,1.732508492120301,1.7325,-0.0002718314620203507,5.074194511323413e-06
5.795480000000061e-06,1.732508488552629,1.7325,-0.0002719294165974884,5.074194513258746e-06
5.797480000000061e-06,1.732508491920145,1.7325,-0.000271831765348998,5.07419451442112e-06
5.799480000000061e-06,1.732508488344524,1.7325,-0.0002719291157408827,5.074194499513081e-06
5.801480000000062e-06,1.732508491688141,1.7325,-0.0002718320675454802,5.074194532750992e-06
5.803480000000062e-06,1.732508488176753,1.7325,-0.000271928817484486,5.07419456639661e-06
5.805480000000062e-06,1.732508491527049,1.7325,-0.0002718323661530765,5.074194581838835e-06
5.807480000000062e-06,1.732508488050322,1.7325,-0.0002719285177277801,5.074194592149812e-06
5.809480000000062e-06,1.732508491428604,1.7325,-0.0002718326600897345,5.074194602806708e-06
5.811480000000062e-06,1.732508488047219,1.7325,-0.0002719282204432234,5.074194587024781e-06
5.813480000000062e-06,1.732508491497575,1.7325,-0.0002718329516478214,5.074194566586999e-06
5.815480000000063e-06,1.732508488164256,1.7325,-0.0002719279277034329,5.074194578409906e-06
5.817480000000063e-06,1.732508491496566,1.7325,-0.0002718332472107395,5.074194588916051e-06
5.819480000000063e-06,1.73250848808574,1.7325,-0.0002719276374198043,5.074194601344286e-06
5.821480000000063e-06,1.732508491358747,1.7325,-0.0002718335357082831,5.074194597303011e-06
5.823480000000063e-06,1.732508487978202,1.7325,-0.0002719273475986011,5.074194605994506e-06
5.825480000000063e-06,1.732508491278432,1.7325,-0.0002718338259603685,5.074194613356947e-06
5.827480000000064e-06,1.73250848797219,1.7325,-0.0002719270607751348,5.074194596363122e-06
5.829480000000064e-06,1.73250849127069,1.7325,-0.0002718341140102602,5.074194573004201e-06
5.831480000000064e-06,1.732508487988475,1.7325,-0.0002719267754341678,5.074194563996344e-06
5.833480000000064e-06,1.732508491285094,1.7325,-0.0002718343970874294,5.074194575989438e-06
5.835480000000064e-06,1.732508487996551,1.7325,-0.0002719264910989542,5.07419456198345e-06
5.837480000000064e-06,1.73250849111439,1.7325,-0.0002718346819016552,5.074194558235691e-06
5.839480000000064e-06,1.732508487731959,1.7325,-0.0002719262112769159,5.074194563823896e-06
5.841480000000065e-06,1.732508490901243,1.7325,-0.0002718349654382427,5.074194563833671e-06
5.843480000000065e-06,1.732508487597397,1.7325,-0.0002719259294295715,5.074194570454239e-06
5.845480000000065e-06,1.732508490677586,1.7325,-0.0002718352449269448,5.074194550571907e-06
5.847480000000065e-06,1.732508487307169,1.7325,-0.000271925652332248,5.074194519075581e-06
5.849480000000065e-06,1.732508490300712,1.7325,-0.0002718355213055656,5.07419453492201e-06
5.851480000000065e-06,1.732508486917309,1.7325,-0.0002719253742975624,5.07419456535138e-06
5.853480000000065e-06,1.732508489907074,1.7325,-0.0002718357964711401,5.0741945918543e-06
5.855480000000066e-06,1.732508486552292,1.7325,-0.000271925101602902,5.07419459606083e-06
5.857480000000066e-06,1.732508489582153,1.7325,-0.0002718360710784927,5.074194585962113e-06
5.859480000000066e-06,1.732508486381499,1.7325,-0.000271924825957939,5.07419458326939e-06
5.861480000000066e-06,1.732508489503716,1.7325,-0.0002718363431829914,5.074194545855039e-06
5.863480000000066e-06,1.732508486419627,1.7325,-0.0002719245547457453,5.074194523049905e-06
5.865480000000066e-06,1.732508489570485,1.7325,-0.0002718366146656723,5.074194530966017e-06
5.867480000000067e-06,1.732508486394939,1.7325,-0.0002719242881447558,5.074194541455359e-06
5.869480000000067e-06,1.732508489334447,1.7325,-0.0002718368829265147,5.074194556093986e-06
5.871480000000067e-06,1.732508486096888,1.7325,-0.0002719240187994728,5.074194555730298e-06
5.873480000000067e-06,1.732508489041722,1.7325,-0.0002718371498465453,5.074194551933035e-06
5.875480000000067e-06,1.732508485802186,1.7325,-0.0002719237499648773,5.074194565504451e-06
5.877480000000067e-06,1.732508488619809,1.7325,-0.0002718374162425726,5.07419455812148e-06
5.879480000000067e-06,1.732508485324606,1.7325,-0.0002719234848770027,5.0741945594204e-06
5.881480000000068e-06,1.732508488141088,1.7325,-0.0002718376762270145,5.074194557176611e-06
5.883480000000068e-06,1.732508484877442,1.7325,-0.0002719232211130124,5.074194560236301e-06
5.885480000000068e-06,1.732508487687514,1.7325,-0.0002718379391779801,5.074194577992177e-06
5.887480000000068e-06,1.73250848450759,1.7325,-0.0002719229633296448,5.074194604096906e-06
5.889480000000068e-06,1.732508487392468,1.7325,-0.0002718382018572113,5.074194598969686e-06
5.891480000000068e-06,1.73250848438276,1.7325,-0.0002719227041265597,5.074194593032737e-06
5.893480000000068e-06,1.732508487427065,1.7325,-0.0002718384611546097,5.074194563489945e-06
5.895480000000069e-06,1.732508484568408,1.7325,-0.0002719224455445872,5.07419452210222e-06
5.897480000000069e-06,1.732508487705496,1.7325,-0.0002718387163398093,5.074194530092576e-06
5.899480000000069e-06,1.732508484901653,1.7325,-0.0002719221882088435,5.07419452826504e-06
5.901480000000069e-06,1.73250848792623,1.7325,-0.0002718389711571236,5.074194528503665e-06
5.903480000000069e-06,1.732508485046219,1.7325,-0.0002719219332628172,5.074194519397293e-06
5.905480000000069e-06,1.732508488035217,1.7325,-0.0002718392258472987,5.074194505525578e-06
5.90748000000007e-06,1.732508485175006,1.7325,-0.0002719216799920089,5.074194517777451e-06
5.90948000000007e-06,1.732508488050874,1.7325,-0.0002718394796772536,5.074194521746985e-06
5.91148000000007e-06,1.732508485000349,1.7325,-0.000271921430452646,5.074194510412617e-06
5.91348000000007e-06,1.732508487671424,1.7325,-0.0002718397263924584,5.07419451783528e-06
5.91548000000007e-06,1.732508484609779,1.7325,-0.0002719211819190769,5.074194523848006e-06
5.91748000000007e-06,1.732508487349264,1.7325,-0.0002718399787064868,5.074194517432477e-06
5.91948000000007e-06,1.732508484396189,1.7325,-0.0002719209340215935,5.074194500246034e-06
5.921480000000071e-06,1.732508487230318,1.7325,-0.0002718402267465167,5.074194507318557e-06
5.923480000000071e-06,1.732508484388628,1.7325,-0.0002719206889968215,5.074194503103544e-06
5.925480000000071e-06,1.732508487227929,1.7325,-0.0002718404708791557,5.074194502196578e-06
5.927480000000071e-06,1.732508484443936,1.7325,-0.00027192044307765,5.074194517953453e-06
5.929480000000071e-06,1.732508487383781,1.7325,-0.0002718407161767176,5.074194515876014e-06
5.931480000000071e-06,1.73250848472073,1.7325,-0.0002719201994556102,5.074194506547327e-06
5.933480000000071e-06,1.732508487656989,1.7325,-0.000271840958475033,5.074194511423236e-06
5.935480000000072e-06,1.732508485037315,1.7325,-0.0002719199576497919,5.07419451646114e-06
5.937480000000072e-06,1.732508488015321,1.7325,-0.0002718411977445696,5.07419451856691e-06
5.939480000000072e-06,1.732508485395672,1.7325,-0.0002719197181897163,5.074194501319536e-06
5.941480000000072e-06,1.732508488250493,1.7325,-0.0002718414398365465,5.07419451529582e-06
5.943480000000072e-06,1.732508485458546,1.7325,-0.0002719194783944398,5.074194533670073e-06
5.945480000000072e-06,1.732508488081389,1.7325,-0.0002718416735721934,5.074194531844977e-06
5.947480000000073e-06,1.732508485171782,1.7325,-0.0002719192412295141,5.074194539541342e-06
5.949480000000073e-06,1.732508487731458,1.7325,-0.0002718419115822674,5.07419454585447e-06
5.951480000000073e-06,1.732508484843091,1.7325,-0.0002719190055968358,5.074194573054559e-06
5.953480000000073e-06,1.732508487365094,1.7325,-0.0002718421446475683,5.074194578547685e-06
5.955480000000073e-06,1.73250848453732,1.7325,-0.0002719187700910623,5.074194563482736e-06
5.957480000000073e-06,1.732508487217886,1.7325,-0.0002718423777286612,5.074194565463004e-06
5.959480000000073e-06,1.732508484590925,1.7325,-0.0002719185364830312,5.074194573910422e-06
5.961480000000074e-06,1.73250848738815,1.7325,-0.0002718426101255706,5.074194548326999e-06
5.963480000000074e-06,1.732508484836416,1.7325,-0.0002719183067813349,5.074194533291784e-06
5.965480000000074e-06,1.732508487607897,1.7325,-0.0002718428382788359,5.074194507640372e-06
5.967480000000074e-06,1.732508485042643,1.7325,-0.0002719180779255193,5.074194507003353e-06
5.969480000000074e-06,1.732508487786287,1.7325,-0.0002718430701812745,5.074194524051368e-06
5.971480000000074e-06,1.732508485298173,1.7325,-0.0002719178493108878,5.074194554787885e-06
5.973480000000074e-06,1.73250848807824,1.7325,-0.000271843299705316,5.074194555193785e-06
5.975480000000075e-06,1.732508485601647,1.7325,-0.0002719176252542558,5.074194541607996e-06
5.977480000000075e-06,1.732508488373917,1.7325,-0.0002718435241445989,5.074194543450852e-06
5.979480000000075e-06,1.732508485916738,1.7325,-0.0002719173997632688,5.074194562365972e-06
5.981480000000075e-06,1.732508488625344,1.7325,-0.0002718437489665949,5.074194576999105e-06
5.983480000000075e-06,1.732508486055484,1.7325,-0.0002719171764881945,5.074194559045923e-06
5.985480000000075e-06,1.732508488595924,1.7325,-0.0002718439696091977,5.074194576605197e-06
5.987480000000076e-06,1.732508485948352,1.7325,-0.0002719169534218485,5.074194598611127e-06
5.989480000000076e-06,1.732508488366908,1.7325,-0.0002718441898697942,5.074194593752669e-06
5.991480000000076e-06,1.732508485666818,1.7325,-0.0002719167323954091,5.07419456050493e-06
5.993480000000076e-06,1.732508488139318,1.7325,-0.000271844410479172,5.074194543061848e-06
5.995480000000076e-06,1.732508485522327,1.7325,-0.00027191651245545,5.074194538823061e-06
5.997480000000076e-06,1.73250848795472,1.7325,-0.0002718446297674185,5.074194517431901e-06
5.999480000000076e-06,1.732508485345254,1.7325,-0.0002719162944903921,5.074194521873869e-06
6.001480000000077e-06,1.73250848777351,1.7325,-0.0002718448491991837,5.074194530506672e-06
6.003480000000077e-06,1.732508485166043,1.7325,-0.0002719160798440315,5.074194545700365e-06
6.005480000000077e-06,1.732508487609784,1.7325,-0.0002718450665410174,5.074194563163198e-06
6.007480000000077e-06,1.732508485100025,1.7325,-0.0002719158646861324,5.074194540176753e-06
6.009480000000077e-06,1.732508487553327,1.7325,-0.0002718452805181903,5.074194499946605e-06
6.011480000000077e-06,1.732508485009777,1.7325,-0.0002719156507084498,5.074194481299788e-06
6.013480000000077e-06,1.732508487390243,1.7325,-0.0002718454929480546,5.074194474084662e-06
6.015480000000078e-06,1.73250848477529,1.7325,-0.0002719154396668881,5.074194468619348e-06
6.017480000000078e-06,1.732508487073846,1.7325,-0.0002718457050429106,5.074194460757998e-06
6.019480000000078e-06,1.732508484465054,1.7325,-0.0002719152274922563,5.074194471173366e-06
6.021480000000078e-06,1.732508486724954,1.7325,-0.0002718459160705333,5.074194503096634e-06
6.023480000000078e-06,1.732508484149799,1.7325,-0.0002719150162898721,5.074194504108979e-06
6.025480000000078e-06,1.732508486504461,1.7325,-0.0002718461246258985,5.07419448824186e-06
6.027480000000079e-06,1.732508484135032,1.7325,-0.0002719148085945217,5.074194499473298e-06
6.029480000000079e-06,1.732508486660697,1.7325,-0.0002718463314274586,5.074194500701735e-06
6.031480000000079e-06,1.732508484370471,1.7325,-0.0002719146015863202,5.074194507294149e-06
6.033480000000079e-06,1.732508486888584,1.7325,-0.000271846536091429,5.074194504782782e-06
6.035480000000079e-06,1.73250848470178,1.7325,-0.0002719143952801314,5.074194502254146e-06
6.037480000000079e-06,1.732508487339334,1.7325,-0.0002718467424290818,5.074194515775073e-06
6.039480000000079e-06,1.732508485244212,1.7325,-0.0002719141920675973,5.074194504137706e-06
6.04148000000008e-06,1.732508487850683,1.7325,-0.0002718469500758662,5.074194518629231e-06
6.04348000000008e-06,1.732508485724479,1.7325,-0.0002719139881519286,5.074194525460244e-06
6.04548000000008e-06,1.732508488355118,1.7325,-0.0002718471486960732,5.074194501089194e-06
6.04748000000008e-06,1.732508486317345,1.7325,-0.0002719137876984043,5.07419450386256e-06
6.04948000000008e-06,1.732508488941638,1.7325,-0.0002718473514141328,5.074194515288854e-06
6.05148000000008e-06,1.73250848687145,1.7325,-0.0002719135848690809,5.074194518367772e-06
6.05348000000008e-06,1.732508489390255,1.7325,-0.0002718475513896926,5.074194529094299e-06
6.055480000000081e-06,1.732508487206391,1.7325,-0.0002719133855303293,5.074194561450513e-06
6.057480000000081e-06,1.732508489605919,1.7325,-0.0002718477512870764,5.074194591610524e-06
6.059480000000081e-06,1.732508487427255,1.7325,-0.0002719131883621809,5.07419458020292e-06
6.061480000000081e-06,1.732508489873386,1.7325,-0.0002718479496339793,5.074194560331771e-06
6.063480000000081e-06,1.732508487778795,1.7325,-0.0002719129910658139,5.074194573033085e-06
6.065480000000081e-06,1.732508490238102,1.7325,-0.0002718481441247369,5.074194558272561e-06
6.067480000000082e-06,1.732508488145408,1.7325,-0.0002719127943095787,5.074194551661619e-06
6.069480000000082e-06,1.732508490559169,1.7325,-0.0002718483400515603,5.074194587020642e-06
6.071480000000082e-06,1.732508488389724,1.7325,-0.000271912600489984,5.074194575667059e-06
6.073480000000082e-06,1.732508490700067,1.7325,-0.0002718485319239134,5.074194554483093e-06
6.075480000000082e-06,1.732508488515342,1.7325,-0.0002719124071965758,5.074194539818778e-06
6.077480000000082e-06,1.732508490733526,1.7325,-0.0002718487276265159,5.074194523477738e-06
6.079480000000082e-06,1.73250848846462,1.7325,-0.0002719122151299641,5.074194520554602e-06
6.081480000000083e-06,1.732508490678006,1.7325,-0.000271848917268896,5.074194491175848e-06
6.083480000000083e-06,1.73250848848452,1.7325,-0.0002719120259349125,5.074194481123085e-06
6.085480000000083e-06,1.732508490745786,1.7325,-0.0002718491079148984,5.074194498855684e-06
6.087480000000083e-06,1.732508488601652,1.7325,-0.0002719118341401482,5.074194495982181e-06
6.089480000000083e-06,1.732508490823834,1.7325,-0.0002718492971909212,5.07419450676838e-06
6.091480000000083e-06,1.73250848860961,1.7325,-0.0002719116486602958,5.074194498773168e-06
6.093480000000083e-06,1.732508490710823,1.7325,-0.0002718494851587349,5.074194509331624e-06
6.095480000000084e-06,1.732508488435833,1.7325,-0.0002719114592252906,5.074194514992672e-06
6.097480000000084e-06,1.732508490474099,1.7325,-0.000271849669776828,5.074194471028494e-06
6.099480000000084e-06,1.732508488269924,1.7325,-0.0002719112752284648,5.074194476437387e-06
6.101480000000084e-06,1.732508490483594,1.7325,-0.0002718498563251182,5.074194504455565e-06
6.103480000000084e-06,1.732508488409185,1.7325,-0.0002719110934490323,5.074194501171787e-06
6.105480000000084e-06,1.732508490594673,1.7325,-0.0002718500391257056,5.074194499490776e-06
6.107480000000085e-06,1.732508488525343,1.7325,-0.0002719109053220213,5.074194519520746e-06
6.109480000000085e-06,1.732508490694913,1.7325,-0.0002718502223262123,5.074194554492223e-06
6.111480000000085e-06,1.732508488626812,1.7325,-0.0002719107245459299,5.074194546070259e-06
6.113480000000085e-06,1.732508490823425,1.7325,-0.0002718504046630837,5.074194503601189e-06
6.115480000000085e-06,1.73250848886036,1.7325,-0.0002719105429574931,5.07419449105699e-06
6.117480000000085e-06,1.732508491113554,1.7325,-0.0002718505843858279,5.074194491037492e-06
6.119480000000085e-06,1.7325084891515,1.7325,-0.0002719103637615093,5.074194522819774e-06
6.121480000000086e-06,1.732508491330777,1.7325,-0.0002718507639504009,5.074194556711874e-06
6.123480000000086e-06,1.732508489297452,1.7325,-0.0002719101829381188,5.074194571567592e-06
6.125480000000086e-06,1.73250849137972,1.7325,-0.0002718509439119737,5.074194542754583e-06
6.127480000000086e-06,1.732508489323634,1.7325,-0.0002719100052554589,5.074194504034193e-06
6.129480000000086e-06,1.732508491384216,1.7325,-0.0002718511180209066,5.074194488785821e-06
6.131480000000086e-06,1.732508489325208,1.7325,-0.0002719098249271249,5.074194499647072e-06
6.133480000000086e-06,1.732508491319668,1.7325,-0.0002718512935025208,5.074194504669236e-06
6.135480000000087e-06,1.732508489190704,1.7325,-0.000271909650227884,5.074194502605103e-06
6.137480000000087e-06,1.732508491099696,1.7325,-0.0002718514692549262,5.074194518110353e-06
6.139480000000087e-06,1.732508488873398,1.7325,-0.0002719094778237421,5.074194509801039e-06
6.141480000000087e-06,1.732508490601798,1.7325,-0.0002718516420085362,5.074194497548096e-06
6.143480000000087e-06,1.732508488225497,1.7325,-0.0002719093048787148,5.07419452250826e-06
6.145480000000087e-06,1.732508489866823,1.7325,-0.0002718518132010257,5.074194557676398e-06
6.147480000000088e-06,1.732508487513561,1.7325,-0.0002719091298924216,5.074194580220217e-06
6.149480000000088e-06,1.732508489204292,1.7325,-0.0002718519855235676,5.074194592648787e-06
6.151480000000088e-06,1.73250848697111,1.7325,-0.0002719089621462777,5.074194606717106e-06
6.153480000000088e-06,1.732508488765331,1.7325,-0.0002718521601115847,5.074194603717363e-06
6.155480000000088e-06,1.732508486807107,1.7325,-0.0002719087899006817,5.074194591400215e-06
6.157480000000088e-06,1.732508489003993,1.7325,-0.0002718523269809396,5.074194574198232e-06
6.159480000000088e-06,1.732508487325268,1.7325,-0.0002719086216762041,5.07419456301593e-06
6.161480000000089e-06,1.732508489520395,1.7325,-0.0002718524966417658,5.074194575735448e-06
6.163480000000089e-06,1.732508487817299,1.7325,-0.0002719084527338513,5.074194559308165e-06
6.165480000000089e-06,1.732508490024287,1.7325,-0.0002718526633670769,5.074194560758908e-06
6.167480000000089e-06,1.732508488291148,1.7325,-0.0002719082885438043,5.074194565887819e-06
6.169480000000089e-06,1.732508490365189,1.7325,-0.0002718528296146442,5.074194556013989e-06
6.171480000000089e-06,1.732508488493207,1.7325,-0.0002719081199676087,5.074194573605187e-06
6.17348000000009e-06,1.732508490374644,1.7325,-0.0002718529961025097,5.074194573040991e-06
6.17548000000009e-06,1.732508488372873,1.7325,-0.0002719079549311235,5.07419456622588e-06
6.17748000000009e-06,1.732508490107286,1.7325,-0.000271853159097046,5.074194569416085e-06
6.17948000000009e-06,1.732508487979827,1.7325,-0.0002719077918890454,5.074194569759737e-06
6.18148000000009e-06,1.732508489701832,1.7325,-0.0002718533224900102,5.074194561757555e-06
6.18348000000009e-06,1.732508487684655,1.7325,-0.0002719076284322966,5.074194565290419e-06
6.18548000000009e-06,1.732508489445829,1.7325,-0.0002718534867280386,5.074194563702475e-06
6.187480000000091e-06,1.732508487435003,1.7325,-0.000271907470397341,5.074194550161544e-06
6.189480000000091e-06,1.732508489144629,1.7325,-0.0002718536470271034,5.074194523929399e-06
6.191480000000091e-06,1.732508487109877,1.7325,-0.0002719073075300787,5.074194518206735e-06
6.193480000000091e-06,1.732508488855973,1.7325,-0.0002718538054452709,5.074194510657244e-06
6.195480000000091e-06,1.732508486912376,1.7325,-0.0002719071454132795,5.074194510595942e-06
6.197480000000091e-06,1.732508488643515,1.7325,-0.0002718539653457991,5.074194514859109e-06
6.199480000000091e-06,1.732508486663664,1.7325,-0.0002719069894357147,5.074194496819974e-06
6.201480000000092e-06,1.732508488342893,1.7325,-0.0002718541227423863,5.074194511216453e-06
6.203480000000092e-06,1.732508486343533,1.7325,-0.0002719068327088533,5.074194520528954e-06
6.205480000000092e-06,1.732508488007167,1.7325,-0.0002718542799484109,5.074194499355398e-06
6.207480000000092e-06,1.732508486050367,1.7325,-0.0002719066757569498,5.074194497293604e-06
6.209480000000092e-06,1.732508487772399,1.7325,-0.00027185443921178,5.074194514210766e-06
6.211480000000092e-06,1.732508485928715,1.7325,-0.000271906520545424,5.074194516779698e-06
6.213480000000093e-06,1.732508487726852,1.7325,-0.0002718545949821542,5.074194500910594e-06
6.215480000000093e-06,1.732508485967273,1.7325,-0.0002719063662097474,5.074194518265396e-06
6.217480000000093e-06,1.732508487868545,1.7325,-0.0002718547477072108,5.074194517068013e-06
6.219480000000093e-06,1.732508486250899,1.7325,-0.0002719062099119933,5.074194495144058e-06
6.221480000000093e-06,1.732508488234649,1.7325,-0.0002718549010058667,5.074194514108708e-06
6.223480000000093e-06,1.732508486674835,1.7325,-0.0002719060609523842,5.074194516069736e-06
6.225480000000093e-06,1.732508488614332,1.7325,-0.0002718550543676032,5.074194499011932e-06
6.227480000000094e-06,1.732508486945685,1.7325,-0.0002719059057233896,5.074194505992623e-06
6.229480000000094e-06,1.732508488692021,1.7325,-0.0002718552056577671,5.074194514560682e-06
6.231480000000094e-06,1.732508486831118,1.7325,-0.0002719057559490267,5.07419450554599e-06
6.233480000000094e-06,1.732508488455271,1.7325,-0.0002718553531038481,5.074194525616367e-06
6.235480000000094e-06,1.732508486574747,1.7325,-0.0002719056059512973,5.074194564607449e-06
6.237480000000094e-06,1.732508488142185,1.7325,-0.0002718555024961557,5.074194576580224e-06
6.239480000000094e-06,1.732508486289032,1.7325,-0.0002719054549487506,5.074194551397426e-06
6.241480000000095e-06,1.732508487949306,1.7325,-0.0002718556518227498,5.074194535112996e-06
6.243480000000095e-06,1.732508486213812,1.7325,-0.0002719053066092073,5.074194510154517e-06
6.245480000000095e-06,1.732508487907207,1.7325,-0.0002718558016933995,5.074194513862853e-06
6.247480000000095e-06,1.73250848615407,1.7325,-0.0002719051600570466,5.074194509927168e-06
6.249480000000095e-06,1.732508487803401,1.7325,-0.0002718559464116377,5.074194485788717e-06
6.251480000000095e-06,1.732508486050698,1.7325,-0.0002719050157685724,5.074194497025568e-06
6.253480000000096e-06,1.732508487736924,1.7325,-0.0002718560926461199,5.074194502030133e-06
6.255480000000096e-06,1.73250848605721,1.7325,-0.00027190487267578,5.074194509162552e-06
6.257480000000096e-06,1.732508487731748,1.7325,-0.0002718562386738237,5.074194500013613e-06
6.259480000000096e-06,1.732508486016366,1.7325,-0.000271904727765276,5.074194521019232e-06
6.261480000000096e-06,1.732508487657145,1.7325,-0.0002718563827713908,5.074194572981132e-06
6.263480000000096e-06,1.732508485977144,1.7325,-0.0002719045848008722,5.074194571921315e-06
6.265480000000096e-06,1.732508487608814,1.7325,-0.0002718565260541369,5.074194557575794e-06
6.267480000000097e-06,1.732508485952514,1.7325,-0.0002719044398742762,5.074194575926211e-06
6.269480000000097e-06,1.732508487685582,1.7325,-0.0002718566670266224,5.074194589700746e-06
6.271480000000097e-06,1.732508486190864,1.7325,-0.0002719043010549416,5.074194591244759e-06
6.273480000000097e-06,1.732508488013009,1.7325,-0.0002718568085558944,5.074194594154383e-06
6.275480000000097e-06,1.732508486618196,1.7325,-0.0002719041582499796,5.07419460416367e-06
6.277480000000097e-06,1.732508488478261,1.7325,-0.0002718569499578791,5.07419459078926e-06
6.279480000000097e-06,1.732508487080116,1.7325,-0.0002719040194940362,5.07419457086761e-06
6.281480000000098e-06,1.732508488925174,1.7325,-0.0002718570895588754,5.074194585749047e-06
6.283480000000098e-06,1.732508487494399,1.7325,-0.0002719038806435855,5.074194597301419e-06
6.285480000000098e-06,1.732508489291687,1.7325,-0.0002718572274042599,5.074194591770677e-06
6.287480000000098e-06,1.732508487907809,1.7325,-0.0002719037420958272,5.074194563600074e-06
6.289480000000098e-06,1.732508489749821,1.7325,-0.0002718573659349987,5.074194516663424e-06
6.291480000000098e-06,1.732508488372815,1.7325,-0.0002719036066094016,5.074194525524307e-06
6.293480000000099e-06,1.732508490103796,1.7325,-0.0002718575030016919,5.074194531352826e-06
6.295480000000099e-06,1.732508488539902,1.7325,-0.0002719034675192094,5.074194498872212e-06
6.297480000000099e-06,1.732508490021599,1.7325,-0.0002718576393957699,5.074194484519809e-06
6.299480000000099e-06,1.732508488312122,1.7325,-0.0002719033296104704,5.074194507425025e-06
6.301480000000099e-06,1.732508489716468,1.7325,-0.0002718577749462007,5.07419451477132e-06
6.303480000000099e-06,1.732508487960208,1.7325,-0.0002719031959571877,5.074194513439577e-06
6.305480000000099e-06,1.732508489300231,1.7325,-0.0002718579062059081,5.074194508679786e-06
6.3074800000001e-06,1.732508487472193,1.7325,-0.0002719030635023544,5.074194502367527e-06
6.3094800000001e-06,1.732508488727181,1.7325,-0.0002718580402085251,5.074194521970774e-06
6.3114800000001e-06,1.732508486892617,1.7325,-0.0002719029312853899,5.074194553861488e-06
6.3134800000001e-06,1.732508488185187,1.7325,-0.0002718581712776845,5.074194549000933e-06
6.3154800000001e-06,1.73250848652879,1.7325,-0.0002719027973778958,5.074194553939176e-06
6.3174800000001e-06,1.732508488000551,1.7325,-0.0002718583064442654,5.074194568642548e-06
6.3194800000001e-06,1.732508486446139,1.7325,-0.0002719026674575668,5.074194536446287e-06
6.321480000000101e-06,1.732508487949227,1.7325,-0.0002718584383728815,5.07419451892889e-06
6.323480000000101e-06,1.732508486428538,1.7325,-0.0002719025363412141,5.074194516408794e-06
6.325480000000101e-06,1.732508487994874,1.7325,-0.0002718585659017613,5.074194501369176e-06
6.327480000000101e-06,1.732508486553625,1.7325,-0.0002719024076657584,5.074194519629986e-06
6.329480000000101e-06,1.73250848806927,1.7325,-0.0002718586966673729,5.074194524387005e-06
6.331480000000101e-06,1.732508486542674,1.7325,-0.0002719022793546672,5.074194498720888e-06
6.333480000000102e-06,1.732508487971515,1.7325,-0.0002718588238608459,5.074194513788242e-06
6.335480000000102e-06,1.732508486370107,1.7325,-0.0002719021482081094,5.074194516891144e-06
6.337480000000102e-06,1.732508487685518,1.7325,-0.0002718589525523655,5.074194491663976e-06
6.339480000000102e-06,1.732508486078768,1.7325,-0.0002719020224325585,5.074194481123847e-06
6.341480000000102e-06,1.732508487460874,1.7325,-0.0002718590802414562,5.074194500634555e-06
6.343480000000102e-06,1.732508485950804,1.7325,-0.0002719018933897556,5.074194493972033e-06
6.345480000000102e-06,1.732508487449681,1.7325,-0.0002718592041818403,5.074194514786525e-06
6.347480000000103e-06,1.732508486111241,1.7325,-0.0002719017686840501,5.074194521873801e-06
6.349480000000103e-06,1.732508487745683,1.7325,-0.0002718593294927441,5.074194491825047e-06
6.351480000000103e-06,1.732508486477507,1.7325,-0.0002719016429094285,5.074194496971211e-06
6.353480000000103e-06,1.732508488087257,1.7325,-0.0002718594568299399,5.074194507971779e-06
6.355480000000103e-06,1.732508486837827,1.7325,-0.0002719015209316318,5.074194510792714e-06
6.357480000000103e-06,1.732508488518112,1.7325,-0.0002718595786643795,5.074194493946402e-06
6.359480000000103e-06,1.732508487375036,1.7325,-0.000271901394806357,5.074194494269948e-06
6.361480000000104e-06,1.732508489044583,1.7325,-0.0002718597033546096,5.074194513947927e-06
6.363480000000104e-06,1.732508487795704,1.7325,-0.0002719012732910354,5.074194511176323e-06
6.365480000000104e-06,1.732508489325963,1.7325,-0.0002718598268472287,5.074194500077881e-06
6.367480000000104e-06,1.732508487969625,1.7325,-0.0002719011499085256,5.074194516599478e-06
6.369480000000104e-06,1.732508489413322,1.7325,-0.0002718599433574673,5.074194515591417e-06
6.371480000000104e-06,1.732508487999473,1.7325,-0.0002719010293479985,5.074194503433592e-06
6.373480000000105e-06,1.732508489336486,1.7325,-0.0002718600673460659,5.074194521025875e-06
6.375480000000105e-06,1.732508487901618,1.7325,-0.0002719009071136994,5.074194542854775e-06
6.377480000000105e-06,1.732508489250793,1.7325,-0.000271860187682569,5.074194557416546e-06
6.379480000000105e-06,1.732508487763353,1.7325,-0.0002719007889150086,5.07419457255598e-06
6.381480000000105e-06,1.732508489018138,1.7325,-0.0002718603044776773,5.07419456100479e-06
6.383480000000105e-06,1.732508487507671,1.7325,-0.0002719006708115403,5.074194558656885e-06
6.385480000000105e-06,1.732508488785924,1.7325,-0.0002718604232833028,5.0741945580883e-06
6.387480000000106e-06,1.732508487429214,1.7325,-0.0002719005496457688,5.074194563889551e-06
6.389480000000106e-06,1.732508488817553,1.7325,-0.0002718605416580135,5.074194573776542e-06
6.391480000000106e-06,1.732508487463898,1.7325,-0.0002719004335833193,5.074194540748452e-06
6.393480000000106e-06,1.732508488875751,1.7325,-0.0002718606563002257,5.074194508392558e-06
6.395480000000106e-06,1.732508487616875,1.7325,-0.0002719003184780856,5.074194516423528e-06
6.397480000000106e-06,1.732508489083772,1.7325,-0.0002718607757284287,5.07419451901828e-06
6.399480000000106e-06,1.732508487828408,1.7325,-0.0002719002014107138,5.074194522321146e-06
6.401480000000107e-06,1.732508489251566,1.7325,-0.0002718608911843005,5.074194524302262e-06
6.403480000000107e-06,1.732508488068978,1.7325,-0.0002719000873096996,5.074194520451713e-06
6.405480000000107e-06,1.73250848952984,1.7325,-0.0002718610075500371,5.074194508648335e-06
6.407480000000107e-06,1.732508488312424,1.7325,-0.0002718999734000666,5.074194516339142e-06
6.409480000000107e-06,1.7325084897484,1.7325,-0.0002718611188924276,5.074194530623198e-06
6.411480000000107e-06,1.732508488453559,1.7325,-0.0002718998598265478,5.074194555979281e-06
6.413480000000108e-06,1.732508489724096,1.7325,-0.0002718612353535083,5.074194575517631e-06
6.415480000000108e-06,1.732508488452081,1.7325,-0.0002718997457088647,5.074194582631386e-06
6.417480000000108e-06,1.732508489850538,1.7325,-0.0002718613490393996,5.074194590837417e-06
6.419480000000108e-06,1.732508488657276,1.7325,-0.0002718996348453867,5.074194582828355e-06
6.421480000000108e-06,1.732508490063691,1.7325,-0.00027186146138564,5.074194572692769e-06
6.423480000000108e-06,1.732508488869309,1.7325,-0.0002718995202018802,5.074194547166264e-06
6.425480000000108e-06,1.732508490270838,1.7325,-0.0002718615713564565,5.074194543863364e-06
6.427480000000109e-06,1.732508489022156,1.7325,-0.0002718994087648613,5.07419456095626e-06
6.429480000000109e-06,1.732508490259813,1.7325,-0.0002718616822842329,5.074194556201143e-06
6.431480000000109e-06,1.732508488934235,1.7325,-0.0002718992982514248,5.074194562491117e-06
6.433480000000109e-06,1.732508490127363,1.7325,-0.0002718617901978164,5.074194570377375e-06
6.435480000000109e-06,1.732508488755001,1.7325,-0.000271899191087066,5.074194561604475e-06
6.437480000000109e-06,1.732508489886516,1.7325,-0.0002718619008227334,5.07419457876534e-06
6.439480000000109e-06,1.732508488518909,1.7325,-0.0002718990802242176,5.074194606673795e-06
6.44148000000011e-06,1.732508489732242,1.7325,-0.0002718620082414015,5.074194579418315e-06
6.44348000000011e-06,1.732508488509895,1.7325,-0.0002718989718316612,5.074194558296543e-06
6.44548000000011e-06,1.732508489802065,1.7325,-0.000271862116888026,5.074194539402851e-06
6.44748000000011e-06,1.732508488617446,1.7325,-0.0002718988651135804,5.074194485787043e-06
6.44948000000011e-06,1.73250848994473,1.7325,-0.0002718622254865323,5.074194493434712e-06
6.45148000000011e-06,1.732508488691572,1.7325,-0.0002718987576960905,5.074194513363074e-06
6.453480000000111e-06,1.732508489800221,1.7325,-0.0002718623331622056,5.074194504928886e-06
6.455480000000111e-06,1.732508488413604,1.7325,-0.0002718986535130178,5.074194522506969e-06
6.457480000000111e-06,1.732508489422162,1.7325,-0.0002718624391146843,5.074194561681843e-06
6.459480000000111e-06,1.732508487985831,1.7325,-0.0002718985462542822,5.074194575252881e-06
6.461480000000111e-06,1.732508489027452,1.7325,-0.0002718625409196235,5.074194548573821e-06
6.463480000000111e-06,1.732508487710254,1.7325,-0.0002718984404288578,5.074194532848105e-06
6.465480000000111e-06,1.732508488949041,1.7325,-0.0002718626461061542,5.074194513949289e-06
6.467480000000112e-06,1.732508487862304,1.7325,-0.0002718983360553419,5.074194504009962e-06
6.469480000000112e-06,1.732508489240028,1.7325,-0.0002718627525527613,5.074194533063538e-06
6.471480000000112e-06,1.732508488231082,1.7325,-0.0002718982374727613,5.074194538841171e-06
6.473480000000112e-06,1.732508489668489,1.7325,-0.0002718628577223656,5.074194567654004e-06
6.475480000000112e-06,1.73250848877179,1.7325,-0.0002718981342163749,5.074194605846521e-06
6.477480000000112e-06,1.732508490224613,1.7325,-0.0002718629606611626,5.074194577562059e-06
6.479480000000112e-06,1.732508489315517,1.7325,-0.0002718980299683309,5.074194563580907e-06
6.481480000000113e-06,1.732508490817078,1.7325,-0.0002718630592934144,5.074194577411294e-06
6.483480000000113e-06,1.73250848994007,1.7325,-0.0002718979247988897,5.074194571323955e-06
6.485480000000113e-06,1.732508491397642,1.7325,-0.0002718631612589893,5.074194569472644e-06
6.487480000000113e-06,1.732508490511019,1.7325,-0.0002718978254960672,5.07419456239637e-06
6.489480000000113e-06,1.732508491900721,1.7325,-0.0002718632627136829,5.074194560757607e-06
6.491480000000113e-06,1.73250849086048,1.7325,-0.0002718977249660625,5.074194573202748e-06
6.493480000000114e-06,1.732508492072483,1.7325,-0.0002718633604686656,5.074194556062332e-06
6.495480000000114e-06,1.732508490909818,1.7325,-0.0002718976218687812,5.074194539143321e-06
6.497480000000114e-06,1.732508491931491,1.7325,-0.0002718634606957647,5.074194538497809e-06
6.499480000000114e-06,1.732508490565099,1.7325,-0.0002718975224704433,5.074194517068912e-06
6.501480000000114e-06,1.732508491392197,1.7325,-0.0002718635585946005,5.074194520639477e-06
6.503480000000114e-06,1.732508489833245,1.7325,-0.000271897424046079,5.074194527403517e-06
6.505480000000114e-06,1.732508490423592,1.7325,-0.0002718636581195105,5.074194514570114e-06
6.507480000000115e-06,1.732508488667806,1.7325,-0.0002718973263227244,5.074194523988992e-06
6.509480000000115e-06,1.732508489073526,1.7325,-0.0002718637540892549,5.074194515743834e-06
6.511480000000115e-06,1.732508487162427,1.7325,-0.0002718972270046104,5.074194499914037e-06
6.513480000000115e-06,1.732508487488775,1.7325,-0.0002718638510309803,5.074194534261047e-06
6.515480000000115e-06,1.732508485650784,1.7325,-0.0002718971322167031,5.07419455946766e-06
6.517480000000115e-06,1.732508486160969,1.7325,-0.0002718639492161601,5.074194547511831e-06
6.519480000000115e-06,1.732508484577525,1.7325,-0.0002718970345885744,5.074194518420925e-06
6.521480000000116e-06,1.732508485334282,1.7325,-0.000271864045232738,5.074194508465686e-06
6.523480000000116e-06,1.732508483977671,1.7325,-0.0002718969400703672,5.074194517063767e-06
6.525480000000116e-06,1.73250848487945,1.7325,-0.000271864140899911,5.074194510537444e-06
6.527480000000116e-06,1.732508483656022,1.7325,-0.000271896844467708,5.074194513083987e-06
6.529480000000116e-06,1.732508484677348,1.7325,-0.0002718642378740861,5.07419451105697e-06
6.531480000000116e-06,1.732508483578553,1.7325,-0.0002718967515918274,5.074194519561012e-06
6.533480000000117e-06,1.732508484740324,1.7325,-0.0002718643315790349,5.074194525093202e-06
6.535480000000117e-06,1.732508483846621,1.7325,-0.0002718966571214762,5.074194508813205e-06
6.537480000000117e-06,1.732508485207752,1.7325,-0.0002718644247893383,5.074194520358315e-06
6.539480000000117e-06,1.732508484442735,1.7325,-0.0002718965645814506,5.074194522938398e-06
6.541480000000117e-06,1.732508485806065,1.7325,-0.0002718645189399705,5.074194509179395e-06
6.543480000000117e-06,1.732508485030182,1.7325,-0.0002718964710047812,5.074194530429972e-06
6.545480000000117e-06,1.732508486350963,1.7325,-0.0002718646119593701,5.074194558908243e-06
6.547480000000118e-06,1.732508485485472,1.7325,-0.0002718963783847334,5.074194561146418e-06
6.549480000000118e-06,1.732508486727966,1.7325,-0.0002718647029044278,5.074194561196436e-06
6.551480000000118e-06,1.732508485899451,1.7325,-0.0002718962881884215,5.07419456887971e-06
6.553480000000118e-06,1.732508487220636,1.7325,-0.0002718647933719313,5.074194552745624e-06
6.555480000000118e-06,1.73250848644514,1.7325,-0.000271896196747182,5.074194521227074e-06
6.557480000000118e-06,1.732508487724794,1.7325,-0.0002718648847321136,5.074194509355808e-06
6.559480000000119e-06,1.732508486825225,1.7325,-0.0002718961034578107,5.074194525596521e-06
6.561480000000119e-06,1.732508487888951,1.7325,-0.0002718649737173459,5.074194566096727e-06
6.563480000000119e-06,1.732508486773468,1.7325,-0.0002718960136445318,5.074194586281667e-06
6.565480000000119e-06,1.73250848765279,1.7325,-0.0002718650596873064,5.074194576496198e-06
6.567480000000119e-06,1.732508486389779,1.7325,-0.0002718959213113602,5.074194578393281e-06
6.569480000000119e-06,1.732508487103967,1.7325,-0.0002718651502339349,5.074194552370787e-06
6.571480000000119e-06,1.732508485661877,1.7325,-0.0002718958341122387,5.074194534189618e-06
6.57348000000012e-06,1.732508486182956,1.7325,-0.0002718652377518714,5.074194524875672e-06
6.57548000000012e-06,1.732508484668607,1.7325,-0.0002718957438675605,5.074194512202473e-06
6.57748000000012e-06,1.732508485168126,1.7325,-0.0002718653245189614,5.074194515552317e-06
6.57948000000012e-06,1.732508483608878,1.7325,-0.0002718956566381783,5.074194495021759e-06
6.58148000000012e-06,1.732508484054791,1.7325,-0.0002718654129927356,5.074194498321879e-06
6.58348000000012e-06,1.732508482574004,1.7325,-0.0002718955705575474,5.074194513909111e-06
6.58548000000012e-06,1.732508483173633,1.7325,-0.0002718655042576382,5.074194494891114e-06
6.587480000000121e-06,1.73250848192898,1.7325,-0.0002718954863397906,5.074194507032447e-06
6.589480000000121e-06,1.732508482833664,1.7325,-0.0002718655905004468,5.074194511895216e-06
6.591480000000121e-06,1.732508481856131,1.7325,-0.0002718954011984708,5.074194490907989e-06
6.593480000000121e-06,1.732508483031819,1.7325,-0.0002718656795164968,5.074194507414784e-06
6.595480000000121e-06,1.73250848242204,1.7325,-0.0002718953158823073,5.074194524711661e-06
6.597480000000121e-06,1.732508483859889,1.7325,-0.0002718657652160792,5.074194556630971e-06
6.599480000000122e-06,1.732508483440427,1.7325,-0.0002718952314431824,5.074194560688332e-06
6.601480000000122e-06,1.732508485014054,1.7325,-0.0002718658487774636,5.074194550428792e-06
6.603480000000122e-06,1.732508484680998,1.7325,-0.0002718951467802379,5.074194580833491e-06
6.605480000000122e-06,1.732508486265647,1.7325,-0.0002718659333770199,5.074194593763646e-06
6.607480000000122e-06,1.732508485881653,1.7325,-0.0002718950603315829,5.074194590263306e-06
6.609480000000122e-06,1.732508487397393,1.7325,-0.0002718660160136592,5.074194547002346e-06
6.611480000000122e-06,1.732508486921157,1.7325,-0.0002718949770233707,5.074194523116474e-06
6.613480000000123e-06,1.73250848825318,1.7325,-0.0002718660994173694,5.074194531054206e-06
6.615480000000123e-06,1.732508487581297,1.7325,-0.0002718948941312326,5.074194534550642e-06
6.617480000000123e-06,1.732508488721309,1.7325,-0.0002718661818157728,5.074194532171457e-06
6.619480000000123e-06,1.732508487838156,1.7325,-0.0002718948099147471,5.074194507621424e-06
6.621480000000123e-06,1.732508488679484,1.7325,-0.0002718662624754273,5.074194509523688e-06
6.623480000000123e-06,1.732508487575813,1.7325,-0.0002718947262723899,5.07419450504524e-06
6.625480000000123e-06,1.732508488307448,1.7325,-0.0002718663435821475,5.074194500932269e-06
6.627480000000124e-06,1.732508487032834,1.7325,-0.0002718946454379195,5.074194532675889e-06
6.629480000000124e-06,1.732508487590354,1.7325,-0.0002718664245454263,5.074194544199796e-06
6.631480000000124e-06,1.732508486273765,1.7325,-0.0002718945630229925,5.074194547692647e-06
6.633480000000124e-06,1.732508486757798,1.7325,-0.0002718665047430023,5.074194569785281e-06
6.635480000000124e-06,1.732508485382979,1.7325,-0.0002718944839107068,5.074194588404707e-06
6.637480000000124e-06,1.732508485896143,1.7325,-0.000271866584812583,5.074194577034711e-06
6.639480000000125e-06,1.732508484649809,1.7325,-0.0002718944020856614,5.074194582337765e-06
6.641480000000125e-06,1.732508485256913,1.7325,-0.000271866666940062,5.074194577140694e-06
6.643480000000125e-06,1.732508484070291,1.7325,-0.0002718943230838748,5.074194569800162e-06
6.645480000000125e-06,1.732508484772952,1.7325,-0.0002718667456218179,5.074194560390731e-06
6.647480000000125e-06,1.732508483740536,1.7325,-0.0002718942435252581,5.074194569210127e-06
6.649480000000125e-06,1.732508484615791,1.7325,-0.000271866824240887,5.074194570616412e-06
6.651480000000125e-06,1.732508483852655,1.7325,-0.0002718941660855007,5.074194558535732e-06
6.653480000000126e-06,1.732508485007642,1.7325,-0.0002718669057633454,5.074194589185541e-06
6.655480000000126e-06,1.73250848447259,1.7325,-0.0002718940914215536,5.074194574357719e-06
6.657480000000126e-06,1.732508485813473,1.7325,-0.0002718669827699335,5.074194557554749e-06
6.659480000000126e-06,1.732508485402904,1.7325,-0.0002718940125648765,5.074194575109146e-06
6.661480000000126e-06,1.732508486741115,1.7325,-0.0002718670611024558,5.074194590064234e-06
6.663480000000126e-06,1.732508486203484,1.7325,-0.0002718939367364756,5.0741946077476e-06
6.665480000000126e-06,1.732508487273865,1.7325,-0.0002718671362598227,5.074194582370158e-06
6.667480000000127e-06,1.732508486527492,1.7325,-0.0002718938568576376,5.074194561250597e-06
6.669480000000127e-06,1.73250848748824,1.7325,-0.0002718672132369275,5.074194582448196e-06
6.671480000000127e-06,1.732508486685591,1.7325,-0.0002718937821773043,5.074194588208048e-06
6.673480000000127e-06,1.732508487575785,1.7325,-0.0002718672896068528,5.074194594013489e-06
6.675480000000127e-06,1.732508486673806,1.7325,-0.0002718937043245644,5.074194607633135e-06
6.677480000000127e-06,1.732508487469157,1.7325,-0.00027186736157572,5.074194594520865e-06
6.679480000000128e-06,1.732508486458169,1.7325,-0.0002718936273798322,5.074194575784812e-06
6.681480000000128e-06,1.73250848709144,1.7325,-0.0002718674378983089,5.07419457051557e-06
6.683480000000128e-06,1.732508485977776,1.7325,-0.0002718935538315762,5.074194571919946e-06
6.685480000000128e-06,1.732508486549133,1.7325,-0.0002718675128013802,5.074194562162801e-06
6.687480000000128e-06,1.732508485430987,1.7325,-0.0002718934797579032,5.074194559468036e-06
6.689480000000128e-06,1.732508486039361,1.7325,-0.0002718675882948997,5.074194568187954e-06
6.691480000000128e-06,1.732508484991882,1.7325,-0.000271893405301512,5.074194552120651e-06
6.693480000000129e-06,1.732508485574728,1.7325,-0.0002718676614274553,5.074194508898319e-06
6.695480000000129e-06,1.73250848443323,1.7325,-0.0002718933321674955,5.074194479317088e-06
6.697480000000129e-06,1.732508484985785,1.7325,-0.0002718677350395212,5.074194490271182e-06
6.699480000000129e-06,1.732508483922983,1.7325,-0.0002718932587488534,5.074194505857416e-06
6.701480000000129e-06,1.732508484476159,1.7325,-0.0002718678096390524,5.074194490745789e-06
6.703480000000129e-06,1.732508483354263,1.7325,-0.0002718931873532886,5.074194503260983e-06
6.705480000000129e-06,1.732508483940028,1.7325,-0.0002718678803328281,5.074194519079186e-06
6.70748000000013e-06,1.732508482875582,1.7325,-0.0002718931168844261,5.07419450087233e-06
6.70948000000013e-06,1.732508483498614,1.7325,-0.0002718679543108521,5.07419451604211e-06
6.71148000000013e-06,1.732508482587974,1.7325,-0.0002718930448830479,5.074194527758109e-06
6.71348000000013e-06,1.732508483431207,1.7325,-0.0002718680264878738,5.074194554193949e-06
6.71548000000013e-06,1.732508482833671,1.7325,-0.0002718929752100662,5.074194551357411e-06
6.71748000000013e-06,1.732508484003298,1.7325,-0.000271868097419258,5.074194547373382e-06
6.719480000000131e-06,1.732508483634816,1.7325,-0.0002718929046932859,5.074194579755169e-06
6.721480000000131e-06,1.732508484892202,1.7325,-0.0002718681706961286,5.074194578302083e-06
6.723480000000131e-06,1.732508484591075,1.7325,-0.0002718928331862566,5.074194559893245e-06
6.725480000000131e-06,1.732508485900161,1.7325,-0.0002718682407033751,5.074194563959133e-06
6.727480000000131e-06,1.732508485655442,1.7325,-0.0002718927612653285,5.074194566435492e-06
6.729480000000131e-06,1.732508486985308,1.7325,-0.0002718683100407602,5.074194547846622e-06
6.731480000000131e-06,1.732508486680577,1.7325,-0.000271892692469039,5.074194530272263e-06
6.733480000000132e-06,1.732508487926164,1.7325,-0.0002718683770819297,5.074194512812295e-06
6.735480000000132e-06,1.732508487587398,1.7325,-0.0002718926233552918,5.074194532476826e-06
6.737480000000132e-06,1.732508488750452,1.7325,-0.0002718684502157374,5.074194556505467e-06
6.739480000000132e-06,1.732508488157466,1.7325,-0.0002718925549582056,5.074194538520804e-06
6.741480000000132e-06,1.732508489009054,1.7325,-0.0002718685151990589,5.074194490197872e-06
6.743480000000132e-06,1.732508488240741,1.7325,-0.0002718924863541638,5.07419449535126e-06
6.745480000000132e-06,1.732508488859461,1.7325,-0.0002718685845534582,5.074194522728306e-06
6.747480000000133e-06,1.732508487796501,1.7325,-0.0002718924179578351,5.074194549088482e-06
6.749480000000133e-06,1.732508488201272,1.7325,-0.0002718686493303719,5.074194550595754e-06
6.751480000000133e-06,1.732508487005343,1.7325,-0.000271892350804658,5.074194547982879e-06
6.753480000000133e-06,1.732508487279814,1.7325,-0.0002718687149845018,5.074194581438646e-06
6.755480000000133e-06,1.732508486054383,1.7325,-0.0002718922805262896,5.074194589348741e-06
6.757480000000133e-06,1.732508486453274,1.7325,-0.0002718687798242655,5.074194590109602e-06
6.759480000000134e-06,1.732508485413258,1.7325,-0.0002718922144894818,5.074194590281934e-06
6.761480000000134e-06,1.732508485890834,1.7325,-0.0002718688471047748,5.074194587216991e-06
6.763480000000134e-06,1.732508484890996,1.7325,-0.000271892146506893,5.074194565807677e-06
6.765480000000134e-06,1.732508485476381,1.7325,-0.0002718689118659804,5.074194564196952e-06
6.767480000000134e-06,1.732508484653319,1.7325,-0.0002718920819377202,5.074194562701394e-06
6.769480000000134e-06,1.732508485331449,1.7325,-0.0002718689822240163,5.074194550424875e-06
6.771480000000134e-06,1.732508484626062,1.7325,-0.000271892018021899,5.074194564734083e-06
6.773480000000135e-06,1.732508485552713,1.7325,-0.0002718690479900189,5.074194557784126e-06
6.775480000000135e-06,1.732508485125713,1.7325,-0.0002718919524954061,5.074194574604794e-06
6.777480000000135e-06,1.732508486249837,1.7325,-0.0002718691157336472,5.074194582072549e-06
6.779480000000135e-06,1.732508485942579,1.7325,-0.0002718918885631753,5.074194538643338e-06
6.781480000000135e-06,1.732508487080718,1.7325,-0.0002718691785954375,5.074194534789331e-06
6.783480000000135e-06,1.732508486696623,1.7325,-0.0002718918261476928,5.074194544070278e-06
6.785480000000135e-06,1.732508487654372,1.7325,-0.0002718692435005528,5.074194550986601e-06
6.787480000000136e-06,1.732508487090098,1.7325,-0.0002718917597438578,5.074194571898675e-06
6.789480000000136e-06,1.732508487961,1.7325,-0.0002718693044021245,5.074194584086077e-06
6.791480000000136e-06,1.732508487361973,1.7325,-0.000271891696482834,5.07419460778175e-06
6.793480000000136e-06,1.732508488119743,1.7325,-0.0002718693719532457,5.074194581835888e-06
6.795480000000136e-06,1.732508487451705,1.7325,-0.0002718916326141667,5.074194554517775e-06
6.797480000000136e-06,1.732508488215974,1.7325,-0.0002718694343693154,5.074194545478509e-06
6.799480000000137e-06,1.732508487529979,1.7325,-0.0002718915698150918,5.074194516433673e-06
6.801480000000137e-06,1.732508488219378,1.7325,-0.0002718694959573377,5.074194535813072e-06
6.803480000000137e-06,1.732508487476197,1.7325,-0.0002718915091050419,5.074194565497146e-06
6.805480000000137e-06,1.732508488130348,1.7325,-0.0002718695554564967,5.074194582443521e-06
6.807480000000137e-06,1.732508487425998,1.7325,-0.0002718914452536856,5.07419460621979e-06
6.809480000000137e-06,1.732508488134039,1.7325,-0.0002718696196416582,5.074194593875232e-06
6.811480000000137e-06,1.732508487472665,1.7325,-0.0002718913841767105,5.074194573048613e-06
6.813480000000138e-06,1.732508488209639,1.7325,-0.0002718696810218412,5.074194573978554e-06
6.815480000000138e-06,1.732508487594784,1.7325,-0.0002718913229871887,5.07419456408462e-06
6.817480000000138e-06,1.732508488400624,1.7325,-0.0002718697417166588,5.074194554692642e-06
6.819480000000138e-06,1.732508487877618,1.7325,-0.0002718912613839403,5.074194579742311e-06
6.821480000000138e-06,1.732508488757151,1.7325,-0.0002718698034326363,5.074194608224451e-06
6.823480000000138e-06,1.732508488238706,1.7325,-0.0002718912027470199,5.074194585658146e-06
6.825480000000138e-06,1.732508489072246,1.7325,-0.0002718698646674657,5.074194572836699e-06
6.827480000000139e-06,1.732508488553203,1.7325,-0.0002718911406328909,5.074194581031244e-06
6.829480000000139e-06,1.732508489397538,1.7325,-0.0002718699226513115,5.074194546150193e-06
6.831480000000139e-06,1.732508488813396,1.7325,-0.0002718910839244631,5.074194507671448e-06
6.833480000000139e-06,1.73250848943356,1.7325,-0.0002718699830112497,5.074194523707609e-06
6.835480000000139e-06,1.732508488661572,1.7325,-0.0002718910219081688,5.074194570813172e-06
6.837480000000139e-06,1.732508489201157,1.7325,-0.0002718700430204347,5.074194581029518e-06
6.83948000000014e-06,1.732508488363566,1.7325,-0.0002718909642271111,5.074194572273632e-06
6.84148000000014e-06,1.732508488766387,1.7325,-0.0002718701011146941,5.074194573552078e-06
6.84348000000014e-06,1.732508487806158,1.7325,-0.0002718909014273649,5.074194565092778e-06
6.84548000000014e-06,1.732508488149884,1.7325,-0.0002718701566902853,5.074194560168506e-06
6.84748000000014e-06,1.732508487195,1.7325,-0.0002718908445923026,5.074194570268851e-06
6.84948000000014e-06,1.732508487544051,1.7325,-0.0002718702157900787,5.074194547641298e-06
6.85148000000014e-06,1.732508486619682,1.7325,-0.0002718907864172299,5.074194528924485e-06
6.853480000000141e-06,1.732508487061101,1.7325,-0.0002718702760219534,5.074194521969056e-06
6.855480000000141e-06,1.732508486230221,1.7325,-0.0002718907294065122,5.074194502681685e-06
6.857480000000141e-06,1.732508486674001,1.7325,-0.0002718703342767839,5.074194538769974e-06
6.859480000000141e-06,1.732508485871086,1.7325,-0.0002718906729550031,5.07419456093994e-06
6.861480000000141e-06,1.732508486433647,1.7325,-0.0002718703903786544,5.074194527114182e-06
6.863480000000141e-06,1.732508485782695,1.7325,-0.0002718906165173987,5.074194525590944e-06
6.865480000000141e-06,1.732508486482366,1.7325,-0.0002718704486649087,5.074194527023959e-06
6.867480000000142e-06,1.732508485983742,1.7325,-0.0002718905587571211,5.074194517276754e-06
6.869480000000142e-06,1.732508486779877,1.7325,-0.0002718705038572608,5.074194507235889e-06
6.871480000000142e-06,1.732508486315908,1.7325,-0.0002718905045703429,5.074194517700515e-06
6.873480000000142e-06,1.732508487064527,1.7325,-0.0002718705612189966,5.07419452787294e-06
6.875480000000142e-06,1.732508486537284,1.7325,-0.0002718904444816817,5.074194521736934e-06
6.877480000000142e-06,1.732508487215021,1.7325,-0.0002718706132533594,5.074194517902475e-06
6.879480000000143e-06,1.732508486592549,1.7325,-0.0002718903895596186,5.074194497836875e-06
6.881480000000143e-06,1.732508487201087,1.7325,-0.0002718706690041537,5.074194486339617e-06
6.883480000000143e-06,1.732508486468368,1.7325,-0.0002718903364725656,5.074194505102628e-06
6.885480000000143e-06,1.732508486898209,1.7325,-0.000271870724595708,5.074194517981245e-06
6.887480000000143e-06,1.732508486080868,1.7325,-0.0002718902776438637,5.074194519589602e-06
6.889480000000143e-06,1.732508486502072,1.7325,-0.0002718707788953585,5.07419450199798e-06
6.891480000000143e-06,1.732508485752337,1.7325,-0.0002718902221957807,5.074194522674041e-06
6.893480000000144e-06,1.732508486240205,1.7325,-0.0002718708319997875,5.074194566851402e-06
6.895480000000144e-06,1.732508485536895,1.7325,-0.0002718901684866383,5.074194552802943e-06
6.897480000000144e-06,1.732508486033897,1.7325,-0.0002718708883561598,5.074194541065368e-06
6.899480000000144e-06,1.732508485357789,1.7325,-0.000271890116115907,5.074194525443555e-06
6.901480000000144e-06,1.732508485944042,1.7325,-0.0002718709419211747,5.07419450890546e-06
6.903480000000144e-06,1.732508485399628,1.7325,-0.0002718900620873777,5.074194516898865e-06
6.905480000000144e-06,1.73250848606375,1.7325,-0.0002718709952495,5.074194524251029e-06
6.907480000000145e-06,1.732508485517385,1.7325,-0.0002718900093347371,5.07419451865652e-06
6.909480000000145e-06,1.732508486169648,1.7325,-0.0002718710488309453,5.074194505650766e-06
6.911480000000145e-06,1.732508485701866,1.7325,-0.0002718899566775348,5.074194522870162e-06
6.913480000000145e-06,1.732508486465189,1.7325,-0.000271871102971663,5.074194559515507e-06
6.915480000000145e-06,1.732508486081558,1.7325,-0.0002718899066047275,5.074194593137195e-06
6.917480000000145e-06,1.732508486917276,1.7325,-0.0002718711552298316,5.074194592192219e-06
6.919480000000146e-06,1.732508486586188,1.7325,-0.0002718898531813858,5.074194574965305e-06
6.921480000000146e-06,1.732508487404468,1.7325,-0.0002718712068655879,5.074194578280763e-06
6.923480000000146e-06,1.732508487127944,1.7325,-0.0002718898019915639,5.074194572831377e-06
6.925480000000146e-06,1.73250848800199,1.7325,-0.0002718712598896069,5.07419455953076e-06
6.927480000000146e-06,1.732508487642018,1.7325,-0.0002718897478834157,5.074194568377724e-06
6.929480000000146e-06,1.732508488379318,1.7325,-0.0002718713107766803,5.074194555962243e-06
6.931480000000146e-06,1.732508487885399,1.7325,-0.0002718896977932,5.074194566553357e-06
6.933480000000147e-06,1.732508488442866,1.7325,-0.0002718713616646166,5.074194567030995e-06
6.935480000000147e-06,1.732508487845637,1.7325,-0.0002718896463798685,5.07419454106556e-06
6.937480000000147e-06,1.732508488319832,1.7325,-0.0002718714129813035,5.07419452558983e-06
6.939480000000147e-06,1.732508487652838,1.7325,-0.00027188959558861,5.074194506329886e-06
6.941480000000147e-06,1.732508488145014,1.7325,-0.0002718714646813716,5.074194540209569e-06
6.943480000000147e-06,1.732508487493224,1.7325,-0.0002718895468879375,5.074194547590192e-06
6.945480000000148e-06,1.732508487908638,1.7325,-0.0002718715148350828,5.074194544506628e-06
6.947480000000148e-06,1.732508487215284,1.7325,-0.0002718894950593276,5.074194576133964e-06
6.949480000000148e-06,1.732508487703244,1.7325,-0.0002718715642235232,5.074194585408575e-06
6.951480000000148e-06,1.732508487143761,1.7325,-0.0002718894483185336,5.074194601617685e-06
6.953480000000148e-06,1.732508487749583,1.7325,-0.0002718716143605978,5.074194606285157e-06
6.955480000000148e-06,1.732508487310966,1.7325,-0.000271889395741525,5.074194573707855e-06
6.957480000000148e-06,1.732508487955502,1.7325,-0.0002718716627586681,5.074194576565092e-06
6.959480000000149e-06,1.73250848748942,1.7325,-0.000271889344008764,5.074194574296818e-06
6.961480000000149e-06,1.732508488149167,1.7325,-0.0002718717139815458,5.074194563647482e-06
6.963480000000149e-06,1.732508487774355,1.7325,-0.0002718892964231135,5.074194583148433e-06
6.965480000000149e-06,1.732508488518892,1.7325,-0.0002718717620465171,5.074194595394842e-06
6.967480000000149e-06,1.732508488204962,1.7325,-0.0002718892477369952,5.074194596519633e-06
6.969480000000149e-06,1.732508489020951,1.7325,-0.0002718718101734291,5.074194592758999e-06
6.971480000000149e-06,1.732508488806258,1.7325,-0.0002718892025271518,5.074194564489931e-06
6.97348000000015e-06,1.73250848969396,1.7325,-0.0002718718603903661,5.074194509651592e-06
6.97548000000015e-06,1.732508489516843,1.7325,-0.0002718891519901824,5.07419449101734e-06
6.97748000000015e-06,1.732508490368957,1.7325,-0.0002718719038944433,5.074194504348446e-06
6.97948000000015e-06,1.732508490052515,1.7325,-0.0002718891045480704,5.074194488611158e-06
6.98148000000015e-06,1.732508490678154,1.7325,-0.0002718719537449127,5.074194496372779e-06
6.98348000000015e-06,1.732508490144208,1.7325,-0.0002718890548583038,5.074194519662955e-06
6.985480000000151e-06,1.732508490593273,1.7325,-0.0002718719994653955,5.074194541360451e-06
6.987480000000151e-06,1.732508489946389,1.7325,-0.0002718890074954007,5.074194574468848e-06
6.989480000000151e-06,1.732508490272695,1.7325,-0.0002718720479607437,5.074194580010019e-06
6.991480000000151e-06,1.732508489569868,1.7325,-0.0002718889587275971,5.074194559767515e-06
6.993480000000151e-06,1.732508489921472,1.7325,-0.0002718720931382484,5.074194567090942e-06
6.995480000000151e-06,1.732508489212061,1.7325,-0.0002718889114772371,5.074194564015405e-06
6.997480000000151e-06,1.732508489466308,1.7325,-0.000271872139080489,5.074194532353733e-06
6.999480000000152e-06,1.732508488649291,1.7325,-0.0002718888664109953,5.074194534715477e-06
7.001480000000152e-06,1.732508488770195,1.7325,-0.0002718721854236496,5.074194509405743e-06
7.003480000000152e-06,1.73250848784741,1.7325,-0.0002718888195264151,5.074194528479663e-06
7.005480000000152e-06,1.732508487953742,1.7325,-0.0002718722314634359,5.074194570808929e-06
7.007480000000152e-06,1.732508487052638,1.7325,-0.0002718887740305781,5.0741945631011e-06
7.009480000000152e-06,1.732508487191209,1.7325,-0.0002718722760187947,5.074194559664834e-06
7.011480000000152e-06,1.732508486343648,1.7325,-0.000271888730398909,5.074194557723399e-06
7.013480000000153e-06,1.732508486509225,1.7325,-0.0002718723243218292,5.074194554252318e-06
7.015480000000153e-06,1.732508485707867,1.7325,-0.0002718886829405479,5.074194564887274e-06
7.017480000000153e-06,1.732508485953606,1.7325,-0.000271872367459274,5.074194553340681e-06
7.019480000000153e-06,1.732508485278712,1.7325,-0.000271888635721392,5.074194570844654e-06
7.021480000000153e-06,1.732508485629013,1.7325,-0.0002718724124939454,5.074194572541127e-06
7.023480000000153e-06,1.732508485107087,1.7325,-0.0002718885935090491,5.074194533233707e-06
7.025480000000154e-06,1.732508485628905,1.7325,-0.0002718724608439754,5.074194541123087e-06
7.027480000000154e-06,1.732508485270036,1.7325,-0.0002718885505170644,5.074194565140655e-06
7.029480000000154e-06,1.732508485984125,1.7325,-0.0002718725049063559,5.074194545976806e-06
7.031480000000154e-06,1.732508485770059,1.7325,-0.0002718885064066164,5.074194519860304e-06
7.033480000000154e-06,1.73250848655058,1.7325,-0.0002718725502119185,5.074194539310714e-06
7.035480000000154e-06,1.732508486344859,1.7325,-0.0002718884635738809,5.074194552286718e-06
7.037480000000154e-06,1.732508487063901,1.7325,-0.0002718725921363924,5.074194555404577e-06
7.039480000000155e-06,1.732508486826624,1.7325,-0.0002718884180285641,5.074194560218483e-06
7.041480000000155e-06,1.732508487558108,1.7325,-0.0002718726378732197,5.074194565055502e-06
7.043480000000155e-06,1.732508487340764,1.7325,-0.0002718883772045378,5.074194567631422e-06
7.045480000000155e-06,1.732508488084832,1.7325,-0.0002718726824286568,5.074194559665607e-06
7.047480000000155e-06,1.732508487816149,1.7325,-0.0002718883335410148,5.074194570513928e-06
7.049480000000155e-06,1.732508488489269,1.7325,-0.000271872722169131,5.074194573420517e-06
7.051480000000155e-06,1.732508488199977,1.7325,-0.0002718882902445216,5.074194554785764e-06
7.053480000000156e-06,1.7325084888065,1.7325,-0.0002718727661346085,5.074194514423278e-06
7.055480000000156e-06,1.732508488411829,1.7325,-0.0002718882472992523,5.074194497950452e-06
7.057480000000156e-06,1.732508488838234,1.7325,-0.0002718728097653038,5.074194508362201e-06
7.059480000000156e-06,1.732508488247502,1.7325,-0.0002718882026803019,5.07419448794206e-06
7.061480000000156e-06,1.73250848847033,1.7325,-0.000271872850079192,5.074194480453099e-06
7.063480000000156e-06,1.732508487696465,1.7325,-0.0002718881594001439,5.074194507931372e-06
7.065480000000157e-06,1.732508487802902,1.7325,-0.0002718728881935811,5.074194504836599e-06
7.067480000000157e-06,1.732508486920542,1.7325,-0.0002718881163420787,5.074194505857653e-06
7.069480000000157e-06,1.732508486874345,1.7325,-0.0002718729313148015,5.074194520072875e-06
7.071480000000157e-06,1.732508485942202,1.7325,-0.0002718880741308028,5.074194511016107e-06
7.073480000000157e-06,1.732508485976385,1.7325,-0.0002718729741323033,5.074194517042502e-06
7.075480000000157e-06,1.732508485203387,1.7325,-0.000271888034374332,5.074194515211471e-06
7.077480000000157e-06,1.732508485420461,1.7325,-0.0002718730161523882,5.074194502311436e-06
7.079480000000158e-06,1.732508484793294,1.7325,-0.0002718879922584531,5.074194508497679e-06
7.081480000000158e-06,1.732508485101232,1.7325,-0.0002718730563868993,5.074194509288532e-06
7.083480000000158e-06,1.732508484553376,1.7325,-0.0002718879516892079,5.074194502346389e-06
7.085480000000158e-06,1.732508484961473,1.7325,-0.0002718730977695505,5.07419452329229e-06
7.087480000000158e-06,1.732508484570972,1.7325,-0.0002718879138319195,5.074194561544821e-06
7.089480000000158e-06,1.732508485116514,1.7325,-0.0002718731399977753,5.074194585735323e-06
7.091480000000158e-06,1.73250848485717,1.7325,-0.000271887873389864,5.074194579049072e-06
7.093480000000159e-06,1.732508485530194,1.7325,-0.0002718731801986516,5.074194570133145e-06
7.095480000000159e-06,1.732508485419608,1.7325,-0.0002718878330436594,5.0741945707115e-06
7.097480000000159e-06,1.732508486256031,1.7325,-0.0002718732217732089,5.074194566216128e-06
7.099480000000159e-06,1.732508486261675,1.7325,-0.0002718877925862859,5.074194559470739e-06
7.101480000000159e-06,1.732508487130528,1.7325,-0.0002718732602695275,5.074194558220127e-06
7.103480000000159e-06,1.732508487169056,1.7325,-0.0002718877527663793,5.07419456323034e-06
7.10548000000016e-06,1.732508488100168,1.7325,-0.0002718732977767003,5.074194549092257e-06
7.10748000000016e-06,1.732508488046246,1.7325,-0.0002718877133445875,5.074194520806816e-06
7.10948000000016e-06,1.732508488776406,1.7325,-0.000271873339047887,5.074194528034688e-06
7.11148000000016e-06,1.732508488575657,1.7325,-0.0002718876758696881,5.074194521005172e-06
7.11348000000016e-06,1.732508489094045,1.7325,-0.0002718733801272015,5.074194489391328e-06
7.11548000000016e-06,1.732508488692144,1.7325,-0.0002718876340717688,5.07419450140893e-06
7.11748000000016e-06,1.732508489042651,1.7325,-0.0002718734158485467,5.074194504664273e-06
7.119480000000161e-06,1.732508488485394,1.7325,-0.0002718875949067722,5.074194506037224e-06
7.121480000000161e-06,1.73250848871574,1.7325,-0.0002718734554770467,5.074194509968368e-06
7.123480000000161e-06,1.732508488042986,1.7325,-0.0002718875558680541,5.074194494120763e-06
7.125480000000161e-06,1.732508488196562,1.7325,-0.0002718734914544252,5.074194497431265e-06
7.127480000000161e-06,1.732508487514774,1.7325,-0.0002718875169248849,5.074194515090003e-06
7.129480000000161e-06,1.732508487611359,1.7325,-0.0002718735297906917,5.07419450126665e-06
7.131480000000161e-06,1.732508486857019,1.7325,-0.0002718874803427804,5.074194519636605e-06
7.133480000000162e-06,1.73250848693294,1.7325,-0.0002718735693077234,5.074194526651865e-06
7.135480000000162e-06,1.732508486296318,1.7325,-0.0002718874407300003,5.074194509771257e-06
7.137480000000162e-06,1.7325084865481,1.7325,-0.0002718736057948489,5.074194530406589e-06
7.139480000000162e-06,1.73250848598931,1.7325,-0.0002718874034302831,5.074194562340542e-06
7.141480000000162e-06,1.732508486258766,1.7325,-0.000271873644561998,5.074194589360481e-06
7.143480000000162e-06,1.732508485786532,1.7325,-0.0002718873650778554,5.074194571312152e-06
7.145480000000163e-06,1.732508486193188,1.7325,-0.0002718736807604253,5.074194567380959e-06
7.147480000000163e-06,1.732508485841894,1.7325,-0.0002718873298671716,5.074194582147726e-06
7.149480000000163e-06,1.732508486315842,1.7325,-0.0002718737192885832,5.074194591850682e-06
7.151480000000163e-06,1.732508486008165,1.7325,-0.0002718872913874204,5.07419460137085e-06
7.153480000000163e-06,1.73250848652655,1.7325,-0.0002718737559507457,5.07419457710434e-06
7.155480000000163e-06,1.73250848629482,1.7325,-0.0002718872522046903,5.074194576505492e-06
7.157480000000163e-06,1.732508486839298,1.7325,-0.0002718737912417954,5.074194581015098e-06
7.159480000000164e-06,1.732508486609259,1.7325,-0.0002718872167857819,5.074194550464288e-06
7.161480000000164e-06,1.732508487164137,1.7325,-0.0002718738266920996,5.074194513690112e-06
7.163480000000164e-06,1.732508486858347,1.7325,-0.0002718871816059482,5.074194502949998e-06
7.165480000000164e-06,1.732508487307301,1.7325,-0.0002718738616805449,5.07419451830447e-06
7.167480000000164e-06,1.732508486905947,1.7325,-0.0002718871453914395,5.074194522360801e-06
7.169480000000164e-06,1.732508487197942,1.7325,-0.0002718738991872555,5.074194523448353e-06
7.171480000000164e-06,1.732508486656018,1.7325,-0.0002718871103874861,5.074194531066061e-06
7.173480000000165e-06,1.73250848682144,1.7325,-0.0002718739340959723,5.074194539725445e-06
7.175480000000165e-06,1.732508486229787,1.7325,-0.0002718870730723286,5.074194564129584e-06
7.177480000000165e-06,1.732508486411201,1.7325,-0.0002718739730699223,5.074194556946393e-06
7.179480000000165e-06,1.732508485896255,1.7325,-0.0002718870395351004,5.074194543689519e-06
7.181480000000165e-06,1.732508486181983,1.7325,-0.0002718740094133706,5.074194535072519e-06
7.183480000000165e-06,1.732508485711428,1.7325,-0.0002718870037648287,5.074194520294108e-06
7.185480000000166e-06,1.732508485989037,1.7325,-0.0002718740433170365,5.074194521919792e-06
7.187480000000166e-06,1.732508485490541,1.7325,-0.0002718869677095374,5.074194521354193e-06
7.189480000000166e-06,1.732508485730173,1.7325,-0.0002718740776982289,5.074194494817785e-06
7.191480000000166e-06,1.732508485239528,1.7325,-0.000271886932881249,5.074194499011962e-06
7.193480000000166e-06,1.732508485522578,1.7325,-0.0002718741132930807,5.074194533464831e-06
7.195480000000166e-06,1.732508485108636,1.7325,-0.000271886901513184,5.074194531334848e-06
7.197480000000166e-06,1.732508485502089,1.7325,-0.0002718741476107808,5.074194515725904e-06
7.199480000000167e-06,1.73250848522759,1.7325,-0.0002718868661588983,5.074194519191571e-06
7.201480000000167e-06,1.73250848565025,1.7325,-0.0002718741833315344,5.074194526263405e-06
7.203480000000167e-06,1.732508485344049,1.7325,-0.0002718868303254668,5.074194509228662e-06
7.205480000000167e-06,1.732508485729364,1.7325,-0.0002718742179050915,5.07419451240459e-06
7.207480000000167e-06,1.732508485306639,1.7325,-0.0002718867951943592,5.07419451598348e-06
7.209480000000167e-06,1.732508485600551,1.7325,-0.0002718742489854189,5.07419449878424e-06
7.211480000000167e-06,1.732508485174576,1.7325,-0.0002718867598569561,5.074194507484971e-06
7.213480000000168e-06,1.732508485457912,1.7325,-0.000271874284706987,5.074194512766453e-06
7.215480000000168e-06,1.732508485048856,1.7325,-0.0002718867269248394,5.074194492625919e-06
7.217480000000168e-06,1.732508485462446,1.7325,-0.0002718743152774009,5.074194511761041e-06
7.219480000000168e-06,1.732508485213314,1.7325,-0.000271886693325662,5.074194529950532e-06
7.221480000000168e-06,1.732508485683292,1.7325,-0.0002718743505202299,5.074194540139899e-06
7.223480000000168e-06,1.732508485527059,1.7325,-0.0002718866641737631,5.074194567073689e-06
7.225480000000169e-06,1.732508486165965,1.7325,-0.000271874386274543,5.074194587295888e-06
7.227480000000169e-06,1.732508486207928,1.7325,-0.0002718866332365823,5.07419459407386e-06
7.229480000000169e-06,1.732508487082125,1.7325,-0.0002718744201930378,5.074194586396402e-06
7.231480000000169e-06,1.732508487376878,1.7325,-0.0002718865963666714,5.074194574896126e-06
7.233480000000169e-06,1.732508488336366,1.7325,-0.0002718744524066221,5.074194574524077e-06
7.235480000000169e-06,1.732508488487984,1.7325,-0.0002718865643920698,5.074194559499842e-06
7.237480000000169e-06,1.732508489239041,1.7325,-0.0002718744837261906,5.074194559385413e-06
7.23948000000017e-06,1.732508489216524,1.7325,-0.0002718865321637115,5.07419457977201e-06
7.24148000000017e-06,1.732508489811124,1.7325,-0.0002718745145687356,5.074194584919143e-06
7.24348000000017e-06,1.732508489668609,1.7325,-0.0002718864986587605,5.074194595511281e-06
7.24548000000017e-06,1.73250849010264,1.7325,-0.0002718745459360861,5.07419459624804e-06
7.24748000000017e-06,1.732508489740318,1.7325,-0.0002718864677853995,5.074194601655413e-06
7.24948000000017e-06,1.732508489969022,1.7325,-0.000271874580811705,5.074194593387381e-06
7.25148000000017e-06,1.732508489472439,1.7325,-0.0002718864339298886,5.074194566849419e-06
7.253480000000171e-06,1.732508489608487,1.7325,-0.0002718746086231298,5.074194571906493e-06
7.255480000000171e-06,1.732508488995558,1.7325,-0.0002718864008240996,5.074194564278953e-06
7.257480000000171e-06,1.73250848898069,1.7325,-0.0002718746403097002,5.074194553301967e-06
7.259480000000171e-06,1.732508488297904,1.7325,-0.0002718863702383924,5.074194585188188e-06
7.261480000000171e-06,1.73250848827506,1.7325,-0.0002718746742298738,5.074194586153145e-06
7.263480000000171e-06,1.732508487600886,1.7325,-0.0002718863402409732,5.074194536997074e-06
7.265480000000172e-06,1.732508487607426,1.7325,-0.0002718747039385976,5.074194534416409e-06
7.267480000000172e-06,1.732508487007656,1.7325,-0.0002718863073578418,5.07419453815984e-06
7.269480000000172e-06,1.732508487067839,1.7325,-0.0002718747360892882,5.074194556501386e-06
7.271480000000172e-06,1.732508486442415,1.7325,-0.0002718862801046625,5.074194574042768e-06
7.273480000000172e-06,1.732508486507099,1.7325,-0.0002718747689706969,5.074194551021836e-06
7.275480000000172e-06,1.732508485972186,1.7325,-0.0002718862472699811,5.074194545017269e-06
7.277480000000172e-06,1.732508486126482,1.7325,-0.000271874797628249,5.074194537468198e-06
7.279480000000173e-06,1.732508485701031,1.7325,-0.0002718862164757593,5.074194529688748e-06
7.281480000000173e-06,1.732508485965647,1.7325,-0.0002718748292509656,5.074194525547985e-06
7.283480000000173e-06,1.732508485635292,1.7325,-0.0002718861878664855,5.07419450687342e-06
7.285480000000173e-06,1.7325084859032,1.7325,-0.000271874861527622,5.074194511271477e-06
7.287480000000173e-06,1.732508485498067,1.7325,-0.0002718861571219459,5.074194527022728e-06
7.289480000000173e-06,1.732508485750993,1.7325,-0.000271874890838378,5.074194545276064e-06
7.291480000000173e-06,1.732508485395757,1.7325,-0.0002718861286561354,5.074194574652115e-06
7.293480000000174e-06,1.732508485748889,1.7325,-0.0002718749205960921,5.074194569924985e-06
7.295480000000174e-06,1.732508485551721,1.7325,-0.0002718861004772664,5.074194571357807e-06
7.297480000000174e-06,1.732508486021151,1.7325,-0.0002718749515333857,5.0741945673998e-06
7.299480000000174e-06,1.732508485932158,1.7325,-0.000271886067163844,5.074194569265772e-06
7.301480000000174e-06,1.732508486502485,1.7325,-0.0002718749811147448,5.074194570706869e-06
7.303480000000174e-06,1.732508486464732,1.7325,-0.0002718860366737323,5.074194569412482e-06
7.305480000000175e-06,1.732508487005458,1.7325,-0.0002718750105848039,5.074194555976756e-06
7.307480000000175e-06,1.732508486900203,1.7325,-0.000271886009738482,5.074194567485737e-06
7.309480000000175e-06,1.732508487337061,1.7325,-0.0002718750372160775,5.074194573823686e-06
7.311480000000175e-06,1.732508487083999,1.7325,-0.0002718859754202931,5.074194539356817e-06
7.313480000000175e-06,1.732508487404769,1.7325,-0.0002718750667813233,5.074194515821963e-06
7.315480000000175e-06,1.732508487123021,1.7325,-0.0002718859477844702,5.074194514867265e-06
7.317480000000175e-06,1.732508487367265,1.7325,-0.000271875095981099,5.074194505718222e-06
7.319480000000176e-06,1.732508486902077,1.7325,-0.0002718859209448877,5.074194518330083e-06
7.321480000000176e-06,1.732508486939066,1.7325,-0.0002718751252289618,5.074194520624495e-06
7.323480000000176e-06,1.732508486330496,1.7325,-0.0002718858912200347,5.074194500005287e-06
7.325480000000176e-06,1.732508486333419,1.7325,-0.000271875154538737,5.0741945112098e-06
7.327480000000176e-06,1.732508485772634,1.7325,-0.0002718858625792667,5.074194518631356e-06
7.329480000000176e-06,1.73250848579221,1.7325,-0.0002718751835149003,5.074194512610775e-06
7.331480000000177e-06,1.732508485217632,1.7325,-0.0002718858325190396,5.074194510754135e-06
7.333480000000177e-06,1.732508485298616,1.7325,-0.0002718752116289685,5.074194508899096e-06
7.335480000000177e-06,1.732508484808135,1.7325,-0.0002718858075620019,5.07419450537315e-06
7.337480000000177e-06,1.732508484988757,1.7325,-0.0002718752395360976,5.074194518484603e-06
7.339480000000177e-06,1.732508484667385,1.7325,-0.0002718857780925824,5.074194518384033e-06
7.341480000000177e-06,1.732508484932032,1.7325,-0.0002718752682086202,5.074194497648612e-06
7.343480000000177e-06,1.732508484644,1.7325,-0.000271885750790638,5.07419449565659e-06
7.345480000000178e-06,1.732508484965936,1.7325,-0.0002718752940600687,5.074194528157669e-06
7.347480000000178e-06,1.732508484736775,1.7325,-0.0002718857216716639,5.074194542498738e-06
7.349480000000178e-06,1.732508485090411,1.7325,-0.0002718753236411053,5.074194544639728e-06
7.351480000000178e-06,1.732508484922546,1.7325,-0.0002718856950880917,5.074194573622342e-06
7.353480000000178e-06,1.732508485410391,1.7325,-0.0002718753509429696,5.074194596464581e-06
7.355480000000178e-06,1.73250848540671,1.7325,-0.000271885668807254,5.074194577577835e-06
7.357480000000178e-06,1.732508485979237,1.7325,-0.0002718753781312428,5.074194557861701e-06
7.359480000000179e-06,1.73250848604821,1.7325,-0.0002718856431007609,5.074194565378853e-06
7.361480000000179e-06,1.73250848670071,1.7325,-0.0002718754058160587,5.074194563749e-06
7.363480000000179e-06,1.732508486795428,1.7325,-0.0002718856138535034,5.074194551056836e-06
7.365480000000179e-06,1.732508487441873,1.7325,-0.000271875430837041,5.074194550977232e-06
7.367480000000179e-06,1.732508487513643,1.7325,-0.0002718855872698543,5.07419457934828e-06
7.369480000000179e-06,1.732508488110294,1.7325,-0.0002718754615520671,5.074194592025249e-06
7.37148000000018e-06,1.732508488109796,1.7325,-0.0002718855601597206,5.074194603479091e-06
7.37348000000018e-06,1.732508488629428,1.7325,-0.0002718754856149725,5.074194608206604e-06
7.37548000000018e-06,1.732508488572606,1.7325,-0.000271885532427801,5.074194584250554e-06
7.37748000000018e-06,1.732508489021415,1.7325,-0.0002718755093763023,5.074194566667281e-06
7.37948000000018e-06,1.732508488868132,1.7325,-0.0002718855032121877,5.074194572317862e-06
7.38148000000018e-06,1.73250848914394,1.7325,-0.0002718755373796162,5.074194565341551e-06
7.38348000000018e-06,1.732508488777895,1.7325,-0.0002718854787812833,5.074194554745469e-06
7.385480000000181e-06,1.732508488932039,1.7325,-0.0002718755624962768,5.074194578972638e-06
7.387480000000181e-06,1.732508488515015,1.7325,-0.0002718854536018805,5.074194592991203e-06
7.389480000000181e-06,1.732508488583898,1.7325,-0.0002718755895269256,5.074194581709151e-06
7.391480000000181e-06,1.732508488124442,1.7325,-0.0002718854264423773,5.074194565326054e-06
7.393480000000181e-06,1.732508488165676,1.7325,-0.0002718756147072365,5.074194571025734e-06
7.395480000000181e-06,1.732508487671593,1.7325,-0.0002718854012308516,5.074194562834749e-06
7.397480000000181e-06,1.732508487684974,1.7325,-0.0002718756408758005,5.074194560907869e-06
7.399480000000182e-06,1.732508487187203,1.7325,-0.0002718853768320535,5.07419456725884e-06
7.401480000000182e-06,1.732508487300596,1.7325,-0.0002718756650839169,5.074194548311932e-06
7.403480000000182e-06,1.732508486879434,1.7325,-0.0002718853517152594,5.074194522544389e-06
7.405480000000182e-06,1.732508486932729,1.7325,-0.0002718756921131739,5.074194526837126e-06
7.407480000000182e-06,1.732508486479222,1.7325,-0.0002718853260088459,5.074194537103009e-06
7.409480000000182e-06,1.732508486515907,1.7325,-0.0002718757209145524,5.074194547743667e-06
7.411480000000183e-06,1.732508486014648,1.7325,-0.0002718853005580781,5.074194566084531e-06
7.413480000000183e-06,1.732508486010981,1.7325,-0.0002718757453127276,5.074194542011526e-06
7.415480000000183e-06,1.732508485533866,1.7325,-0.0002718852755366039,5.074194512353008e-06
7.417480000000183e-06,1.732508485627478,1.7325,-0.0002718757697915361,5.074194520816976e-06
7.419480000000183e-06,1.732508485283368,1.7325,-0.0002718852510733347,5.074194520766915e-06
7.421480000000183e-06,1.732508485563848,1.7325,-0.0002718757924520804,5.07419448025414e-06
7.423480000000183e-06,1.732508485343717,1.7325,-0.0002718852280625269,5.074194497460231e-06
7.425480000000184e-06,1.732508485566692,1.7325,-0.0002718758221465273,5.07419451531738e-06
7.427480000000184e-06,1.732508485313363,1.7325,-0.0002718852020204021,5.074194498545403e-06
7.429480000000184e-06,1.732508485571193,1.7325,-0.0002718758425101646,5.074194510785772e-06
7.431480000000184e-06,1.732508485358194,1.7325,-0.0002718851780689853,5.074194516075201e-06
7.433480000000184e-06,1.732508485662422,1.7325,-0.0002718758706723864,5.074194493992385e-06
7.435480000000184e-06,1.732508485468458,1.7325,-0.0002718851553274931,5.074194499782772e-06
7.437480000000184e-06,1.732508485778588,1.7325,-0.0002718758931913872,5.074194515411973e-06
7.439480000000185e-06,1.732508485582478,1.7325,-0.0002718851319007648,5.074194513943205e-06
7.441480000000185e-06,1.732508485852524,1.7325,-0.0002718759159308233,5.074194501001044e-06
7.443480000000185e-06,1.732508485617883,1.7325,-0.0002718851043930271,5.074194515596882e-06
7.445480000000185e-06,1.732508485797069,1.7325,-0.0002718759402341655,5.074194526884259e-06
7.447480000000185e-06,1.732508485455953,1.7325,-0.0002718850804245623,5.074194530036709e-06
7.449480000000185e-06,1.732508485659157,1.7325,-0.0002718759624639157,5.074194529212036e-06
7.451480000000186e-06,1.732508485373024,1.7325,-0.0002718850578110628,5.074194510383002e-06
7.453480000000186e-06,1.73250848556826,1.7325,-0.0002718759883942751,5.074194525290008e-06
7.455480000000186e-06,1.732508485345203,1.7325,-0.0002718850313242085,5.074194555201914e-06
7.457480000000186e-06,1.732508485530361,1.7325,-0.0002718760121231215,5.074194554760905e-06
7.459480000000186e-06,1.732508485206304,1.7325,-0.0002718850106238411,5.074194544136926e-06
7.461480000000186e-06,1.732508485411181,1.7325,-0.0002718760334441413,5.074194529106942e-06
7.463480000000186e-06,1.732508485158688,1.7325,-0.0002718849835140529,5.074194496397487e-06
7.465480000000187e-06,1.732508485421083,1.7325,-0.0002718760549253123,5.074194484573641e-06
7.467480000000187e-06,1.732508485232569,1.7325,-0.0002718849615544188,5.074194507226077e-06
7.469480000000187e-06,1.732508485505598,1.7325,-0.0002718760798675307,5.074194505816223e-06
7.471480000000187e-06,1.732508485341967,1.7325,-0.0002718849392758726,5.074194491886014e-06
7.473480000000187e-06,1.732508485587454,1.7325,-0.0002718761028619046,5.074194493559444e-06
7.475480000000187e-06,1.732508485341685,1.7325,-0.0002718849160269514,5.074194514653242e-06
7.477480000000187e-06,1.732508485578838,1.7325,-0.0002718761289833891,5.074194511830253e-06
7.479480000000188e-06,1.732508485387753,1.7325,-0.0002718848933014796,5.074194502581424e-06
7.481480000000188e-06,1.732508485640398,1.7325,-0.0002718761499700194,5.074194527181442e-06
7.483480000000188e-06,1.732508485430374,1.7325,-0.0002718848734793953,5.074194549450284e-06
7.485480000000188e-06,1.732508485704426,1.7325,-0.0002718761730292851,5.074194557236691e-06
7.487480000000188e-06,1.732508485602957,1.7325,-0.0002718848473425218,5.074194556078148e-06
7.489480000000188e-06,1.732508486031876,1.7325,-0.0002718761966950215,5.074194571737748e-06
7.491480000000189e-06,1.732508486071388,1.7325,-0.0002718848265949501,5.074194565551559e-06
7.493480000000189e-06,1.732508486619009,1.7325,-0.0002718762161021322,5.074194563420454e-06
7.495480000000189e-06,1.732508486738731,1.7325,-0.0002718848016855238,5.074194567561907e-06
7.497480000000189e-06,1.732508487276104,1.7325,-0.0002718762384123326,5.074194558102418e-06
7.499480000000189e-06,1.732508487372079,1.7325,-0.0002718847803005197,5.074194569402981e-06
7.501480000000189e-06,1.732508487918693,1.7325,-0.0002718762627793398,5.074194551884997e-06
7.503480000000189e-06,1.732508487983773,1.7325,-0.0002718847600950286,5.074194516895838e-06
7.50548000000019e-06,1.732508488450014,1.7325,-0.0002718762838609113,5.074194522759901e-06
7.50748000000019e-06,1.732508488445132,1.7325,-0.0002718847376582714,5.074194521849541e-06
7.50948000000019e-06,1.732508488768058,1.7325,-0.0002718763079724345,5.074194501792314e-06
7.51148000000019e-06,1.732508488522357,1.7325,-0.0002718847170074339,5.07419450860664e-06
7.51348000000019e-06,1.732508488562322,1.7325,-0.0002718763278749736,5.074194520984851e-06
7.51548000000019e-06,1.732508488065551,1.7325,-0.0002718846938678336,5.074194507256291e-06
7.51748000000019e-06,1.732508487963627,1.7325,-0.0002718763500410178,5.074194525300351e-06
7.519480000000191e-06,1.732508487426349,1.7325,-0.0002718846717978165,5.074194561283864e-06
7.521480000000191e-06,1.732508487328248,1.7325,-0.0002718763725271637,5.074194578609703e-06
7.523480000000191e-06,1.732508486827825,1.7325,-0.0002718846509393387,5.074194603253262e-06
7.525480000000191e-06,1.732508486819191,1.7325,-0.0002718763920936177,5.074194588470932e-06
7.527480000000191e-06,1.732508486495485,1.7325,-0.0002718846256776627,5.074194553427847e-06
7.529480000000191e-06,1.732508486673598,1.7325,-0.0002718764113255244,5.074194522810834e-06
7.531480000000192e-06,1.732508486484124,1.7325,-0.0002718846074179138,5.074194512016943e-06
7.533480000000192e-06,1.732508486689794,1.7325,-0.0002718764335726026,5.07419452167394e-06
7.535480000000192e-06,1.732508486439015,1.7325,-0.0002718845846778533,5.074194514656818e-06
7.537480000000192e-06,1.732508486586558,1.7325,-0.0002718764542878753,5.074194503837205e-06
7.539480000000192e-06,1.732508486335305,1.7325,-0.0002718845633883,5.074194513564867e-06
7.541480000000192e-06,1.732508486502847,1.7325,-0.0002718764746678978,5.074194517129021e-06
7.543480000000192e-06,1.732508486264765,1.7325,-0.0002718845442676142,5.074194481970886e-06
7.545480000000193e-06,1.732508486414464,1.7325,-0.0002718764965631376,5.07419448230537e-06
7.547480000000193e-06,1.73250848616685,1.7325,-0.0002718845240159336,5.074194519489265e-06
7.549480000000193e-06,1.732508486267212,1.7325,-0.0002718765172470037,5.074194544556545e-06
7.551480000000193e-06,1.732508485894447,1.7325,-0.0002718845023114376,5.074194556487479e-06
7.553480000000193e-06,1.732508485978386,1.7325,-0.0002718765365749971,5.074194559387717e-06
7.555480000000193e-06,1.732508485728042,1.7325,-0.0002718844857101049,5.074194550052782e-06
7.557480000000193e-06,1.732508485904422,1.7325,-0.0002718765609892795,5.074194555705357e-06
7.559480000000194e-06,1.732508485736362,1.7325,-0.0002718844648999018,5.074194565115269e-06
7.561480000000194e-06,1.73250848601336,1.7325,-0.000271876579918226,5.074194540102677e-06
7.563480000000194e-06,1.732508485899675,1.7325,-0.0002718844433542267,5.074194509847293e-06
7.565480000000194e-06,1.732508486225864,1.7325,-0.0002718766017186135,5.074194506828641e-06
7.567480000000194e-06,1.732508486213069,1.7325,-0.000271884424154852,5.074194516794035e-06
7.569480000000194e-06,1.732508486570574,1.7325,-0.0002718766197862409,5.074194517858121e-06
7.571480000000195e-06,1.732508486539632,1.7325,-0.000271884403646997,5.074194508358251e-06
7.573480000000195e-06,1.732508486904072,1.7325,-0.0002718766388905446,5.07419449900902e-06
7.575480000000195e-06,1.732508486845364,1.7325,-0.0002718843851165021,5.074194507859645e-06
7.577480000000195e-06,1.732508487130041,1.7325,-0.0002718766580427469,5.074194500967383e-06
7.579480000000195e-06,1.732508486962675,1.7325,-0.0002718843618341324,5.074194512998806e-06
7.581480000000195e-06,1.73250848708967,1.7325,-0.0002718766782163921,5.074194532797569e-06
7.583480000000195e-06,1.732508486768766,1.7325,-0.0002718843440852138,5.074194539635657e-06
7.585480000000196e-06,1.73250848682087,1.7325,-0.0002718766992666827,5.074194573391354e-06
7.587480000000196e-06,1.73250848653042,1.7325,-0.0002718843247095739,5.074194578857257e-06
7.589480000000196e-06,1.732508486694905,1.7325,-0.0002718767180508442,5.074194546907579e-06
7.591480000000196e-06,1.73250848652111,1.7325,-0.0002718843055882882,5.074194518083976e-06
7.593480000000196e-06,1.732508486757743,1.7325,-0.0002718767377302181,5.074194517721961e-06
7.595480000000196e-06,1.732508486659073,1.7325,-0.0002718842851279532,5.074194503099113e-06
7.597480000000196e-06,1.73250848686643,1.7325,-0.000271876756149502,5.074194506671165e-06
7.599480000000197e-06,1.732508486643505,1.7325,-0.0002718842663433973,5.074194520799138e-06
7.601480000000197e-06,1.732508486768918,1.7325,-0.0002718767747760992,5.074194500538316e-06
7.603480000000197e-06,1.732508486521973,1.7325,-0.0002718842451485037,5.074194495237067e-06
7.605480000000197e-06,1.732508486595313,1.7325,-0.0002718767957465069,5.07419452996932e-06
7.607480000000197e-06,1.732508486263248,1.7325,-0.0002718842271608068,5.0741945684525e-06
7.609480000000197e-06,1.7325084862843,1.7325,-0.0002718768137986209,5.074194566858214e-06
7.611480000000198e-06,1.732508485939402,1.7325,-0.0002718842085662243,5.074194566386361e-06
7.613480000000198e-06,1.732508486024912,1.7325,-0.0002718768318186513,5.074194578023507e-06
7.615480000000198e-06,1.73250848576302,1.7325,-0.0002718841890474065,5.074194549021994e-06
7.617480000000198e-06,1.73250848587582,1.7325,-0.000271876848545861,5.074194498219343e-06
7.619480000000198e-06,1.732508485688091,1.7325,-0.0002718841708670103,5.07419449193609e-06
7.621480000000198e-06,1.73250848583543,1.7325,-0.0002718768704588975,5.074194516530919e-06
7.623480000000198e-06,1.732508485616232,1.7325,-0.0002718841528314491,5.074194559007706e-06
7.625480000000199e-06,1.732508485776374,1.7325,-0.0002718768893562999,5.074194586517516e-06
7.627480000000199e-06,1.732508485641655,1.7325,-0.0002718841340621042,5.074194581726739e-06
7.629480000000199e-06,1.732508485962563,1.7325,-0.0002718769059401491,5.074194556123645e-06
7.631480000000198e-06,1.73250848598075,1.7325,-0.0002718841163755856,5.074194526099551e-06
7.633480000000197e-06,1.732508486357023,1.7325,-0.0002718769249328675,5.074194525080471e-06
7.635480000000197e-06,1.732508486414897,1.7325,-0.0002718840973521183,5.074194528370992e-06
7.637480000000196e-06,1.732508486799637,1.7325,-0.0002718769439898315,5.074194513496367e-06
7.639480000000195e-06,1.732508486774502,1.7325,-0.0002718840791556803,5.074194507756003e-06
7.641480000000195e-06,1.732508487053771,1.7325,-0.0002718769627440617,5.074194515524644e-06
7.643480000000194e-06,1.732508486923773,1.7325,-0.000271884060689581,5.074194512768788e-06
7.645480000000193e-06,1.732508487102614,1.7325,-0.0002718769774307155,5.074194502612941e-06
7.647480000000193e-06,1.732508486899162,1.7325,-0.0002718840450772248,5.07419452440311e-06
7.649480000000192e-06,1.732508486960631,1.7325,-0.0002718769970304079,5.074194556544804e-06
7.651480000000191e-06,1.732508486718412,1.7325,-0.000271884027854628,5.074194544287965e-06
7.65348000000019e-06,1.732508486806236,1.7325,-0.0002718770149378256,5.074194510515254e-06
7.65548000000019e-06,1.732508486510389,1.7325,-0.0002718840076177432,5.074194509243829e-06
7.657480000000189e-06,1.732508486516848,1.7325,-0.0002718770321289258,5.074194503969754e-06
7.659480000000188e-06,1.732508486157051,1.7325,-0.0002718839880344936,5.074194496552064e-06
7.661480000000188e-06,1.732508486138923,1.7325,-0.00027187704694417,5.074194512779e-06
7.663480000000187e-06,1.732508485751996,1.7325,-0.0002718839713222986,5.074194512728391e-06
7.665480000000186e-06,1.732508485659026,1.7325,-0.0002718770659846525,5.07419450615778e-06
7.667480000000186e-06,1.732508485207623,1.7325,-0.000271883955454982,5.074194513744582e-06
7.669480000000185e-06,1.732508485126301,1.7325,-0.0002718770828088698,5.074194498702764e-06
7.671480000000184e-06,1.732508484789347,1.7325,-0.0002718839405762063,5.074194529566516e-06
7.673480000000184e-06,1.732508484863687,1.7325,-0.0002718771016598738,5.074194558868107e-06
7.675480000000183e-06,1.732508484695954,1.7325,-0.0002718839216626357,5.074194537053629e-06
7.677480000000182e-06,1.732508484900483,1.7325,-0.0002718771185938357,5.074194513701e-06
7.679480000000181e-06,1.732508484846487,1.7325,-0.0002718839023029354,5.074194529829693e-06
7.68148000000018e-06,1.732508485081662,1.7325,-0.0002718771361846344,5.074194570528725e-06
7.68348000000018e-06,1.732508484961601,1.7325,-0.0002718838869310182,5.074194584271444e-06
7.68548000000018e-06,1.732508485251612,1.7325,-0.0002718771523542248,5.07419458525475e-06
7.687480000000179e-06,1.732508485316528,1.7325,-0.000271883870535926,5.07419455129429e-06
7.689480000000178e-06,1.732508485684441,1.7325,-0.0002718771708370957,5.074194505076442e-06
7.691480000000177e-06,1.732508485692291,1.7325,-0.0002718838551147354,5.074194492209979e-06
7.693480000000177e-06,1.732508485953638,1.7325,-0.0002718771866564041,5.074194507587821e-06
7.695480000000176e-06,1.732508485817612,1.7325,-0.0002718838350709343,5.074194511437187e-06
7.697480000000175e-06,1.73250848594061,1.7325,-0.0002718772022365795,5.07419449591859e-06
7.699480000000175e-06,1.732508485707085,1.7325,-0.0002718838203985624,5.074194488278184e-06
7.701480000000174e-06,1.732508485751216,1.7325,-0.0002718772180881322,5.074194488702902e-06
7.703480000000173e-06,1.732508485501155,1.7325,-0.0002718838019960459,5.074194504110625e-06
7.705480000000172e-06,1.732508485546852,1.7325,-0.0002718772382773501,5.074194503027426e-06
7.707480000000172e-06,1.732508485265187,1.7325,-0.0002718837861445292,5.074194505274613e-06
7.709480000000171e-06,1.732508485270967,1.7325,-0.0002718772520873654,5.074194512810578e-06
7.71148000000017e-06,1.732508484976434,1.7325,-0.0002718837689218567,5.07419448471615e-06
7.71348000000017e-06,1.732508484994306,1.7325,-0.0002718772683527262,5.074194472028658e-06
7.715480000000169e-06,1.732508484709624,1.7325,-0.0002718837536285277,5.074194477544745e-06
7.717480000000168e-06,1.732508484725548,1.7325,-0.0002718772841254163,5.074194501799978e-06
7.719480000000168e-06,1.732508484422008,1.7325,-0.0002718837353857465,5.074194512196638e-06
7.721480000000167e-06,1.732508484415513,1.7325,-0.0002718772980784374,5.074194507303973e-06
7.723480000000166e-06,1.732508484109405,1.7325,-0.0002718837207613314,5.074194515227995e-06
7.725480000000165e-06,1.732508484100002,1.7325,-0.0002718773180456145,5.074194510468492e-06
7.727480000000165e-06,1.732508483823358,1.7325,-0.0002718837035224537,5.07419450682848e-06
7.729480000000164e-06,1.732508483954386,1.7325,-0.0002718773325089696,5.074194518218729e-06
7.731480000000163e-06,1.732508483877056,1.7325,-0.0002718836896800877,5.074194509932791e-06
7.733480000000163e-06,1.732508484152844,1.7325,-0.0002718773496673545,5.074194496502141e-06
7.735480000000162e-06,1.732508484202836,1.7325,-0.0002718836730481237,5.074194515811614e-06
7.737480000000161e-06,1.732508484545077,1.7325,-0.0002718773645787565,5.074194510907616e-06
7.73948000000016e-06,1.732508484520314,1.7325,-0.0002718836587748439,5.074194496345649e-06
7.74148000000016e-06,1.732508484721274,1.7325,-0.000271877379855198,5.074194512262838e-06
7.74348000000016e-06,1.732508484590364,1.7325,-0.0002718836416810282,5.074194521890085e-06
7.745480000000158e-06,1.732508484719529,1.7325,-0.0002718773948771537,5.074194514375826e-06
7.747480000000158e-06,1.732508484564427,1.7325,-0.0002718836252703537,5.074194511818793e-06
7.749480000000157e-06,1.73250848468761,1.7325,-0.0002718774120843735,5.074194517967578e-06
7.751480000000156e-06,1.732508484575031,1.7325,-0.000271883610711174,5.074194518746723e-06
7.753480000000156e-06,1.732508484870918,1.7325,-0.0002718774290996689,5.074194500494349e-06
7.755480000000155e-06,1.732508484958792,1.7325,-0.0002718835969802871,5.074194500395634e-06
7.757480000000154e-06,1.732508485249029,1.7325,-0.000271877444680743,5.074194523631383e-06
7.759480000000154e-06,1.732508485156177,1.7325,-0.0002718835792635838,5.07419455872793e-06
7.761480000000153e-06,1.732508485328032,1.7325,-0.000271877457295318,5.074194591582234e-06
7.763480000000152e-06,1.732508485286061,1.7325,-0.0002718835637309611,5.074194581413873e-06
7.765480000000152e-06,1.732508485514932,1.7325,-0.0002718774704502229,5.074194566506328e-06
7.76748000000015e-06,1.732508485467402,1.7325,-0.0002718835493785766,5.074194580586935e-06
7.76948000000015e-06,1.732508485778661,1.7325,-0.0002718774866054488,5.074194591872721e-06
7.77148000000015e-06,1.732508485911137,1.7325,-0.0002718835349787071,5.074194592614447e-06
7.773480000000149e-06,1.732508486385362,1.7325,-0.0002718775023442749,5.074194608067421e-06
7.775480000000148e-06,1.732508486615642,1.7325,-0.0002718835188564815,5.074194592731476e-06
7.777480000000147e-06,1.732508487097325,1.7325,-0.0002718775167759562,5.074194563109562e-06
7.779480000000147e-06,1.732508487261119,1.7325,-0.0002718835065279859,5.074194555351369e-06
7.781480000000146e-06,1.732508487657022,1.7325,-0.0002718775334265392,5.074194563096144e-06
7.783480000000145e-06,1.732508487741536,1.7325,-0.0002718834921758556,5.07419456012431e-06
7.785480000000145e-06,1.732508488072168,1.7325,-0.0002718775479052779,5.074194547115586e-06
7.787480000000144e-06,1.732508488156796,1.7325,-0.00027188347795069,5.074194539794482e-06
7.789480000000143e-06,1.732508488491056,1.7325,-0.0002718775639806023,5.074194510074405e-06
7.791480000000142e-06,1.732508488484187,1.7325,-0.0002718834616848489,5.074194496866369e-06
7.793480000000142e-06,1.732508488621536,1.7325,-0.0002718775753504767,5.074194538457812e-06
7.795480000000141e-06,1.732508488385023,1.7325,-0.0002718834484661928,5.074194549823371e-06
7.79748000000014e-06,1.732508488310132,1.7325,-0.0002718775902925338,5.074194537380171e-06
7.79948000000014e-06,1.732508487961257,1.7325,-0.0002718834314500978,5.074194544967596e-06
7.801480000000139e-06,1.732508487861397,1.7325,-0.0002718776049804384,5.074194547581409e-06
7.803480000000138e-06,1.732508487480005,1.7325,-0.0002718834167469622,5.074194570232679e-06
7.805480000000138e-06,1.732508487340981,1.7325,-0.0002718776189817321,5.07419458781672e-06
7.807480000000137e-06,1.732508486936149,1.7325,-0.0002718834013898549,5.074194599535151e-06
7.809480000000136e-06,1.732508486860095,1.7325,-0.0002718776317560827,5.074194605465562e-06
7.811480000000135e-06,1.732508486611938,1.7325,-0.0002718833878656662,5.074194607347032e-06
7.813480000000135e-06,1.732508486674686,1.7325,-0.0002718776479261789,5.074194600640013e-06
7.815480000000134e-06,1.732508486611485,1.7325,-0.0002718833756508642,5.074194604412671e-06
7.817480000000133e-06,1.732508486890836,1.7325,-0.0002718776627882983,5.074194601166109e-06
7.819480000000133e-06,1.732508486950378,1.7325,-0.000271883361361367,5.074194589691133e-06
7.821480000000132e-06,1.732508487298168,1.7325,-0.0002718776758969875,5.074194569973512e-06
7.823480000000131e-06,1.73250848736899,1.7325,-0.0002718833477433912,5.074194568129409e-06
7.82548000000013e-06,1.732508487691837,1.7325,-0.0002718776895480687,5.074194584449954e-06
7.82748000000013e-06,1.732508487782857,1.7325,-0.0002718833348261204,5.074194582548488e-06
7.82948000000013e-06,1.732508488069514,1.7325,-0.0002718777035643882,5.074194552920338e-06
7.831480000000129e-06,1.732508488090303,1.7325,-0.0002718833232320161,5.074194517673358e-06
7.833480000000128e-06,1.732508488345205,1.7325,-0.000271877718077044,5.07419453227945e-06
7.835480000000127e-06,1.732508488299781,1.7325,-0.0002718833091523146,5.074194569805807e-06
7.837480000000126e-06,1.732508488416621,1.7325,-0.0002718777339923198,5.074194571882773e-06
7.839480000000126e-06,1.732508488278791,1.7325,-0.0002718832942727074,5.074194545145651e-06
7.841480000000125e-06,1.732508488380334,1.7325,-0.0002718777441018949,5.074194512416813e-06
7.843480000000124e-06,1.732508488159621,1.7325,-0.0002718832785961238,5.074194502887701e-06
7.845480000000124e-06,1.732508488019747,1.7325,-0.000271877759428497,5.074194521180848e-06
7.847480000000123e-06,1.732508487537014,1.7325,-0.0002718832675777006,5.074194557075708e-06
7.849480000000122e-06,1.732508487286599,1.7325,-0.0002718777721704496,5.074194586084919e-06
7.851480000000122e-06,1.732508486861222,1.7325,-0.0002718832521249807,5.07419458212857e-06
7.853480000000121e-06,1.7325084866798,1.7325,-0.0002718777834918033,5.074194560593876e-06
7.85548000000012e-06,1.732508486236174,1.7325,-0.0002718832396063187,5.074194559698436e-06
7.85748000000012e-06,1.732508486066272,1.7325,-0.0002718777950693939,5.074194565149567e-06
7.859480000000119e-06,1.732508485687801,1.7325,-0.0002718832257160104,5.074194550092447e-06
7.861480000000118e-06,1.732508485603728,1.7325,-0.0002718778095813738,5.074194524989625e-06
7.863480000000117e-06,1.73250848533235,1.7325,-0.0002718832119055916,5.074194526170866e-06
7.865480000000117e-06,1.732508485339413,1.7325,-0.0002718778238543091,5.074194543732154e-06
7.867480000000116e-06,1.732508485174605,1.7325,-0.0002718832007753779,5.074194547931749e-06
7.869480000000115e-06,1.732508485277274,1.7325,-0.00027187783788811,5.074194562556964e-06
7.871480000000115e-06,1.73250848523463,1.7325,-0.0002718831868534833,5.074194548488267e-06
7.873480000000114e-06,1.732508485482207,1.7325,-0.0002718778513144238,5.074194520616432e-06
7.875480000000113e-06,1.732508485557918,1.7325,-0.0002718831751003558,5.074194530796614e-06
7.877480000000112e-06,1.73250848588092,1.7325,-0.0002718778649340686,5.07419456860439e-06
7.879480000000112e-06,1.732508485971323,1.7325,-0.0002718831624864704,5.074194582865008e-06
7.881480000000111e-06,1.732508486307184,1.7325,-0.0002718778765917265,5.074194585763686e-06
7.88348000000011e-06,1.732508486490364,1.7325,-0.0002718831505254114,5.074194565568014e-06
7.88548000000011e-06,1.732508486956615,1.7325,-0.0002718778905605021,5.074194566903935e-06
7.887480000000109e-06,1.732508487241937,1.7325,-0.0002718831376409005,5.074194585183439e-06
7.889480000000108e-06,1.732508487720397,1.7325,-0.0002718779046583065,5.074194578218479e-06
7.891480000000108e-06,1.732508487986913,1.7325,-0.0002718831245637659,5.074194576148396e-06
7.893480000000107e-06,1.732508488497918,1.7325,-0.0002718779163145212,5.074194551033798e-06
7.895480000000106e-06,1.732508488703365,1.7325,-0.0002718831112798048,5.074194525686429e-06
7.897480000000106e-06,1.732508489008697,1.7325,-0.0002718779277332551,5.074194526742365e-06
7.899480000000105e-06,1.732508489009774,1.7325,-0.0002718830972467291,5.074194534812301e-06
7.901480000000104e-06,1.732508489124244,1.7325,-0.0002718779379240281,5.074194555220514e-06
7.903480000000103e-06,1.732508488885092,1.7325,-0.0002718830853182501,5.074194568744897e-06
7.905480000000103e-06,1.732508488772914,1.7325,-0.0002718779529138272,5.074194549743142e-06
7.907480000000102e-06,1.732508488449705,1.7325,-0.0002718830722563729,5.074194537945771e-06
7.909480000000101e-06,1.732508488367,1.7325,-0.0002718779643800655,5.074194521454813e-06
7.9114800000001e-06,1.732508488108965,1.7325,-0.0002718830603124016,5.074194502086803e-06
7.9134800000001e-06,1.732508488058587,1.7325,-0.0002718779802632949,5.074194515833791e-06
7.9154800000001e-06,1.73250848774134,1.7325,-0.0002718830470289046,5.074194513238573e-06
7.917480000000099e-06,1.732508487548263,1.7325,-0.00027187798995866,5.074194491524376e-06
7.919480000000098e-06,1.732508487119502,1.7325,-0.0002718830372859811,5.07419451372084e-06
7.921480000000097e-06,1.732508486960452,1.7325,-0.0002718780014566462,5.074194504758619e-06
7.923480000000096e-06,1.73250848667982,1.7325,-0.0002718830252770132,5.07419450499142e-06
7.925480000000096e-06,1.732508486598823,1.7325,-0.0002718780151560877,5.074194510457532e-06
7.927480000000095e-06,1.732508486351032,1.7325,-0.0002718830144008012,5.07419449489489e-06
7.929480000000094e-06,1.732508486430967,1.7325,-0.0002718780256489539,5.074194509978519e-06
7.931480000000094e-06,1.732508486358162,1.7325,-0.0002718830020579772,5.074194520746474e-06
7.933480000000093e-06,1.732508486465412,1.7325,-0.0002718780407350134,5.074194516981847e-06
7.935480000000092e-06,1.732508486404056,1.7325,-0.0002718829885189034,5.074194504801555e-06
7.937480000000092e-06,1.732508486585946,1.7325,-0.000271878051530837,5.074194520448996e-06
7.939480000000091e-06,1.732508486565183,1.7325,-0.000271882977675353,5.074194507521302e-06
7.94148000000009e-06,1.732508486775723,1.7325,-0.0002718780612585095,5.074194499507663e-06
7.94348000000009e-06,1.732508486745158,1.7325,-0.0002718829666394552,5.07419453051156e-06
7.945480000000089e-06,1.73250848687682,1.7325,-0.0002718780723107934,5.074194541220193e-06
7.947480000000088e-06,1.732508486811047,1.7325,-0.0002718829530051654,5.074194558353471e-06
7.949480000000087e-06,1.732508486953525,1.7325,-0.0002718780840474765,5.074194550752359e-06
7.951480000000087e-06,1.732508486846879,1.7325,-0.0002718829422246635,5.074194554652528e-06
7.953480000000086e-06,1.73250848697605,1.7325,-0.0002718780938224682,5.074194567609333e-06
7.955480000000085e-06,1.732508486918836,1.7325,-0.0002718829304398098,5.074194537847204e-06
7.957480000000085e-06,1.732508486987045,1.7325,-0.0002718781046662481,5.074194521306609e-06
7.959480000000084e-06,1.732508486918158,1.7325,-0.0002718829171395793,5.074194514999328e-06
7.961480000000083e-06,1.732508487097888,1.7325,-0.0002718781158933701,5.074194505637997e-06
7.963480000000083e-06,1.732508487043412,1.7325,-0.0002718829062161085,5.074194531283566e-06
7.965480000000082e-06,1.732508487075768,1.7325,-0.0002718781304854958,5.074194554830318e-06
7.967480000000081e-06,1.732508486849637,1.7325,-0.0002718828949735977,5.074194556405604e-06
7.96948000000008e-06,1.732508486791358,1.7325,-0.0002718781397665602,5.074194562839049e-06
7.97148000000008e-06,1.732508486629244,1.7325,-0.0002718828834761063,5.074194570861031e-06
7.973480000000079e-06,1.732508486786496,1.7325,-0.0002718781506100435,5.074194564435917e-06
7.975480000000078e-06,1.732508486853136,1.7325,-0.0002718828718978459,5.074194562347765e-06
7.977480000000078e-06,1.732508487181371,1.7325,-0.0002718781620928834,5.074194562700949e-06
7.979480000000077e-06,1.732508487392975,1.7325,-0.0002718828610215905,5.07419457151231e-06
7.981480000000076e-06,1.732508487804069,1.7325,-0.0002718781742752598,5.074194556091863e-06
7.983480000000076e-06,1.732508487940773,1.7325,-0.0002718828502575556,5.074194548754342e-06
7.985480000000075e-06,1.732508488223342,1.7325,-0.0002718781845465918,5.074194579650672e-06
7.987480000000074e-06,1.732508488328216,1.7325,-0.0002718828389988551,5.074194571028672e-06
7.989480000000073e-06,1.732508488626605,1.7325,-0.000271878194735179,5.074194547198284e-06
7.991480000000073e-06,1.732508488711796,1.7325,-0.0002718828294944486,5.074194526681605e-06
7.993480000000072e-06,1.732508488923138,1.7325,-0.0002718782069028676,5.07419450782393e-06
7.995480000000071e-06,1.732508488899286,1.7325,-0.0002718828185865023,5.074194516324213e-06
7.99748000000007e-06,1.732508488960835,1.7325,-0.0002718782185137536,5.074194530724181e-06
7.99948000000007e-06,1.732508488822348,1.7325,-0.0002718828087000818,5.074194561277465e-06
8.00148000000007e-06,1.732508488898165,1.7325,-0.0002718782305375557,5.07419458546525e-06
8.003480000000069e-06,1.732508488797786,1.7325,-0.0002718827998648617,5.074194576592225e-06
8.005480000000068e-06,1.732508488829146,1.7325,-0.0002718782416204532,5.074194561822377e-06
8.007480000000067e-06,1.732508488655464,1.7325,-0.0002718827857672453,5.074194572980587e-06
8.009480000000067e-06,1.732508488659737,1.7325,-0.0002718782516675005,5.074194565292597e-06
8.011480000000066e-06,1.732508488493581,1.7325,-0.0002718827756564823,5.074194556599957e-06
8.013480000000065e-06,1.732508488519567,1.7325,-0.0002718782618734407,5.074194575958164e-06
8.015480000000064e-06,1.732508488406904,1.7325,-0.0002718827641276876,5.074194590096584e-06
8.017480000000064e-06,1.732508488510125,1.7325,-0.0002718782718410163,5.074194587178934e-06
8.019480000000063e-06,1.732508488503141,1.7325,-0.0002718827542227618,5.074194553539862e-06
8.021480000000062e-06,1.732508488704592,1.7325,-0.0002718782841827918,5.074194515518247e-06
8.023480000000062e-06,1.73250848874862,1.7325,-0.000271882745038497,5.074194498407845e-06
8.025480000000061e-06,1.732508488920478,1.7325,-0.0002718782951545,5.074194505007979e-06
8.02748000000006e-06,1.732508488786983,1.7325,-0.0002718827343699428,5.074194504301618e-06
8.02948000000006e-06,1.73250848867348,1.7325,-0.0002718783046912727,5.07419451116641e-06
8.031480000000059e-06,1.73250848827638,1.7325,-0.0002718827238769813,5.074194504827616e-06
8.033480000000058e-06,1.732508487998571,1.7325,-0.0002718783140679181,5.074194497569025e-06
8.035480000000057e-06,1.732508487503315,1.7325,-0.0002718827141811879,5.074194534316998e-06
8.037480000000057e-06,1.732508487151603,1.7325,-0.0002718783239400472,5.074194544755616e-06
8.039480000000056e-06,1.732508486733231,1.7325,-0.0002718827010245131,5.074194544678966e-06
8.041480000000055e-06,1.732508486565382,1.7325,-0.0002718783355973077,5.074194570122578e-06
8.043480000000055e-06,1.73250848628344,1.7325,-0.0002718826949655847,5.074194603370898e-06
8.045480000000054e-06,1.732508486255302,1.7325,-0.0002718783462656921,5.074194590045752e-06
8.047480000000053e-06,1.732508486174404,1.7325,-0.0002718826813613363,5.074194549600369e-06
8.049480000000053e-06,1.732508486310742,1.7325,-0.0002718783555298963,5.074194544040697e-06
8.051480000000052e-06,1.732508486357239,1.7325,-0.0002718826725753505,5.074194548242105e-06
8.053480000000051e-06,1.732508486581801,1.7325,-0.000271878365290597,5.074194557898712e-06
8.05548000000005e-06,1.732508486647973,1.7325,-0.000271882662735104,5.074194555238936e-06
8.05748000000005e-06,1.732508486930114,1.7325,-0.0002718783739018281,5.074194555658078e-06
8.059480000000049e-06,1.732508487024001,1.7325,-0.0002718826529763266,5.074194556478257e-06
8.061480000000048e-06,1.732508487270226,1.7325,-0.0002718783863246305,5.074194552102013e-06
8.063480000000048e-06,1.732508487367987,1.7325,-0.0002718826419566789,5.074194564878899e-06
8.065480000000047e-06,1.732508487669322,1.7325,-0.0002718783955579128,5.07419456242606e-06
8.067480000000046e-06,1.732508487836188,1.7325,-0.0002718826317022688,5.074194553140339e-06
8.069480000000046e-06,1.732508488213723,1.7325,-0.0002718784043933241,5.07419457787401e-06
8.071480000000045e-06,1.732508488472602,1.7325,-0.0002718826246384596,5.074194601702237e-06
8.073480000000044e-06,1.732508488867639,1.7325,-0.0002718784153799166,5.074194573736616e-06
8.075480000000044e-06,1.732508489130924,1.7325,-0.0002718826120398543,5.07419456892647e-06
8.077480000000043e-06,1.732508489526759,1.7325,-0.000271878424565894,5.074194581564226e-06
8.079480000000042e-06,1.732508489667338,1.7325,-0.0002718826050064695,5.074194584456225e-06
8.081480000000041e-06,1.732508489853595,1.7325,-0.0002718784333683128,5.074194550453405e-06
8.08348000000004e-06,1.732508489854539,1.7325,-0.0002718825917223952,5.074194502469187e-06
8.08548000000004e-06,1.732508489929768,1.7325,-0.0002718784418037813,5.074194503282938e-06
8.08748000000004e-06,1.732508489683543,1.7325,-0.0002718825818041784,5.074194507624075e-06
8.089480000000039e-06,1.732508489525345,1.7325,-0.000271878448996181,5.074194502887175e-06
8.091480000000038e-06,1.732508489202643,1.7325,-0.0002718825698434694,5.074194504876201e-06
8.093480000000037e-06,1.732508488948524,1.7325,-0.0002718784589477496,5.074194515490556e-06
8.095480000000037e-06,1.732508488457497,1.7325,-0.0002718825606740744,5.074194508190865e-06
8.097480000000036e-06,1.732508488012581,1.7325,-0.0002718784698711393,5.074194507771498e-06
8.099480000000035e-06,1.732508487359003,1.7325,-0.0002718825549649195,5.074194510451321e-06
8.101480000000034e-06,1.732508486853785,1.7325,-0.0002718784780208847,5.074194503684716e-06
8.103480000000034e-06,1.732508486248654,1.7325,-0.0002718825427811508,5.074194520737298e-06
8.105480000000033e-06,1.732508485897809,1.7325,-0.0002718784892952785,5.074194519767532e-06
8.107480000000032e-06,1.732508485456854,1.7325,-0.0002718825349346907,5.07419448603078e-06
8.109480000000032e-06,1.73250848522621,1.7325,-0.0002718784968859484,5.074194490038924e-06
8.111480000000031e-06,1.732508484939364,1.7325,-0.0002718825272971962,5.074194524279176e-06
8.11348000000003e-06,1.732508484859823,1.7325,-0.0002718785080011697,5.074194543354528e-06
8.11548000000003e-06,1.732508484728216,1.7325,-0.0002718825167080573,5.074194539633177e-06
8.117480000000029e-06,1.732508484801728,1.7325,-0.0002718785185415986,5.07419450745978e-06
8.119480000000028e-06,1.732508484801044,1.7325,-0.0002718825068844688,5.074194513730849e-06
8.121480000000027e-06,1.732508485056014,1.7325,-0.0002718785259421537,5.074194512542968e-06
8.123480000000027e-06,1.732508485257269,1.7325,-0.0002718824986229451,5.074194479273975e-06
8.125480000000026e-06,1.732508485617601,1.7325,-0.0002718785370407646,5.074194497977138e-06
8.127480000000025e-06,1.732508485812901,1.7325,-0.0002718824912889474,5.074194502102258e-06
8.129480000000025e-06,1.732508486116799,1.7325,-0.0002718785468478516,5.074194503823012e-06
8.131480000000024e-06,1.732508486350196,1.7325,-0.0002718824803803728,5.074194516691681e-06
8.133480000000023e-06,1.732508486789489,1.7325,-0.000271878555268856,5.074194500848728e-06
8.135480000000023e-06,1.732508487079736,1.7325,-0.0002718824716092769,5.074194520087117e-06
8.137480000000022e-06,1.732508487509346,1.7325,-0.0002718785657466359,5.074194555273932e-06
8.139480000000021e-06,1.732508487790863,1.7325,-0.000271882463236911,5.0741945702156e-06
8.14148000000002e-06,1.732508488192231,1.7325,-0.0002718785734964069,5.074194559161398e-06
8.14348000000002e-06,1.732508488436725,1.7325,-0.0002718824530943342,5.074194568598326e-06
8.145480000000019e-06,1.732508488784446,1.7325,-0.0002718785822507687,5.074194570379336e-06
8.147480000000018e-06,1.732508488984698,1.7325,-0.0002718824445625134,5.074194557175676e-06
8.149480000000018e-06,1.732508489263777,1.7325,-0.000271878590575776,5.074194583409757e-06
8.151480000000017e-06,1.732508489383021,1.7325,-0.0002718824355056685,5.074194586268247e-06
8.153480000000016e-06,1.732508489606964,1.7325,-0.0002718785947045284,5.074194549279645e-06
8.155480000000016e-06,1.732508489606773,1.7325,-0.0002718824255856794,5.074194513159078e-06
8.157480000000015e-06,1.732508489632181,1.7325,-0.0002718786049113085,5.074194508308563e-06
8.159480000000014e-06,1.732508489405016,1.7325,-0.0002718824180264507,5.074194520323861e-06
8.161480000000014e-06,1.732508489232544,1.7325,-0.0002718786126459597,5.07419450925691e-06
8.163480000000013e-06,1.732508488870903,1.7325,-0.0002718824084744395,5.074194502114061e-06
8.165480000000012e-06,1.732508488597364,1.7325,-0.0002718786222147895,5.074194517272544e-06
8.167480000000011e-06,1.732508488131258,1.7325,-0.0002718824016173732,5.074194505267069e-06
8.16948000000001e-06,1.732508487736096,1.7325,-0.0002718786292627463,5.074194508201499e-06
8.17148000000001e-06,1.732508487188364,1.7325,-0.000271882390853224,5.074194505218215e-06
8.17348000000001e-06,1.732508486823094,1.7325,-0.0002718786392458539,5.074194500999354e-06
8.175480000000009e-06,1.73250848642204,1.7325,-0.0002718823823216874,5.074194532710288e-06
8.177480000000008e-06,1.732508486161009,1.7325,-0.000271878648479591,5.074194546763803e-06
8.179480000000007e-06,1.732508485761846,1.7325,-0.0002718823773619227,5.074194540921599e-06
8.181480000000007e-06,1.732508485472928,1.7325,-0.0002718786586053932,5.074194516976495e-06
8.183480000000006e-06,1.732508485048969,1.7325,-0.0002718823653218329,5.074194518239171e-06
8.185480000000005e-06,1.732508484788134,1.7325,-0.0002718786671850009,5.074194512210176e-06
8.187480000000004e-06,1.732508484495916,1.7325,-0.0002718823584958098,5.074194508011861e-06
8.189480000000004e-06,1.732508484376299,1.7325,-0.0002718786738200139,5.074194522185188e-06
8.191480000000003e-06,1.732508484144991,1.7325,-0.0002718823505708109,5.074194507902717e-06
8.193480000000002e-06,1.732508484116603,1.7325,-0.0002718786824306625,5.07419452357461e-06
8.195480000000002e-06,1.73250848408488,1.7325,-0.0002718823426298452,5.074194554814499e-06
8.197480000000001e-06,1.732508484294124,1.7325,-0.0002718786921903451,5.074194539747139e-06
8.19948e-06,1.732508484522525,1.7325,-0.0002718823353725865,5.074194526820922e-06
8.20148e-06,1.732508484981771,1.7325,-0.0002718787016472439,5.07419451322411e-06
8.203479999999999e-06,1.732508485329592,1.7325,-0.0002718823286902069,5.074194504522985e-06
8.205479999999998e-06,1.732508485818195,1.7325,-0.0002718787097164743,5.07419452593681e-06
8.207479999999998e-06,1.732508486173672,1.7325,-0.0002718823203199468,5.074194555154674e-06
8.209479999999997e-06,1.732508486555926,1.7325,-0.0002718787175147616,5.074194548218529e-06
8.211479999999996e-06,1.732508486792121,1.7325,-0.0002718823112928213,5.074194552978787e-06
8.213479999999995e-06,1.732508487158303,1.7325,-0.000271878725934409,5.074194580075216e-06
8.215479999999995e-06,1.732508487464837,1.7325,-0.0002718823025227846,5.074194570704554e-06
8.217479999999994e-06,1.732508487958972,1.7325,-0.0002718787326482561,5.074194564015597e-06
8.219479999999993e-06,1.732508488344806,1.7325,-0.0002718822966047992,5.074194575379338e-06
8.221479999999993e-06,1.7325084887954,1.7325,-0.0002718787439388732,5.074194549966698e-06
8.223479999999992e-06,1.732508489037559,1.7325,-0.0002718822865261341,5.074194527602549e-06
8.225479999999991e-06,1.73250848924366,1.7325,-0.0002718787494246386,5.074194519169179e-06
8.22747999999999e-06,1.732508489196865,1.7325,-0.0002718822789829391,5.074194494754723e-06
8.22947999999999e-06,1.732508489172664,1.7325,-0.0002718787582911139,5.074194509431812e-06
8.23147999999999e-06,1.732508488924814,1.7325,-0.0002718822721755927,5.07419451947324e-06
8.233479999999988e-06,1.732508488654135,1.7325,-0.00027187876567445,5.074194502201055e-06
8.235479999999988e-06,1.732508488185123,1.7325,-0.0002718822618085125,5.074194521677892e-06
8.237479999999987e-06,1.732508487824063,1.7325,-0.0002718787703326311,5.074194569286235e-06
8.239479999999986e-06,1.732508487347248,1.7325,-0.0002718822521130442,5.074194577193458e-06
8.241479999999986e-06,1.732508486985217,1.7325,-0.0002718787787196446,5.074194555320867e-06
8.243479999999985e-06,1.732508486548012,1.7325,-0.0002718822460683323,5.074194527826413e-06
8.245479999999984e-06,1.732508486239909,1.7325,-0.0002718787857358041,5.074194525337066e-06
8.247479999999984e-06,1.732508485826273,1.7325,-0.0002718822395942178,5.074194526758521e-06
8.249479999999983e-06,1.732508485528552,1.7325,-0.0002718787954002989,5.074194518762824e-06
8.251479999999982e-06,1.732508485130603,1.7325,-0.0002718822334223344,5.074194507108334e-06
8.253479999999981e-06,1.732508484906928,1.7325,-0.0002718788030556913,5.074194516577116e-06
8.25547999999998e-06,1.732508484681571,1.7325,-0.0002718822239980143,5.07419452306981e-06
8.25747999999998e-06,1.732508484628643,1.7325,-0.0002718788113797827,5.07419449675713e-06
8.25947999999998e-06,1.732508484497927,1.7325,-0.0002718822180813179,5.074194506060498e-06
8.261479999999979e-06,1.732508484523751,1.7325,-0.0002718788198476738,5.074194503568427e-06
8.263479999999978e-06,1.732508484526126,1.7325,-0.0002718822110965978,5.074194498508031e-06
8.265479999999977e-06,1.732508484701471,1.7325,-0.0002718788291287652,5.074194518534382e-06
8.267479999999977e-06,1.732508484851937,1.7325,-0.0002718822054362928,5.074194534243921e-06
8.269479999999976e-06,1.732508485208383,1.7325,-0.0002718788351083402,5.074194545146791e-06
8.271479999999975e-06,1.732508485524932,1.7325,-0.0002718821976696703,5.074194545990954e-06
8.273479999999975e-06,1.732508485951972,1.7325,-0.0002718788448692823,5.074194568120456e-06
8.275479999999974e-06,1.732508486347093,1.7325,-0.0002718821900790203,5.074194589578767e-06
8.277479999999973e-06,1.732508486932836,1.7325,-0.0002718788500670025,5.074194566581232e-06
8.279479999999972e-06,1.732508487387128,1.7325,-0.0002718821805425103,5.074194576430062e-06
8.281479999999972e-06,1.732508487892423,1.7325,-0.0002718788547388703,5.074194565001876e-06
8.283479999999971e-06,1.732508488241389,1.7325,-0.0002718821707827746,5.074194547532683e-06
8.28547999999997e-06,1.732508488607652,1.7325,-0.0002718788627923558,5.07419454718835e-06
8.28747999999997e-06,1.732508488780175,1.7325,-0.0002718821652013652,5.074194556830799e-06
8.289479999999969e-06,1.732508488977316,1.7325,-0.0002718788707829363,5.07419458149056e-06
8.291479999999968e-06,1.732508488946822,1.7325,-0.0002718821587584068,5.074194580133499e-06
8.293479999999968e-06,1.732508488971761,1.7325,-0.0002718788761720543,5.074194574560343e-06
8.295479999999967e-06,1.732508488911091,1.7325,-0.0002718821508805574,5.074194557604666e-06
8.297479999999966e-06,1.732508488879316,1.7325,-0.0002718788838904483,5.074194565676455e-06
8.299479999999965e-06,1.732508488690551,1.7325,-0.0002718821430665649,5.074194559355738e-06
8.301479999999965e-06,1.732508488587774,1.7325,-0.0002718788890418704,5.074194561827693e-06
8.303479999999964e-06,1.732508488337547,1.7325,-0.0002718821349174196,5.074194572086684e-06
8.305479999999963e-06,1.732508488111378,1.7325,-0.0002718788976532221,5.074194551589239e-06
8.307479999999963e-06,1.732508487749446,1.7325,-0.0002718821281236629,5.074194535230216e-06
8.309479999999962e-06,1.732508487487657,1.7325,-0.0002718789023729201,5.074194503955503e-06
8.311479999999961e-06,1.732508487164311,1.7325,-0.0002718821209795338,5.074194508386171e-06
8.31347999999996e-06,1.732508486872167,1.7325,-0.0002718789142226073,5.074194523842145e-06
8.31547999999996e-06,1.732508486428219,1.7325,-0.0002718821159403816,5.074194534653455e-06
8.31747999999996e-06,1.732508486110552,1.7325,-0.0002718789177950742,5.074194571612168e-06
8.319479999999959e-06,1.732508485752818,1.7325,-0.000271882109818046,5.074194588952726e-06
8.321479999999958e-06,1.732508485571081,1.7325,-0.0002718789270275672,5.074194588647549e-06
8.323479999999957e-06,1.73250848537607,1.7325,-0.0002718821013327741,5.074194564750613e-06
8.325479999999956e-06,1.732508485369554,1.7325,-0.0002718789340762982,5.07419455995685e-06
8.327479999999956e-06,1.732508485373563,1.7325,-0.0002718820957039967,5.074194573952907e-06
8.329479999999955e-06,1.732508485527556,1.7325,-0.0002718789424321029,5.074194558543068e-06
8.331479999999954e-06,1.732508485645616,1.7325,-0.0002718820910637944,5.074194563466932e-06
8.333479999999954e-06,1.732508486001218,1.7325,-0.0002718789497684439,5.074194572595674e-06
8.335479999999953e-06,1.732508486370844,1.7325,-0.0002718820819413806,5.074194559978038e-06
8.337479999999952e-06,1.732508486838284,1.7325,-0.0002718789550307056,5.074194570839028e-06
8.339479999999952e-06,1.732508487193303,1.7325,-0.0002718820775236962,5.074194571563615e-06
8.34147999999995e-06,1.732508487648958,1.7325,-0.0002718789630047873,5.0741945637791e-06
8.34347999999995e-06,1.732508487994155,1.7325,-0.0002718820690715491,5.074194562653541e-06
8.34547999999995e-06,1.732508488297633,1.7325,-0.0002718789708823802,5.074194556055921e-06
8.347479999999949e-06,1.732508488330837,1.7325,-0.000271882063330637,5.07419456334391e-06
8.349479999999948e-06,1.73250848834993,1.7325,-0.0002718789766401067,5.074194557626966e-06
8.351479999999947e-06,1.732508488228612,1.7325,-0.0002718820545115893,5.074194561836428e-06
8.353479999999947e-06,1.732508488168641,1.7325,-0.0002718789815197749,5.074194580438928e-06
8.355479999999946e-06,1.732508488004189,1.7325,-0.0002718820477350234,5.074194586085339e-06
8.357479999999945e-06,1.732508487897561,1.7325,-0.0002718789884237351,5.074194590914874e-06
8.359479999999945e-06,1.732508487724642,1.7325,-0.0002718820414999933,5.074194613366384e-06
8.361479999999944e-06,1.732508487680569,1.7325,-0.0002718789968451018,5.074194590213818e-06
8.363479999999943e-06,1.732508487534953,1.7325,-0.000271882036554364,5.074194558919312e-06
8.365479999999942e-06,1.732508487469887,1.7325,-0.0002718790024093953,5.074194560480031e-06
8.367479999999942e-06,1.732508487390727,1.7325,-0.0002718820288848902,5.074194548802728e-06
8.369479999999941e-06,1.732508487453535,1.7325,-0.0002718790104472656,5.074194519085984e-06
8.37147999999994e-06,1.732508487391165,1.7325,-0.000271882026078105,5.074194508670854e-06
8.37347999999994e-06,1.732508487407502,1.7325,-0.0002718790181503733,5.074194520059061e-06
8.375479999999939e-06,1.732508487439868,1.7325,-0.0002718820165407079,5.074194512257967e-06
8.377479999999938e-06,1.73250848756559,1.7325,-0.0002718790218498616,5.074194506761696e-06
8.379479999999938e-06,1.732508487554574,1.7325,-0.0002718820114232016,5.074194506880931e-06
8.381479999999937e-06,1.732508487561188,1.7325,-0.0002718790281805002,5.074194510498449e-06
8.383479999999936e-06,1.732508487378995,1.7325,-0.0002718820044856558,5.074194496004271e-06
8.385479999999936e-06,1.732508487212566,1.7325,-0.0002718790344316709,5.074194488874546e-06
8.387479999999935e-06,1.732508486980724,1.7325,-0.0002718819979322908,5.074194510819206e-06
8.389479999999934e-06,1.732508486870039,1.7325,-0.0002718790406035182,5.074194516773776e-06
8.391479999999933e-06,1.732508486702713,1.7325,-0.0002718819933704305,5.074194510965561e-06
8.393479999999933e-06,1.732508486679945,1.7325,-0.0002718790460410596,5.074194500134276e-06
8.395479999999932e-06,1.732508486651318,1.7325,-0.0002718819865934325,5.074194503283928e-06
8.397479999999931e-06,1.732508486745902,1.7325,-0.0002718790545577671,5.074194520494507e-06
8.39947999999993e-06,1.732508486764166,1.7325,-0.0002718819802939932,5.07419451060207e-06
8.40147999999993e-06,1.732508486890871,1.7325,-0.0002718790608078494,5.07419450886223e-06
8.40347999999993e-06,1.732508486990771,1.7325,-0.0002718819732617484,5.07419451328403e-06
8.405479999999929e-06,1.732508487184797,1.7325,-0.0002718790651620401,5.074194486064299e-06
8.407479999999928e-06,1.732508487288738,1.7325,-0.0002718819664668777,5.074194478042148e-06
8.409479999999927e-06,1.732508487405429,1.7325,-0.0002718790731207926,5.074194509634855e-06
8.411479999999926e-06,1.732508487392379,1.7325,-0.0002718819598503684,5.074194553758315e-06
8.413479999999926e-06,1.732508487472637,1.7325,-0.0002718790787500372,5.074194576670989e-06
8.415479999999925e-06,1.732508487499862,1.7325,-0.0002718819546191492,5.074194588845236e-06
8.417479999999924e-06,1.732508487650736,1.7325,-0.0002718790826080376,5.074194591472879e-06
8.419479999999924e-06,1.732508487794923,1.7325,-0.000271881946885521,5.074194592981645e-06
8.421479999999923e-06,1.732508488108755,1.7325,-0.000271879091043734,5.07419460291948e-06
8.423479999999922e-06,1.732508488391226,1.7325,-0.0002718819416701854,5.074194587901724e-06
8.425479999999922e-06,1.7325084887494,1.7325,-0.0002718790963540353,5.07419457135281e-06
8.427479999999921e-06,1.732508489018965,1.7325,-0.0002718819332980186,5.07419457567767e-06
8.42947999999992e-06,1.732508489344083,1.7325,-0.0002718791005648073,5.074194559054435e-06
8.43147999999992e-06,1.732508489601623,1.7325,-0.000271881926552395,5.074194565310456e-06
8.433479999999919e-06,1.732508489884959,1.7325,-0.0002718791085695637,5.074194576619446e-06
8.435479999999918e-06,1.732508490006959,1.7325,-0.0002718819218159861,5.07419455111067e-06
8.437479999999917e-06,1.732508490114998,1.7325,-0.0002718791122218143,5.074194533999486e-06
8.439479999999917e-06,1.732508490057245,1.7325,-0.0002718819149262609,5.074194507009584e-06
8.441479999999916e-06,1.732508489963185,1.7325,-0.0002718791186484865,5.074194497119876e-06
8.443479999999915e-06,1.732508489725811,1.7325,-0.0002718819099348104,5.074194535451052e-06
8.445479999999915e-06,1.73250848950361,1.7325,-0.0002718791271492229,5.074194548136946e-06
8.447479999999914e-06,1.732508489115756,1.7325,-0.0002718819050712845,5.074194545663e-06
8.449479999999913e-06,1.732508488788586,1.7325,-0.0002718791318699537,5.074194570068146e-06
8.451479999999913e-06,1.732508488424641,1.7325,-0.0002718818986926132,5.074194584349942e-06
8.453479999999912e-06,1.732508488196681,1.7325,-0.0002718791358720844,5.074194592473752e-06
8.455479999999911e-06,1.732508487972183,1.7325,-0.000271881894657583,5.074194592611751e-06
8.45747999999991e-06,1.732508487885021,1.7325,-0.0002718791429367192,5.074194597342309e-06
8.45947999999991e-06,1.732508487799949,1.7325,-0.0002718818880399917,5.074194613562819e-06
8.461479999999909e-06,1.732508487833726,1.7325,-0.0002718791492197435,5.074194603015344e-06
8.463479999999908e-06,1.73250848786846,1.7325,-0.0002718818805279852,5.074194599076356e-06
8.465479999999908e-06,1.73250848799829,1.7325,-0.0002718791559815465,5.074194614748846e-06
8.467479999999907e-06,1.732508488129993,1.7325,-0.0002718818768770744,5.074194593477722e-06
8.469479999999906e-06,1.732508488440431,1.7325,-0.0002718791606524178,5.074194576637507e-06
8.471479999999906e-06,1.732508488688737,1.7325,-0.0002718818728745406,5.074194576394982e-06
8.473479999999905e-06,1.732508488972726,1.7325,-0.0002718791674468505,5.074194562747136e-06
8.475479999999904e-06,1.732508489202493,1.7325,-0.000271881865921142,5.074194566747946e-06
8.477479999999903e-06,1.732508489528251,1.7325,-0.000271879173012585,5.074194561568091e-06
8.479479999999903e-06,1.732508489766817,1.7325,-0.0002718818622049577,5.074194560111726e-06
8.481479999999902e-06,1.732508490014557,1.7325,-0.0002718791791684511,5.074194567026925e-06
8.483479999999901e-06,1.732508490141025,1.7325,-0.0002718818545986289,5.07419454765931e-06
8.4854799999999e-06,1.732508490298385,1.7325,-0.0002718791834737685,5.074194529673441e-06
8.4874799999999e-06,1.732508490317113,1.7325,-0.0002718818504994515,5.074194516477487e-06
8.4894799999999e-06,1.732508490326341,1.7325,-0.0002718791889276565,5.074194519955368e-06
8.491479999999899e-06,1.73250849021004,1.7325,-0.0002718818440255697,5.074194516001894e-06
8.493479999999898e-06,1.732508490074265,1.7325,-0.0002718791953862377,5.074194497688522e-06
8.495479999999897e-06,1.732508489819946,1.7325,-0.0002718818392573646,5.07419450410946e-06
8.497479999999896e-06,1.732508489611381,1.7325,-0.0002718791994534256,5.074194505160597e-06
8.499479999999896e-06,1.732508489289339,1.7325,-0.0002718818341541447,5.074194510827579e-06
8.501479999999895e-06,1.732508488996716,1.7325,-0.0002718792055608233,5.074194507498971e-06
8.503479999999894e-06,1.73250848863695,1.7325,-0.0002718818287002289,5.074194500487741e-06
8.505479999999894e-06,1.732508488338877,1.7325,-0.0002718792104887554,5.074194516044107e-06
8.507479999999893e-06,1.732508487996349,1.7325,-0.0002718818217314049,5.074194515068201e-06
8.509479999999892e-06,1.732508487692161,1.7325,-0.0002718792139811277,5.074194494992645e-06
8.511479999999892e-06,1.73250848731846,1.7325,-0.0002718818171063637,5.074194499693101e-06
8.513479999999891e-06,1.732508487067815,1.7325,-0.0002718792209663669,5.074194511680495e-06
8.51547999999989e-06,1.732508486867748,1.7325,-0.0002718818103768676,5.074194513865295e-06
8.51747999999989e-06,1.732508486789227,1.7325,-0.000271879224729553,5.074194510438713e-06
8.519479999999889e-06,1.732508486624975,1.7325,-0.0002718818046675173,5.07419450459667e-06
8.521479999999888e-06,1.732508486508655,1.7325,-0.0002718792294187513,5.074194507493282e-06
8.523479999999887e-06,1.732508486388832,1.7325,-0.0002718818020359104,5.074194502453908e-06
8.525479999999887e-06,1.732508486360748,1.7325,-0.0002718792353823889,5.074194515249689e-06
8.527479999999886e-06,1.732508486322018,1.7325,-0.0002718817921661889,5.074194526687101e-06
8.529479999999885e-06,1.732508486386702,1.7325,-0.0002718792405326038,5.074194521532568e-06
8.531479999999885e-06,1.732508486424144,1.7325,-0.0002718817878279272,5.074194507886527e-06
8.533479999999884e-06,1.732508486579821,1.7325,-0.0002718792452370966,5.074194516278138e-06
8.535479999999883e-06,1.732508486665748,1.7325,-0.0002718817829005705,5.074194536500119e-06
8.537479999999883e-06,1.73250848681202,1.7325,-0.0002718792505161637,5.07419454575956e-06
8.539479999999882e-06,1.732508486917684,1.7325,-0.0002718817784190264,5.074194562700031e-06
8.541479999999881e-06,1.732508487073631,1.7325,-0.0002718792569429597,5.074194552132121e-06
8.54347999999988e-06,1.732508487209875,1.7325,-0.0002718817728696166,5.074194558655556e-06
8.54547999999988e-06,1.732508487451178,1.7325,-0.0002718792603871086,5.074194575734327e-06
8.547479999999879e-06,1.732508487641811,1.7325,-0.000271881769137855,5.074194599555899e-06
8.549479999999878e-06,1.732508487896316,1.7325,-0.000271879266974141,5.074194595079634e-06
8.551479999999878e-06,1.73250848809439,1.7325,-0.0002718817643209586,5.074194575004633e-06
8.553479999999877e-06,1.732508488357391,1.7325,-0.0002718792717897992,5.074194585771963e-06
8.555479999999876e-06,1.732508488568537,1.7325,-0.0002718817588201895,5.074194599860126e-06
8.557479999999876e-06,1.732508488842624,1.7325,-0.000271879278072887,5.074194598468999e-06
8.559479999999875e-06,1.732508489043227,1.7325,-0.0002718817543698465,5.074194593690899e-06
8.561479999999874e-06,1.732508489262321,1.7325,-0.0002718792820117313,5.074194570477911e-06
8.563479999999873e-06,1.73250848940626,1.7325,-0.0002718817482942239,5.074194563321256e-06
8.565479999999873e-06,1.732508489541684,1.7325,-0.0002718792859346431,5.074194572755774e-06
8.567479999999872e-06,1.732508489592602,1.7325,-0.0002718817436379999,5.074194550337676e-06
8.569479999999871e-06,1.732508489674377,1.7325,-0.0002718792926636994,5.074194540226451e-06
8.57147999999987e-06,1.732508489669542,1.7325,-0.0002718817390132238,5.074194526029888e-06
8.57347999999987e-06,1.732508489642625,1.7325,-0.0002718792992343494,5.074194510436728e-06
8.57547999999987e-06,1.732508489444579,1.7325,-0.0002718817329049866,5.074194515360341e-06
8.577479999999869e-06,1.732508489251724,1.7325,-0.0002718793028071898,5.074194500727319e-06
8.579479999999868e-06,1.732508489002441,1.7325,-0.0002718817288704789,5.074194515328836e-06
8.581479999999867e-06,1.732508488824641,1.7325,-0.0002718793076237887,5.074194519507343e-06
8.583479999999867e-06,1.73250848859183,1.7325,-0.0002718817224915638,5.074194503054963e-06
8.585479999999866e-06,1.732508488368758,1.7325,-0.0002718793136993762,5.074194536089061e-06
8.587479999999865e-06,1.73250848807376,1.7325,-0.000271881717803047,5.074194543832037e-06
8.589479999999864e-06,1.732508487848678,1.7325,-0.0002718793184196096,5.074194557999826e-06
8.591479999999864e-06,1.73250848758926,1.7325,-0.0002718817134985409,5.074194574323548e-06
8.593479999999863e-06,1.732508487408786,1.7325,-0.0002718793216879701,5.074194574471504e-06
8.595479999999862e-06,1.732508487211288,1.7325,-0.0002718817076930071,5.074194566692247e-06
8.597479999999862e-06,1.732508487098181,1.7325,-0.0002718793275089296,5.074194553553731e-06
8.599479999999861e-06,1.732508487026219,1.7325,-0.0002718817057635725,5.074194566299813e-06
8.60147999999986e-06,1.732508487102257,1.7325,-0.0002718793315756884,5.07419456549604e-06
8.60347999999986e-06,1.732508487146575,1.7325,-0.0002718816978536942,5.074194564531986e-06
8.605479999999859e-06,1.73250848727764,1.7325,-0.0002718793365986205,5.074194578261984e-06
8.607479999999858e-06,1.732508487408705,1.7325,-0.0002718816925440169,5.074194598437396e-06
8.609479999999857e-06,1.732508487585898,1.7325,-0.0002718793404580595,5.074194595142929e-06
8.611479999999857e-06,1.732508487688185,1.7325,-0.0002718816899760915,5.074194598804091e-06
8.613479999999856e-06,1.732508487832604,1.7325,-0.0002718793455134324,5.074194619693051e-06
8.615479999999855e-06,1.732508487911655,1.7325,-0.0002718816849038632,5.074194576015594e-06
8.617479999999855e-06,1.732508488088288,1.7325,-0.0002718793497071899,5.074194524937669e-06
8.619479999999854e-06,1.732508488240112,1.7325,-0.000271881677504343,5.074194518637471e-06
8.621479999999853e-06,1.732508488313539,1.7325,-0.0002718793553530411,5.074194507484568e-06
8.623479999999853e-06,1.732508488216245,1.7325,-0.0002718816764037805,5.074194522414446e-06
8.625479999999852e-06,1.732508488095965,1.7325,-0.0002718793572506516,5.074194516678686e-06
8.627479999999851e-06,1.732508487877831,1.7325,-0.0002718816709343003,5.074194482014976e-06
8.62947999999985e-06,1.732508487667417,1.7325,-0.0002718793667870854,5.074194488671785e-06
8.63147999999985e-06,1.732508487415674,1.7325,-0.0002718816685112865,5.074194517207367e-06
8.633479999999849e-06,1.732508487265208,1.7325,-0.0002718793694350175,5.074194558218388e-06
8.635479999999848e-06,1.732508487063251,1.7325,-0.0002718816645405733,5.074194590671693e-06
8.637479999999848e-06,1.732508486921314,1.7325,-0.0002718793753192167,5.074194583453656e-06
8.639479999999847e-06,1.732508486845575,1.7325,-0.0002718816598660109,5.07419455814822e-06
8.641479999999846e-06,1.732508486903352,1.7325,-0.00027187937890711,5.074194540610549e-06
8.643479999999846e-06,1.732508486956163,1.7325,-0.0002718816523399447,5.074194519728961e-06
8.645479999999845e-06,1.732508487064699,1.7325,-0.0002718793845999874,5.07419450913577e-06
8.647479999999844e-06,1.732508487158063,1.7325,-0.000271881650601897,5.074194507489645e-06
8.649479999999844e-06,1.732508487348126,1.7325,-0.0002718793899101264,5.074194507500168e-06
8.651479999999843e-06,1.732508487509468,1.7325,-0.0002718816483057198,5.074194502191096e-06
8.653479999999842e-06,1.732508487698113,1.7325,-0.0002718793945514131,5.074194520617988e-06
8.655479999999841e-06,1.73250848781927,1.7325,-0.000271881642246055,5.07419455348196e-06
8.65747999999984e-06,1.732508487996699,1.7325,-0.0002718793970241501,5.074194536210159e-06
8.65947999999984e-06,1.732508488125025,1.7325,-0.0002718816377476928,5.074194505718201e-06
8.66147999999984e-06,1.732508488282908,1.7325,-0.0002718794025729007,5.074194510012679e-06
8.663479999999839e-06,1.732508488433271,1.7325,-0.000271881632357471,5.074194497597696e-06
8.665479999999838e-06,1.732508488670352,1.7325,-0.0002718794057619277,5.074194512312744e-06
8.667479999999837e-06,1.732508488857514,1.7325,-0.0002718816258051718,5.074194531068168e-06
8.669479999999837e-06,1.73250848902995,1.7325,-0.0002718794096052088,5.074194533888904e-06
8.671479999999836e-06,1.732508489164413,1.7325,-0.0002718816223118364,5.074194523158625e-06
8.673479999999835e-06,1.732508489358807,1.7325,-0.0002718794133365058,5.074194490115363e-06
8.675479999999834e-06,1.732508489466131,1.7325,-0.0002718816197754293,5.074194493726537e-06
8.677479999999834e-06,1.732508489552788,1.7325,-0.0002718794178983158,5.074194516063046e-06
8.679479999999833e-06,1.732508489552949,1.7325,-0.0002718816159496286,5.074194538689128e-06
8.681479999999832e-06,1.732508489613582,1.7325,-0.0002718794217096984,5.074194548945271e-06
8.683479999999832e-06,1.732508489653128,1.7325,-0.0002718816111477873,5.074194561585345e-06
8.685479999999831e-06,1.732508489759466,1.7325,-0.0002718794253932949,5.074194548876494e-06
8.68747999999983e-06,1.7325084898407,1.7325,-0.0002718816047856812,5.074194517225061e-06
8.68947999999983e-06,1.73250848992731,1.7325,-0.0002718794285663813,5.07419452641733e-06
8.691479999999829e-06,1.732508489908867,1.7325,-0.0002718816006075041,5.0741945159126e-06
8.693479999999828e-06,1.732508489841413,1.7325,-0.0002718794322659101,5.074194500049298e-06
8.695479999999828e-06,1.732508489663599,1.7325,-0.0002718815949465965,5.074194541218077e-06
8.697479999999827e-06,1.732508489500959,1.7325,-0.0002718794360624581,5.074194550572967e-06
8.699479999999826e-06,1.73250848928257,1.7325,-0.0002718815907835189,5.074194541809289e-06
8.701479999999825e-06,1.732508489115988,1.7325,-0.0002718794386770223,5.074194533207367e-06
8.703479999999825e-06,1.732508488946422,1.7325,-0.0002718815867968083,5.074194527171974e-06
8.705479999999824e-06,1.732508488794283,1.7325,-0.0002718794453106829,5.07419451224298e-06
8.707479999999823e-06,1.732508488603325,1.7325,-0.0002718815791266353,5.074194510500641e-06
8.709479999999823e-06,1.732508488466499,1.7325,-0.0002718794470015722,5.07419452004801e-06
8.711479999999822e-06,1.732508488288638,1.7325,-0.0002718815761122473,5.074194496862886e-06
8.713479999999821e-06,1.732508488114923,1.7325,-0.0002718794553897451,5.074194500362765e-06
8.71547999999982e-06,1.732508487871911,1.7325,-0.0002718815771494287,5.07419451585427e-06
8.71747999999982e-06,1.732508487682959,1.7325,-0.0002718794585631426,5.074194514460937e-06
8.719479999999819e-06,1.732508487496432,1.7325,-0.0002718815679955565,5.074194505485805e-06
8.721479999999818e-06,1.732508487350525,1.7325,-0.0002718794615611938,5.074194524669147e-06
8.723479999999818e-06,1.732508487149456,1.7325,-0.0002718815679166338,5.074194569119907e-06
8.725479999999817e-06,1.732508487044157,1.7325,-0.0002718794673663215,5.074194566128184e-06
8.727479999999816e-06,1.732508487050732,1.7325,-0.0002718815632273833,5.074194562382594e-06
8.729479999999816e-06,1.732508487279489,1.7325,-0.0002718794704278831,5.074194571183896e-06
8.731479999999815e-06,1.732508487564059,1.7325,-0.0002718815618715308,5.07419454621293e-06
8.733479999999814e-06,1.732508487930698,1.7325,-0.000271879474541792,5.074194510906586e-06
8.735479999999814e-06,1.732508488310882,1.7325,-0.0002718815544716867,5.074194515648472e-06
8.737479999999813e-06,1.732508488730448,1.7325,-0.0002718794772541787,5.074194506313256e-06
8.739479999999812e-06,1.732508489058345,1.7325,-0.000271881551776095,5.074194506043231e-06
8.741479999999811e-06,1.732508489261573,1.7325,-0.0002718794817512483,5.07419452210691e-06
8.74347999999981e-06,1.732508489300818,1.7325,-0.000271881547998014,5.074194527932715e-06
8.74547999999981e-06,1.732508489341223,1.7325,-0.0002718794863436745,5.074194536424669e-06
8.74747999999981e-06,1.732508489327178,1.7325,-0.0002718815436280806,5.074194559586088e-06
8.749479999999809e-06,1.732508489352633,1.7325,-0.000271879493360305,5.074194563088403e-06
8.751479999999808e-06,1.732508489312432,1.7325,-0.0002718815410436304,5.07419454788027e-06
8.753479999999807e-06,1.732508489282887,1.7325,-0.0002718794952745196,5.074194532137621e-06
8.755479999999807e-06,1.732508489220274,1.7325,-0.0002718815370734001,5.074194499276475e-06
8.757479999999806e-06,1.732508489191123,1.7325,-0.0002718794973306704,5.074194493581607e-06
8.759479999999805e-06,1.732508489137573,1.7325,-0.0002718815317789402,5.07419451844021e-06
8.761479999999805e-06,1.732508489103399,1.7325,-0.0002718795016057523,5.074194558277498e-06
8.763479999999804e-06,1.7325084890015,1.7325,-0.0002718815291169151,5.074194566883181e-06
8.765479999999803e-06,1.732508488921505,1.7325,-0.0002718795063884791,5.07419454938244e-06
8.767479999999802e-06,1.732508488871657,1.7325,-0.0002718815219551682,5.074194521658906e-06
8.769479999999802e-06,1.732508488929023,1.7325,-0.0002718795116034054,5.074194530678413e-06
8.771479999999801e-06,1.732508489005649,1.7325,-0.0002718815191658904,5.0741945686773e-06
8.7734799999998e-06,1.732508489116723,1.7325,-0.0002718795176960018,5.074194579816041e-06
8.7754799999998e-06,1.732508489146624,1.7325,-0.0002718815162784408,5.074194573641416e-06
8.777479999999799e-06,1.73250848916567,1.7325,-0.0002718795215228603,5.074194566137324e-06
8.779479999999798e-06,1.732508489122298,1.7325,-0.0002718815113982539,5.074194560297272e-06
8.781479999999798e-06,1.73250848913127,1.7325,-0.0002718795212199154,5.07419455948946e-06
8.783479999999797e-06,1.732508489125473,1.7325,-0.0002718815089908819,5.07419455702745e-06
8.785479999999796e-06,1.73250848913672,1.7325,-0.000271879526514173,5.074194554869406e-06
8.787479999999795e-06,1.732508489101992,1.7325,-0.0002718815052436775,5.074194572196126e-06
8.789479999999795e-06,1.732508489098924,1.7325,-0.0002718795314896603,5.074194552152681e-06
8.791479999999794e-06,1.732508489104484,1.7325,-0.0002718815039024753,5.074194508876549e-06
8.793479999999793e-06,1.732508489111989,1.7325,-0.0002718795351094148,5.074194492335247e-06
8.795479999999793e-06,1.732508489027719,1.7325,-0.0002718814996774861,5.074194505551818e-06
8.797479999999792e-06,1.732508488950012,1.7325,-0.0002718795404206585,5.074194501537994e-06
8.799479999999791e-06,1.73250848880139,1.7325,-0.0002718814957859915,5.074194499565703e-06
8.80147999999979e-06,1.7325084886746,1.7325,-0.0002718795407875535,5.07419452552406e-06
8.80347999999979e-06,1.732508488493878,1.7325,-0.0002718814930759946,5.074194550907149e-06
8.80547999999979e-06,1.732508488314701,1.7325,-0.0002718795459221454,5.074194559635186e-06
8.807479999999788e-06,1.732508488194806,1.7325,-0.0002718814888017795,5.074194551090694e-06
8.809479999999788e-06,1.732508488214363,1.7325,-0.0002718795495586311,5.074194576988146e-06
8.811479999999787e-06,1.732508488284194,1.7325,-0.0002718814867130043,5.074194595326004e-06
8.813479999999786e-06,1.732508488372889,1.7325,-0.0002718795542141911,5.074194574442292e-06
8.815479999999786e-06,1.732508488439631,1.7325,-0.0002718814815456357,5.074194566591196e-06
8.817479999999785e-06,1.732508488617758,1.7325,-0.0002718795575151572,5.074194569961099e-06
8.819479999999784e-06,1.732508488791392,1.7325,-0.000271881479631911,5.07419455534263e-06
8.821479999999784e-06,1.732508489008513,1.7325,-0.0002718795602265648,5.074194561109965e-06
8.823479999999783e-06,1.732508489194298,1.7325,-0.0002718814753267247,5.074194568732913e-06
8.825479999999782e-06,1.732508489362316,1.7325,-0.000271879565106606,5.074194557065743e-06
8.827479999999782e-06,1.732508489535201,1.7325,-0.0002718814716583084,5.074194571979759e-06
8.82947999999978e-06,1.732508489745888,1.7325,-0.0002718795678493662,5.074194551710595e-06
8.83147999999978e-06,1.732508489822218,1.7325,-0.0002718814660594282,5.074194512649446e-06
8.83347999999978e-06,1.732508489826079,1.7325,-0.0002718795702577276,5.074194521269457e-06
8.835479999999779e-06,1.732508489718108,1.7325,-0.0002718814637962527,5.074194505966322e-06
8.837479999999778e-06,1.732508489550659,1.7325,-0.0002718795758072689,5.074194519139044e-06
8.839479999999777e-06,1.732508489280314,1.7325,-0.0002718814597618742,5.074194522662429e-06
8.841479999999777e-06,1.732508488963635,1.7325,-0.0002718795770507348,5.074194496644144e-06
8.843479999999776e-06,1.732508488555312,1.7325,-0.000271881455216566,5.074194509317602e-06
8.845479999999775e-06,1.732508488200756,1.7325,-0.0002718795806876413,5.074194523073313e-06
8.847479999999775e-06,1.732508487916492,1.7325,-0.0002718814515489465,5.07419450826226e-06
8.849479999999774e-06,1.73250848771454,1.7325,-0.000271879584243373,5.074194520783217e-06
8.851479999999773e-06,1.732508487547621,1.7325,-0.0002718814498267243,5.074194528434311e-06
8.853479999999772e-06,1.732508487552681,1.7325,-0.0002718795863642672,5.07419448859766e-06
8.855479999999772e-06,1.732508487587929,1.7325,-0.000271881446062231,5.074194499305595e-06
8.857479999999771e-06,1.732508487608038,1.7325,-0.0002718795904954585,5.074194515958699e-06
8.85947999999977e-06,1.73250848756444,1.7325,-0.0002718814418840217,5.074194510371705e-06
8.86147999999977e-06,1.732508487484301,1.7325,-0.0002718795925360082,5.074194503572237e-06
8.863479999999769e-06,1.732508487357665,1.7325,-0.0002718814409123267,5.074194518863904e-06
8.865479999999768e-06,1.732508487262718,1.7325,-0.0002718795967138867,5.074194529371441e-06
8.867479999999768e-06,1.732508487137048,1.7325,-0.0002718814350277803,5.074194548108484e-06
8.869479999999767e-06,1.732508487037966,1.7325,-0.0002718796018177589,5.074194570414679e-06
8.871479999999766e-06,1.732508486958582,1.7325,-0.0002718814319821402,5.074194578720519e-06
8.873479999999765e-06,1.732508486963245,1.7325,-0.0002718796027423424,5.074194550870867e-06
8.875479999999765e-06,1.732508486971881,1.7325,-0.0002718814294930875,5.074194510637696e-06
8.877479999999764e-06,1.732508487054296,1.7325,-0.0002718796051819595,5.074194524038021e-06
8.879479999999763e-06,1.732508487187129,1.7325,-0.0002718814264476032,5.074194520094257e-06
8.881479999999763e-06,1.732508487384506,1.7325,-0.0002718796081315588,5.074194504177746e-06
8.883479999999762e-06,1.732508487563675,1.7325,-0.0002718814233071723,5.07419452193682e-06
8.885479999999761e-06,1.732508487704612,1.7325,-0.0002718796127413989,5.074194564558388e-06
8.88747999999976e-06,1.732508487743896,1.7325,-0.0002718814215839351,5.074194572359345e-06
8.88947999999976e-06,1.732508487818496,1.7325,-0.000271879617445398,5.074194541043785e-06
8.89147999999976e-06,1.732508487930723,1.7325,-0.0002718814162887615,5.074194522788602e-06
8.893479999999759e-06,1.732508488081518,1.7325,-0.000271879619438991,5.074194515189841e-06
8.895479999999758e-06,1.732508488184046,1.7325,-0.0002718814144554633,5.074194504685903e-06
8.897479999999757e-06,1.732508488259261,1.7325,-0.0002718796243666361,5.074194520005117e-06
8.899479999999756e-06,1.732508488267783,1.7325,-0.0002718814082043198,5.074194514411982e-06
8.901479999999756e-06,1.732508488273558,1.7325,-0.0002718796245255374,5.074194493337373e-06
8.903479999999755e-06,1.73250848823411,1.7325,-0.0002718814066095057,5.074194505616451e-06
8.905479999999754e-06,1.732508488172863,1.7325,-0.0002718796308415538,5.074194487123542e-06
8.907479999999754e-06,1.732508488067677,1.7325,-0.0002718814040570679,5.074194509599925e-06
8.909479999999753e-06,1.732508487956263,1.7325,-0.000271879632851365,5.074194528361318e-06
8.911479999999752e-06,1.732508487790987,1.7325,-0.0002718813990508243,5.07419453815332e-06
8.913479999999752e-06,1.732508487655854,1.7325,-0.0002718796339516183,5.074194570899916e-06
8.915479999999751e-06,1.732508487488292,1.7325,-0.0002718813953191839,5.074194570426172e-06
8.91747999999975e-06,1.732508487335091,1.7325,-0.000271879638480211,5.074194568073914e-06
8.91947999999975e-06,1.732508487205476,1.7325,-0.0002718813919537168,5.074194576015315e-06
8.921479999999749e-06,1.732508487192798,1.7325,-0.0002718796400742113,5.074194566771402e-06
8.923479999999748e-06,1.732508487248366,1.7325,-0.0002718813890835604,5.074194561844216e-06
8.925479999999747e-06,1.732508487416444,1.7325,-0.0002718796439338904,5.074194574309667e-06
8.927479999999747e-06,1.732508487593799,1.7325,-0.0002718813848735775,5.074194538596409e-06
8.929479999999746e-06,1.732508487723459,1.7325,-0.0002718796489721213,5.074194528319688e-06
8.931479999999745e-06,1.732508487800223,1.7325,-0.0002718813819230996,5.074194522264168e-06
8.933479999999745e-06,1.732508487901832,1.7325,-0.0002718796497223029,5.074194499163806e-06
8.935479999999744e-06,1.732508487920695,1.7325,-0.0002718813775216383,5.074194512714512e-06
8.937479999999743e-06,1.73250848784333,1.7325,-0.0002718796537101838,5.074194511865574e-06
8.939479999999743e-06,1.732508487739696,1.7325,-0.0002718813760218486,5.074194492454781e-06
8.941479999999742e-06,1.732508487728607,1.7325,-0.0002718796594508264,5.074194506571743e-06
8.943479999999741e-06,1.732508487711914,1.7325,-0.0002718813752420093,5.074194495972341e-06
8.94547999999974e-06,1.732508487694951,1.7325,-0.0002718796605977143,5.074194502314077e-06
8.94747999999974e-06,1.732508487626442,1.7325,-0.0002718813719246022,5.074194523026999e-06
8.949479999999739e-06,1.732508487509949,1.7325,-0.000271879664235342,5.074194546798403e-06
8.951479999999738e-06,1.732508487359689,1.7325,-0.0002718813694044713,5.074194563929222e-06
8.953479999999738e-06,1.732508487300724,1.7325,-0.0002718796664360252,5.07419452209995e-06
8.955479999999737e-06,1.73250848727332,1.7325,-0.000271881363806345,5.074194503193525e-06
8.957479999999736e-06,1.732508487252085,1.7325,-0.0002718796711078033,5.074194534289887e-06
8.959479999999736e-06,1.732508487214558,1.7325,-0.0002718813599164528,5.074194562583668e-06
8.961479999999735e-06,1.732508487221258,1.7325,-0.0002718796712677455,5.074194562494853e-06
8.963479999999734e-06,1.732508487238089,1.7325,-0.0002718813596443211,5.074194552240794e-06
8.965479999999733e-06,1.732508487263381,1.7325,-0.0002718796758766447,5.074194571534467e-06
8.967479999999733e-06,1.73250848728259,1.7325,-0.0002718813571256934,5.074194591858922e-06
8.969479999999732e-06,1.732508487355147,1.7325,-0.0002718796767216768,5.074194579210419e-06
8.971479999999731e-06,1.732508487405649,1.7325,-0.000271881352308336,5.074194579846076e-06
8.97347999999973e-06,1.732508487490586,1.7325,-0.0002718796811390433,5.074194552987814e-06
8.97547999999973e-06,1.732508487530896,1.7325,-0.000271881351096456,5.074194534828028e-06
8.97747999999973e-06,1.732508487590847,1.7325,-0.0002718796818883261,5.074194518915529e-06
8.979479999999729e-06,1.732508487709606,1.7325,-0.0002718813442074508,5.074194516107912e-06
8.981479999999728e-06,1.732508487793178,1.7325,-0.0002718796862895998,5.074194518835525e-06
8.983479999999727e-06,1.732508487765462,1.7325,-0.000271881344750202,5.074194520353497e-06
8.985479999999726e-06,1.732508487650859,1.7325,-0.0002718796901326786,5.074194535128369e-06
8.987479999999726e-06,1.732508487442622,1.7325,-0.0002718813416731276,5.07419454143951e-06
8.989479999999725e-06,1.732508487225989,1.7325,-0.0002718796912976759,5.07419456071862e-06
8.991479999999724e-06,1.732508486993704,1.7325,-0.0002718813380203987,5.074194548778987e-06
8.993479999999724e-06,1.732508486849962,1.7325,-0.0002718796948687974,5.074194510126328e-06
8.995479999999723e-06,1.732508486748707,1.7325,-0.0002718813345118399,5.074194515505615e-06
8.997479999999722e-06,1.73250848668731,1.7325,-0.0002718796960331824,5.074194499556912e-06
8.999479999999722e-06,1.732508486594867,1.7325,-0.0002718813321998807,5.074194519067532e-06
9e-06,1.73250848657475,1.7325,-0.0002718797073560154,5.074194522668893e-06
