time_s,Vout_V,Vin_V,VDD_V,I_VDD_A,IREF_A,M43_A,M44_A,M45_A,Vstartup_V,Vbiasp_V,Vbiasn_V
2.0000000000000001e-09,3.0036769907683259e-05,0.00033000000000000011,0.0006600000000000001,-4.2604913131706249e-07,3.9790310658529309e-18,4.2615496572526272e-20,5.0850420260590268e-15,2.5894621339884071e-15,0.00047973127950832469,0.00046936435987265842,0.0001597123133233475
4.0000000000000002e-09,6.00242020227152e-05,0.0006600000000000001,0.00132,-4.3130056658690917e-07,7.9494689270867672e-18,8.530434724635277e-20,1.013108821302551e-14,5.1908920729133878e-15,0.00095969294727299697,0.00093931559322435682,0.00031826013653050961
8.0000000000000005e-09,0.00011980703935311711,0.00132,0.00264,-4.4006571059014691e-07,1.5861860190971542e-17,1.7090047775041719e-19,2.0105529711384751e-14,1.0420896763430739e-14,0.0019203015391561389,0.001881133006948729,0.00063306195377413528
1.6000000000000001e-08,0.0002385265234297296,0.00264,0.0052800000000000008,-4.5856029915575869e-07,3.1542990593735502e-17,3.4303516004449751e-19,3.9577512606118771e-14,2.097187291894176e-14,0.0038438883157645249,0.0037716133782456029,0.001254756879484226
3.2000000000000002e-08,0.00047333347096290359,0.0052800000000000008,0.01056,-4.9376682003561399e-07,6.2132566606258131e-17,6.9150502450955887e-19,7.6591456289422976e-14,4.2329772751567668e-14,0.0076981746596032656,0.0075743769821301019,0.0024735850877173871
6.4000000000000004e-08,0.00093616097482042827,0.01056,0.02112,-5.6483545635087964e-07,1.1914394973434461e-16,1.4072337115383251e-18,1.4303795813384851e-13,8.5512888558204733e-14,0.01542341638317392,0.01523692932952256,0.0048481207590766722
1.2800000000000001e-07,0.001847893124770403,0.02112,0.042240000000000007,-7.0390733363027094e-07,2.133841979484078e-16,2.9183948842306708e-18,2.4941927217711721e-13,1.7182280865630261e-13,0.030900326824563649,0.030671773714418541,0.0094781093724734828
1.9999999999999999e-07,0.0028619280195552612,0.032999999999999988,0.065999999999999989,-8.610656608172977e-07,2.9307003108098082e-16,4.7431284174987808e-18,3.391086144430238e-13,2.6853339015805842e-13,0.048323110904870667,0.048103050792215989,0.01461153048916892
2.0967174190216321e-07,0.0029974996624691779,0.034595837413856939,0.069191674827713878,-8.8206942999916076e-07,3.024826247195249e-16,4.9979733921286643e-18,3.4956103299596781e-13,2.8161707934199639e-13,0.050663679069665297,0.050446975267600669,0.015298076696071781
2.2901522570648971e-07,0.0032682129087529409,0.0377875122415708,0.075575024483141601,-9.2372510380869735e-07,3.2081999964920298e-16,5.5144838088086052e-18,3.6966632110975638e-13,3.0794651094542241e-13,0.0553447944230199,0.055135851834210083,0.01666965108931923
2.6770219331514269e-07,0.0038080034921939791,0.044170861896998551,0.088341723793997101,-1.008498851840245e-06,3.5644699988610988e-16,6.5749149086802814e-18,4.0738210348925611e-13,3.6154838570665339e-13,0.064706689228521477,0.064516604614767437,0.019407775511369189
3.4507612853244872e-07,0.0048813506567292461,0.056937561207854037,0.1138751224157081,-1.1768435936346419e-06,4.2858837076039612e-16,8.8105494983308234e-18,4.7710598633632246e-13,4.750181394971601e-13,0.08342792437599407,0.083284644736389427,0.02486894162187429
4.9982399896706067e-07,0.0070049325630370321,0.08247095982956501,0.16494191965912999,-1.515467561745377e-06,5.9771150493848899e-16,1.385846299834148e-17,6.1359905284725693e-13,7.4750015172610792e-13,0.12085461390789359,0.12082605693102649,0.03574923826177516
6.9982399896706067e-07,0.0097081490612851637,0.115470959829565,0.23094191965913,-1.9529250540365872e-06,9.0218005058918482e-16,2.2231836511316811e-17,8.1315711315763746e-13,1.257914470109792e-12,0.1691832891496885,0.16933197042300591,0.049748899762944533
8.9982399896706066e-07,0.01236968295198114,0.14847095982956501,0.29694191965913003,-2.3920027342594158e-06,1.3540820265173311e-15,3.4161418001229062e-17,1.059798075915744e-12,2.0708389895723519e-12,0.21744943088200741,0.21781130555652989,0.063688923533745376
1.099823998967061e-06,0.01499400845387659,0.18147095982956499,0.36294191965912997,-2.830754726380283e-06,2.027861029399947e-15,5.1794404156947199e-17,1.371093305603388e-12,3.3874713103702041e-12,0.26563581617774562,0.26625974871805719,0.077575437946593301
1.299823998967061e-06,0.017585034099126349,0.21447095982956499,0.42894191965912998,-3.2709359131055331e-06,3.033673055789651e-15,7.8234695663556867e-17,1.76631198232733e-12,5.5322026836152494e-12,0.31372255610602262,0.3146749887849648,0.09141411314455429
1.4998239989670609e-06,0.020146313986305699,0.24747095982956499,0.49494191965912993,-3.7106568448553191e-06,4.5361204736425037e-15,1.181770225924151e-16,2.2690166966737861e-12,9.0336249545006175e-12,0.36168669867464848,0.36305454425337291,0.1052116737994855
1.6998239989670609e-06,0.02268123071907497,0.28047095982956499,0.56094191965912998,-4.151714675619489e-06,6.7819655948076592e-15,1.7886277466498431e-16,2.908902270176751e-12,1.4752882534256629e-11,0.40950226946437562,0.4113942951314154,0.11897675067185789
1.8998239989670609e-06,0.02519318368635283,0.31347095982956502,0.62694191965912993,-4.5922608218558727e-06,1.0142415144295029e-14,2.7158499755143162e-16,3.72386970210326e-12,2.408751273227439e-11,0.45714086947673238,0.4596865388434222,0.13272099367445439
2.0998239989670611e-06,0.027685835152103811,0.346470959829565,0.69294191965912999,-5.0341305466550261e-06,1.5178764895144551e-14,4.1410906194225252e-16,4.762786719153688e-12,3.9291408084134323e-11,0.50457297274710589,0.50791733299388109,0.14646077095703139
2.2998239989670601e-06,0.030163477889544821,0.37947095982956502,0.75894191965912994,-5.475525684766746e-06,2.2746835046262719e-14,6.3459991811624099e-16,6.0894699083109302e-12,6.3967255778637271e-11,0.55177000010279831,0.55606217847486805,0.160219993517315
2.4998239989670598e-06,0.032631654126170209,0.41247095982956489,0.82494191965912989,-5.9183467330433577e-06,3.4168754885583253e-14,9.7801323092797012e-16,7.7887966159099658e-12,1.038023126712156e-10,0.59870729705355341,0.60407946647574351,0.1740346227916546
2.69982399896706e-06,0.035098132991945821,0.44547095982956492,0.89094191965912972,-6.3608797448691106e-06,5.1528060071459052e-14,1.5164862982372739e-15,9.9766905351864052e-12,1.6761597936536699e-10,0.64536795264690683,0.65190092570618041,0.18795986194722841
2.8998239989670598e-06,0.037574035721042502,0.47847095982956478,0.95694191965912967,-6.8050878263107933e-06,7.8204747361502055e-14,2.366146997254989e-15,1.2817295683515329e-11,2.6872979199181639e-10,0.69174713348624994,0.69941758721611946,0.20208072931979251
3.09982399896706e-06,0.040073422378866332,0.51147095982956481,1.0229419196591301,-7.2492568473189537e-06,1.199041919888525e-13,3.7139999666079707e-15,1.6553760981088351e-11,4.2647279186652819e-10,0.73785690203408083,0.74646078452105546,0.21652664410249281
3.299823998967059e-06,0.042608740640492193,0.54447095982956484,1.0889419196591299,-7.695516391906056e-06,1.867622163868108e-13,5.8601750726080418e-15,2.1564735776607999e-11,6.6716164990585972e-10,0.78373077951570091,0.79277772305898375,0.2314887666136502
3.4190790832757139e-06,0.044140266343246533,0.56414804874049274,1.128296097480985,-7.9620951809243563e-06,2.4578753312941382e-13,7.706936634818945e-15,2.539415369464404e-11,8.6353976767121082e-10,0.81099343823837144,0.81991968493766143,0.24075155890426239
3.5460579901982888e-06,0.045770058654977248,0.58509956838271771,1.170199136765435,-8.243714981341375e-06,3.3314502033502729e-13,1.032872734401133e-14,3.0420719211284829e-11,1.1259030781355029e-09,0.83996990477733058,0.8482864622558155,0.25099874197746491
3.6809486046700521e-06,0.047492324859127917,0.60735651977055849,1.214713039541117,-8.5442470201644025e-06,4.6791597323035279e-13,1.410726063927758e-14,3.7198199735861042e-11,1.4733966992447269e-09,0.87071779689932971,0.87766282063473444,0.26242620610116107
3.8266747925350794e-06,0.049359292874276067,0.63140134076828813,1.262802681536576,-8.8709146902026134e-06,6.9192712377721361e-13,1.9758834813143809e-14,4.6841748421019717e-11,1.9354543305748571e-09,0.90392740563391005,0.90829924331634915,0.27554153169555129
3.9831438309228576e-06,0.051377358048412147,0.65721873210227155,1.3144374642045431,-9.2221094660173383e-06,1.090246147217596e-12,2.8353386771249131e-14,6.109990734699939e-11,2.5320617912814698e-09,0.93960732725524287,0.93962033682677304,0.29068319414323751
4.1831438309228574e-06,0.05397022469500419,0.69021873210227147,1.3804374642045429,-9.6724490096321874e-06,2.0800499891914909e-12,4.4933702922741582e-14,8.8558588899990396e-11,3.423130914126403e-09,0.98525796894833428,0.9767117165579885,0.31186547419094041
4.3831438309228572e-06,0.056574783734841531,0.7232187321022715,1.446437464204543,-1.012317134982865e-05,4.3298804484306211e-12,7.1261789292464732e-14,1.3314147461017169e-10,4.4000947725063413e-09,1.030865952195356,1.0098425545647529,0.33517131615373102
4.583143830922857e-06,0.059194874588136367,0.75621873210227142,1.5124374642045431,-1.057435790450467e-05,9.9941950009719153e-12,1.1389765975295521e-13,2.068203344661614e-10,5.3766998120486609e-09,1.076117447140341,1.0382707821454249,0.36037538340277853
4.7831438309228568e-06,0.061834760213971891,0.78921873210227134,1.5784374642045429,-1.1025223599363201e-05,2.6054060608897321e-11,1.8616627920478089e-13,3.2844198808386178e-10,6.2648094232333186e-09,1.1203604214838521,1.0611400081854701,0.38686551085275189
4.9831438309228574e-06,0.064489989526752139,0.82221873210227125,1.644437464204543,-1.147628225961954e-05,7.8530556334705268e-11,3.189749323250221e-13,5.2431622503737392e-10,6.9837286526169019e-09,1.162490506804676,1.0773332837194769,0.41367123948818307
5.1831438309228563e-06,0.067148134722900668,0.85521873210227128,1.710437464204543,-1.192709442927508e-05,2.803437135788856e-10,5.9356003909823105e-13,8.2455058714803537e-10,7.4393731167973419e-09,1.200917596875748,1.0856244909781469,0.43962923286993039
5.3831438309228561e-06,0.069791227187617766,0.8882187321022712,1.776437464204542,-1.2378116328676049e-05,1.1744891828380449e-09,1.2484719329763691e-12,1.265189886825482e-09,7.4160915451953184e-09,1.2338223853500889,1.0861070283833869,0.46418953493031778
5.5599319930599947e-06,0.072081707918878413,0.91738877885489911,1.834777557709798,-1.277874214940957e-05,4.2907420337893882e-09,2.7362271036881971e-12,1.8710964612164661e-09,6.5203860044860764e-09,1.257099096979361,1.084317520965824,0.4866624551520668
5.7459783148573342e-06,0.074382059279065882,0.9480864219514602,1.89617284390292,-1.321858108754268e-05,1.3697064616424709e-08,7.5611024841125173e-12,3.25159736779128e-09,3.9525869315527496e-09,1.272760010754564,1.090642744881547,0.51845987395612181
5.919370290109341e-06,0.076410860679556811,0.97669609786804124,1.953392195736082,-1.368664646623752e-05,3.5841666037918181e-08,3.4013154124306627e-11,7.6607485761739169e-09,9.3306296695992501e-10,1.2612433280594559,1.100896026886522,0.56783107179405634
5.9789195875305887e-06,0.077085538624977884,0.98652173194254711,1.973043463885094,-1.390094374327264e-05,5.4045223933895468e-08,7.740132319672293e-11,1.1896829388315689e-08,3.4885433564716912e-10,1.242458053747443,1.1000900374116609,0.59315784688601991
6.0120035523999007e-06,0.077454495048055891,0.99198058614598361,1.983961172291967,-1.4066305386286291e-05,7.3432650066081878e-08,1.4566751540036389e-10,1.6423773447697291e-08,1.5300771403410681e-10,1.223250519103583,1.095606251784466,0.61167428432888216
6.028610904268113e-06,0.077637596840454751,0.99472079920423861,1.989441598408477,-1.417791730659502e-05,8.872387631426109e-08,2.1686311342394371e-10,2.004407817499688e-08,8.8678028145148364e-11,1.209477669590094,1.0915307427860781,0.62308725784242613
6.0618256080045374e-06,0.077997152660536487,1.0002012253207491,2.0004024506414981,-1.4563263001960639e-05,1.5095275451110989e-07,6.9261203867162739e-10,3.5267542944866147e-08,1.633238537051149e-11,1.162812285574975,1.075442660432262,0.65530465737950483
6.0740253737770844e-06,0.078126162693975362,1.002214186673219,2.0044283733464381,-1.483002579232134e-05,1.9778882019848781e-07,1.276078660209936e-09,4.7337420683857983e-08,6.4002898580416846e-12,1.1355775031549331,1.065592996923665,0.67196094357342695
6.0913087190026796e-06,0.078302440333095344,1.0050659386354419,2.0101318772708838,-1.56234884447454e-05,3.4426808807858258e-07,4.7299425033474327e-09,8.817243380983339e-08,7.7433239364820434e-13,1.0709848304721341,1.04250433776261,0.70679895677422711
6.0993772643988078e-06,0.078380151334156919,1.006397248625803,2.012794497251607,-1.6440005679557009e-05,4.9647954400875244e-07,1.1233252240093199e-08,1.3578233759459521e-07,1.657358607670214e-13,1.0221330855173261,1.0257806230515709,0.73067327203125387
6.1066319648920151e-06,0.078443926611263717,1.007594274207182,2.0151885484143648,-1.7904065913910069e-05,7.6576849680138497e-07,3.0321150083769837e-08,2.3246403738543219e-07,2.095263773118588e-14,0.95366547957935544,1.004619231634531,0.76017443833838128
6.1125069455641701e-06,0.078486759896200797,1.008563646018088,2.017127292036176,-2.0267176557599169e-05,1.1865982289784119e-06,7.7794184261427528e-08,4.123418651152277e-07,1.661889086583674e-15,0.86438937527865989,0.98171515719219926,0.79177549391644653
6.1182884120176041e-06,0.078513109134047687,1.009517587982905,2.0190351759658101,-2.4504098125023279e-05,1.896988995603505e-06,2.067980093053746e-07,7.7653580626632291e-07,3.7664415808778458e-17,0.72066460220157136,0.95523093782725188,0.8280832399408109
6.122224151735403e-06,0.078521630529492931,1.0101669850363419,2.020333970072683,-2.9146554812458428e-05,2.530243346248402e-06,3.8576865286900178e-07,1.1402667125629479e-06,5.3381293218800783e-19,0.58141146704666213,0.93779728380983551,0.85192680334245408
6.1245678921571608e-06,0.078530950471212724,1.010553702205931,2.0211074044118629,-3.3495720198649799e-05,2.9055759092050979e-06,5.3962307884508007e-07,1.361123345168047e-06,1.0004625362786151e-20,0.48436280256340108,0.92912101240430067,0.86388965148509345
6.1273154928857318e-06,0.078558514842749824,1.011007056326146,2.022014112652291,-3.8541146652033788e-05,3.2841438853038141e-06,7.5559844812760837e-07,1.5760011577718449e-06,6.1710137040626352e-23,0.36758283783510848,0.92137294242925216,0.87485753203856464
6.1302020109483293e-06,0.078603746627190482,1.011483331806474,2.0229666636129489,-4.1773897363527413e-05,3.5819605623257151e-06,9.933712155397967e-07,1.715288360434818e-06,4.7408021803561483e-25,0.25579529414046659,0.91601381964083317,0.88279650626845141
6.1322598854776764e-06,0.078639978207871469,1.011822881103817,2.0236457622076331,-4.3334932842664763e-05,3.728335972981424e-06,1.1448124877237661e-06,1.746075383565839e-06,4.6872271203408268e-26,0.19108482519834449,0.91372854436737905,0.88645314806985231
6.1347934957405286e-06,0.078678919886625495,1.012240926797187,2.0244818535943749,-4.4815129236075248e-05,3.8489523449841073e-06,1.2895153526010221e-06,1.7054399162777461e-06,1.253805313124653e-26,0.13304253124011081,0.9121840923533453,0.88963623218936105
6.1374925664661176e-06,0.078714684881403818,1.01268627346691,2.0253725469338191,-4.5859615141885132e-05,3.9338953063263426e-06,1.3850846560312139e-06,1.59367894378208e-06,5.235156889116715e-27,0.096686031516484888,0.91143159151897757,0.89216744723165131
6.140936783461788e-06,0.078766872566364693,1.0132545692711949,2.0265091385423899,-4.685318277089436e-05,4.0105795897951934e-06,1.4368222226913189e-06,1.490332286773199e-06,3.1022276193867171e-27,0.078145077184499659,0.9111086830040539,0.89445476658331879
6.1449141459840323e-06,0.078857718470934937,1.013910834087365,2.027821668174731,-4.7737731677102187e-05,4.0675106080470696e-06,1.453061828832019e-06,1.468065459357868e-06,2.5669223558417099e-27,0.07334755865098419,0.91135315129887629,0.89593247103889329
6.1501333304583026e-06,0.079051921654838514,1.0147719995256199,2.0295439990512398,-4.8589909251300471e-05,4.1030803212350684e-06,1.4611082592899941e-06,1.4685773920027769e-06,2.48167981236202e-27,0.072053990692257416,0.91241899689838823,0.89676629027176624
6.156338547030605e-06,0.079381280359548945,1.0157958602600501,2.0315917205201002,-4.9104522689588121e-05,4.117438999693633e-06,1.4672311924247139e-06,1.4718025469655411e-06,2.6257603097725408e-27,0.071811738154588661,0.91421181434999543,0.89710493383578038
6.163825694686441e-06,0.079843989874792742,1.017031239623263,2.0340624792465252,-4.9271241192986261e-05,4.1233446063471736e-06,1.4731535598225159e-06,1.4768706893232439e-06,2.8899564219576319e-27,0.072071715719443111,0.91658889753060402,0.89722682960927724
6.1718058587584746e-06,0.080326653577940096,1.018347966695148,2.036695933390297,-4.9224281887632162e-05,4.1262032101191623e-06,1.479069792621902e-06,1.482682818988613e-06,3.1826615375212861e-27,0.072500621524027073,0.91918677508620039,0.89728400164129873
6.178497161095882e-06,0.080684391104955233,1.0194520315808211,2.0389040631616409,-4.9340476465966377e-05,4.1283115939368294e-06,1.4839820331794891e-06,1.487535300730266e-06,3.4192164534292412e-27,0.072881411364982496,0.92137055623314457,0.89731868898483969
6.1833553941747638e-06,0.080905975186357879,1.020253640038836,2.040507280077672,-4.9658417468907287e-05,4.1297021944750056e-06,1.487540397047346e-06,1.4911125848802469e-06,3.5842215516487123e-27,0.073162575184983744,0.92295869912411244,0.89734488681693436
6.1881790869052436e-06,0.081077682876386351,1.021049549339365,2.0420990986787309,-5.021670986946211e-05,4.1311564777901597e-06,1.4910765334145899e-06,1.494622725408624e-06,3.7426238702938022e-27,0.073442084907573688,0.92453420944413001,0.89736901703360983
6.1943368140998813e-06,0.081196775466778739,1.0220655743264799,2.0441311486529612,-5.102500869791143e-05,4.1329400479145736e-06,1.4955874465922401e-06,1.4991392331046279e-06,3.9371100474986701e-27,0.07380203500974622,0.9265467759265309,0.897400993670458
6.2010933375184601e-06,0.081194582499099957,1.0231804006905461,2.0463608013810921,-5.1761121338329847e-05,4.1349368785778723e-06,1.500539604809327e-06,1.504073133247269e-06,4.1411252479527743e-27,0.074198725079253416,0.92875432439061234,0.89743512255745761
6.2085400655317494e-06,0.08095823592368151,1.024409110812738,2.0488182216254769,-5.224684292134097e-05,4.1370998915129567e-06,1.505996475328939e-06,1.5095284344122261e-06,4.3552402756920852e-27,0.074639463103440579,0.93118805831126172,0.89747329794240971
6.2169424770136114e-06,0.080414804590461714,1.0257955087072459,2.0515910174144918,-5.2515454083368808e-05,4.1395545885806108e-06,1.5121555183889119e-06,1.515670810156593e-06,4.5843442875191533e-27,0.075140115443867339,0.93393379834869805,0.89751571527431506
6.2231607977603162e-06,0.079894087800255087,1.0268215316304521,2.0536430632609042,-5.267996320091493e-05,4.1413518470076286e-06,1.516712884818108e-06,1.520225010965421e-06,4.7459583437955299e-27,0.075513526612754123,0.93596613080460278,0.89754735903647986
6.2305669771251704e-06,0.0792062801908366,1.0280435512256529,2.0560871024513059,-5.3561692550617851e-05,4.1435127638027332e-06,1.522142272225297e-06,1.5256422879925369e-06,4.9302964868070392e-27,0.075960785309905951,0.93838634618324601,0.89758476893297712
6.233501064924839e-06,0.078934412705666007,1.028527675712599,2.057055351425197,-5.5464840224186013e-05,4.1443674501429342e-06,1.524292931617515e-06,1.527791701454483e-06,5.0010065283049377e-27,0.076138922099217299,0.9393452153225047,0.89759974298277867
6.2356325511157573e-06,0.078766336823345259,1.0288793709341,2.0577587418682,-5.8244094306372722e-05,4.1449980152925408e-06,1.525855833104928e-06,1.5293516478947141e-06,5.051581171417284e-27,0.0762685078856912,0.94004165442476095,0.89761056892804325
6.2378565129069731e-06,0.078650956196969768,1.029246324629651,2.0584926492593012,-6.192271400012135e-05,4.1456533131462058e-06,1.527486286682904e-06,1.530979810231991e-06,5.1036647000346442e-27,0.076404021301923974,0.94076837360473575,0.89762192516849448
6.2403280499143634e-06,0.078632993504519119,1.02965412823587,2.05930825647174,-6.5620003821732846e-05,4.146377324534018e-06,1.529298577726589e-06,1.5327886858092571e-06,5.1607607250907213e-27,0.076554910395436188,0.94157606424557194,0.89763448715343042
6.2434149384264904e-06,0.078806019914234485,1.030163464840371,2.060326929680742,-6.8371291501178474e-05,4.1472650759840724e-06,1.53156145410757e-06,1.5350455540805391e-06,5.2309906803046209e-27,0.076744019483299966,0.94258506347182225,0.89765001104572162
6.2472704900557464e-06,0.079249964418276128,1.030799630859198,2.061599261718396,-6.9218234279680712e-05,4.1483600352589548e-06,1.534387292187317e-06,1.537864666106139e-06,5.3170641665251331e-27,0.076981262705071524,0.94384543843973345,0.8976692073958632
6.2511357974160468e-06,0.079614958838280556,1.031437406573648,2.062874813147296,-6.8442949669676075e-05,4.1494614513667253e-06,1.5372195734656369e-06,1.540691908112036e-06,5.4015425711857997e-27,0.077220159387435455,0.94510888090891298,0.89768845327693647
6.2551923565520237e-06,0.079158891693143968,1.0321067388310841,2.0642134776621681,-6.7871574749592118e-05,4.1506283982598896e-06,1.5401925492653259e-06,1.543661579679342e-06,5.4882734018664807e-27,0.077471672111606715,0.94643467189758612,0.89770882228949045
6.2599936215658797e-06,0.07573654529798711,1.0328989475583701,2.0657978951167402,-6.8712590598866743e-05,4.1520176596022413e-06,1.5437116075833311e-06,1.5471750453261809e-06,5.5885338110611901e-27,0.077770395857222285,0.9480037602541761,0.89773303267077187
6.2664966048306141e-06,0.063688354515704371,1.033971939797051,2.067943879594103,-7.082874331593866e-05,4.1538982988363778e-06,1.548478277724597e-06,1.551933334569141e-06,5.7205216672095748e-27,0.078177060622298969,0.95012904976765189,0.89776581733111216
6.2725338021657653e-06,0.047641223079106593,1.0349680773573511,2.069936154714703,-7.0939660746232542e-05,4.1556345099518408e-06,1.552902608967558e-06,1.5563483554283001e-06,5.8394867723200887e-27,0.078557028325131714,0.9521022570634502,0.89779609763016854
6.2761599720258601e-06,0.038390776636871612,1.0355663953842671,2.0711327907685342,-7.0125329520375786e-05,4.1566773044686424e-06,1.5555598211741551e-06,1.5590009664532449e-06,5.9093958460180178e-27,0.078786380167726419,0.95328743902846935,0.89781426041470791
6.2802661530841241e-06,0.030068417536261119,1.03624391525888,2.072487830517761,-6.973657431351871e-05,4.1578619953628646e-06,1.558568363859048e-06,1.562004020974022e-06,5.9872325043774518e-27,0.079047069668761183,0.95462946130978132,0.89783484774430167
6.2846324601799974e-06,0.023806766756674959,1.0369643559296999,2.073928711859399,-6.9222294783076268e-05,4.1591191444162224e-06,1.5617675589582749e-06,1.5651975574861219e-06,6.0685417421863251e-27,0.079325368982022054,0.95605655630291131,0.89785673637074936
6.2895819693779614e-06,0.01916354064343493,1.0377810249473629,2.0755620498947271,-6.9208269102956124e-05,4.1605411016381776e-06,1.565393268095839e-06,1.5688155846949051e-06,6.1590408125850589e-27,0.07964235540855627,0.95767430746206028,0.89788146326080132
6.294230046010165e-06,0.016323379264223999,1.038547957591677,2.0770959151833539,-6.9220668361763047e-05,4.1618759676994066e-06,1.568797839312707e-06,1.572214089729438e-06,6.2425012460822403e-27,0.079941475345897836,0.95919354791325984,0.89790467606237478
6.2982836548917297e-06,0.01461363321680899,1.0392168030571349,2.0784336061142712,-6.8337067884221281e-05,4.163039777953225e-06,1.5717663741884679e-06,1.575176546995448e-06,6.3141668034652382e-27,0.080203481222481582,0.96051848906848869,0.89792489282417665
6.3001975652656886e-06,0.014084231729890101,1.039532598268839,2.0790651965376772,-6.6812514964188598e-05,4.1635912222861726e-06,1.573168024782894e-06,1.5765760184449609e-06,6.347651307288765e-27,0.080327536204327671,0.96114403789255176,0.89793445402824301
6.3017102467367207e-06,0.013886982116580029,1.039782190711559,2.0795643814231179,-6.4980525827816569e-05,4.1640279607941883e-06,1.574275581344692e-06,1.5776812846785321e-06,6.3739671727970152e-27,0.080425758820769036,0.96163843607576749,0.89794200920263656
6.3037477844611197e-06,0.014023124592659661,1.0401183844360851,2.0802367688721688,-6.2528981003375086e-05,4.1646097247482791e-06,1.575767635135625e-06,1.579170641165596e-06,6.4092101530896118e-27,0.080558269388866233,0.9623044754244916,0.8979521757818909
6.3052795300106087e-06,0.014420073319066661,1.04037112245175,2.0807422449035009,-6.1376970247368576e-05,4.1650435182072296e-06,1.576888956667602e-06,1.5802885756973611e-06,6.4355738248873877e-27,0.080658103422585406,0.96280521723043111,0.89795975338175038
6.3069338773258109e-06,0.015053179093154481,1.040644089758759,2.081288179517518,-6.088113574266593e-05,4.165515007532921e-06,1.5781000922036759e-06,1.5814972782522249e-06,6.463906182856239e-27,0.080766123844142071,0.96334599198132953,0.89796794407474345
6.3086768248158046e-06,0.015851448159181242,1.0409316760946079,2.0818633521892158,-6.091894046385099e-05,4.1660134415132473e-06,1.5793757242330379e-06,1.582770304538059e-06,6.4936037281953824e-27,0.080880154929866471,0.96391570126090675,0.89797658803558433
6.3117143973044597e-06,0.017364092944339361,1.041432875555236,2.082865751110472,-6.1570450914250988e-05,4.1668844540012837e-06,1.581599142909251e-06,1.5849903984516589e-06,6.5449739144498662e-27,0.081079283572953853,0.96490855819628829,0.89799170929225924
6.3149781699498564e-06,0.019068157629487419,1.041971398041726,2.0839427960834529,-6.3569822018420469e-05,4.167821533851049e-06,1.5839877596298589e-06,1.5873742462379239e-06,6.5996729198954933e-27,0.081293871732224368,0.96597534096216053,0.89800795735210215
6.3176801233386189e-06,0.0206520151674961,1.0424172203508719,2.0848344407017438,-6.9948361135473524e-05,4.168602489386044e-06,1.5859652866015931e-06,1.589348645014593e-06,6.6445738096921392e-27,0.081471998772403395,0.96685843431623408,0.89802144613307455
6.3202182893743384e-06,0.022657771611820299,1.0428360177467659,2.085672035493531,-8.1958944551961972e-05,4.1693377422821797e-06,1.587822608992709e-06,1.591202363723437e-06,6.6864614045033596e-27,0.081639745729849611,0.96768799051353172,0.8980341311293355
6.3228995043636287e-06,0.026016345948731,1.043278418219999,2.086556836439998,-9.8130505829523528e-05,4.1701023328688903e-06,1.5897846063459929e-06,1.593160000619003e-06,6.7304375720328376e-27,0.081817402572552322,0.96856448103638682,0.89804746506327726
6.3251016467755773e-06,0.030313402899201619,1.04364177171797,2.08728354343594,-0.0001151371666221225,4.1707224647239623e-06,1.5913953640258669e-06,1.59476545765722e-06,6.766388768070216e-27,0.081963790719421906,0.9692844482756594,0.89805828669265886
6.3278563734705912e-06,0.038246302487158039,1.044096301622647,2.0881926032452949,-0.00013895553174357841,4.1715011611056691e-06,1.593409962273861e-06,1.5967756797830931e-06,6.8111197033497936e-27,0.082147487915562242,0.97018501335258633,0.89807181930499325
6.3306530584642613e-06,0.049107451709250773,1.0445577546466029,2.0891155092932059,-0.0001613053921549594,4.1722952545840468e-06,1.5954546762459069e-06,1.598816508786577e-06,6.8562527022754904e-27,0.082334541352314244,0.97109923361717743,0.89808560052706632
6.3350637197876559e-06,0.070107212069120364,1.045285513764963,2.090571027529927,-0.0001873148125939117,4.1735543934521786e-06,1.5986795228848509e-06,1.6020362400527189e-06,6.9268599164540288e-27,0.082630453346653435,0.97254097186637345,0.89810743632839141
6.3398090976481277e-06,0.095266220197937235,1.0460685011119411,2.0921370022238821,-0.00020345051927556061,4.1749132700550348e-06,1.602148410556566e-06,1.605498142864126e-06,7.0021391508926393e-27,0.082950173879401873,0.97409208656786772,0.89813096445408525
6.3449831096388846e-06,0.1231425596888656,1.0469222130904161,2.0938444261808322,-0.0002120589468245726,4.1763930108071337e-06,1.6059299188358869e-06,1.609271957516241e-06,7.0835122708606927e-27,0.083300487496396847,0.97578336885737704,0.89815659281213034
6.3509739922989844e-06,0.1545215572036063,1.047910708729332,2.095821417458664,-0.00021588095197452531,4.1781021258318116e-06,1.61030646086294e-06,1.613638397847374e-06,7.176963134192447e-27,0.083708545680608995,0.97774174221690846,0.89818616074778623
6.3546863557546988e-06,0.17327550035171291,1.0485232486995251,2.097046497399051,-0.00021656263298118551,4.1791594177515048e-06,1.6130176877297639e-06,1.6163441377062389e-06,7.2344979409068097e-27,0.083962706603417439,0.97895531696632787,0.89820445895068202
6.3575520298774493e-06,0.1873713298704015,1.048996084929779,2.0979921698595581,-0.00021698977481607781,4.1799740751905416e-06,1.6151098327225531e-06,1.6184312549814511e-06,7.2787448996299444e-27,0.084159601547078675,0.97989212464775144,0.89821855145937901
6.3602421398712049e-06,0.20030087588933551,1.049439953078749,2.0988799061574981,-0.0002173687410136655,4.1807373727070448e-06,1.617073615970707e-06,1.620391067238345e-06,7.3201521837645826e-27,0.084344965637845146,0.98077156040344959,0.89823177661555487
6.3632392507446328e-06,0.2143670928635541,1.049934476372864,2.0998689527457288,-0.0002179055135661998,4.1815859929780341e-06,1.6192607441809419e-06,1.6225728385222061e-06,7.3661660149020424e-27,0.084552137393786905,0.98175137385730127,0.8982464732173423
6.3664191469906274e-06,0.22891780856964239,1.050459159253454,2.1009183185069071,-0.00021834930775720799,4.1824858609821442e-06,1.6215809310344969e-06,1.62488833623543e-06,7.4148445978313342e-27,0.084772652639710844,0.98279094709474479,0.89826206929343388
6.3704865999359591e-06,0.24700395790349641,1.0511302889894329,2.1022605779788659,-0.00021873064894355291,4.1836355304782331e-06,1.624547607310052e-06,1.6278481252510039e-06,7.476936173746474e-27,0.085055813181228956,0.98412068677979403,0.89828199121473029
6.3737775053114793e-06,0.26122310569480311,1.051673288376394,2.1033465767527879,-0.00021863050350062109,4.1845624122503119e-06,1.626947397557744e-06,1.6302428659050681e-06,7.5270433040309745e-27,0.085285790548301238,0.98519659598867959,0.89829809645991132
6.3772404346856118e-06,0.27580087650927843,1.052244671723126,2.1044893434462519,-0.00021830042770289989,4.1855348821354788e-06,1.629471598208428e-06,1.632760737025836e-06,7.5796819310935544e-27,0.085528700994222037,0.98632876512455248,0.89831499304818563
6.3801550526538319e-06,0.28778056929814699,1.0527255836878819,2.1054511673757639,-0.00021779356479096631,4.186355351141157e-06,1.6315957554902531e-06,1.63488076101551e-06,7.6239071787817814e-27,0.085733830931704891,0.98728163551145776,0.89832923518840058
6.3833603840171846e-06,0.30065992387229579,1.053254463362836,2.1065089267256711,-0.00021725181079558289,4.1872751807328223e-06,1.633931213623978e-06,1.637212239586968e-06,7.6724426421635229e-27,0.085960063954459334,0.98832931839354154,0.89834501008292333
6.3878965660817606e-06,0.31837639984725691,1.0540029334034899,2.1080058668069812,-0.00021632086467034229,4.1885721654894272e-06,1.6372362560492179e-06,1.640511433927595e-06,7.7409848496413542e-27,0.086281260813466931,0.98981214404801809,0.89836742664022562
6.3927767381213774e-06,0.33679130256214601,1.0548081617900269,2.1096163235800551,-0.00021535785521295899,4.1899606471895327e-06,1.6407900952504361e-06,1.64405506052121e-06,7.8147035849185234e-27,0.086628588069596654,0.99140753576703289,0.89839134398713649
6.3989140488570974e-06,0.35900576572082532,1.055820818061421,2.1116416361228421,-0.0002140255767564141,4.1916926980551008e-06,1.645256452695752e-06,1.648510686809705e-06,7.9074528242902931e-27,0.087068262218783957,0.99341410060569624,0.89842128142087285
6.4014134957421776e-06,0.36774669563373952,1.056233226797459,2.1124664535949189,-0.00021344703236103569,4.1923677524170898e-06,1.647074021433042e-06,1.65032104663515e-06,7.9453112837040958e-27,0.087248316470721524,0.99423166912815353,0.8984332567709844
6.4032739195778341e-06,0.37412441996208962,1.0565401967303421,2.113080393460685,-0.00021263906316053901,4.1928882225337434e-06,1.6484264342103051e-06,1.6516695244915679e-06,7.9735186062784524e-27,0.08738277025641604,0.99483991550541306,0.89844213644273851
6.4047101566369246e-06,0.37893875690384438,1.056777175845093,2.1135543516901851,-0.00021128258317358099,4.1933445789583414e-06,1.649470284742366e-06,1.652715558623614e-06,7.995214268548138e-27,0.087486700647077587,0.99530873285169774,0.89844931068168532
6.4063942310309761e-06,0.38439614613965822,1.0570550481201111,2.1141100962402222,-0.00020917762313478171,4.193925800038026e-06,1.650695823857542e-06,1.6539513913858961e-06,8.0204298249285873e-27,0.087608221128394156,0.99585795927619525,0.89845836951892155
6.408147734059545e-06,0.38983394316882691,1.0573443761198249,2.1146887522396498,-0.00020741605730273781,4.1944569818136818e-06,1.6519732930955739e-06,1.6552308863898811e-06,8.0466212478758917e-27,0.087734337897390033,0.99643102861899269,0.89846777400300504
6.4096155556372392e-06,0.39420968001180839,1.0575865666801449,2.115173133360289,-0.00020639216557304411,4.1948402681264468e-06,1.6530426493213511e-06,1.6562880138195259e-06,8.068721223854264e-27,0.087840087443425266,0.99691155186193836,0.89847492388359074
6.4113214869541269e-06,0.39913368580788422,1.057868045347431,2.1157360906948619,-0.0002056014727149777,4.1952815120096047e-06,1.654282835157569e-06,1.657511284962022e-06,8.0946571559079153e-27,0.087963990786338181,0.99746994460405347,0.89848269724092478
6.4141476725165184e-06,0.40700513553148698,1.058334365965226,2.1166687319304511,-0.00020473935561053549,4.1960293230200492e-06,1.6563337064443649e-06,1.659551014920985e-06,8.1378269678822937e-27,0.088170993236107831,0.99839464990481908,0.89849566072506615
6.4184234489501666e-06,0.41844192613487141,1.0590398690767779,2.118079738153555,-0.0002039343576218553,4.1971984023519661e-06,1.659434210419421e-06,1.6626487208520941e-06,8.2031566255930207e-27,0.088485661610412339,0.99979299128799648,0.89851584518372518
6.4231427151921634e-06,0.43063299407168898,1.0598185480067071,2.1196370960134141,-0.00020335733413519619,4.1985160552504753e-06,1.662857579532609e-06,1.6660697652625399e-06,8.275151266099133e-27,0.088833659833260789,1.001335968852868,0.89853866351460665
6.4292584078717883e-06,0.4459727922219231,1.060827637298845,2.12165527459769,-0.00020313011495548441,4.2002349252705334e-06,1.6672933589939719e-06,1.6704958757052781e-06,8.3685865760997382e-27,0.089286416317177847,1.0033353912616501,0.8985684109561306
6.4357625427014273e-06,0.46170987990574541,1.0619008195457349,2.1238016390914711,-0.00020311155025690429,4.2020690693060121e-06,1.67200819481424e-06,1.6751997256277499e-06,8.4683677016716916e-27,0.089771002827050153,1.005461795423398,0.89860007894100946
6.4418037312809811e-06,0.47564939100772657,1.0628976156613621,2.1257952313227242,-0.00020283392693309969,4.2037756943971818e-06,1.676383818683546e-06,1.6795640432882479e-06,8.561550984761122e-27,0.090224195233199342,1.007436870019675,0.89862944955216517
6.4478705516876892e-06,0.48887306353726018,1.063898641028469,2.127797282056938,-0.00020238654955526429,4.2054811591808938e-06,1.6807745304583869e-06,1.683943342978131e-06,8.655710360970847e-27,0.090682421598174107,1.0094204848965691,0.89865883630166177
6.4554718269232138e-06,0.50436666747021353,1.0651528514423301,2.130305702884661,-0.00020203892763807199,4.207605108144982e-06,1.6862695572826971e-06,1.6894228114598039e-06,8.7746555702425454e-27,0.091261206465504702,1.011905964084749,0.89869543531261553
6.4640499391019958e-06,0.52056834869603186,1.066568239951829,2.133136479903659,-0.00020189888362277689,4.2100027664908111e-06,1.692463577055314e-06,1.695601797362655e-06,8.9101987814469134e-27,0.091920351560184216,1.0147108212961,0.89873671964779456
6.476332816602939e-06,0.54164813115169363,1.0685949147394851,2.1371898294789702,-0.00020196138562308421,4.213434071428922e-06,1.70131907384689e-06,1.7044336995559059e-06,9.106974903502212e-27,0.092875070329046225,1.0187270970954521,0.89879577231001728
6.4961269853274607e-06,0.57079660060746373,1.071860952579031,2.143721905158062,-0.00020242789790239261,4.2189490121557506e-06,1.7155531855608339e-06,1.7186292547624241e-06,9.4319413577899675e-27,0.094441735223314796,1.0251996763616911,0.89889060525963982
6.5166830676548339e-06,0.59540354261031603,1.0752527061630479,2.1505054123260949,-0.0002034590698749371,4.2246553572334077e-06,1.7302819225766609e-06,1.7333158620495531e-06,9.7814501315363856e-27,0.09610668458491986,1.031921703318557,0.89898864845196425
6.5577952323095802e-06,0.63114582575067379,1.082036213331081,2.164072426662162,-0.00020684930327416991,4.2360161680940884e-06,1.759556617544965e-06,1.7625038048452259e-06,1.052516041459957e-26,0.099558014798687186,1.045366551884261,0.89918357218054634
6.5980511737795077e-06,0.6548908944861257,1.088678443673619,2.177356887347238,-0.0002116672990921186,4.2470691783661048e-06,1.7879482248158561e-06,1.7908022143436519e-06,1.1324155963097039e-26,0.10310384654105791,1.058532470097276,0.89937288206148602
6.6338072310395933e-06,0.67746734854814772,1.094578193121533,2.1891563862430661,-0.00021722639526215021,4.2568304663484556e-06,1.8129023606499781e-06,1.815670063450623e-06,1.210565007503957e-26,0.106401052119281,1.07022752664962,0.89953979520558625
6.6645210800556718e-06,0.71016139840969872,1.0996459782091861,2.1992919564183722,-0.00022343418197036391,4.2651729528753124e-06,1.834112927613411e-06,1.836801001491222e-06,1.284068754679879e-26,0.109350964192762,1.080274020598244,0.89968224434637667
6.7021111317925344e-06,0.77669994935561215,1.1058483367457681,2.2116966734915362,-0.00023330849805518579,4.2753319134965159e-06,1.859755998799204e-06,1.8623436207443939e-06,1.383406148989098e-26,0.11311804181305619,1.0925704951067781,0.8998554568818844
6.7325968213936339e-06,0.84667495907882029,1.1108784755299499,2.2217569510598989,-0.00024200151182113101,4.2835295606639504e-06,1.880270975323781e-06,1.882771090011459e-06,1.472728358785286e-26,0.11630634063856,1.102543608483745,0.89999502516607155
6.7509781587519577e-06,0.89083740708317805,1.113911396194073,2.227822792388146,-0.00024666659253982232,4.2884551099521643e-06,1.8925084166563189e-06,1.894955347353276e-06,1.530883365707471e-26,0.1182890044338412,1.108557156377229,0.90007879958958281
6.7701180139847586e-06,0.93519139303513021,1.117069472307485,2.23413894461497,-0.00025084147702576239,4.2935694381780541e-06,1.905138624651112e-06,1.9075276203191042e-06,1.595230458850745e-26,0.1204032387064566,1.114819070042733,0.90016571371542586
6.7917165233367003e-06,0.98196732578983981,1.120633226350555,2.2412664527011108,-0.00025489180329108478,4.2993244360737636e-06,1.919247572264411e-06,1.9215708665262458e-06,1.6729049289198359e-26,0.1228516623445268,1.121885620998927,0.90026343539167064
6.8272266372885778e-06,1.050716111929038,1.1264923951526149,2.2529847903052311,-0.00026062737074279241,4.3087470021749953e-06,1.9420920582376561e-06,1.9443026434959828e-06,1.8136621930720259e-26,0.12702629339088101,1.13350432111416,0.90042323734709995
6.8427561212050577e-06,1.0776066092886241,1.129054759998835,2.2581095199976691,-0.00026260989278601143,4.3128531437085013e-06,1.9519384232457349e-06,1.9540985654229441e-06,1.8808854333143741e-26,0.12891185515786879,1.13858569768416,0.9004928036376082
6.8592642067747604e-06,1.103484351815067,1.1317785941178351,2.2635571882356711,-0.00026323845900312398,4.3172080463570834e-06,1.96230382012947e-06,1.9644093315292921e-06,1.9565264289738761e-26,0.13095742457096479,1.143987427511046,0.90056652872372533
6.8701487269206084e-06,1.118220473187751,1.1335745399418999,2.2671490798838012,-0.00026170185505098833,4.3200743188142059e-06,1.9690802309035792e-06,1.9711499315420198e-06,2.0089047406526149e-26,0.13232958222646601,1.1475491112966021,0.90061502578951413
6.881133861402477e-06,1.129822393445248,1.1353870871314089,2.2707741742628169,-0.00025717951708897099,4.3229625653260996e-06,1.975870889134919e-06,1.9779032183259829e-06,2.0639083715826189e-26,0.1337336304289764,1.151143784926046,0.90066386400839271
6.8964314559524547e-06,1.137367767461799,1.137911190232155,2.2758223804643101,-0.00024530535756143269,4.3269776020115917e-06,1.9852456884725811e-06,1.987226850028047e-06,2.144284951767078e-26,0.13572126548009419,1.1561497395977069,0.9007317236662884
6.9116374321292584e-06,1.1330200307373051,1.140420176301328,2.2808403526026551,-0.0002307301880897149,4.3309590764925284e-06,1.9944673721377779e-06,1.9963959869522938e-06,2.2288247250444771e-26,0.13773488110567389,1.1611258476193389,0.90079897158533517
6.9193277137768317e-06,1.1265347495567331,1.141689072773177,2.283378145546354,-0.00022402196345225521,4.332969433888869e-06,1.9990939838542992e-06,2.0009967910479161e-06,2.2734437968500639e-26,0.13876774759200791,1.16364251687527,0.90083291858265624
6.9262237506056106e-06,1.1190596451515811,1.142826918849926,2.2856538376998521,-0.0002190995674220649,4.3347703225216564e-06,2.003220881271812e-06,2.0050993664198239e-06,2.314570073637088e-26,0.13970230633601871,1.1658992900973011,0.90086331022890997
6.935452943798171e-06,1.1082110116822139,1.1443497357266981,2.288699471453397,-0.00021420400696429981,4.3371779930551891e-06,2.0087120716882699e-06,2.010559346245623e-06,2.3713154862654039e-26,0.14096543884230381,1.168919645845452,0.90090394153803699
6.9447488541842654e-06,1.09840799949364,1.1458835609404039,2.2917671218808078,-0.00021104918931802991,4.3395997576928117e-06,2.0142049041666708e-06,2.016019332364464e-06,2.4305260543598821e-26,0.1422521628428994,1.1719618801656539,0.90094478323338723
6.9556010243405422e-06,1.091644845251859,1.14767416901619,2.2953483380323791,-0.00020916532245364059,4.3424231148438751e-06,2.020569084965628e-06,2.022346496334217e-06,2.502371164748743e-26,0.1437727213154481,1.175513486823512,0.90099239046722379
6.9663860455415387e-06,1.0922641159989399,1.1494536975143539,2.2989073950287078,-0.0002089161406046627,4.3452249563407612e-06,2.0268412933187969e-06,2.028580553957459e-06,2.5768194857549939e-26,0.14530366640646261,1.1790431742899039,0.90103959818026336
6.9785684339625756e-06,1.10188680130417,1.1514637916038251,2.3029275832076501,-0.0002099913885002016,4.3483854470930643e-06,2.0338630627061792e-06,2.0355606186476178e-06,2.6647531301596447e-26,0.1470567666098623,1.183030260753827,0.90109283211507307
6.9851355475292013e-06,1.1101768091117949,1.1525473653423179,2.3050947306846359,-0.00021074653456969761,4.3500869323515056e-06,2.0376198990185458e-06,2.039293889003521e-06,2.7139250528289979e-26,0.1480123432258541,1.185179595820802,0.90112146793542358
6.9910720895822358e-06,1.118650284837273,1.1535268947810691,2.3070537895621381,-0.0002110420922825783,4.3516240608792401e-06,2.04099916708372e-06,2.0426531901771529e-06,2.7594794540160919e-26,0.14888251238254421,1.1871225724600869,0.9011473405822723
6.9981467072439541e-06,1.128984823060369,1.1546942066952519,2.3093884133905052,-0.00021047429883242069,4.3534539856228421e-06,2.0450046717483231e-06,2.0466333820469148e-06,2.8151828359394521e-26,0.14992742359797609,1.1894380551185491,0.90117811956220839
7.0060050290761752e-06,1.1396218549524499,1.155990829797569,2.3119816595951379,-0.00020834779650724639,4.3554846888915017e-06,2.0494268691912708e-06,2.0510289251227522e-06,2.8789141772047521e-26,0.1510981687100551,1.1920100738947279,0.90121227627782463
7.0149889496876258e-06,1.1493678327425161,1.1574731766984581,2.314946353396917,-0.00020417002145708049,4.3578030690561312e-06,2.0544467867435521e-06,2.056016931312686e-06,2.9542642918314371e-26,0.15244967718934929,1.194950541847331,0.90125124653140065
7.0281816260578557e-06,1.1574104676867589,1.159649968299546,2.3192999365990929,-0.00019634577808010119,4.3612025904520006e-06,2.0617499355224868e-06,2.0632751247266291e-06,3.0699439178772517e-26,0.15445956359632709,1.199268626897583,0.90130837792579743
7.0372131861978376e-06,1.158570733494112,1.1611401757226429,2.3222803514452859,-0.0001910184155168068,4.3635260998770456e-06,2.0667019219534319e-06,2.0681953073240909e-06,3.1527597207919431e-26,0.15585285650926101,1.2022247910673951,0.90134739876080927
7.0455056848235257e-06,1.1571730740968591,1.1625084379958821,2.3250168759917642,-0.00018692471987041039,4.3656573024856352e-06,2.0712148714791111e-06,2.07268051495864e-06,3.2315094898931858e-26,0.15714451321905509,1.2049390854245581,0.90138318707819365
7.0552588823641409e-06,1.1538755265417591,1.164117715590083,2.328235431180167,-0.0001835184898471177,4.3681605001222076e-06,2.0764805914805759e-06,2.0779122013885638e-06,3.3275989733134162e-26,0.15867889332870991,1.208131540480601,0.90142519457299719
7.0649222066430718e-06,1.1504006570730649,1.165712164096107,2.331424328192214,-0.0001817226687364462,4.3706376898923593e-06,2.0816532865860249e-06,2.0830527773547748e-06,3.4266539441718929e-26,0.16021528909423199,1.2112946256785331,0.90146675755694916
7.077522693792825e-06,1.1479393557229369,1.1677912444758161,2.335582488951633,-0.00018156438528178561,4.3738627743606451e-06,2.0883308670698771e-06,2.0896871663499821e-06,3.5618707129131071e-26,0.16224281578362271,1.215419199479997,0.90152082956831492
7.0928963016374824e-06,1.1498600880840879,1.170327889770185,2.3406557795403691,-0.0001836508629409217,4.3777906259137419e-06,2.096375447110232e-06,2.097681163457977e-06,3.7366695302968603e-26,0.16475340470897529,1.2204516219302881,0.90158665333875887
7.1017491678086618e-06,1.153348757410831,1.1717886126884289,2.3435772253768579,-0.0001853390887573475,4.3800486666983436e-06,2.100956318963511e-06,2.1022321447662388e-06,3.8425157841741167e-26,0.16621746186854461,1.223349588074321,0.90162446278247688
7.1104443114266827e-06,1.15780554511637,1.1732233113854029,2.346446622770805,-0.00018670155520980581,4.3822642843071587e-06,2.1054194062948319e-06,2.1066675378064732e-06,3.9503509319275621e-26,0.16766837209098551,1.2261959615808511,0.90166155749195553
7.1215091645322036e-06,1.163798946309512,1.1750490121478141,2.3500980242956269,-0.00018754488493363629,4.38507968902354e-06,2.111046362202856e-06,2.112257934517611e-06,4.093386351769769e-26,0.16953320981730291,1.229818120141315,0.90170866095912183
7.1331447662898474e-06,1.1692991617200901,1.1769688864378249,2.353937772875649,-0.00018725620895972651,4.3880360371569268e-06,2.1169009443916931e-06,2.1180760394888139e-06,4.2511608653433859e-26,0.17151644359881779,1.233627186046119,0.90175810748575369
7.1495839573449824e-06,1.1742829148555369,1.1796813529619219,2.3593627059238438,-0.0001856894757857851,4.3922046862642136e-06,2.125062798637547e-06,2.1261854943428668e-06,4.4877422018652412e-26,0.17435694733120721,1.2390088854298109,0.9018277737664131
7.1614977589498031e-06,1.175865189038322,1.181647130226718,2.363294260453435,-0.00018444692416506159,4.3952204628098624e-06,2.1308984336601359e-06,2.131985257235935e-06,4.6698339949312428e-26,0.17644343226045639,1.2429091899990421,0.90187814868509342
7.1750268751343624e-06,1.1765275283210881,1.1838794343971699,2.3677588687943389,-0.00018369544715419209,4.3986390332804646e-06,2.137444561838864e-06,2.138489752056152e-06,4.888179797669076e-26,0.17884093656388661,1.2473383972936929,0.90193520928277815
7.1907326988951498e-06,1.177357984296123,1.1864708953176999,2.3729417906353989,-0.0001839263687761629,4.4026004328715011e-06,2.1449377450593071e-06,2.145937301033029e-06,5.1580874444778778e-26,0.18166122867835199,1.2524803338959809,0.90200129613297575
7.2102321012679431e-06,1.1800867258080761,1.1896882967092111,2.3793765934184208,-0.00018534621868920769,4.4075071040093683e-06,2.1540832817438572e-06,2.155026213992243e-06,5.5196945343454377e-26,0.18521730747709639,1.2588644195984851,0.90208307515488917
7.2260081654312598e-06,1.183704045040191,1.192291347296158,2.3845826945923161,-0.00018666013843717281,4.4114681431060648e-06,2.1613569790884871e-06,2.162257058581613e-06,5.8355017171802884e-26,0.18813782400115109,1.264029622119009,0.90214904692148956
7.2439294990875982e-06,1.188219593100361,1.1952483673494541,2.3904967346989081,-0.0001876241948685486,4.41595777253125e-06,2.169485505384655e-06,2.170336812360177e-06,6.2216500490193882e-26,0.1915016453808438,1.2698973469682611,0.90222375501491181
7.2645903956452518e-06,1.1925822886383279,1.198657415281466,2.3973148305629328,-0.0001880577390783603,4.4211212300786242e-06,2.1786832675771288e-06,2.1794822211417279e-06,6.7061753751808172e-26,0.19543925911846871,1.276662237720579,0.9023096101172563
7.2916518083026852e-06,1.196694382463555,1.203122548369943,2.4062450967398861,-0.00018861160265869521,4.4278634841263846e-06,2.1904560696002048e-06,2.1911883458408439e-06,7.4114398043136869e-26,0.20069041880703431,1.285523119322332,0.90242158441084952
7.3226624098408806e-06,1.2011498881571661,1.208239297623745,2.416478595247491,-0.00019004448770719559,4.435561927099639e-06,2.2035778527882172e-06,2.204240780008373e-06,8.3310415046669217e-26,0.2068336646363641,1.295677523329986,0.90254928105082144
7.3522766085366739e-06,1.2064060256223259,1.2131256404085511,2.4262512808171022,-0.00019176695002460009,4.4428858105244407e-06,2.2157553764428749e-06,2.216356030417398e-06,9.3366651297403976e-26,0.21282005201019691,1.305375085189449,0.9026705903169433
7.3869146700550737e-06,1.2127653959499589,1.2188409205590871,2.4376818411181742,-0.00019333923257267,4.4514189665644482e-06,2.2295831894688091e-06,2.2301186633939361e-06,1.0696290110094879e-25,0.21996247028439131,1.3167182724822111,0.90281174244323315
7.4264946718491834e-06,1.2191751756689371,1.2253716208551151,2.4507432417102302,-0.0001949539315531287,4.4611257190822784e-06,2.2448653670355649e-06,2.245332976868283e-06,1.253518123860034e-25,0.22829837291584679,1.329680476221863,0.90297204140900578
7.4799622592274334e-06,1.227886869032593,1.234193772772527,2.468387545545053,-0.00019752543001445101,4.4741672210589991e-06,2.2646985338211821e-06,2.265088208690202e-06,1.5611189652821451e-25,0.23983127698954029,1.347191827641246,0.90318700896112614
7.5366247858939683e-06,1.237668846678569,1.243543089672505,2.4870861793450092,-0.0002000923619453395,4.4879006294852748e-06,2.284789978848165e-06,2.2851104217127312e-06,2.4767827174105701e-25,0.25236304718893687,1.365750840816633,0.90341287245512392
7.6499498392270373e-06,1.2564355373950189,1.262241723472461,2.524483446944922,-0.0002046609077661382,4.5151113762682299e-06,2.3225146993427221e-06,2.3227260868751271e-06,6.8886253581746329e-25,0.27824586768122761,1.4028726078235469,0.9038589868360466
7.7741756565905969e-06,1.2772537790731999,1.282738983337449,2.565477966674897,-0.00020934771978239691,4.5445692117384076e-06,2.3607661088022641e-06,2.360897737727317e-06,2.0552198027379919e-24,0.30764952368091181,1.4435704905641531,0.90433993569952642
7.9434841825809052e-06,1.305477642075807,1.3106748901258489,2.6213497802516992,-0.00021469640363532759,4.5841314644519256e-06,2.4089142389250461e-06,2.4089540364907081e-06,9.9586704469625289e-24,0.34904935348901489,1.499046485895926,0.90498275867204392
8.143484182580905e-06,1.338607357206844,1.3436748901258491,2.687349780251699,-0.0002205196607525658,4.6300488738793662e-06,2.4613556726139672e-06,2.461311034014824e-06,6.6332443633241898e-23,0.39943183715643438,1.5645906717818969,0.90572442468744885
8.3434841825809048e-06,1.371829075048862,1.376674890125849,2.753349780251698,-0.0002258637394657754,4.675131213239463e-06,2.5102279492413521e-06,2.5101124423102448e-06,4.6222533080931312e-22,0.45100931377020348,1.6301468935210199,0.90644791550855741
8.5434841825809045e-06,1.40481550591564,1.4096748901258489,2.8193497802516991,-0.00023115405221054989,4.7194325767584821e-06,2.5563594209353691e-06,2.5561911419222992e-06,3.295433490646948e-21,0.503508994555529,1.6957143465692599,0.90715434044594034
8.7434841825809043e-06,1.4380271638914699,1.442674890125849,2.885349780251699,-0.00023626047815433011,4.7630026987413404e-06,2.600322887074187e-06,2.6001051335015132e-06,2.33279437132524e-20,0.55674297001483408,1.761292313796287,0.90784476508381728
8.9434841825809041e-06,1.4709866133674141,1.475674890125849,2.9513497802516979,-0.00024134908553212291,4.8058895583267002e-06,2.6424969952257761e-06,2.6422425466179532e-06,1.5472057380773291e-19,0.61058566519389501,1.826880080692064,0.90852020942137468
9.1434841825809039e-06,1.5041810791455901,1.5086748901258491,3.0173497802516982,-0.00024635806778101698,4.8481358064822547e-06,2.6831794717448259e-06,2.682889735310645e-06,8.761997590588539e-19,0.66493920875822532,1.892477038334778,0.90918159895094786
9.3434841825809037e-06,1.5371488182975359,1.541674890125849,3.083349780251698,-0.00025131395646115168,4.8897822495088327e-06,2.7225759552751939e-06,2.7222598856129048e-06,3.9137976157230918e-18,0.71973475026704103,1.958082583404898,0.90982980278551751
9.5434841825809034e-06,1.5703101429852171,1.5746748901258489,3.1493497802516979,-0.00025625902234565723,4.930865429028957e-06,2.7608651930871389e-06,2.7605232205400898e-06,1.4063106002342169e-17,0.77491345185321014,2.02369620095967,0.91046560691234668
9.7434841825809032e-06,1.603302058745659,1.6076748901258491,3.2153497802516982,-0.00026112237148728828,4.9714202672557772e-06,2.7981727391662891e-06,2.797811371565397e-06,4.4485017565019709e-17,0.83043285400275224,2.08931737885819,0.9110897466467992
9.943484182580903e-06,1.6364243227398081,1.640674890125849,3.281349780251698,-0.00026601680797135963,5.011479321622582e-06,2.834617538709821e-06,2.8342370740210589e-06,1.3331876773807439e-16,0.88625384131158813,2.1549456627529211,0.91170290600312609
1.0000000000000001e-05,1.6457430469670069,1.6499999999999999,3.2999999999999998,-0.00026735099219512382,5.0227137627923611e-06,2.8447694651667189e-06,2.8443857284663371e-06,1.8105672749786369e-16,0.90207884714811259,2.173492063360047,0.91187427233242002
1.0020000000000001e-05,1.6471361747165281,1.6499999999999999,3.2999999999999998,-0.0002651000074015002,5.0109800973927498e-06,2.838264139351005e-06,2.836517470153581e-06,1.8866396386214451e-16,0.90388871813683447,2.1736796001911789,0.91164994786094167
1.006e-05,1.6484256932308119,1.6499999999999999,3.2999999999999998,-0.00026228495594725028,5.0069711536130049e-06,2.8333440314122249e-06,2.833783332961772e-06,1.9418385524213041e-16,0.90525876159421326,2.1737437671784718,0.91156715150955836
1.0131336191492941e-05,1.649528914707268,1.6499999999999999,3.2999999999999998,-0.00026154240658775459,5.0097645883384021e-06,2.8357743206325452e-06,2.835702279733014e-06,1.9135933266342981e-16,0.90458189815219814,2.1736990555173969,0.91162343304510129
1.021893274167569e-05,1.6502820543386381,1.6499999999999999,3.2999999999999998,-0.00026151320827046891,5.0075266434510528e-06,2.834268849360887e-06,2.8341594610264932e-06,1.931530104757358e-16,0.90500115877662013,2.173734873268923,0.91157898785436875
1.03219771628771e-05,1.6497241960635789,1.6499999999999999,3.2999999999999998,-0.00026131613728920739,5.0093933563209754e-06,2.835236051233779e-06,2.8354496072352219e-06,1.919575854496205e-16,0.90473179055189556,2.173704997210832,0.91161563247791055
1.046970519293525e-05,1.650263601824896,1.6499999999999999,3.2999999999999998,-0.00026154788270353098,5.0077723634901783e-06,2.834585663225651e-06,2.8343273479222481e-06,1.9279577213366231e-16,0.90491292059461426,2.1737309395160702,0.91158409898496029
1.066970519293525e-05,1.649782541431003,1.6499999999999999,3.2999999999999998,-0.00026129521479558419,5.0092395172122846e-06,2.8350571617619071e-06,2.8353441871136732e-06,1.9215981786261629e-16,0.90478160882237213,2.1737074594405912,0.91161245967891236
1.0869705192935249e-05,1.6501974895706131,1.6499999999999999,3.2999999999999998,-0.00026155747673449329,5.0078902004950814e-06,2.8347113498152278e-06,2.834408280978508e-06,1.9265231709772239e-16,0.90487791590393829,2.1737290531593532,0.91158651442419802
1.1069705192935249e-05,1.649857317828195,1.6499999999999999,3.2999999999999998,-0.00026129275716928408,5.0091317569173778e-06,2.8349506185947139e-06,2.8352700018679751e-06,1.9228193696163851e-16,0.9048112802815873,2.1737091841612641,0.91161026156235081
1.1269705192935251e-05,1.6501180069177761,1.6499999999999999,3.2999999999999998,-0.00026155320514687088,5.0079891271364699e-06,2.8348014238389249e-06,2.834476496834762e-06,1.925481043353758e-16,0.9048528300188684,2.1737274695774231,0.91158852188067441
1.146970519293525e-05,1.649937674726442,1.6499999999999999,3.2999999999999998,-0.00026130387362782742,5.0090409928218848e-06,2.834874931774565e-06,2.835207309964985e-06,1.9237012690236389e-16,0.90483235877120982,2.173710636842217,0.91160842967582301
1.166970519293525e-05,1.650039939965549,1.6499999999999999,3.2999999999999998,-0.00026153642228652588,5.0080724872468222e-06,2.834864650836448e-06,2.834534163535875e-06,1.924736231244679e-16,0.90483522132983896,2.173726135224292,0.91159019573941991
1.186970519293525e-05,1.6500106684851921,1.6499999999999999,3.2999999999999998,-0.00026132163201263018,5.0089650030170406e-06,2.8348226943933849e-06,2.8351546474426919e-06,1.9243227000885589e-16,0.90484690681648383,2.1737118530494661,0.91160691114980807
1.206970519293525e-05,1.64997432754619,1.6499999999999999,3.2999999999999998,-0.0002615047913038642,5.0081432027757418e-06,2.8349077956967331e-06,2.8345832262101962e-06,1.92421504733862e-16,0.90482320561512675,2.173725003311973,0.91159160076579504
1.226970519293525e-05,1.6500670705924649,1.6499999999999999,3.2999999999999998,-0.00026135490011173948,5.0088999385163682e-06,2.8347876406583712e-06,2.8351094375319388e-06,1.924753906972133e-16,0.90485666929433672,2.1737128943799888,0.91160562504549747
1.2469705192935249e-05,1.6499276733117489,1.6499999999999999,3.2999999999999998,-0.0002614794336141922,5.0082018571036726e-06,2.8349354999724272e-06,2.834624097847337e-06,1.923867809279622e-16,0.90481549010908691,2.17372406448195,0.9115927564568358
1.2669705192935251e-05,1.650103817215743,1.6499999999999999,3.2999999999999998,-0.00026138281157386632,5.0088458066742049e-06,2.8347657987205351e-06,2.8350716727795121e-06,1.9250351668253791e-16,0.9048627522989251,2.1737137607303101,0.91160456405198176
1.2869705192935251e-05,1.64990204997073,1.6499999999999999,3.2999999999999998,-0.00026144427687566118,5.0082520536642343e-06,2.8349523486315328e-06,2.834659154364026e-06,1.9236422566485869e-16,0.90481079786565899,2.17372326105651,0.91159373532662469
1.306970519293525e-05,1.650118226442352,1.6499999999999999,3.2999999999999998,-0.00026141463524180161,5.0087998544173042e-06,2.834753399131158e-06,2.8350395155911302e-06,1.9252101577367241e-16,0.90486620559726361,2.173714496156641,0.91160367169879697
1.326970519293525e-05,1.6498970914319431,1.6499999999999999,3.2999999999999998,-0.00026141781558729541,5.0082943475636224e-06,2.834961095291619e-06,2.8346887610298769e-06,1.923509258304543e-16,0.9048083619932471,2.173722584139552,0.91159455219584196
1.346970519293525e-05,1.6501145801565871,1.6499999999999999,3.2999999999999998,-0.00026144191264277278,5.0087608027201213e-06,2.8347477831328058e-06,2.8350121408781139e-06,1.925307163942735e-16,0.9048677696480012,2.1737151211314401,0.91160292090043715
1.366970519293525e-05,1.649908766820211,1.6499999999999999,3.2999999999999998,-0.00026139767888732051,5.0083299861986124e-06,2.8349639817461929e-06,2.8347137817807472e-06,1.9234448129604319e-16,0.90480755815552549,2.1737220137580961,0.91159523446205359
1.3869705192935249e-05,1.650096615947038,1.6499999999999999,3.2999999999999998,-0.00026145991015033408,5.0087279526092189e-06,2.834747093626373e-06,2.834989037064368e-06,1.925345897415529e-16,0.90486796165534011,2.1737156468482328,0.91160229448985908
1.4069705192935249e-05,1.6499314663355651,1.6499999999999999,3.2999999999999998,-0.00026138370527507772,5.0083601806741342e-06,2.8349628314334741e-06,2.834735057239234e-06,1.923427514621834e-16,0.90480787853287725,2.1737215305201198,0.91159580814169872
1.4269705192935251e-05,1.6500705117061689,1.6499999999999999,3.2999999999999998,-0.00026146981313807761,5.0086998947515019e-06,2.8347496178045471e-06,2.834969295412924e-06,1.925346905617521e-16,0.90486725864169071,2.1737160958607662,0.91160176481095478
1.446970519293525e-05,1.649959603089636,1.6499999999999999,3.2999999999999998,-0.00026137776509895378,5.0083859859043276e-06,2.8349590484883899e-06,2.834753237485139e-06,1.9234419364762749e-16,0.90480893208200086,2.173721117542716,0.91159629334320136
1.466970519293525e-05,1.6500414269423449,1.6499999999999999,3.2999999999999998,-0.00026147188417767009,5.0086762519965753e-06,2.8347544502662691e-06,2.8349525992952101e-06,1.9253187753231631e-16,0.90486591276542516,2.1737164742121231,0.91160132167535712
1.486970519293525e-05,1.649988013626422,1.6499999999999999,3.2999999999999998,-0.00026137849916692821,5.0084077317694527e-06,2.8349534212404391e-06,2.8347686226658579e-06,1.9234803539903209e-16,0.90481049925845503,2.1737207695342131,0.91159669960197798
1.506970519293525e-05,1.6500147288541951,1.6499999999999999,3.2999999999999998,-0.00026146748989794039,5.008656333541929e-06,2.8347607358579812e-06,2.8349384795216962e-06,1.925271780416906e-16,0.90486416219082055,2.1737167929625532,0.91160095085615278
1.5269705192935251e-05,1.6500125933789589,1.6499999999999999,3.2999999999999998,-0.00026138494203632121,5.0084264071745938e-06,2.834946866778849e-06,2.834781813667348e-06,1.923530790888798e-16,0.90481232465891781,2.1737204706733042,0.91159704482202808
1.5469705192935249e-05,1.649993101713217,1.6499999999999999,3.2999999999999998,-0.00026145887168137921,5.0086391089465032e-06,2.8347676202110279e-06,2.8349263006861122e-06,1.9252161993884109e-16,0.90486224486286981,2.1737170685973748,0.9116006336297211
1.5669705192935251e-05,1.6500308067055851,1.6499999999999999,3.2999999999999998,-0.00026139493053275472,5.0084420528933003e-06,2.8349396463559531e-06,2.834792925138916e-06,1.9235915173869959e-16,0.90481433552660073,2.1737202202953521,0.91159733257438369
1.5869705192935259e-05,1.6499785930551549,1.6499999999999999,3.2999999999999998,-0.00026144806348414411,5.0086247093112409e-06,2.834774965588364e-06,2.8349160636753259e-06,1.925153741376104e-16,0.90486019914227267,2.1737172990275622,0.91160036977378922
1.6069705192935261e-05,1.6500415117845291,1.6499999999999999,3.2999999999999998,-0.00026140642080826708,5.0084554584134346e-06,2.8349323433415981e-06,2.8348024420695911e-06,1.923654832674583e-16,0.90481636939634924,2.1737200057691268,0.91159757702856814
1.6269705192935259e-05,1.649971644400696,1.6499999999999999,3.2999999999999998,-0.00026143689807781072,5.0086122145904212e-06,2.8347821824294299e-06,2.8349072106809229e-06,1.9250895753177279e-16,0.90485818922307304,2.1737174989717269,0.91160014313846227
1.646970519293526e-05,1.650044855518547,1.6499999999999999,3.2999999999999998,-0.00026141751383113422,5.0084668397478514e-06,2.8349251078208891e-06,2.8348105272379329e-06,1.9237198661526821e-16,0.90481838447022578,2.1737198236372461,0.91159778285861759
1.6669705192935262e-05,1.6499715333413489,1.6499999999999999,3.2999999999999998,-0.00026142688405968992,5.0086016486374311e-06,2.834789256199646e-06,2.8348997068685388e-06,1.925025393900728e-16,0.90485621915303316,2.173717668051665,0.91159995275531847
1.686970519293526e-05,1.6500420726732581,1.6499999999999999,3.2999999999999998,-0.00026142679001882818,5.0084765031479559e-06,2.8349181459991611e-06,2.8348174128294261e-06,1.9237840475115171e-16,0.90482032332088169,2.1737196689958278,0.9115979567171929
1.7069705192935261e-05,1.649976739459468,1.6499999999999999,3.2999999999999998,-0.00026141904783804758,5.0085927403920324e-06,2.8347960292661511e-06,2.834893349347035e-06,1.9249629148265101e-16,0.90485433283288552,2.173717810606643,0.91159979285195225
1.7269705192935269e-05,1.650034944035278,1.6499999999999999,3.2999999999999998,-0.00026143342531257811,5.0084847842126047e-06,2.8349116028450891e-06,2.8348233075680689e-06,1.923843970646683e-16,0.90482214557493323,2.1737195364761259,0.9115981045123206
1.7469705192935271e-05,1.6499853140338341,1.6499999999999999,3.2999999999999998,-0.00026141392320683281,5.0085851046964016e-06,2.8348023588941261e-06,2.834887909769553e-06,1.9249038545800379e-16,0.90485257001404729,2.1737179327966438,0.91159965699375123
1.7669705192935269e-05,1.6500254585541281,1.6499999999999999,3.2999999999999998,-0.00026143712980584928,5.0084918374228883e-06,2.834905500704353e-06,2.834828326354313e-06,1.923901319251809e-16,0.90482384500892166,2.1737194236061659,0.91159822939340962
1.786970519293527e-05,1.649995247862488,1.6499999999999999,3.2999999999999998,-0.00026141158586583699,5.008578597815752e-06,2.834808222372691e-06,2.8348832786017859e-06,1.924849064215029e-16,0.90485093702105213,2.173718036922037,0.91159954217611483
1.8069705192935269e-05,1.65001551700017,1.6499999999999999,3.2999999999999998,-0.00026143814660200963,5.0084980284548572e-06,2.834899985020704e-06,2.8348327139804211e-06,1.923953531209103e-16,0.90482538111701671,2.1737193245374362,0.91159833824526249
1.826970519293527e-05,1.6500048087019881,1.6499999999999999,3.2999999999999998,-0.00026141169622911361,5.0085729359644211e-06,2.8348135455314101e-06,2.8348792655261441e-06,1.924798559379603e-16,0.9048494545099246,2.1737181275218118,0.91159944311623875
1.8469705192935271e-05,1.650006643522365,1.6499999999999999,3.2999999999999998,-0.00026143697783687119,5.0085031373242216e-06,2.8348948298340191e-06,2.8348363463883831e-06,1.9240023320349111e-16,0.90482681682807109,2.1737192427848679,0.91159842730614205
1.866970519293528e-05,1.650012719727082,1.6499999999999999,3.2999999999999998,-0.00026141368119794853,5.0085682314956611e-06,2.834818451200223e-06,2.8348759086569232e-06,1.9247514764233519e-16,0.90484808827204788,2.1737182028018229,0.91159936106555173
1.8869705192935281e-05,1.649999887166256,1.6499999999999999,3.2999999999999998,-0.00026143433840781192,5.0085075611797787e-06,2.8348902054214172e-06,2.8348394880002241e-06,1.9240468454401821e-16,0.90482810472026864,2.1737191719967042,0.9115985040364768
1.9069705192935279e-05,1.650018198795576,1.6499999999999999,3.2999999999999998,-0.0002614167996938129,5.0085640368512353e-06,2.8348227930473042e-06,2.8348729541002312e-06,1.9247095330952021e-16,0.90484687906046302,2.1737182699183428,0.91159928889157327
1.9269705192935281e-05,1.64999572952178,1.6499999999999999,3.2999999999999998,-0.00026143094385760459,5.0085112331702671e-06,2.8348859817787651e-06,2.8348421119039552e-06,1.924087935699423e-16,0.90482928099918025,2.1737191132413298,0.91159856747518986
1.9469705192935279e-05,1.650021001164844,1.6499999999999999,3.2999999999999998,-0.00026142034327592651,5.0085606066029598e-06,2.8348267774387491e-06,2.834870518377541e-06,1.924671006715145e-16,0.90484576940185169,2.1737183248031928,0.91159923011705102
1.966970519293528e-05,1.649994229678057,1.6499999999999999,3.2999999999999998,-0.0002614274767708672,5.0085143966845226e-06,2.8348822255788508e-06,2.8348443700192469e-06,1.9241238992987581e-16,0.90483032709647626,2.1737190626246998,0.91159862185273599
1.9869705192935289e-05,1.6500213265035799,1.6499999999999999,3.2999999999999998,-0.00026142368096925418,5.0085575933238728e-06,2.834830271567242e-06,2.8348683778479508e-06,1.9246376121296921e-16,0.90484479628272174,2.1737183730129339,0.91159917845235539
2.006970519293529e-05,1.649994982851466,1.6499999999999999,3.2999999999999998,-0.00026142443996693052,5.0085173506100637e-06,2.8348789974795279e-06,2.834846424109644e-06,1.9241555680474209e-16,0.90483122611896905,2.1737190153685821,0.91159867165517039
2.0269705192935292e-05,1.650019654317042,1.6499999999999999,3.2999999999999998,-0.0002614263802066248,5.008554893757424e-06,2.8348333508533539e-06,2.8348665048125581e-06,1.9246076496064061e-16,0.90484393869816115,2.173718416199089,0.91159913328304942
2.046970519293529e-05,1.649997389610689,1.6499999999999999,3.2999999999999998,-0.0002614221562275832,5.0085195662222704e-06,2.8348759456892989e-06,2.8348480048598579e-06,1.9241855345084229e-16,0.90483207603961024,2.1737189799236791,0.91159870896460793
2.0669705192935291e-05,1.650016671358508,1.6499999999999999,3.2999999999999998,-0.00026142819949328118,5.0085529027474162e-06,2.8348362311030841e-06,2.8348650651222459e-06,1.924579393603671e-16,0.90484313654613091,2.1737184480492369,0.9115990994836477
2.0869705192935289e-05,1.650000766360147,1.6499999999999999,3.2999999999999998,-0.00026142081878871489,5.0085217263466904e-06,2.8348734122685889e-06,2.8348495098427731e-06,1.9242095142866159e-16,0.90483278159533076,2.1737189453716321,0.91159874515222417
2.1069705192935291e-05,1.6500130894219951,1.6499999999999999,3.2999999999999998,-0.00026142905535857458,5.0085509081142393e-06,2.8348386350967549e-06,2.8348636916259932e-06,1.924556273746273e-16,0.90484246703192805,2.1737184799531191,0.91159906662241641
2.1269705192935299e-05,1.650004411919479,1.6499999999999999,3.2999999999999998,-0.00026142038237920518,5.0085235220473534e-06,2.8348711143489621e-06,2.834850745801735e-06,1.924232622624681e-16,0.90483342156429225,2.1737189166514419,0.91159877448175686
2.14697051929353e-05,1.650009547854997,1.6499999999999999,3.2999999999999998,-0.00026142906711745892,5.0085491631962424e-06,2.8348407440126902e-06,2.834862497729275e-06,1.924535726066623e-16,0.90484187969733632,2.173718507859431,0.91159903809266007
2.1669705192935298e-05,1.65000773963297,1.6499999999999999,3.2999999999999998,-0.00026142071114559039,5.0085249771372802e-06,2.8348690486642942e-06,2.8348517610113519e-06,1.9242523239898209e-16,0.90483399685608612,2.1737188933804319,0.91159879825369905
2.18697051929353e-05,1.6500065335745031,1.6499999999999999,3.2999999999999998,-0.00026142843484280881,5.0085479154973581e-06,2.8348427260289441e-06,2.8348616094792391e-06,1.9245160331428489e-16,0.90484132770480097,2.1737185278128601,0.91159901760648254
2.2069705192935301e-05,1.6500103521786471,1.6499999999999999,3.2999999999999998,-0.00026142158988234519,5.0085261931001253e-06,2.8348672266348331e-06,2.8348526105070352e-06,1.9242703051283941e-16,0.90483450429017453,2.1737188739358091,0.91159881797778164
2.2269705192935299e-05,1.6500043611544799,1.6499999999999999,3.2999999999999998,-0.00026142737050075958,5.0085467499270077e-06,2.8348444074512341e-06,2.8348608024392341e-06,1.9244989158718269e-16,0.90484085942791703,2.1737185464503841,0.91159899877945461
2.2469705192935301e-05,1.6500120467496231,1.6499999999999999,3.2999999999999998,-0.00026142276752345352,5.0085273763565041e-06,2.8348657107689628e-06,2.8348534161108958e-06,1.9242857088517869e-16,0.90483492645809471,2.1737188550165878,0.91159883706252121
2.2669705192935309e-05,1.650003145421147,1.6499999999999999,3.2999999999999998,-0.00026142614665200428,5.0085456686666383e-06,2.834845844022522e-06,2.8348600741487411e-06,1.9244852113091511e-16,0.90484045934221091,2.1737185637381091,0.91159898164484332
2.2869705192935311e-05,1.6500127943420011,1.6499999999999999,3.2999999999999998,-0.00026142399680158338,5.0085284042134283e-06,2.834864378434496e-06,2.83485410357474e-06,1.924298554655171e-16,0.90483529751266911,2.173718838583913,0.91159885327908319
2.3069705192935309e-05,1.65000285192311,1.6499999999999999,3.2999999999999998,-0.00026142498611562748,5.0085448469960437e-06,2.834847157248039e-06,2.8348595082860831e-06,1.9244723648907461e-16,0.90484009360852879,2.1737185768734339,0.91159896868464085
2.326970519293531e-05,1.6500126847715759,1.6499999999999999,3.2999999999999998,-0.00026142509224766271,5.0085292386516368e-06,2.834863189840803e-06,2.8348546625142272e-06,1.924310538458243e-16,0.90483562853551058,2.173718825244749,0.91159886627519382
2.3469705192935308e-05,1.6500033070950411,1.6499999999999999,3.2999999999999998,-0.00026142401313743782,5.0085439514431264e-06,2.8348482064005692e-06,2.83485892707536e-06,1.924462091532367e-16,0.90483980141917564,2.1737185911886021,0.91159895483611808
2.366970519293531e-05,1.650011932984883,1.6499999999999999,3.2999999999999998,-0.00026142590971601061,5.0085298331587574e-06,2.8348620768716971e-06,2.8348550685103168e-06,1.924321670651481e-16,0.90483593849687716,2.1737188157436069,0.91159887526805805
2.3869705192935311e-05,1.6500042967254041,1.6499999999999999,3.2999999999999998,-0.00026142336291558077,5.0085433948471143e-06,2.8348492350401002e-06,2.834858544665815e-06,1.92445181566192e-16,0.90483951494293802,2.1737186000840958,0.91159894633047378
2.406970519293532e-05,1.6500107847305781,1.6499999999999999,3.2999999999999998,-0.00026142640741172961,5.0085305732858408e-06,2.834861240155523e-06,2.8348555419013432e-06,1.924329381729141e-16,0.90483617152213092,2.173718803913792,0.91159888657946642
2.4269705192935321e-05,1.6500055504644411,1.6499999999999999,3.2999999999999998,-0.00026142303935313002,5.0085427336372427e-06,2.834850040104544e-06,2.834858128806889e-06,1.9244432626206611e-16,0.90483929073230318,2.1737186106502442,0.91159893651921753
2.4469705192935319e-05,1.6500094870370301,1.6499999999999999,3.2999999999999998,-0.00026142655972852339,5.0085310662936293e-06,2.8348604227765399e-06,2.834855862017066e-06,1.924337939152075e-16,0.90483639916186887,2.173718796037897,0.91159889377782766
2.4669705192935321e-05,1.650006826129905,1.6499999999999999,3.2999999999999998,-0.00026142303683177048,5.0085421925102604e-06,2.8348507597926148e-06,2.8348577900920879e-06,1.9244364095784481e-16,0.90483909029906617,2.1737186192961739,0.91159892864257919
2.4869705192935319e-05,1.6500082666459439,1.6499999999999999,3.2999999999999998,-0.00026142643588208589,5.0085315587236972e-06,2.834859742935996e-06,2.8348561678192999e-06,1.924343942435862e-16,0.90483658849726512,2.1737187881708699,0.91159890083521666
2.506970519293532e-05,1.6500079512342161,1.6499999999999999,3.2999999999999998,-0.00026142327892780121,5.0085418577967227e-06,2.834851448029078e-06,2.8348575677282731e-06,1.924429557812828e-16,0.90483889862522637,2.1737186246405802,0.91159892385810204
2.5269705192935322e-05,1.6500072767801151,1.6499999999999999,3.2999999999999998,-0.00026142610594878511,5.0085319413173266e-06,2.8348591407125878e-06,2.8348564087271511e-06,1.924349936430023e-16,0.90483675621629722,2.1737187820607331,0.91159890627556839
2.546970519293533e-05,1.6500087952919891,1.6499999999999999,3.2999999999999998,-0.00026142367543978483,5.0085414920117896e-06,2.8348520050141861e-06,2.834857342013045e-06,1.924424414827567e-16,0.90483874350485827,2.1737186304819351,0.91159891874783905
2.5669705192935331e-05,1.650006597523999,1.6499999999999999,3.2999999999999998,-0.00026142565845540649,5.0085323489511456e-06,2.8348586505217099e-06,2.834856648337372e-06,1.9243550694581121e-16,0.90483689273435919,2.1737187755509382,0.91159891188147124
2.5869705192935329e-05,1.6500092991166611,1.6499999999999999,3.2999999999999998,-0.00026142414562363892,5.0085410466965453e-06,2.8348524283323079e-06,2.834857082393959e-06,1.9244201368383021e-16,0.90483862561067441,2.1737186375935962,0.91159891248071034
2.6069705192935331e-05,1.6500062626301619,1.6499999999999999,3.2999999999999998,-0.00026142517345917088,5.008532544114451e-06,2.8348581400682361e-06,2.8348567678204782e-06,1.924360208682464e-16,0.90483703489543243,2.1737187724390421,0.91159891420040373
2.6269705192935329e-05,1.6500094673668071,1.6499999999999999,3.2999999999999998,-0.00026142461187931708,5.0085407307746944e-06,2.8348528352932389e-06,2.8348569054484752e-06,1.9244158589547189e-16,0.90483851227204726,2.1737186426361399,0.91159890842145763
2.646970519293533e-05,1.6500062360303771,1.6499999999999999,3.2999999999999998,-0.00026142474551130488,5.008532925119941e-06,2.8348578137573952e-06,2.8348569838576959e-06,1.924363629053624e-16,0.90483712577300668,2.173718766356278,0.91159891946195215
2.6669705192935339e-05,1.6500093473745221,1.6499999999999999,3.2999999999999998,-0.00026142500856783971,5.0085404831390116e-06,2.834853203462089e-06,2.8348567654018319e-06,1.9244124305271271e-16,0.90483840973704455,2.1737186465863241,0.91159890529121324
2.686970519293534e-05,1.6500064550807161,1.6499999999999999,3.2999999999999998,-0.00026142439717732657,5.0085331624282558e-06,2.8348574675314079e-06,2.8348571078698758e-06,1.9243670547394739e-16,0.9048372221968487,2.1737187625706431,0.91159892219759964
2.7069705192935342e-05,1.650009042752598,1.6499999999999999,3.2999999999999998,-0.0002614252888530525,5.0085402676705664e-06,2.8348535224050909e-06,2.8348566496517308e-06,1.924409008479023e-16,0.90483832091144634,2.173718650022046,0.91159890273026856
2.726970519293534e-05,1.650006847581283,1.6499999999999999,3.2999999999999998,-0.00026142418820984762,5.0085333913589396e-06,2.8348571856463939e-06,2.834857229420171e-06,1.924369626383368e-16,0.90483730070177049,2.1737187589202631,0.91159892498187511
2.7469705192935341e-05,1.6500086069289439,1.6499999999999999,3.2999999999999998,-0.00026142543868659711,5.0085401541571849e-06,2.834853838754394e-06,2.8348565959966312e-06,1.9244055851144161e-16,0.90483823280825559,2.17371865182696,0.91159890184498793
2.7669705192935339e-05,1.650007291616495,1.6499999999999999,3.2999999999999998,-0.0002614240960743611,5.008533549157211e-06,2.8348569191289818e-06,2.8348573059302529e-06,1.9243721970514481e-16,0.90483737492678096,2.1737187564067022,0.9115989265748744
2.7869705192935341e-05,1.650008163310922,1.6499999999999999,3.2999999999999998,-0.0002614254747193048,5.0085398779538786e-06,2.834854022477016e-06,2.8348564605623602e-06,1.9244038728640689e-16,0.90483818164146157,2.1737186562339881,0.91159889850918552
2.8069705192935349e-05,1.6500077345949029,1.6499999999999999,3.2999999999999998,-0.00026142410697431109,5.0085335449664224e-06,2.8348566161662001e-06,2.8348572964479841e-06,1.924375620264253e-16,0.90483745930172488,2.1737187564830291,0.91159892577561308
2.826970519293535e-05,1.6500077529524211,1.6499999999999999,3.2999999999999998,-0.00026142541071568539,5.0085397717362511e-06,2.8348542380090399e-06,2.8348564124972071e-06,1.9244021536272839e-16,0.90483812161584865,2.1737186579229428,0.91159889759459034
2.8469705192935349e-05,1.650008101195428,1.6499999999999999,3.2999999999999998,-0.00026142421030284389,5.0085336834517378e-06,2.8348564306448211e-06,2.834857358155352e-06,1.9243773348232499e-16,0.90483751096937848,2.1737187542784802,0.91159892711312562
2.866970519293535e-05,1.6500074442258821,1.6499999999999999,3.2999999999999998,-0.00026142527641882698,5.0085395886845386e-06,2.8348543874366649e-06,2.8348563310946359e-06,1.9244004447841071e-16,0.90483808000025412,2.1737186608404619,0.91159889565947116
2.8869705192935351e-05,1.650008358436917,1.6499999999999999,3.2999999999999998,-0.00026142436448464392,5.0085338516342359e-06,2.834856293583645e-06,2.834857430882326e-06,1.924379042141158e-16,0.90483754914090808,2.173718751598757,0.9115989288356301
2.906970519293535e-05,1.6500072366305849,1.6499999999999999,3.2999999999999998,-0.00026142510681756258,5.0085394385449333e-06,2.8348545196205072e-06,2.8348562671451738e-06,1.924398737911723e-16,0.90483804318705785,2.173718663231722,0.91159889416575091
2.9269705192935351e-05,1.650008490467622,1.6499999999999999,3.2999999999999998,-0.00026142453545558949,5.0085339617077192e-06,2.8348561512220988e-06,2.834857470944777e-06,1.9243799061625389e-16,0.90483758878855503,2.173718749847493,0.91159892966472789
2.9469705192935359e-05,1.650007165587055,1.6499999999999999,3.2999999999999998,-0.00026142493710834059,5.0085393086792851e-06,2.834854637473404e-06,2.8348562168343119e-06,1.9243978776703759e-16,0.90483801036503719,2.1737186652987042,0.91159889301542918
2.9669705192935361e-05,1.650008509984715,1.6499999999999999,3.2999999999999998,-0.00026142469773143221,5.0085341146687828e-06,2.8348560534797051e-06,2.8348575310121841e-06,1.9243816082036649e-16,0.90483761600981405,2.1737187474115789,0.91159893111508605
2.9869705192935359e-05,1.650007193714377,1.6499999999999999,3.2999999999999998,-0.00026142478993655379,5.0085393601499562e-06,2.8348548300412289e-06,2.8348562654777408e-06,1.9243961590839909e-16,0.90483795673504552,2.173718664466969,0.91159889467666655
3.006970519293536e-05,1.650008437197358,1.6499999999999999,3.2999999999999998,-0.00026142483581142881,5.0085341961748043e-06,2.8348559488594789e-06,2.834857555170828e-06,1.9243824672854191e-16,0.90483764514650555,2.1737187461171401,0.91159893158142347
3.0269705192935358e-05,1.6500073082949931,1.6499999999999999,3.2999999999999998,-0.00026142467396120711,5.0085392002085754e-06,2.8348548821656828e-06,2.8348562002339002e-06,1.9243953086329039e-16,0.90483794221834823,2.1737186670157751,0.91159889300451924
3.046970519293536e-05,1.650008314456932,1.6499999999999999,3.2999999999999998,-0.00026142493231341328,5.0085342810493894e-06,2.834855862462554e-06,2.8348575812599289e-06,1.9243833237168759e-16,0.90483766920802466,2.173718744768466,0.91159893213264243
3.0669705192935358e-05,1.6500074490184049,1.6499999999999999,3.2999999999999998,-0.00026142459922865547,5.008539190781263e-06,2.8348550014082202e-06,2.8348562195095808e-06,1.924394446285381e-16,0.90483790900938499,2.1737186671578792,0.91159889373971914
3.0869705192935363e-05,1.6500081381322189,1.6499999999999999,3.2999999999999998,-0.00026142498506944882,5.0085344205336184e-06,2.8348558230896128e-06,2.8348576323869189e-06,1.9243833277732051e-16,0.90483768017341704,2.1737187425467779,0.91159893344562204
3.1069705192935361e-05,1.65000761680831,1.6499999999999999,3.2999999999999998,-0.00026142456744447201,5.0085390840939676e-06,2.8348550571454068e-06,2.8348561848406281e-06,1.9243935944799009e-16,0.90483789348657906,2.1737186688550838,0.91159889290141161
3.1269705192935359e-05,1.650007977368277,1.6499999999999999,3.2999999999999998,-0.00026142499629649551,5.0085344297129627e-06,2.8348557228960938e-06,2.8348576107360419e-06,1.9243841874591389e-16,0.90483770807723229,2.1737187424084259,0.9115989326802687
3.1469705192935357e-05,1.6500077719194659,1.6499999999999999,3.2999999999999998,-0.00026142457588109358,5.0085390030365644e-06,2.8348551080668402e-06,2.8348561633421019e-06,1.9243927429910511e-16,0.90483787930496884,2.1737186701427809,0.91159889241087189
3.1669705192935362e-05,1.650007845573473,1.6499999999999999,3.2999999999999998,-0.00026142498149636932,5.0085345777401924e-06,2.8348557092137872e-06,2.834857664261191e-06,1.924385032727253e-16,0.9048377118877986,2.1737187400497731,0.9115989341041586
3.1869705192935353e-05,1.6500079005680539,1.6499999999999999,3.2999999999999998,-0.00026142460790481021,5.0085389495766873e-06,2.834855168775652e-06,2.8348561611631689e-06,1.9243927345477261e-16,0.90483786239759667,2.1737186709895848,0.91159889246065917
3.2069705192935351e-05,1.6500077450764139,1.6499999999999999,3.2999999999999998,-0.00026142494658562082,5.0085345599960837e-06,2.8348556190195391e-06,2.834857630111932e-06,1.924385891346815e-16,0.90483773700680836,2.1737187403415041,0.91159893301850803
3.2269705192935349e-05,1.650007989140662,1.6499999999999999,3.2999999999999998,-0.00026142464576610358,5.0085388518300779e-06,2.834855191417577e-06,2.8348561349433e-06,1.9243918872446921e-16,0.90483785609180856,2.173718672544438,0.91159889179170728
3.2469705192935348e-05,1.650007674172334,1.6499999999999999,3.2999999999999998,-0.00026142488869449642,5.00853460390096e-06,2.834855568727533e-06,2.8348576270568599e-06,1.924385898450556e-16,0.90483775101309816,2.17371873964747,0.91159893284574645
3.2669705192935352e-05,1.6500080156298671,1.6499999999999999,3.2999999999999998,-0.00026142469003869541,5.0085388004236898e-06,2.8348552305221579e-06,2.8348561324275698e-06,1.9243918818817001e-16,0.90483784520120558,2.173718673358541,0.91159889179368137
3.2869705192935337e-05,1.650007652214083,1.6499999999999999,3.2999999999999998,-0.00026142483979689111,5.0085346269186788e-06,2.8348555213766159e-06,2.8348576158735801e-06,1.924386750331074e-16,0.90483776420029027,2.1737187392870321,0.91159893245829882
3.3069705192935342e-05,1.650008025467983,1.6499999999999999,3.2999999999999998,-0.00026142474116926567,5.0085387446899866e-06,2.8348552585295551e-06,2.834856126767807e-06,1.924391878183141e-16,0.90483783740115686,2.1737186742418908,0.91159889169070374
3.326970519293534e-05,1.6500076719077399,1.6499999999999999,3.2999999999999998,-0.00026142480528286471,5.0085346989312508e-06,2.8348555041989182e-06,2.8348576288353559e-06,1.9243867522749589e-16,0.90483776898428014,2.1737187381438372,0.9115989327782722
3.3469705192935338e-05,1.650007993056205,1.6499999999999999,3.2999999999999998,-0.00026142477399308952,5.0085387972497388e-06,2.8348553389422078e-06,2.8348561808865941e-06,1.9243901754568551e-16,0.90483781500633265,2.1737186733938532,0.91159889329921406
3.3669705192935343e-05,1.6500077106350439,1.6499999999999999,3.2999999999999998,-0.00026142478703463409,5.0085348054986376e-06,2.8348555092264098e-06,2.8348576575274201e-06,1.9243867506003719e-16,0.90483776758414669,2.173718736447388,0.91159893356368238
3.3869705192935327e-05,1.6500079470543729,1.6499999999999999,3.2999999999999998,-0.00026142479130071219,5.0085387731900271e-06,2.8348553670491458e-06,2.8348561927416939e-06,1.924390171259746e-16,0.90483780717857698,2.1737186737711691,0.91159889367037006
3.4069705192935332e-05,1.650007762470638,1.6499999999999999,3.2999999999999998,-0.00026142477672755728,5.0085348918112687e-06,2.8348555132659078e-06,2.834857677956569e-06,1.924386749311261e-16,0.90483776645916847,2.173718735074829,0.91159893412373039
3.426970519293533e-05,1.650007892666598,1.6499999999999999,3.2999999999999998,-0.00026142479581916437,5.0085387177596007e-06,2.8348553835636261e-06,2.8348561901695111e-06,1.9243901691298659e-16,0.90483780257930568,2.1737186746500412,0.9115988936303564
3.4469705192935328e-05,1.650007820964708,1.6499999999999999,3.2999999999999998,-0.00026142477126787298,5.0085349237955157e-06,2.8348554948679871e-06,2.8348576748783191e-06,1.924386751905934e-16,0.90483777158297385,2.173718734570568,0.91159893400746939
3.4669705192935333e-05,1.650007835788158,1.6499999999999999,3.2999999999999998,-0.00026142478574686689,5.0085387049173301e-06,2.8348554162803478e-06,2.8348562098920981e-06,1.92438931911489e-16,0.90483779346773818,2.1737186748481978,0.9115988942226646
3.4869705192935318e-05,1.65000786613691,1.6499999999999999,3.2999999999999998,-0.00026142479122673919,5.0085349549906228e-06,2.8348554703581982e-06,2.8348576639142209e-06,1.9243876005013569e-16,0.9048377784089191,2.1737187340789661,0.9115989336668654
3.5069705192935323e-05,1.650007791351775,1.6499999999999999,3.2999999999999998,-0.00026142477028569282,5.0085386960027522e-06,2.8348554448937238e-06,2.83485623113675e-06,1.9243893145915059e-16,0.90483778549895288,2.1737186749835682,0.91159889484881174
3.5269705192935321e-05,1.650007913635986,1.6499999999999999,3.2999999999999998,-0.00026142481327363361,5.0085349548147813e-06,2.834855442834184e-06,2.8348576395281699e-06,1.9243876049666991e-16,0.90483778607431853,2.1737187340888422,0.9115989329576637
3.5469705192935319e-05,1.6500077688935679,1.6499999999999999,3.2999999999999998,-0.00026142474331176198,5.0085386272874491e-06,2.834855442501558e-06,2.834856223616847e-06,1.924389315306351e-16,0.90483778616516763,2.1737186760754388,0.91159889464104282
3.5669705192935317e-05,1.6500079312536371,1.6499999999999999,3.2999999999999998,-0.00026142484066156028,5.0085350578544216e-06,2.8348554633523192e-06,2.8348576656992479e-06,1.924387601150743e-16,0.90483778036005014,2.1737187324476608,0.91159893370260459
3.5869705192935308e-05,1.6500077587771229,1.6499999999999999,3.2999999999999998,-0.0002614247254926105,5.0085385896643361e-06,2.8348554436246821e-06,2.834856222362561e-06,1.9243893152870091e-16,0.90483778585237784,2.1737186766705769,0.9115988946091218
3.6069705192935313e-05,1.6500079389971469,1.6499999999999999,3.2999999999999998,-0.00026142485457299322,5.0085350624740148e-06,2.8348554399666501e-06,2.8348576464778448e-06,1.9243876048972029e-16,0.90483778687292327,2.1737187323807849,0.91159893314057183
3.6269705192935311e-05,1.6500077500957051,1.6499999999999999,3.2999999999999998,-0.00026142469935052748,5.0085385611066542e-06,2.834855457992498e-06,2.834856230519722e-06,1.9243893131437869e-16,0.90483778185096253,2.1737186771204908,0.91159889485560142
3.6469705192935309e-05,1.6500079247977779,1.6499999999999999,3.2999999999999998,-0.00026142487551557942,5.0085350719960559e-06,2.83485541717172e-06,2.8348576239535298e-06,1.924387608617748e-16,0.90483779322127345,2.173718732235093,0.9115989324902205
3.6669705192935307e-05,1.6500077640573501,1.6499999999999999,3.2999999999999998,-0.00026142468438868408,5.0085385660759423e-06,2.8348554844653578e-06,2.834856260896774e-06,1.9243893086809981e-16,0.90483777447831493,2.173718677034588,0.91159889572503972
3.6869705192935312e-05,1.6500079146687461,1.6499999999999999,3.2999999999999998,-0.00026142489141776681,5.0085350458755622e-06,2.83485538635493e-06,2.834857586938489e-06,1.924388458863379e-16,0.90483780180369489,2.1737187326589651,0.91159893143337667
3.7069705192935297e-05,1.650007775333229,1.6499999999999999,3.2999999999999998,-0.00026142467226663701,5.008538559665298e-06,2.834855498837164e-06,2.834856282595015e-06,1.9243884612174479e-16,0.90483777047580016,2.1737186771309251,0.91159889633794833
3.7269705192935302e-05,1.6500078865989489,1.6499999999999999,3.2999999999999998,-0.00026142489924933771,5.008535105764832e-06,2.834855403352438e-06,2.834857596373728e-06,1.924387611098672e-16,0.90483779706990297,2.173718731707329,0.91159893171913309
3.74697051929353e-05,1.650007809869062,1.6499999999999999,3.2999999999999998,-0.00026142467044770122,5.0085385126218123e-06,2.8348554889496371e-06,2.8348562797608292e-06,1.924388462830966e-16,0.90483777322947145,2.1737186778766628,0.91159889624355317
3.7669705192935298e-05,1.6500078729377381,1.6499999999999999,3.2999999999999998,-0.00026142490374702238,5.00853516587581e-06,2.8348554179833101e-06,2.8348576055961719e-06,1.92438760862781e-16,0.90483779299521949,2.173718730752523,0.91159893199489483
3.7869705192935303e-05,1.6500078231477751,1.6499999999999999,3.2999999999999998,-0.0002614246700965064,5.0085384726617727e-06,2.834855488099399e-06,2.8348562821902959e-06,1.924388463018349e-16,0.90483777346626837,2.1737186785094811,0.91159889630777924
3.8069705192935287e-05,1.6500078551162101,1.6499999999999999,3.2999999999999998,-0.00026142489824533099,5.0085351557475863e-06,2.8348553953360559e-06,2.834857577140241e-06,1.924388457470739e-16,0.90483779930243879,2.1737187309203012,0.91159893118429547
3.8269705192935292e-05,1.65000783805513,1.6499999999999999,3.2999999999999998,-0.00026142467268026512,5.0085383850236951e-06,2.83485546020082e-06,2.834856262117974e-06,1.9243893126567099e-16,0.90483778123598912,2.1737186799046828,0.9115988957146518
3.846970519293529e-05,1.65000783093105,1.6499999999999999,3.2999999999999998,-0.0002614248867784945,5.0085351173091804e-06,2.8348553565314391e-06,2.8348575334933761e-06,1.9243884640867909e-16,0.90483781010945563,2.1737187315411268,0.9115989299336853
3.8669705192935288e-05,1.650007850387905,1.6499999999999999,3.2999999999999998,-0.0002614246778803358,5.00853838670801e-06,2.8348554711094689e-06,2.8348562816007652e-06,1.9243893106637909e-16,0.90483777819795941,2.173718679871917,0.91159889626140944
3.8869705192935293e-05,1.6500078234803099,1.6499999999999999,3.2999999999999998,-0.00026142488042993329,5.0085351888094566e-06,2.8348553798174772e-06,2.834857548914837e-06,1.924388460210229e-16,0.90483780362432042,2.173718730403416,0.91159893039269679
3.9069705192935278e-05,1.6500078701359091,1.6499999999999999,3.2999999999999998,-0.00026142469148512069,5.0085383497576367e-06,2.834855469857243e-06,2.8348562863031351e-06,1.9243893108489619e-16,0.90483777854671132,2.1737186804567399,0.91159889638642022
3.9269705192935282e-05,1.6500078223278141,1.6499999999999999,3.2999999999999998,-0.00026142486827600731,5.0085351538648769e-06,2.8348553491522651e-06,2.8348575084038879e-06,1.9243884655860659e-16,0.90483781216452497,2.173718730968154,0.9115989292415253
3.946970519293528e-05,1.650007863060444,1.6499999999999999,3.2999999999999998,-0.00026142470041806947,5.0085383411236681e-06,2.8348554743967111e-06,2.8348563010005539e-06,1.9243893099012821e-16,0.90483777728248893,2.17371868058942,0.91159889679227557
3.9669705192935279e-05,1.650007820164048,1.6499999999999999,3.2999999999999998,-0.00026142486294679568,5.0085351680146453e-06,2.8348553464154762e-06,2.8348574969008451e-06,1.9243884661893189e-16,0.90483781292670229,2.1737187307475971,0.91159892892534211
3.9869705192935277e-05,1.65000786384582,1.6499999999999999,3.2999999999999998,-0.00026142470928768589,5.0085383342919366e-06,2.8348554825327531e-06,2.834856319096155e-06,1.924389308360178e-16,0.90483777501662466,2.173718680693169,0.91159889729652865
4.0069705192935268e-05,1.650007825033909,1.6499999999999999,3.2999999999999998,-0.00026142485407714148,5.0085352825927421e-06,2.8348553965240192e-06,2.8348575347383498e-06,1.9243884578622659e-16,0.90483779897153649,2.1737187289211199,0.91159893003898262
4.0269705192935273e-05,1.6500078604425661,1.6499999999999999,3.2999999999999998,-0.00026142471882745888,5.0085382856311669e-06,2.8348554749550189e-06,2.8348563179401109e-06,1.924389309612329e-16,0.90483777712702251,2.1737186814654161,0.91159889725167897
4.0469705192935271e-05,1.650007828647559,1.6499999999999999,3.2999999999999998,-0.00026142484962393751,5.008535228077987e-06,2.8348553510509212e-06,2.834857484886617e-06,1.9243884656149039e-16,0.9048378116357163,2.1737187297981251,0.91159892860852243
4.0669705192935269e-05,1.650007848965459,1.6499999999999999,3.2999999999999998,-0.00026142472080923973,5.00853828016769e-06,2.834855481565062e-06,2.8348563356212951e-06,1.924388463341324e-16,0.90483777528614662,2.1737186815473488,0.91159889774198455
4.0869705192935267e-05,1.65000784098735,1.6499999999999999,3.2999999999999998,-0.00026142484749851848,5.0085352363357536e-06,2.834855346782648e-06,2.834857468446333e-06,1.9243884665637379e-16,0.90483781282441023,2.1737187296715752,0.91159892815599131
4.1069705192935272e-05,1.650007844821392,1.6499999999999999,3.2999999999999998,-0.00026142472285501468,5.0085382080920107e-06,2.834855452206543e-06,2.8348563164083691e-06,1.9243893131216781e-16,0.90483778346246413,2.1737186826946981,0.91159889716949671
4.1269705192935263e-05,1.650007843650904,1.6499999999999999,3.2999999999999998,-0.0002614248439535466,5.0085352929149846e-06,2.834855362823988e-06,2.8348574775195869e-06,1.924388463905661e-16,0.90483780835690941,2.1737187287721169,0.91159892843024104
4.1469705192935261e-05,1.650007839252202,1.6499999999999999,3.2999999999999998,-0.00026142472496501538,5.0085382303709466e-06,2.8348554777732021e-06,2.834856350420479e-06,1.9243893086551711e-16,0.90483777634219875,2.173718682333293,0.91159889813567352
4.1669705192935259e-05,1.6500078386574819,1.6499999999999999,3.2999999999999998,-0.00026142483614999008,5.0085353292773636e-06,2.8348553692666679e-06,2.8348574752078299e-06,1.9243884629293771e-16,0.90483780656262158,2.1737187281959498,0.91159892837921974
4.1869705192935258e-05,1.6500078316471249,1.6499999999999999,3.2999999999999998,-0.00026142472532161208,5.0085382353566376e-06,2.8348554934453521e-06,2.8348563750706269e-06,1.9243884609064459e-16,0.90483777197754112,2.173718682248361,0.91159889883079293
4.2069705192935262e-05,1.650007857374681,1.6499999999999999,3.2999999999999998,-0.00026142483989166442,5.0085353412586032e-06,2.8348553715125682e-06,2.8348574631726758e-06,1.9243884628408021e-16,0.90483780593713203,2.1737187280096908,0.91159892805756093
4.2269705192935247e-05,1.650007836530877,1.6499999999999999,3.2999999999999998,-0.00026142472502461349,5.0085381543937226e-06,2.8348554567690271e-06,2.8348563461773149e-06,1.924389311971335e-16,0.90483778219185074,2.1737186835377771,0.91159889798324489
4.2469705192935252e-05,1.650007848947598,1.6499999999999999,3.2999999999999998,-0.0002614248385617751,5.008535404371222e-06,2.834855387569621e-06,2.8348574771412351e-06,1.924388460052039e-16,0.90483780146525727,2.173718727005328,0.91159892846430712
4.266970519293525e-05,1.6500078304538639,1.6499999999999999,3.2999999999999998,-0.00026142473045332571,5.0085381562651267e-06,2.8348554739867098e-06,2.8348563697552359e-06,1.9243893089880509e-16,0.90483777739676208,2.1737186835029338,0.91159889865211607
4.2869705192935248e-05,1.650007844832416,1.6499999999999999,3.2999999999999998,-0.00026142483066083261,5.0085352843493859e-06,2.8348553133917491e-06,2.834857391818808e-06,1.924389317833334e-16,0.90483782212366881,2.1737187289295412,0.91159892602258719
4.3069705192935253e-05,1.6500078488655869,1.6499999999999999,3.2999999999999998,-0.00026142473254985108,5.0085381198582166e-06,2.8348554611130919e-06,2.8348563702612962e-06,1.9243893109211299e-16,0.90483778098205903,2.1737186840802178,0.91159889864275867
4.3269705192935237e-05,1.650007848749256,1.6499999999999999,3.2999999999999998,-0.00026142483057354902,5.0085353887969424e-06,2.8348553637777318e-06,2.834857431328739e-06,1.9243884645078989e-16,0.90483780809123737,2.1737187272647409,0.91159892718198066
4.3469705192935242e-05,1.6500078421996309,1.6499999999999999,3.2999999999999998,-0.00026142473595414562,5.0085380541581086e-06,2.8348554382890941e-06,2.8348563528173481e-06,1.9243893147592769e-16,0.90483778733851905,2.1737186851261701,0.91159889812984307
4.366970519293524e-05,1.6500078501052631,1.6499999999999999,3.2999999999999998,-0.0002614248265152375,5.0085353763670532e-06,2.8348553409419802e-06,2.8348574020087909e-06,1.924389313403581e-16,0.90483781445094946,2.1737187274679788,0.91159892634766615
4.3869705192935238e-05,1.650007838913998,1.6499999999999999,3.2999999999999998,-0.00026142473519659491,5.0085380163900742e-06,2.834855428700203e-06,2.8348563511458192e-06,1.9243893162766089e-16,0.90483779000902043,2.1737186857251318,0.91159889806744188
4.4069705192935243e-05,1.650007842812969,1.6499999999999999,3.2999999999999998,-0.00026142482036758968,5.0085355071854669e-06,2.8348553996709931e-06,2.834857456887757e-06,1.9243884584682181e-16,0.90483779809500375,2.1737187253810522,0.91159892793789454
4.4269705192935228e-05,1.65000784475745,1.6499999999999999,3.2999999999999998,-0.00026142474845695311,5.0085379840819989e-06,2.834855429150692e-06,2.8348563537203352e-06,1.924389316252369e-16,0.90483778988356356,2.173718686236624,0.91159889813792339
4.4469705192935233e-05,1.650007836691769,1.6499999999999999,3.2999999999999998,-0.00026142481238536353,5.0085355115465016e-06,2.8348553808627548e-06,2.8348574373042329e-06,1.924388461570722e-16,0.90483780333306574,2.173718725316272,0.91159892737426285
4.4669705192935231e-05,1.650007840452504,1.6499999999999999,3.2999999999999998,-0.00026142474586651889,5.0085380598121086e-06,2.834855483730691e-06,2.8348564119583671e-06,1.9243884619991669e-16,0.90483777468312365,2.1737186850209711,0.911598899811629
4.4869705192935229e-05,1.6500078390978301,1.6499999999999999,3.2999999999999998,-0.00026142481842018032,5.0085355094669688e-06,2.8348553715234149e-06,2.8348574187138828e-06,1.9243884633211691e-16,0.90483780593404517,2.1737187253541861,0.91159892685446897
4.5069705192935227e-05,1.650007845594466,1.6499999999999999,3.2999999999999998,-0.00026142474786899829,5.008537995289744e-06,2.8348554580562961e-06,2.8348563955794028e-06,1.924389311168829e-16,0.90483778183341457,2.1737186860482201,0.91159889932242855
4.5269705192935218e-05,1.6500078360799331,1.6499999999999999,3.2999999999999998,-0.00026142481188879232,5.008535523995056e-06,2.8348553682788632e-06,2.8348574084806948e-06,1.924388463967223e-16,0.9048378068376407,2.1737187251261818,0.91159892657173869
4.5469705192935223e-05,1.6500078463803509,1.6499999999999999,3.2999999999999998,-0.00026142475503836252,5.0085379784768058e-06,2.8348554599636038e-06,2.8348564049746122e-06,1.9243893107387551e-16,0.90483778130223969,2.1737186863121432,0.91159889958008788
4.5669705192935221e-05,1.650007835706474,1.6499999999999999,3.2999999999999998,-0.000261424802885169,5.0085354357974124e-06,2.834855313813198e-06,2.8348573425974579e-06,1.924389318411412e-16,0.90483782200623308,2.1737187265408791,0.91159892469135584
4.5869705192935219e-05,1.6500078509541389,1.6499999999999999,3.2999999999999998,-0.0002614247599917681,5.0085378853792282e-06,2.834855421437942e-06,2.83485637688264e-06,1.92438931713412e-16,0.90483779203159398,2.173718687797094,0.91159889875090827
4.6069705192935217e-05,1.650007833107578,1.6499999999999999,3.2999999999999998,-0.00026142480171104749,5.0085354548653734e-06,2.8348553165136639e-06,2.8348573366245441e-06,1.9243893181018931e-16,0.9048378212541458,2.1737187262400348,0.91159892453455837
4.6269705192935222e-05,1.6500078402856939,1.6499999999999999,3.2999999999999998,-0.00026142476189962971,5.0085379246789006e-06,2.8348554466139351e-06,2.8348564124949362e-06,1.924389312636254e-16,0.90483778502012935,2.1737186871639871,0.91159889975968866
4.6469705192935207e-05,1.650007831608328,1.6499999999999999,3.2999999999999998,-0.00026142480002628519,5.0085354893270783e-06,2.8348553292328572e-06,2.8348573379910962e-06,1.924389316155005e-16,0.90483781771185745,2.1737187256928152,0.91159892459431469
4.6669705192935212e-05,1.650007835704083,1.6499999999999999,3.2999999999999998,-0.00026142475894383791,5.0085378548924897e-06,2.8348554181427708e-06,2.8348563935993451e-06,1.9243893173239411e-16,0.90483779294931421,2.1737186882758728,0.91159889919737525
4.686970519293521e-05,1.6500078315797619,1.6499999999999999,3.2999999999999998,-0.00026142479197852742,5.0085355002400788e-06,2.834855322098892e-06,2.834857323318686e-06,1.924389317464771e-16,0.90483781969864785,2.1737187255225638,0.9115989241844914
4.7069705192935208e-05,1.65000784038149,1.6499999999999999,3.2999999999999998,-0.00026142476657712638,5.0085378524513983e-06,2.8348554262609819e-06,2.834856409152988e-06,1.9243893158286429e-16,0.90483779068841586,2.1737186883105868,0.91159889963280838
4.7269705192935213e-05,1.6500078299999259,1.6499999999999999,3.2999999999999998,-0.00026142479040492858,5.0085355087627659e-06,2.8348553173892042e-06,2.8348573105615791e-06,1.9243893183937469e-16,0.90483782101027554,2.1737187253902222,0.91159892383084129
4.7469705192935197e-05,1.6500078356436789,1.6499999999999999,3.2999999999999998,-0.00026142476787969609,5.0085378192458764e-06,2.8348554180098091e-06,2.8348564093292912e-06,1.9243893171006439e-16,0.90483779298636691,2.1737186888373179,0.91159889962280582
4.7669705192935202e-05,1.650007833776596,1.6499999999999999,3.2999999999999998,-0.00026142478584912862,5.0085355723263189e-06,2.8348553439594322e-06,2.834857330500974e-06,1.9243893139727939e-16,0.90483781361049753,2.1737187243782019,0.91159892441799195
4.78697051929352e-05,1.6500078473478179,1.6499999999999999,3.2999999999999998,-0.00026142477383902542,5.0085378615747368e-06,2.834855449039649e-06,2.834856448192075e-06,1.9243893116874501e-16,0.90483778434461337,2.173718688156983,0.91159890073002914
4.8069705192935198e-05,1.6500078311339339,1.6499999999999999,3.2999999999999998,-0.00026142478070281583,5.0085356249783248e-06,2.8348553631801022e-06,2.8348573422589568e-06,1.924388465861295e-16,0.90483780825756177,2.173718723540214,0.91159892477059012
4.8269705192935203e-05,1.650007839459928,1.6499999999999999,3.2999999999999998,-0.00026142477984658581,5.0085378014849812e-06,2.8348554316675631e-06,2.8348564358283459e-06,1.9243893146190919e-16,0.90483778918271951,2.1737186891141431,0.91159890036435365
4.8469705192935188e-05,1.650007835972928,1.6499999999999999,3.2999999999999998,-0.00026142478321106529,5.0085356480400131e-06,2.834855363371009e-06,2.8348573371515002e-06,1.924388465878098e-16,0.90483780820438653,2.173718723175317,0.91159892463271641
4.8669705192935192e-05,1.6500078417392461,1.6499999999999999,3.2999999999999998,-0.00026142478406798953,5.008537815165047e-06,2.8348554436723709e-06,2.8348564555750772e-06,1.9243893124280381e-16,0.90483778583940777,2.1737186888913409,0.91159890092021145
4.886970519293519e-05,1.6500078423444551,1.6499999999999999,3.2999999999999998,-0.00026142477667722011,5.0085356476954003e-06,2.834855356716517e-06,2.8348573228635202e-06,1.9243884671450801e-16,0.9048378100576443,2.1737187231846691,0.91159892423415556
4.9069705192935189e-05,1.6500078436969421,1.6499999999999999,3.2999999999999998,-0.00026142478034814099,5.0085377955390606e-06,2.8348554402965042e-06,2.8348564589012371e-06,1.9243893128942601e-16,0.90483778677958726,2.1737186892014591,0.91159890100417817
4.9269705192935187e-05,1.650007839353137,1.6499999999999999,3.2999999999999998,-0.00026142477940827448,5.0085357152126286e-06,2.8348553790604868e-06,2.8348573400152441e-06,1.9243884633761539e-16,0.90483780383487455,2.173718722108811,0.91159892473830229
4.9469705192935178e-05,1.650007843684931,1.6499999999999999,3.2999999999999998,-0.00026142478693013592,5.0085377183042282e-06,2.8348554142138911e-06,2.8348564353787019e-06,1.9243893173667171e-16,0.9048377940435629,2.1737186904324468,0.91159890032093804
4.9669705192935183e-05,1.650007843196672,1.6499999999999999,3.2999999999999998,-0.0002614247758560656,5.0085356953711122e-06,2.8348553530363351e-06,2.8348573115958839e-06,1.9243893127285961e-16,0.90483781108255756,2.173718722429641,0.91159892392264841
4.9869705192935181e-05,1.650007840884292,1.6499999999999999,3.2999999999999998,-0.0002614247867669301,5.0085377566187658e-06,2.834855446717357e-06,2.834856474511868e-06,1.924389311749669e-16,0.90483778499140499,2.1737186898162131,0.91159890143811739
5.0069705192935179e-05,1.6500078383119869,1.6499999999999999,3.2999999999999998,-0.0002614247740895936,5.0085357133846714e-06,2.83485535694243e-06,2.8348573071516312e-06,1.924388467264026e-16,0.9048378099947062,2.1737187221451899,0.91159892380937635
5.0269705192935177e-05,1.650007844545516,1.6499999999999999,3.2999999999999998,-0.00026142478443504731,5.0085376863125544e-06,2.8348554182727408e-06,2.8348564511482891e-06,1.9243893165343101e-16,0.90483779291319422,2.1737186909369202,0.91159890075494787
5.0469705192935182e-05,1.6500078342439519,1.6499999999999999,3.2999999999999998,-0.00026142477363059661,5.0085357169279212e-06,2.8348553482668581e-06,2.8348572931666552e-06,1.9243893137529421e-16,0.9048378124108325,2.1737187220921839,0.91159892341539595
5.0669705192935173e-05,1.650007841803024,1.6499999999999999,3.2999999999999998,-0.00026142479154407861,5.0085377590686976e-06,2.8348554619851551e-06,2.8348565044973989e-06,1.9243884639477601e-16,0.90483778073936305,2.1737186897707619,0.91159890227689078
5.0869705192935171e-05,1.6500078367192881,1.6499999999999999,3.2999999999999998,-0.00026142477187977349,5.0085356871854392e-06,2.8348553281285702e-06,2.834857263005614e-06,1.9243893173826439e-16,0.90483781801930296,2.1737187225708108,0.91159892256315389
5.1069705192935169e-05,1.650007842507234,1.6499999999999999,3.2999999999999998,-0.00026142479080721578,5.0085376593710418e-06,2.834855416078172e-06,2.8348564684344129e-06,1.924389316544283e-16,0.90483779352439897,2.1737186913610711,0.91159890121879228
5.1269705192935168e-05,1.65000783651691,1.6499999999999999,3.2999999999999998,-0.0002614247663014521,5.0085357073968667e-06,2.8348553314339769e-06,2.834857258766732e-06,1.9243893169449031e-16,0.90483781709874533,2.1737187222512082,0.9115989224543628
5.1469705192935172e-05,1.650007848517248,1.6499999999999999,3.2999999999999998,-0.00026142479273384472,5.0085376658144791e-06,2.8348554291731129e-06,2.8348564880357798e-06,1.9243893142232531e-16,0.90483778987748908,2.1737186912550959,0.91159890177267222
5.1669705192935157e-05,1.650007843915738,1.6499999999999999,3.2999999999999998,-0.00026142476400787808,5.0085356875800142e-06,2.8348553164574218e-06,2.834857233001813e-06,1.9243893197113569e-16,0.9048378212696796,2.173718722571123,0.91159892173032664
5.1869705192935162e-05,1.6500078427261979,1.6499999999999999,3.2999999999999998,-0.00026142479657438952,5.0085377342005963e-06,2.834855462728609e-06,2.834856533962555e-06,1.9243884632619759e-16,0.90483778053234465,2.1737186901581032,0.91159890307557168
5.206970519293516e-05,1.6500078433360501,1.6499999999999999,3.2999999999999998,-0.00026142477185650689,5.0085357941681102e-06,2.8348553698673998e-06,2.8348572778632448e-06,1.92438846582939e-16,0.90483780639506928,2.1737187208700179,0.91159892303995327
5.2269705192935158e-05,1.650007845572927,1.6499999999999999,3.2999999999999998,-0.00026142479507265302,5.0085376784509918e-06,2.8348554425014432e-06,2.8348565199527669e-06,1.9243893115764879e-16,0.90483778616558941,2.1737186910468811,0.91159890266023669
5.2469705192935163e-05,1.650007837103171,1.6499999999999999,3.2999999999999998,-0.00026142476374219672,5.0085357038566468e-06,2.8348553175354999e-06,2.8348572161862608e-06,1.924389319882377e-16,0.90483782096941401,2.1737187223172221,0.91159892127721553
5.2669705192935147e-05,1.650007837788994,1.6499999999999999,3.2999999999999998,-0.00026142479754175427,5.0085376904098629e-06,2.8348554479205241e-06,2.834856539301953e-06,1.9243893103383091e-16,0.9048377846563983,2.173718690852815,0.91159890319354164
5.2869705192935152e-05,1.6500078358845141,1.6499999999999999,3.2999999999999998,-0.00026142476517999202,5.0085358001944506e-06,2.8348553631982999e-06,2.8348572528606999e-06,1.9243884673170481e-16,0.90483780825238391,2.1737187207793598,0.91159892235142492
5.306970519293515e-05,1.650007839865123,1.6499999999999999,3.2999999999999998,-0.00026142479914999949,5.0085376498981481e-06,2.8348554351186481e-06,2.8348565329986819e-06,1.924389312424965e-16,0.90483778822170735,2.1737186914976729,0.91159890300004687
5.3269705192935148e-05,1.650007839650242,1.6499999999999999,3.2999999999999998,-0.00026142476325275848,5.0085358328487498e-06,2.8348553753674439e-06,2.83485725815499e-06,1.924388465366768e-16,0.90483780486328802,2.173718720260069,0.91159892251648311
5.3469705192935153e-05,1.650007843129264,1.6499999999999999,3.2999999999999998,-0.00026142480209787598,5.0085376220711676e-06,2.8348554301896241e-06,2.8348565298900079e-06,1.9243893132802179e-16,0.90483778959444072,2.1737186919395008,0.91159890290710144
5.3669705192935138e-05,1.650007841520734,1.6499999999999999,3.2999999999999998,-0.0002614247631432758,5.0085357666782412e-06,2.8348553325613202e-06,2.834857208026936e-06,1.92438931773279e-16,0.9048378167847192,2.1737187213211371,0.9115989210833253
5.3869705192935143e-05,1.6500078434265211,1.6499999999999999,3.2999999999999998,-0.00026142479831633509,5.0085376180269292e-06,2.8348554319791268e-06,2.8348565414492268e-06,1.92438931278062e-16,0.9048377890960777,2.1737186920013878,0.91159890322310533
5.4069705192935141e-05,1.6500078415586941,1.6499999999999999,3.2999999999999998,-0.00026142476107227178,5.0085358068868529e-06,2.8348553501601932e-06,2.8348572182511201e-06,1.9243893148763651e-16,0.90483781188345236,2.1737187206807032,0.91159892139151255
5.4269705192935139e-05,1.6500078392554129,1.6499999999999999,3.2999999999999998,-0.0002614247991593856,5.0085375891356187e-06,2.8348554217292531e-06,2.8348565376480818e-06,1.9243893144128711e-16,0.90483779195065928,2.173718692460668,0.91159890310188973
5.4469705192935137e-05,1.650007835473476,1.6499999999999999,3.2999999999999998,-0.00026142475753405611,5.0085357659299096e-06,2.8348553180461202e-06,2.834857180374402e-06,1.9243893204178531e-16,0.90483782082716513,2.1737187213380209,0.91159892030903156
5.4669705192935128e-05,1.650007841776151,1.6499999999999999,3.2999999999999998,-0.00026142480331978348,5.0085376416237466e-06,2.8348554525675649e-06,2.8348565788801718e-06,1.9243884639913851e-16,0.90483778336224774,2.1737186916189528,0.91159890427288315
5.4869705192935133e-05,1.6500078407874099,1.6499999999999999,3.2999999999999998,-0.00026142476485560388,5.0085358809825439e-06,2.8348553777915362e-06,2.8348572304562689e-06,1.924388465491446e-16,0.9048378041881453,2.1737187195011818,0.91159892177127244
5.5069705192935131e-05,1.6500078465378809,1.6499999999999999,3.2999999999999998,-0.00026142481082898052,5.0085377125633303e-06,2.83485549335637e-06,2.8348566290160431e-06,1.9243884568507409e-16,0.90483777200263737,2.1737186904820271,0.91159890570263846
5.5269705192935129e-05,1.6500078399450999,1.6499999999999999,3.2999999999999998,-0.00026142475468301872,5.0085358480299943e-06,2.8348553613927759e-06,2.834857202936437e-06,1.924389313491752e-16,0.90483780875516184,2.1737187200309078,0.91159892099720197
5.5469705192935127e-05,1.650007842704617,1.6499999999999999,3.2999999999999998,-0.00026142479982402771,5.0085375449135109e-06,2.834855406703565e-06,2.834856550521441e-06,1.924389316401601e-16,0.90483779613532178,2.173718693159965,0.91159890342334449
5.5669705192935132e-05,1.650007840073618,1.6499999999999999,3.2999999999999998,-0.0002614247567096921,5.0085358318540613e-06,2.8348553462028688e-06,2.8348571814339301e-06,1.9243893161829581e-16,0.90483781298552157,2.1737187202920611,0.91159892038812662
5.5869705192935117e-05,1.6500078428010889,1.6499999999999999,3.2999999999999998,-0.00026142480593033658,5.0085376048578572e-06,2.8348554429923759e-06,2.8348565940291681e-06,1.9243893100827031e-16,0.90483778602895026,2.1737186921992468,0.91159890466567806
5.6069705192935122e-05,1.650007835892515,1.6499999999999999,3.2999999999999998,-0.00026142475682273562,5.0085358595375078e-06,2.8348553584667598e-06,2.8348571852946698e-06,1.9243893142659519e-16,0.90483780957003745,2.1737187198517831,0.91159892051456304
5.626970519293512e-05,1.650007838698194,1.6499999999999999,3.2999999999999998,-0.00026142480447785787,5.0085376059177834e-06,2.8348554494745589e-06,2.8348566063289979e-06,1.924388463930026e-16,0.90483778422368233,2.173718692179893,0.9115989050101293
5.6469705192935118e-05,1.650007836942768,1.6499999999999999,3.2999999999999998,-0.00026142475495815638,5.0085358501043788e-06,2.834855350290801e-06,2.8348571693355899e-06,1.9243893158140729e-16,0.90483781184702028,2.1737187200047261,0.9115989200680582
5.6669705192935123e-05,1.650007827284673,1.6499999999999999,3.2999999999999998,-0.00026142479549825511,5.0085374988186343e-06,2.8348553956918822e-06,2.8348565601996742e-06,1.9243893178949221e-16,0.90483779920208474,2.1737186938899669,0.9115989036655272
5.6869705192935107e-05,1.6500078422787989,1.6499999999999999,3.2999999999999998,-0.00026142476173710808,5.0085358923936176e-06,2.83485536945996e-06,2.8348571842293129e-06,1.924389312623984e-16,0.9048378065084336,2.1737187193309482,0.91159892050541702
5.7069705192935112e-05,1.650007844407164,1.6499999999999999,3.2999999999999998,-0.0002614248033748391,5.0085375582202401e-06,2.834855436320759e-06,2.834856604168454e-06,1.9243893109488689e-16,0.90483778788700631,2.1737186929378058,0.91159890492811158
5.726970519293511e-05,1.650007842402248,1.6499999999999999,3.2999999999999998,-0.00026142475797479991,5.0085358646215486e-06,2.8348553463822039e-06,2.8348571544285021e-06,1.9243893166585091e-16,0.90483781293554633,2.1737187197772911,0.91159891965765938
5.7469705192935108e-05,1.6500078396884961,1.6499999999999999,3.2999999999999998,-0.00026142480023191942,5.0085375317124914e-06,2.8348554233581538e-06,2.834856597771806e-06,1.9243893130181549e-16,0.90483779149708143,2.1737186933594779,0.91159890473180216
5.7669705192935113e-05,1.650007834688261,1.6499999999999999,3.2999999999999998,-0.00026142475068838641,5.0085358964478358e-06,2.8348553567820452e-06,2.8348571602922621e-06,1.9243893149501689e-16,0.90483781003919928,2.1737187192706822,0.91159891983495778
5.7869705192935098e-05,1.6500078376761189,1.6499999999999999,3.2999999999999998,-0.0002614248090814498,5.0085375722856397e-06,2.8348554486293941e-06,2.8348566319460292e-06,1.9243884635828101e-16,0.9048377844590888,2.17371869270865,0.91159890570183399
5.8069705192935102e-05,1.650007839712738,1.6499999999999999,3.2999999999999998,-0.00026142476014593302,5.0085359845572296e-06,2.834855400228572e-06,2.8348571970333691e-06,1.9243884627240941e-16,0.90483779793939922,2.1737187178638639,0.91159892090700123
5.82697051929351e-05,1.650007844197757,1.6499999999999999,3.2999999999999998,-0.00026142480943137963,5.0085375102069991e-06,2.8348554258576739e-06,2.834856611264032e-06,1.924389312427164e-16,0.90483779080098037,2.173718693698901,0.91159890510138786
5.8469705192935099e-05,1.650007846456196,1.6499999999999999,3.2999999999999998,-0.00026142476021078702,5.0085360120458348e-06,2.8348554043089228e-06,2.8348571996967791e-06,1.9243884620005311e-16,0.90483779680302523,2.173718717426572,0.91159892098637951
5.8669705192935097e-05,1.6500078455538041,1.6499999999999999,3.2999999999999998,-0.00026142481037112308,5.0085375153993754e-06,2.8348554385001459e-06,2.8348566242250608e-06,1.9243893103218101e-16,0.90483778728007458,2.1737186936137789,0.91159890547476674
5.8869705192935088e-05,1.65000783772118,1.6499999999999999,3.2999999999999998,-0.00026142475477380672,5.0085360255394576e-06,2.834855406765157e-06,2.8348571992631761e-06,1.9243884616194139e-16,0.9048377961189652,2.1737187172122399,0.91159892097904116
5.9069705192935093e-05,1.6500078399006901,1.6499999999999999,3.2999999999999998,-0.00026142480767524478,5.0085374984505003e-06,2.8348554369725e-06,2.8348566243972292e-06,1.92438931058675e-16,0.90483778770552614,2.1737186938827411,0.91159890547669153
5.9269705192935091e-05,1.650007841763929,1.6499999999999999,3.2999999999999998,-0.00026142475898462738,5.0085359810091466e-06,2.834855376217278e-06,2.8348571673471979e-06,1.9243884668163571e-16,0.90483780462649754,2.173718717926667,0.91159892006066534
5.9469705192935089e-05,1.650007843280451,1.6499999999999999,3.2999999999999998,-0.000261424810002611,5.0085374805914518e-06,2.8348554357091448e-06,2.8348566300985249e-06,1.924389310694217e-16,0.9048377880573738,2.1737186941664142,0.91159890562871082
5.9669705192935087e-05,1.650007838965603,1.6499999999999999,3.2999999999999998,-0.00026142475640211988,5.00853609036975e-06,2.8348554251077131e-06,2.8348572121974819e-06,1.92438845852256e-16,0.90483779101058148,2.1737187161800038,0.91159892136189757
5.9869705192935092e-05,1.650007837423441,1.6499999999999999,3.2999999999999998,-0.00026142480752998788,5.0085374481319786e-06,2.8348554260736559e-06,2.83485661995142e-06,1.924389312390547e-16,0.90483779074084303,2.173718694683334,0.9115989053368716
6.0069705192935083e-05,1.65000784285137,1.6499999999999999,3.2999999999999998,-0.00026142475716835179,5.0085360539213319e-06,2.8348553890012638e-06,2.8348571775374421e-06,1.9243884645480709e-16,0.90483780106617318,2.173718716765352,0.91159892035930956
6.0269705192935081e-05,1.6500078369734481,1.6499999999999999,3.2999999999999998,-0.00026142481122898103,5.0085374952072933e-06,2.834855460731501e-06,2.8348566575445189e-06,1.9243884615219221e-16,0.90483778108869006,2.1737186939287931,0.91159890641623331
6.0469705192935079e-05,1.650007836069793,1.6499999999999999,3.2999999999999998,-0.00026142475554228852,5.0085360072878466e-06,2.834855367288132e-06,2.8348571478348872e-06,1.9243893133954281e-16,0.90483780711323714,2.173718717512426,0.91159891951665528
6.0669705192935078e-05,1.6500078401141971,1.6499999999999999,3.2999999999999998,-0.00026142480296799912,5.0085375062382152e-06,2.834855464636956e-06,2.8348566707254862e-06,1.9243884606391899e-16,0.90483778000103787,2.1737186937503119,0.91159890677991218
6.0869705192935082e-05,1.6500078376224909,1.6499999999999999,3.2999999999999998,-0.00026142475619655742,5.0085359932488134e-06,2.8348553576207709e-06,2.834857127614717e-06,1.924389315264423e-16,0.90483780980557293,2.1737187177382959,0.91159891895217349
6.1069705192935074e-05,1.65000783883015,1.6499999999999999,3.2999999999999998,-0.00026142479995336137,5.0085373784286337e-06,2.834855399228517e-06,2.834856611464382e-06,1.9243893166151471e-16,0.90483779821719867,2.1737186957922718,0.91159890505913477
6.1269705192935079e-05,1.650007840996156,1.6499999999999999,3.2999999999999998,-0.00026142476168318209,5.0085360397311126e-06,2.8348553739547721e-06,2.8348571412789978e-06,1.9243893124930011e-16,0.90483780525657564,2.1737187169977852,0.91159891935118498
6.1469705192935083e-05,1.6500078437353349,1.6499999999999999,3.2999999999999998,-0.00026142481138658938,5.0085374346228094e-06,2.8348554387129981e-06,2.8348566543677561e-06,1.9243893098656579e-16,0.90483778722083597,2.1737186948919671,0.91159890629083928
6.1669705192935088e-05,1.6500078350656959,1.6499999999999999,3.2999999999999998,-0.00026142475337531039,5.0085360682535292e-06,2.8348553838108458e-06,2.8348571464224301e-06,1.924388465935536e-16,0.90483780251166479,2.1737187165430418,0.91159891950802008
6.1869705192935093e-05,1.6500078404466521,1.6499999999999999,3.2999999999999998,-0.00026142481135444078,5.0085374029818013e-06,2.8348554273899841e-06,2.8348566458890838e-06,1.9243893117630671e-16,0.90483779037428191,2.1737186953960479,0.9115989060411247
6.2069705192935098e-05,1.650007836061955,1.6499999999999999,3.2999999999999998,-0.00026142475203601529,5.0085360854293491e-06,2.8348553858811709e-06,2.8348571458262459e-06,1.924388465601996e-16,0.90483780193507923,2.1737187162706069,0.91159891949559368
6.2269705192935103e-05,1.6500078430722771,1.6499999999999999,3.2999999999999998,-0.00026142481632969547,5.0085374465860563e-06,2.834855455768189e-06,2.8348566810709551e-06,1.924388461853534e-16,0.90483778247099811,2.1737186946976079,0.91159890704398905
6.2469705192935108e-05,1.6500078471948421,1.6499999999999999,3.2999999999999998,-0.00026142475493856252,5.0085360806750886e-06,2.8348553807326671e-06,2.834857134107233e-06,1.924388466610298e-16,0.90483780336892206,2.1737187163480161,0.91159891916924862
6.2669705192935113e-05,1.650007843298344,1.6499999999999999,3.2999999999999998,-0.000261424807367129,5.0085373825912729e-06,2.8348554238691252e-06,2.834856653955974e-06,1.9243893121472051e-16,0.9048377913548481,2.173718695718609,0.91159890625311535
6.2869705192935117e-05,1.650007841401895,1.6499999999999999,3.2999999999999998,-0.00026142475482736761,5.0085360761752896e-06,2.834855371273001e-06,2.8348571205572431e-06,1.9243893132254199e-16,0.90483780600342301,2.173718716422016,0.91159891878563359
6.3069705192935122e-05,1.6500078323180809,1.6499999999999999,3.2999999999999998,-0.00026142480621844152,5.0085373816255859e-06,2.8348554287993118e-06,2.8348566637229382e-06,1.92438931123067e-16,0.90483778998180242,2.1737186957327448,0.91159890652624698
6.3269705192935127e-05,1.650007835137518,1.6499999999999999,3.2999999999999998,-0.00026142475388686999,5.0085360930016627e-06,2.834855378386008e-06,2.8348571219410591e-06,1.924388467177773e-16,0.90483780402245362,2.173718716154422,0.91159891883581834
6.3469705192935132e-05,1.6500078398229721,1.6499999999999999,3.2999999999999998,-0.00026142481235793001,5.0085373914892346e-06,2.8348554354265429e-06,2.8348566766135281e-06,1.924389309970075e-16,0.90483778813613513,2.1737186955732981,0.91159890688694145
6.3669705192935137e-05,1.65000783922098,1.6499999999999999,3.2999999999999998,-0.0002614247522922173,5.0085360950031287e-06,2.8348553739847939e-06,2.8348571134677989e-06,1.924389312939609e-16,0.90483780524817758,2.1737187161241631,0.91159891859864328
6.3869705192935142e-05,1.650007836996791,1.6499999999999999,3.2999999999999998,-0.00026142480733438078,5.0085373938165931e-06,2.8348554449063268e-06,2.8348566904230031e-06,1.9243884633530509e-16,0.90483778549603555,2.1737186955346881,0.91159890727761372
6.4069705192935147e-05,1.650007833870561,1.6499999999999999,3.2999999999999998,-0.0002614247529781513,5.008536110466862e-06,2.8348553801575609e-06,2.8348571138646808e-06,1.924388467051962e-16,0.90483780352906429,2.173718715878266,0.91159891862043829
6.4269705192935151e-05,1.6500078406740799,1.6499999999999999,3.2999999999999998,-0.00026142480975823221,5.0085373956437931e-06,2.8348554455244131e-06,2.834856695496459e-06,1.9243884631466151e-16,0.90483778532390813,2.1737186955038221,0.91159890741601113
6.4469705192935156e-05,1.650007847913552,1.6499999999999999,3.2999999999999998,-0.00026142475331323179,5.0085362027530176e-06,2.834855423239316e-06,2.8348571523000332e-06,1.9243884597799939e-16,0.90483779153085575,2.173718714404246,0.91159891973767415
6.4669705192935161e-05,1.6500078429545331,1.6499999999999999,3.2999999999999998,-0.00026142481148034062,5.0085373864031693e-06,2.8348554441212751e-06,2.83485669837958e-06,1.9243884633103789e-16,0.90483778571468132,2.1737186956498942,0.91159890749151762
6.4869705192935166e-05,1.6500078414823649,1.6499999999999999,3.2999999999999998,-0.0002614247533291861,5.0085360883132227e-06,2.8348553606904619e-06,2.8348570868555381e-06,1.9243893154454651e-16,0.9048378089506135,2.1737187162351761,0.91159891785468894
6.5069705192935171e-05,1.650007839343868,1.6499999999999999,3.2999999999999998,-0.00026142480776469938,5.0085373641435848e-06,2.8348554382533731e-06,2.8348566987662709e-06,1.9243884642054269e-16,0.90483778734889131,2.1737186960046979,0.91159890749147499
6.5269705192935176e-05,1.650007836274354,1.6499999999999999,3.2999999999999998,-0.00026142475371198238,5.0085361493676531e-06,2.834855392321079e-06,2.8348571124417002e-06,1.9243884652326461e-16,0.90483780014152826,2.173718715260013,0.91159891860371167
6.5469705192935181e-05,1.6500078339362041,1.6499999999999999,3.2999999999999998,-0.00026142480912012329,5.0085373640363106e-06,2.8348554427102118e-06,2.8348567067843038e-06,1.9243884633924831e-16,0.90483778610767462,2.173718696004868,0.91159890771642993
6.5669705192935185e-05,1.6500078369029501,1.6499999999999999,3.2999999999999998,-0.00026142475498783159,5.0085361638531244e-06,2.834855395253488e-06,2.8348571110501712e-06,1.924388464801911e-16,0.90483779932485053,2.173718715029926,0.91159891857130637
6.586970519293519e-05,1.6500078323674441,1.6499999999999999,3.2999999999999998,-0.0002614248070468102,5.0085373055469932e-06,2.8348554189132519e-06,2.8348566847259798e-06,1.924389312402746e-16,0.90483779273509302,2.1737186969385571,0.91159890707690383
6.6069705192935195e-05,1.6500078382548771,1.6499999999999999,3.2999999999999998,-0.00026142475710908789,5.0085361861530556e-06,2.8348554011742551e-06,2.8348571150555049e-06,1.9243884638019221e-16,0.90483779767592598,2.1737187146749939,0.91159891869029552
6.62697051929352e-05,1.650007844978175,1.6499999999999999,3.2999999999999998,-0.00026142481489257948,5.0085373176527407e-06,2.8348554287695911e-06,2.8348566966567879e-06,1.924389310696462e-16,0.90483778999012132,2.1737186967435091,0.91159890741741068
6.6469705192935205e-05,1.650007846720255,1.6499999999999999,3.2999999999999998,-0.00026142475214966353,5.0085362194795839e-06,2.8348554116660731e-06,2.8348571241428708e-06,1.9243884620042681e-16,0.90483779475396675,2.173718714143456,0.91159891895499245
6.666970519293521e-05,1.650007836416914,1.6499999999999999,3.2999999999999998,-0.00026142480746117102,5.0085373262063877e-06,2.834855437195614e-06,2.8348567079410849e-06,1.9243884642667621e-16,0.90483778764348843,2.173718696605587,0.91159890773786401
6.6869705192935215e-05,1.650007837219337,1.6499999999999999,3.2999999999999998,-0.0002614247526440492,5.0085362555201277e-06,2.8348554238492669e-06,2.8348571367573191e-06,1.924388459879153e-16,0.90483779136096465,2.1737187135686948,0.91159891931816217
6.706970519293522e-05,1.6500078384723429,1.6499999999999999,3.2999999999999998,-0.00026142481637556872,5.0085373434480457e-06,2.8348554529273092e-06,2.8348567246350959e-06,1.924388461601936e-16,0.90483778326223641,2.1737186963285118,0.91159890821778866
6.7269705192935224e-05,1.650007837618235,1.6499999999999999,3.2999999999999998,-0.00026142475125646021,5.0085361954355686e-06,2.8348553875733301e-06,2.8348570954312279e-06,1.9243884661480699e-16,0.90483780146375381,2.1737187145306081,0.91159891813488692
6.7469705192935229e-05,1.65000784652675,1.6499999999999999,3.2999999999999998,-0.00026142481237332292,5.0085373655599492e-06,2.8348554673564481e-06,2.8348567443899578e-06,1.9243884590400811e-16,0.90483777924375242,2.1737186959734069,0.91159890877820704
6.7669705192935234e-05,1.6500078268789029,1.6499999999999999,3.2999999999999998,-0.00026142474720544249,5.0085362122780361e-06,2.834855395126829e-06,2.8348570952008532e-06,1.924388465025823e-16,0.90483779936010644,2.173718714262781,0.91159891814218186
6.7869705192935239e-05,1.650007835846403,1.6499999999999999,3.2999999999999998,-0.00026142481235768661,5.0085373321659074e-06,2.8348554517235491e-06,2.8348567336009909e-06,1.9243884616084431e-16,0.90483778359749545,2.1737186965063451,0.91159890845825775
6.8069705192935244e-05,1.6500078503679769,1.6499999999999999,3.2999999999999998,-0.00026142475635891122,5.0085362184969477e-06,2.8348553995165811e-06,2.8348570939005289e-06,1.924388464410321e-16,0.90483779813756049,2.173718714164214,0.91159891811485627
6.8269705192935249e-05,1.6500078333420629,1.6499999999999999,3.2999999999999998,-0.00026142480618609261,5.0085373259930997e-06,2.834855453266243e-06,2.8348567398329218e-06,1.9243884612689659e-16,0.90483778316786367,2.1737186966041921,0.91159890862965987
6.8469705192935254e-05,1.650007836661147,1.6499999999999999,3.2999999999999998,-0.00026142475739567532,5.0085362330263783e-06,2.834855404126757e-06,2.8348570942006962e-06,1.9243884637027909e-16,0.90483779685362842,2.173718713933233,0.91159891813123239
6.8669705192935258e-05,1.6500078441549439,1.6499999999999999,3.2999999999999998,-0.00026142481749246831,5.0085373623340022e-06,2.8348554690492841e-06,2.8348567616422872e-06,1.924388458425467e-16,0.90483777877231597,2.1737186960217918,0.9115989092480985
6.8869705192935263e-05,1.6500078382510399,1.6499999999999999,3.2999999999999998,-0.00026142475063386259,5.008536214805518e-06,2.8348553897117322e-06,2.8348570748748852e-06,1.9243884662412679e-16,0.90483780086818455,2.173718714225874,0.9115989175824496
6.9069705192935268e-05,1.650007828988493,1.6499999999999999,3.2999999999999998,-0.00026142480778125162,5.0085373036528158e-06,2.8348554406866531e-06,2.8348567396491492e-06,1.924388463133134e-16,0.90483778667127357,2.173718696958538,0.9115989086021572
6.9269705192935273e-05,1.650007835954878,1.6499999999999999,3.2999999999999998,-0.00026142475517829968,5.0085362307668891e-06,2.83485539888385e-06,2.8348570789992711e-06,1.9243884647943619e-16,0.90483779831375821,2.1737187139716538,0.91159891771048362
6.9469705192935278e-05,1.6500078406890299,1.6499999999999999,3.2999999999999998,-0.00026142481180015808,5.0085373210930666e-06,2.8348554506054661e-06,2.8348567544602398e-06,1.924388461338065e-16,0.90483778390890313,2.1737186966790958,0.91159890902071972
6.9669705192935283e-05,1.650007839802218,1.6499999999999999,3.2999999999999998,-0.00026142475343993269,5.0085362129632502e-06,2.834855388678806e-06,2.834857063210184e-06,1.924388466653105e-16,0.904837801155843,2.1737187142574061,0.91159891726494391
6.9869705192935288e-05,1.65000784521634,1.6499999999999999,3.2999999999999998,-0.0002614248124541361,5.0085372597037566e-06,2.8348554215462851e-06,2.8348567307636969e-06,1.9243893111435179e-16,0.90483779200184844,2.1737186976595959,0.91159890832743373
7.0069705192935292e-05,1.650007843632842,1.6499999999999999,3.2999999999999998,-0.00026142475473137181,5.0085362694087473e-06,2.8348554120443441e-06,2.8348570856874391e-06,1.9243884626535941e-16,0.90483779464857339,2.1737187133559588,0.91159891791503611
7.0269705192935297e-05,1.650007836688181,1.6499999999999999,3.2999999999999998,-0.00026142481274150572,5.0085372814897778e-06,2.834855442219266e-06,2.8348567489476778e-06,1.9243884627752251e-16,0.90483778624445532,2.1737186973100249,0.91159890885652906
7.0469705192935302e-05,1.6500078391044359,1.6499999999999999,3.2999999999999998,-0.00026142475072841889,5.0085362386493752e-06,2.8348553933902611e-06,2.8348570624547911e-06,1.924388465920876e-16,0.90483779984370216,2.1737187138489911,0.91159891725294051
7.0669705192935307e-05,1.650007836409269,1.6499999999999999,3.2999999999999998,-0.00026142480848385252,5.0085372165996357e-06,2.8348554078284371e-06,2.834856721941357e-06,1.924389313424525e-16,0.90483779582225266,2.173718698346371,0.91159890806413191
7.0869705192935312e-05,1.65000783882011,1.6499999999999999,3.2999999999999998,-0.00026142474999463851,5.0085362424833242e-06,2.834855388763397e-06,2.8348570572254608e-06,1.924388466684868e-16,0.90483780113227608,2.1737187137889991,0.91159891710314345
7.1069705192935317e-05,1.6500078358630059,1.6499999999999999,3.2999999999999998,-0.00026142481119505829,5.008537289680605e-06,2.8348554527433031e-06,2.834856768340808e-06,1.924388460820005e-16,0.90483778331353637,2.1737186971765738,0.91159890940016863
7.1269705192935322e-05,1.6500078443561761,1.6499999999999999,3.2999999999999998,-0.00026142476045569018,5.0085362625923208e-06,2.8348553965065771e-06,2.8348570611126301e-06,1.924388465434261e-16,0.90483779897580463,2.1737187134683,0.91159891722219755
7.1469705192935326e-05,1.650007845965789,1.6499999999999999,3.2999999999999998,-0.00026142481232759848,5.0085372135977272e-06,2.8348554163802879e-06,2.8348567343497248e-06,1.9243893119392609e-16,0.90483779344058413,2.1737186983921308,0.91159890841522817
7.1669705192935331e-05,1.650007839510137,1.6499999999999999,3.2999999999999998,-0.00026142474918070441,5.0085362237588164e-06,2.8348553712676918e-06,2.8348570330162432e-06,1.9243893147247509e-16,0.90483780600479413,2.1737187140902008,0.91159891641669166
7.1869705192935336e-05,1.6500078422403801,1.6499999999999999,3.2999999999999998,-0.00026142481194533118,5.0085372109929264e-06,2.834855415192234e-06,2.8348567368134091e-06,1.924389312061696e-16,0.90483779377145801,2.1737186984329142,0.91159890847976954
7.2069705192935341e-05,1.65000784532415,1.6499999999999999,3.2999999999999998,-0.00026142475539973821,5.0085362739167007e-06,2.8348553956103629e-06,2.8348570535685299e-06,1.924388465695276e-16,0.90483779922539354,2.1737187132891749,0.91159891701644469
7.2269705192935346e-05,1.650007845876706,1.6499999999999999,3.2999999999999998,-0.00026142480976067432,5.008537225474669e-06,2.834855424914762e-06,2.8348567505137172e-06,1.9243893103281311e-16,0.90483779106375195,2.1737186982003678,0.91159890886792005
7.2469705192935351e-05,1.6500078387681589,1.6499999999999999,3.2999999999999998,-0.00026142475044017513,5.0085362661500557e-06,2.8348553854503052e-06,2.8348570413324228e-06,1.924389312390863e-16,0.90483780205495234,2.173718713414714,0.91159891666713189
7.2669705192935356e-05,1.650007836879573,1.6499999999999999,3.2999999999999998,-0.0002614248122804352,5.0085372189487579e-06,2.8348554271434818e-06,2.8348567561498431e-06,1.924388464952738e-16,0.90483779044306145,2.1737186983039352,0.91159890902442897
7.2869705192935361e-05,1.6500078381462291,1.6499999999999999,3.2999999999999998,-0.00026142475308712549,5.0085362916819776e-06,2.8348553969693561e-06,2.8348570483845519e-06,1.9243884655630309e-16,0.90483779884690896,2.1737187130072031,0.91159891687859429
7.3069705192935365e-05,1.650007847660709,1.6499999999999999,3.2999999999999998,-0.00026142481515125629,5.0085371171351859e-06,2.8348553804788511e-06,2.8348567084251401e-06,1.924389317922726e-16,0.90483780343909093,2.1737186999306739,0.91159890764940188
7.326970519293537e-05,1.6500078448281541,1.6499999999999999,3.2999999999999998,-0.00026142475035994688,5.0085363311736216e-06,2.8348554100536718e-06,2.8348570650129949e-06,1.9243884632099259e-16,0.90483779520294794,2.173718712376798,0.91159891735199949
7.3469705192935375e-05,1.6500078436234329,1.6499999999999999,3.2999999999999998,-0.00026142481590088977,5.0085371872890152e-06,2.8348554277908899e-06,2.8348567549883382e-06,1.9243884649818189e-16,0.90483779026275868,2.1737186988077561,0.91159890899416363
7.366970519293538e-05,1.650007843443523,1.6499999999999999,3.2999999999999998,-0.00026142474906803732,5.0085363076967762e-06,2.8348553931740852e-06,2.8348570461935432e-06,1.9243884661042829e-16,0.9048377999038858,2.1737187127529789,0.91159891681250238
7.3869705192935385e-05,1.650007847459029,1.6499999999999999,3.2999999999999998,-0.00026142481787868818,5.0085371870805468e-06,2.8348554293657498e-06,2.834856758165264e-06,1.9243884646873591e-16,0.90483778982416607,2.173718698810029,0.91159890908295227
7.406970519293539e-05,1.65000783870792,1.6499999999999999,3.2999999999999998,-0.00026142474643626659,5.0085362425352337e-06,2.834855356649709e-06,2.8348570053689171e-06,1.924389317365236e-16,0.9048378100758645,2.1737187137955729,0.91159891564235462
7.4269705192935395e-05,1.650007841264524,1.6499999999999999,3.2999999999999998,-0.00026142481446650342,5.0085371624393368e-06,2.834855414534219e-06,2.8348567507502622e-06,1.9243893119926939e-16,0.90483779395473218,2.1737186992036142,0.91159890885573558
7.4469705192935399e-05,1.650007835130411,1.6499999999999999,3.2999999999999998,-0.0002614247467867685,5.008536275705193e-06,2.8348553737992738e-06,2.8348570164914329e-06,1.924389314573939e-16,0.90483780529972868,2.1737187132659028,0.91159891597404907
7.4669705192935404e-05,1.6500078331411161,1.6499999999999999,3.2999999999999998,-0.00026142481626871918,5.0085371663075406e-06,2.8348554180417651e-06,2.8348567570875221e-06,1.924389311340303e-16,0.90483779297789035,2.1737186991404829,0.91159890903350826
7.4869705192935409e-05,1.6500078402587499,1.6499999999999999,3.2999999999999998,-0.00026142475029477928,5.0085363161289714e-06,2.8348553922570429e-06,2.8348570335218748e-06,1.9243884664908679e-16,0.90483780015926563,2.1737187126208219,0.91159891646795632
7.5069705192935414e-05,1.6500078387234809,1.6499999999999999,3.2999999999999998,-0.00026142481577490993,5.0085371938369059e-06,2.8348554368040489e-06,2.8348567802290052e-06,1.9243884631170701e-16,0.90483778775262491,2.1737186986995618,0.91159890969333357
7.5269705192935419e-05,1.6500078348504721,1.6499999999999999,3.2999999999999998,-0.00026142474702508102,5.0085362308395459e-06,2.8348553488043458e-06,2.8348569831553548e-06,1.9243893190118739e-16,0.90483781226076798,2.1737187139851759,0.91159891502719292
7.5469705192935424e-05,1.6500078404234559,1.6499999999999999,3.2999999999999998,-0.0002614248134789962,5.0085371465009059e-06,2.8348554082609232e-06,2.834856758226122e-06,1.924389312768865e-16,0.90483779570185097,2.1737186994557942,0.91159890904680241
7.5669705192935429e-05,1.6500078477309299,1.6499999999999999,3.2999999999999998,-0.00026142475161741128,5.008536246719507e-06,2.834855356932898e-06,2.8348569880658191e-06,1.924389317696494e-16,0.90483780999697372,2.173718713732145,0.9115989151746291
7.5869705192935433e-05,1.6500078357971879,1.6499999999999999,3.2999999999999998,-0.00026142480724397979,5.008537138295652e-06,2.834855402940763e-06,2.8348567572525059e-06,1.924389313573406e-16,0.90483779718351454,2.17371869958607,0.91159890901092855
7.6069705192935438e-05,1.650007838133229,1.6499999999999999,3.2999999999999998,-0.00026142474983115052,5.0085363144945366e-06,2.8348553900516219e-06,2.83485701684337e-06,1.924389312132836e-16,0.90483780077345644,2.1737187126493138,0.91159891601267673
7.6269705192935443e-05,1.650007843954761,1.6499999999999999,3.2999999999999998,-0.00026142481448426292,5.0085371664592087e-06,2.8348554229369862e-06,2.8348567804609948e-06,1.9243884651709229e-16,0.90483779161459577,2.1737186991351178,0.91159890967477475
7.6469705192935448e-05,1.650007838825569,1.6499999999999999,3.2999999999999998,-0.0002614247471994667,5.0085362894690117e-06,2.8348553744801799e-06,2.834856997566258e-06,1.9243893148555951e-16,0.90483780511007617,2.1737187130502229,0.9115989154631402
7.6669705192935453e-05,1.650007834674635,1.6499999999999999,3.2999999999999998,-0.00026142481092839622,5.0085371315245062e-06,2.8348554057674831e-06,2.8348567654867148e-06,1.9243893130081839e-16,0.90483779639628192,2.173718699692643,0.91159890923881548
7.6869705192935458e-05,1.650007843437524,1.6499999999999999,3.2999999999999998,-0.00026142475163251649,5.0085362670639873e-06,2.8348553634919171e-06,2.8348569832253672e-06,1.9243893168077041e-16,0.90483780817028581,2.1737187134089782,0.91159891505538804
7.7069705192935463e-05,1.6500078364149431,1.6499999999999999,3.2999999999999998,-0.00026142480783490673,5.0085371538333771e-06,2.834855418274642e-06,2.834856781945791e-06,1.92438931079292e-16,0.90483779291306143,2.173718699335383,0.91159890970660662
7.7269705192935467e-05,1.6500078412126391,1.6499999999999999,3.2999999999999998,-0.00026142474943145218,5.0085363200327861e-06,2.8348553897103401e-06,2.8348570046228128e-06,1.92438931243605e-16,0.90483780086849042,2.1737187125629509,0.91159891568137141
7.7469705192935472e-05,1.650007843921353,1.6499999999999999,3.2999999999999998,-0.00026142481285873351,5.0085370985559129e-06,2.8348553918527468e-06,2.8348567583794532e-06,1.9243893152486601e-16,0.90483780027152261,2.1737187002183052,0.91159890902156859
7.7669705192935477e-05,1.6500078398972611,1.6499999999999999,3.2999999999999998,-0.00026142474780430292,5.0085362974328807e-06,2.834855371730132e-06,2.8348569889919709e-06,1.9243893154139429e-16,0.90483780587595009,2.1737187129252891,0.9115989152261883
7.7869705192935482e-05,1.6500078393351509,1.6499999999999999,3.2999999999999998,-0.0002614248116630676,5.0085370638851586e-06,2.834855378367458e-06,2.8348567438730068e-06,1.9243893175972891e-16,0.90483780402715464,2.1737187007719139,0.9115989086048687
7.8069705192935487e-05,1.650007841908377,1.6499999999999999,3.2999999999999998,-0.00026142474563538889,5.0085363320331898e-06,2.8348553838637091e-06,2.8348569997326519e-06,1.9243893133416899e-16,0.90483780249676604,2.1737187123729269,0.91159891553856776
7.8269705192935492e-05,1.650007837400939,1.6499999999999999,3.2999999999999998,-0.00026142481279548501,5.0085371110814228e-06,2.8348554135831789e-06,2.8348567789843258e-06,1.9243893116563951e-16,0.90483779421963328,2.1737187000161948,0.91159890961807022
7.8469705192935497e-05,1.6500078441199759,1.6499999999999999,3.2999999999999998,-0.00026142475228494642,5.0085363157240024e-06,2.8348553730626482e-06,2.8348569880066081e-06,1.9243893151907049e-16,0.9048378055048435,2.173718712634499,0.91159891520190717
7.8669705192935501e-05,1.650007840822759,1.6499999999999999,3.2999999999999998,-0.00026142481214205782,5.0085371324557961e-06,2.8348554222884122e-06,2.834856792654577e-06,1.924388465095228e-16,0.90483779179524315,2.173718699673922,0.91159891000358484
7.8869705192935506e-05,1.65000783947048,1.6499999999999999,3.2999999999999998,-0.00026142475003602782,5.0085363309059321e-06,2.8348553852385152e-06,2.834856993250241e-06,1.924389313293158e-16,0.90483780211387677,2.1737187123922839,0.911598915365611
7.9069705192935511e-05,1.6500078454083831,1.6499999999999999,3.2999999999999998,-0.00026142481453460828,5.0085371331055491e-06,2.8348554222141249e-06,2.834856797388177e-06,1.924388464998789e-16,0.90483779181593638,2.173718699663004,0.91159891013154559
7.9269705192935516e-05,1.650007834300472,1.6499999999999999,3.2999999999999998,-0.0002614247467823223,5.008536345868e-06,2.834855392807018e-06,2.834856998383987e-06,1.9243893120553741e-16,0.90483780000605707,2.1737187121536299,0.91159891551808581
7.9469705192935521e-05,1.6500078413319601,1.6499999999999999,3.2999999999999998,-0.0002614248134825732,5.008537116961683e-06,2.8348554167122609e-06,2.834856793901883e-06,1.9243893108614779e-16,0.90483779334819858,2.1737186999202911,0.9115989100273505
7.9669705192935526e-05,1.6500078387942561,1.6499999999999999,3.2999999999999998,-0.00026142474378372939,5.008536292620186e-06,2.834855360645542e-06,2.8348569624559402e-06,1.9243893175973859e-16,0.90483780896297727,2.1737187130058011,0.91159891448825503
7.9869705192935531e-05,1.6500078468891159,1.6499999999999999,3.2999999999999998,-0.00026142481163320168,5.0085370786044296e-06,2.8348553956619531e-06,2.834856776079503e-06,1.924389314373077e-16,0.90483779921068186,2.1737187005333078,0.91159890950736933
8.0069705192935536e-05,1.650007843621867,1.6499999999999999,3.2999999999999998,-0.00026142474848771323,5.0085363734032988e-06,2.8348553992359421e-06,2.8348570004965422e-06,1.9243884660565751e-16,0.90483779821560684,2.173718711714804,0.91159891558676565
8.026970519293554e-05,1.6500078371145599,1.6499999999999999,3.2999999999999998,-0.00026142481743826813,5.0085372111666368e-06,2.8348554647492671e-06,2.8348568484333492e-06,1.9243884575675941e-16,0.90483777996997306,2.1737186984127641,0.9115989115890325
8.0469705192935545e-05,1.6500078350436389,1.6499999999999999,3.2999999999999998,-0.00026142475107081672,5.0085363648146523e-06,2.834855398449796e-06,2.8348569922532362e-06,1.9243884663775101e-16,0.90483779843453804,2.1737187118524548,0.91159891536229065
8.066970519293555e-05,1.6500078390764319,1.6499999999999999,3.2999999999999998,-0.00026142481153823642,5.0085370189575146e-06,2.834855370294891e-06,2.8348567555111091e-06,1.9243893186251669e-16,0.9048378062753758,2.173718701485567,0.91159890890534789
8.0869705192935555e-05,1.650007841658198,1.6499999999999999,3.2999999999999998,-0.00026142474509038599,5.0085363777568118e-06,2.8348553983757239e-06,2.8348569939963499e-06,1.9243884663103839e-16,0.90483779845517165,2.173718711646734,0.91159891540932514
8.106970519293556e-05,1.650007832592153,1.6499999999999999,3.2999999999999998,-0.00026142481491925053,5.0085371569345824e-06,2.8348554423047791e-06,2.834856829399898e-06,1.9243884613527119e-16,0.90483778622073119,2.173718699278564,0.9115989110337821
8.1269705192935565e-05,1.650007832663873,1.6499999999999999,3.2999999999999998,-0.0002614247441649101,5.0085363830941976e-06,2.834855402152712e-06,2.834856996162123e-06,1.924388465707924e-16,0.90483779740328263,2.1737187115616758,0.91159891547469607
8.146970519293557e-05,1.650007832078362,1.6499999999999999,3.2999999999999998,-0.0002614248076480891,5.0085370333201204e-06,2.834855384121382e-06,2.834856771641318e-06,1.924389316253091e-16,0.90483780242472034,2.1737187012544279,0.91159890936660315
8.1669705192935574e-05,1.6500078393276929,1.6499999999999999,3.2999999999999998,-0.00026142475027220142,5.0085363318191691e-06,2.834855367962457e-06,2.8348569613795171e-06,1.9243893164601909e-16,0.90483780692521676,2.1737187123826112,0.91159891447222652
8.1869705192935579e-05,1.6500078411165711,1.6499999999999999,3.2999999999999998,-0.00026142480905159808,5.0085371007379138e-06,2.8348554230631632e-06,2.8348568124158659e-06,1.9243884646419111e-16,0.90483779157949762,2.1737187001759719,0.91159891053972708
8.2069705192935584e-05,1.650007842726172,1.6499999999999999,3.2999999999999998,-0.0002614247500168782,5.0085364195987079e-06,2.8348554128068029e-06,2.834857003887459e-06,1.9243884639076761e-16,0.90483779443613166,2.1737187109791938,0.9115989157028267
8.2269705192935589e-05,1.6500078452239419,1.6499999999999999,3.2999999999999998,-0.00026142481479302771,5.0085371366911327e-06,2.8348554416342678e-06,2.8348568314810109e-06,1.9243884614631859e-16,0.9048377864074747,2.1737186996003421,0.91159891108890123
8.2469705192935594e-05,1.650007839600971,1.6499999999999999,3.2999999999999998,-0.00026142474671518828,5.008536391412682e-06,2.834855396272525e-06,2.8348569843605201e-06,1.92438931173524e-16,0.90483779904089723,2.173718711430741,0.91159891514480518
8.2669705192935599e-05,1.6500078326560459,1.6499999999999999,3.2999999999999998,-0.0002614248081913712,5.0085370696392499e-06,2.8348554086428571e-06,2.8348568017137922e-06,1.9243893119809329e-16,0.90483779559553623,2.1737187006718619,0.91159891022429829
8.2869705192935604e-05,1.6500078367273749,1.6499999999999999,3.2999999999999998,-0.00026142475200941747,5.0085364284029624e-06,2.8348554109077919e-06,2.8348570000500559e-06,1.924388464236973e-16,0.90483779496499872,2.173718710839855,0.91159891559558204
8.3069705192935608e-05,1.650007842633729,1.6499999999999999,3.2999999999999998,-0.00026142481696252048,5.0085371337856276e-06,2.8348554431260338e-06,2.834856838816298e-06,1.9243884610965811e-16,0.9048377859920238,2.1737186996459048,0.91159891129006898
8.3269705192935613e-05,1.650007840885191,1.6499999999999999,3.2999999999999998,-0.0002614247510840829,5.0085364281061366e-06,2.834855409490422e-06,2.8348569954862411e-06,1.9243884645411659e-16,0.90483779535973008,2.173718710845121,0.91159891546954619
8.3469705192935618e-05,1.6500078300484891,1.6499999999999999,3.2999999999999998,-0.00026142480779335229,5.0085370533168522e-06,2.834855404739039e-06,2.834856799722596e-06,1.9243893126307611e-16,0.90483779668274733,2.1737187009316918,0.91159891016342609
8.3669705192935623e-05,1.65000783446781,1.6499999999999999,3.2999999999999998,-0.00026142475082860638,5.0085364105567989e-06,2.8348553982284981e-06,2.8348569830446341e-06,1.924388466475514e-16,0.90483779849615797,2.1737187111266532,0.91159891511269864
8.3869705192935628e-05,1.6500078396674711,1.6499999999999999,3.2999999999999998,-0.00026142481315186269,5.0085370645523267e-06,2.834855414901044e-06,2.8348568103416888e-06,1.924389310912749e-16,0.90483779385264529,2.1737187007511589,0.91159891046898589
8.4069705192935633e-05,1.65000784197023,1.6499999999999999,3.2999999999999998,-0.0002614247509240191,5.0085364438652676e-06,2.8348554125082581e-06,2.834856995408508e-06,1.924388464065217e-16,0.90483779451926605,2.173718710594418,0.91159891547284488
8.4269705192935638e-05,1.6500078359516031,1.6499999999999999,3.2999999999999998,-0.00026142480820848918,5.0085370386820956e-06,2.8348554025302828e-06,2.8348567992638591e-06,1.9243893129998681e-16,0.90483779729788361,2.1737187011643262,0.91159891014705807
8.4469705192935642e-05,1.650007841314721,1.6499999999999999,3.2999999999999998,-0.00026142475636181211,5.0085363929459209e-06,2.8348553825828602e-06,2.8348569687116639e-06,1.924389314029177e-16,0.90483780285344362,2.1737187114090841,0.91159891469681786
8.4669705192935647e-05,1.650007843704822,1.6499999999999999,3.2999999999999998,-0.00026142481292903952,5.0085370900059107e-06,2.8348554311739022e-06,2.8348568300593881e-06,1.9243884631264691e-16,0.90483778932068282,2.17371870034312,0.91159891103170132
8.4869705192935652e-05,1.650007837198014,1.6499999999999999,3.2999999999999998,-0.00026142475522930629,5.0085365546042494e-06,2.8348554656717559e-06,2.8348570484225739e-06,1.924388454977056e-16,0.90483777971330903,2.1737187088248371,0.91159891700264428
8.5069705192935657e-05,1.6500078416203601,1.6499999999999999,3.2999999999999998,-0.00026142481800058611,5.0085370444101254e-06,2.8348554162105231e-06,2.8348568106247461e-06,1.924389310780655e-16,0.90483779348795557,2.173718701071663,0.91159891047899388
8.5269705192935662e-05,1.6500078390829001,1.6499999999999999,3.2999999999999998,-0.00026142475234242399,5.0085364517921119e-06,2.8348553997125172e-06,2.8348569864489929e-06,1.924388466063911e-16,0.90483779808286069,2.1737187104699061,0.91159891520747671
8.5469705192935667e-05,1.6500078369713731,1.6499999999999999,3.2999999999999998,-0.00026142481310521739,5.008537062362284e-06,2.834855426136881e-06,2.8348568229179089e-06,1.924388464086289e-16,0.90483779072348269,2.1737187007836738,0.91159891082942912
8.5669705192935672e-05,1.650007841002358,1.6499999999999999,3.2999999999999998,-0.00026142475679142722,5.0085365423702468e-06,2.834855443449669e-06,2.8348570303074928e-06,1.924388458583236e-16,0.90483778590212915,2.1737187090219372,0.9115989164726398
8.5869705192935676e-05,1.6500078487458261,1.6499999999999999,3.2999999999999998,-0.00026142481773014571,5.0085370520509742e-06,2.8348554308857581e-06,2.8348568243887168e-06,1.9243884634080981e-16,0.90483778940092663,2.173718700948311,0.91159891087773914
8.6069705192935681e-05,1.6500078360537671,1.6499999999999999,3.2999999999999998,-0.00026142474626583879,5.0085364429680014e-06,2.834855388620733e-06,2.8348569757518858e-06,1.924389312861285e-16,0.90483780117190393,2.1737187106118658,0.91159891489813727
8.6269705192935686e-05,1.6500078439948369,1.6499999999999999,3.2999999999999998,-0.00026142481377588989,5.0085370507513613e-06,2.8348554279686702e-06,2.8348568269306309e-06,1.924388463771317e-16,0.90483779021333466,2.1737187009685011,0.91159891094129775
8.6469705192935691e-05,1.6500078490039141,1.6499999999999999,3.2999999999999998,-0.00026142475937388919,5.0085365629341162e-06,2.8348554478832449e-06,2.8348570324024429e-06,1.9243884578427581e-16,0.90483778466738141,2.1737187086944001,0.91159891653726877
8.6669705192935696e-05,1.65000783907853,1.6499999999999999,3.2999999999999998,-0.00026142481797015668,5.0085370741175301e-06,2.834855447155625e-06,2.8348568439295949e-06,1.9243884605888559e-16,0.9048377848697956,2.1737187005943239,0.91159891143566463
8.6869705192935701e-05,1.6500078417470501,1.6499999999999999,3.2999999999999998,-0.00026142475982039422,5.0085365742707967e-06,2.8348554534758439e-06,2.8348570377324261e-06,1.924388456893225e-16,0.90483778310985119,2.1737187085136922,0.91159891669151705
8.7069705192935706e-05,1.6500078430959271,1.6499999999999999,3.2999999999999998,-0.00026142481482872891,5.0085370544392386e-06,2.8348554452433761e-06,2.8348568399224782e-06,1.9243884610098039e-16,0.90483778540235371,2.173718700908243,0.91159891132380633
8.7269705192935711e-05,1.6500078431405349,1.6499999999999999,3.2999999999999998,-0.00026142475607260888,5.0085365283804914e-06,2.8348554223650691e-06,2.8348570072191022e-06,1.924388462143117e-16,0.9048377917741558,2.173718709248273,0.91159891581009111
8.7469705192935715e-05,1.650007840835608,1.6499999999999999,3.2999999999999998,-0.0002614248144940531,5.0085370772899556e-06,2.8348554545360089e-06,2.8348568526737181e-06,1.924388459333314e-16,0.90483778281437077,2.1737187005426821,0.91159891168550466
8.766970519293572e-05,1.6500078423969431,1.6499999999999999,3.2999999999999998,-0.00026142475643911909,5.0085365176496986e-06,2.8348554179914399e-06,2.8348569997973042e-06,1.9243884629635969e-16,0.90483779299220213,2.1737187094199748,0.9115989156014177
8.7869705192935725e-05,1.6500078422046249,1.6499999999999999,3.2999999999999998,-0.00026142481222983109,5.0085370351132307e-06,2.8348554381009698e-06,2.834856836940007e-06,1.924388462152373e-16,0.90483778739150822,2.1737187012165191,0.91159891123030823
8.806970519293573e-05,1.6500078368691879,1.6499999999999999,3.2999999999999998,-0.00026142475478027101,5.0085365333386436e-06,2.8348554207651708e-06,2.8348570017022381e-06,1.924388462478569e-16,0.90483779221971783,2.1737187091697852,0.91159891565793427
8.8269705192935735e-05,1.6500078439250441,1.6499999999999999,3.2999999999999998,-0.00026142482152746369,5.008537016095071e-06,2.8348554283300949e-06,2.8348568295629031e-06,1.9243884637660521e-16,0.90483779011268384,2.173718701519824,0.91159891101317969
8.846970519293574e-05,1.6500078375360849,1.6499999999999999,3.2999999999999998,-0.00026142474969253088,5.0085364945716227e-06,2.8348554005029721e-06,2.8348569784985091e-06,1.9243884659985869e-16,0.90483779786270946,2.1737187097902879,0.91159891499374168
8.8669705192935745e-05,1.650007837990868,1.6499999999999999,3.2999999999999998,-0.0002614248122149998,5.0085370493860857e-06,2.8348554476299998e-06,2.834856852874802e-06,1.924388460397462e-16,0.90483778473769272,2.1737187009872372,0.9115989116785771
8.8869705192935749e-05,1.650007844587225,1.6499999999999999,3.2999999999999998,-0.00026142475702772621,5.0085365364493281e-06,2.834855423340865e-06,2.8348569991483059e-06,1.9243884621588599e-16,0.90483779150238752,2.173718709121057,0.91159891559343476
8.9069705192935754e-05,1.6500078439281609,1.6499999999999999,3.2999999999999998,-0.00026142481755751069,5.008537085953982e-06,2.8348554631200009e-06,2.834856872155345e-06,1.9243884576512429e-16,0.90483778042375385,2.1737187004018979,0.91159891222806044
8.9269705192935759e-05,1.65000783828396,1.6499999999999999,3.2999999999999998,-0.00026142475490659222,5.0085365609707506e-06,2.8348554361130089e-06,2.834857009488469e-06,1.924388460034969e-16,0.90483778794536018,2.173718708729369,0.91159891589612041
8.9469705192935764e-05,1.6500078421442841,1.6499999999999999,3.2999999999999998,-0.0002614248161225078,5.0085370221545956e-06,2.8348554344065539e-06,2.8348568419230658e-06,1.924388462607266e-16,0.90483778842040719,2.1737187014212531,0.91159891135853666
8.9669705192935769e-05,1.6500078387617521,1.6499999999999999,3.2999999999999998,-0.00026142475288109558,5.0085365598964172e-06,2.834855430802795e-06,2.834857005021033e-06,1.9243884608942681e-16,0.90483778942424842,2.1737187087474381,0.9115989157657185
8.9869705192935774e-05,1.650007839251284,1.6499999999999999,3.2999999999999998,-0.00026142481711151518,5.0085370560408754e-06,2.834855454283685e-06,2.8348568653701749e-06,1.9243884591515629e-16,0.9048377828846591,2.1737187008789141,0.91159891202862675
9.0069705192935779e-05,1.65000784687819,1.6499999999999999,3.2999999999999998,-0.00026142475673997348,5.0085365366277488e-06,2.834855416060046e-06,2.8348569866522439e-06,1.924388463473332e-16,0.90483779353007898,2.173718709119639,0.91159891524224579
9.0269705192935783e-05,1.650007844365933,1.6499999999999999,3.2999999999999998,-0.000261424816984217,5.0085370474531319e-06,2.8348554493692092e-06,2.834856862561334e-06,1.924388459940272e-16,0.90483778425333561,2.1737187010160191,0.91159891194381848
9.0469705192935788e-05,1.6500078464051939,1.6499999999999999,3.2999999999999998,-0.00026142475760079472,5.008536538829411e-06,2.8348554182285952e-06,2.8348569853141301e-06,1.924388463187362e-16,0.90483779292613631,2.1737187090849739,0.91159891520991843
9.0669705192935793e-05,1.6500078372893829,1.6499999999999999,3.2999999999999998,-0.00026142481561309601,5.0085370682634931e-06,2.8348554588112011e-06,2.8348568745276331e-06,1.9243884582660651e-16,0.90483778162375805,2.1737187006829481,0.91159891228454126
9.0869705192935798e-05,1.6500078345164331,1.6499999999999999,3.2999999999999998,-0.00026142475704229811,5.0085364923632672e-06,2.8348553979352718e-06,2.8348569588446558e-06,1.9243893117599279e-16,0.90483779857779145,2.173718709828107,0.91159891445729735
9.1069705192935803e-05,1.6500078391886339,1.6499999999999999,3.2999999999999998,-0.00026142481500747249,5.0085370554786446e-06,2.834855449381107e-06,2.834856871812486e-06,1.924388459708871e-16,0.9048377842500317,2.1737187008864529,0.91159891219417866
9.1269705192935808e-05,1.650007849316242,1.6499999999999999,3.2999999999999998,-0.00026142475809452158,5.0085365118345633e-06,2.8348554097059771e-06,2.8348569684215369e-06,1.92438846485859e-16,0.90483779529966291,2.173718709517265,0.91159891473753418
9.1469705192935813e-05,1.65000784471133,1.6499999999999999,3.2999999999999998,-0.00026142481317391547,5.0085370552776742e-06,2.8348554493874229e-06,2.834856876381064e-06,1.924388459607364e-16,0.90483778424827666,2.1737187008900878,0.91159891231781842
9.1669705192935817e-05,1.6500078490117049,1.6499999999999999,3.2999999999999998,-0.0002614247565472019,5.0085365203736126e-06,2.83485541604904e-06,2.834856968598809e-06,1.924388463924818e-16,0.90483779353312588,2.1737187093811872,0.91159891475369192
9.1869705192935822e-05,1.650007847116908,1.6499999999999999,3.2999999999999998,-0.00026142481170715121,5.0085370252238619e-06,2.8348554321997738e-06,2.8348568601354511e-06,1.9243884625082191e-16,0.90483778903501388,2.1737187013699031,0.9115989118474217
9.2069705192935827e-05,1.6500078374994409,1.6499999999999999,3.2999999999999998,-0.0002614247554305269,5.0085365278915306e-06,2.8348554164663139e-06,2.83485696905262e-06,1.9243884638325849e-16,0.90483779341691384,2.1737187092615442,0.9115989147667195
9.2269705192935832e-05,1.650007840397725,1.6499999999999999,3.2999999999999998,-0.00026142481521577738,5.0085370440328552e-06,2.834855442011114e-06,2.8348568729731782e-06,1.9243884607680799e-16,0.90483778630257028,2.173718701068609,0.91159891221238698
9.2469705192935837e-05,1.65000784358762,1.6499999999999999,3.2999999999999998,-0.00026142475477662131,5.008536539045141e-06,2.8348554215574639e-06,2.8348569723064052e-06,1.9243884630010471e-16,0.90483779199903513,2.17371870908344,0.91159891486388744
9.2669705192935842e-05,1.6500078450083679,1.6499999999999999,3.2999999999999998,-0.0002614248196652395,5.0085370251153146e-06,2.8348554331082002e-06,2.8348568652271809e-06,1.9243884622660521e-16,0.9048377887820227,2.1737187013709578,0.91159891198683407
9.2869705192935847e-05,1.6500078449340989,1.6499999999999999,3.2999999999999998,-0.00026142475273487498,5.0085365526884472e-06,2.8348554266896992e-06,2.8348569758722581e-06,1.9243884621492561e-16,0.90483779056971314,2.1737187088659029,0.91159891496957046
9.3069705192935852e-05,1.6500078474648849,1.6499999999999999,3.2999999999999998,-0.00026142481813490928,5.0085370058180736e-06,2.834855426184264e-06,2.8348568588970822e-06,1.924388463451606e-16,0.90483779071032677,2.1737187016786979,0.91159891180313768
9.3269705192935856e-05,1.6500078413632371,1.6499999999999999,3.2999999999999998,-0.0002614247528301126,5.0085365745321361e-06,2.8348554378255672e-06,2.834856987390193e-06,1.9243884602405659e-16,0.90483778746839172,2.1737187085169709,0.91159891530119519
9.3469705192935861e-05,1.650007841833681,1.6499999999999999,3.2999999999999998,-0.00026142481296827062,5.0085369908731683e-06,2.8348554274568061e-06,2.834856857724631e-06,1.924388463341567e-16,0.9048377903559246,2.1737187019175801,0.91159891177369101
9.3669705192935866e-05,1.6500078517779151,1.6499999999999999,3.2999999999999998,-0.00026142475534971302,5.0085365702300837e-06,2.834855428806191e-06,2.8348569796327921e-06,1.9243884617111681e-16,0.90483778998027276,2.1737187085862648,0.91159891507512236
9.3869705192935871e-05,1.650007846296734,1.6499999999999999,3.2999999999999998,-0.00026142481330318512,5.0085370309691237e-06,2.8348554455812181e-06,2.8348568778263521e-06,1.9243884601909909e-16,0.90483778530830528,2.1737187012759112,0.91159891235011192
9.4069705192935876e-05,1.650007840603124,1.6499999999999999,3.2999999999999998,-0.00026142475397813818,5.0085365397768394e-06,2.8348554118910032e-06,2.8348569615563861e-06,1.9243884646152039e-16,0.90483779469112735,2.1737187090735421,0.91159891455566922
9.4269705192935881e-05,1.650007843925416,1.6499999999999999,3.2999999999999998,-0.00026142481966631698,5.0085370519621568e-06,2.8348554574474319e-06,2.8348568911006832e-06,1.924388458141679e-16,0.90483778200358744,2.1737187009396881,0.91159891273057581
9.4469705192935886e-05,1.650007842210258,1.6499999999999999,3.2999999999999998,-0.00026142475123478462,5.0085365096089317e-06,2.8348554019115049e-06,2.8348569448154579e-06,1.9243884665002309e-16,0.90483779747039728,2.17371870955601,0.91159891408477955
9.466970519293589e-05,1.650007846386758,1.6499999999999999,3.2999999999999998,-0.00026142481542501111,5.0085370199535009e-06,2.8348554367014041e-06,2.834856877270757e-06,1.924388461502224e-16,0.90483778778132828,2.1737187014516759,0.91159891231917278
9.4869705192935895e-05,1.6500078397296309,1.6499999999999999,3.2999999999999998,-0.00026142475306805779,5.0085365305627777e-06,2.8348554131214811e-06,2.8348569531087668e-06,1.9243884646552009e-16,0.90483779434843248,2.173718709221435,0.91159891432927842
9.50697051929359e-05,1.650007836116506,1.6499999999999999,3.2999999999999998,-0.0002614248156328164,5.0085369815722679e-06,2.8348554180288229e-06,2.8348568586254048e-06,1.92438846469319e-16,0.90483779298161426,2.1737187020646669,0.91159891178118191
9.5269705192935905e-05,1.6500078423948781,1.6499999999999999,3.2999999999999998,-0.00026142475742140647,5.0085365454512088e-06,2.8348554179706088e-06,2.8348569581333231e-06,1.9243884638075711e-16,0.90483779299795586,2.173718708983654,0.91159891447392993
9.546970519293591e-05,1.650007840421637,1.6499999999999999,3.2999999999999998,-0.00026142481491534469,5.0085369382622087e-06,2.8348553996214751e-06,2.8348568395683172e-06,1.9243893128229091e-16,0.90483779810803522,2.1737187027566249,0.91159891123251879
9.5669705192935915e-05,1.6500078451764411,1.6499999999999999,3.2999999999999998,-0.00026142476010035669,5.0085365810974749e-06,2.834855428017954e-06,2.8348569721191919e-06,1.9243884619575069e-16,0.90483779019978905,2.1737187084144591,0.9115989148703868
9.586970519293592e-05,1.650007834482381,1.6499999999999999,3.2999999999999998,-0.00026142481354402193,5.0085369756037062e-06,2.8348554237130479e-06,2.8348568610274882e-06,1.92438846384773e-16,0.90483779139856613,2.173718702159126,0.9115989118563651
9.6069705192935924e-05,1.650007835015967,1.6499999999999999,3.2999999999999998,-0.00026142475142490207,5.0085365955357088e-06,2.834855433506686e-06,2.8348569775486892e-06,1.924388461011124e-16,0.90483778867118492,2.1737187081839648,0.91159891502714163
9.6269705192935929e-05,1.6500078433583401,1.6499999999999999,3.2999999999999998,-0.00026142481759498402,5.0085369564166947e-06,2.834855417538705e-06,2.8348568543019208e-06,1.9243884649349729e-16,0.90483779311810864,2.17371870246556,0.91159891166331009
9.6469705192935934e-05,1.650007837789176,1.6499999999999999,3.2999999999999998,-0.00026142475502847438,5.0085365288780097e-06,2.8348553971267111e-06,2.8348569421315032e-06,1.9243893121360881e-16,0.90483779880295245,2.1737187092502128,0.91159891400357751
9.6669705192935939e-05,1.6500078295657361,1.6499999999999999,3.2999999999999998,-0.00026142480951002619,5.008536907991456e-06,2.834855395675376e-06,2.8348568321163729e-06,1.9243893136421569e-16,0.90483779920701424,2.1737187032394791,0.91159891102380286
9.6869705192935944e-05,1.6500078400956479,1.6499999999999999,3.2999999999999998,-0.00026142475531546258,5.0085365179511382e-06,2.8348553886326041e-06,2.8348569329279269e-06,1.924389313583883e-16,0.90483780116854962,2.173718709424846,0.91159891373931223
9.7069705192935949e-05,1.650007839411868,1.6499999999999999,3.2999999999999998,-0.00026142480622508318,5.0085368813411407e-06,2.8348553840014019e-06,2.8348568202366409e-06,1.9243893156501681e-16,0.90483780245819789,2.1737187036654029,0.91159891068142396
9.7269705192935954e-05,1.6500078433262271,1.6499999999999999,3.2999999999999998,-0.00026142475689412508,5.0085365615569991e-06,2.8348554060863321e-06,2.8348569519101271e-06,1.924388465590822e-16,0.90483779630771399,2.1737187087280518,0.91159891428423767
9.7469705192935958e-05,1.650007850648654,1.6499999999999999,3.2999999999999998,-0.00026142481721275028,5.0085370036305094e-06,2.8348554515099918e-06,2.834856887733789e-06,1.9243884592086079e-16,0.90483778365715795,2.1737187017094972,0.91159891262883619
9.7669705192935963e-05,1.6500078384498751,1.6499999999999999,3.2999999999999998,-0.00026142475550642073,5.0085366036865578e-06,2.83485543044246e-06,2.834856972584556e-06,1.924388461533414e-16,0.90483778952456573,2.1737187080548659,0.91159891488732014
9.7869705192935968e-05,1.6500078380930321,1.6499999999999999,3.2999999999999998,-0.00026142481085019808,5.0085368919928341e-06,2.8348553929196581e-06,2.834856829926816e-06,1.9243893141317871e-16,0.90483779997447678,2.1737187034942029,0.91159891095961654
9.8069705192935973e-05,1.6500078390434949,1.6499999999999999,3.2999999999999998,-0.00026142475466095868,5.0085365752292433e-06,2.834855407517562e-06,2.834856953549235e-06,1.9243884653092489e-16,0.90483779590911662,2.173718708510664,0.91159891433115603
9.8269705192935978e-05,1.650007850232456,1.6499999999999999,3.2999999999999998,-0.00026142482024332211,5.0085370660437721e-06,2.8348554851464062e-06,2.834856925651775e-06,1.9243884533844661e-16,0.90483777428947054,2.173718700710793,0.91159891371515744
9.8469705192935983e-05,1.650007844789573,1.6499999999999999,3.2999999999999998,-0.0002614247529064393,5.0085365422446987e-06,2.8348553999638022e-06,2.8348569359873489e-06,1.9243893118276871e-16,0.90483779801281938,2.173718709037896,0.91159891384239655
9.8669705192935988e-05,1.650007839797571,1.6499999999999999,3.2999999999999998,-0.0002614248089052097,5.0085369348840541e-06,2.8348554120996011e-06,2.8348568554457549e-06,1.9243893107022409e-16,0.90483779463290193,2.1737187028081451,0.91159891168452245
9.8869705192935992e-05,1.6500078421494251,1.6499999999999999,3.2999999999999998,-0.0002614247503705791,5.0085365896591187e-06,2.8348554177198032e-06,2.8348569561133519e-06,1.924388463754697e-16,0.90483779306779921,2.1737187082805658,0.9115989144188148
9.9069705192935997e-05,1.650007845553308,1.6499999999999999,3.2999999999999998,-0.00026142481207894799,5.0085369079077776e-06,2.834855402435366e-06,2.8348568457657421e-06,1.9243893123759129e-16,0.90483779732437419,2.173718703238638,0.91159891140526883
9.9269705192936002e-05,1.650007842502033,1.6499999999999999,3.2999999999999998,-0.00026142475354384457,5.0085366213649714e-06,2.834855432207531e-06,2.8348569721044061e-06,1.9243884612391371e-16,0.90483778903299106,2.1737187077736309,0.91159891487748668
9.9469705192936007e-05,1.650007847168584,1.6499999999999999,3.2999999999999998,-0.00026142481713432392,5.0085368900132944e-06,2.834855400980404e-06,2.834856839876616e-06,1.924389312768101e-16,0.90483779772957695,2.1737187035245311,0.91159891124330228
9.9669705192936012e-05,1.6500078430632421,1.6499999999999999,3.2999999999999998,-0.00026142474869574842,5.0085365785184696e-06,2.834855402186667e-06,2.834856943564835e-06,1.9243884662806841e-16,0.9048377973937598,2.173718708459472,0.91159891405142268
9.9869705192936017e-05,1.650007835268672,1.6499999999999999,3.2999999999999998,-0.00026142481558781648,5.0085369831289553e-06,2.834855450500788e-06,2.8348568919532549e-06,1.924388459320653e-16,0.90483778393822711,2.1737187020350248,0.91159891274121274
0.00010006970519293599,1.6500078404800751,1.6499999999999999,3.2999999999999998,-0.00026142475676460162,5.0085365986839084e-06,2.8348554161213161e-06,2.8348569554981079e-06,1.9243884639689501e-16,0.90483779351297811,2.1737187081371641,0.91159891439930019
0.000100269705192936,1.6500078382394741,1.6499999999999999,3.2999999999999998,-0.00026142480916133441,5.0085369103188527e-06,2.8348554132043798e-06,2.8348568552135142e-06,1.92438846567164e-16,0.9048377943252206,2.1737187031988991,0.91159891168021867
0.000100469705192936,1.650007844839396,1.6499999999999999,3.2999999999999998,-0.00026142475756199519,5.0085365982114681e-06,2.8348554124893341e-06,2.8348569516495789e-06,1.924388464573384e-16,0.90483779452447899,2.173718708144893,0.91159891428865114
0.000100669705192936,1.650007839916225,1.6499999999999999,3.2999999999999998,-0.00026142481333936679,5.0085369549578456e-06,2.8348554377679601e-06,2.8348568814635442e-06,1.9243884614532441e-16,0.90483778748430232,2.173718702484615,0.91159891243455093
0.000100869705192936,1.6500078395672011,1.6499999999999999,3.2999999999999998,-0.00026142475223544728,5.0085365990303762e-06,2.8348554159298799e-06,2.8348569526881451e-06,1.9243884640576639e-16,0.90483779356628879,2.173718708132562,0.91159891432291817
0.00010106970519293601,1.650007839881064,1.6499999999999999,3.2999999999999998,-0.00026142481042156212,5.0085369185604528e-06,2.834855416232756e-06,2.834856863593544e-06,1.9243884650291429e-16,0.90483779348182702,2.1737187030667058,0.91159891191241027
0.00010126970519293611,1.6500078432848631,1.6499999999999999,3.2999999999999998,-0.00026142475751345789,5.0085365609406166e-06,2.8348553912761741e-06,2.8348569268059332e-06,1.9243893132131961e-16,0.90483780043230588,2.1737187087414962,0.91159891357837863
0.0001014697051929361,1.6500078499319499,1.6499999999999999,3.2999999999999998,-0.00026142481707190179,5.0085369209487384e-06,2.8348554195115731e-06,2.834856866787604e-06,1.924388464483705e-16,0.90483779256868213,2.1737187030281562,0.91159891200471799
0.0001016697051929361,1.6500078437412991,1.6499999999999999,3.2999999999999998,-0.00026142475526451468,5.0085365556358271e-06,2.8348553932753192e-06,2.8348569244260129e-06,1.92438931299715e-16,0.90483779987554536,2.173718708826379,0.91159891351755973
0.00010186970519293611,1.6500078457289651,1.6499999999999999,3.2999999999999998,-0.00026142481286224562,5.0085369452842736e-06,2.834855429374537e-06,2.8348568796103238e-06,1.9243884627198529e-16,0.90483778982186491,2.1737187026389222,0.91159891236936974
0.0001020697051929361,1.6500078459147369,1.6499999999999999,3.2999999999999998,-0.00026142475663572322,5.0085365827859122e-06,2.8348554056333711e-06,2.8348569355403108e-06,1.9243884659547299e-16,0.90483779643384443,2.1737187083928151,0.91159891384044811
0.0001022697051929361,1.6500078446061219,1.6499999999999999,3.2999999999999998,-0.00026142481029493663,5.0085369090285877e-06,2.8348554123327169e-06,2.8348568637944412e-06,1.924388465609269e-16,0.9048377945679893,2.173718703218178,0.91159891191086262
0.00010246970519293609,1.6500078431123271,1.6499999999999999,3.2999999999999998,-0.00026142475700238331,5.0085366144047069e-06,2.8348554230717381e-06,2.8348569518667908e-06,1.9243884630114961e-16,0.9048377915772845,2.17371870788743,0.91159891431348239
0.0001026697051929361,1.650007842634692,1.6499999999999999,3.2999999999999998,-0.00026142481535023601,5.0085368890404372e-06,2.834855402761544e-06,2.8348568543104729e-06,1.924389312196679e-16,0.90483779723354396,2.1737187035375292,0.91159891163708029
0.0001028697051929361,1.65000784129125,1.6499999999999999,3.2999999999999998,-0.00026142475338224592,5.0085365568314184e-06,2.8348553853992342e-06,2.834856916070566e-06,1.9243893143014721e-16,0.90483780206902109,2.173718708808186,0.91159891327734899
0.00010306970519293609,1.6500078344768521,1.6499999999999999,3.2999999999999998,-0.00026142480965723282,5.0085369198004167e-06,2.8348554196254321e-06,2.8348568732819458e-06,1.9243884643267481e-16,0.9048377925369786,2.173718703045378,0.91159891218066158
0.0001032697051929361,1.650007839107551,1.6499999999999999,3.2999999999999998,-0.00026142475185122847,5.0085365987053798e-06,2.8348554106126661e-06,2.834856939517158e-06,1.924388465108704e-16,0.90483779504711725,2.1737187081388241,0.91159891395698167
0.0001034697051929361,1.650007845874943,1.6499999999999999,3.2999999999999998,-0.00026142481415466552,5.0085369869086026e-06,2.8348554568382161e-06,2.8348569126062038e-06,1.9243884579475031e-16,0.90483778217327837,2.1737187019717732,0.91159891331144138
0.0001036697051929361,1.6500078410089261,1.6499999999999999,3.2999999999999998,-0.00026142475432242799,5.0085366137521933e-06,2.8348554222558319e-06,2.834856944799427e-06,1.924388463286613e-16,0.90483779180450619,2.1737187078986668,0.91159891412077509
0.0001038697051929361,1.650007838718804,1.6499999999999999,3.2999999999999998,-0.00026142480951457067,5.0085368946373387e-06,2.834855407914499e-06,2.8348568639070542e-06,1.9243893112323311e-16,0.9048377957984598,2.1737187034470891,0.91159891190599762
0.00010406970519293611,1.6500078400974889,1.6499999999999999,3.2999999999999998,-0.00026142475282308052,5.0085365706793906e-06,2.8348553949036951e-06,2.8348569184641261e-06,1.924389312852007e-16,0.90483779942203435,2.1737187085878742,0.91159891335914245
0.0001042697051929361,1.6500078380842249,1.6499999999999999,3.2999999999999998,-0.00026142480707486122,5.0085369459878438e-06,2.834855433409104e-06,2.8348568915142368e-06,1.9243884618784241e-16,0.90483778869825315,2.1737187026258491,0.91159891269872106
0.0001044697051929361,1.6500078420722319,1.6499999999999999,3.2999999999999998,-0.00026142475913806768,5.0085366361250804e-06,2.8348554304810919e-06,2.834856952719612e-06,1.9243884618710169e-16,0.9048377895137828,2.1737187075418158,0.9115989143498302
0.00010466970519293611,1.6500078364933251,1.6499999999999999,3.2999999999999998,-0.00026142480961049812,5.0085369298317533e-06,2.8348554249837181e-06,2.834856885808678e-06,1.9243884632546979e-16,0.90483779104471107,2.1737187028839311,0.91159891252923508
0.0001048697051929361,1.6500078385566179,1.6499999999999999,3.2999999999999998,-0.00026142476124297009,5.0085365984498977e-06,2.8348554106946648e-06,2.8348569316298938e-06,1.9243884652728829e-16,0.90483779502427075,2.173718708144027,0.91159891374369661
0.0001050697051929361,1.65000784632872,1.6499999999999999,3.2999999999999998,-0.00026142481791904912,5.0085369270407916e-06,2.8348554265764581e-06,2.834856888182282e-06,1.9243884629834789e-16,0.904837790601139,2.1737187029282539,0.91159891259631964
0.00010526970519293609,1.650007844495645,1.6499999999999999,3.2999999999999998,-0.0002614247583723609,5.0085367034852392e-06,2.8348554629596462e-06,2.834856986630424e-06,1.9243884562858859e-16,0.9048377804685559,2.1737187064648129,0.91159891532563997
0.00010546970519293619,1.650007840612681,1.6499999999999999,3.2999999999999998,-0.00026142481613328331,5.0085369224972476e-06,2.8348554275585161e-06,2.834856883078039e-06,1.9243884629704741e-16,0.90483779032763267,2.173718703000906,0.91159891245995661
0.0001056697051929362,1.650007846872007,1.6499999999999999,3.2999999999999998,-0.00026142475794149977,5.008536601394601e-06,2.8348554105407501e-06,2.8348569341700249e-06,1.9243884652297219e-16,0.90483779506713768,2.1737187080977689,0.91159891381215685
0.0001058697051929362,1.650007846807489,1.6499999999999999,3.2999999999999998,-0.00026142481123776789,5.0085369472755973e-06,2.8348554428135901e-06,2.834856901783201e-06,1.9243884603062741e-16,0.90483778607911736,2.1737187026041358,0.9115989129934482
0.00010606970519293619,1.6500078408679451,1.6499999999999999,3.2999999999999998,-0.0002614247551982715,5.0085366636849177e-06,2.834855440933395e-06,2.8348569626888251e-06,1.924388460076775e-16,0.90483778660283132,2.173718707101632,0.91159891463832166
0.0001062697051929362,1.650007840274248,1.6499999999999999,3.2999999999999998,-0.00026142481428386739,5.0085369125318313e-06,2.8348554270877941e-06,2.8348568848991818e-06,1.9243884630272861e-16,0.90483779045873114,2.173718703159556,0.91159891250839498
0.0001064697051929362,1.650007835857078,1.6499999999999999,3.2999999999999998,-0.00026142475507061298,5.0085366924943531e-06,2.8348554464075941e-06,2.834856971886611e-06,1.9243884590053811e-16,0.90483778507827661,2.1737187066417172,0.91159891489702061
0.0001066697051929362,1.6500078349384331,1.6499999999999999,3.2999999999999998,-0.00026142481504943919,5.0085369334873104e-06,2.834855441179788e-06,2.8348568996889281e-06,1.924388460627341e-16,0.90483778653412794,2.1737187028243379,0.91159891293385298
0.0001068697051929362,1.6500078404218379,1.6499999999999999,3.2999999999999998,-0.00026142475900938779,5.0085366530443001e-06,2.8348554244086221e-06,2.8348569482837241e-06,1.9243884627837519e-16,0.90483779120495844,2.173718707272621,0.91159891421891404
0.00010706970519293621,1.6500078412642289,1.6499999999999999,3.2999999999999998,-0.00026142480969133721,5.0085369649182043e-06,2.8348554552527259e-06,2.8348569138450031e-06,1.9243884582122869e-16,0.90483778261483794,2.1737187023211151,0.91159891334212728
0.0001072697051929362,1.6500078429250691,1.6499999999999999,3.2999999999999998,-0.00026142475929643617,5.0085366944438536e-06,2.8348554512981832e-06,2.8348569715508658e-06,1.924388458309942e-16,0.90483778371625379,2.173718706610769,0.91159891489669365
0.0001074697051929362,1.6500078406265839,1.6499999999999999,3.2999999999999998,-0.00026142481307207691,5.008536928078983e-06,2.8348554409891802e-06,2.8348568991331e-06,1.9243884606830969e-16,0.90483778658721425,2.17371870291006,0.91159891291847084
0.00010766970519293621,1.6500078290178359,1.6499999999999999,3.2999999999999998,-0.00026142474945690041,5.0085366734356967e-06,2.8348554346557141e-06,2.8348569562250781e-06,1.9243884610854971e-16,0.90483778835115547,2.1737187069472061,0.9115989144521639
0.0001078697051929362,1.650007842839146,1.6499999999999999,3.2999999999999998,-0.00026142481815962529,5.0085369526330544e-06,2.8348554535498551e-06,2.8348569133475542e-06,1.924388458503171e-16,0.90483778308908502,2.17371870251695,0.91159891332561571
0.0001080697051929362,1.650007837398096,1.6499999999999999,3.2999999999999998,-0.00026142475264583911,5.0085366658238851e-06,2.8348554326394132e-06,2.8348569522124861e-06,1.9243884614849521e-16,0.90483778891268896,2.1737187070690571,0.91159891433996976
0.00010826970519293619,1.650007844128853,1.6499999999999999,3.2999999999999998,-0.00026142481870210498,5.0085369626118403e-06,2.834855459740093e-06,2.8348569202277889e-06,1.924388457438086e-16,0.90483778136511905,2.173718702357303,0.91159891352288702
0.0001084697051929362,1.650007838013593,1.6499999999999999,3.2999999999999998,-0.0002614247501419992,5.0085366631729041e-06,2.8348554338914359e-06,2.8348569509300791e-06,1.9243884613429931e-16,0.9048377885640011,2.173718707111461,0.9115989143075095
0.0001086697051929362,1.650007835083827,1.6499999999999999,3.2999999999999998,-0.00026142481398196702,5.0085369606635968e-06,2.8348554547382741e-06,2.8348569199875801e-06,1.9243884581621721e-16,0.90483778275811855,2.1737187023883728,0.91159891350742672
0.00010886970519293619,1.650007843122411,1.6499999999999999,3.2999999999999998,-0.0002614247539850736,5.008536658071826e-06,2.8348554326446432e-06,2.834856947398839e-06,1.9243884616144781e-16,0.90483778891122912,2.173718707193121,0.91159891420972061
0.0001090697051929362,1.650007836386739,1.6499999999999999,3.2999999999999998,-0.00026142481213228157,5.0085369259854521e-06,2.834855434409006e-06,2.8348569017326221e-06,1.924388461569411e-16,0.90483778841978901,2.173718702942403,0.91159891297702889
0.0001092697051929362,1.650007840119464,1.6499999999999999,3.2999999999999998,-0.00026142475393701092,5.0085366129208678e-06,2.834855406088999e-06,2.834856919435213e-06,1.9243884661563081e-16,0.90483779630693373,2.1737187079154578,0.91159891340545196
0.0001094697051929363,1.6500078297847041,1.6499999999999999,3.2999999999999998,-0.00026142481079297341,5.008536961384437e-06,2.8348554547597768e-06,2.8348569243901381e-06,1.9243884580592479e-16,0.904837782752136,2.1737187023765498,0.91159891362660095
0.0001096697051929363,1.6500078385399259,1.6499999999999999,3.2999999999999998,-0.00026142475667955832,5.0085366113175674e-06,2.834855413033208e-06,2.8348569216949711e-06,1.9243884651215259e-16,0.90483779437297618,2.1737187079419149,0.91159891347903832
0.0001098697051929363,1.650007842318215,1.6499999999999999,3.2999999999999998,-0.00026142481423797127,5.0085369220273188e-06,2.8348554299071801e-06,2.8348569027504321e-06,1.924388462200425e-16,0.904837789673548,2.1737187030055178,0.91159891299650864
0.00011006970519293631,1.650007842324446,1.6499999999999999,3.2999999999999998,-0.00026142475860889723,5.0085367025288678e-06,2.8348554569679011e-06,2.834856967050844e-06,1.9243884575774191e-16,0.90483778213723232,2.1737187064830139,0.91159891478507737
0.0001102697051929363,1.650007833018414,1.6499999999999999,3.2999999999999998,-0.00026142480792301409,5.0085369170194711e-06,2.83485542609434e-06,2.8348568964528942e-06,1.924388462898682e-16,0.90483779073541637,2.173718703085687,0.91159891281926453
0.0001104697051929363,1.650007839221632,1.6499999999999999,3.2999999999999998,-0.00026142475830590712,5.0085366876964366e-06,2.8348554498991659e-06,2.834856961639904e-06,1.924388458749851e-16,0.90483778410586735,2.173718706720229,0.91159891462599396
0.00011066970519293631,1.6500078407332981,1.6499999999999999,3.2999999999999998,-0.00026142480895948041,5.0085369439497741e-06,2.834855452786952e-06,2.8348569198346822e-06,1.924388458494251e-16,0.9048377833015625,2.17371870265496,0.91159891349979572
0.0001108697051929363,1.650007843475616,1.6499999999999999,3.2999999999999998,-0.00026142475669526857,5.0085366716270696e-06,2.8348554369599161e-06,2.8348569486837951e-06,1.9243884609300661e-16,0.90483778770942869,2.1737187069775512,0.91159891425221917
0.0001110697051929363,1.650007840124563,1.6499999999999999,3.2999999999999998,-0.00026142481489200111,5.0085369317681816e-06,2.8348554414745199e-06,2.8348569122958488e-06,1.9243884603104721e-16,0.90483778645205948,2.1737187028489222,0.91159891327553
0.00011126970519293629,1.6500078414005881,1.6499999999999999,3.2999999999999998,-0.0002614247614471761,5.0085366906989228e-06,2.8348554431533062e-06,2.834856955405251e-06,1.924388459840538e-16,0.90483778598457987,2.1737187066728958,0.9115989144451967
0.0001114697051929363,1.6500078485264289,1.6499999999999999,3.2999999999999998,-0.00026142481830505789,5.0085369324443909e-06,2.8348554457199092e-06,2.8348569159180391e-06,1.92438845962298e-16,0.9048377852697258,2.1737187028377392,0.91159891338115151
0.0001116697051929363,1.6500078367227859,1.6499999999999999,3.2999999999999998,-0.00026142475816177691,5.0085366722642298e-06,2.834855433954611e-06,2.8348569458701059e-06,1.9243884614189311e-16,0.90483778854639918,2.1737187069678452,0.91159891417069683
0.00011186970519293629,1.6500078378558301,1.6499999999999999,3.2999999999999998,-0.00026142481015625828,5.0085369109931663e-06,2.8348554333487448e-06,2.8348569029698001e-06,1.9243884617383029e-16,0.90483778871507581,2.173718703180691,0.91159891300861007
0.0001120697051929363,1.650007837319647,1.6499999999999999,3.2999999999999998,-0.00026142475685410712,5.0085366714596604e-06,2.8348554293233478e-06,2.834856940477701e-06,1.9243884622010699e-16,0.90483778983620189,2.1737187069811421,0.91159891401648196
0.0001122697051929363,1.6500078442266479,1.6499999999999999,3.2999999999999998,-0.00026142481830515639,5.0085369106337321e-06,2.834855436044802e-06,2.834856904933131e-06,1.9243884613115809e-16,0.90483778796422798,2.1737187031862568,0.9115989130665676
0.0001124697051929363,1.650007842068363,1.6499999999999999,3.2999999999999998,-0.00026142475752373879,5.0085366697248496e-06,2.8348554275871052e-06,2.8348569392469058e-06,1.924388462481081e-16,0.90483779031973988,2.1737187070089159,0.91159891398006621
0.0001126697051929363,1.6500078478446349,1.6499999999999999,3.2999999999999998,-0.0002614248158176823,5.0085369124165806e-06,2.8348554360792868e-06,2.8348569071125091e-06,1.9243884612529131e-16,0.90483778795462666,2.1737187031576299,0.91159891312560337
0.00011286970519293631,1.650007835722231,1.6499999999999999,3.2999999999999998,-0.00026142474990072578,5.0085366981779687e-06,2.8348554413837328e-06,2.8348569533871349e-06,1.924388460114984e-16,0.90483778647739921,2.1737187065543089,0.91159891438741669
0.0001130697051929363,1.6500078387855399,1.6499999999999999,3.2999999999999998,-0.00026142481669509969,5.0085368929357969e-06,2.8348554248270699e-06,2.8348568934753032e-06,1.924388463218097e-16,0.90483779108834883,2.1737187034692642,0.91159891273642302
0.0001132697051929363,1.650007843211484,1.6499999999999999,3.2999999999999998,-0.00026142475329716169,5.0085367235556696e-06,2.834855456018472e-06,2.83485696985758e-06,1.9243884575870459e-16,0.90483778240165014,2.1737187061485912,0.91159891485932409
0.00011346970519293631,1.650007833584773,1.6499999999999999,3.2999999999999998,-0.00026142481411189873,5.0085368896544912e-06,2.834855429140636e-06,2.8348568971415121e-06,1.924388462531895e-16,0.90483778988702634,2.17371870352124,0.91159891284335814
0.00011366970519293641,1.6500078446406781,1.6499999999999999,3.2999999999999998,-0.00026142475924535572,5.0085366657728683e-06,2.8348554235253641e-06,2.83485693765788e-06,1.9243884631073281e-16,0.90483779145093146,2.1737187070728341,0.91159891392979098
0.0001138697051929364,1.65000784246528,1.6499999999999999,3.2999999999999998,-0.00026142481050777088,5.0085368889408041e-06,2.8348554317001709e-06,2.834856899494249e-06,1.924388462116999e-16,0.90483778917420088,2.1737187035320811,0.91159891291160833
0.0001140697051929364,1.6500078447263189,1.6499999999999999,3.2999999999999998,-0.0002614247565345079,5.0085367069490322e-06,2.8348554402078262e-06,2.8348569557529191e-06,1.924388460203577e-16,0.90483778680489113,2.1737187064144159,0.91159891444932806
0.00011426970519293639,1.650007842403401,1.6499999999999999,3.2999999999999998,-0.00026142481296354491,5.0085369059064624e-06,2.8348554397606182e-06,2.834856907229536e-06,1.9243884607452981e-16,0.90483778692937622,2.1737187032611831,0.9115989131353649
0.0001144697051929364,1.650007842938261,1.6499999999999999,3.2999999999999998,-0.00026142475508311459,5.0085366450562568e-06,2.8348554099906111e-06,2.8348569235794288e-06,1.924388465411401e-16,0.90483779522033903,2.173718707404463,0.91159891352457889
0.0001146697051929364,1.650007834717562,1.6499999999999999,3.2999999999999998,-0.00026142480969482129,5.0085369397965996e-06,2.8348554594135419e-06,2.8348569282725479e-06,1.9243884573748349e-16,0.90483778145607208,2.1737187027187459,0.91159891373999713
0.00011486970519293639,1.6500078324573351,1.6499999999999999,3.2999999999999998,-0.00026142475690068369,5.0085366760773096e-06,2.834855424120115e-06,2.834856934683949e-06,1.9243884630573069e-16,0.90483779128528885,2.1737187069084261,0.91159891385037894
0.0001150697051929364,1.650007844551816,1.6499999999999999,3.2999999999999998,-0.0002614248158666304,5.0085369620894776e-06,2.834855465547228e-06,2.8348569402832078e-06,1.924388456166705e-16,0.90483777974785173,2.1737187023622542,0.91159891407599514
0.0001152697051929364,1.6500078377042919,1.6499999999999999,3.2999999999999998,-0.00026142475436483412,5.0085366366808628e-06,2.834855413130998e-06,2.8348569155232981e-06,1.924388465167869e-16,0.90483779434573774,2.173718707538415,0.91159891331220266
0.0001154697051929364,1.650007839090871,1.6499999999999999,3.2999999999999998,-0.00026142481422428067,5.0085369311071249e-06,2.8348554463314039e-06,2.8348569266631679e-06,1.924388459301341e-16,0.9048377850994378,2.173718702857542,0.91159891367301571
0.0001156697051929364,1.6500078465592061,1.6499999999999999,3.2999999999999998,-0.00026142476093496029,5.0085366859475626e-06,2.8348554395396731e-06,2.8348569402600059e-06,1.9243884607061721e-16,0.90483778699095785,2.173718706750944,0.91159891402889015
0.00011586970519293641,1.650007843919358,1.6499999999999999,3.2999999999999998,-0.00026142481146557118,5.0085369702531769e-06,2.8348554662705739e-06,2.8348569472188368e-06,1.924388455885027e-16,0.9048377795464092,2.1737187022315259,0.91159891426497175
0.0001160697051929364,1.6500078433301231,1.6499999999999999,3.2999999999999998,-0.00026142475972278941,5.0085367406556241e-06,2.8348554676736221e-06,2.8348569697540861e-06,1.924388455876548e-16,0.90483777915569386,2.1737187058762122,0.91159891487740008
0.0001162697051929364,1.650007847025285,1.6499999999999999,3.2999999999999998,-0.0002614248121513921,5.0085368977171632e-06,2.8348554281879421e-06,2.834856906468468e-06,1.9243884624362671e-16,0.90483779015236177,2.1737187033915659,0.91159891309404184
0.00011646970519293641,1.6500078386707331,1.6499999999999999,3.2999999999999998,-0.00026142475127080718,5.0085367131910187e-06,2.8348554507804851e-06,2.8348569562811759e-06,1.9243884586662929e-16,0.90483778386041069,2.1737187063156469,0.91159891448256025
0.0001166697051929364,1.6500078444412991,1.6499999999999999,3.2999999999999998,-0.00026142481825922081,5.0085368704184323e-06,2.834855419105818e-06,2.8348568947182588e-06,1.924388464073926e-16,0.90483779268171649,2.1737187038275829,0.91159891275981109
0.0001168697051929364,1.6500078490136501,1.6499999999999999,3.2999999999999998,-0.00026142475492248949,5.0085366950406637e-06,2.8348554357429499e-06,2.834856942476246e-06,1.9243884611706921e-16,0.90483778804834436,2.1737187066062371,0.91159891408206006
0.00011706970519293639,1.6500078401180811,1.6499999999999999,3.2999999999999998,-0.00026142481197615679,5.0085368660703191e-06,2.8348554183580832e-06,2.8348568913940772e-06,1.924388464267403e-16,0.90483779288995803,2.173718703897157,0.91159891266851933
0.0001172697051929364,1.650007846062056,1.6499999999999999,3.2999999999999998,-0.00026142475616644539,5.0085367360871934e-06,2.8348554521725012e-06,2.8348569637623911e-06,1.9243884582327009e-16,0.90483778347274146,2.1737187059503009,0.91159891468749576
0.0001174697051929364,1.6500078401613321,1.6499999999999999,3.2999999999999998,-0.00026142481684002342,5.0085368849026559e-06,2.83485543523835e-06,2.8348569061219578e-06,1.9243884614777769e-16,0.90483778818882699,2.1737187035953229,0.91159891309729546
0.0001176697051929364,1.6500078440063941,1.6499999999999999,3.2999999999999998,-0.0002614247563097922,5.0085366852769734e-06,2.8348554242905749e-06,2.8348569343169492e-06,1.924388463013504e-16,0.90483779123781716,2.1737187067627191,0.91159891384075331
0.00011786970519293649,1.6500078406989751,1.6499999999999999,3.2999999999999998,-0.0002614248104135812,5.0085369511576746e-06,2.8348554671797379e-06,2.8348569408309269e-06,1.9243884559549021e-16,0.90483777929319986,2.1737187025362328,0.91159891409374338
0.0001180697051929365,1.6500078354930729,1.6499999999999999,3.2999999999999998,-0.00026142476077487122,5.0085367098036696e-06,2.8348554404334881e-06,2.834856945028203e-06,1.9243884604008891e-16,0.90483778674203685,2.1737187063705741,0.91159891415951888
0.0001182697051929365,1.65000784248278,1.6499999999999999,3.2999999999999998,-0.00026142481554862788,5.0085369692402382e-06,2.834855479156921e-06,2.8348569544181108e-06,1.9243884538917621e-16,0.9048377759575752,2.173718702247033,0.91159891448286923
0.0001184697051929365,1.6500078444202451,1.6499999999999999,3.2999999999999998,-0.00026142475527282102,5.0085366266198664e-06,2.8348554013182011e-06,2.834856901245792e-06,1.924389312151229e-16,0.9048377976355787,2.173718707700631,0.91159891290468997
0.0001186697051929365,1.650007844323937,1.6499999999999999,3.2999999999999998,-0.00026142481023864778,5.008536923408899e-06,2.8348554470912352e-06,2.8348569293409512e-06,1.9243884591567581e-16,0.90483778488782773,2.17371870297919,0.91159891374683777
0.00011886970519293651,1.6500078380347141,1.6499999999999999,3.2999999999999998,-0.00026142475429974919,5.008536663591191e-06,2.8348554235026602e-06,2.8348569216805e-06,1.9243884634717759e-16,0.90483779145723708,2.1737187071094728,0.91159891349739386
0.0001190697051929365,1.6500078449481861,1.6499999999999999,3.2999999999999998,-0.00026142481432124868,5.0085369299766112e-06,2.8348554493598622e-06,2.834856933731164e-06,1.9243884587161711e-16,0.90483778425602157,2.1737187028742322,0.9115989138697036
0.0001192697051929365,1.650007835442076,1.6499999999999999,3.2999999999999998,-0.00026142475198729222,5.0085367021550129e-06,2.83485544421231e-06,2.8348569392333571e-06,1.924388460014096e-16,0.90483778568962847,2.1737187064932799,0.91159891400947524
0.00011946970519293651,1.6500078383200909,1.6499999999999999,3.2999999999999998,-0.00026142481550148791,5.0085369584355554e-06,2.834855461765422e-06,2.8348569489923659e-06,1.9243884565234639e-16,0.9048377808010919,2.173718702419567,0.9115989143048957
0.0001196697051929365,1.650007848021164,1.6499999999999999,3.2999999999999998,-0.00026142475555931402,5.0085366552112713e-06,2.8348554253978719e-06,2.8348569167065091e-06,1.9243884633374581e-16,0.90483779092941774,2.173718707243895,0.91159891336619292
0.0001198697051929365,1.650007842756011,1.6499999999999999,3.2999999999999998,-0.00026142481733558768,5.0085369733360567e-06,2.834855462447583e-06,2.8348569549397891e-06,1.924388456249051e-16,0.90483778061111531,2.1737187021807158,0.91159891446705477
0.00012006970519293649,1.650007840320076,1.6499999999999999,3.2999999999999998,-0.0002614247558460792,5.0085366349522506e-06,2.8348554171426049e-06,2.834856905616341e-06,1.9243884648212889e-16,0.90483779322849534,2.173718707567394,0.91159891305130436
0.0001202697051929365,1.650007844272416,1.6499999999999999,3.2999999999999998,-0.00026142481357229521,5.0085368862244254e-06,2.834855419427339e-06,2.834856912976627e-06,1.9243884635750381e-16,0.90483779259219121,2.1737187035733871,0.91159891325446407
0.0001204697051929365,1.6500078369828299,1.6499999999999999,3.2999999999999998,-0.00026142475087046353,5.0085367167019703e-06,2.8348554617428482e-06,2.8348569526294572e-06,1.9243884571745101e-16,0.90483778080739552,2.1737187062609449,0.91159891440337748
0.0001206697051929365,1.650007840872012,1.6499999999999999,3.2999999999999998,-0.00026142481792609622,5.0085369387489291e-06,2.8348554449905719e-06,2.834856935400101e-06,1.9243884592752701e-16,0.90483778547286842,2.1737187027339631,0.91159891390703796
0.0001208697051929365,1.6500078473043269,1.6499999999999999,3.2999999999999998,-0.00026142475315066711,5.0085367424408536e-06,2.8348554661830529e-06,2.8348569575187439e-06,1.9243884563551851e-16,0.90483777957080469,2.173718705849387,0.91159891454363684
0.0001210697051929365,1.6500078331663011,1.6499999999999999,3.2999999999999998,-0.00026142481039904053,5.0085369215276337e-06,2.8348554398296802e-06,2.834856927603028e-06,1.9243884602358801e-16,0.90483778691016659,2.173718703009031,0.91159891368680357
0.0001212697051929365,1.650007844877968,1.6499999999999999,3.2999999999999998,-0.0002614247556224766,5.0085367298232662e-06,2.834855463286462e-06,2.834856955749185e-06,1.9243884568455139e-16,0.90483778037750517,2.173718706051059,0.91159891449056385
0.0001214697051929365,1.650007842022335,1.6499999999999999,3.2999999999999998,-0.00026142481073413131,5.0085369346382189e-06,2.8348554498096091e-06,2.8348569354983589e-06,1.9243884585986861e-16,0.90483778413076743,2.173718702799377,0.91159891391832992
0.00012166970519293651,1.6500078495631301,1.6499999999999999,3.2999999999999998,-0.00026142476024708399,5.008536756676778e-06,2.834855472473045e-06,2.8348569698113202e-06,1.9243884551430789e-16,0.90483777781905861,2.1737187056222891,0.91159891488754374
0.00012186970519293661,1.6500078407071519,1.6499999999999999,3.2999999999999998,-0.00026142481344503768,5.0085369027362747e-06,2.8348554386741562e-06,2.834856921292874e-06,1.9243884605974239e-16,0.90483778723197172,2.173718703309147,0.91159891351397815
0.0001220697051929366,1.6500078413907839,1.6499999999999999,3.2999999999999998,-0.00026142475740836162,5.0085367310061189e-06,2.8348554531911938e-06,2.8348569539854459e-06,1.924388458319964e-16,0.90483778318902863,2.1737187060328722,0.91159891442475349
0.00012226970519293659,1.650007848844611,1.6499999999999999,3.2999999999999998,-0.00026142481429056538,5.0085369454050843e-06,2.8348554613674072e-06,2.8348569443319072e-06,1.9243884567228549e-16,0.90483778091193523,2.1737187026268581,0.91159891417807049
0.00012246970519293659,1.6500078410354579,1.6499999999999999,3.2999999999999998,-0.00026142475566990302,5.0085367229298944e-06,2.8348554472640562e-06,2.8348569446622301e-06,1.9243884593959501e-16,0.90483778483972543,2.173718706162119,0.9115989141618478
0.0001226697051929366,1.6500078415061219,1.6499999999999999,3.2999999999999998,-0.00026142481258423082,5.0085368719237284e-06,2.8348554240973032e-06,2.8348569056046659e-06,1.92438846311624e-16,0.90483779129160247,2.1737187038016761,0.91159891306334184
0.0001228697051929366,1.650007842653002,1.6499999999999999,3.2999999999999998,-0.00026142475739228779,5.008536748348213e-06,2.8348554584217281e-06,2.8348569606157251e-06,1.9243884573749e-16,0.90483778173233165,2.173718705755717,0.91159891461353892
0.00012306970519293661,1.6500078444144179,1.6499999999999999,3.2999999999999998,-0.00026142481309449962,5.0085368910342054e-06,2.834855439291899e-06,2.8348569195617449e-06,1.924388460583185e-16,0.9048377870599269,2.1737187034958132,0.9115989134682404
0.00012326970519293661,1.650007843781943,1.6499999999999999,3.2999999999999998,-0.00026142475707326471,5.0085367232979056e-06,2.8348554436382829e-06,2.8348569465315162e-06,1.9243884598702009e-16,0.90483778584950203,2.1737187061565719,0.91159891420593686
0.00012346970519293659,1.650007840812137,1.6499999999999999,3.2999999999999998,-0.00026142481065471779,5.008536916757483e-06,2.8348554509305099e-06,2.8348569307530631e-06,1.9243884585982251e-16,0.9048377838185927,2.1737187030843712,0.91159891379192748
0.0001236697051929366,1.650007836863721,1.6499999999999999,3.2999999999999998,-0.00026142475466505702,5.008536655509653e-06,2.8348554119976222e-06,2.8348569119025909e-06,1.9243884653530899e-16,0.90483779466137571,2.1737187072401669,0.91159891321219344
0.0001238697051929366,1.650007844746791,1.6499999999999999,3.2999999999999998,-0.00026142481794285479,5.0085369217869563e-06,2.834855454842579e-06,2.834856937170875e-06,1.924388457883077e-16,0.90483778272909199,2.173718703003753,0.91159891397260429
0.00012406970519293661,1.65000783916847,1.6499999999999999,3.2999999999999998,-0.0002614247568653902,5.0085366923714554e-06,2.8348554275056519e-06,2.83485692472707e-06,1.9243884627467159e-16,0.90483779034240752,2.173718706650988,0.91159891358700518
0.00012426970519293661,1.650007842725111,1.6499999999999999,3.2999999999999998,-0.00026142480963464021,5.0085369092248334e-06,2.834855447061977e-06,2.8348569310325509e-06,1.9243884591662661e-16,0.90483778489597833,2.173718703205,0.91159891379256308
0.00012446970519293659,1.6500078401325331,1.6499999999999999,3.2999999999999998,-0.00026142475582888018,5.0085367463049188e-06,2.834855460637532e-06,2.8348569567592722e-06,1.9243884571509e-16,0.90483778111523072,2.1737187057888758,0.91159891451315134
0.00012466970519293659,1.650007846125561,1.6499999999999999,3.2999999999999998,-0.00026142481824588019,5.0085368937832254e-06,2.8348554396520282e-06,2.8348569222753318e-06,1.9243884604632821e-16,0.90483778695963824,2.1737187034514909,0.91159891354231803
0.0001248697051929366,1.650007851565261,1.6499999999999999,3.2999999999999998,-0.00026142475474459718,5.0085367336248237e-06,2.83485545031728e-06,2.8348569494662931e-06,1.924388458821948e-16,0.90483778398940584,2.1737187059917118,0.91159891429731554
0.0001250697051929366,1.6500078435789871,1.6499999999999999,3.2999999999999998,-0.000261424813142899,5.0085368689935839e-06,2.834855428042534e-06,2.834856910219611e-06,1.924388462460335e-16,0.90483779019286392,2.173718703847535,0.91159891319529274
0.00012526970519293661,1.6500078402501701,1.6499999999999999,3.2999999999999998,-0.00026142475560546021,5.0085366893231778e-06,2.8348554238833761e-06,2.8348569238038608e-06,1.924388463292848e-16,0.90483779135120856,2.173718706700575,0.91159891355553424
0.00012546970519293661,1.6500078432062151,1.6499999999999999,3.2999999999999998,-0.00026142481727350929,5.0085368672088228e-06,2.8348554268194392e-06,2.8348569078689472e-06,1.9243884626922231e-16,0.90483779053349345,2.1737187038762671,0.91159891312949237
0.00012566970519293659,1.6500078350781049,1.6499999999999999,3.2999999999999998,-0.00026142475530230118,5.0085367048870719e-06,2.834855433374988e-06,2.834856933171994e-06,1.92438846168511e-16,0.90483778870780962,2.173718706451472,0.91159891382603964
0.00012586970519293659,1.6500078364953801,1.6499999999999999,3.2999999999999998,-0.00026142481138895592,5.0085368840142301e-06,2.8348554349741761e-06,2.834856918356215e-06,1.924388461246405e-16,0.90483778826241068,2.173718703607141,0.91159891342788679
0.00012606970519293671,1.6500078451198339,1.6499999999999999,3.2999999999999998,-0.00026142475654640632,5.0085367104909733e-06,2.8348554355626018e-06,2.8348569349032662e-06,1.92438846131793e-16,0.90483778809856241,2.1737187063618122,0.9115989138768068
0.00012626970519293671,1.6500078395931539,1.6499999999999999,3.2999999999999998,-0.0002614248179909353,5.0085369211169261e-06,2.8348554561260469e-06,2.834856938889745e-06,1.924388457663965e-16,0.90483778237164725,2.1737187030138889,0.91159891402141613
0.00012646970519293669,1.6500078363415369,1.6499999999999999,3.2999999999999998,-0.0002614247514271931,5.0085366574131504e-06,2.8348554116953191e-06,2.834856908409012e-06,1.924388465468112e-16,0.90483779474556003,2.1737187072110742,0.91159891311711561
0.0001266697051929367,1.6500078402225871,1.6499999999999999,3.2999999999999998,-0.00026142481011339462,5.008536825931425e-06,2.8348554073706598e-06,2.8348568912451332e-06,1.9243893109102039e-16,0.90483779594995195,2.173718704535502,0.91159891264481119
0.0001268697051929367,1.6500078396905391,1.6499999999999999,3.2999999999999998,-0.00026142475149067509,5.0085366704779932e-06,2.834855415620139e-06,2.8348569128315171e-06,1.9243884647710661e-16,0.90483779365250505,2.173718707002279,0.9115989132438197
0.00012706970519293671,1.6500078346727221,1.6499999999999999,3.2999999999999998,-0.00026142480989032311,5.0085368861051462e-06,2.8348554352303701e-06,2.8348569207108501e-06,1.924388461151344e-16,0.9048377881910642,2.173718703573718,0.9115989134920619
0.00012726970519293671,1.650007840775052,1.6499999999999999,3.2999999999999998,-0.00026142475408995802,5.0085367007084661e-06,2.8348554339897802e-06,2.8348569293418872e-06,1.924388461695133e-16,0.90483778853658658,2.1737187065185211,0.91159891372349822
0.00012746970519293669,1.6500078384082899,1.6499999999999999,3.2999999999999998,-0.00026142480741860611,5.0085368675491166e-06,2.8348554245516499e-06,2.8348569096665641e-06,1.9243884629744669e-16,0.90483779116507024,2.1737187038704331,0.91159891317407338
0.00012766970519293669,1.650007847037172,1.6499999999999999,3.2999999999999998,-0.00026142475656168278,5.0085367145121927e-06,2.8348554355293998e-06,2.8348569335892081e-06,1.924388461339726e-16,0.90483778810780791,2.1737187062981871,0.91159891384118874
0.0001278697051929367,1.650007842158991,1.6499999999999999,3.2999999999999998,-0.00026142481054433321,5.0085368541741132e-06,2.8348554240493708e-06,2.8348569067765589e-06,1.9243884631506341e-16,0.90483779130495456,2.173718704083889,0.91159891309497021
0.0001280697051929367,1.6500078343557361,1.6499999999999999,3.2999999999999998,-0.00026142475292555221,5.008536693880531e-06,2.8348554238962972e-06,2.8348569214813109e-06,1.9243884633287991e-16,0.90483779134760811,2.1737187066283519,0.91159891349270905
0.00012826970519293671,1.6500078342874751,1.6499999999999999,3.2999999999999998,-0.00026142481001822362,5.0085368745364193e-06,2.8348554336697411e-06,2.834856917929144e-06,1.9243884614704299e-16,0.90483778862569675,2.1737187037581118,0.91159891341399357
0.00012846970519293671,1.6500078424779669,1.6499999999999999,3.2999999999999998,-0.00026142475885795337,5.0085367330379629e-06,2.8348554458998541e-06,2.8348569440345012e-06,1.9243884595739531e-16,0.90483778521965286,2.173718706002191,0.91159891414241634
0.00012866970519293669,1.6500078371349729,1.6499999999999999,3.2999999999999998,-0.00026142480995434742,5.0085368692995924e-06,2.8348554337761259e-06,2.8348569169276681e-06,1.924388461493334e-16,0.90483778859606678,2.1737187038416979,0.91159891338708376
0.00012886970519293669,1.650007838057747,1.6499999999999999,3.2999999999999998,-0.00026142475858686868,5.0085367090377798e-06,2.8348554299857669e-06,2.8348569279223438e-06,1.9243884622721529e-16,0.90483778965170092,2.1737187063861718,0.91159891367791224
0.0001290697051929367,1.650007835723186,1.6499999999999999,3.2999999999999998,-0.00026142481272917601,5.0085368724837442e-06,2.834855434113799e-06,2.8348569168973608e-06,1.924388461436201e-16,0.90483778850202601,2.1737187037906809,0.9115989133868686
0.0001292697051929367,1.650007832605205,1.6499999999999999,3.2999999999999998,-0.00026142475526969532,5.0085367127386464e-06,2.83485543214067e-06,2.83485693108268e-06,1.924388461883739e-16,0.90483778905156387,2.1737187063270258,0.91159891376729141
0.00012946970519293671,1.650007847155704,1.6499999999999999,3.2999999999999998,-0.0002614248131760797,5.0085368821783387e-06,2.8348554373729179e-06,2.8348569221724241e-06,1.9243884608252921e-16,0.90483778759436662,2.1737187036354628,0.91159891353545053
0.00012966970519293669,1.6500078349667311,1.6499999999999999,3.2999999999999998,-0.00026142475233503618,5.0085366964057734e-06,2.8348554237266449e-06,2.8348569216193751e-06,1.9243884633422669e-16,0.90483779139485687,2.1737187065880281,0.91159891349614119
0.00012986970519293669,1.65000784746633,1.6499999999999999,3.2999999999999998,-0.00026142481362272611,5.0085368737681867e-06,2.8348554335969949e-06,2.8348569188600141e-06,1.9243884614624429e-16,0.90483778864595665,2.1737187037701422,0.91159891343905242
0.00013006970519293681,1.650007841662501,1.6499999999999999,3.2999999999999998,-0.00026142475133046682,5.0085367171237419e-06,2.8348554348923692e-06,2.834856932036548e-06,1.9243884614571309e-16,0.90483778828521766,2.1737187062570369,0.91159891379803282
0.00013026970519293681,1.6500078417883759,1.6499999999999999,3.2999999999999998,-0.00026142481563190708,5.008536884687346e-06,2.8348554411842862e-06,2.834856925639911e-06,1.924388460197626e-16,0.90483778653290825,2.1737187035954961,0.91159891363610857
0.00013046970519293679,1.650007845066068,1.6499999999999999,3.2999999999999998,-0.00026142475118691232,5.0085366775665756e-06,2.8348554147046429e-06,2.8348569095400301e-06,1.9243884649531751e-16,0.90483779390746844,2.1737187068897441,0.91159891315310926
0.00013066970519293679,1.650007836146473,1.6499999999999999,3.2999999999999998,-0.00026142480733958522,5.0085367927232222e-06,2.8348553947685189e-06,2.8348568816693461e-06,1.9243893130192519e-16,0.90483779945963061,2.173718705065963,0.91159891236311452
0.0001308697051929368,1.650007834843161,1.6499999999999999,3.2999999999999998,-0.00026142475627394739,5.0085367328957266e-06,2.8348554415211872e-06,2.8348569405574779e-06,1.9243884602756831e-16,0.90483778643910362,2.1737187060052712,0.9115989140404841
0.0001310697051929368,1.65000784106433,1.6499999999999999,3.2999999999999998,-0.00026142481536109381,5.0085368864846864e-06,2.8348554467880309e-06,2.8348569307020671e-06,1.9243884592811521e-16,0.90483778497227163,2.173718703566097,0.91159891378312929
0.00013126970519293681,1.6500078482291181,1.6499999999999999,3.2999999999999998,-0.00026142475785262832,5.0085367271552767e-06,2.834855436512794e-06,2.834856933798908e-06,1.9243884611567391e-16,0.90483778783393387,2.1737187060969672,0.9115989138486249
0.00013146970519293681,1.6500078404202081,1.6499999999999999,3.2999999999999998,-0.00026142480631895638,5.0085368424026532e-06,2.8348554235292181e-06,2.834856905772677e-06,1.9243884632825159e-16,0.90483779144981735,2.1737187042709309,0.91159891306687324
0.00013166970519293679,1.6500078399617539,1.6499999999999999,3.2999999999999998,-0.00026142475381820838,5.0085366894025643e-06,2.8348554173395489e-06,2.8348569163001141e-06,1.924388464391906e-16,0.90483779317365476,2.1737187067008121,0.91159891334076015
0.00013186970519293679,1.650007836947627,1.6499999999999999,3.2999999999999998,-0.00026142481317615321,5.0085368229657026e-06,2.8348554135933649e-06,2.8348568959270642e-06,1.924388464975879e-16,0.90483779421693589,2.1737187045818209,0.91159891278265159
0.0001320697051929368,1.6500078394301181,1.6499999999999999,3.2999999999999998,-0.00026142475562017592,5.0085367275110966e-06,2.8348554336596072e-06,2.834856934436244e-06,1.9243884615482271e-16,0.90483778862854392,2.1737187060915839,0.91159891386075997
0.0001322697051929368,1.6500078416728881,1.6499999999999999,3.2999999999999998,-0.00026142481135825463,5.0085368881327821e-06,2.8348554523301251e-06,2.8348569341027078e-06,1.924388458410824e-16,0.90483778342880605,2.1737187035394361,0.91159891388508152
0.00013246970519293681,1.650007844967309,1.6499999999999999,3.2999999999999998,-0.000261424754870576,5.0085367429547392e-06,2.834855443026676e-06,2.8348569409367691e-06,1.9243884600222509e-16,0.90483778601982834,2.173718705844748,0.91159891405344462
0.00013266970519293679,1.650007840064456,1.6499999999999999,3.2999999999999998,-0.00026142480955635588,5.0085368618700826e-06,2.8348554362051381e-06,2.8348569193706992e-06,1.924388461115301e-16,0.90483778791959202,2.1737187039593331,0.91159891345754374
0.00013286970519293679,1.650007846887197,1.6499999999999999,3.2999999999999998,-0.00026142476013301291,5.0085367284652479e-06,2.8348554343932042e-06,2.8348569332965281e-06,1.9243884614661099e-16,0.90483778842423668,2.173718706076659,0.91159891383123359
0.0001330697051929368,1.650007843050262,1.6499999999999999,3.2999999999999998,-0.00026142480944485181,5.0085367941435406e-06,2.8348554021433179e-06,2.8348568829310191e-06,1.9243893119356819e-16,0.90483779740575609,2.1737187050421021,0.91159891241046642
0.0001332697051929368,1.650007846302679,1.6499999999999999,3.2999999999999998,-0.00026142475893675189,5.0085366966185252e-06,2.8348554125484799e-06,2.8348569125400929e-06,1.924388465136319e-16,0.90483779450796209,2.173718706586,0.9115989132304313
0.00013346970519293681,1.650007848597119,1.6499999999999999,3.2999999999999998,-0.00026142480800985841,5.0085368190385072e-06,2.8348554175011552e-06,2.8348568983151419e-06,1.9243884643777839e-16,0.90483779312862112,2.173718704643997,0.91159891285427364
0.00013366970519293681,1.6500078418471471,1.6499999999999999,3.2999999999999998,-0.00026142475636914262,5.0085367154692434e-06,2.8348554235852048e-06,2.834856924158976e-06,1.9243884632485759e-16,0.90483779143425125,2.1737187062847791,0.91159891356460954
0.00013386970519293679,1.650007843550485,1.6499999999999999,3.2999999999999998,-0.00026142481159796668,5.0085368000192963e-06,2.8348554113847739e-06,2.8348568903638589e-06,1.924388465483475e-16,0.90483779483202331,2.1737187049479618,0.91159891262815451
0.00013406970519293679,1.650007839883983,1.6499999999999999,3.2999999999999998,-0.00026142475597039149,5.00853667876839e-06,2.8348554018680352e-06,2.8348569029645189e-06,1.924389311877463e-16,0.90483779748245097,2.1737187068716382,0.91159891295217998
0.00013426970519293691,1.650007845698328,1.6499999999999999,3.2999999999999998,-0.00026142481024260441,5.0085368404151819e-06,2.8348554301342201e-06,2.8348569111963848e-06,1.9243884622267981e-16,0.90483778961033212,2.1737187043019821,0.91159891322547104
0.00013446970519293691,1.650007838389685,1.6499999999999999,3.2999999999999998,-0.00026142475469455019,5.0085367175856001e-06,2.834855422644385e-06,2.8348569217672722e-06,1.9243884634293091e-16,0.90483779169626588,2.1737187062511381,0.91159891349820177
0.00013466970519293689,1.6500078400393721,1.6499999999999999,3.2999999999999998,-0.00026142480933353499,5.0085368154598362e-06,2.834855417008498e-06,2.8348568998709559e-06,1.924388464424309e-16,0.90483779326582714,2.173718704700947,0.91159891289549122
0.00013486970519293689,1.650007839387676,1.6499999999999999,3.2999999999999998,-0.00026142475565151099,5.0085367376538884e-06,2.834855433829785e-06,2.8348569334730909e-06,1.9243884615147439e-16,0.90483778858114894,2.1737187059304071,0.91159891383500202
0.0001350697051929369,1.6500078374203979,1.6499999999999999,3.2999999999999998,-0.00026142481056141628,5.0085368283148546e-06,2.8348554267547471e-06,2.8348569071486151e-06,1.924388462834821e-16,0.90483779055151103,2.173718704495013,0.91159891310988439
0.0001352697051929369,1.650007844724366,1.6499999999999999,3.2999999999999998,-0.00026142475734183709,5.0085367006805106e-06,2.834855414939811e-06,2.8348569151732401e-06,1.9243884647249059e-16,0.90483779384197671,2.1737187065216181,0.91159891330596543
0.00013546970519293691,1.650007844422261,1.6499999999999999,3.2999999999999998,-0.00026142480899877602,5.0085368331778368e-06,2.8348554282072209e-06,2.8348569097342929e-06,1.9243884625557551e-16,0.90483779014699883,2.1737187044174071,0.91159891318245501
0.00013566970519293689,1.650007843791174,1.6499999999999999,3.2999999999999998,-0.0002614247595264559,5.0085367151406378e-06,2.8348554224116991e-06,2.834856921262972e-06,1.9243884634811651e-16,0.90483779176106882,2.173718706290714,0.91159891348413868
0.00013586970519293689,1.650007843419796,1.6499999999999999,3.2999999999999998,-0.00026142480682997431,5.0085368437832331e-06,2.8348554339645581e-06,2.8348569164476262e-06,1.9243884615541421e-16,0.90483778854358887,2.173718704247622,0.91159891337443422
0.0001360697051929369,1.6500078413703361,1.6499999999999999,3.2999999999999998,-0.000261424756847372,5.0085366884658991e-06,2.8348554072031268e-06,2.8348569058503872e-06,1.9243884660713241e-16,0.90483779599662995,2.173718706716961,0.91159891303982898
0.0001362697051929369,1.650007840681285,1.6499999999999999,3.2999999999999998,-0.00026142480651092132,5.0085367872707009e-06,2.8348554006927778e-06,2.8348568847567359e-06,1.9243893121226799e-16,0.90483779780973073,2.1737187051514351,0.9115989124572722
0.00013646970519293691,1.65000783845291,1.6499999999999999,3.2999999999999998,-0.00026142475410457198,5.0085367293115016e-06,2.8348554249935911e-06,2.8348569247942482e-06,1.924388462991868e-16,0.90483779104201389,2.17371870606397,0.91159891358432033
0.00013666970519293691,1.6500078493284589,1.6499999999999999,3.2999999999999998,-0.00026142481609530381,5.0085367990745514e-06,2.8348554118966228e-06,2.8348568945822058e-06,1.9243884653196959e-16,0.90483779468947612,2.1737187049621962,0.91159891274322002
0.00013686970519293689,1.650007843250886,1.6499999999999999,3.2999999999999998,-0.00026142475353019441,5.0085366909277089e-06,2.8348554048019621e-06,2.8348569045408569e-06,1.9243893113876119e-16,0.90483779666535114,2.1737187066779691,0.91159891300009177
0.00013706970519293689,1.65000784199377,1.6499999999999999,3.2999999999999998,-0.00026142481576061109,5.0085368123732609e-06,2.8348554176701548e-06,2.8348568994744581e-06,1.924388464348034e-16,0.90483779308155554,2.1737187047496098,0.91159891288594719
0.0001372697051929369,1.6500078490672261,1.6499999999999999,3.2999999999999998,-0.0002614247574051925,5.0085367600303186e-06,2.834855442941512e-06,2.8348569418558079e-06,1.9243884599624821e-16,0.90483778604354648,2.1737187055731781,0.9115989140781614
0.0001374697051929369,1.6500078389149979,1.6499999999999999,3.2999999999999998,-0.00026142480775522508,5.0085368167163503e-06,2.834855427542879e-06,2.8348569087470112e-06,1.9243884627221e-16,0.90483779033201428,2.173718704679712,0.91159891315454888
0.00013766970519293691,1.650007842761833,1.6499999999999999,3.2999999999999998,-0.00026142475498131727,5.0085367380051928e-06,2.8348554271733558e-06,2.8348569275595388e-06,1.9243884625936369e-16,0.90483779043495416,2.17371870592561,0.91159891366305412
0.00013786970519293691,1.650007843718883,1.6499999999999999,3.2999999999999998,-0.00026142480659099127,5.0085368085689818e-06,2.8348554227807831e-06,2.8348569033316119e-06,1.924388463545615e-16,0.90483779165825362,2.1737187048101041,0.91159891299947726
0.00013806970519293689,1.65000783835786,1.6499999999999999,3.2999999999999998,-0.00026142475211086112,5.0085367520895762e-06,2.8348554345202939e-06,2.8348569365196372e-06,1.9243884613051729e-16,0.90483778838884432,2.173718705700566,0.91159891391867598
0.000138269705192937,1.6500078389294091,1.6499999999999999,3.2999999999999998,-0.00026142481713206357,5.0085368172701116e-06,2.8348554289057572e-06,2.8348569087917752e-06,1.924388462525185e-16,0.90483778995245623,2.173718704670855,0.9115989131582044
0.00013846970519293701,1.650007848805126,1.6499999999999999,3.2999999999999998,-0.00026142475938257468,5.0085367358554528e-06,2.8348554234921062e-06,2.8348569253783172e-06,1.9243884631732209e-16,0.90483779146017884,2.173718705960193,0.91159891359743583
0.00013866970519293699,1.6500078480357501,1.6499999999999999,3.2999999999999998,-0.00026142481171023821,5.0085368759232494e-06,2.8348554576658829e-06,2.8348569391992589e-06,1.9243884575740901e-16,0.90483778194280662,2.173718703732995,0.91159891403255267
0.00013886970519293699,1.6500078402454439,1.6499999999999999,3.2999999999999998,-0.00026142475471002349,5.0085366916762463e-06,2.8348554037453389e-06,2.8348569016333769e-06,1.924389311600457e-16,0.90483779695961686,2.1737187066663139,0.91159891291952255
0.000139069705192937,1.6500078385603929,1.6499999999999999,3.2999999999999998,-0.00026142480660710452,5.0085367949177643e-06,2.8348554083940789e-06,2.8348568931243478e-06,1.9243884658637459e-16,0.90483779566492994,2.1737187050282869,0.9115989126974986
0.000139269705192937,1.6500078437061509,1.6499999999999999,3.2999999999999998,-0.00026142475866496251,5.0085367182439692e-06,2.8348554156904931e-06,2.8348569137361259e-06,1.924388464596682e-16,0.90483779363291184,2.1737187062417749,0.9115989132684218
0.00013946970519293701,1.6500078395017681,1.6499999999999999,3.2999999999999998,-0.0002614248089353928,5.0085368989865717e-06,2.834855466957634e-06,2.8348569530315831e-06,1.9243884558731339e-16,0.90483777935507126,2.173718703364163,0.91159891442350216
0.00013966970519293701,1.650007844445269,1.6499999999999999,3.2999999999999998,-0.00026142475868092891,5.0085367443537429e-06,2.834855431007074e-06,2.8348569236344741e-06,1.9243884621150229e-16,0.90483778936726289,2.1737187058241338,0.91159891356370959
0.00013986970519293699,1.6500078490376731,1.6499999999999999,3.2999999999999998,-0.0002614248135918765,5.0085367922446393e-06,2.834855409110543e-06,2.834856895773379e-06,1.924388465710967e-16,0.90483779546540044,2.1737187050708058,0.9115989127704649
0.00014006970519293699,1.6500078398347069,1.6499999999999999,3.2999999999999998,-0.00026142475247743953,5.0085367274549002e-06,2.8348554220893582e-06,2.8348569170365389e-06,1.924388463583609e-16,0.90483779185083302,2.1737187060946401,0.91159891336919396
0.000140269705192937,1.6500078362830981,1.6499999999999999,3.2999999999999998,-0.00026142480957343347,5.0085367958678439e-06,2.8348554134597971e-06,2.8348568979312149e-06,1.924388465032201e-16,0.90483779425413857,2.173718705012512,0.91159891283664751
0.000140469705192937,1.6500078369635569,1.6499999999999999,3.2999999999999998,-0.00026142475681489988,5.0085367336166922e-06,2.834855424984258e-06,2.8348569225361498e-06,1.9243884630304139e-16,0.90483779104461082,2.1737187059962388,0.91159891352319977
0.00014066970519293701,1.650007842799375,1.6499999999999999,3.2999999999999998,-0.00026142481630321861,5.0085368156313214e-06,2.8348554251020159e-06,2.8348569103864689e-06,1.9243884630368311e-16,0.9048377910117964,2.1737187046966162,0.91159891319454278
0.00014086970519293701,1.650007837404992,1.6499999999999999,3.2999999999999998,-0.00026142475284384489,5.0085366819297609e-06,2.8348554004022049e-06,2.8348568941094569e-06,1.9243893122734359e-16,0.9048377978906732,2.173718706822755,0.91159891270993343
0.00014106970519293699,1.650007837131743,1.6499999999999999,3.2999999999999998,-0.0002614248123007049,5.0085368636747634e-06,2.8348554449687032e-06,2.8348569337129418e-06,1.924388459542461e-16,0.90483778547895821,2.1737187039285519,0.91159891386134806
0.000141269705192937,1.650007840557522,1.6499999999999999,3.2999999999999998,-0.00026142475557074411,5.0085366686081739e-06,2.834855394009989e-06,2.8348568831856901e-06,1.924389313467035e-16,0.9048377996708914,2.1737187070354982,0.91159891240288504
0.000141469705192937,1.650007841186472,1.6499999999999999,3.2999999999999998,-0.00026142480743680428,5.0085368148395726e-06,2.834855418091981e-06,2.8348569107635959e-06,1.9243884640300109e-16,0.90483779296408806,2.1737187047095929,0.91159891319219122
0.00014166970519293701,1.6500078384687771,1.6499999999999999,3.2999999999999998,-0.00026142475515613002,5.0085367626684239e-06,2.8348554484953211e-06,2.8348569375685329e-06,1.924388459258101e-16,0.90483778449680918,2.1737187055315181,0.91159891397209147
0.00014186970519293701,1.6500078399925859,1.6499999999999999,3.2999999999999998,-0.00026142481435794052,5.0085368241244733e-06,2.8348554267003142e-06,2.8348569173489518e-06,1.9243884626288241e-16,0.90483779056667901,2.17371870456043,0.911598913385812
0.00014206970519293699,1.6500078432607701,1.6499999999999999,3.2999999999999998,-0.0002614247578510772,5.008536736003731e-06,2.834855429773514e-06,2.834856920889201e-06,1.9243884623771671e-16,0.90483778971080553,2.1737187059583341,0.91159891348720978
0.00014226970519293699,1.65000784222722,1.6499999999999999,3.2999999999999998,-0.00026142481161510461,5.0085368353762761e-06,2.8348554325177259e-06,2.8348569220223621e-06,1.924388461661986e-16,0.9048377889465371,2.1737187043806561,0.91159891352269617
0.00014246970519293711,1.650007849788349,1.6499999999999999,3.2999999999999998,-0.00026142475654344541,5.008536720724124e-06,2.834855426343751e-06,2.834856914379837e-06,1.9243884630566529e-16,0.90483779066598746,2.1737187062025689,0.91159891330492238
0.00014266970519293711,1.650007849336085,1.6499999999999999,3.2999999999999998,-0.00026142481537860899,5.0085368579978511e-06,2.834855441321359e-06,2.8348569327828708e-06,1.924388460100037e-16,0.90483778649474156,2.1737187040188219,0.91159891382964653
0.00014286970519293709,1.6500078432351151,1.6499999999999999,3.2999999999999998,-0.00026142475603291938,5.0085367228042904e-06,2.8348554213294261e-06,2.834856909066537e-06,1.924388463882788e-16,0.90483779206246706,2.173718706169256,0.91159891315216157
0.00014306970519293709,1.650007844758735,1.6499999999999999,3.2999999999999998,-0.00026142480960606623,5.0085368057458413e-06,2.8348554119257061e-06,2.8348569030807949e-06,1.9243884651066729e-16,0.90483779468138625,2.1737187048544588,0.91159891297324669
0.0001432697051929371,1.6500078458691021,1.6499999999999999,3.2999999999999998,-0.00026142475297089631,5.0085367370265157e-06,2.8348554316195042e-06,2.834856920624872e-06,1.9243884621168561e-16,0.90483778919669999,2.1737187059421079,0.91159891348336408
0.0001434697051929371,1.6500078391822151,1.6499999999999999,3.2999999999999998,-0.00026142480754891902,5.0085368045136303e-06,2.8348554143179808e-06,2.8348569046368918e-06,1.9243884647348899e-16,0.90483779401513964,2.173718704873806,0.91159891301964036
0.00014366970519293711,1.6500078429878851,1.6499999999999999,3.2999999999999998,-0.00026142475625597381,5.0085366782183717e-06,2.8348554001469062e-06,2.834856888699734e-06,1.9243893124411061e-16,0.90483779796176933,2.1737187068825108,0.91159891256308911
0.00014386970519293711,1.6500078372563269,1.6499999999999999,3.2999999999999998,-0.00026142480695888303,5.008536832203693e-06,2.8348554253040769e-06,2.834856917271062e-06,1.9243884628050699e-16,0.90483779095553074,2.1737187044314452,0.91159891338120302
0.00014406970519293709,1.650007841597912,1.6499999999999999,3.2999999999999998,-0.00026142475939761208,5.0085367223366113e-06,2.8348554179599121e-06,2.8348569072028989e-06,1.924388464405824e-16,0.90483779300087219,2.1737187061770911,0.91159891309569552
0.0001442697051929371,1.6500078350103471,1.6499999999999999,3.2999999999999998,-0.00026142480994105602,5.0085368427372101e-06,2.8348554305523219e-06,2.8348569258915319e-06,1.9243884618339589e-16,0.9048377894939037,2.173718704262861,0.91159891362387502
0.0001444697051929371,1.6500078376349909,1.6499999999999999,3.2999999999999998,-0.00026142476080067768,5.0085366838807056e-06,2.8348554021869528e-06,2.8348568891319698e-06,1.924389312123527e-16,0.90483779739361681,2.173718706791635,0.91159891257843984
0.00014466970519293711,1.650007840632556,1.6499999999999999,3.2999999999999998,-0.00026142480546010802,5.0085368085035629e-06,2.8348554107181679e-06,2.8348569056185179e-06,1.9243884652141429e-16,0.90483779501768802,2.173718704810383,0.9115989130397556
0.00014486970519293711,1.650007837346751,1.6499999999999999,3.2999999999999998,-0.00026142475812164208,5.0085366734755776e-06,2.8348553983127719e-06,2.834856883427742e-06,1.9243893128337821e-16,0.90483779847257018,2.1737187069582919,0.91159891241714297
0.00014506970519293709,1.6500078458455321,1.6499999999999999,3.2999999999999998,-0.00026142480898425812,5.0085368126375428e-06,2.834855411052989e-06,2.834856906522161e-06,1.9243884651338391e-16,0.90483779492443983,2.173718704744251,0.91159891306480811
0.00014526970519293709,1.650007843610924,1.6499999999999999,3.2999999999999998,-0.00026142475541068952,5.0085367158326443e-06,2.8348554205626338e-06,2.8348569065654689e-06,1.924388464068743e-16,0.90483779227601602,2.173718706281071,0.91159891308310903
0.0001454697051929371,1.6500078402386169,1.6499999999999999,3.2999999999999998,-0.0002614248058427634,5.0085368184119544e-06,2.834855418650382e-06,2.834856913929692e-06,1.924388463869223e-16,0.90483779280857901,2.1737187046515851,0.91159891327886622
0.0001456697051929371,1.6500078392755499,1.6499999999999999,3.2999999999999998,-0.00026142475617602182,5.0085366730290006e-06,2.834855398251459e-06,2.8348568817528691e-06,1.9243893128810279e-16,0.90483779848964196,2.1737187069655231,0.91159891237170831
0.00014586970519293711,1.650007843010538,1.6499999999999999,3.2999999999999998,-0.00026142480686344938,5.008536763272305e-06,2.834855383971572e-06,2.834856882031191e-06,1.924389314638699e-16,0.90483780246657397,2.1737187055332781,0.91159891235356638
0.00014606970519293711,1.650007832871297,1.6499999999999999,3.2999999999999998,-0.00026142475104099682,5.0085367075692204e-06,2.834855420089848e-06,2.8348569067635082e-06,1.924388464156872e-16,0.90483779240768847,2.173718706413541,0.91159891308762087
0.00014626970519293709,1.650007843708766,1.6499999999999999,3.2999999999999998,-0.00026142481359314707,5.0085368399166056e-06,2.8348554318947429e-06,2.8348569262858109e-06,1.924388461642388e-16,0.90483778912004342,2.1737187043076238,0.91159891363694912
0.0001464697051929371,1.6500078415568611,1.6499999999999999,3.2999999999999998,-0.00026142475088144221,5.0085366938049053e-06,2.8348554085838138e-06,2.8348568944753429e-06,1.9243884661108941e-16,0.90483779561209809,2.1737187066333679,0.91159891273449101
0.00014666970519293721,1.6500078486202341,1.6499999999999999,3.2999999999999998,-0.00026142482032320401,5.0085368041288706e-06,2.8348554089345079e-06,2.8348569038214519e-06,1.9243884655214609e-16,0.90483779551443244,2.173718704880292,0.91159891298793172
0.00014686970519293721,1.650007846059552,1.6499999999999999,3.2999999999999998,-0.00026142475936488207,5.0085366985955704e-06,2.834855411199593e-06,2.834856895982043e-06,1.924388465690161e-16,0.90483779488360738,2.1737187065568242,0.91159891277994831
0.00014706970519293719,1.650007839461767,1.6499999999999999,3.2999999999999998,-0.00026142481043613341,5.0085368122526544e-06,2.8348554136666798e-06,2.8348569098661992e-06,1.9243884646882909e-16,0.90483779419653088,2.1737187047500801,0.9115989131599801
0.0001472697051929372,1.650007843397074,1.6499999999999999,3.2999999999999998,-0.00026142475682943279,5.008536725794066e-06,2.834855424654996e-06,2.834856911451108e-06,1.9243884633470011e-16,0.9048377911362997,2.1737187061220911,0.91159891322264563
0.0001474697051929372,1.6500078426582729,1.6499999999999999,3.2999999999999998,-0.00026142480994165482,5.0085368438490899e-06,2.8348554313993688e-06,2.8348569272772541e-06,1.924388461679019e-16,0.90483778925800451,2.1737187042444459,0.91159891366289003
0.00014766970519293721,1.6500078432753389,1.6499999999999999,3.2999999999999998,-0.00026142475627133008,5.0085367434800673e-06,2.8348554345612022e-06,2.8348569205764899e-06,1.924388461679095e-16,0.90483778837743534,2.1737187058389331,0.91159891348732458
0.00014786970519293721,1.650007834274515,1.6499999999999999,3.2999999999999998,-0.00026142480718269933,5.0085368132694624e-06,2.834855413676685e-06,2.83485690951171e-06,1.924388464691615e-16,0.90483779419374599,2.1737187047336781,0.91159891315040542
0.00014806970519293719,1.6500078408310961,1.6499999999999999,3.2999999999999998,-0.00026142475547405089,5.0085367338226796e-06,2.834855425801555e-06,2.8348569125376729e-06,1.9243884631351621e-16,0.9048377908169839,2.1737187059938239,0.91159891325410214
0.00014826970519293719,1.650007842304213,1.6499999999999999,3.2999999999999998,-0.00026142480592281222,5.0085368498194389e-06,2.8348554351391721e-06,2.8348569310622771e-06,1.9243884610440131e-16,0.90483778821647265,2.1737187041491608,0.91159891377201219
0.0001484697051929372,1.650007837142162,1.6499999999999999,3.2999999999999998,-0.00026142475228467602,5.0085367142866363e-06,2.8348554174054659e-06,2.8348569047072951e-06,1.9243884645646569e-16,0.90483779315528234,2.1737187063061012,0.911598913027171
0.0001486697051929372,1.6500078384228569,1.6499999999999999,3.2999999999999998,-0.00026142480968635682,5.0085368308951711e-06,2.834855423593446e-06,2.8348569201779499e-06,1.9243884629882619e-16,0.9048377914319411,2.173718704451697,0.91159891345679911
0.00014886970519293721,1.650007841708591,1.6499999999999999,3.2999999999999998,-0.00026142475748341189,5.0085367189563256e-06,2.8348554208007852e-06,2.834856906542032e-06,1.924388464025931e-16,0.90483779220969152,2.1737187062315781,0.91159891308290142
0.00014906970519293721,1.6500078451846161,1.6499999999999999,3.2999999999999998,-0.00026142481038796052,5.0085367998860309e-06,2.8348554095946528e-06,2.8348569047724768e-06,1.924388465419032e-16,0.9048377953305855,2.173718704947424,0.91159891301484786
0.00014926970519293719,1.6500078429385809,1.6499999999999999,3.2999999999999998,-0.00026142475231654907,5.0085367094136439e-06,2.8348554140232959e-06,2.8348569000733532e-06,1.924388465164257e-16,0.90483779409721077,2.1737187063842258,0.91159891289571748
0.0001494697051929372,1.6500078381809979,1.6499999999999999,3.2999999999999998,-0.0002614248082991042,5.0085368077003004e-06,2.8348554138789692e-06,2.8348569092433721e-06,1.92438846468559e-16,0.9048377941374105,2.173718704822508,0.91159891314350538
0.0001496697051929372,1.6500078442143691,1.6499999999999999,3.2999999999999998,-0.00026142475692500858,5.0085367374355902e-06,2.8348554296007159e-06,2.8348569159814472e-06,1.924388462506415e-16,0.90483778975892426,2.1737187059362308,0.91159891335409649
0.00014986970519293721,1.650007839099308,1.6499999999999999,3.2999999999999998,-0.00026142480649712333,5.008536823492375e-06,2.8348554248136432e-06,2.8348569187208669e-06,1.9243884628690781e-16,0.90483779109211926,2.1737187045698119,0.91159891341955646
0.00015006970519293721,1.6500078457730629,1.6499999999999999,3.2999999999999998,-0.00026142475550581471,5.0085367168191742e-06,2.834855417316372e-06,2.834856904247667e-06,1.924388464579929e-16,0.90483779318009638,2.173718706265956,0.91159891301457396
0.00015026970519293719,1.6500078425090281,1.6499999999999999,3.2999999999999998,-0.00026142480920820458,5.0085367933617571e-06,2.8348554064645378e-06,2.8348569014493298e-06,1.9243893109110071e-16,0.90483779620231419,2.1737187050515172,0.91159891291931605
0.00015046970519293719,1.6500078419830879,1.6499999999999999,3.2999999999999998,-0.00026142476183662309,5.008536770685318e-06,2.8348554408532708e-06,2.834856930220744e-06,1.9243884604861299e-16,0.90483778662510683,2.1737187054048088,0.9115989137595728
0.00015066970519293731,1.6500078448970561,1.6499999999999999,3.2999999999999998,-0.00026142481118571681,5.0085367676194814e-06,2.8348554031841359e-06,2.8348568929911239e-06,1.9243893116441261e-16,0.90483779711590062,2.1737187054628619,0.91159891268456039
0.00015086970519293731,1.650007842278441,1.6499999999999999,3.2999999999999998,-0.00026142475896624782,5.0085367408251434e-06,2.8348554287963811e-06,2.8348569210351299e-06,1.924388462498731e-16,0.90483778998293685,2.1737187058821208,0.91159891348941091
0.00015106970519293729,1.6500078423751141,1.6499999999999999,3.2999999999999998,-0.00026142481152047008,5.0085367866619849e-06,2.8348554143317261e-06,2.8348569018389971e-06,1.9243884648489491e-16,0.90483779401130937,2.1737187051583011,0.9115989129439539
0.00015126970519293729,1.6500078386330539,1.6499999999999999,3.2999999999999998,-0.00026142475391100942,5.0085367955120417e-06,2.8348554458431461e-06,2.8348569423696791e-06,1.9243884594303501e-16,0.90483778523544045,2.1737187050082478,0.9115989140972619
0.0001514697051929373,1.650007841530803,1.6499999999999999,3.2999999999999998,-0.00026142481198311709,5.0085368294854804e-06,2.8348554424779461e-06,2.8348569280435479e-06,1.924388460126592e-16,0.90483778617262844,2.173718704473699,0.91159891370347113
0.0001516697051929373,1.6500078477924029,1.6499999999999999,3.2999999999999998,-0.0002614247608797686,5.0085367197293533e-06,2.834855407698074e-06,2.834856902266285e-06,1.9243884659859161e-16,0.90483779585878255,2.173718706219816,0.91159891294372986
0.00015186970519293731,1.650007840185062,1.6499999999999999,3.2999999999999998,-0.00026142480939961841,5.0085368127319276e-06,2.834855426614605e-06,2.8348569142520121e-06,1.924388462744054e-16,0.90483779059054803,2.1737187047414408,0.91159891330185405
0.00015206970519293731,1.6500078350597429,1.6499999999999999,3.2999999999999998,-0.00026142475647834601,5.0085367324910329e-06,2.8348554168213939e-06,2.8348569092465959e-06,1.9243884644921579e-16,0.904837793317953,2.1737187060157428,0.91159891314896102
0.00015226970519293729,1.650007842906823,1.6499999999999999,3.2999999999999998,-0.00026142481405641148,5.0085368255618383e-06,2.8348554349682379e-06,2.834856923730199e-06,1.92438846130442e-16,0.90483778826407368,2.173718704536391,0.9115989135732987
0.0001524697051929373,1.6500078380443619,1.6499999999999999,3.2999999999999998,-0.00026142475443683322,5.0085367041544994e-06,2.8348554034364848e-06,2.834856892173505e-06,1.924389311816768e-16,0.90483779704562561,2.173718706468911,0.91159891266298232
0.0001526697051929373,1.6500078398562841,1.6499999999999999,3.2999999999999998,-0.00026142480637010942,5.0085368018690249e-06,2.8348554148778789e-06,2.8348569076753061e-06,1.9243884645955741e-16,0.90483779385920948,2.1737187049151681,0.91159891310286301
0.00015286970519293731,1.6500078371969371,1.6499999999999999,3.2999999999999998,-0.00026142475794506599,5.0085367361644843e-06,2.834855420242305e-06,2.8348569099526639e-06,1.9243884639778169e-16,0.90483779236523176,2.1737187059570671,0.91159891317419273
0.00015306970519293731,1.6500078430992891,1.6499999999999999,3.2999999999999998,-0.00026142480986256179,5.0085368213664612e-06,2.8348554284515789e-06,2.8348569204362378e-06,1.9243884623188851e-16,0.90483779007895648,2.173718704603147,0.91159891347249
0.00015326970519293729,1.650007842270504,1.6499999999999999,3.2999999999999998,-0.00026142475759429552,5.0085367613546513e-06,2.834855437010802e-06,2.8348569248939859e-06,1.9243884611802809e-16,0.90483778769522905,2.1737187055545362,0.91159891360854739
0.00015346970519293729,1.6500078418699129,1.6499999999999999,3.2999999999999998,-0.00026142480949565791,5.0085368066337927e-06,2.8348554218025058e-06,2.834856913705196e-06,1.9243884634604671e-16,0.90483779193071412,2.1737187048387412,0.91159891327843678
0.0001536697051929373,1.650007845456392,1.6499999999999999,3.2999999999999998,-0.00026142475802503229,5.0085367530810723e-06,2.834855428879932e-06,2.8348569174584571e-06,1.924388462529098e-16,0.90483778995966535,2.1737187056869809,0.91159891339277577
0.0001538697051929373,1.6500078469203261,1.6499999999999999,3.2999999999999998,-0.00026142481094675198,5.0085367663461334e-06,2.8348554056924838e-06,2.8348568930078672e-06,1.9243893112900311e-16,0.90483779641732687,2.173718705482738,0.91159891268950699
0.00015406970519293731,1.6500078414393879,1.6499999999999999,3.2999999999999998,-0.00026142475172585979,5.0085367291523017e-06,2.8348554144437991e-06,2.8348569062114189e-06,1.924388464908405e-16,0.90483779398010811,2.1737187060689229,0.91159891306256713
0.00015426970519293731,1.6500078410859189,1.6499999999999999,3.2999999999999998,-0.00026142480991026641,5.0085368157576471e-06,2.8348554289942941e-06,2.8348569185472739e-06,1.9243884623004151e-16,0.90483778992780972,2.1737187046927091,0.911598913422347
0.00015446970519293729,1.6500078423111131,1.6499999999999999,3.2999999999999998,-0.0002614247522840306,5.0085366915571001e-06,2.8348553957904671e-06,2.8348568869409692e-06,1.9243893130608e-16,0.90483779917503093,2.173718706670714,0.91159891250769243
0.00015466970519293729,1.6500078409402601,1.6499999999999999,3.2999999999999998,-0.0002614248094796379,5.0085368098871353e-06,2.8348554199231871e-06,2.8348569128063471e-06,1.924388463738371e-16,0.90483779245410312,2.1737187047867299,0.91159891325074727
0.00015486970519293741,1.650007846854689,1.6499999999999999,3.2999999999999998,-0.00026142475646213562,5.0085367987170484e-06,2.8348554508621128e-06,2.8348569411648671e-06,1.9243884587320551e-16,0.90483778383766045,2.1737187049571438,0.9115989140736509
0.00015506970519293741,1.6500078405791809,1.6499999999999999,3.2999999999999998,-0.00026142480621048938,5.0085367753551292e-06,2.834855412348401e-06,2.834856900882201e-06,1.9243884651869361e-16,0.90483779456366531,2.173718705338032,0.91159891291451012
0.00015526970519293739,1.650007840922143,1.6499999999999999,3.2999999999999998,-0.00026142475552132319,5.0085367337894666e-06,2.834855415079361e-06,2.8348569076130098e-06,1.9243884647727259e-16,0.90483779380310447,2.1737187059950371,0.91159891310163277
0.0001554697051929374,1.65000783786012,1.6499999999999999,3.2999999999999998,-0.0002614248093041923,5.0085368107520364e-06,2.8348554280447092e-06,2.8348569171367349e-06,1.9243884624821699e-16,0.90483779019226562,2.1737187047725288,0.91159891338247656
0.0001556697051929374,1.6500078389246771,1.6499999999999999,3.2999999999999998,-0.00026142475990677451,5.0085367735661753e-06,2.8348554353397301e-06,2.834856927047518e-06,1.924388461333704e-16,0.90483778816062221,2.1737187053595868,0.91159891366382817
0.00015586970519293741,1.6500078370106681,1.6499999999999999,3.2999999999999998,-0.00026142481150485318,5.0085367585193347e-06,2.8348554034433161e-06,2.8348568906318809e-06,1.9243893116869521e-16,0.90483779704371758,2.173718705607552,0.91159891262118342
0.00015606970519293741,1.650007834771968,1.6499999999999999,3.2999999999999998,-0.00026142475301767882,5.0085367123744476e-06,2.834855403078854e-06,2.8348568963028169e-06,1.9243893117512921e-16,0.90483779714522916,2.1737187063377328,0.91159891277408078
0.00015626970519293739,1.6500078424396869,1.6499999999999999,3.2999999999999998,-0.00026142481507719189,5.0085368196971151e-06,2.8348554341451019e-06,2.8348569226318518e-06,1.924388461463729e-16,0.90483778849331542,2.1737187046293611,0.91159891354210298
0.00015646970519293739,1.650007846667763,1.6499999999999999,3.2999999999999998,-0.00026142475950794808,5.0085368322737257e-06,2.8348554645055389e-06,2.834856957735121e-06,1.924388456318454e-16,0.90483778003799065,2.1737187044210642,0.91159891454648312
0.0001566697051929374,1.6500078406062031,1.6499999999999999,3.2999999999999998,-0.00026142480743852837,5.0085367987098969e-06,2.8348554258276339e-06,2.8348569125954622e-06,1.9243884629353419e-16,0.9048377908097156,2.1737187049648892,0.91159891325561804
0.0001568697051929374,1.650007843375686,1.6499999999999999,3.2999999999999998,-0.00026142475510654181,5.0085366913619666e-06,2.8348553894165348e-06,2.8348568832688412e-06,1.9243893140511929e-16,0.90483780095016475,2.1737187066736152,0.91159891239690638
0.00015706970519293741,1.6500078475534119,1.6499999999999999,3.2999999999999998,-0.00026142480810835422,5.0085367704267942e-06,2.8348554088459731e-06,2.8348568959242991e-06,1.9243884658110379e-16,0.90483779553908494,2.1737187054170972,0.9115989127740749
0.00015726970519293741,1.6500078357022181,1.6499999999999999,3.2999999999999998,-0.0002614247540859018,5.0085367194622584e-06,2.8348554058453072e-06,2.8348568968967649e-06,1.924389311322453e-16,0.90483779637477568,2.1737187062250061,0.91159891279510885
0.00015746970519293739,1.650007836394719,1.6499999999999999,3.2999999999999998,-0.00026142481094693559,5.0085367986537352e-06,2.834855424414035e-06,2.8348569130730278e-06,1.924388463126336e-16,0.90483779120340524,2.173718704965482,0.9115989132660085
0.00015766970519293739,1.650007847464658,1.6499999999999999,3.2999999999999998,-0.00026142475834384341,5.0085367900015698e-06,2.8348554398630228e-06,2.834856933375921e-06,1.9243884604989381e-16,0.90483778690089256,2.173718705097218,0.91159891384317793
0.0001578697051929374,1.650007843376935,1.6499999999999999,3.2999999999999998,-0.00026142481085131058,5.0085367934591524e-06,2.8348554264014361e-06,2.8348569131768072e-06,1.9243884628565621e-16,0.90483779064991454,2.1737187050486222,0.91159891327237708
0.0001580697051929374,1.650007833807785,1.6499999999999999,3.2999999999999998,-0.00026142475363918221,5.0085367493511187e-06,2.8348554198240139e-06,2.8348569137010358e-06,1.9243884639143959e-16,0.90483779248172669,2.1737187057466638,0.91159891327487719
0.00015826970519293741,1.650007842950955,1.6499999999999999,3.2999999999999998,-0.00026142481118647298,5.0085367948563197e-06,2.834855425143344e-06,2.8348569137407439e-06,1.9243884630190741e-16,0.90483779100029227,2.173718705026026,0.91159891328538356
0.00015846970519293739,1.6500078443973061,1.6499999999999999,3.2999999999999998,-0.00026142475556870841,5.0085367124446531e-06,2.8348554009090469e-06,2.8348568912100571e-06,1.92438931217338e-16,0.90483779774951612,2.173718706337334,0.91159891263238391
0.00015866970519293739,1.650007845818237,1.6499999999999999,3.2999999999999998,-0.00026142481040501399,5.0085367636632184e-06,2.8348554044405471e-06,2.834856894252962e-06,1.924389311448863e-16,0.90483779676599119,2.1737187055249492,0.91159891272095628
0.00015886970519293751,1.6500078443743931,1.6499999999999999,3.2999999999999998,-0.00026142475325632798,5.0085367046595368e-06,2.8348553986499262e-06,2.8348568900254718e-06,1.924389312545268e-16,0.90483779837867651,2.173718706461981,0.91159891259628167
0.00015906970519293751,1.650007841240738,1.6499999999999999,3.2999999999999998,-0.00026142480806088297,5.0085368012478219e-06,2.834855421669844e-06,2.834856914137412e-06,1.924388463485988e-16,0.90483779196765979,2.1737187049241018,0.91159891328989484
0.00015926970519293749,1.650007847091707,1.6499999999999999,3.2999999999999998,-0.00026142476043253141,5.0085367825040204e-06,2.834855439628274e-06,2.8348569297131548e-06,1.9243884606363729e-16,0.90483778696626715,2.1737187052171958,0.91159891374364299
0.00015946970519293749,1.6500078408716641,1.6499999999999999,3.2999999999999998,-0.00026142480689662711,5.0085367706143468e-06,2.8348554137366939e-06,2.8348569014358158e-06,1.924388464991104e-16,0.90483779417702837,2.173718705413421,0.91159891293197792
0.0001596697051929375,1.650007847379187,1.6499999999999999,3.2999999999999998,-0.00026142475957154651,5.0085366980675639e-06,2.8348553939212661e-06,2.8348568856481102e-06,1.92438931333616e-16,0.90483779969559996,2.1737187065668628,0.91159891246935931
0.0001598697051929375,1.6500078400426199,1.6499999999999999,3.2999999999999998,-0.00026142481035707469,5.0085368149974528e-06,2.8348554299841521e-06,2.8348569216155368e-06,1.9243884620934681e-16,0.90483778965213768,2.1737187047041,0.91159891350714883
0.00016006970519293751,1.6500078419915869,1.6499999999999999,3.2999999999999998,-0.00026142476049643168,5.0085367634692114e-06,2.834855431745851e-06,2.834856921452779e-06,1.9243884620006899e-16,0.90483778916150981,2.173718705521535,0.91159891350599387
0.00016026970519293751,1.650007839912695,1.6499999999999999,3.2999999999999998,-0.00026142480566864802,5.0085367736210851e-06,2.8348554097792721e-06,2.8348569024145039e-06,1.924388465524304e-16,0.90483779527916552,2.1737187053653702,0.91159891295137163
0.00016046970519293749,1.6500078388734181,1.6499999999999999,3.2999999999999998,-0.0002614247579449831,5.0085367274953511e-06,2.8348554100801772e-06,2.8348569008583431e-06,1.92438846565419e-16,0.90483779519536744,2.1737187060962628,0.9115989129098957
0.00016066970519293749,1.6500078437851711,1.6499999999999999,3.2999999999999998,-0.00026142480847525962,5.0085367770273806e-06,2.8348554126796569e-06,2.834856903115145e-06,1.9243884650850889e-16,0.90483779447141222,2.1737187053110238,0.91159891297552698
0.0001608697051929375,1.6500078397274771,1.6499999999999999,3.2999999999999998,-0.00026142475789709552,5.0085367191511686e-06,2.834855405883203e-06,2.8348568947214928e-06,1.9243893113663149e-16,0.90483779636421802,2.1737187062304462,0.91159891273631399
0.0001610697051929375,1.650007846930158,1.6499999999999999,3.2999999999999998,-0.00026142481196787581,5.0085368447665689e-06,2.8348554445422632e-06,2.8348569393812791e-06,1.924388459534385e-16,0.90483778559772754,2.1737187042280319,0.91159891401396953
0.00016126970519293751,1.6500078375281479,1.6499999999999999,3.2999999999999998,-0.00026142475520181098,5.0085367991565831e-06,2.8348554504510049e-06,2.83485693833604e-06,1.9243884588521821e-16,0.90483778395215297,2.1737187049508919,0.91159891399636639
0.00016146970519293749,1.650007837610965,1.6499999999999999,3.2999999999999998,-0.00026142480904956168,5.0085368070531274e-06,2.834855428321379e-06,2.8348569206129098e-06,1.9243884623767061e-16,0.9048377901152177,2.1737187048307192,0.9115989134770387
0.00016166970519293749,1.65000783848931,1.6499999999999999,3.2999999999999998,-0.00026142475674885153,5.0085367571179491e-06,2.8348554291645842e-06,2.8348569162705709e-06,1.9243884625028489e-16,0.90483778988038865,2.1737187056236338,0.91159891336113896
0.0001618697051929375,1.6500078499836239,1.6499999999999999,3.2999999999999998,-0.0002614248131797906,5.0085367837190561e-06,2.83485541705752e-06,2.8348569084108501e-06,1.924388464323389e-16,0.9048377932521845,2.1737187052038029,0.9115989131266713
0.0001620697051929375,1.6500078407927801,1.6499999999999999,3.2999999999999998,-0.00026142474883891331,5.0085367549703979e-06,2.834855423562545e-06,2.834856913909087e-06,1.924388463360104e-16,0.90483779144054943,2.1737187056578131,0.91159891328720155
0.00016226970519293751,1.6500078423460069,1.6499999999999999,3.2999999999999998,-0.00026142481442403148,5.0085368122227414e-06,2.8348554331446912e-06,2.8348569252351508e-06,1.924388461571147e-16,0.90483778877193122,2.1737187047482478,0.91159891361075751
0.00016246970519293751,1.65000784259081,1.6499999999999999,3.2999999999999998,-0.00026142475639751408,5.0085367604417767e-06,2.8348554273428488e-06,2.834856916086658e-06,1.924388462756445e-16,0.90483779038773937,2.1737187055703062,0.91159891335289867
0.00016266970519293749,1.650007833851199,1.6499999999999999,3.2999999999999998,-0.00026142480772624918,5.0085367877125014e-06,2.834855419511845e-06,2.834856911959653e-06,1.9243884638828171e-16,0.90483779256865904,2.1737187051400819,0.91159891322709863
0.00016286970519293749,1.650007847720325,1.6499999999999999,3.2999999999999998,-0.00026142475891737389,5.0085367536320477e-06,2.8348554256182851e-06,2.8348569140224959e-06,1.9243884630686939e-16,0.9048377908680294,2.1737187056793661,0.91159891329395315
0.00016306970519293761,1.650007842933561,1.6499999999999999,3.2999999999999998,-0.00026142481075614908,5.0085367779405863e-06,2.8348554147830519e-06,2.8348569055185519e-06,1.9243884647292079e-16,0.90483779388562058,2.1737187052961842,0.91159891304433116
0.00016326970519293761,1.650007847734662,1.6499999999999999,3.2999999999999998,-0.00026142476290409288,5.0085367676401058e-06,2.8348554283861249e-06,2.834856919144491e-06,1.9243884625181661e-16,0.90483779009719023,2.1737187054554852,0.91159891343751553
0.00016346970519293759,1.6500078413432531,1.6499999999999999,3.2999999999999998,-0.00026142480987906432,5.0085367920909417e-06,2.8348554252768579e-06,2.8348569159410382e-06,1.92438846295954e-16,0.9048377909631109,2.173718705069656,0.91159891334516263
0.00016366970519293759,1.650007839411092,1.6499999999999999,3.2999999999999998,-0.00026142475853454812,5.0085367406285504e-06,2.8348554116301539e-06,2.8348569029707759e-06,1.924388465346851e-16,0.90483779476370163,2.1737187058875729,0.91159891296983475
0.0001638697051929376,1.6500078471870581,1.6499999999999999,3.2999999999999998,-0.00026142481314839422,5.0085368369381921e-06,2.834855446846657e-06,2.834856937899918e-06,1.9243884592625029e-16,0.90483778495595446,2.1737187043529378,0.91159891397801207
0.0001640697051929376,1.650007842996241,1.6499999999999999,3.2999999999999998,-0.00026142475716292758,5.0085368124194064e-06,2.8348554539316891e-06,2.8348569428032659e-06,1.9243884582168811e-16,0.90483778298278683,2.1737187047391462,0.91159891412348504
0.00016426970519293761,1.650007838520515,1.6499999999999999,3.2999999999999998,-0.00026142480662593571,5.008536787481651e-06,2.8348554259905649e-06,2.8348569147742528e-06,1.9243884628976501e-16,0.90483779076434478,2.1737187051432159,0.91159891331486798
0.00016446970519293759,1.6500078422664239,1.6499999999999999,3.2999999999999998,-0.00026142475622226722,5.0085367151938713e-06,2.834855400429041e-06,2.8348568903450142e-06,1.92438931225266e-16,0.9048377978831933,2.1737187062935459,0.91159891260811554
0.00016466970519293759,1.6500078446121269,1.6499999999999999,3.2999999999999998,-0.00026142481203189589,5.0085368547654599e-06,2.8348554533269291e-06,2.8348569463160708e-06,1.924388458098193e-16,0.90483778315121155,2.173718704067678,0.9115989142173635
0.0001648697051929376,1.650007843539578,1.6499999999999999,3.2999999999999998,-0.00026142476055986558,5.0085367527255946e-06,2.834855426596016e-06,2.8348569116627209e-06,1.9243884629844019e-16,0.904837790595727,2.1737187056937901,0.91159891323184916
0.0001650697051929376,1.650007847031012,1.6499999999999999,3.2999999999999998,-0.000261424812606124,5.0085367908190252e-06,2.8348554158913068e-06,2.834856912339845e-06,1.9243884643809349e-16,0.90483779357697713,2.1737187050902409,0.91159891323090236
0.00016526970519293761,1.6500078427433871,1.6499999999999999,3.2999999999999998,-0.00026142475542475341,5.0085367894582812e-06,2.8348554400537869e-06,2.834856927301785e-06,1.9243884606082249e-16,0.90483778684776139,2.1737187051066771,0.91159891367915069
0.00016546970519293761,1.650007841410585,1.6499999999999999,3.2999999999999998,-0.00026142480726394971,5.0085367805962303e-06,2.8348554194428029e-06,2.8348569112913948e-06,1.9243884639289659e-16,0.90483779258788943,2.1737187052533389,0.91159891320889197
0.00016566970519293759,1.650007843906047,1.6499999999999999,3.2999999999999998,-0.00026142475925209642,5.0085368214220706e-06,2.8348554564470411e-06,2.8348569460262979e-06,1.9243884577596329e-16,0.90483778228226475,2.1737187045953021,0.91159891421520622
0.00016586970519293759,1.650007837436374,1.6499999999999999,3.2999999999999998,-0.00026142481097940761,5.0085368501539373e-06,2.834855456765866e-06,2.8348569484499738e-06,1.9243884575747651e-16,0.90483778219346955,2.173718704141502,0.91159891428126605
0.0001660697051929376,1.650007839353089,1.6499999999999999,3.2999999999999998,-0.00026142475890130921,5.0085367940520653e-06,2.8348554414048091e-06,2.834856929993056e-06,1.924388460342118e-16,0.90483778647150404,2.1737187050335138,0.9115989137543995
0.0001662697051929376,1.650007845629978,1.6499999999999999,3.2999999999999998,-0.00026142481321218499,5.0085368353698759e-06,2.8348554467794081e-06,2.8348569387113518e-06,1.9243884592587911e-16,0.90483778497468359,2.17371870437767,0.91159891399984894
0.00016646970519293761,1.6500078384184791,1.6499999999999999,3.2999999999999998,-0.00026142475764136372,5.0085367657085336e-06,2.8348554291585681e-06,2.8348569165686379e-06,1.924388462471083e-16,0.90483778988206398,2.1737187054865319,0.91159891336919385
0.00016666970519293761,1.6500078350335721,1.6499999999999999,3.2999999999999998,-0.00026142480914560448,5.0085368077824278e-06,2.8348554292816251e-06,2.834856923043977e-06,1.9243884621836639e-16,0.90483778984779106,2.1737187048186759,0.91159891354454381
0.00016686970519293759,1.65000784596735,1.6499999999999999,3.2999999999999998,-0.00026142476159645849,5.008536800925398e-06,2.8348554464424579e-06,2.834856935035541e-06,1.9243884594914481e-16,0.90483778506852675,2.1737187049233939,0.9115989138998738
0.0001670697051929377,1.650007839343324,1.6499999999999999,3.2999999999999998,-0.00026142480798130161,5.0085367897900106e-06,2.8348554267574618e-06,2.834856916726873e-06,1.9243884627381151e-16,0.90483779055076641,2.173718705106626,0.91159891336907972
0.00016726970519293771,1.650007840594782,1.6499999999999999,3.2999999999999998,-0.00026142475678043168,5.0085367912956261e-06,2.8348554392180301e-06,2.834856930130756e-06,1.9243884606590039e-16,0.90483778708051932,2.1737187050771301,0.91159891375420832
0.00016746970519293769,1.6500078434082439,1.6499999999999999,3.2999999999999998,-0.00026142481453573163,5.0085368369156509e-06,2.834855450825532e-06,2.8348569430434409e-06,1.9243884585812791e-16,0.90483778384784597,2.1737187043523689,0.91159891412432381
0.00016766970519293769,1.6500078409779,1.6499999999999999,3.2999999999999998,-0.00026142475765728219,5.00853676751506e-06,2.8348554281965742e-06,2.8348569166543208e-06,1.9243884626008239e-16,0.90483779014997845,2.1737187054577398,0.91159891336978904
0.0001678697051929377,1.65000784647431,1.6499999999999999,3.2999999999999998,-0.00026142481043756868,5.0085368481009344e-06,2.834855452761945e-06,2.834856945402902e-06,1.9243884582191461e-16,0.90483778330855935,2.1737187041740378,0.91159891419163963
0.0001680697051929377,1.6500078422985729,1.6499999999999999,3.2999999999999998,-0.00026142475767301521,5.0085367023668897e-06,2.834855400613457e-06,2.8348568843788529e-06,1.9243893123976889e-16,0.9048377978318306,2.1737187064992289,0.91159891244700186
0.00016826970519293771,1.6500078418357149,1.6499999999999999,3.2999999999999998,-0.00026142480787006919,5.0085367866218253e-06,2.8348554142825821e-06,2.8348569104464638e-06,1.924388464664912e-16,0.90483779402500675,2.173718705157266,0.91159891317678521
0.00016846970519293771,1.6500078466572861,1.6499999999999999,3.2999999999999998,-0.00026142476231375141,5.0085367573153603e-06,2.8348554267248218e-06,2.8348569106938279e-06,1.9243884629736931e-16,0.90483779055985436,2.1737187056208822,0.91159891320586151
0.00016866970519293769,1.650007841005334,1.6499999999999999,3.2999999999999998,-0.00026142480646666418,5.0085368063410954e-06,2.8348554263897631e-06,2.8348569238574238e-06,1.924388462582124e-16,0.90483779065317327,2.1737187048415749,0.91159891356137501
0.00016886970519293769,1.650007840223451,1.6499999999999999,3.2999999999999998,-0.00026142475606250938,5.0085367656230137e-06,2.8348554302660201e-06,2.834856914438353e-06,1.9243884623607649e-16,0.9048377895736367,2.17371870548804,0.91159891331353227
0.0001690697051929377,1.6500078484756711,1.6499999999999999,3.2999999999999998,-0.00026142481110731218,5.008536758849924e-06,2.8348554050438018e-06,2.8348569007891328e-06,1.92438931123237e-16,0.9048377965979898,2.173718705600868,0.91159891289890593
0.0001692697051929377,1.650007842355931,1.6499999999999999,3.2999999999999998,-0.00026142475374999169,5.0085367633522133e-06,2.8348554273918941e-06,2.834856914248029e-06,1.9243884627814859e-16,0.90483779037407752,2.173718705524275,0.91159891330323339
0.00016946970519293771,1.650007850168786,1.6499999999999999,3.2999999999999998,-0.0002614248169441593,5.0085368009223131e-06,2.8348554271962011e-06,2.8348569229335268e-06,1.9243884625040529e-16,0.90483779042857948,2.1737187049278952,0.91159891353781919
0.00016966970519293771,1.650007841097259,1.6499999999999999,3.2999999999999998,-0.00026142475491409322,5.0085368231765452e-06,2.834855457564956e-06,2.8348569460513209e-06,1.9243884575945571e-16,0.90483778197092857,2.173718704567928,0.91159891421788608
0.00016986970519293769,1.650007840303733,1.6499999999999999,3.2999999999999998,-0.0002614248127659779,5.0085367987480811e-06,2.8348554289032139e-06,2.8348569192542982e-06,1.9243884623490459e-16,0.90483778995317599,2.1737187049632118,0.91159891344131594
0.0001700697051929377,1.6500078413876369,1.6499999999999999,3.2999999999999998,-0.00026142475856605601,5.0085367787358368e-06,2.834855431820337e-06,2.834856921563155e-06,1.924388461941423e-16,0.90483778914076862,2.1737187052780511,0.91159891350911681
0.0001702697051929377,1.650007842078649,1.6499999999999999,3.2999999999999998,-0.00026142481472736029,5.0085368577315906e-06,2.8348554619459171e-06,2.8348569533784858e-06,1.9243884567040719e-16,0.90483778075083554,2.173718704019509,0.91159891442391139
0.00017046970519293771,1.6500078461954739,1.6499999999999999,3.2999999999999998,-0.00026142475685978427,5.0085367389051043e-06,2.8348554171615949e-06,2.8348569038013019e-06,1.9243884645452751e-16,0.90483779322320035,2.173718705914915,0.91159891300221796
0.00017066970519293771,1.65000783379349,1.6499999999999999,3.2999999999999998,-0.00026142480906614059,5.0085368046917622e-06,2.8348554253058108e-06,2.8348569205244779e-06,1.9243884628155159e-16,0.90483779095505301,2.1737187048679569,0.91159891346924371
0.00017086970519293769,1.650007838872225,1.6499999999999999,3.2999999999999998,-0.00026142475796011319,5.0085367658233641e-06,2.8348554272160179e-06,2.8348569129696229e-06,1.924388462827444e-16,0.9048377904230589,2.1737187054849918,0.91159891326832454
0.00017106970519293769,1.650007845070004,1.6499999999999999,3.2999999999999998,-0.00026142481166558832,5.0085367958499333e-06,2.8348554262546431e-06,2.8348569200009959e-06,1.9243884627186761e-16,0.90483779069080161,2.1737187050091018,0.91159891345677679
0.00017126970519293781,1.650007842897558,1.6499999999999999,3.2999999999999998,-0.00026142475708294382,5.0085367307960412e-06,2.83485541048013e-06,2.8348568962723381e-06,1.92438846568917e-16,0.90483779508397688,2.1737187060451322,0.91159891278651484
0.00017146970519293781,1.6500078390167709,1.6499999999999999,3.2999999999999998,-0.0002614248086674401,5.0085368036854006e-06,2.8348554242471632e-06,2.834856921470944e-06,1.924388462948455e-16,0.90483779124988339,2.1737187048840059,0.91159891349295841
0.00017166970519293779,1.650007844349882,1.6499999999999999,3.2999999999999998,-0.0002614247597941362,5.0085367692663854e-06,2.834855431413311e-06,2.8348569172062632e-06,1.924388462124843e-16,0.90483778925411795,2.1737187054298661,0.91159891339048693
0.00017186970519293779,1.650007843726552,1.6499999999999999,3.2999999999999998,-0.00026142481582762161,5.0085368330408622e-06,2.8348554398055851e-06,2.8348569380457758e-06,1.9243884602744061e-16,0.90483778691688854,2.1737187044142292,0.91159891396934545
0.0001720697051929378,1.6500078430098859,1.6499999999999999,3.2999999999999998,-0.00026142475531285182,5.0085366994683048e-06,2.834855397791978e-06,2.8348568802869642e-06,1.924389312899386e-16,0.90483779861760583,2.1737187065458818,0.91159891233122048
0.0001722697051929378,1.6500078421459601,1.6499999999999999,3.2999999999999998,-0.00026142481003912671,5.0085367781907152e-06,2.834855406514409e-06,2.8348569056641831e-06,1.924389310856076e-16,0.90483779618843185,2.1737187052919951,0.91159891303346052
0.00017246970519293781,1.650007844489598,1.6499999999999999,3.2999999999999998,-0.00026142475714648799,5.0085367700542852e-06,2.834855432200122e-06,2.8348569165880638e-06,1.9243884620239869e-16,0.90483778903499079,2.1737187054170901,0.91159891337516807
0.00017266970519293781,1.6500078401163429,1.6499999999999999,3.2999999999999998,-0.00026142480954496813,5.0085368392299787e-06,2.834855443410083e-06,2.8348569421908552e-06,1.9243884596500219e-16,0.90483778591304087,2.173718704315371,0.91159891408796845
0.00017286970519293779,1.650007844446753,1.6499999999999999,3.2999999999999998,-0.00026142475607786049,5.008536673911382e-06,2.834855387892709e-06,2.8348568688738352e-06,1.9243893146407991e-16,0.90483780137453451,2.1737187069542938,0.91159891200464449
0.0001730697051929378,1.6500078404362519,1.6499999999999999,3.2999999999999998,-0.00026142480421868553,5.0085367519960256e-06,2.8348553879859792e-06,2.8348568896637019e-06,1.924389313931058e-16,0.9048378013485745,2.1737187057110319,0.9115989125672942
0.0001732697051929378,1.6500078436982919,1.6499999999999999,3.2999999999999998,-0.00026142475949067099,5.0085368104795434e-06,2.834855454130079e-06,2.83485693808161e-06,1.9243884582993589e-16,0.90483778292753025,2.1737187047711002,0.91159891399607218
0.00017346970519293781,1.650007849759235,1.6499999999999999,3.2999999999999998,-0.00026142481761415792,5.0085368145835806e-06,2.8348554311827511e-06,2.8348569285875399e-06,1.9243884617691599e-16,0.90483778931833436,2.1737187047099131,0.91159891369795853
0.00017366970519293781,1.650007842235103,1.6499999999999999,3.2999999999999998,-0.00026142475743345857,5.0085367779561447e-06,2.8348554355854912e-06,2.83485691959957e-06,1.9243884614508099e-16,0.90483778809217297,2.1737187052910421,0.91159891346272681
0.00017386970519293779,1.6500078425560201,1.6499999999999999,3.2999999999999998,-0.00026142481088448229,5.0085368136759238e-06,2.8348554305228049e-06,2.8348569280972091e-06,1.9243884618767761e-16,0.90483778950212823,2.1737187047240658,0.91159891368350632
0.00017406970519293779,1.650007846544477,1.6499999999999999,3.2999999999999998,-0.00026142475985751611,5.0085367691624849e-06,2.8348554328285421e-06,2.834856916884048e-06,1.9243884619306299e-16,0.90483778885997745,2.1737187054316891,0.91159891338430588
0.0001742697051929378,1.6500078391437349,1.6499999999999999,3.2999999999999998,-0.00026142480586104029,5.0085367608008154e-06,2.8348554073088988e-06,2.834856901318143e-06,1.924388465939428e-16,0.90483779596716363,2.173718705569502,0.9115989129172789
0.0001744697051929378,1.650007840315131,1.6499999999999999,3.2999999999999998,-0.00026142475639697599,5.0085367533426784e-06,2.834855419816665e-06,2.8348569074393702e-06,1.9243884640424451e-16,0.90483779248376672,2.173718705684299,0.91159891310542318
0.00017466970519293781,1.650007849564209,1.6499999999999999,3.2999999999999998,-0.00026142481401020701,5.0085368138070327e-06,2.8348554329125072e-06,2.8348569280088199e-06,1.924388461537757e-16,0.90483778883659749,2.173718704721991,0.91159891368539547
0.00017486970519293781,1.650007836313184,1.6499999999999999,3.2999999999999998,-0.00026142475284052918,5.0085366953062636e-06,2.8348553924220038e-06,2.834856877823446e-06,1.924389313731988e-16,0.90483780011313697,2.1737187066125072,0.91159891225493794
0.00017506970519293779,1.6500078445145681,1.6499999999999999,3.2999999999999998,-0.000261424810422236,5.0085368184158719e-06,2.834855427336145e-06,2.8348569273968191e-06,1.9243884623321591e-16,0.90483779038960943,2.173718704648643,0.91159891365884649
0.0001752697051929378,1.650007833203748,1.6499999999999999,3.2999999999999998,-0.00026142474773725342,5.0085366940678964e-06,2.8348553985883842e-06,2.8348568804522999e-06,1.9243893127985481e-16,0.9048377983958068,2.1737187066319432,0.9115989123371212
0.00017546970519293791,1.6500078351943099,1.6499999999999999,3.2999999999999998,-0.00026142481066171772,5.0085367896174734e-06,2.8348554103296462e-06,2.8348569107518039e-06,1.924388465212385e-16,0.90483779512589668,2.1737187051091218,0.91159891317796515
0.00017566970519293791,1.6500078468542889,1.6499999999999999,3.2999999999999998,-0.00026142475808680401,5.0085367511932789e-06,2.8348554262992119e-06,2.834856907784412e-06,1.924388463117463e-16,0.90483779067838221,2.1737187057189278,0.91159891312637009
0.00017586970519293789,1.650007847986662,1.6499999999999999,3.2999999999999998,-0.00026142481131547022,5.0085367909935453e-06,2.834855414992521e-06,2.8348569147374751e-06,1.9243884644552321e-16,0.9048377938272919,2.1737187050868632,0.91159891329417075
0.0001760697051929379,1.6500078450293341,1.6499999999999999,3.2999999999999998,-0.00026142475799128992,5.0085367911182023e-06,2.8348554456401009e-06,2.8348569288915562e-06,1.9243884597718489e-16,0.90483778529197822,2.17371870508057,0.91159891373218027
0.0001762697051929379,1.650007839527315,1.6499999999999999,3.2999999999999998,-0.00026142481279844819,5.008536762720076e-06,2.834855405690157e-06,2.83485690202461e-06,1.9243893111010301e-16,0.90483779641798012,2.173718705538541,0.91159891293349593
0.00017646970519293791,1.6500078451945841,1.6499999999999999,3.2999999999999998,-0.00026142475827844102,5.0085368125890781e-06,2.834855452977733e-06,2.834856940812348e-06,1.9243884583966371e-16,0.90483778324846043,2.1737187047373241,0.91159891406790172
0.00017666970519293791,1.6500078402876071,1.6499999999999999,3.2999999999999998,-0.00026142480858839281,5.0085368312834154e-06,2.834855445846015e-06,2.8348569389727051e-06,1.924388459398378e-16,0.90483778523463165,2.1737187044427682,0.91159891400524773
0.00017686970519293789,1.6500078393710911,1.6499999999999999,3.2999999999999998,-0.00026142475685906832,5.008536750268701e-06,2.8348554177327781e-06,2.8348569048329372e-06,1.9243884644066491e-16,0.90483779306412859,2.1737187057339149,0.91159891303115992
0.00017706970519293789,1.650007832508593,1.6499999999999999,3.2999999999999998,-0.00026142480820562808,5.0085367744515958e-06,2.8348554104273349e-06,2.8348569053678842e-06,1.924388465363772e-16,0.90483779509868101,2.173718705351217,0.91159891303245122
0.0001772697051929379,1.6500078374887219,1.6499999999999999,3.2999999999999998,-0.00026142475802328852,5.0085367444190372e-06,2.8348554201799312e-06,2.834856906403216e-06,1.9243884640408511e-16,0.90483779238259998,2.1737187058276728,0.91159891307803553
0.0001774697051929379,1.6500078421315021,1.6499999999999999,3.2999999999999998,-0.00026142480380411301,5.0085367977163654e-06,2.8348554270010388e-06,2.834856920432311e-06,1.9243884625970781e-16,0.90483779048293211,2.173718704979287,0.91159891346978528
0.00017766970519293791,1.65000784508775,1.6499999999999999,3.2999999999999998,-0.0002614247564447017,5.0085367704289948e-06,2.83485543095541e-06,2.8348569178965599e-06,1.9243884621713501e-16,0.90483778938164361,2.1737187054117051,0.91159891340834875
0.00017786970519293791,1.650007845188707,1.6499999999999999,3.2999999999999998,-0.00026142480799809899,5.0085368549432733e-06,2.8348554535323681e-06,2.8348569503448742e-06,1.924388457978862e-16,0.90483778309399709,2.1737187040638561,0.91159891432674833
0.00017806970519293789,1.6500078430108001,1.6499999999999999,3.2999999999999998,-0.0002614247581988544,5.0085367647649567e-06,2.8348554320601091e-06,2.834856917236692e-06,1.9243884620456739e-16,0.90483778907398582,2.17371870550202,0.91159891339247179
0.0001782697051929379,1.650007842369295,1.6499999999999999,3.2999999999999998,-0.00026142481330859182,5.0085368005315514e-06,2.8348554232256199e-06,2.83485692017669e-06,1.924388463132249e-16,0.90483779153437971,2.173718704934088,0.91159891345610489
0.0001784697051929379,1.65000783797956,1.6499999999999999,3.2999999999999998,-0.00026142475708237602,5.0085368090067843e-06,2.8348554507418871e-06,2.8348569378112849e-06,1.924388458792735e-16,0.90483778387114089,2.1737187047947728,0.91159891398268766
0.00017866970519293791,1.6500078439695589,1.6499999999999999,3.2999999999999998,-0.00026142481337257102,5.0085368046182287e-06,2.834855431037864e-06,2.8348569235140561e-06,1.9243884619325409e-16,0.90483778935868042,2.1737187048692812,0.91159891356040901
0.00017886970519293791,1.6500078464930801,1.6499999999999999,3.2999999999999998,-0.00026142475695476879,5.0085367978143696e-06,2.834855446135004e-06,2.8348569333520969e-06,1.9243884595821589e-16,0.90483778515415103,2.1737187049738269,0.9115989138537689
0.00017906970519293789,1.650007837507709,1.6499999999999999,3.2999999999999998,-0.00026142480924221058,5.0085367786861761e-06,2.834855423884152e-06,2.8348569131126478e-06,1.9243884632612371e-16,0.90483779135097664,2.173718705283068,0.91159891326613152
0.00017926970519293789,1.6500078387842081,1.6499999999999999,3.2999999999999998,-0.00026142476122867049,5.008536828814095e-06,2.8348554565573239e-06,2.8348569483157661e-06,1.9243884576708631e-16,0.90483778225155354,2.1737187044778432,0.91159891427735951
0.00017946970519293801,1.650007845907502,1.6499999999999999,3.2999999999999998,-0.00026142481356373771,5.0085367889400156e-06,2.8348554289614508e-06,2.8348569172216618e-06,1.9243884624154749e-16,0.90483778993695252,2.1737187051195339,0.91159891338641696
0.00017966970519293801,1.650007842033147,1.6499999999999999,3.2999999999999998,-0.00026142475419611589,5.008536767116393e-06,2.8348554222507569e-06,2.8348569144950509e-06,1.9243884634973831e-16,0.90483779180588231,2.173718705464474,0.91159891330071041
0.00017986970519293799,1.6500078356403149,1.6499999999999999,3.2999999999999998,-0.00026142480782278789,5.0085367856624529e-06,2.834855426733365e-06,2.834856915110109e-06,1.9243884627896999e-16,0.90483779055747315,2.1737187051714781,0.91159891332528709
0.00018006970519293799,1.6500078453057181,1.6499999999999999,3.2999999999999998,-0.00026142475787974899,5.0085367496593184e-06,2.8348554137629549e-06,2.8348569055489371e-06,1.924388464958478e-16,0.90483779416972077,2.173718705744033,0.91159891304342322
0.000180269705192938,1.650007840906891,1.6499999999999999,3.2999999999999998,-0.00026142480405940831,5.0085367760600038e-06,2.8348554200218888e-06,2.834856909217175e-06,1.9243884639060451e-16,0.90483779242661033,2.173718705325133,0.91159891315380115
0.000180469705192938,1.650007833092348,1.6499999999999999,3.2999999999999998,-0.00026142475400452809,5.0085367562288077e-06,2.8348554172716571e-06,2.8348569086785832e-06,1.924388464369088e-16,0.90483779319255475,2.1737187056389748,0.911598913134397
0.00018066970519293801,1.650007850335107,1.6499999999999999,3.2999999999999998,-0.00026142481260706742,5.0085367828383714e-06,2.8348554262014969e-06,2.8348569153761062e-06,1.9243884628681839e-16,0.90483779070559889,2.1737187052166909,0.9115989133315322
0.00018086970519293801,1.6500078410857359,1.6499999999999999,3.2999999999999998,-0.00026142475151681418,5.008536726013439e-06,2.8348554063793678e-06,2.8348568936495671e-06,1.924389311298817e-16,0.90483779622603899,2.173718706122147,0.91159891270819893
0.00018106970519293799,1.6500078400478571,1.6499999999999999,3.2999999999999998,-0.00026142480919441152,5.0085367896684284e-06,2.834855424307823e-06,2.8348569166739462e-06,1.9243884630885909e-16,0.9048377912329858,2.1737187051075701,0.91159891336325927
0.000181269705192938,1.650007842259136,1.6499999999999999,3.2999999999999998,-0.00026142475673151871,5.0085367311750706e-06,2.834855406246318e-06,2.8348568937975459e-06,1.924389311298784e-16,0.90483779626309202,2.1737187060393239,0.91159891271196491
0.000181469705192938,1.650007838246927,1.6499999999999999,3.2999999999999998,-0.00026142480708922923,5.0085367698515098e-06,2.8348554112966139e-06,2.8348569057631339e-06,1.9243884652450149e-16,0.90483779485658999,2.1737187054244509,0.9115989130447042
0.00018166970519293801,1.6500078408271479,1.6499999999999999,3.2999999999999998,-0.00026142475351036371,5.0085367634576841e-06,2.8348554250016481e-06,2.834856914316385e-06,1.924388463120453e-16,0.90483779103975948,2.1737187055233411,0.91159891330080378
0.00018186970519293801,1.6500078416208659,1.6499999999999999,3.2999999999999998,-0.00026142481212844561,5.0085367996478419e-06,2.8348554308333831e-06,2.8348569231731931e-06,1.9243884619841231e-16,0.9048377894156292,2.1737187049477011,0.91159891355081901
0.00018206970519293799,1.650007839932941,1.6499999999999999,3.2999999999999998,-0.00026142475285648159,5.008536760828947e-06,2.8348554248079312e-06,2.8348569115618059e-06,1.9243884632171181e-16,0.90483779109370865,2.1737187055653968,0.91159891322591768
0.00018226970519293799,1.6500078418207971,1.6499999999999999,3.2999999999999998,-0.00026142481456855308,5.0085368031189236e-06,2.8348554301602549e-06,2.8348569246382429e-06,1.9243884620370781e-16,0.90483778960309413,2.1737187048923881,0.91159891358925715
0.000182469705192938,1.6500078415643109,1.6499999999999999,3.2999999999999998,-0.00026142475658789938,5.0085367446531792e-06,2.8348554159126042e-06,2.8348569013613421e-06,1.9243884647601009e-16,0.90483779357104421,2.1737187058238479,0.91159891293395778
0.000182669705192938,1.650007842729099,1.6499999999999999,3.2999999999999998,-0.0002614248117460886,5.0085368295152502e-06,2.8348554404174419e-06,2.8348569381059029e-06,1.924388460196532e-16,0.90483778674648407,2.1737187044704211,0.91159891397206738
0.00018286970519293801,1.650007841837964,1.6499999999999999,3.2999999999999998,-0.00026142475559907729,5.008536679541848e-06,2.8348553857979669e-06,2.8348568698323609e-06,1.9243893149011e-16,0.90483780195792074,2.1737187068647481,0.91159891202683252
0.00018306970519293801,1.650007841134195,1.6499999999999999,3.2999999999999998,-0.00026142480876397328,5.0085367597013962e-06,2.834855395840921e-06,2.8348568949007749e-06,1.924389312671962e-16,0.90483779916098117,2.173718705587298,0.91159891272308091
0.00018326970519293799,1.650007838932521,1.6499999999999999,3.2999999999999998,-0.0002614247557267318,5.0085367363655674e-06,2.834855415268187e-06,2.8348568974626701e-06,1.924388464963508e-16,0.90483779375050943,2.1737187059562371,0.91159891282730277
0.00018346970519293799,1.650007836379934,1.6499999999999999,3.2999999999999998,-0.00026142480898714481,5.0085367826678044e-06,2.8348554129268071e-06,2.834856911560869e-06,1.924388464845254e-16,0.90483779440258771,2.1737187052195739,0.91159891320451125
0.00018366970519293811,1.6500078494522989,1.6499999999999999,3.2999999999999998,-0.00026142476118065069,5.0085367452874442e-06,2.8348554184283861e-06,2.8348569030788319e-06,1.9243884643615541e-16,0.90483779287039878,2.1737187058137621,0.91159891298493989
0.00018386970519293811,1.650007837072309,1.6499999999999999,3.2999999999999998,-0.00026142480423491619,5.0085368053008652e-06,2.8348554259841652e-06,2.834856924447004e-06,1.9243884626299129e-16,0.90483779076613369,2.1737187048576669,0.91159891357660117
0.00018406970519293809,1.6500078435243739,1.6499999999999999,3.2999999999999998,-0.0002614247626637741,5.0085366988908122e-06,2.8348553973741879e-06,2.8348568790340212e-06,1.924389312988505e-16,0.90483779873396031,2.173718706555325,0.91159891229656742
0.0001842697051929381,1.650007836970756,1.6499999999999999,3.2999999999999998,-0.00026142480394782737,5.0085367901096224e-06,2.834855412515072e-06,2.8348569127877869e-06,1.9243884648541901e-16,0.90483779451725543,2.173718705100784,0.91159891323697406
0.0001844697051929381,1.6500078324254039,1.6499999999999999,3.2999999999999998,-0.00026142475894818561,5.0085367846046172e-06,2.834855442521473e-06,2.8348569258094459e-06,1.9243884603044629e-16,0.90483778616050825,2.1737187051849438,0.91159891364319146
0.00018466970519293811,1.650007841373929,1.6499999999999999,3.2999999999999998,-0.00026142481050202661,5.0085367557716606e-06,2.8348554019887429e-06,2.8348568988105189e-06,1.9243893117208401e-16,0.90483779744882076,2.1737187056492941,0.91159891283989214
0.00018486970519293811,1.6500078444059101,1.6499999999999999,3.2999999999999998,-0.00026142475864508529,5.0085368072488521e-06,2.8348554488589311e-06,2.834856936242028e-06,1.924388459101202e-16,0.90483778439554108,2.1737187048227611,0.91159891393685033
0.00018506970519293809,1.6500078455773259,1.6499999999999999,3.2999999999999998,-0.00026142480892342001,5.0085367414516081e-06,2.8348553995484278e-06,2.83485689139724e-06,1.924389312276583e-16,0.90483779812844101,2.1737187058789318,0.91159891263491433
0.00018526970519293809,1.6500078388731769,1.6499999999999999,3.2999999999999998,-0.00026142475400442867,5.0085367880382846e-06,2.8348554337388281e-06,2.8348569235980729e-06,1.9243884615948121e-16,0.90483778860647035,2.1737187051301512,0.91159891356762079
0.0001854697051929381,1.650007843030008,1.6499999999999999,3.2999999999999998,-0.00026142481501524551,5.0085367915389634e-06,2.834855426904004e-06,2.8348569181066558e-06,1.9243884626811539e-16,0.90483779050994995,2.173718705077738,0.91159891340667631
0.0001856697051929381,1.6500078371448921,1.6499999999999999,3.2999999999999998,-0.00026142475020887583,5.0085367059828751e-06,2.834855393734838e-06,2.8348568831611842e-06,1.9243893133941849e-16,0.90483779974752043,2.173718706442044,0.91159891240173163
0.00018586970519293811,1.650007834202325,1.6499999999999999,3.2999999999999998,-0.00026142480913089619,5.0085367796830373e-06,2.8348554158873211e-06,2.8348569095976148e-06,1.924388464475932e-16,0.90483779357808258,2.1737187052674511,0.9115989131566864
0.00018606970519293811,1.65000784051898,1.6499999999999999,3.2999999999999998,-0.0002614247589637746,5.0085367384618554e-06,2.8348554095816381e-06,2.8348568979978971e-06,1.924388465755794e-16,0.90483779533420994,2.1737187059230312,0.91159891283160177
0.00018626970519293809,1.65000784754471,1.6499999999999999,3.2999999999999998,-0.00026142480929049108,5.0085367530372434e-06,2.8348554057781612e-06,2.8348568966200871e-06,1.9243893112376231e-16,0.90483779639347017,2.173718705692969,0.91159891278740446
0.00018646970519293809,1.650007838511415,1.6499999999999999,3.2999999999999998,-0.00026142475703406891,5.0085367598035628e-06,2.834855420420137e-06,2.83485691019608e-06,1.9243884638757861e-16,0.90483779231570505,2.1737187055813831,0.91159891318110065
0.0001866697051929381,1.6500078406057599,1.6499999999999999,3.2999999999999998,-0.00026142480906715481,5.0085367790946781e-06,2.834855423201933e-06,2.834856912424871e-06,1.9243884633724519e-16,0.90483779154097499,2.1737187052763889,0.91159891324629549
0.0001868697051929381,1.6500078416337109,1.6499999999999999,3.2999999999999998,-0.00026142475663556199,5.0085366936905534e-06,2.8348553873742859e-06,2.8348568745972791e-06,1.9243893145279661e-16,0.90483780151892312,2.17371870663905,0.91159891215859756
0.00018706970519293811,1.6500078403531291,1.6499999999999999,3.2999999999999998,-0.00026142480688217778,5.0085367784657824e-06,2.834855411257049e-06,2.83485690793162e-06,1.924388465176405e-16,0.90483779486761085,2.1737187052865421,0.91159891310331254
0.00018726970519293809,1.650007836554493,1.6499999999999999,3.2999999999999998,-0.00026142475510482232,5.0085367672749914e-06,2.8348554277606279e-06,2.8348569134168698e-06,1.9243884627356191e-16,0.90483779027138644,2.1737187054623939,0.91159891328140541
0.00018746970519293809,1.6500078359804311,1.6499999999999999,3.2999999999999998,-0.00026142481281453162,5.0085368271013037e-06,2.8348554422294262e-06,2.8348569384181582e-06,1.9243884599386129e-16,0.9048377862418483,2.173718704508639,0.91159891398376292
0.00018766970519293821,1.6500078404601151,1.6499999999999999,3.2999999999999998,-0.00026142475634848499,5.008536682921224e-06,2.834855385873958e-06,2.8348568691526318e-06,1.924389314895133e-16,0.90483780193675734,2.1737187068109551,0.91159891200857524
0.00018786970519293821,1.6500078423771221,1.6499999999999999,3.2999999999999998,-0.00026142480407579928,5.0085368081427912e-06,2.8348554215765039e-06,2.8348569213763749e-06,1.9243884633176091e-16,0.90483779199366221,2.1737187048124809,0.91159891348561395
0.00018806970519293819,1.650007837950549,1.6499999999999999,3.2999999999999998,-0.0002614247550405667,5.0085367747385274e-06,2.8348554380019631e-06,2.834856920257815e-06,1.9243884611016421e-16,0.90483778741918452,2.1737187053428388,0.91159891348486777
0.00018826970519293819,1.6500078391778361,1.6499999999999999,3.2999999999999998,-0.00026142480898762641,5.0085367983885131e-06,2.834855421947827e-06,2.8348569209484382e-06,1.9243884633036381e-16,0.90483779189024782,2.173718704967758,0.91159891347469924
0.0001884697051929382,1.650007840247218,1.6499999999999999,3.2999999999999998,-0.00026142475719343828,5.0085367298877483e-06,2.8348554140726788e-06,2.8348568958800369e-06,1.9243884651887211e-16,0.90483779408345688,2.1737187060602619,0.91159891278233751
0.0001886697051929382,1.6500078353158949,1.6499999999999999,3.2999999999999998,-0.00026142480568647642,5.0085368287950621e-06,2.8348554347820601e-06,2.8348569354978029e-06,1.924388461059722e-16,0.90483778831593487,2.1737187044820021,0.9115989138913968
0.00018886970519293821,1.650007843737491,1.6499999999999999,3.2999999999999998,-0.00026142475690655957,5.0085367644311291e-06,2.8348554355239021e-06,2.8348569161911429e-06,1.924388461576247e-16,0.90483778810932058,2.1737187055075791,0.91159891337038435
0.00018906970519293821,1.650007837029515,1.6499999999999999,3.2999999999999998,-0.00026142480919466549,5.0085367464004057e-06,2.834855395592396e-06,2.834856892409477e-06,1.9243893128028341e-16,0.90483779923019525,2.1737187057992169,0.91159891265521842
0.00018926970519293819,1.6500078449802309,1.6499999999999999,3.2999999999999998,-0.00026142476210543433,5.0085367653069493e-06,2.8348554290394558e-06,2.834856914423131e-06,1.9243884625369541e-16,0.90483778991523245,2.1737187054935272,0.91159891331092568
0.00018946970519293819,1.650007839243099,1.6499999999999999,3.2999999999999998,-0.00026142480895542392,5.008536784444312e-06,2.83485541678122e-06,2.8348569134005522e-06,1.9243884642496739e-16,0.9048377933291355,2.1737187051908351,0.91159891326119791
0.0001896697051929382,1.6500078396059339,1.6499999999999999,3.2999999999999998,-0.00026142475797504672,5.0085367396209979e-06,2.8348554149686419e-06,2.8348569007675941e-06,1.924388464923103e-16,0.90483779383393448,2.1737187059045011,0.91159891291619999
0.0001898697051929382,1.650007835998381,1.6499999999999999,3.2999999999999998,-0.00026142480455417861,5.0085367756017996e-06,2.8348554120774072e-06,2.8348569081851929e-06,1.924388465062564e-16,0.9048377946391426,2.173718705332377,0.91159891311164098
0.00019006970519293821,1.6500078398978999,1.6499999999999999,3.2999999999999998,-0.00026142476137168478,5.0085367821769539e-06,2.834855437832847e-06,2.8348569249325699e-06,1.9243884609995741e-16,0.90483778746628873,2.173718705224156,0.91159891361106671
0.00019026970519293819,1.6500078429937719,1.6499999999999999,3.2999999999999998,-0.00026142480721740122,5.0085367897151803e-06,2.834855425578278e-06,2.8348569169733439e-06,1.9243884629006929e-16,0.90483779087916649,2.1737187051065399,0.91159891337363408
0.00019046970519293819,1.650007841739082,1.6499999999999999,3.2999999999999998,-0.00026142475976099008,5.0085367482009936e-06,2.834855418781772e-06,2.8348569059746211e-06,1.9243884642380441e-16,0.90483779277198495,2.173718705766654,0.91159891306393304
0.0001906697051929382,1.650007849303758,1.6499999999999999,3.2999999999999998,-0.00026142480948190778,5.008536784602066e-06,2.8348554196109652e-06,2.8348569139299558e-06,1.9243884638341821e-16,0.90483779254105634,2.1737187051884281,0.91159891328059017
0.0001908697051929382,1.650007835063825,1.6499999999999999,3.2999999999999998,-0.00026142475397221838,5.0085367692694847e-06,2.8348554273861441e-06,2.8348569157812662e-06,1.9243884627305171e-16,0.90483779037568102,2.1737187054305021,0.91159891334471499
0.00019106970519293821,1.6500078390894219,1.6499999999999999,3.2999999999999998,-0.00026142481367595507,5.0085367857837718e-06,2.8348554232202111e-06,2.8348569161795521e-06,1.9243884632663031e-16,0.90483779153588395,2.1737187051694331,0.91159891334792986
0.00019126970519293821,1.650007835712294,1.6499999999999999,3.2999999999999998,-0.00026142475472170029,5.0085367315791409e-06,2.8348554105955721e-06,2.8348568973564598e-06,1.9243884656464039e-16,0.90483779505182838,2.1737187060331529,0.91159891281606087
0.00019146970519293819,1.6500078410744601,1.6499999999999999,3.2999999999999998,-0.00026142481386741618,5.0085368005830103e-06,2.8348554275107922e-06,2.8348569219115989e-06,1.924388462482872e-16,0.90483779034096667,2.1737187049331448,0.91159891351072819
0.00019166970519293819,1.650007843687765,1.6499999999999999,3.2999999999999998,-0.00026142475535960522,5.00853677119022e-06,2.8348554281308461e-06,2.834856916103253e-06,1.9243884626114319e-16,0.90483779016828081,2.173718705399899,0.91159891335476206
0.00019186970519293831,1.650007841314725,1.6499999999999999,3.2999999999999998,-0.00026142481324549602,5.0085367765400623e-06,2.834855414978661e-06,2.8348569077235569e-06,1.9243884646564419e-16,0.90483779383114571,2.1737187053172669,0.91159891310434649
0.00019206970519293831,1.650007843006972,1.6499999999999999,3.2999999999999998,-0.00026142475826180248,5.0085367586115147e-06,2.834855424539733e-06,2.8348569130284612e-06,1.9243884632294879e-16,0.90483779116840135,2.1737187056005358,0.91159891326512499
0.00019226970519293829,1.650007837591243,1.6499999999999999,3.2999999999999998,-0.00026142480771199528,5.0085368179851209e-06,2.834855435960875e-06,2.8348569314049519e-06,1.9243884610152209e-16,0.9048377879876307,2.1737187046546489,0.91159891378275615
0.00019246970519293829,1.6500078447223201,1.6499999999999999,3.2999999999999998,-0.00026142476232831989,5.0085367673861764e-06,2.8348554282864101e-06,2.834856915251409e-06,1.924388462619679e-16,0.90483779012495624,2.1737187054606699,0.91159891333198995
0.0001926697051929383,1.650007839019737,1.6499999999999999,3.2999999999999998,-0.00026142480415563462,5.0085368021157444e-06,2.8348554283166911e-06,2.8348569223665581e-06,1.924388462353221e-16,0.90483779011652554,2.173718704908334,0.91159891352448041
0.0001928697051929383,1.6500078387497401,1.6499999999999999,3.2999999999999998,-0.0002614247581503717,5.0085367472447087e-06,2.8348554185876571e-06,2.8348569041222901e-06,1.9243884643098329e-16,0.90483779282604349,2.1737187057827501,0.91159891301346119
0.00019306970519293831,1.6500078393969579,1.6499999999999999,3.2999999999999998,-0.00026142480632437349,5.0085368036408814e-06,2.8348554272080821e-06,2.8348569229022582e-06,1.9243884624947219e-16,0.90483779042527168,2.1737187048839761,0.91159891353699307
0.00019326970519293829,1.6500078407421399,1.6499999999999999,3.2999999999999998,-0.00026142475773562122,5.0085367361865758e-06,2.8348554139872068e-06,2.8348568982953082e-06,1.924388465128229e-16,0.90483779410726217,2.1737187059594878,0.9115989128475418
0.00019346970519293829,1.650007848634536,1.6499999999999999,3.2999999999999998,-0.000261424808939817,5.0085367773027773e-06,2.834855411783632e-06,2.8348569088178689e-06,1.9243884650852319e-16,0.9048377947209586,2.1737187053051121,0.91159891312823493
0.0001936697051929383,1.650007843073251,1.6499999999999999,3.2999999999999998,-0.0002614247587562409,5.0085367591102477e-06,2.834855425249301e-06,2.834856911456775e-06,1.9243884631617911e-16,0.90483779097078654,2.1737187055930658,0.91159891322386621
0.0001938697051929383,1.6500078441718551,1.6499999999999999,3.2999999999999998,-0.00026142481401102488,5.00853680590152e-06,2.8348554277990438e-06,2.834856924936642e-06,1.9243884623585251e-16,0.90483779026068945,2.1737187048478099,0.91159891359310197
0.00019406970519293831,1.6500078350302161,1.6499999999999999,3.2999999999999998,-0.00026142475733680818,5.008536728795811e-06,2.834855410203725e-06,2.8348568939980822e-06,1.9243884657851231e-16,0.90483779516095553,2.173718706077473,0.9115989127244809
0.00019426970519293831,1.65000783868293,1.6499999999999999,3.2999999999999998,-0.00026142480984893201,5.0085367817083414e-06,2.8348554133082909e-06,2.8348569096279221e-06,1.9243884648366611e-16,0.90483779429634292,2.1737187052349549,0.91159891315288644
0.00019446970519293829,1.6500078417111419,1.6499999999999999,3.2999999999999998,-0.00026142475988839609,5.0085367817512944e-06,2.8348554357291331e-06,2.8348569230741178e-06,1.9243884613418971e-16,0.9048377880521683,2.1737187052309661,0.91159891355700817
0.00019466970519293829,1.650007841461439,1.6499999999999999,3.2999999999999998,-0.00026142480758428521,5.0085367548932002e-06,2.8348554028951842e-06,2.8348568974083292e-06,1.9243893116254111e-16,0.90483779719637436,2.1737187056633438,0.91159891280356964
0.0001948697051929383,1.6500078416144781,1.6499999999999999,3.2999999999999998,-0.00026142475636422278,5.0085367814466776e-06,2.834855433048744e-06,2.8348569214995001e-06,1.9243884617596611e-16,0.90483778879865562,2.1737187052353799,0.91159891350959743
0.0001950697051929383,1.6500078346581619,1.6499999999999999,3.2999999999999998,-0.00026142480775961761,5.008536747340403e-06,2.8348554069077089e-06,2.8348568957106519e-06,1.9243893111141521e-16,0.90483779607888992,2.1737187057844078,0.91159891276481841
0.00019526970519293831,1.6500078424491409,1.6499999999999999,3.2999999999999998,-0.00026142475783148762,5.0085367677461721e-06,2.8348554239299909e-06,2.8348569144361698e-06,1.9243884632574671e-16,0.90483779133821918,2.173718705454486,0.91159891330212806
0.00019546970519293831,1.650007840516851,1.6499999999999999,3.2999999999999998,-0.00026142480595743779,5.0085367542799009e-06,2.83485541149446e-06,2.834856900709308e-06,1.9243884653759989e-16,0.90483779480148585,2.17371870567281,0.91159891290829931
0.00019566970519293829,1.6500078378781939,1.6499999999999999,3.2999999999999998,-0.00026142475244138558,5.0085367551872646e-06,2.834855416501938e-06,2.8348569081884201e-06,1.924388464492752e-16,0.90483779340691972,2.1737187056552951,0.91159891311975705
0.0001958697051929384,1.650007842055542,1.6499999999999999,3.2999999999999998,-0.00026142481238421888,5.008536812306856e-06,2.8348554396538891e-06,2.8348569299467932e-06,1.924388460538373e-16,0.9048377869591282,2.1737187047450521,0.91159891374991109
0.00019606970519293841,1.650007845786736,1.6499999999999999,3.2999999999999998,-0.00026142475789508112,5.0085367767617757e-06,2.8348554288390262e-06,2.834856919237067e-06,1.924388462424143e-16,0.90483778997105813,2.1737187053109688,0.91159891344083444
0.00019626970519293839,1.650007845989061,1.6499999999999999,3.2999999999999998,-0.00026142481136395292,5.0085368014350289e-06,2.8348554320269389e-06,2.8348569236798082e-06,1.9243884617973711e-16,0.90483778908322055,2.1737187049191902,0.91159891356666345
0.00019646970519293839,1.650007838676413,1.6499999999999999,3.2999999999999998,-0.00026142475818184718,5.0085366950225449e-06,2.834855389027562e-06,2.834856875087214e-06,1.9243893142774461e-16,0.90483780105848943,2.1737187066178199,0.91159891217481726
0.0001966697051929384,1.650007839400806,1.6499999999999999,3.2999999999999998,-0.00026142480254520782,5.008536760864104e-06,2.8348554071551149e-06,2.834856899757539e-06,1.9243893109481459e-16,0.90483779600999037,2.1737187055682399,0.91159891287477068
0.0001968697051929384,1.650007840286122,1.6499999999999999,3.2999999999999998,-0.00026142475840539047,5.0085367868207349e-06,2.8348554351682271e-06,2.8348569241339728e-06,1.924388461382981e-16,0.9048377882083829,2.1737187051500269,0.91159891358468292
0.00019706970519293841,1.650007839548808,1.6499999999999999,3.2999999999999998,-0.00026142480860478091,5.0085367428978084e-06,2.8348554046197361e-06,2.834856893898394e-06,1.9243893114938569e-16,0.90483779671608755,2.1737187058552241,0.91159891271168014
0.00019726970519293841,1.650007846602628,1.6499999999999999,3.2999999999999998,-0.00026142475764009591,5.0085368344984306e-06,2.834855453324236e-06,2.8348569472164491e-06,1.9243884581388901e-16,0.90483778315196528,2.173718704387555,0.91159891424182027
0.00019746970519293839,1.650007836497049,1.6499999999999999,3.2999999999999998,-0.00026142480640407238,5.0085368275588116e-06,2.834855452027742e-06,2.834856939609607e-06,1.9243884585143679e-16,0.9048377835130248,2.173718704501495,0.91159891403355398
0.00019766970519293839,1.6500078374791149,1.6499999999999999,3.2999999999999998,-0.00026142475902730581,5.0085367784549996e-06,2.8348554273284099e-06,2.8348569187783529e-06,1.924388462644501e-16,0.9048377903917646,2.173718705284045,0.91159891342571564
0.0001978697051929384,1.650007841079246,1.6499999999999999,3.2999999999999998,-0.00026142480937050341,5.0085367932456679e-06,2.8348554309329848e-06,2.8348569192753559e-06,1.924388462075711e-16,0.9048377893878855,2.173718705049724,0.91159891344551924
0.0001980697051929384,1.650007844996993,1.6499999999999999,3.2999999999999998,-0.00026142476234420822,5.0085367447493098e-06,2.8348554122515338e-06,2.8348569048623398e-06,1.9243884652041209e-16,0.90483779459065072,2.1737187058231431,0.91159891302213891
0.00019826970519293841,1.650007847856402,1.6499999999999999,3.2999999999999998,-0.00026142480866878369,5.0085367795232217e-06,2.8348554181973642e-06,2.8348569104543039e-06,1.92438846412805e-16,0.90483779293473787,2.173718705269267,0.91159891318400665
0.00019846970519293841,1.65000783276674,1.6499999999999999,3.2999999999999998,-0.00026142475754423438,5.0085367358054779e-06,2.8348554087971848e-06,2.834856898545952e-06,1.9243884658635751e-16,0.90483779555267885,2.1737187059658858,0.9115989128450267
0.00019866970519293839,1.650007837438805,1.6499999999999999,3.2999999999999998,-0.00026142480962545772,5.0085367646992396e-06,2.834855412574037e-06,2.8348569033869541e-06,1.9243884651312089e-16,0.90483779450082735,2.173718705506491,0.91159891298269013
0.0001988697051929384,1.650007841943905,1.6499999999999999,3.2999999999999998,-0.00026142475432301102,5.0085367737698766e-06,2.8348554293728192e-06,2.834856920006272e-06,1.9243884623399629e-16,0.9048377898223976,2.173718705358155,0.91159891346260546
0.0001990697051929384,1.6500078426148179,1.6499999999999999,3.2999999999999998,-0.00026142480870060828,5.0085367788750619e-06,2.8348554211137558e-06,2.834856911789299e-06,1.9243884636847181e-16,0.9048377921225278,2.1737187052793661,0.91159891322535591
0.00019926970519293841,1.650007837709986,1.6499999999999999,3.2999999999999998,-0.00026142475728903629,5.0085367876894909e-06,2.8348554357178371e-06,2.8348569262871331e-06,1.924388461254197e-16,0.90483778805532,2.173718705135729,0.9115989136439322
0.00019946970519293841,1.6500078386379431,1.6499999999999999,3.2999999999999998,-0.00026142480799885859,5.0085367862174416e-06,2.8348554289643278e-06,2.834856918042859e-06,1.924388462405024e-16,0.90483778993615427,2.1737187051625519,0.91159891340864085
0.00019966970519293839,1.6500078437247481,1.6499999999999999,3.2999999999999998,-0.000261424757735863,5.0085367590087943e-06,2.834855417022693e-06,2.834856908950906e-06,1.924388464390081e-16,0.90483779326189018,2.173718705594438,0.91159891314132291
0.00019986970519293839,1.650007840406533,1.6499999999999999,3.2999999999999998,-0.00026142481401071269,5.0085368123702081e-06,2.834855438613952e-06,2.834856929808103e-06,1.9243884606894791e-16,0.90483778724874853,2.1737187047440938,0.91159891374429525
0.00020006970519293851,1.65000784001859,1.6499999999999999,3.2999999999999998,-0.00026142476025541842,5.0085367972137343e-06,2.834855438601753e-06,2.8348569290707968e-06,1.924388460752673e-16,0.90483778725215425,2.1737187049840339,0.91159891372442459
0.00020026970519293851,1.6500078418035651,1.6499999999999999,3.2999999999999998,-0.00026142480882802182,5.0085367611380886e-06,2.834855415270707e-06,2.8348569045682072e-06,1.9243884647313911e-16,0.90483779374980722,2.1737187055629148,0.91159891301948581
0.00020046970519293849,1.650007848039343,1.6499999999999999,3.2999999999999998,-0.00026142475518419882,5.0085367158444858e-06,2.834855396623092e-06,2.8348568869326272e-06,1.9243893128690861e-16,0.90483779894314675,2.173718706284784,0.91159891250896097
0.00020066970519293849,1.650007841000414,1.6499999999999999,3.2999999999999998,-0.00026142480611701701,5.0085367757701567e-06,2.8348554179531078e-06,2.8348569100236271e-06,1.924388464183784e-16,0.90483779300276501,2.1737187053291991,0.91159891317191488
0.0002008697051929385,1.650007844586304,1.6499999999999999,3.2999999999999998,-0.00026142475990454338,5.0085367838630466e-06,2.8348554326094451e-06,2.834856922238355e-06,1.9243884617987089e-16,0.9048377889210022,2.173718705197548,0.91159891352880384
0.0002010697051929385,1.6500078417823749,1.6499999999999999,3.2999999999999998,-0.00026142480238548229,5.0085367354629954e-06,2.8348554030468192e-06,2.834856891271157e-06,1.924389311798726e-16,0.90483779715414137,2.173718705973493,0.9115989126377696
0.00020126970519293851,1.650007844245484,1.6499999999999999,3.2999999999999998,-0.00026142476049452912,5.008536816954425e-06,2.8348554430001601e-06,2.834856937193667e-06,1.924388459885789e-16,0.90483778602720666,2.1737187046682802,0.91159891395210868
0.00020146970519293851,1.6500078439845629,1.6499999999999999,3.2999999999999998,-0.00026142480783934312,5.0085367910655101e-06,2.8348554347510299e-06,2.8348569214059228e-06,1.924388461490957e-16,0.90483778832456152,2.17371870508472,0.91159891351001232
0.00020166970519293849,1.6500078462016079,1.6499999999999999,3.2999999999999998,-0.00026142475896367648,5.0085367995229554e-06,2.8348554358302659e-06,2.8348569308109252e-06,1.9243884611020449e-16,0.90483778802401316,2.173718704946916,0.91159891376654723
0.0002018697051929385,1.650007841557257,1.6499999999999999,3.2999999999999998,-0.00026142480358143057,5.0085367648263496e-06,2.834855421604982e-06,2.8348569071463561e-06,1.9243884637603521e-16,0.90483779198571745,2.1737187055043972,0.91159891310059804
0.0002020697051929385,1.6500078317857341,1.6499999999999999,3.2999999999999998,-0.00026142475350958292,5.0085367427928839e-06,2.83485540462431e-06,2.8348568983899878e-06,1.924389311392987e-16,0.90483779671482356,2.173718705854129,0.91159891283333372
0.00020226970519293851,1.6500078457168461,1.6499999999999999,3.2999999999999998,-0.00026142480825421687,5.0085367868404251e-06,2.8348554297375609e-06,2.8348569190077121e-06,1.924388462271386e-16,0.90483778972081019,2.1737187051517921,0.91159891343613531
0.00020246970519293851,1.6500078345576079,1.6499999999999999,3.2999999999999998,-0.00026142475631611597,5.0085367774419829e-06,2.8348554226160611e-06,2.8348569156753468e-06,1.924388463388049e-16,0.90483779170414613,2.1737187053005762,0.91159891333330645
0.00020266970519293849,1.6500078370604749,1.6499999999999999,3.2999999999999998,-0.00026142480937051192,5.0085367838685591e-06,2.8348554281984368e-06,2.8348569169704771e-06,1.924388462544924e-16,0.90483779014945365,2.1737187051992728,0.91159891337825028
0.00020286970519293849,1.650007836316431,1.6499999999999999,3.2999999999999998,-0.00026142475677873799,5.0085367630335883e-06,2.8348554164757702e-06,2.8348569095960669e-06,1.924388464441588e-16,0.90483779341420667,2.1737187055304878,0.91159891315780117
0.0002030697051929385,1.650007844375754,1.6499999999999999,3.2999999999999998,-0.00026142480914704712,5.0085367834728406e-06,2.8348554279306029e-06,2.8348569183516262e-06,1.924388462553673e-16,0.90483779022404676,2.1737187052056011,0.91159891341514465
0.0002032697051929385,1.650007842866289,1.6499999999999999,3.2999999999999998,-0.00026142475205852782,5.0085367187899988e-06,2.83485540085805e-06,2.8348568895187839e-06,1.9243893121993779e-16,0.90483779776371842,2.1737187062384269,0.91159891258652892
0.00020346970519293851,1.650007843130088,1.6499999999999999,3.2999999999999998,-0.00026142481144340618,5.0085367747384969e-06,2.8348554170416322e-06,2.8348569098892478e-06,1.9243884643198019e-16,0.90483779325660896,2.1737187053457192,0.91159891316664576
0.00020366970519293851,1.650007839223415,1.6499999999999999,3.2999999999999998,-0.00026142475644382892,5.0085367351646703e-06,2.8348554063828978e-06,2.834856894472956e-06,1.9243893112524039e-16,0.90483779622505456,2.1737187059763978,0.91159891273048621
0.00020386970519293849,1.650007840079569,1.6499999999999999,3.2999999999999998,-0.00026142480978514569,5.0085368121901179e-06,2.8348554366306799e-06,2.8348569309749269e-06,1.924388460946748e-16,0.90483778780109003,2.17371870474663,0.91159891377231927
0.0002040697051929385,1.650007843387473,1.6499999999999999,3.2999999999999998,-0.00026142475778332839,5.0085367122906981e-06,2.8348553986921279e-06,2.8348568831899278e-06,1.924389312668035e-16,0.90483779836691736,2.1737187063419561,0.91159891241138991
0.00020426970519293861,1.650007838815833,1.6499999999999999,3.2999999999999998,-0.000261424803438056,5.0085367858188347e-06,2.8348554148299648e-06,2.8348569128750618e-06,1.92438846453521e-16,0.90483779387256058,2.1737187051686382,0.91159891324347997
0.00020446970519293861,1.6500078480427369,1.6499999999999999,3.2999999999999998,-0.00026142475909119361,5.0085366979117742e-06,2.834855392921586e-06,2.8348568748933011e-06,1.9243893137180641e-16,0.90483779997400382,2.173718706571981,0.91159891217654587
0.00020466970519293859,1.6500078388126871,1.6499999999999999,3.2999999999999998,-0.00026142480249695589,5.0085367585635371e-06,2.834855399219519e-06,2.834856898524802e-06,1.9243893121133731e-16,0.9048377982200464,2.173718705604609,0.91159891282719707
0.0002048697051929386,1.6500078438377701,1.6499999999999999,3.2999999999999998,-0.00026142475382865288,5.008536723534299e-06,2.834855407287194e-06,2.8348568889209921e-06,1.9243893112818629e-16,0.90483779597320368,2.173718706162143,0.91159891258186998
0.0002050697051929386,1.6500078376485521,1.6499999999999999,3.2999999999999998,-0.00026142480539959821,5.0085367254154736e-06,2.8348553849402211e-06,2.8348568829492349e-06,1.924389314594333e-16,0.90483780219680943,2.1737187061342911,0.91159891238014168
0.00020526970519293861,1.650007839952859,1.6499999999999999,3.2999999999999998,-0.00026142475741652632,5.0085367514731827e-06,2.8348554208267091e-06,2.8348569058583311e-06,1.924388463939425e-16,0.90483779220247085,2.1737187057152698,0.91159891306444962
0.00020546970519293861,1.650007848139605,1.6499999999999999,3.2999999999999998,-0.00026142481246425918,5.0085368074286044e-06,2.8348554325334061e-06,2.834856928382328e-06,1.924388461602607e-16,0.9048377889421767,2.1737187048226549,0.91159891369482393
0.00020566970519293859,1.650007841730339,1.6499999999999999,3.2999999999999998,-0.00026142475658732671,5.0085367750403837e-06,2.8348554311838679e-06,2.834856917555184e-06,1.9243884621324999e-16,0.90483778931801717,2.1737187053386782,0.91159891339952304
0.00020586970519293859,1.650007841453492,1.6499999999999999,3.2999999999999998,-0.00026142481091726851,5.0085367547674869e-06,2.8348554077837891e-06,2.8348569021593708e-06,1.9243884658711819e-16,0.90483779583490831,2.1737187056648142,0.91159891294089046
0.0002060697051929386,1.650007848521158,1.6499999999999999,3.2999999999999998,-0.00026142475988851291,5.0085367602533687e-06,2.8348554217091772e-06,2.8348569086858762e-06,1.9243884637242659e-16,0.90483779195670577,2.1737187055746068,0.91159891314254671
0.0002062697051929386,1.6500078364684869,1.6499999999999999,3.2999999999999998,-0.00026142480854111189,5.0085367942000318e-06,2.8348554262657092e-06,2.8348569209558409e-06,1.9243884627006819e-16,0.90483779068771963,2.1737187050341542,0.911598913482632
0.00020646970519293861,1.6500078435664369,1.6499999999999999,3.2999999999999998,-0.00026142476135553679,5.0085367282787558e-06,2.834855406670784e-06,2.834856891024346e-06,1.924389311308698e-16,0.90483779614487658,2.1737187060863539,0.91159891263768278
0.00020666970519293861,1.6500078415909321,1.6499999999999999,3.2999999999999998,-0.00026142480361360232,5.0085367910637678e-06,2.8348554212169592e-06,2.8348569173033412e-06,1.924388463510795e-16,0.90483779209379145,2.1737187050845939,0.91159891337475085
0.00020686970519293859,1.650007845250016,1.6499999999999999,3.2999999999999998,-0.00026142475808623963,5.0085367373356149e-06,2.834855413066183e-06,2.8348568966395261e-06,1.924388465292815e-16,0.90483779436376588,2.1737187059416052,0.91159891280108618
0.0002070697051929386,1.650007842587117,1.6499999999999999,3.2999999999999998,-0.00026142480045618572,5.0085367908352882e-06,2.8348554195451639e-06,2.8348569183369128e-06,1.9243884637268581e-16,0.90483779255938313,2.1737187050883588,0.91159891339972432
0.0002072697051929386,1.650007841000424,1.6499999999999999,3.2999999999999998,-0.00026142476309358968,5.0085368039446503e-06,2.8348554451889851e-06,2.834856930192002e-06,1.9243884597686079e-16,0.9048377854176145,2.173718704876614,0.91159891376656454
0.00020746970519293861,1.650007844764831,1.6499999999999999,3.2999999999999998,-0.00026142480726547822,5.0085367472662894e-06,2.8348554001401189e-06,2.834856893904881e-06,1.924389312118866e-16,0.9048377979636556,2.173718705785189,0.91159891270383087
0.00020766970519293861,1.650007836318959,1.6499999999999999,3.2999999999999998,-0.0002614247558218475,5.0085368120906127e-06,2.8348554456948112e-06,2.83485693587071e-06,1.9243884595458289e-16,0.9048377852767463,2.17371870474603,0.91159891392113679
0.00020786970519293859,1.650007845282939,1.6499999999999999,3.2999999999999998,-0.00026142480893984567,5.0085367901614676e-06,2.8348554294654888e-06,2.8348569206540231e-06,1.9243884622636379e-16,0.90483778979658014,2.1737187050989828,0.91159891348019695
0.00020806970519293859,1.6500078407184759,1.6499999999999999,3.2999999999999998,-0.00026142475121321062,5.0085367538489356e-06,2.8348554177251709e-06,2.834856907364487e-06,1.9243884643408349e-16,0.90483779306625167,2.1737187056771692,0.91159891309965269
0.00020826970519293871,1.6500078429517571,1.6499999999999999,3.2999999999999998,-0.00026142481136382547,5.0085367795564863e-06,2.8348554231229561e-06,2.8348569135170649e-06,1.924388463357947e-16,0.90483779156296851,2.1737187052682461,0.91159891327570886
0.00020846970519293871,1.6500078376324401,1.6499999999999999,3.2999999999999998,-0.00026142475342971462,5.0085367882815254e-06,2.8348554353032191e-06,2.8348569257059961e-06,1.924388461324586e-16,0.90483778817079008,2.1737187051273619,0.91159891362746381
0.00020866970519293869,1.650007844547416,1.6499999999999999,3.2999999999999998,-0.00026142480913138468,5.0085367710933617e-06,2.8348554210621469e-06,2.8348569098673601e-06,1.9243884637583669e-16,0.90483779213690108,2.1737187054041489,0.91159891317325592
0.00020886970519293869,1.6500078401118889,1.6499999999999999,3.2999999999999998,-0.00026142475472146258,5.0085367735375397e-06,2.834855424719326e-06,2.834856916397625e-06,1.924388463084039e-16,0.90483779111839013,2.173718705362587,0.91159891335661891
0.0002090697051929387,1.6500078413769319,1.6499999999999999,3.2999999999999998,-0.00026142480790335962,5.0085367633766603e-06,2.8348554193743948e-06,2.8348569081776479e-06,1.924388464059678e-16,0.90483779260693342,2.1737187055269862,0.9115989131245088
0.0002092697051929387,1.6500078457087131,1.6499999999999999,3.2999999999999998,-0.00026142475969702492,5.0085367397148322e-06,2.8348554078894361e-06,2.8348568975487079e-06,1.9243884660031971e-16,0.90483779580548773,2.1737187059033691,0.91159891281641792
0.00020946970519293871,1.6500078430554539,1.6499999999999999,3.2999999999999998,-0.00026142480436293082,5.0085367815779889e-06,2.8348554236527358e-06,2.8348569148896759e-06,1.9243884632459251e-16,0.90483779141542542,2.1737187052361908,0.91159891331380072
0.00020966970519293871,1.6500078419771369,1.6499999999999999,3.2999999999999998,-0.00026142475877224112,5.0085367285639391e-06,2.8348554012881619e-06,2.834856890136575e-06,1.9243893120946909e-16,0.90483779764393224,2.173718706081984,0.91159891260401948
0.00020986970519293869,1.6500078392673241,1.6499999999999999,3.2999999999999998,-0.000261424806483903,5.0085367559663426e-06,2.8348554076706509e-06,2.8348568982688922e-06,1.924388465969937e-16,0.904837795866412,2.1737187056456921,0.91159891283541161
0.0002100697051929387,1.650007839306437,1.6499999999999999,3.2999999999999998,-0.00026142475588579543,5.0085367570822603e-06,2.834855421768771e-06,2.834856910277922e-06,1.9243884636901639e-16,0.90483779194011282,2.1737187056256708,0.91159891318573427
0.0002102697051929387,1.6500078408235259,1.6499999999999999,3.2999999999999998,-0.00026142481166673031,5.0085367434741517e-06,2.834855407744923e-06,2.8348568960317041e-06,1.92438931099927e-16,0.90483779584572643,2.1737187058453231,0.91159891277500626
0.00021046970519293871,1.650007847663377,1.6499999999999999,3.2999999999999998,-0.00026142475925049088,5.0085367625627887e-06,2.8348554185638411e-06,2.8348569106139209e-06,1.9243884641228539e-16,0.90483779283268351,2.1737187055380178,0.91159891318908493
0.00021066970519293871,1.6500078423028981,1.6499999999999999,3.2999999999999998,-0.00026142480423555783,5.0085367767768622e-06,2.83485542355453e-06,2.8348569142719001e-06,1.9243884632881311e-16,0.90483779144277576,2.1737187053126639,0.91159891329690779
0.00021086970519293869,1.650007837338481,1.6499999999999999,3.2999999999999998,-0.00026142475618861152,5.0085367504415956e-06,2.8348554144374078e-06,2.8348569043173859e-06,1.924388464887354e-16,0.90483779398188546,2.173718705731889,0.91159891301130846
0.00021106970519293869,1.650007847905463,1.6499999999999999,3.2999999999999998,-0.00026142481270352282,5.0085367670914724e-06,2.8348554171612951e-06,2.8348569081388898e-06,1.924388464364679e-16,0.90483779322328173,2.1737187054675768,0.91159891311949537
0.0002112697051929387,1.650007846764719,1.6499999999999999,3.2999999999999998,-0.00026142476154672239,5.0085367904207952e-06,2.834855433394067e-06,2.8348569248616881e-06,1.9243884616088269e-16,0.90483778870248599,2.1737187050927171,0.91159891360119694
0.0002114697051929387,1.6500078384386081,1.6499999999999999,3.2999999999999998,-0.00026142481179453492,5.008536772445627e-06,2.83485542211441e-06,2.834856912254924e-06,1.924388463551355e-16,0.90483779184384416,2.1737187053825289,0.91159891323974862
0.00021166970519293871,1.6500078431258061,1.6499999999999999,3.2999999999999998,-0.00026142476065392988,5.0085367515152489e-06,2.8348554133862552e-06,2.8348569041332299e-06,1.9243884650380171e-16,0.90483779427463307,2.1737187057148479,0.91159891300444207
0.00021186970519293871,1.650007833858288,1.6499999999999999,3.2999999999999998,-0.00026142480471371348,5.0085367543122813e-06,2.8348554117771001e-06,2.834856901398659e-06,1.9243884653202249e-16,0.90483779472277159,2.1737187056717189,0.91159891292745943
0.00021206970519293869,1.6500078398416791,1.6499999999999999,3.2999999999999998,-0.00026142476137166912,5.0085367615183353e-06,2.8348554158745932e-06,2.834856909598691e-06,1.924388464531813e-16,0.90483779358163441,2.1737187055547378,0.91159891315679509
0.00021226970519293869,1.65000784683658,1.6499999999999999,3.2999999999999998,-0.00026142481200170482,5.0085368053735068e-06,2.834855438620168e-06,2.834856929158225e-06,1.9243884607240839e-16,0.90483778724701658,2.1737187048551911,0.91159891372672086
0.00021246970519293881,1.6500078382854479,1.6499999999999999,3.2999999999999998,-0.00026142475475327752,5.0085367288258502e-06,2.8348554042146849e-06,2.8348568913392559e-06,1.924389311650186e-16,0.90483779682889742,2.1737187060780432,0.91159891264180426
0.00021266970519293881,1.6500078391226161,1.6499999999999999,3.2999999999999998,-0.0002614248067234521,5.008536781219384e-06,2.834855421841571e-06,2.8348569141119531e-06,1.9243884635224021e-16,0.90483779191983427,2.1737187052419999,0.91159891328951104
0.00021286970519293879,1.650007839168266,1.6499999999999999,3.2999999999999998,-0.00026142475910685719,5.0085367433242522e-06,2.834855409853977e-06,2.834856896585169e-06,1.924388465733752e-16,0.90483779525836272,2.173718705846337,0.91159891279386085
0.0002130697051929388,1.650007847795093,1.6499999999999999,3.2999999999999998,-0.00026142481429820499,5.0085367829597817e-06,2.8348554221051731e-06,2.8348569169137861e-06,1.9243884634173781e-16,0.90483779184642288,2.1737187052139029,0.91159891336580068
0.0002132697051929388,1.6500078395717439,1.6499999999999999,3.2999999999999998,-0.00026142475572601509,5.0085367034521752e-06,2.834855391253867e-06,2.834856875889095e-06,1.924389313916928e-16,0.90483780043846385,2.1737187064837462,0.91159891220050437
0.00021346970519293881,1.6500078409934851,1.6499999999999999,3.2999999999999998,-0.00026142480925896779,5.00853675137471e-06,2.834855398408122e-06,2.8348568956348459e-06,1.924389312314856e-16,0.90483779844601742,2.1737187057193039,0.91159891274754101
0.00021366970519293881,1.6500078467184729,1.6499999999999999,3.2999999999999998,-0.00026142475829366642,5.0085367322410497e-06,2.8348554113472419e-06,2.8348568948923279e-06,1.9243884655920531e-16,0.90483779484248728,2.1737187060233638,0.91159891275072757
0.00021386970519293879,1.6500078366068811,1.6499999999999999,3.2999999999999998,-0.00026142480600557989,5.0085367727397719e-06,2.8348554131499478e-06,2.8348569100092021e-06,1.9243884648777921e-16,0.90483779434044054,2.1737187053773379,0.91159891316292008
0.00021406970519293879,1.6500078414821631,1.6499999999999999,3.2999999999999998,-0.00026142475492877071,5.0085367250848292e-06,2.8348554073952309e-06,2.834856892424785e-06,1.9243893111841171e-16,0.90483779594311686,2.1737187061375711,0.91159891267687621
0.0002142697051929388,1.6500078410094809,1.6499999999999999,3.2999999999999998,-0.00026142480678721468,5.0085367938554274e-06,2.834855420674944e-06,2.834856919841464e-06,1.924388463523278e-16,0.90483779224474126,2.1737187050398599,0.91159891344246169
0.0002144697051929388,1.6500078495339841,1.6499999999999999,3.2999999999999998,-0.00026142476328489878,5.0085367518148114e-06,2.8348554201997331e-06,2.8348569044466469e-06,1.9243884640590851e-16,0.90483779237708173,2.1737187057100211,0.91159891302512619
0.00021466970519293881,1.650007848193686,1.6499999999999999,3.2999999999999998,-0.00026142480656383678,5.0085367758630568e-06,2.8348554122894661e-06,2.834856909952464e-06,1.9243884649922161e-16,0.90483779458008284,2.1737187053274272,0.91159891315984332
0.00021486970519293881,1.650007843199506,1.6499999999999999,3.2999999999999998,-0.00026142475834153758,5.0085367699471017e-06,2.8348554303189808e-06,2.8348569154675061e-06,1.924388462317577e-16,0.90483778955888694,2.1737187054204861,0.91159891334148135
0.00021506970519293879,1.6500078412181809,1.6499999999999999,3.2999999999999998,-0.00026142480954586107,5.0085367416706203e-06,2.834855397645429e-06,2.8348568925434661e-06,1.924389312521491e-16,0.90483779865842529,2.1737187058742071,0.91159891266252213
0.00021526970519293879,1.650007844227531,1.6499999999999999,3.2999999999999998,-0.00026142475709757518,5.0085367588124877e-06,2.834855419179875e-06,2.8348569073994932e-06,1.9243884641177019e-16,0.9048377926611143,2.1737187055979659,0.91159891310320595
0.0002154697051929388,1.650007837000794,1.6499999999999999,3.2999999999999998,-0.00026142480694661251,5.0085367519982847e-06,2.834855407556135e-06,2.834856899539326e-06,1.9243884659700799e-16,0.90483779589830471,2.173718705708882,0.91159891286958439
0.0002156697051929388,1.650007840037536,1.6499999999999999,3.2999999999999998,-0.00026142475992016272,5.0085367652404124e-06,2.834855423409609e-06,2.834856912613457e-06,1.9243884633797659e-16,0.90483779148314203,2.1737187054951872,0.91159891325187314
0.00021586970519293881,1.6500078449381019,1.6499999999999999,3.2999999999999998,-0.00026142481040720679,5.0085367743447248e-06,2.83485542251774e-06,2.8348569130263572e-06,1.924388463470851e-16,0.90483779173151968,2.1737187053513489,0.91159891326134601
0.00021606970519293879,1.6500078316613871,1.6499999999999999,3.2999999999999998,-0.00026142475381216163,5.008536752312766e-06,2.834855415281006e-06,2.834856904790317e-06,1.9243884647509489e-16,0.9048377937469454,2.1737187057019089,0.91159891302561702
0.00021626970519293879,1.650007838544141,1.6499999999999999,3.2999999999999998,-0.00026142480728184051,5.008536755090143e-06,2.834855408018745e-06,2.8348569004300129e-06,1.924388465875036e-16,0.90483779576946954,2.1737187056595282,0.91159891289451489
0.00021646970519293891,1.65000784452302,1.6499999999999999,3.2999999999999998,-0.00026142475832510031,5.0085367448654702e-06,2.834855411686039e-06,2.8348569010851001e-06,1.924388465368039e-16,0.90483779474813697,2.1737187058208982,0.91159891291891382
0.00021666970519293891,1.6500078378034879,1.6499999999999999,3.2999999999999998,-0.00026142480667580987,5.0085368151456963e-06,2.8348554400193008e-06,2.83485693206483e-06,1.92438846043064e-16,0.90483778685736294,2.1737187046992399,0.91159891380788005
0.00021686970519293889,1.650007835705096,1.6499999999999999,3.2999999999999998,-0.0002614247614827665,5.0085367549530134e-06,2.8348554202036011e-06,2.8348569078276001e-06,1.9243884639740979e-16,0.90483779237600803,2.1737187056601051,0.91159891311662444
0.00021706970519293889,1.650007835619671,1.6499999999999999,3.2999999999999998,-0.00026142480715404419,5.0085367706174148e-06,2.8348554119581932e-06,2.834856907247488e-06,1.924388465115342e-16,0.9048377946723416,2.1737187054114169,0.91159891308605312
0.0002172697051929389,1.650007838810652,1.6499999999999999,3.2999999999999998,-0.00026142476159450459,5.0085367117982094e-06,2.8348553980420611e-06,2.8348568838813752e-06,1.9243893127468259e-16,0.90483779854796387,2.173718706349705,0.91159891242893587
0.0002174697051929389,1.650007844468619,1.6499999999999999,3.2999999999999998,-0.00026142480637260178,5.0085367938069153e-06,2.8348554235875028e-06,2.8348569194065431e-06,1.9243884631179819e-16,0.90483779143359666,2.173718705040713,0.91159891343591037
0.00021766970519293891,1.650007839205839,1.6499999999999999,3.2999999999999998,-0.00026142475859648929,5.0085367754382071e-06,2.8348554315173609e-06,2.834856917751115e-06,1.924388462079433e-16,0.90483778922514269,2.173718705332385,0.91159891340542232
0.00021786970519293891,1.650007842447254,1.6499999999999999,3.2999999999999998,-0.00026142480834996369,5.0085367700389556e-06,2.8348554130192299e-06,2.834856908728e-06,1.9243884649330059e-16,0.90483779437684364,2.1737187054204341,0.91159891312801655
0.00021806970519293889,1.650007837386487,1.6499999999999999,3.2999999999999998,-0.00026142475414734137,5.0085367286560302e-06,2.8348554070777211e-06,2.8348568941483691e-06,1.9243893111802251e-16,0.90483779603154502,2.1737187060799852,0.91159891272295035
0.00021826970519293889,1.650007842294495,1.6499999999999999,3.2999999999999998,-0.00026142481232084021,5.008536759996555e-06,2.8348554047305852e-06,2.8348569010812118e-06,1.9243893112667969e-16,0.90483779668521747,2.173718705581174,0.91159891290624595
0.0002184697051929389,1.6500078432752621,1.6499999999999999,3.2999999999999998,-0.00026142475733657118,5.0085367550920471e-06,2.8348554226849121e-06,2.834856908644942e-06,1.924388463601814e-16,0.9048377916849667,2.173718705657357,0.91159891314318686
0.0002186697051929389,1.650007839190023,1.6499999999999999,3.2999999999999998,-0.00026142480571888642,5.0085367950014816e-06,2.8348554285425058e-06,2.8348569213870882e-06,1.924388462364214e-16,0.90483779005363418,2.1737187050214239,0.91159891349838007
0.00021886970519293891,1.650007846298023,1.6499999999999999,3.2999999999999998,-0.00026142475931397092,5.008536772931873e-06,2.8348554298355668e-06,2.8348569169950229e-06,1.9243884623435611e-16,0.90483778969352102,2.1737187053728162,0.91159891338194987
0.00021906970519293889,1.650007842909982,1.6499999999999999,3.2999999999999998,-0.00026142481338947189,5.0085367745427374e-06,2.834855417705731e-06,2.834856910386053e-06,1.9243884642146751e-16,0.90483779307165835,2.1737187053485441,0.91159891318127906
0.00021926970519293889,1.6500078373709419,1.6499999999999999,3.2999999999999998,-0.000261424755677962,5.0085367533610777e-06,2.8348554211078029e-06,2.8348569070766389e-06,1.9243884638666299e-16,0.90483779212418836,2.1737187056851481,0.91159891309792329
0.0002194697051929389,1.6500078385763379,1.6499999999999999,3.2999999999999998,-0.00026142481093369867,5.0085367884283399e-06,2.8348554237742012e-06,2.8348569182430281e-06,1.9243884631334271e-16,0.90483779138159937,2.1737187051263871,0.91159891340475974
0.0002196697051929389,1.650007845544347,1.6499999999999999,3.2999999999999998,-0.00026142476070136188,5.0085367431397253e-06,2.8348554129462609e-06,2.8348568994720479e-06,1.924388465229484e-16,0.90483779439716538,2.1737187058487688,0.91159891287752215
0.00021986970519293891,1.650007838636788,1.6499999999999999,3.2999999999999998,-0.00026142480796735541,5.0085368167302484e-06,2.8348554347326671e-06,2.834856932104295e-06,1.9243884611784451e-16,0.9048377883296832,2.173718704674056,0.91159891379947755
0.00022006970519293891,1.650007841748715,1.6499999999999999,3.2999999999999998,-0.00026142476027087849,5.0085367525724392e-06,2.8348554210518919e-06,2.8348569066763151e-06,1.9243884638859181e-16,0.90483779213975846,2.173718705698013,0.91159891308699015
0.00022026970519293889,1.6500078335299959,1.6499999999999999,3.2999999999999998,-0.0002614248002489125,5.0085367177217717e-06,2.834855386684768e-06,2.8348568797601089e-06,1.9243893144397101e-16,0.90483780171095229,2.173718706257088,0.91159891229696621
0.00022046970519293889,1.6500078386799819,1.6499999999999999,3.2999999999999998,-0.00026142475909077939,5.0085367165491139e-06,2.834855396736237e-06,2.8348568847276259e-06,1.9243893128998001e-16,0.9048377989116333,2.1737187062739882,0.91159891244949909
0.00022066970519293901,1.6500078419920541,1.6499999999999999,3.2999999999999998,-0.0002614248034862315,5.008536731165273e-06,2.8348553934853961e-06,2.8348568861337569e-06,1.9243893132883989e-16,0.90483779981698498,2.1737187060422931,0.91159891248162017
0.00022086970519293901,1.6500078277849379,1.6499999999999999,3.2999999999999998,-0.0002614247536846259,5.0085367534975228e-06,2.83485541671004e-06,2.8348569063600402e-06,1.924388464508902e-16,0.90483779334896164,2.1737187056830618,0.91159891307065377
0.00022106970519293899,1.6500078364838939,1.6499999999999999,3.2999999999999998,-0.0002614248081109555,5.0085367482016738e-06,2.8348554070319999e-06,2.834856897678052e-06,1.9243893110500199e-16,0.90483779604427617,2.1737187057696632,0.91159891281827676
0.00022126970519293899,1.6500078313193649,1.6499999999999999,3.2999999999999998,-0.00026142475207395721,5.0085367466249431e-06,2.8348554141464469e-06,2.8348569026270088e-06,1.924388464977884e-16,0.90483779406292075,2.173718705792913,0.91159891296504547
0.000221469705192939,1.6500078418479209,1.6499999999999999,3.2999999999999998,-0.00026142481466527112,5.0085367627355496e-06,2.834855413562762e-06,2.834856905277455e-06,1.924388464954195e-16,0.90483779422546728,2.1737187055371452,0.91159891303561558
0.000221669705192939,1.6500078441259509,1.6499999999999999,3.2999999999999998,-0.00026142475645935198,5.0085367674622043e-06,2.8348554245974562e-06,2.8348569146323952e-06,1.9243884631589709e-16,0.90483779115232799,2.1737187054596792,0.91159891330863341
0.00022186970519293901,1.650007840248235,1.6499999999999999,3.2999999999999998,-0.00026142481161942131,5.0085367726156968e-06,2.834855423158836e-06,2.8348569111201349e-06,1.9243884634270271e-16,0.90483779155297606,2.1737187053791671,0.91159891321090925
0.00022206970519293899,1.6500078436499439,1.6499999999999999,3.2999999999999998,-0.00026142476038237031,5.0085368047999562e-06,2.8348554415711681e-06,2.834856934522239e-06,1.924388460185604e-16,0.90483778642517687,2.1737187048628721,0.91159891387726122
0.00022226970519293899,1.6500078444346831,1.6499999999999999,3.2999999999999998,-0.00026142480554346582,5.0085367947434169e-06,2.8348554330412092e-06,2.8348569223927941e-06,1.924388461701574e-16,0.90483778880074661,2.1737187050257551,0.91159891353365108
0.000222469705192939,1.6500078481584279,1.6499999999999999,3.2999999999999998,-0.00026142475987226983,5.0085367738225934e-06,2.8348554256362621e-06,2.8348569173212919e-06,1.92438846293199e-16,0.90483779086302474,2.173718705357905,0.91159891338325594
0.000222669705192939,1.6500078399142319,1.6499999999999999,3.2999999999999998,-0.00026142480444280741,5.0085367555330226e-06,2.8348554114967801e-06,2.834856901411423e-06,1.9243884653562049e-16,0.90483779480083804,2.173718705652274,0.91159891292729978
0.00022286970519293901,1.6500078371582261,1.6499999999999999,3.2999999999999998,-0.00026142475645979688,5.0085367249108334e-06,2.8348553972864662e-06,2.83485688935392e-06,1.9243893126934331e-16,0.90483779875840042,2.1737187061402672,0.91159891257567227
0.00022306970519293901,1.6500078399339839,1.6499999999999999,3.2999999999999998,-0.00026142481168277423,5.0085367853885513e-06,2.8348554246953228e-06,2.834856916071602e-06,1.9243884630595261e-16,0.90483779112506635,2.1737187051750522,0.91159891334765142
0.00022326970519293899,1.6500078403087639,1.6499999999999999,3.2999999999999998,-0.00026142475303105901,5.0085367573741436e-06,2.8348554176665731e-06,2.834856906900927e-06,1.9243884643488739e-16,0.9048377930825684,2.1737187056213578,0.91159891308700369
0.00022346970519293899,1.650007835809755,1.6499999999999999,3.2999999999999998,-0.00026142480544759958,5.0085367815886954e-06,2.8348554213958771e-06,2.8348569149672341e-06,1.924388463565802e-16,0.90483779204395753,2.1737187052359079,0.9115989133118565
0.000223669705192939,1.6500078405254179,1.6499999999999999,3.2999999999999998,-0.00026142475644363859,5.0085367806619584e-06,2.8348554312020969e-06,2.834856921603068e-06,1.9243884620231719e-16,0.90483778931294567,2.1737187052491969,0.91159891350909183
0.000223869705192939,1.6500078431704051,1.6499999999999999,3.2999999999999998,-0.00026142480624499851,5.008536724227753e-06,2.8348553974723141e-06,2.8348568864231711e-06,1.9243893127346969e-16,0.90483779870663061,2.1737187061526408,0.91159891249659386
0.00022406970519293901,1.6500078407448,1.6499999999999999,3.2999999999999998,-0.0002614247569698025,5.0085368125763311e-06,2.834855440146811e-06,2.834856934956697e-06,1.9243884603554359e-16,0.90483778682186178,2.1737187047388229,0.91159891388646597
0.00022426970519293901,1.6500078425680029,1.6499999999999999,3.2999999999999998,-0.00026142481021589991,5.0085367470302552e-06,2.8348554146344442e-06,2.8348568997195098e-06,1.9243884649723469e-16,0.90483779392699937,2.1737187057883109,0.91159891288713735
0.00022446970519293899,1.6500078339079081,1.6499999999999999,3.2999999999999998,-0.00026142475295111038,5.0085367536010743e-06,2.8348554059974961e-06,2.8348569026155032e-06,1.9243893110708929e-16,0.90483779633239636,2.1737187056818068,0.91159891295013573
0.0002246697051929391,1.6500078384815129,1.6499999999999999,3.2999999999999998,-0.00026142480745709669,5.0085367774289081e-06,2.8348554281281619e-06,2.834856914480282e-06,1.924388462629643e-16,0.90483779016902222,2.1737187053019871,0.91159891331073706
0.00022486970519293911,1.6500078452842779,1.6499999999999999,3.2999999999999998,-0.00026142475732058798,5.0085367183929674e-06,2.8348553941726138e-06,2.8348568887099568e-06,1.924389313171345e-16,0.90483779962560551,2.17371870624484,0.91159891255266856
0.00022506970519293909,1.650007844903252,1.6499999999999999,3.2999999999999998,-0.00026142480637269177,5.0085367867489082e-06,2.8348554253420028e-06,2.83485691583779e-06,1.9243884629683939e-16,0.90483779094496697,2.1737187051531781,0.91159891334248289
0.00022526970519293909,1.6500078480026019,1.6499999999999999,3.2999999999999998,-0.00026142475800637643,5.0085367451221864e-06,2.8348554082306761e-06,2.834856898723579e-06,1.9243884659121879e-16,0.90483779571045286,2.17371870581733,0.91159891284882111
0.0002254697051929391,1.650007836156129,1.6499999999999999,3.2999999999999998,-0.00026142480339040629,5.0085367323906603e-06,2.8348553989658089e-06,2.8348568891163738e-06,1.9243893124374051e-16,0.90483779829069744,2.173718706022346,0.91159891257214742
0.0002256697051929391,1.650007838487044,1.6499999999999999,3.2999999999999998,-0.00026142475692212319,5.0085367544676466e-06,2.8348554146848219e-06,2.834856905374428e-06,1.924388464816469e-16,0.90483779391298336,2.1737187056676541,0.91159891304035501
0.00022586970519293911,1.6500078481412559,1.6499999999999999,3.2999999999999998,-0.00026142480842977192,5.0085367870385562e-06,2.834855429915409e-06,2.8348569204087821e-06,1.9243884622143381e-16,0.90483778967128159,2.173718705148437,0.91159891347436672
0.00022606970519293911,1.6500078390826971,1.6499999999999999,3.2999999999999998,-0.0002614247534932615,5.0085367110476179e-06,2.834855392627801e-06,2.8348568808524862e-06,1.924389313588079e-16,0.90483780005582992,2.1737187063626049,0.91159891233727752
0.00022626970519293909,1.6500078353924359,1.6499999999999999,3.2999999999999998,-0.00026142480772830488,5.0085367830480807e-06,2.834855419701333e-06,2.8348569128068219e-06,1.9243884638507881e-16,0.90483779251588758,2.1737187052125888,0.91159891325036002
0.00022646970519293909,1.6500078424464479,1.6499999999999999,3.2999999999999998,-0.00026142476207270259,5.0085367533757398e-06,2.8348554180263292e-06,2.8348569042306819e-06,1.9243884643689351e-16,0.90483779298237366,2.1737187056852889,0.91159891301539131
0.0002266697051929391,1.6500078441656101,1.6499999999999999,3.2999999999999998,-0.00026142480742532632,5.0085367651686746e-06,2.8348554129607109e-06,2.8348569061867821e-06,1.924388465012477e-16,0.90483779439314116,2.1737187054983589,0.91159891305914642
0.0002268697051929391,1.650007842105188,1.6499999999999999,3.2999999999999998,-0.00026142475993590501,5.008536779570016e-06,2.8348554341275061e-06,2.8348569207972301e-06,1.9243884616273469e-16,0.90483778849822238,2.1737187052662659,0.9115989134925262
0.00022706970519293911,1.6500078409191059,1.6499999999999999,3.2999999999999998,-0.00026142480860526809,5.0085367574192007e-06,2.8348554129105221e-06,2.8348569040280272e-06,1.9243884650909231e-16,0.90483779440711698,2.1737187056218108,0.91159891300063778
0.00022726970519293911,1.6500078484103831,1.6499999999999999,3.2999999999999998,-0.00026142476446502401,5.0085367944405679e-06,2.8348554356573522e-06,2.8348569263945882e-06,1.9243884612401121e-16,0.90483778807216431,2.1737187050286249,0.91159891364673151
0.00022746970519293909,1.650007836032219,1.6499999999999999,3.2999999999999998,-0.00026142480252924782,5.0085368288992277e-06,2.834855448868365e-06,2.8348569390987932e-06,1.924388458971838e-16,0.9048377843929104,2.173718704479692,0.91159891401407156
0.0002276697051929391,1.650007837993414,1.6499999999999999,3.2999999999999998,-0.00026142475968105039,5.0085367847345588e-06,2.834855432954974e-06,2.8348569212375649e-06,1.9243884617690801e-16,0.90483778882477051,2.1737187051839761,0.91159891350234101
0.0002278697051929391,1.6500078423095339,1.6499999999999999,3.2999999999999998,-0.00026142480838175499,5.0085368204618021e-06,2.8348554448709802e-06,2.834856937769087e-06,1.9243884595965039e-16,0.9048377855061791,2.1737187046139042,0.91159891397092874
0.00022806970519293911,1.6500078365516371,1.6499999999999999,3.2999999999999998,-0.00026142475470552779,5.008536769012289e-06,2.8348554265497968e-06,2.8348569134850348e-06,1.924388462901517e-16,0.9048377906086027,2.1737187054352058,0.91159891328108344
0.00022826970519293911,1.650007846295235,1.6499999999999999,3.2999999999999998,-0.00026142481192207971,5.0085367700723719e-06,2.8348554163697068e-06,2.834856909892204e-06,1.924388464429598e-16,0.90483779344373949,2.17371870542001,0.91159891316552211
0.00022846970519293909,1.6500078437138399,1.6499999999999999,3.2999999999999998,-0.00026142475366883698,5.0085367706404066e-06,2.8348554284466839e-06,2.8348569153991671e-06,1.924388462583732e-16,0.90483779008032283,2.1737187054088651,0.91159891333627796
0.00022866970519293909,1.6500078408654399,1.6499999999999999,3.2999999999999998,-0.00026142480807902899,5.0085368073639504e-06,2.8348554377626619e-06,2.834856930042693e-06,1.9243884608206649e-16,0.90483778748583266,2.1737187048234601,0.91159891374911828
0.00022886970519293921,1.650007844135073,1.6499999999999999,3.2999999999999998,-0.00026142476004738929,5.0085367668000931e-06,2.8348554238860709e-06,2.8348569107556029e-06,1.9243884633484449e-16,0.90483779135044673,2.1737187054708969,0.91159891320245312
0.00022906970519293921,1.6500078443389661,1.6499999999999999,3.2999999999999998,-0.00026142480871712751,5.0085367277875792e-06,2.8348553917098981e-06,2.8348568852997619e-06,1.924389313570129e-16,0.90483780031145922,2.173718706096007,0.91159891245587166
0.00022926970519293919,1.650007839899861,1.6499999999999999,3.2999999999999998,-0.00026142476154646761,5.0085367182618619e-06,2.8348553952923799e-06,2.8348568840969942e-06,1.924389313114369e-16,0.90483779931374719,2.1737187062466119,0.91159891242984736
0.00022946970519293919,1.650007835355414,1.6499999999999999,3.2999999999999998,-0.00026142480460254768,5.0085367581150831e-06,2.8348554098969101e-06,2.8348569033458959e-06,1.92438846553351e-16,0.90483779524640218,2.1737187056110612,0.91159891297678064
0.0002296697051929392,1.650007840817707,1.6499999999999999,3.2999999999999998,-0.00026142475953740981,5.0085367314750279e-06,2.8348554043137348e-06,2.8348568931113708e-06,1.9243893115887421e-16,0.90483779680131193,2.1737187060356988,0.91159891268993776
0.0002298697051929392,1.6500078481491049,1.6499999999999999,3.2999999999999998,-0.00026142481319793532,5.0085367881265988e-06,2.8348554239509409e-06,2.8348569186746329e-06,1.924388463099578e-16,0.90483779133237741,2.1737187051311899,0.91159891341675603
0.00023006970519293921,1.650007840549961,1.6499999999999999,3.2999999999999998,-0.00026142475909078362,5.0085367993052298e-06,2.834855440635948e-06,2.8348569292546419e-06,1.924388460452431e-16,0.9048377866856302,2.17371870495111,0.91159891373304336
0.00023026970519293921,1.6500078480016009,1.6499999999999999,3.2999999999999998,-0.00026142481130036598,5.0085367105176277e-06,2.834855388129431e-06,2.834856879291307e-06,1.9243893142660729e-16,0.90483780130861247,2.1737187063723158,0.91159891228686862
0.00023046970519293919,1.650007843871504,1.6499999999999999,3.2999999999999998,-0.00026142475505600731,5.0085367780862337e-06,2.8348554243996859e-06,2.8348569164426049e-06,1.924388463114876e-16,0.90483779120740881,2.1737187052902729,0.91159891335726351
0.0002306697051929392,1.6500078373533,1.6499999999999999,3.2999999999999998,-0.0002614248105669288,5.0085367588188464e-06,2.8348554155168619e-06,2.8348569040463489e-06,1.9243884647149071e-16,0.90483779368125139,2.1737187055999438,0.91159891300580265
0.0002308697051929392,1.650007836887718,1.6499999999999999,3.2999999999999998,-0.00026142475875578559,5.0085367522599831e-06,2.834855412022472e-06,2.8348569047010431e-06,1.924388465217569e-16,0.90483779465444569,2.1737187057031102,0.91159891301736395
0.00023106970519293921,1.6500078411289409,1.6499999999999999,3.2999999999999998,-0.00026142480959393308,5.0085367478279264e-06,2.8348554130823669e-06,2.8348568997820551e-06,1.924388465189668e-16,0.90483779435925404,2.173718705775153,0.91159891288604944
0.00023126970519293921,1.6500078454276761,1.6499999999999999,3.2999999999999998,-0.00026142475704972332,5.0085367179255627e-06,2.8348553917751362e-06,2.8348568846628131e-06,1.9243893136041131e-16,0.90483780029329475,2.173718706251921,0.91159891243885749
0.00023146970519293919,1.6500078353348391,1.6499999999999999,3.2999999999999998,-0.00026142480775987739,5.0085367433657162e-06,2.8348554071735832e-06,2.834856896465853e-06,1.9243893110713401e-16,0.90483779600484293,2.1737187058467189,0.91159891278572802
0.00023166970519293919,1.6500078369146221,1.6499999999999999,3.2999999999999998,-0.00026142475590139292,5.0085367904626801e-06,2.8348554313333121e-06,2.8348569242425642e-06,1.924388461916157e-16,0.90483778927640568,2.1737187050921918,0.91159891358075251
0.0002318697051929392,1.650007842746315,1.6499999999999999,3.2999999999999998,-0.00026142480988107047,5.0085367783024642e-06,2.8348554270611379e-06,2.8348569142254589e-06,1.9243884627848041e-16,0.90483779046618895,2.1737187052884712,0.9115989133019301
0.0002320697051929392,1.650007840364343,1.6499999999999999,3.2999999999999998,-0.00026142475982434218,5.0085367800577308e-06,2.8348554266091459e-06,2.8348569195623222e-06,1.9243884627247991e-16,0.90483779059207858,2.1737187052585991,0.91159891344564115
0.00023226970519293921,1.6500078445105999,1.6499999999999999,3.2999999999999998,-0.00026142481004033392,5.00853676547135e-06,2.834855421468777e-06,2.8348569104569119e-06,1.9243884637041689e-16,0.90483779202365322,2.1737187054928242,0.91159891318993502
0.00023246970519293921,1.6500078508280061,1.6499999999999999,3.2999999999999998,-0.00026142475880400927,5.0085367735188457e-06,2.8348554220111919e-06,2.834856914500084e-06,1.924388463512191e-16,0.90483779187260327,2.1737187053631648,0.91159891330041998
0.00023266970519293919,1.6500078374637801,1.6499999999999999,3.2999999999999998,-0.00026142480630857851,5.0085367727670497e-06,2.8348554241267219e-06,2.8348569117149778e-06,1.9243884632753799e-16,0.90483779128341835,2.1737187053764648,0.91159891322873987
0.0002328697051929392,1.650007843489421,1.6499999999999999,3.2999999999999998,-0.00026142476092497002,5.0085367816746032e-06,2.8348554269820831e-06,2.834856919488377e-06,1.9243884626684069e-16,0.90483779048821811,2.1737187052328708,0.91159891344430832
0.00023306970519293931,1.6500078418660959,1.6499999999999999,3.2999999999999998,-0.00026142480635648008,5.0085367811938519e-06,2.834855430087161e-06,2.8348569183116119e-06,1.924388462254021e-16,0.90483778962344663,2.1737187052415119,0.91159891341792243
0.00023326970519293931,1.650007840900146,1.6499999999999999,3.2999999999999998,-0.00026142475953748169,5.0085367413480752e-06,2.8348554064638619e-06,2.8348568989866018e-06,1.924389311122035e-16,0.90483779620250937,2.1737187058775862,0.91159891285277339
0.00023346970519293929,1.6500078383290959,1.6499999999999999,3.2999999999999998,-0.00026142480723371668,5.0085368083538269e-06,2.8348554383409571e-06,2.8348569304509099e-06,1.9243884607261431e-16,0.90483778732477615,2.1737187048073849,0.91159891376120061
0.0002336697051929393,1.650007833280686,1.6499999999999999,3.2999999999999998,-0.00026142475913851752,5.0085367814924716e-06,2.8348554287717951e-06,2.8348569185006629e-06,1.924388462435831e-16,0.90483778998978226,2.1737187052360158,0.91159891342078703
0.0002338697051929393,1.6500078428318861,1.6499999999999999,3.2999999999999998,-0.00026142480653227321,5.0085367583421997e-06,2.8348554139388959e-06,2.8348569045583151e-06,1.924388464929779e-16,0.90483779412071441,2.1737187056069498,0.9115989130168296
0.00023406970519293931,1.6500078349862,1.6499999999999999,3.2999999999999998,-0.00026142475851658511,5.008536789821848e-06,2.834855431338725e-06,2.834856921745201e-06,1.924388461972743e-16,0.90483778927489611,2.1737187051026501,0.91159891351318278
0.00023426970519293931,1.6500078361286079,1.6499999999999999,3.2999999999999998,-0.00026142480917937461,5.0085367667735318e-06,2.8348554195840088e-06,2.8348569091313702e-06,1.9243884639983709e-16,0.90483779254855978,2.173718705472754,0.91159891315068942
0.00023446970519293929,1.650007837022694,1.6499999999999999,3.2999999999999998,-0.00026142475811812829,5.0085368110243304e-06,2.8348554392927701e-06,2.8348569326358979e-06,1.924388460533324e-16,0.90483778705970963,2.173718704763659,0.9115989138221352
0.00023466970519293929,1.650007844738409,1.6499999999999999,3.2999999999999998,-0.00026142481437794448,5.0085367493416471e-06,2.8348554131777119e-06,2.8348569000899372e-06,1.9243884651647269e-16,0.90483779433270095,2.1737187057512952,0.91159891289455153
0.0002348697051929393,1.650007844177974,1.6499999999999999,3.2999999999999998,-0.00026142475601309648,5.0085367474621886e-06,2.834855405537027e-06,2.8348568994425211e-06,1.9243893112255439e-16,0.90483779646063356,2.1737187057802112,0.91159891286345007
0.0002350697051929393,1.6500078431236309,1.6499999999999999,3.2999999999999998,-0.00026142481335744748,5.0085367621078389e-06,2.8348554202437348e-06,2.834856907779387e-06,1.924388463948367e-16,0.90483779236482542,2.173718705546781,0.9115989131152864
0.00023526970519293931,1.6500078503164639,1.6499999999999999,3.2999999999999998,-0.00026142476044629693,5.0085367662631674e-06,2.834855414723522e-06,2.8348569092963099e-06,1.924388464688265e-16,0.90483779390220731,2.1737187054793541,0.91159891314655062
0.00023546970519293931,1.6500078391898301,1.6499999999999999,3.2999999999999998,-0.00026142480227421398,5.0085367977724322e-06,2.834855437785467e-06,2.834856926890617e-06,1.924388460916388e-16,0.90483778747947996,2.1737187049767321,0.91159891366386392
0.00023566970519293929,1.6500078374290641,1.6499999999999999,3.2999999999999998,-0.00026142475733674438,5.0085367904680613e-06,2.8348554319377112e-06,2.8348569210105901e-06,1.9243884619018229e-16,0.90483778910807966,2.173718705092953,0.91159891349437672
0.0002358697051929393,1.650007841370837,1.6499999999999999,3.2999999999999998,-0.00026142480916325502,5.0085367799696394e-06,2.834855427897691e-06,2.8348569176931771e-06,1.924388462583486e-16,0.9048377902332102,2.173718705261058,0.91159891339726773
0.0002360697051929393,1.6500078432781089,1.6499999999999999,3.2999999999999998,-0.00026142476090885812,5.0085367534672007e-06,2.8348554125921529e-06,2.8348569027181809e-06,1.924388465176721e-16,0.90483779449578849,2.1737187056840219,0.91159891296472817
0.00023626970519293931,1.650007837053183,1.6499999999999999,3.2999999999999998,-0.00026142480472989672,5.0085367722661458e-06,2.8348554199612701e-06,2.8348569112619549e-06,1.924388463880642e-16,0.90483779244349227,2.1737187053846458,0.91159891320902164
0.00023646970519293931,1.6500078378863889,1.6499999999999999,3.2999999999999998,-0.00026142476243989459,5.0085367506732854e-06,2.8348554131035749e-06,2.8348569038023119e-06,1.9243884650882301e-16,0.90483779435335676,2.1737187057284859,0.91159891299498086
0.00023666970519293929,1.650007845174472,1.6499999999999999,3.2999999999999998,-0.0002614248111087931,5.0085368031764583e-06,2.834855436274129e-06,2.834856928683671e-06,1.924388461075607e-16,0.90483778790038749,2.173718704890184,0.91159891370967683
0.00023686970519293929,1.6500078404206491,1.6499999999999999,3.2999999999999998,-0.00026142475366875057,5.0085367212203998e-06,2.8348553991080292e-06,2.8348568855117311e-06,1.924389312530292e-16,0.90483779825109156,2.1737187061997281,0.91159891247496583
0.00023706970519293941,1.650007850216985,1.6499999999999999,3.2999999999999998,-0.00026142481079013968,5.0085368002656364e-06,2.8348554275939928e-06,2.8348569234416831e-06,1.9243884624378431e-16,0.90483779031779521,2.1737187049371109,0.91159891355227851
0.00023726970519293941,1.650007846686055,1.6499999999999999,3.2999999999999998,-0.00026142475902686562,5.0085367517590004e-06,2.8348554188359169e-06,2.834856902915742e-06,1.9243884642876921e-16,0.90483779275690368,2.1737187057115541,0.91159891298125928
0.00023746970519293939,1.65000784111017,1.6499999999999999,3.2999999999999998,-0.00026142481139599782,5.0085367444100019e-06,2.834855400709743e-06,2.8348568973371441e-06,1.924389311970094e-16,0.90483779780501872,2.1737187058300451,0.91159891279772831
0.00023766970519293939,1.650007845108858,1.6499999999999999,3.2999999999999998,-0.00026142475910673598,5.0085367284280928e-06,2.8348554032678829e-06,2.8348568903096641e-06,1.9243893118091491e-16,0.90483779709257861,2.1737187060843439,0.91159891261224979
0.0002378697051929394,1.650007832857761,1.6499999999999999,3.2999999999999998,-0.00026142480240180088,5.0085367379197763e-06,2.8348553983329229e-06,2.8348568922103281e-06,1.9243893124421619e-16,0.90483779846695855,2.173718705933593,0.91159891265473902
0.0002380697051929394,1.650007841342072,1.6499999999999999,3.2999999999999998,-0.00026142476030274872,5.008536793747152e-06,2.834855438183758e-06,2.834856925641863e-06,1.9243884608988371e-16,0.90483778736856035,2.1737187050397129,0.91159891363088863
0.00023826970519293941,1.6500078486088769,1.6499999999999999,3.2999999999999998,-0.00026142481335757938,5.0085367835018938e-06,2.8348554251456521e-06,2.8348569171575351e-06,1.924388462976977e-16,0.90483779099965345,2.173718705205141,0.91159891337784338
0.00023846970519293941,1.650007832480245,1.6499999999999999,3.2999999999999998,-0.00026142475531108821,5.00853674155555e-06,2.8348554123312511e-06,2.8348568990527191e-06,1.924388465331234e-16,0.90483779456844793,2.1737187058740579,0.91159891286507344
0.00023866970519293939,1.650007837062639,1.6499999999999999,3.2999999999999998,-0.00026142481000877962,5.0085367629703912e-06,2.8348554127528101e-06,2.8348569069883811e-06,1.9243884650309299e-16,0.90483779445103873,2.173718705533124,0.91159891308046526
0.0002388697051929394,1.650007843559945,1.6499999999999999,3.2999999999999998,-0.00026142475827750519,5.0085367760358066e-06,2.8348554276465872e-06,2.8348569161966799e-06,1.9243884626637689e-16,0.90483779030314881,2.1737187053229028,0.9115989133564254
0.0002390697051929394,1.6500078377537251,1.6499999999999999,3.2999999999999998,-0.00026142480653203323,5.0085367744457072e-06,2.8348554215132081e-06,2.8348569143365672e-06,1.924388463584604e-16,0.90483779201128101,2.17371870534943,0.91159891329500087
0.00023926970519293941,1.650007842428318,1.6499999999999999,3.2999999999999998,-0.00026142476256734467,5.0085367517873963e-06,2.83485541464261e-06,2.834856903187895e-06,1.9243884648791341e-16,0.90483779392473762,2.173718705710713,0.91159891298111184
0.00023946970519293941,1.6500078402579981,1.6499999999999999,3.2999999999999998,-0.00026142480591004699,5.0085367937551438e-06,2.834855427935824e-06,2.8348569214168792e-06,1.924388462453712e-16,0.90483779022259436,2.1737187050408848,0.91159891349809941
0.00023966970519293939,1.650007840035183,1.6499999999999999,3.2999999999999998,-0.00026142475803845618,5.0085367879036344e-06,2.83485543477036e-06,2.8348569220112769e-06,1.9243884614836569e-16,0.90483778831918871,2.1737187051337239,0.91159891352653011
0.00023986970519293939,1.650007845231497,1.6499999999999999,3.2999999999999998,-0.00026142480860510861,5.0085367545796074e-06,2.8348554110811101e-06,2.834856902626141e-06,1.924388465391338e-16,0.90483779491660532,2.1737187056671519,0.91159891295942552
0.0002400697051929394,1.650007843446565,1.6499999999999999,3.2999999999999998,-0.00026142475877195419,5.0085367512376262e-06,2.8348554142719848e-06,2.8348569045211812e-06,1.9243884649041109e-16,0.90483779402795617,2.1737187057197609,0.91159891301652674
0.0002402697051929394,1.650007837668829,1.6499999999999999,3.2999999999999998,-0.00026142480860500713,5.0085367794416931e-06,2.834855422907675e-06,2.834856915389123e-06,1.9243884633474019e-16,0.9048377916229231,2.1737187052697342,0.9115989133259812
0.00024046970519293941,1.650007836828,1.6499999999999999,3.2999999999999998,-0.00026142475548695171,5.0085367605548421e-06,2.8348554206996071e-06,2.834856908531429e-06,1.9243884638709329e-16,0.90483779223787342,2.1737187055712051,0.91159891313655872
0.00024066970519293941,1.650007838828581,1.6499999999999999,3.2999999999999998,-0.00026142481145970228,5.0085367872734749e-06,2.834855427215721e-06,2.8348569204139791e-06,1.924388462598218e-16,0.90483779042314028,2.173718705144402,0.91159891346967115
0.00024086970519293939,1.6500078421811999,1.6499999999999999,3.2999999999999998,-0.00026142476055789922,5.0085367547188596e-06,2.83485542037199e-06,2.834856908128138e-06,1.9243884639442361e-16,0.90483779232911443,2.173718705664311,0.91159891312505859
0.00024106970519293939,1.6500078369752309,1.6499999999999999,3.2999999999999998,-0.0002614248060697395,5.0085367739110821e-06,2.8348554188653361e-06,2.8348569122196769e-06,1.9243884640105951e-16,0.90483779274871012,2.1737187053582629,0.91159891323297437
0.00024126970519293951,1.650007840266271,1.6499999999999999,3.2999999999999998,-0.00026142475945735151,5.008536738806591e-06,2.8348554096543661e-06,2.834856896883281e-06,1.924388465769216e-16,0.90483779531395547,2.1737187059181511,0.91159891280157279
0.00024146970519293951,1.6500078467338231,1.6499999999999999,3.2999999999999998,-0.0002614248074892183,5.0085367247226709e-06,2.834855393128904e-06,2.8348568869521809e-06,1.924389313340481e-16,0.904837799916268,2.1737187061446459,0.91159891250312786
0.00024166970519293949,1.650007837530052,1.6499999999999999,3.2999999999999998,-0.00026142475811776752,5.008536803503275e-06,2.8348554387281702e-06,2.834856930202238e-06,1.924388460690579e-16,0.90483778721694719,2.1737187048839601,0.9115989137552688
0.0002418697051929395,1.650007836471383,1.6499999999999999,3.2999999999999998,-0.00026142480608571148,5.0085367596704499e-06,2.8348554178033901e-06,2.8348569064594119e-06,1.9243884643329179e-16,0.904837793044456,2.1737187055862122,0.91159891307519614
0.0002420697051929395,1.6500078468959281,1.6499999999999999,3.2999999999999998,-0.00026142476106825422,5.0085367244264279e-06,2.8348553966138602e-06,2.8348568875847489e-06,1.9243893128300579e-16,0.9048377989457197,2.1737187061483709,0.91159891252659342
0.00024226970519293951,1.650007848680678,1.6499999999999999,3.2999999999999998,-0.00026142481045504228,5.0085368092351351e-06,2.8348554387854559e-06,2.8348569297052139e-06,1.9243884606766571e-16,0.90483778720098751,2.173718704793306,0.91159891374181845
0.00024246970519293951,1.650007838626866,1.6499999999999999,3.2999999999999998,-0.00026142475972869592,5.0085367711747557e-06,2.8348554269307931e-06,2.8348569143504679e-06,1.9243884628215349e-16,0.90483779050249613,2.1737187054009861,0.9115989133051845
0.00024266970519293949,1.6500078485681919,1.6499999999999999,3.2999999999999998,-0.00026142481189033888,5.0085367612248799e-06,2.8348554142512351e-06,2.8348569050039311e-06,1.924388464866675e-16,0.90483779403373032,2.1737187055610572,0.9115989130294474
0.00024286970519293949,1.6500078460159291,1.6499999999999999,3.2999999999999998,-0.00026142475689013798,5.0085367653836753e-06,2.8348554210395409e-06,2.834856910653369e-06,1.924388463760645e-16,0.90483779214320192,2.1737187054932492,0.91159891319458741
0.0002430697051929395,1.6500078386929611,1.6499999999999999,3.2999999999999998,-0.0002614248097533288,5.0085367643402848e-06,2.8348554179541171e-06,2.8348569083941038e-06,1.9243884642542909e-16,0.90483779300248079,2.1737187055111238,0.91159891312781893
0.0002432697051929395,1.650007837158175,1.6499999999999999,3.2999999999999998,-0.00026142475679455802,5.0085367701340537e-06,2.8348554243480711e-06,2.834856913460592e-06,1.9243884632124781e-16,0.90483779122178176,2.1737187054174298,0.91159891327647791
0.00024346970519293951,1.650007839583403,1.6499999999999999,3.2999999999999998,-0.00026142481064640629,5.0085367554966823e-06,2.8348554130711399e-06,2.834856903349738e-06,1.9243884650888871e-16,0.90483779436238276,2.1737187056524672,0.91159891298257101
0.00024366970519293951,1.6500078505968749,1.6499999999999999,3.2999999999999998,-0.00026142476140315402,5.0085368061408382e-06,2.8348554386986091e-06,2.834856930749282e-06,1.924388460674665e-16,0.90483778722517971,2.173718704841805,0.91159891377001867
0.00024386970519293949,1.650007837952465,1.6499999999999999,3.2999999999999998,-0.00026142480457056638,5.0085368017115987e-06,2.834855438783489e-06,2.8348569278973589e-06,1.9243884607398969e-16,0.90483778720153296,2.1737187049138571,0.9115989136928917
0.00024406970519293949,1.65000783640457,1.6499999999999999,3.2999999999999998,-0.00026142475644364618,5.0085367512500386e-06,2.8348554136313691e-06,2.834856903885862e-06,1.9243884650095279e-16,0.90483779420636912,2.1737187057199052,0.91159891299818718
0.0002442697051929395,1.65000784829063,1.6499999999999999,3.2999999999999998,-0.00026142481385181689,5.0085367824224477e-06,2.834855426227206e-06,2.834856918303657e-06,1.924388462800637e-16,0.90483779069843906,2.173718705222095,0.9115989134107948
0.0002444697051929395,1.650007844986016,1.6499999999999999,3.2999999999999998,-0.00026142475400356549,5.0085367107936758e-06,2.8348553942178449e-06,2.834856882609684e-06,1.924389313323289e-16,0.90483779961300459,2.1737187063667678,0.91159891238767587
0.00024466970519293951,1.6500078375728671,1.6499999999999999,3.2999999999999998,-0.00026142480423591171,5.0085368030593416e-06,2.8348554310987149e-06,2.8348569261247989e-06,1.9243884618703639e-16,0.90483778934173564,2.1737187048923632,0.9115989136311623
0.00024486970519293951,1.650007837572365,1.6499999999999999,3.2999999999999998,-0.00026142476353977959,5.00853672882151e-06,2.8348554061655949e-06,2.8348568918381549e-06,1.924389311361048e-16,0.90483779628556793,2.1737187060778962,0.911598912658802
0.00024506970519293952,1.6500078416889541,1.6499999999999999,3.2999999999999998,-0.00026142480771242771,5.0085367873621406e-06,2.8348554192793671e-06,2.8348569175901292e-06,1.924388463791731e-16,0.90483779263340702,2.173718705143342,0.91159891337904042
0.00024526970519293952,1.6500078518653629,1.6499999999999999,3.2999999999999998,-0.00026142476353992341,5.0085367582109943e-06,2.8348554210703661e-06,2.834856905734713e-06,1.924388463887122e-16,0.90483779213461413,2.173718705608203,0.9115989130615435
0.00024546970519293947,1.650007837915775,1.6499999999999999,3.2999999999999998,-0.00026142480423582177,5.00853678746572e-06,2.8348554212750881e-06,2.834856917841172e-06,1.9243884635014169e-16,0.90483779207760207,2.1737187051416789,0.91159891338940868
0.00024566970519293948,1.650007836004052,1.6499999999999999,3.2999999999999998,-0.0002614247578308937,5.0085367694941762e-06,2.834855426366393e-06,2.8348569123934541e-06,1.9243884629504759e-16,0.90483779065967651,2.173718705427929,0.91159891325121667
0.00024586970519293948,1.650007847788681,1.6499999999999999,3.2999999999999998,-0.00026142480953034278,5.0085367489313732e-06,2.834855404802256e-06,2.8348568995700411e-06,1.924389311323566e-16,0.90483779666525921,2.173718705757584,0.91159891286547923
0.00024606970519293949,1.650007842359124,1.6499999999999999,3.2999999999999998,-0.00026142475969654499,5.0085367750932749e-06,2.834855427519462e-06,2.8348569159021369e-06,1.924388462691292e-16,0.90483779033855016,2.1737187053380631,0.91159891334822729
0.00024626970519293949,1.65000784596975,1.6499999999999999,3.2999999999999998,-0.00026142480965799702,5.0085367665152418e-06,2.8348554157764538e-06,2.834856909821342e-06,1.9243884645265209e-16,0.90483779360896155,2.1737187054769169,0.91159891316253894
0.00024646970519293961,1.650007841435049,1.6499999999999999,3.2999999999999998,-0.00026142475775097461,5.0085367522693132e-06,2.834855416075431e-06,2.8348569036400899e-06,1.9243884646634139e-16,0.9048377935256966,2.1737187057028859,0.911598912995915
0.00024666970519293961,1.650007846242759,1.6499999999999999,3.2999999999999998,-0.00026142480752112311,5.008536795785281e-06,2.8348554304246482e-06,2.8348569241776759e-06,1.924388462031615e-16,0.90483778952946115,2.173718705008358,0.9115989135772653
0.00024686970519293962,1.6500078396444879,1.6499999999999999,3.2999999999999998,-0.00026142475626795089,5.0085367767125351e-06,2.8348554291443409e-06,2.834856916093012e-06,1.924388462450645e-16,0.90483778988602359,2.1737187053125759,0.91159891335630305
0.00024706970519293962,1.6500078378109091,1.6499999999999999,3.2999999999999998,-0.00026142480909974077,5.0085367504627139e-06,2.8348554087621909e-06,2.8348569005052531e-06,1.9243884657813711e-16,0.90483779556242194,2.17371870573308,0.91159891289787998
0.00024726970519293963,1.6500078519948089,1.6499999999999999,3.2999999999999998,-0.00026142476226421351,5.0085367598794866e-06,2.8348554180676449e-06,2.8348569075083111e-06,1.92438846427068e-16,0.90483779297086786,2.1737187055814902,0.91159891310415808
0.00024746970519293958,1.6500078342752,1.6499999999999999,3.2999999999999998,-0.0002614248059579613,5.0085367673993689e-06,2.834855416291513e-06,2.8348569097153858e-06,1.9243884644526471e-16,0.9048377934655174,2.173718705462071,0.91159891316059449
0.00024766970519293958,1.6500078409734511,1.6499999999999999,3.2999999999999998,-0.00026142476030282217,5.0085367915958764e-06,2.8348554348377999e-06,2.8348569235223769e-06,1.924388461429241e-16,0.90483778830040684,2.173718705074176,0.9115989135675423
0.00024786970519293959,1.6500078394416,1.6499999999999999,3.2999999999999998,-0.00026142480509698041,5.0085367323197382e-06,2.8348553988897509e-06,2.834856888222065e-06,1.9243893124682801e-16,0.90483779831187749,2.1737187060234371,0.91159891254781145
0.00024806970519293959,1.6500078428124949,1.6499999999999999,3.2999999999999998,-0.00026142476210454978,5.0085367386743124e-06,2.8348554037326821e-06,2.834856895201079e-06,1.924389311603395e-16,0.90483779696313837,2.173718705920666,0.91159891274544413
0.0002482697051929396,1.650007849171927,1.6499999999999999,3.2999999999999998,-0.0002614248050015542,5.0085367659447423e-06,2.8348554188800888e-06,2.8348569076709731e-06,1.9243884641334929e-16,0.90483779274459963,2.1737187054855021,0.91159891310990981
0.0002484697051929396,1.650007834081616,1.6499999999999999,3.2999999999999998,-0.00026142475945719977,5.0085367367258342e-06,2.834855404016256e-06,2.8348568956587161e-06,1.9243893115586841e-16,0.90483779688416266,2.173718705951504,0.91159891275833582
0.00024866970519293961,1.6500078375827021,1.6499999999999999,3.2999999999999998,-0.00026142480836631769,5.008536747714053e-06,2.8348554053125078e-06,2.8348568981315331e-06,1.924389311286439e-16,0.90483779652315088,2.173718705777079,0.91159891282746752
0.00024886970519293961,1.650007838942819,1.6499999999999999,3.2999999999999998,-0.00026142476025482248,5.0085368305389014e-06,2.83485545290271e-06,2.8348569455575541e-06,1.924388458247885e-16,0.90483778326936071,2.1737187044515229,0.91159891419617789
0.00024906970519293962,1.6500078424002509,1.6499999999999999,3.2999999999999998,-0.00026142480594203252,5.008536734376319e-06,2.8348554066968328e-06,2.834856894220566e-06,1.924389311216367e-16,0.90483779613761317,2.1737187059905829,0.91159891272411653
0.00024926970519293962,1.650007848248551,1.6499999999999999,3.2999999999999998,-0.00026142476184972448,5.0085367785264333e-06,2.8348554172309149e-06,2.8348569136189431e-06,1.9243884641979451e-16,0.90483779320390467,2.1737187052837301,0.91159891326801412
0.00024946970519293963,1.650007839467329,1.6499999999999999,3.2999999999999998,-0.00026142480775995431,5.0085367692455484e-06,2.8348554232043941e-06,2.8348569093218128e-06,1.9243884634706259e-16,0.90483779154028143,2.173718705433028,0.91159891316232833
0.00024966970519293958,1.6500078361951021,1.6499999999999999,3.2999999999999998,-0.00026142476162642958,5.0085367752804641e-06,2.8348554201935922e-06,2.834856914076138e-06,1.924388463775334e-16,0.90483779237880357,2.1737187053352161,0.91159891328569331
0.00024986970519293958,1.6500078518912611,1.6499999999999999,3.2999999999999998,-0.00026142481192227112,5.0085367860084964e-06,2.8348554357912291e-06,2.834856922064092e-06,1.924388461343251e-16,0.90483778803486836,2.1737187051644868,0.91159891352968292
0.00025006970519293959,1.650007839917315,1.6499999999999999,3.2999999999999998,-0.00026142475507211839,5.0085367672571326e-06,2.8348554185522761e-06,2.834856911660882e-06,1.9243884640872309e-16,0.90483779283590537,2.173718705463934,0.91159891321739606
0.00025026970519293959,1.650007846232366,1.6499999999999999,3.2999999999999998,-0.00026142481058274801,5.0085367619862829e-06,2.8348554191595339e-06,2.8348569074841291e-06,1.9243884641097709e-16,0.90483779266677034,2.173718705548553,0.91159891310535457
0.0002504697051929397,1.6500078397574189,1.6499999999999999,3.2999999999999998,-0.00026142475740030459,5.0085367821705943e-06,2.8348554257316609e-06,2.83485691893522e-06,1.9243884628574419e-16,0.90483779083645732,2.1737187052252782,0.91159891342710109
0.00025066970519293971,1.6500078435559971,1.6499999999999999,3.2999999999999998,-0.00026142480997678802,5.0085367944871234e-06,2.8348554376865979e-06,2.8348569252976339e-06,1.9243884609757939e-16,0.90483778750701249,2.1737187050294109,0.91159891362057799
0.00025086970519293971,1.6500078419933,1.6499999999999999,3.2999999999999998,-0.00026142475387605502,5.0085367353938614e-06,2.8348554041142399e-06,2.8348568952768029e-06,1.9243893115573541e-16,0.90483779685687626,2.1737187059734628,0.91159891274817673
0.00025106970519293972,1.650007834480635,1.6499999999999999,3.2999999999999998,-0.00026142480651612668,5.0085367296576882e-06,2.8348553985308609e-06,2.8348568882117829e-06,1.924389312527638e-16,0.90483779841182721,2.173718706065499,0.91159891254689007
0.00025126970519293972,1.650007844112952,1.6499999999999999,3.2999999999999998,-0.00026142475904288688,5.0085367582630217e-06,2.8348554128813998e-06,2.8348569054861042e-06,1.924388465059588e-16,0.90483779441523515,2.1737187056074099,0.91159891304014629
0.00025146970519293967,1.650007834204787,1.6499999999999999,3.2999999999999998,-0.0002614248004722833,5.008536749720514e-06,2.834855411524852e-06,2.8348569015346811e-06,1.9243884653670039e-16,0.90483779479301996,2.1737187057446672,0.9115989129306854
0.00025166970519293968,1.650007841442263,1.6499999999999999,3.2999999999999998,-0.00026142476122772632,5.0085367914447987e-06,2.8348554276900561e-06,2.8348569229017521e-06,1.9243884624621999e-16,0.90483779029104905,2.1737187050767601,0.91159891353794387
0.00025186970519293968,1.650007834684047,1.6499999999999999,3.2999999999999998,-0.00026142480677122698,5.0085367796782499e-06,2.8348554283617879e-06,2.834856917143977e-06,1.924388462530461e-16,0.90483779010395815,2.1737187052660052,0.91159891338323507
0.00025206970519293969,1.650007846141802,1.6499999999999999,3.2999999999999998,-0.00026142476255134651,5.0085367616770938e-06,2.8348554157886291e-06,2.8348569075105328e-06,1.924388464590026e-16,0.90483779360557748,2.1737187055529459,0.91159891310013552
0.00025226970519293969,1.6500078431084051,1.6499999999999999,3.2999999999999998,-0.00026142480646842618,5.0085368283054576e-06,2.8348554534378629e-06,2.8348569433021319e-06,1.9243884582290101e-16,0.90483778312031271,2.1737187044882198,0.91159891413599958
0.0002524697051929397,1.650007847553518,1.6499999999999999,3.2999999999999998,-0.00026142476127532962,5.0085367311446147e-06,2.8348554019874829e-06,2.8348568907917749e-06,1.9243893119727621e-16,0.90483779744917037,2.173718706041218,0.91159891262300197
0.0002526697051929397,1.6500078457636109,1.6499999999999999,3.2999999999999998,-0.00026142480772849228,5.0085368244305182e-06,2.8348554399522348e-06,2.8348569366152922e-06,1.924388460311043e-16,0.90483778687604233,2.173718704550307,0.91159891393089543
0.00025286970519293971,1.6500078389135999,1.6499999999999999,3.2999999999999998,-0.00026142476577219192,5.0085367424108881e-06,2.8348554148254501e-06,2.8348568992010799e-06,1.9243884649699801e-16,0.9048377938738128,2.1737187058609502,0.91159891287355621
0.00025306970519293971,1.6500078429690299,1.6499999999999999,3.2999999999999998,-0.00026142480367791638,5.0085367481267173e-06,2.8348554010202522e-06,2.834856897408435e-06,1.9243893119129649e-16,0.90483779771854156,2.1737187057705269,0.91159891280021099
0.00025326970519293972,1.6500078391115569,1.6499999999999999,3.2999999999999998,-0.00026142476132309388,5.0085367871823723e-06,2.8348554346450542e-06,2.8348569227480571e-06,1.9243884614872521e-16,0.90483778835408468,2.1737187051446449,0.91159891354624289
0.00025346970519293972,1.650007844943818,1.6499999999999999,3.2999999999999998,-0.00026142480886068211,5.0085367951076674e-06,2.834855426776573e-06,2.8348569221479821e-06,1.9243884625986691e-16,0.904837790545445,2.1737187050195459,0.9115989135158068
0.00025366970519293967,1.6500078437808909,1.6499999999999999,3.2999999999999998,-0.00026142475896301679,5.0085367701884849e-06,2.834855426864343e-06,2.834856914558738e-06,1.924388462829444e-16,0.90483779052100177,2.173718705417095,0.9115989133107012
0.00025386970519293968,1.650007846924731,1.6499999999999999,3.2999999999999998,-0.00026142480632494047,5.0085367618590492e-06,2.834855413908379e-06,2.834856906979574e-06,1.9243884648698019e-16,0.90483779412921561,2.1737187055508809,0.91159891308229424
0.00025406970519293968,1.6500078399554281,1.6499999999999999,3.2999999999999998,-0.00026142475429063718,5.0085367965290352e-06,2.8348554386441199e-06,2.8348569279347401e-06,1.9243884607740161e-16,0.90483778724035246,2.1737187049955899,0.91159891369376
0.00025426970519293969,1.650007844424159,1.6499999999999999,3.2999999999999998,-0.00026142481263998998,5.0085367848807686e-06,2.8348554274304121e-06,2.8348569174564111e-06,1.9243884626405591e-16,0.90483779036334955,2.173718705183183,0.91159891339002108
0.00025446970519293969,1.6500078392810089,1.6499999999999999,3.2999999999999998,-0.00026142475534292038,5.0085367433745982e-06,2.8348554097381961e-06,2.8348568985846521e-06,1.9243884657057319e-16,0.90483779529060882,2.17371870584536,0.91159891284776229
0.00025466970519293981,1.6500078374837881,1.6499999999999999,3.2999999999999998,-0.00026142480886070629,5.0085367882506909e-06,2.8348554271302622e-06,2.8348569200962439e-06,1.92438846261447e-16,0.90483779044694157,2.1737187051287288,0.91159891346092026
0.00025486970519293981,1.6500078396706519,1.6499999999999999,3.2999999999999998,-0.00026142476078092367,5.0085367708136698e-06,2.834855421803662e-06,2.8348569104180552e-06,1.924388463640603e-16,0.90483779193039304,2.1737187054070608,0.91159891318958863
0.00025506970519293982,1.6500078397364539,1.6499999999999999,3.2999999999999998,-0.0002614248078878352,5.0085367953775414e-06,2.8348554295744418e-06,2.83485692312238e-06,1.92438846217741e-16,0.90483778976624196,2.1737187050148021,0.91159891354718603
0.00025526970519293982,1.650007846017334,1.6499999999999999,3.2999999999999998,-0.00026142476116380441,5.0085367043621089e-06,2.8348553924361598e-06,2.8348568772380259e-06,1.924389313715803e-16,0.90483780010919657,2.1737187064694541,0.91159891223912715
0.00025546970519293983,1.650007839845713,1.6499999999999999,3.2999999999999998,-0.00026142480150885062,5.008536789556155e-06,2.834855417330628e-06,2.8348569158560821e-06,1.9243884641012601e-16,0.90483779317612789,2.17371870510827,0.9115989133286263
0.00025566970519293978,1.650007836800367,1.6499999999999999,3.2999999999999998,-0.00026142475953726962,5.0085367613464113e-06,2.834855423394373e-06,2.8348569081877551e-06,1.9243884634920309e-16,0.90483779148737942,2.1737187055582501,0.91159891313208607
0.00025586970519293978,1.650007839169761,1.6499999999999999,3.2999999999999998,-0.00026142480527226029,5.0085367526344818e-06,2.8348554042760711e-06,2.8348569009853899e-06,1.9243893113559451e-16,0.90483779681180188,2.173718705698382,0.9115989129028359
0.00025606970519293979,1.650007843774385,1.6499999999999999,3.2999999999999998,-0.00026142475671472832,5.0085368160051857e-06,2.8348554476140438e-06,2.8348569361967181e-06,1.9243884592532811e-16,0.90483778474224053,2.173718704683917,0.91159891393339787
0.00025626970519293979,1.6500078427701821,1.6499999999999999,3.2999999999999998,-0.0002614248093866532,5.0085367428789984e-06,2.8348554041104219e-06,2.8348568958644511e-06,1.924389311522749e-16,0.90483779685793087,2.173718705854661,0.91159891276396643
0.0002564697051929398,1.650007837719546,1.6499999999999999,3.2999999999999998,-0.00026142475741622892,5.0085367486474909e-06,2.834855409808787e-06,2.834856899833343e-06,1.9243884656519989e-16,0.90483779527095187,2.1737187057611158,0.91159891288167816
0.0002566697051929398,1.650007845319192,1.6499999999999999,3.2999999999999998,-0.00026142481340554291,5.0085367555580448e-06,2.8348554121183659e-06,2.8348569025181579e-06,1.924388465242937e-16,0.90483779462773173,2.1737187056515248,0.91159891295836171
0.00025686970519293981,1.650007847138339,1.6499999999999999,3.2999999999999998,-0.00026142475642738049,5.0085368053249286e-06,2.8348554421788181e-06,2.8348569326611759e-06,1.92438846013874e-16,0.90483778625594713,2.1737187048548292,0.9115989138279893
0.00025706970519293981,1.6500078366161151,1.6499999999999999,3.2999999999999998,-0.0002614248082546022,5.0085367441434652e-06,2.8348554080327291e-06,2.8348568952560621e-06,1.9243884660209299e-16,0.90483779576557066,2.173718705834327,0.91159891275453009
0.00025726970519293982,1.6500078412259469,1.6499999999999999,3.2999999999999998,-0.0002614247601430897,5.0085368121398762e-06,2.834855436208312e-06,2.834856931538208e-06,1.9243884609939209e-16,0.90483778791872693,2.173718704746046,0.91159891378690772
0.00025746970519293982,1.650007844236197,1.6499999999999999,3.2999999999999998,-0.00026142480634091619,5.0085367269089002e-06,2.8348554032131481e-06,2.8348568882243151e-06,1.9243893118684369e-16,0.90483779710781465,2.1737187061097658,0.91159891255561454
0.00025766970519293983,1.650007840420862,1.6499999999999999,3.2999999999999998,-0.00026142475690591979,5.0085367612380656e-06,2.834855407442766e-06,2.8348569048701439e-06,1.9243884658394071e-16,0.90483779592988978,2.1737187055601979,0.91159891301373686
0.00025786970519293978,1.6500078389406381,1.6499999999999999,3.2999999999999998,-0.00026142480554338992,5.0085367680036456e-06,2.8348554273964241e-06,2.8348569120214881e-06,1.9243884628169329e-16,0.90483779037280854,2.173718705452103,0.91159891324289133
0.00025806970519293978,1.650007844255772,1.6499999999999999,3.2999999999999998,-0.00026142476154676278,5.0085367851249851e-06,2.834855423950761e-06,2.8348569196433688e-06,1.9243884630865729e-16,0.90483779133243791,2.173718705177925,0.9115989134430732
0.00025826970519293979,1.650007841677323,1.6499999999999999,3.2999999999999998,-0.00026142481085370662,5.008536802406945e-06,2.8348554436242171e-06,2.8348569307723238e-06,1.924388459984123e-16,0.90483778585339358,2.1737187049026789,0.91159891377935975
0.00025846970519293979,1.650007843136895,1.6499999999999999,3.2999999999999998,-0.00026142476121164922,5.0085367044073252e-06,2.8348553859297491e-06,2.8348568757589679e-06,1.9243893146758411e-16,0.90483780192122931,2.1737187064691228,0.91159891218744804
0.0002586697051929398,1.6500078446450259,1.6499999999999999,3.2999999999999998,-0.0002614248045071425,5.0085367810871952e-06,2.8348554230577511e-06,2.8348569141621102e-06,1.9243884633482519e-16,0.90483779158112698,2.1737187052435458,0.91159891329304421
0.00025886970519293991,1.650007839588538,1.6499999999999999,3.2999999999999998,-0.00026142476148251811,5.0085367591987406e-06,2.8348554163131788e-06,2.8348569059068559e-06,1.9243884645583971e-16,0.90483779345948778,2.1737187055928771,0.91159891305767982
0.00025906970519293991,1.650007840823474,1.6499999999999999,3.2999999999999998,-0.00026142480318345687,5.0085367788379907e-06,2.8348554226743818e-06,2.8348569165751338e-06,1.924388463356162e-16,0.90483779168789491,2.1737187052792502,0.91159891335765375
0.00025926970519293992,1.650007843764923,1.6499999999999999,3.2999999999999998,-0.0002614247585483827,5.0085367087152797e-06,2.834855393755896e-06,2.8348568805508988e-06,1.9243893134411401e-16,0.90483779974165401,2.1737187064003041,0.91159891233113755
0.00025946970519293992,1.650007840442002,1.6499999999999999,3.2999999999999998,-0.00026142480760076969,5.0085367704929102e-06,2.8348554146948309e-06,2.83485690996798e-06,1.9243884646652759e-16,0.90483779391019181,2.1737187054129148,0.91159891316457231
0.00025966970519293987,1.6500078408951231,1.6499999999999999,3.2999999999999998,-0.00026142476212039648,5.0085367999785422e-06,2.8348554385487e-06,2.8348569249356789e-06,1.924388460843695e-16,0.90483778726692554,2.173718704940701,0.91159891361243317
0.00025986970519293988,1.650007844536084,1.6499999999999999,3.2999999999999998,-0.00026142480500161789,5.0085367903551078e-06,2.834855425498576e-06,2.834856920064968e-06,1.924388462841376e-16,0.90483779090136418,2.173718705095308,0.91159891345714805
0.00026006970519293988,1.6500078428187841,1.6499999999999999,3.2999999999999998,-0.00026142476207252418,5.0085367482987378e-06,2.8348554147932349e-06,2.8348569019025869e-06,1.924388464896723e-16,0.90483779388278607,2.1737187057663538,0.91159891294660111
0.00026026970519293989,1.650007843687076,1.6499999999999999,3.2999999999999998,-0.00026142480409240568,5.0085367390480784e-06,2.8348554026632259e-06,2.8348568941177019e-06,1.924389311779293e-16,0.9048377972609748,2.1737187059155691,0.91159891271410698
0.00026046970519293989,1.6500078332629029,1.6499999999999999,3.2999999999999998,-0.00026142475460947848,5.0085367731115719e-06,2.8348554227340811e-06,2.834856912558446e-06,1.9243884634534941e-16,0.90483779167127509,2.173718705369919,0.9115989132491743
0.0002606697051929399,1.650007842157089,1.6499999999999999,3.2999999999999998,-0.0002614248120978858,5.0085367266958816e-06,2.834855399301486e-06,2.8348568910785489e-06,1.9243893123633239e-16,0.90483779819721244,2.1737187061133398,0.91159891262584503
0.0002608697051929399,1.6500078394741331,1.6499999999999999,3.2999999999999998,-0.00026142475551837281,5.008536799816714e-06,2.8348554342279129e-06,2.8348569259117929e-06,1.924388461438344e-16,0.9048377884702633,2.1737187049432589,0.91159891363110757
0.00026106970519293991,1.650007835263972,1.6499999999999999,3.2999999999999998,-0.00026142480941868519,5.0085367670278094e-06,2.8348554224098801e-06,2.834856910162161e-06,1.9243884635719149e-16,0.90483779176155843,2.1737187054682572,0.91159891318364505
0.00026126970519293991,1.6500078383649179,1.6499999999999999,3.2999999999999998,-0.00026142475547068878,5.0085367696076168e-06,2.834855415035286e-06,2.8348569098652111e-06,1.9243884646211081e-16,0.90483779381538165,2.1737187054260718,0.91159891316250474
0.00026146970519293992,1.6500078369093529,1.6499999999999999,3.2999999999999998,-0.00026142480752095262,5.0085367853942247e-06,2.834855432666439e-06,2.8348569214118381e-06,1.924388461804916e-16,0.90483778890512179,2.173718705174243,0.91159891350643507
0.00026166970519293992,1.650007846010773,1.6499999999999999,3.2999999999999998,-0.00026142476130733251,5.0085367198308041e-06,2.834855398101181e-06,2.8348568875246248e-06,1.924389312633495e-16,0.90483779853150081,2.1737187062225711,0.91159891252763081
0.00026186970519293987,1.650007841742843,1.6499999999999999,3.2999999999999998,-0.00026142479994602778,5.0085367579801923e-06,2.8348554120399412e-06,2.8348569042956201e-06,1.9243884652073841e-16,0.90483779464957226,2.1737187056129481,0.91159891300631934
0.00026206970519293988,1.650007843798416,1.6499999999999999,3.2999999999999998,-0.00026142476162626088,5.0085367928670069e-06,2.8348554347988961e-06,2.834856925547014e-06,1.9243884613860279e-16,0.90483778831124351,2.1737187050537981,0.91159891362225953
0.00026226970519293988,1.6500078406806269,1.6499999999999999,3.2999999999999998,-0.00026142480771239188,5.0085367475622613e-06,2.8348554107751719e-06,2.8348568985582259e-06,1.9243884655464811e-16,0.90483779500180694,2.1737187057796352,0.91159891284879979
0.00026246970519293989,1.6500078375075009,1.6499999999999999,3.2999999999999998,-0.00026142475999956091,5.008536773268179e-06,2.834855419304191e-06,2.8348569118165929e-06,1.9243884639583431e-16,0.904837792626496,2.1737187053676399,0.9115989132229565
0.00026266970519293989,1.650007838306617,1.6499999999999999,3.2999999999999998,-0.00026142480516081791,5.0085367545316442e-06,2.8348554178877639e-06,2.8348569063463102e-06,1.924388464338968e-16,0.9048377930209589,2.173718705668251,0.9115989130722868
0.00026286970519294001,1.6500078443849691,1.6499999999999999,3.2999999999999998,-0.00026142476293396872,5.0085367685361667e-06,2.8348554180394722e-06,2.8348569099736559e-06,1.92438846419381e-16,0.90483779297871836,2.173718705443298,0.91159891317082098
0.00026306970519294001,1.650007840024857,1.6499999999999999,3.2999999999999998,-0.0002614248074093172,5.0085367937383734e-06,2.834855432903341e-06,2.8348569241294421e-06,1.924388461685574e-16,0.90483778883914479,2.173718705040796,0.91159891358039769
0.00026326970519294002,1.65000783095018,1.6499999999999999,3.2999999999999998,-0.00026142475470508349,5.0085367299203184e-06,2.834855400113578e-06,2.8348568892737839e-06,1.924389312277269e-16,0.90483779797105235,2.1737187060611229,0.91159891257856829
0.00026346970519294002,1.6500078449440141,1.6499999999999999,3.2999999999999998,-0.00026142480605403277,5.0085367709465193e-06,2.8348554194919418e-06,2.8348569113851512e-06,1.924388463948773e-16,0.90483779257420094,2.173718705405578,0.91159891321151176
0.00026366970519294003,1.650007843432824,1.6499999999999999,3.2999999999999998,-0.00026142476007918119,5.0085367694983369e-06,2.8348554247842909e-06,2.8348569139991779e-06,1.9243884631404191e-16,0.90483779110029539,2.1737187054282412,0.9115989132918334
0.00026386970519293998,1.6500078417945641,1.6499999999999999,3.2999999999999998,-0.00026142480929120768,5.0085367682703627e-06,2.8348554194141219e-06,2.8348569115559558e-06,1.9243884639641171e-16,0.90483779259587471,2.1737187054479499,0.91159891321599429
0.00026406970519293998,1.6500078399020739,1.6499999999999999,3.2999999999999998,-0.00026142475917041068,5.0085367433504374e-06,2.8348554113974201e-06,2.8348568990839708e-06,1.924388465458286e-16,0.90483779482851756,2.173718705845888,0.91159891286424621
0.00026426970519293999,1.650007847667722,1.6499999999999999,3.2999999999999998,-0.00026142481295893439,5.0085367441838526e-06,2.83485540636899e-06,2.8348568968600621e-06,1.924389311174705e-16,0.90483779622892291,2.1737187058331959,0.91159891279495386
0.00026446970519293999,1.6500078485673539,1.6499999999999999,3.2999999999999998,-0.0002614247610361582,5.0085367694209197e-06,2.8348554220293891e-06,2.83485691187927e-06,1.9243884635801849e-16,0.9048377918675311,2.1737187054289309,0.91159891322953357
0.00026466970519294,1.6500078295093421,1.6499999999999999,3.2999999999999998,-0.0002614248035820844,5.0085367402773519e-06,2.8348554070657779e-06,2.8348568965853562e-06,1.9243893110933131e-16,0.9048377960348668,2.1737187058955092,0.91159891278876859
0.00026486970519294,1.6500078418540871,1.6499999999999999,3.2999999999999998,-0.0002614247618972372,5.0085367820647999e-06,2.8348554264964308e-06,2.8348569181885821e-06,1.9243884627653409e-16,0.90483779062346903,2.173718705227079,0.91159891340826671
0.00026506970519294001,1.650007845818845,1.6499999999999999,3.2999999999999998,-0.00026142480307191578,5.0085367833288247e-06,2.8348554273027842e-06,2.8348569172985309e-06,1.924388462666909e-16,0.90483779039889123,2.1737187052077358,0.91159891338552024
0.00026526970519294001,1.650007837392546,1.6499999999999999,3.2999999999999998,-0.00026142475818153081,5.0085367651749037e-06,2.8348554188677802e-06,2.8348569092510691e-06,1.9243884641019429e-16,0.90483779274803589,2.173718705496849,0.91159891315275055
0.00026546970519294001,1.650007840950531,1.6499999999999999,3.2999999999999998,-0.00026142481251252439,5.0085368118211216e-06,2.8348554428111468e-06,2.834856933319268e-06,1.924388460014893e-16,0.90483778607983645,2.1737187047517579,0.91159891384682645
0.00026566970519294002,1.650007842348939,1.6499999999999999,3.2999999999999998,-0.00026142476132308829,5.0085367342071428e-06,2.834855403691579e-06,2.83485689284816e-06,1.924389311675043e-16,0.90483779697458233,2.173718705992457,0.91159891268170057
0.00026586970519294002,1.6500078452016529,1.6499999999999999,3.2999999999999998,-0.00026142480621350487,5.0085367819920991e-06,2.8348554242192391e-06,2.8348569173240918e-06,1.9243884631098569e-16,0.90483779125765618,2.173718705229065,0.91159891338069088
0.00026606970519293998,1.6500078419473601,1.6499999999999999,3.2999999999999998,-0.00026142475921810148,5.0085367806327044e-06,2.8348554279913529e-06,2.8348569150287968e-06,1.924388462626722e-16,0.9048377902071294,2.173718705250165,0.9115989133254403
0.00026626970519293998,1.650007839976229,1.6499999999999999,3.2999999999999998,-0.00026142480299211628,5.008536743234692e-06,2.834855404052822e-06,2.834856896818704e-06,1.924389311508567e-16,0.90483779687397337,2.1737187058481631,0.91159891278968552
0.00026646970519293999,1.6500078393212161,1.6499999999999999,3.2999999999999998,-0.00026142476237565703,5.008536757590851e-06,2.8348554181524778e-06,2.8348569062985248e-06,1.924388464292386e-16,0.90483779294724409,2.173718705618235,0.91159891307157315
0.00026666970519293999,1.65000784263946,1.6499999999999999,3.2999999999999998,-0.00026142480932310269,5.0085367896902344e-06,2.834855429203892e-06,2.8348569223130849e-06,1.92438846226537e-16,0.90483778986943941,2.1737187051054638,0.91159891352461997
0.00026686970519293999,1.650007844442247,1.6499999999999999,3.2999999999999998,-0.00026142475875562767,5.0085367410204912e-06,2.8348554079618879e-06,2.8348568955948689e-06,1.9243884660324051e-16,0.90483779578530865,2.173718705883406,0.91159891276367644
0.00026706970519294011,1.650007845186592,1.6499999999999999,3.2999999999999998,-0.00026142481138035452,5.0085367511127176e-06,2.834855406085167e-06,2.834856899964678e-06,1.9243893111253679e-16,0.90483779630796901,2.17371870572277,0.9115989128784564
0.00026726970519294011,1.650007839064187,1.6499999999999999,3.2999999999999998,-0.00026142475802196509,5.0085367407260752e-06,2.8348554113619621e-06,2.834856898164794e-06,1.9243884654916511e-16,0.90483779483838989,2.1737187058876981,0.91159891283930983
0.00026746970519294012,1.6500078386917001,1.6499999999999999,3.2999999999999998,-0.00026142480426787692,5.0085367476131392e-06,2.8348554054652482e-06,2.8348568980695642e-06,1.924389311266312e-16,0.90483779648061535,2.1737187057784948,0.91159891282606431
0.00026766970519294012,1.650007852660309,1.6499999999999999,3.2999999999999998,-0.00026142476035050333,5.008536758661554e-06,2.8348554170809532e-06,2.834856905864603e-06,1.9243884644514761e-16,0.90483779324566316,2.1737187056011211,0.91159891305791174
0.00026786970519294007,1.650007840618156,1.6499999999999999,3.2999999999999998,-0.00026142480388495612,5.0085367577479994e-06,2.834855413173323e-06,2.8348569047695668e-06,1.9243884650359831e-16,0.90483779433392741,2.173718705616317,0.91159891302117457
0.00026806970519294008,1.6500078388754409,1.6499999999999999,3.2999999999999998,-0.00026142476234389229,5.0085367866246197e-06,2.8348554339801931e-06,2.8348569227546919e-06,1.9243884615836509e-16,0.90483778853925112,2.1737187051540801,0.91159891354523248
0.00026826970519294008,1.6500078328334311,1.6499999999999999,3.2999999999999998,-0.00026142480249763378,5.008536750881697e-06,2.834855409529081e-06,2.8348568999608651e-06,1.924388465682888e-16,0.90483779534884123,2.17371870572648,0.91159891288452266
0.00026846970519294009,1.6500078413608661,1.6499999999999999,3.2999999999999998,-0.00026142476188135158,5.0085367494879704e-06,2.834855409085838e-06,2.8348569000542479e-06,1.924388465747651e-16,0.90483779547229115,2.1737187057480192,0.91159891288636086
0.00026866970519294009,1.65000784311336,1.6499999999999999,3.2999999999999998,-0.00026142480788788518,5.0085367725373437e-06,2.8348554210310871e-06,2.834856912998707e-06,1.9243884636887721e-16,0.90483779214555027,2.1737187053799389,0.91159891325793174
0.0002688697051929401,1.650007844068627,1.6499999999999999,3.2999999999999998,-0.00026142476572447499,5.0085367556069262e-06,2.8348554152793751e-06,2.834856904980625e-06,1.9243884647371049e-16,0.90483779374740225,2.173718705649951,0.91159891303076379
0.0002690697051929401,1.650007842411747,1.6499999999999999,3.2999999999999998,-0.00026142480214693081,5.0085367809719343e-06,2.8348554242286822e-06,2.8348569172617938e-06,1.9243884631129431e-16,0.90483779125502528,2.173718705245129,0.9115989133790191
0.00026926970519294011,1.650007843027067,1.6499999999999999,3.2999999999999998,-0.00026142476387476993,5.0085367583156724e-06,2.8348554194123419e-06,2.834856908747486e-06,1.9243884640564291e-16,0.90483779259637431,2.1737187056071661,0.91159891314009922
0.00026946970519294011,1.650007852474052,1.6499999999999999,3.2999999999999998,-0.00026142480627707111,5.0085367814890827e-06,2.834855426847534e-06,2.8348569174328021e-06,1.9243884627343081e-16,0.90483779052567948,2.1737187052366909,0.91159891338833798
0.00026966970519294012,1.6500078320016709,1.6499999999999999,3.2999999999999998,-0.00026142475376425149,5.0085367074579762e-06,2.834855394109941e-06,2.8348568806313382e-06,1.9243893133926651e-16,0.90483779964305344,2.173718706420166,0.91159891233394841
0.00026986970519294012,1.6500078375913081,1.6499999999999999,3.2999999999999998,-0.00026142480830249699,5.008536787604514e-06,2.834855423179684e-06,2.834856917967468e-06,1.9243884632267131e-16,0.9048377915471727,2.173718705139279,0.91159891339623822
0.00027006970519294013,1.6500078399882969,1.6499999999999999,3.2999999999999998,-0.00026142475937762638,5.008536739394082e-06,2.8348554132354452e-06,2.834856897548965e-06,1.9243884652423799e-16,0.90483779431662725,2.1737187059092302,0.91159891282600181
0.00027026970519294008,1.650007846032105,1.6499999999999999,3.2999999999999998,-0.00026142480860536329,5.0085367313808276e-06,2.834855394048396e-06,2.8348568897413342e-06,1.924389313127399e-16,0.90483779966019273,2.1737187060382239,0.91159891258024972
0.00027046970519294008,1.6500078466927071,1.6499999999999999,3.2999999999999998,-0.00026142475858030459,5.0085367938788978e-06,2.834855438816232e-06,2.834856926960817e-06,1.9243884607790981e-16,0.90483778719242014,2.1737187050378459,0.91159891366771362
0.00027066970519294009,1.6500078451492639,1.6499999999999999,3.2999999999999998,-0.00026142480552767149,5.0085367480420064e-06,2.8348554047305822e-06,2.8348568973991079e-06,1.9243893113846451e-16,0.90483779668521491,2.1737187057719738,0.91159891280660543
0.00027086970519294009,1.650007843912138,1.6499999999999999,3.2999999999999998,-0.00026142475859621271,5.0085367819913283e-06,2.8348554255598779e-06,2.8348569173731968e-06,1.9243884629170731e-16,0.90483779088429661,2.1737187052280018,0.91159891338452481
0.00027106970519294021,1.650007844362491,1.6499999999999999,3.2999999999999998,-0.0002614248085734775,5.0085367288462984e-06,2.834855400064057e-06,2.8348568868286958e-06,1.9243893123423131e-16,0.90483779798483621,2.1737187060787799,0.91159891251221015
0.00027126970519294021,1.650007844212368,1.6499999999999999,3.2999999999999998,-0.00026142475172306461,5.008536747425562e-06,2.834855404556334e-06,2.8348568983463838e-06,1.924389311389734e-16,0.90483779673375475,2.1737187057808418,0.9115989128320332
0.00027146970519294021,1.6500078362626629,1.6499999999999999,3.2999999999999998,-0.00026142480637282968,5.0085367844179642e-06,2.834855431626067e-06,2.8348569202007241e-06,1.9243884619830221e-16,0.90483778919486391,2.1737187051899332,0.91159891347179833
0.00027166970519294022,1.6500078332472361,1.6499999999999999,3.2999999999999998,-0.00026142475905868349,5.0085367542069307e-06,2.8348554094304631e-06,2.8348569017960399e-06,1.924388465645636e-16,0.90483779537631415,2.1737187056727518,0.91159891293411099
0.00027186970519294022,1.6500078434940679,1.6499999999999999,3.2999999999999998,-0.00026142481316624008,5.0085367637604501e-06,2.8348554167412091e-06,2.8348569081189231e-06,1.9243884644349899e-16,0.9048377933402747,2.173718705520248,0.91159891311819974
0.00027206970519294018,1.6500078458558001,1.6499999999999999,3.2999999999999998,-0.00026142475609257913,5.0085367393724259e-06,2.8348554073134461e-06,2.8348568967622289e-06,1.9243893110562721e-16,0.90483779596589986,2.173718705909224,0.91159891279410366
0.00027226970519294018,1.6500078375116409,1.6499999999999999,3.2999999999999998,-0.00026142480586259341,5.0085367512586784e-06,2.8348554076824679e-06,2.8348568995735271e-06,1.9243884659534441e-16,0.90483779586312041,2.173718705720082,0.91159891287073336
0.00027246970519294019,1.6500078445060631,1.6499999999999999,3.2999999999999998,-0.00026142476499087502,5.0085367788778173e-06,2.8348554290509839e-06,2.8348569179345658e-06,1.9243884624165081e-16,0.90483778991202701,2.1737187052777429,0.91159891340596932
0.00027266970519294019,1.650007838219971,1.6499999999999999,3.2999999999999998,-0.00026142480369375468,5.0085367469188771e-06,2.8348554106769911e-06,2.8348568998033631e-06,1.924388465534818e-16,0.90483779502915085,2.1737187057899199,0.91159891288231709
0.00027286970519294019,1.650007840720217,1.6499999999999999,3.2999999999999998,-0.00026142475875573712,5.0085367603078134e-06,2.8348554149064612e-06,2.834856906988168e-06,1.9243884647314971e-16,0.90483779385125984,2.1737187055748861,0.91159891308442109
0.0002730697051929402,1.650007839620002,1.6499999999999999,3.2999999999999998,-0.00026142480412431142,5.0085367776806413e-06,2.834855426124137e-06,2.834856914876981e-06,1.92438846290561e-16,0.90483779072714243,2.1737187052974849,0.91159891331788168
0.0002732697051929402,1.650007848400965,1.6499999999999999,3.2999999999999998,-0.00026142476500687172,5.0085367750870509e-06,2.8348554254799421e-06,2.834856915464353e-06,1.924388462991743e-16,0.90483779090655991,2.173718705338417,0.91159891333272847
0.00027346970519294021,1.650007846776935,1.6499999999999999,3.2999999999999998,-0.00026142480181200661,5.0085367696409442e-06,2.8348554229439662e-06,2.8348569118630209e-06,1.924388463450081e-16,0.90483779161281463,2.1737187054260851,0.91159891323062703
0.00027366970519294021,1.6500078362722319,1.6499999999999999,3.2999999999999998,-0.0002614247539076735,5.0085367420627237e-06,2.834855408733651e-06,2.8348568998545751e-06,1.9243884658247681e-16,0.90483779557037536,2.1737187058665648,0.91159891288032668
0.00027386970519294022,1.6500078495432591,1.6499999999999999,3.2999999999999998,-0.00026142480685142168,5.0085367719079491e-06,2.8348554175366679e-06,2.8348569101740961e-06,1.9243884642513379e-16,0.90483779311874091,2.173718705389998,0.91159891317523778
0.00027406970519294022,1.6500078473061339,1.6499999999999999,3.2999999999999998,-0.00026142475657072291,5.0085367554176872e-06,2.834855414411459e-06,2.8348569050062511e-06,1.9243884648609001e-16,0.90483779398911579,2.1737187056534668,0.91159891302990248
0.00027426970519294017,1.6500078426961109,1.6499999999999999,3.2999999999999998,-0.00026142480592651791,5.0085367736027511e-06,2.8348554242873181e-06,2.8348569135038e-06,1.9243884632102769e-16,0.90483779123869501,2.1737187053630032,0.91159891327743303
0.00027446970519294018,1.650007844079278,1.6499999999999999,3.2999999999999998,-0.00026142476342798311,5.0085367316910399e-06,2.8348554045401988e-06,2.834856891883666e-06,1.9243893115829891e-16,0.90483779673824227,2.1737187060320302,0.91159891265712167
0.00027466970519294018,1.65000784380349,1.6499999999999999,3.2999999999999998,-0.00026142480458698131,5.0085367806260391e-06,2.8348554203914942e-06,2.834856915048955e-06,1.9243884637099491e-16,0.90483779232367756,2.1737187052507179,0.91159891331226583
0.00027486970519294019,1.650007842355929,1.6499999999999999,3.2999999999999998,-0.0002614247605576279,5.0085367931383776e-06,2.8348554346136441e-06,2.834856922143866e-06,1.9243884614872011e-16,0.90483778836283391,2.1737187050501912,0.91159891352983846
0.00027506970519294019,1.650007841435311,1.6499999999999999,3.2999999999999998,-0.00026142480871712388,5.0085367784948534e-06,2.834855423850831e-06,2.8348569174594239e-06,1.9243884631700231e-16,0.90483779136025921,2.173718705285224,0.91159891338369003
0.00027526970519294031,1.650007844593016,1.6499999999999999,3.2999999999999998,-0.0002614247603503568,5.0085367562570011e-06,2.8348554168437729e-06,2.8348569051005699e-06,1.9243884645095099e-16,0.90483779331171721,2.1737187056395459,0.91159891303681206
0.00027546970519294031,1.650007833255565,1.6499999999999999,3.2999999999999998,-0.00026142480420403101,5.0085367776848044e-06,2.8348554206347489e-06,2.8348569148786708e-06,1.924388463687997e-16,0.90483779225593131,2.1737187052978451,0.91159891330809362
0.00027566970519294032,1.6500078336735029,1.6499999999999999,3.2999999999999998,-0.00026142476196107611,5.008536748099569e-06,2.8348554133778412e-06,2.8348569021283478e-06,1.9243884650941899e-16,0.90483779427697408,2.1737187057702929,0.91159891295017459
0.00027586970519294032,1.650007843666278,1.6499999999999999,3.2999999999999998,-0.00026142480670774619,5.0085367345048029e-06,2.8348553996694451e-06,2.834856891209335e-06,1.924389312284228e-16,0.9048377980947373,2.1737187059881551,0.91159891263004333
0.00027606970519294033,1.6500078425912781,1.6499999999999999,3.2999999999999998,-0.00026142475398746801,5.0085367697138017e-06,2.8348554237493009e-06,2.8348569132648859e-06,1.924388463303451e-16,0.90483779138853859,2.173718705424259,0.91159891327011044
0.00027626970519294028,1.650007846124484,1.6499999999999999,3.2999999999999998,-0.00026142481104545151,5.0085367979073086e-06,2.8348554345013288e-06,2.8348569254329932e-06,1.9243884614164021e-16,0.90483778839411011,2.1737187049747999,0.91159891361853462
0.00027646970519294028,1.6500078390761661,1.6499999999999999,3.2999999999999998,-0.00026142475781457353,5.0085367026564954e-06,2.8348553875913118e-06,2.834856874579602e-06,1.9243893144704409e-16,0.90483780145848103,2.173718706496842,0.91159891215851052
0.00027666970519294029,1.650007838291262,1.6499999999999999,3.2999999999999998,-0.00026142480627739219,5.0085367851770743e-06,2.8348554186575178e-06,2.8348569152305601e-06,1.924388463939319e-16,0.90483779280658838,2.17371870517835,0.91159891331407361
0.00027686970519294029,1.6500078452689939,1.6499999999999999,3.2999999999999998,-0.00026142476192903301,5.0085367466283863e-06,2.834855415835813e-06,2.8348569017532528e-06,1.9243884647566171e-16,0.90483779359242833,2.1737187057936169,0.91159891294442785
0.0002770697051929403,1.650007837450441,1.6499999999999999,3.2999999999999998,-0.00026142480307180031,5.0085367699029391e-06,2.8348554105514989e-06,2.8348569072230299e-06,1.924388465318414e-16,0.90483779506410433,2.173718705422182,0.91159891308286845
0.0002772697051929403,1.6500078340236239,1.6499999999999999,3.2999999999999998,-0.00026142475789462722,5.0085367479482432e-06,2.8348554165884649e-06,2.8348569026659211e-06,1.9243884646250211e-16,0.90483779338281833,2.1737187057720568,0.91159891297047313
0.00027746970519294031,1.6500078350397069,1.6499999999999999,3.2999999999999998,-0.00026142480473017129,5.0085367316347554e-06,2.834855396140013e-06,2.8348568903258962e-06,1.924389312815552e-16,0.90483779907767747,2.1737187060340961,0.91159891259981496
0.00027766970519294031,1.650007839993481,1.6499999999999999,3.2999999999999998,-0.00026142475740027028,5.008536760298247e-06,2.8348554209169168e-06,2.8348569087256232e-06,1.9243884638363349e-16,0.90483779217735083,2.1737187055747889,0.91159891314220287
0.00027786970519294032,1.6500078458789349,1.6499999999999999,3.2999999999999998,-0.000261424810598836,5.0085367668098043e-06,2.8348554165411171e-06,2.8348569098876622e-06,1.9243884644150549e-16,0.90483779339600223,2.173718705471575,0.91159891316570352
0.00027806970519294032,1.650007839401133,1.6499999999999999,3.2999999999999998,-0.00026142475357269118,5.0085367511677604e-06,2.834855416808599e-06,2.8348569041595811e-06,1.9243884645507811e-16,0.90483779332151204,2.1737187057206842,0.91159891301128593
0.00027826970519294033,1.650007844764056,1.6499999999999999,3.2999999999999998,-0.00026142480994538681,5.0085367731415746e-06,2.8348554194829658e-06,2.8348569122274941e-06,1.924388463924711e-16,0.90483779257670138,2.1737187053704492,0.91159891323428954
0.00027846970519294028,1.6500078521385539,1.6499999999999999,3.2999999999999998,-0.00026142476215208348,5.0085367369188434e-06,2.8348554089282619e-06,2.8348568977778672e-06,1.924388465858624e-16,0.90483779551617327,2.1737187059484988,0.9115989128244798
0.00027866970519294028,1.650007846242068,1.6499999999999999,3.2999999999999998,-0.00026142480420425371,5.0085367619193232e-06,2.8348554099058688e-06,2.8348569039803091e-06,1.9243884655065571e-16,0.9048377952439095,2.1737187055498768,0.91159891299396389
0.00027886970519294029,1.650007840065514,1.6499999999999999,3.2999999999999998,-0.0002614247568578718,5.0085367568298546e-06,2.8348554185987939e-06,2.8348569069266548e-06,1.9243884642171119e-16,0.9048377928229463,2.173718705630161,0.9115989130893698
0.00027906970519294029,1.6500078356095,1.6499999999999999,3.2999999999999998,-0.00026142480581476768,5.0085367323420754e-06,2.8348553968991959e-06,2.8348568890654299e-06,1.9243893127331239e-16,0.90483779886624549,2.1737187060226271,0.91159891256706682
0.0002792697051929404,1.650007840509357,1.6499999999999999,3.2999999999999998,-0.00026142476146656711,5.0085368058423658e-06,2.8348554410854379e-06,2.8348569315824879e-06,1.9243884603169449e-16,0.90483778656045266,2.1737187048467002,0.91159891379684288
0.00027946970519294041,1.6500078393946129,1.6499999999999999,3.2999999999999998,-0.00026142480769671909,5.008536741462013e-06,2.8348554089297751e-06,2.8348568952437271e-06,1.924388465901507e-16,0.90483779551574384,2.173718705877298,0.91159891275580329
0.00027966970519294041,1.650007837398376,1.6499999999999999,3.2999999999999998,-0.00026142475808553798,5.0085367596221326e-06,2.8348554090521049e-06,2.8348569044121879e-06,1.9243884656250391e-16,0.9048377954816873,2.173718705585729,0.91159891300422746
0.00027986970519294042,1.6500078450979221,1.6499999999999999,3.2999999999999998,-0.00026142480637321089,5.0085367883675111e-06,2.834855432848117e-06,2.8348569214660012e-06,1.924388461768838e-16,0.90483778885452171,2.1737187051269058,0.91159891350822642
0.00028006970519294042,1.6500078459469529,1.6499999999999999,3.2999999999999998,-0.00026142476290164118,5.008536754935983e-06,2.8348554121733569e-06,2.8348569034913772e-06,1.9243884652149401e-16,0.9048377946124232,2.173718705661245,0.9115989129849017
0.00028026970519294037,1.6500078411845229,1.6499999999999999,3.2999999999999998,-0.000261424801796217,5.0085367328179003e-06,2.8348553993597009e-06,2.8348568887465529e-06,1.924389312388069e-16,0.90483779818099697,2.173718706014983,0.91159891256284586
0.00028046970519294038,1.6500078400621101,1.6499999999999999,3.2999999999999998,-0.00026142476035030248,5.0085368063880727e-06,2.8348554371070601e-06,2.8348569311622219e-06,1.9243884608916259e-16,0.90483778766842538,2.1737187048380542,0.91159891377834323
0.00028066970519294038,1.6500078389782991,1.6499999999999999,3.2999999999999998,-0.00026142480477808641,5.0085367263986408e-06,2.83485540216179e-06,2.8348568885787628e-06,1.924389312011983e-16,0.90483779740061498,2.173718706118017,0.91159891256332259
0.00028086970519294039,1.650007841113089,1.6499999999999999,3.2999999999999998,-0.00026142476140308041,5.0085368185429116e-06,2.8348554386014409e-06,2.8348569359087841e-06,1.924388460536569e-16,0.90483778725224617,2.1737187046439308,0.91159891390946235
0.00028106970519294039,1.650007842850935,1.6499999999999999,3.2999999999999998,-0.00026142480413996518,5.0085367238349813e-06,2.8348554074309029e-06,2.8348568889344252e-06,1.9243893112608331e-16,0.90483779593317171,2.173718706158589,0.9115989125823859
0.0002812697051929404,1.65000784438048,1.6499999999999999,3.2999999999999998,-0.00026142475695393878,5.0085367734777603e-06,2.8348554105209011e-06,2.8348569103974659e-06,1.9243884652410561e-16,0.90483779507263629,2.1737187053647031,0.91159891316882191
0.0002814697051929404,1.650007847459438,1.6499999999999999,3.2999999999999998,-0.00026142480756868001,5.0085367574480226e-06,2.8348554217290308e-06,2.8348569043645618e-06,1.9243884638265459e-16,0.90483779195116598,2.1737187056213521,0.91159891302553953
0.00028166970519294041,1.65000784049143,1.6499999999999999,3.2999999999999998,-0.00026142475964887631,5.0085367831328966e-06,2.8348554183001169e-06,2.834856917463549e-06,1.924388463946293e-16,0.90483779290613753,2.1737187052098048,0.91159891337396592
0.00028186970519294041,1.6500078489817791,1.6499999999999999,3.2999999999999998,-0.00026142481179486609,5.0085367855482204e-06,2.834855439563913e-06,2.8348569241246072e-06,1.9243884607612829e-16,0.9048377869841796,2.173718705171896,0.91159891359219869
0.00028206970519294042,1.650007842195419,1.6499999999999999,3.2999999999999998,-0.00026142475840480527,5.0085367504137808e-06,2.834855404832875e-06,2.8348569005710341e-06,1.9243893112919241e-16,0.90483779665674113,2.1737187057330272,0.91159891289272732
0.00028226970519294042,1.6500078422134781,1.6499999999999999,3.2999999999999998,-0.00026142480540011082,5.0085367523076736e-06,2.8348554164331089e-06,2.834856902098559e-06,1.9243884646470909e-16,0.9048377934260754,2.173718705703156,0.91159891295473683
0.00028246970519294037,1.6500078406649981,1.6499999999999999,3.2999999999999998,-0.00026142476049393189,5.0085367623077624e-06,2.8348554128745482e-06,2.8348569079232971e-06,1.9243884649942839e-16,0.90483779441714585,2.1737187055428979,0.91159891310608565
0.00028266970519294038,1.6500078401528431,1.6499999999999999,3.2999999999999998,-0.00026142480972170479,5.0085367805766706e-06,2.83485543057784e-06,2.8348569174607961e-06,1.924388462204784e-16,0.90483778948679161,2.1737187052511628,0.91159891339577803
0.00028286970519294038,1.650007848399323,1.6499999999999999,3.2999999999999998,-0.00026142476430532911,5.0085367422514299e-06,2.8348554032426549e-06,2.8348568966634441e-06,1.924389311630108e-16,0.9048377970996111,2.1737187058642711,0.91159891278413807
0.00028306970519294039,1.650007843416913,1.6499999999999999,3.2999999999999998,-0.00026142480289628029,5.0085367289852109e-06,2.8348554031414239e-06,2.8348568914940059e-06,1.924389311799757e-16,0.90483779712779111,2.1737187060760301,0.91159891264396664
0.00028326970519294039,1.6500078473088251,1.6499999999999999,3.2999999999999998,-0.00026142476046217008,5.0085367219487914e-06,2.834855394690876e-06,2.8348568848926131e-06,1.9243893131713751e-16,0.90483779948126819,2.1737187061882088,0.91159891245029956
0.00028346970519294051,1.650007834637768,1.6499999999999999,3.2999999999999998,-0.00026142480047222069,5.0085367666161133e-06,2.8348554210296941e-06,2.8348569110805281e-06,1.924388463749434e-16,0.90483779214593862,2.1737187054744491,0.91159891320602338
0.00028366970519294051,1.650007834660397,1.6499999999999999,3.2999999999999998,-0.0002614247599041599,5.008536787941058e-06,2.8348554304042101e-06,2.8348569206187408e-06,1.9243884621367509e-16,0.9048377895351567,2.1737187051334561,0.9115989134810274
0.00028386970519294052,1.6500078419033,1.6499999999999999,3.2999999999999998,-0.00026142481118861613,5.0085367669562114e-06,2.834855422955853e-06,2.834856912112307e-06,1.924388463451091e-16,0.90483779160950384,2.173718705469462,0.91159891323739395
0.00028406970519294052,1.650007835529836,1.6499999999999999,3.2999999999999998,-0.00026142475850068892,5.0085367342194332e-06,2.8348554034467869e-06,2.834856893183754e-06,1.92438931170238e-16,0.90483779704275891,2.1737187059918761,0.91159891269034332
0.00028426970519294053,1.650007839237593,1.6499999999999999,3.2999999999999998,-0.00026142480882859097,5.0085368049921539e-06,2.834855435583947e-06,2.8348569290145788e-06,1.9243884611610771e-16,0.90483778809260207,2.1737187048608968,0.91159891371739465
0.00028446970519294048,1.650007840526714,1.6499999999999999,3.2999999999999998,-0.00026142475873990289,5.0085367686859569e-06,2.834855422417121e-06,2.834856910691147e-06,1.92438846355357e-16,0.90483779175954615,2.17371870544107,0.91159891319807751
0.00028466970519294048,1.650007841574848,1.6499999999999999,3.2999999999999998,-0.00026142481198613242,5.0085367906416828e-06,2.8348554281025802e-06,2.8348569227163421e-06,1.924388462410509e-16,0.90483779017615285,2.1737187050903062,0.91159891353356204
0.00028486970519294049,1.650007844915071,1.6499999999999999,3.2999999999999998,-0.00026142476041429643,5.0085367476108166e-06,2.8348554147439999e-06,2.8348569012311968e-06,1.924388464920906e-16,0.9048377938964981,2.173718705778366,0.91159891292834516
0.00028506970519294049,1.650007837714071,1.6499999999999999,3.2999999999999998,-0.00026142480581461822,5.0085368039114237e-06,2.8348554321629991e-06,2.8348569292733762e-06,1.924388461646251e-16,0.90483778904533185,2.1737187048785671,0.9115989137182694
0.0002852697051929405,1.6500078430289631,1.6499999999999999,3.2999999999999998,-0.00026142476580443181,5.0085367870338696e-06,2.8348554343997801e-06,2.8348569213518461e-06,1.924388461553761e-16,0.90483778842239282,2.1737187051477762,0.91159891350802214
0.0002854697051929405,1.650007840680636,1.6499999999999999,3.2999999999999998,-0.00026142480753685619,5.0085367947565739e-06,2.8348554297585652e-06,2.8348569251636761e-06,1.92438846210778e-16,0.90483778971496276,2.1737187050246711,0.91159891360275369
0.00028566970519294051,1.650007843222048,1.6499999999999999,3.2999999999999998,-0.000261424760573774,5.0085367896963051e-06,2.834855437752824e-06,2.834856924946881e-06,1.9243884609881541e-16,0.90483778748857435,2.173718705105538,0.91159891361131173
0.00028586970519294051,1.6500078375567551,1.6499999999999999,3.2999999999999998,-0.00026142480637286302,5.0085367683681628e-06,2.8348554175359111e-06,2.8348569112209789e-06,1.924388464238939e-16,0.90483779311895429,2.1737187054464129,0.91159891320356523
0.00028606970519294052,1.650007836907502,1.6499999999999999,3.2999999999999998,-0.00026142476451251992,5.0085368077007154e-06,2.8348554430642712e-06,2.8348569311878392e-06,1.9243884600380471e-16,0.90483778600934772,2.1737187048170772,0.91159891378970725
0.00028626970519294052,1.6500078440918999,1.6499999999999999,3.2999999999999998,-0.00026142480756894819,5.0085367643475744e-06,2.834855416132236e-06,2.8348569084523581e-06,1.9243884645126609e-16,0.90483779350987326,2.1737187055111429,0.9115989131261315
0.00028646970519294053,1.6500078402632961,1.6499999999999999,3.2999999999999998,-0.00026142476046205721,5.0085367578501693e-06,2.834855410988963e-06,2.8348569031043759e-06,1.9243884653833779e-16,0.90483779494227445,2.1737187056141019,0.91159891297230655
0.00028666970519294048,1.650007845122593,1.6499999999999999,3.2999999999999998,-0.00026142481276759878,5.0085367613557363e-06,2.8348554162214561e-06,2.834856906844313e-06,1.924388464544612e-16,0.90483779348502547,2.1737187055586409,0.91159891308277763
0.00028686970519294048,1.6500078436401211,1.6499999999999999,3.2999999999999998,-0.00026142476065338539,5.0085368217294436e-06,2.8348554461915769e-06,2.834856939052516e-06,1.924388459375378e-16,0.90483778513840052,2.173718704592654,0.91159891400812887
0.00028706970519294049,1.650007847002364,1.6499999999999999,3.2999999999999998,-0.0002614248114919444,5.0085367661072379e-06,2.83485542154213e-06,2.8348569110283191e-06,1.924388463679162e-16,0.90483779200322123,2.173718705482917,0.91159891320552855
0.00028726970519294049,1.6500078461914649,1.6499999999999999,3.2999999999999998,-0.00026142475838888642,5.0085367529930368e-06,2.834855409899126e-06,2.8348569019989991e-06,1.9243884655779929e-16,0.90483779524579278,2.1737187056920071,0.91159891294044382
0.0002874697051929405,1.6500078385853161,1.6499999999999999,3.2999999999999998,-0.00026142480673961262,5.0085367949212828e-06,2.834855435197628e-06,2.8348569243458501e-06,1.924388461350228e-16,0.90483778820018879,2.1737187050220199,0.9115989135903636
0.00028766970519294061,1.6500078425026441,1.6499999999999999,3.2999999999999998,-0.00026142476121145179,5.0085367460855619e-06,2.8348554085462818e-06,2.834856898235647e-06,1.9243884658752209e-16,0.90483779562255739,2.173718705802552,0.91159891283618311
0.00028786970519294061,1.650007842142996,1.6499999999999999,3.2999999999999998,-0.00026142480305598918,5.0085367401711746e-06,2.8348554037250939e-06,2.8348568946301648e-06,1.924389311613148e-16,0.9048377969652438,2.1737187058974232,0.91159891272987648
0.00028806970519294062,1.650007843269915,1.6499999999999999,3.2999999999999998,-0.0002614247635238622,5.0085367706193062e-06,2.8348554201858079e-06,2.8348569102939021e-06,1.9243884638744581e-16,0.90483779238096673,2.1737187054098119,0.91159891318333197
0.00028826970519294062,1.6500078363907089,1.6499999999999999,3.2999999999999998,-0.00026142480624514558,5.0085367281920222e-06,2.8348554031221678e-06,2.8348568909938122e-06,1.9243893118161251e-16,0.90483779713315593,2.1737187060893759,0.9115989126303965
0.00028846970519294057,1.6500078371239839,1.6499999999999999,3.2999999999999998,-0.00026142476196114908,5.0085367650796074e-06,2.8348554149472861e-06,2.8348569072305821e-06,1.9243884647058209e-16,0.90483779383988905,2.173718705498576,0.91159891309105423
0.00028866970519294058,1.6500078459662071,1.6499999999999999,3.2999999999999998,-0.00026142480739339851,5.0085367528577266e-06,2.8348554147537259e-06,2.8348569044784501e-06,1.9243884648320941e-16,0.90483779389378438,2.1737187056948279,0.91159891301612817
0.00028886970519294058,1.6500078355432259,1.6499999999999999,3.2999999999999998,-0.00026142475358889008,5.0085367632603e-06,2.8348554182728882e-06,2.834856909448725e-06,1.9243884641882051e-16,0.90483779291371436,2.173718705527738,0.91159891315703456
0.00028906970519294059,1.6500078371465829,1.6499999999999999,3.2999999999999998,-0.00026142481141228492,5.0085367869507054e-06,2.8348554324310028e-06,2.834856922344196e-06,1.9243884618130201e-16,0.90483778897069,2.1737187051490641,0.91159891353124289
0.00028926970519294059,1.65000783925715,1.6499999999999999,3.2999999999999998,-0.0002614247627740971,5.0085367059545647e-06,2.834855391193903e-06,2.834856879317142e-06,1.9243893138419791e-16,0.90483780045516649,2.1737187064442871,0.91159891229316248
0.0002894697051929406,1.6500078469009829,1.6499999999999999,3.2999999999999998,-0.0002614248072182166,5.008536768510223e-06,2.8348554146453599e-06,2.8348569081511091e-06,1.924388464718611e-16,0.90483779392396668,2.1737187054445202,0.91159891311531627
0.0002896697051929406,1.65000783963552,1.6499999999999999,3.2999999999999998,-0.00026142475907462581,5.0085367872083067e-06,2.8348554286675541e-06,2.8348569177968582e-06,1.9243884624490239e-16,0.9048377900188127,2.1737187051450202,0.91159891340155608
0.00028986970519294061,1.6500078399639,1.6499999999999999,3.2999999999999998,-0.00026142480956221442,5.0085367718853536e-06,2.834855421363935e-06,2.8348569140069829e-06,1.9243884636210161e-16,0.9048377920528532,2.173718705390677,0.91159891328581211
0.00029006970519294061,1.6500078465193111,1.6499999999999999,3.2999999999999998,-0.00026142476472009683,5.0085367919992911e-06,2.8348554338642681e-06,2.8348569229446691e-06,1.924388461579679e-16,0.90483778857153563,2.1737187050682691,0.91159891355016553
0.00029026970519294062,1.650007836125162,1.6499999999999999,3.2999999999999998,-0.00026142480442701329,5.0085367700840466e-06,2.834855423152011e-06,2.834856913856499e-06,1.924388463374977e-16,0.90483779155487698,2.1737187054194762,0.91159891328494325
0.00029046970519294062,1.6500078409925369,1.6499999999999999,3.2999999999999998,-0.00026142475708154232,5.0085367664486947e-06,2.83485542070432e-06,2.834856909943776e-06,1.924388463821e-16,0.90483779223656269,2.1737187054766238,0.91159891317478625
0.00029066970519294057,1.6500078400700771,1.6499999999999999,3.2999999999999998,-0.0002614248036776172,5.0085367918099487e-06,2.8348554333141528e-06,2.8348569256274228e-06,1.924388461599617e-16,0.90483778872473708,2.1737187050713911,0.91159891362166923
0.00029086970519294058,1.650007842702401,1.6499999999999999,3.2999999999999998,-0.00026142476124355182,5.008536740786921e-06,2.8348554057663951e-06,2.8348568948535351e-06,1.9243893113149509e-16,0.90483779639674966,2.1737187058874641,0.91159891273968296
0.00029106970519294058,1.650007838357473,1.6499999999999999,3.2999999999999998,-0.00026142480672361012,5.0085367909860364e-06,2.8348554294983901e-06,2.8348569215465282e-06,1.924388462236508e-16,0.90483778978742213,2.1737187050849891,0.9115989135044047
0.00029126970519294059,1.6500078390767949,1.6499999999999999,3.2999999999999998,-0.00026142476124338951,5.0085367576868986e-06,2.8348554185062449e-06,2.83485690520048e-06,1.924388464266113e-16,0.90483779284871935,2.1737187056171821,0.91159891304249374
0.00029146970519294059,1.6500078434500749,1.6499999999999999,3.2999999999999998,-0.00026142480406065438,5.008536743775454e-06,2.8348554015410868e-06,2.8348568951579481e-06,1.92438931190175e-16,0.9048377975734887,2.173718705839645,0.91159891274024585
0.00029166970519294071,1.6500078347537741,1.6499999999999999,3.2999999999999998,-0.00026142475551828829,5.0085367673628584e-06,2.8348554210150011e-06,2.8348569095602598e-06,1.9243884637824321e-16,0.90483779215003401,2.17371870546192,0.91159891316496378
0.00029186970519294071,1.650007841725835,1.6499999999999999,3.2999999999999998,-0.00026142480957836621,5.0085367618198722e-06,2.834855417123387e-06,2.8348569090274062e-06,1.9243884643662429e-16,0.90483779323384084,2.1737187055511602,0.91159891314346808
0.00029206970519294072,1.650007837913616,1.6499999999999999,3.2999999999999998,-0.00026142476227993699,5.0085368069354703e-06,2.8348554439779978e-06,2.834856933501691e-06,1.924388459858865e-16,0.90483778575487839,2.1737187048294411,0.91159891385395664
0.00029226970519294072,1.650007839652166,1.6499999999999999,3.2999999999999998,-0.00026142481321413011,5.0085367506268053e-06,2.8348554119971169e-06,2.8348569018199719e-06,1.924388465290672e-16,0.90483779466149716,2.173718705730443,0.91159891293925144
0.00029246970519294073,1.6500078454157721,1.6499999999999999,3.2999999999999998,-0.00026142475982422758,5.0085367322868827e-06,2.834855400261774e-06,2.834856889924957e-06,1.9243893122344371e-16,0.90483779792978125,2.1737187060228012,0.91159891259645454
0.00029266970519294068,1.6500078421302959,1.6499999999999999,3.2999999999999998,-0.00026142480788784311,5.0085367975853802e-06,2.8348554349477419e-06,2.8348569275138109e-06,1.924388461307501e-16,0.90483778826978378,2.1737187049793278,0.91159891367564116
0.00029286970519294068,1.6500078489529031,1.6499999999999999,3.2999999999999998,-0.00026142476159425821,5.0085367923606726e-06,2.8348554319408998e-06,2.834856921468868e-06,1.9243884618854829e-16,0.90483778910719215,2.1737187050627909,0.91159891350678512
0.00029306970519294069,1.650007838636012,1.6499999999999999,3.2999999999999998,-0.00026142480369379978,5.0085367894131309e-06,2.8348554301457452e-06,2.8348569215234321e-06,1.9243884621494799e-16,0.90483778960713279,2.1737187051098821,0.91159891350493938
0.00029326970519294069,1.650007838615448,1.6499999999999999,3.2999999999999998,-0.00026142476405013632,5.0085367589471346e-06,2.8348554193785631e-06,2.8348569076964828e-06,1.9243884640825379e-16,0.90483779260578101,2.173718705596587,0.91159891311159835
0.0002934697051929407,1.6500078490707151,1.6499999999999999,3.2999999999999998,-0.0002614248125762261,5.0085367638827456e-06,2.8348554149138609e-06,2.834856908027591e-06,1.924388464697046e-16,0.90483779384918972,2.1737187055181142,0.91159891311245489
0.0002936697051929407,1.65000784658981,1.6499999999999999,3.2999999999999998,-0.00026142475918630612,5.0085367929399796e-06,2.8348554357631131e-06,2.8348569256936709e-06,1.9243884612451899e-16,0.90483778804271098,2.1737187050529259,0.91159891362795542
0.00029386970519294071,1.650007848272804,1.6499999999999999,3.2999999999999998,-0.00026142481144405101,5.0085367347868589e-06,2.8348554020713239e-06,2.8348568920579651e-06,1.9243893119222249e-16,0.90483779742581427,2.1737187059835898,0.9115989126573103
0.00029406970519294071,1.6500078438344461,1.6499999999999999,3.2999999999999998,-0.0002614247609882781,5.0085367664196736e-06,2.8348554154177549e-06,2.8348569083104889e-06,1.9243884646108031e-16,0.90483779370886408,2.173718705477377,0.91159891312111918
0.00029426970519294071,1.6500078430358109,1.6499999999999999,3.2999999999999998,-0.00026142480764859081,5.0085367320595272e-06,2.8348554063008059e-06,2.8348568944580211e-06,1.9243893112745329e-16,0.90483779624790739,2.1737187060274068,0.91159891272983251
0.00029446970519294072,1.6500078431279219,1.6499999999999999,3.2999999999999998,-0.0002614247580860667,5.0085367178682974e-06,2.834855390809359e-06,2.834856882698733e-06,1.9243893137855999e-16,0.90483780056226559,2.17371870625347,0.9115989123839795
0.00029466970519294072,1.6500078410554959,1.6499999999999999,3.2999999999999998,-0.00026142480547957872,5.0085367292664852e-06,2.8348554011979089e-06,2.8348568896159081e-06,1.9243893121175469e-16,0.90483779766905936,2.1737187060715688,0.91159891258966341
0.00029486970519294068,1.650007843729179,1.6499999999999999,3.2999999999999998,-0.00026142475814994572,5.0085367564379469e-06,2.834855410661354e-06,2.8348569035641148e-06,1.9243884654242151e-16,0.90483779503351514,2.173718705636972,0.91159891298416151
0.00029506970519294068,1.6500078431146361,1.6499999999999999,3.2999999999999998,-0.00026142481024782902,5.0085368123720293e-06,2.8348554452347698e-06,2.8348569358722778e-06,1.9243884596111459e-16,0.90483778540486171,2.1737187047426709,0.91159891392024983
0.00029526970519294069,1.650007840599077,1.6499999999999999,3.2999999999999998,-0.00026142475854850001,5.0085367617223017e-06,2.8348554179685899e-06,2.8348569069829058e-06,1.924388464290936e-16,0.90483779299845679,2.1737187055524361,0.91159891308976293
0.00029546970519294069,1.650007832546321,1.6499999999999999,3.2999999999999998,-0.00026142480369368458,5.0085367941989594e-06,2.834855432539091e-06,2.834856925525811e-06,1.924388461705151e-16,0.90483778894059175,2.1737187050335338,0.9115989136175312
0.00029566970519294069,1.6500078365103299,1.6499999999999999,3.2999999999999998,-0.00026142475883535871,5.0085367857237756e-06,2.8348554321918528e-06,2.834856919743519e-06,1.9243884619080991e-16,0.90483778903729861,2.17371870516887,0.91159891346054645
0.00029586970519294081,1.650007843034424,1.6499999999999999,3.2999999999999998,-0.00026142480768069772,5.0085368171274882e-06,2.8348554435473269e-06,2.8348569372598338e-06,1.9243884598064639e-16,0.90483778587481323,2.173718704666717,0.91159891395477688
0.00029606970519294081,1.650007844495986,1.6499999999999999,3.2999999999999998,-0.00026142476467186008,5.0085367654052356e-06,2.8348554222995769e-06,2.83485690915913e-06,1.9243884636142891e-16,0.90483779179228141,2.173718705493755,0.9115989131564104
0.00029626970519294082,1.650007842403832,1.6499999999999999,3.2999999999999998,-0.00026142480512903501,5.0085367495746091e-06,2.834855404930914e-06,2.834856900735544e-06,1.924389311277415e-16,0.90483779662942665,2.173718705747187,0.91159891289724826
0.00029646970519294082,1.6500078413849639,1.6499999999999999,3.2999999999999998,-0.00026142476296579049,5.008536794355879e-06,2.8348554344383032e-06,2.8348569245026439e-06,1.924388461456132e-16,0.9048377884116664,2.1737187050303688,0.91159891359335266
0.00029666970519294077,1.65000784268801,1.6499999999999999,3.2999999999999998,-0.00026142480981746472,5.0085367724539652e-06,2.834855420785459e-06,2.834856911386077e-06,1.924388463759866e-16,0.90483779221395777,2.1737187053816949,0.911598913213854
0.00029686970519294078,1.6500078339486011,1.6499999999999999,3.2999999999999998,-0.00026142475770308361,5.0085367944277964e-06,2.8348554351586429e-06,2.8348569258493691e-06,1.9243884613234079e-16,0.90483778821105476,2.1737187050293172,0.91159891363108569
0.00029706970519294078,1.6500078358909629,1.6499999999999999,3.2999999999999998,-0.00026142480662808562,5.0085367695798316e-06,2.8348554185217219e-06,2.834856909052644e-06,1.924388464142887e-16,0.90483779284440147,2.173718705427294,0.91159891314665609
0.00029726970519294079,1.6500078403310521,1.6499999999999999,3.2999999999999998,-0.00026142476197696499,5.008536778076785e-06,2.8348554228605872e-06,2.8348569143649449e-06,1.9243884633803869e-16,0.9048377916360455,2.1737187052907512,0.91159891329828602
0.00029746970519294079,1.650007838569574,1.6499999999999999,3.2999999999999998,-0.0002614248065801686,5.0085367569806476e-06,2.8348554157348899e-06,2.8348569059635838e-06,1.9243884646467359e-16,0.90483779362053063,2.1737187056284739,0.91159891305807361
0.0002976697051929408,1.6500078444495661,1.6499999999999999,3.2999999999999998,-0.00026142476243952851,5.0085367661390982e-06,2.834855415839637e-06,2.834856908836551e-06,1.9243884645398159e-16,0.90483779359136973,2.1737187054816078,0.91159891313610997
0.0002978697051929408,1.650007840487473,1.6499999999999999,3.2999999999999998,-0.00026142480492159607,5.0085367789488563e-06,2.8348554264395229e-06,2.8348569164643021e-06,1.924388462821596e-16,0.90483779063930769,2.1737187052770799,0.91159891336139953
0.00029806970519294081,1.650007839604005,1.6499999999999999,3.2999999999999998,-0.00026142476049390408,5.0085367294638701e-06,2.8348554028945451e-06,2.8348568914197529e-06,1.924389311834632e-16,0.90483779719655744,2.1737187060679268,0.9115989126416203
0.00029826970519294081,1.650007844039175,1.6499999999999999,3.2999999999999998,-0.00026142480554367209,5.0085367563517299e-06,2.8348554117258948e-06,2.8348569021870989e-06,1.924388465303777e-16,0.9048377947370333,2.173718705638696,0.91159891294869999
0.00029846970519294082,1.6500078345241329,1.6499999999999999,3.2999999999999998,-0.00026142475462541588,5.0085367609823896e-06,2.834855416512974e-06,2.8348569060421241e-06,1.9243884645214249e-16,0.90483779340384674,2.173718705563898,0.91159891306169916
0.00029866970519294082,1.6500078331203321,1.6499999999999999,3.2999999999999998,-0.00026142480606975972,5.0085367948806227e-06,2.8348554312241952e-06,2.834856924365893e-06,1.9243884619161459e-16,0.90483778930678693,2.1737187050223441,0.91159891358378797
0.00029886970519294083,1.65000783997006,1.6499999999999999,3.2999999999999998,-0.00026142476074917672,5.008536762246139e-06,2.8348554170974428e-06,2.8348569061199402e-06,1.9243884644326411e-16,0.90483779324107061,2.173718705544089,0.91159891306485075
0.00029906970519294078,1.650007841546147,1.6499999999999999,3.2999999999999998,-0.00026142480710632482,5.0085367773642914e-06,2.8348554227578362e-06,2.8348569142651551e-06,1.9243884633999489e-16,0.90483779166465483,2.1737187053027589,0.9115989132952953
0.00029926970519294078,1.6500078433356431,1.6499999999999999,3.2999999999999998,-0.00026142475996774001,5.0085367622085723e-06,2.8348554206997168e-06,2.8348569082327711e-06,1.924388463872398e-16,0.90483779223783967,2.1737187055441169,0.91159891312847696
0.00029946970519294079,1.650007843635686,1.6499999999999999,3.2999999999999998,-0.00026142480890842653,5.0085368025672214e-06,2.8348554332818051e-06,2.8348569282855922e-06,1.9243884615127e-16,0.90483778873374676,2.1737187048996391,0.91159891369354151
0.00029966970519294079,1.650007839676892,1.6499999999999999,3.2999999999999998,-0.00026142475754361969,5.0085367547006781e-06,2.8348554170017869e-06,2.8348569044172371e-06,1.924388464506901e-16,0.90483779326770886,2.1737187056646432,0.91159891301860418
0.00029986970519294091,1.6500078452302691,1.6499999999999999,3.2999999999999998,-0.00026142480862156002,5.0085367183727512e-06,2.834855388046274e-06,2.8348568830597562e-06,1.9243893141704031e-16,0.90483780133177183,2.1737187062460102,0.91159891238869384
0.00030006970519294091,1.650007843532113,1.6499999999999999,3.2999999999999998,-0.00026142475983997708,5.0085367412333946e-06,2.834855407323317e-06,2.8348568955708191e-06,1.9243893110757449e-16,0.90483779596314873,2.1737187058800438,0.91159891276188154
0.00030026970519294092,1.650007846349602,1.6499999999999999,3.2999999999999998,-0.00026142480874893822,5.0085367404295392e-06,2.8348554047193582e-06,2.8348568966215461e-06,1.9243893114264549e-16,0.90483779668834319,2.1737187058930152,0.91159891278554439
0.00030046970519294092,1.650007847717426,1.6499999999999999,3.2999999999999998,-0.00026142476078105492,5.0085367489304448e-06,2.8348554114543589e-06,2.8348569013681739e-06,1.9243884653826221e-16,0.90483779481266002,2.173718705756805,0.91159891292615858
0.00030066970519294092,1.6500078377827889,1.6499999999999999,3.2999999999999998,-0.00026142480342258238,5.0085367643071989e-06,2.8348554175221261e-06,2.8348569106879838e-06,1.924388464265068e-16,0.90483779312279333,2.1737187055114799,0.91159891318911768
0.00030086970519294088,1.650007840802862,1.6499999999999999,3.2999999999999998,-0.00026142476015906981,5.0085367336546969e-06,2.8348554064045929e-06,2.834856894711616e-06,1.9243893112486381e-16,0.90483779621901228,2.173718706000753,0.9115989127369859
0.00030106970519294088,1.6500078383103509,1.6499999999999999,3.2999999999999998,-0.00026142480254555248,5.00853674654906e-06,2.8348554064550231e-06,2.8348568986853711e-06,1.924389311114809e-16,0.90483779620496207,2.1737187057954408,0.91159891284450112
0.00030126970519294089,1.6500078399964659,1.6499999999999999,3.2999999999999998,-0.00026142476058963252,5.0085368050601122e-06,2.834855442954757e-06,2.8348569315593749e-06,1.924388460053419e-16,0.90483778603984921,2.173718704859239,0.9115989137995647
0.00030146970519294089,1.650007843936897,1.6499999999999999,3.2999999999999998,-0.00026142480988119928,5.0085367652168377e-06,2.834855417691215e-06,2.8348569068017229e-06,1.924388464324415e-16,0.90483779307569634,2.173718705497151,0.91159891308425822
0.00030166970519294089,1.6500078412290751,1.6499999999999999,3.2999999999999998,-0.00026142476309325331,5.0085367159058093e-06,2.8348553932130691e-06,2.8348568837669749e-06,1.9243893134252909e-16,0.90483779989283475,2.1737187062848582,0.91159891241719204
0.0003018697051929409,1.6500078465602479,1.6499999999999999,3.2999999999999998,-0.00026142480905197321,5.0085367411074027e-06,2.8348554012044192e-06,2.8348568930811902e-06,1.924389312003927e-16,0.90483779766724859,2.173718705882584,0.91159891268344573
0.0003020697051929409,1.6500078462264101,1.6499999999999999,3.2999999999999998,-0.00026142476055782902,5.0085367741616369e-06,2.8348554246350861e-06,2.834856914585849e-06,1.9243884631344509e-16,0.90483779114185059,2.1737187053532829,0.91159891330744247
0.00030226970519294091,1.650007836814843,1.6499999999999999,3.2999999999999998,-0.0002614248047619981,5.0085367202350904e-06,2.834855398265045e-06,2.834856886229522e-06,1.92438931263811e-16,0.90483779848585744,2.1737187062163938,0.91159891249277125
0.00030246970519294091,1.6500078411620021,1.6499999999999999,3.2999999999999998,-0.00026142475783091592,5.0085367559732604e-06,2.8348554086679661e-06,2.8348569020678688e-06,1.9243884657429119e-16,0.90483779558866961,2.173718705644462,0.91159891294010187
0.00030266970519294092,1.6500078380772769,1.6499999999999999,3.2999999999999998,-0.00026142480272084071,5.0085367354408827e-06,2.8348554073233331e-06,2.834856894459406e-06,1.9243893111184331e-16,0.90483779596313618,2.1737187059729299,0.91159891273170179
0.00030286970519294092,1.6500078403142,1.6499999999999999,3.2999999999999998,-0.00026142475982420302,5.0085367550386264e-06,2.8348554098896248e-06,2.8348569021876401e-06,1.924388465568923e-16,0.9048377952484421,2.1737187056591081,0.91159891294553141
0.00030306970519294087,1.6500078489721901,1.6499999999999999,3.2999999999999998,-0.00026142480777622092,5.0085368017347523e-06,2.834855440350464e-06,2.8348569287793539e-06,1.9243884604968e-16,0.90483778676513027,2.1737187049127362,0.91159891371956547
0.00030326970519294088,1.6500078399576941,1.6499999999999999,3.2999999999999998,-0.00026142476094043101,5.0085367664427409e-06,2.834855417135973e-06,2.8348569090244949e-06,1.9243884643500739e-16,0.90483779323034286,2.173718705477286,0.91159891314351826
0.00030346970519294088,1.650007846881234,1.6499999999999999,3.2999999999999998,-0.00026142481160350278,5.0085367788746621e-06,2.8348554227904889e-06,2.834856915243327e-06,1.924388463368998e-16,0.90483779165555878,2.1737187052784752,0.91159891332182319
0.00030366970519294089,1.6500078496686099,1.6499999999999999,3.2999999999999998,-0.00026142476046203743,5.0085367484938688e-06,2.834855412179932e-06,2.8348569015097601e-06,1.924388465277379e-16,0.90483779461058855,2.1737187057636991,0.91159891293129103
0.00030386970519294089,1.650007843145761,1.6499999999999999,3.2999999999999998,-0.000261424803837307,5.0085367512200553e-06,2.8348554096344849e-06,2.8348569005408192e-06,1.924388465653903e-16,0.90483779531948538,2.1737187057206668,0.91159891290040507
0.00030406970519294101,1.650007841201194,1.6499999999999999,3.2999999999999998,-0.00026142476132319081,5.0085367793802434e-06,2.8348554256983089e-06,2.8348569168042732e-06,1.9243884629179231e-16,0.90483779084574256,2.1737187052699829,0.91159891336937771
0.00030426970519294101,1.650007842949627,1.6499999999999999,3.2999999999999998,-0.00026142480827044771,5.0085367672309754e-06,2.8348554210526559e-06,2.834856912120297e-06,1.9243884637213321e-16,0.90483779213954163,2.173718705465101,0.91159891323420084
0.00030446970519294102,1.650007846591744,1.6499999999999999,3.2999999999999998,-0.00026142475776710282,5.0085367936227991e-06,2.83485543318254e-06,2.8348569248376349e-06,1.9243884616299159e-16,0.90483778876139631,2.17371870504217,0.9115989136001682
0.00030466970519294102,1.650007835356643,1.6499999999999999,3.2999999999999998,-0.00026142480311955552,5.0085368038367637e-06,2.8348554380388802e-06,2.83485692794787e-06,1.924388460838399e-16,0.90483778740890441,2.1737187048795961,0.91159891369292467
0.00030486970519294103,1.6500078356438399,1.6499999999999999,3.2999999999999998,-0.00026142476015899593,5.0085367536536886e-06,2.8348554138269651e-06,2.8348569051620738e-06,1.9243884649461229e-16,0.90483779415189569,2.173718705681797,0.91159891303307317
0.00030506970519294098,1.6500078440286969,1.6499999999999999,3.2999999999999998,-0.00026142480850987999,5.0085367381026211e-06,2.834855405498963e-06,2.8348568958164891e-06,1.9243893113402911e-16,0.90483779647122164,2.1737187059304208,0.91159891276515614
0.00030526970519294098,1.6500078396844191,1.6499999999999999,3.2999999999999998,-0.00026142475706512078,5.0085367570952851e-06,2.8348554134887161e-06,2.834856904442142e-06,1.9243884649997421e-16,0.90483779424609712,2.1737187056261931,0.9115989130129859
0.00030546970519294099,1.6500078404915091,1.6499999999999999,3.2999999999999998,-0.0002614248080633684,5.0085367450553682e-06,2.834855406934625e-06,2.8348568971284559e-06,1.9243893110854479e-16,0.90483779607139292,2.173718705819002,0.91159891280322991
0.00030566970519294099,1.650007842106229,1.6499999999999999,3.2999999999999998,-0.00026142476017498411,5.0085367626792609e-06,2.83485541653048e-06,2.8348569073063788e-06,1.924388464485741e-16,0.90483779339897119,2.173718705536722,0.91159891309594143
0.000305869705192941,1.6500078405331331,1.6499999999999999,3.2999999999999998,-0.0002614248072659003,5.0085367632611911e-06,2.8348554196292899e-06,2.834856909327906e-06,1.9243884639980509e-16,0.90483779253594687,2.1737187055280498,0.91159891315608876
0.000306069705192941,1.6500078470238271,1.6499999999999999,3.2999999999999998,-0.00026142476588406321,5.0085367500009124e-06,2.8348554113132949e-06,2.8348569012383479e-06,1.9243884654023409e-16,0.90483779485194804,2.1737187057396081,0.91159891292239403
0.00030626970519294101,1.650007840600376,1.6499999999999999,3.2999999999999998,-0.0002614248026730378,5.0085367423052563e-06,2.8348554081878209e-06,2.8348568967147532e-06,1.924388465971949e-16,0.90483779572237955,2.1737187058631271,0.91159891279428007
0.00030646970519294101,1.650007840963893,1.6499999999999999,3.2999999999999998,-0.0002614247595213473,5.0085368133255766e-06,2.8348554410835109e-06,2.8348569339472688e-06,1.924388460242099e-16,0.90483778656099134,2.1737187047271389,0.91159891386083014
0.00030666970519294102,1.65000784278281,1.6499999999999999,3.2999999999999998,-0.00026142481015222673,5.0085367950929087e-06,2.8348554381258171e-06,2.8348569261885271e-06,1.924388460891547e-16,0.90483778738469078,2.1737187050194109,0.91159891364547241
0.00030686970519294102,1.6500078445719091,1.6499999999999999,3.2999999999999998,-0.00026142476473584139,5.0085367714694486e-06,2.8348554196712151e-06,2.8348569120808571e-06,1.9243884639056541e-16,0.90483779252427987,2.173718705396519,0.91159891323076525
0.00030706970519294103,1.65000783710774,1.6499999999999999,3.2999999999999998,-0.00026142480450706108,5.0085367838500074e-06,2.8348554304152588e-06,2.8348569199872608e-06,1.9243884621620139e-16,0.90483778953207117,2.1737187051988651,0.91159891346385302
0.00030726970519294098,1.650007833236161,1.6499999999999999,3.2999999999999998,-0.0002614247616103005,5.0085367879139046e-06,2.834855430963672e-06,2.834856922777879e-06,1.9243884620092961e-16,0.90483778937934989,2.1737187051342568,0.91159891354045608
0.00030746970519294098,1.650007841602023,1.6499999999999999,3.2999999999999998,-0.00026142480506506291,5.0085367313369911e-06,2.834855405308459e-06,2.8348568919685459e-06,1.9243893114732221e-16,0.90483779652427554,2.173718706038271,0.91159891266068971
0.00030766970519294099,1.650007844027624,1.6499999999999999,3.2999999999999998,-0.00026142476055792248,5.0085367673169551e-06,2.834855414712937e-06,2.834856905899139e-06,1.9243884647620211e-16,0.90483779390515506,2.1737187054631391,0.91159891305460539
0.00030786970519294099,1.6500078451468241,1.6499999999999999,3.2999999999999998,-0.00026142480418790372,5.0085367639172029e-06,2.8348554220099158e-06,2.834856910154461e-06,1.924388463638533e-16,0.90483779187294422,2.1737187055180471,0.91159891318272013
0.0003080697051929411,1.650007835532876,1.6499999999999999,3.2999999999999998,-0.00026142475451387668,5.0085367503908194e-06,2.8348554066126382e-06,2.834856898634951e-06,1.9243893110812839e-16,0.90483779616107585,2.173718705733493,0.91159891284352546
0.00030826970519294111,1.650007838994211,1.6499999999999999,3.2999999999999998,-0.00026142480382116442,5.0085367436968137e-06,2.834855410198525e-06,2.834856898999766e-06,1.9243884656304869e-16,0.90483779516239915,2.1737187058408418,0.91159891285971473
0.00030846970519294111,1.6500078382995169,1.6499999999999999,3.2999999999999998,-0.00026142475604473171,5.008536723449206e-06,2.8348553965572881e-06,2.834856886026326e-06,1.9243893128756989e-16,0.90483779896147454,2.1737187061643111,0.91159891248432112
0.00030866970519294112,1.6500078432903931,1.6499999999999999,3.2999999999999998,-0.00026142480903602059,5.0085367481312379e-06,2.8348554083668629e-06,2.834856899013767e-06,1.924388465877777e-16,0.90483779567251699,2.1737187057699532,0.91159891285681227
0.00030886970519294112,1.6500078511202041,1.6499999999999999,3.2999999999999998,-0.00026142476076496731,5.0085367506262031e-06,2.834855410394379e-06,2.83485690182369e-06,1.9243884655184371e-16,0.90483779510786433,2.1737187057296401,0.91159891293658724
0.00030906970519294107,1.6500078416273529,1.6499999999999999,3.2999999999999998,-0.00026142480200344451,5.0085367604514744e-06,2.8348554188853951e-06,2.8348569082137751e-06,1.924388464137277e-16,0.90483779274312215,2.1737187055728548,0.9115989131246075
0.00030926970519294108,1.650007840518013,1.6499999999999999,3.2999999999999998,-0.0002614247650548121,5.008536783761855e-06,2.8348554257389851e-06,2.8348569172216131e-06,1.9243884628895549e-16,0.90483779083441696,2.1737187051997919,0.91159891338074373
0.00030946970519294108,1.6500078449278539,1.6499999999999999,3.2999999999999998,-0.00026142480605378991,5.0085367365278428e-06,2.8348554073730289e-06,2.8348568959490968e-06,1.9243893110750781e-16,0.90483779594929781,2.1737187059558361,0.91159891277210181
0.00030966970519294109,1.6500078404341729,1.6499999999999999,3.2999999999999998,-0.0002614247538759628,5.008536798095178e-06,2.8348554307478781e-06,2.8348569246306069e-06,1.9243884619679581e-16,0.90483778943944937,2.1737187049708151,0.91159891359020562
0.00030986970519294109,1.6500078467618691,1.6499999999999999,3.2999999999999998,-0.00026142480822271251,5.0085367591801754e-06,2.8348554207229238e-06,2.8348569082378089e-06,1.924388463878787e-16,0.90483779223136984,2.1737187055935689,0.91159891312854968
0.00031,1.6500078417560899,1.6499999999999999,3.2999999999999998,-0.00026142475980434819,5.0085369117501097e-06,2.8348554857119688e-06,2.8348569827153991e-06,1.924387607549269e-16,0.90483777413203714,2.1737187031535719,0.91159891526044756
