time_s,input_V,output_V,supply_source_current_A
0.000000000000000e+00,1.500000000000000e+00,1.500503160659433e+00,-1.490000747002459e-04
2.000000000000000e-11,1.500000000000000e+00,1.500503160659375e+00,-1.490000747905447e-04
4.000000000000000e-11,1.500000000000000e+00,1.500503160659312e+00,-1.490000748172953e-04
8.000000000000001e-11,1.500000000000000e+00,1.500503160659182e+00,-1.490000748042197e-04
1.600000000000000e-10,1.500000000000000e+00,1.500503160658989e+00,-1.490000748385423e-04
3.200000000000000e-10,1.500000000000000e+00,1.500503160659335e+00,-1.490000748441061e-04
6.400000000000001e-10,1.500000000000000e+00,1.500503160660219e+00,-1.490000749378393e-04
1.280000000000000e-09,1.500000000000000e+00,1.500503160660666e+00,-1.490000748429184e-04
2.560000000000000e-09,1.500000000000000e+00,1.500503160669761e+00,-1.490000747873237e-04
4.560000000000001e-09,1.500000000000000e+00,1.500503160698553e+00,-1.490000747844966e-04
6.560000000000001e-09,1.500000000000000e+00,1.500503160737591e+00,-1.490000748362304e-04
8.560000000000000e-09,1.500000000000000e+00,1.500503160785325e+00,-1.490000747945653e-04
1.056000000000000e-08,1.500000000000000e+00,1.500503160841103e+00,-1.490000748057869e-04
1.256000000000000e-08,1.500000000000000e+00,1.500503160903396e+00,-1.490000747768767e-04
1.456000000000000e-08,1.500000000000000e+00,1.500503160970653e+00,-1.490000747610783e-04
1.656000000000000e-08,1.500000000000000e+00,1.500503161041822e+00,-1.490000747584309e-04
1.856000000000000e-08,1.500000000000000e+00,1.500503161114510e+00,-1.490000747291340e-04
2.056000000000000e-08,1.500000000000000e+00,1.500503161185746e+00,-1.490000746732981e-04
2.256000000000000e-08,1.500000000000000e+00,1.500503161252603e+00,-1.490000747107006e-04
2.456000000000001e-08,1.500000000000000e+00,1.500503161312246e+00,-1.490000746552960e-04
2.656000000000001e-08,1.500000000000000e+00,1.500503161362202e+00,-1.490000746534376e-04
2.856000000000001e-08,1.500000000000000e+00,1.500503161401696e+00,-1.490000746253755e-04
3.056000000000001e-08,1.500000000000000e+00,1.500503161430902e+00,-1.490000745976961e-04
3.256000000000001e-08,1.500000000000000e+00,1.500503161450320e+00,-1.490000745437879e-04
3.456000000000001e-08,1.500000000000000e+00,1.500503161460466e+00,-1.490000745168175e-04
3.656000000000000e-08,1.500000000000000e+00,1.500503161462303e+00,-1.490000745167491e-04
3.856000000000000e-08,1.500000000000000e+00,1.500503161456817e+00,-1.490000744770637e-04
4.056000000000000e-08,1.500000000000000e+00,1.500503161445699e+00,-1.490000744641809e-04
4.256000000000000e-08,1.500000000000000e+00,1.500503161430659e+00,-1.490000744381474e-04
4.456000000000000e-08,1.500000000000000e+00,1.500503161413437e+00,-1.490000744121950e-04
4.655999999999999e-08,1.500000000000000e+00,1.500503161395676e+00,-1.490000744128557e-04
4.855999999999999e-08,1.500000000000000e+00,1.500503161379479e+00,-1.490000744134582e-04
5.055999999999999e-08,1.500000000000000e+00,1.500503161366930e+00,-1.490000744006286e-04
5.255999999999999e-08,1.500000000000000e+00,1.500503161359460e+00,-1.490000743610170e-04
5.455999999999999e-08,1.500000000000000e+00,1.500503161358214e+00,-1.490000743610633e-04
5.655999999999999e-08,1.500000000000000e+00,1.500503161363915e+00,-1.490000743342582e-04
5.855999999999998e-08,1.500000000000000e+00,1.500503161376294e+00,-1.490000743205013e-04
6.055999999999998e-08,1.500000000000000e+00,1.500503161394402e+00,-1.490000743065312e-04
6.255999999999999e-08,1.500000000000000e+00,1.500503161416821e+00,-1.490000743056972e-04
6.455999999999999e-08,1.500000000000000e+00,1.500503161441784e+00,-1.490000742515827e-04
6.656000000000000e-08,1.500000000000000e+00,1.500503161467406e+00,-1.490000742905190e-04
6.856000000000000e-08,1.500000000000000e+00,1.500503161492507e+00,-1.490000742762888e-04
7.056000000000000e-08,1.500000000000000e+00,1.500503161515710e+00,-1.490000742621292e-04
7.256000000000001e-08,1.500000000000000e+00,1.500503161535923e+00,-1.490000742480808e-04
7.456000000000001e-08,1.500000000000000e+00,1.500503161552630e+00,-1.490000742474593e-04
7.656000000000002e-08,1.500000000000000e+00,1.500503161565599e+00,-1.490000742336804e-04
7.856000000000002e-08,1.500000000000000e+00,1.500503161574691e+00,-1.490000742333422e-04
8.056000000000003e-08,1.500000000000000e+00,1.500503161580105e+00,-1.490000742331408e-04
8.256000000000003e-08,1.500000000000000e+00,1.500503161582312e+00,-1.490000742197622e-04
8.456000000000004e-08,1.500000000000000e+00,1.500503161582057e+00,-1.490000742064752e-04
8.656000000000004e-08,1.500000000000000e+00,1.500503161580098e+00,-1.490000742065481e-04
8.856000000000005e-08,1.500000000000000e+00,1.500503161577348e+00,-1.490000742199469e-04
9.056000000000005e-08,1.500000000000000e+00,1.500503161574436e+00,-1.490000742067587e-04
9.256000000000006e-08,1.500000000000000e+00,1.500503161572120e+00,-1.490000742068449e-04
9.456000000000006e-08,1.500000000000000e+00,1.500503161571039e+00,-1.490000742068851e-04
9.656000000000007e-08,1.500000000000000e+00,1.500503161571507e+00,-1.490000742068676e-04
9.856000000000007e-08,1.500000000000000e+00,1.500503161573679e+00,-1.490000741934904e-04
1.005600000000001e-07,1.500000000000000e+00,1.500503161577501e+00,-1.490000741800517e-04
1.025600000000001e-07,1.500000000000000e+00,1.500503161582554e+00,-1.490000741798638e-04
1.045600000000001e-07,1.500000000000000e+00,1.500503161588792e+00,-1.490000741796317e-04
1.065600000000001e-07,1.500000000000000e+00,1.500503161596160e+00,-1.490000741793576e-04
1.085600000000001e-07,1.500000000000000e+00,1.500503161604267e+00,-1.490000742056490e-04
1.105600000000001e-07,1.500000000000000e+00,1.500503161613032e+00,-1.490000742053230e-04
1.125600000000001e-07,1.500000000000000e+00,1.500503161622416e+00,-1.490000741783809e-04
1.145600000000001e-07,1.500000000000000e+00,1.500503161632080e+00,-1.490000741780214e-04
1.165600000000001e-07,1.500000000000000e+00,1.500503161641837e+00,-1.490000741776585e-04
1.185600000000001e-07,1.500000000000000e+00,1.500503161651134e+00,-1.490000741773126e-04
1.205600000000001e-07,1.500000000000000e+00,1.500503161659650e+00,-1.490000741769958e-04
1.225600000000001e-07,1.500000000000000e+00,1.500503161667562e+00,-1.490000741767015e-04
1.245600000000001e-07,1.500000000000000e+00,1.500503161674983e+00,-1.490000741764255e-04
1.265600000000001e-07,1.500000000000000e+00,1.500503161681532e+00,-1.490000741761818e-04
1.285600000000001e-07,1.500000000000000e+00,1.500503161687052e+00,-1.490000741759765e-04
1.305600000000001e-07,1.500000000000000e+00,1.500503161691584e+00,-1.490000741758079e-04
1.325600000000001e-07,1.500000000000000e+00,1.500503161695046e+00,-1.490000741490862e-04
1.345600000000001e-07,1.500000000000000e+00,1.500503161697561e+00,-1.490000741622891e-04
1.365600000000001e-07,1.500000000000000e+00,1.500503161699326e+00,-1.490000741755199e-04
1.385600000000000e-07,1.500000000000000e+00,1.500503161700530e+00,-1.490000741754751e-04
1.405600000000000e-07,1.500000000000000e+00,1.500503161701329e+00,-1.490000741621489e-04
1.425600000000000e-07,1.500000000000000e+00,1.500503161701938e+00,-1.490000741488298e-04
1.445600000000000e-07,1.500000000000000e+00,1.500503161702754e+00,-1.490000741487994e-04
1.465600000000000e-07,1.500000000000000e+00,1.500503161703739e+00,-1.490000741620593e-04
1.485600000000000e-07,1.500000000000000e+00,1.500503161704964e+00,-1.490000741753102e-04
1.505600000000000e-07,1.500000000000000e+00,1.500503161706770e+00,-1.490000741752430e-04
1.525600000000000e-07,1.500000000000000e+00,1.500503161709472e+00,-1.490000741485495e-04
1.545600000000000e-07,1.500000000000000e+00,1.500503161712983e+00,-1.490000741750119e-04
1.565600000000000e-07,1.500000000000000e+00,1.500503161717264e+00,-1.490000741615562e-04
1.585600000000000e-07,1.500000000000000e+00,1.500503161722185e+00,-1.490000741746696e-04
1.605600000000000e-07,1.500000000000000e+00,1.500503161727508e+00,-1.490000741478786e-04
1.625599999999999e-07,1.500000000000000e+00,1.500503161732988e+00,-1.490000741476748e-04
1.645599999999999e-07,1.500000000000000e+00,1.500503161738246e+00,-1.490000741607757e-04
1.665599999999999e-07,1.500000000000000e+00,1.500503161742922e+00,-1.490000741473052e-04
1.685599999999999e-07,1.500000000000000e+00,1.500503161746891e+00,-1.490000741471576e-04
1.705599999999999e-07,1.500000000000000e+00,1.500503161750022e+00,-1.490000741736341e-04
1.725599999999999e-07,1.500000000000000e+00,1.500503161752307e+00,-1.490000741469561e-04
1.745599999999999e-07,1.500000000000000e+00,1.500503161753764e+00,-1.490000741469019e-04
1.765599999999999e-07,1.500000000000000e+00,1.500503161754454e+00,-1.490000741601728e-04
1.785599999999999e-07,1.500000000000000e+00,1.500503161754561e+00,-1.490000741734653e-04
1.805599999999999e-07,1.500000000000000e+00,1.500503161754305e+00,-1.490000741468818e-04
1.825599999999999e-07,1.500000000000000e+00,1.500503161753876e+00,-1.490000741734907e-04
1.845599999999998e-07,1.500000000000000e+00,1.500503161753346e+00,-1.490000741469175e-04
1.865599999999998e-07,1.500000000000000e+00,1.500503161752869e+00,-1.490000741735282e-04
1.885599999999998e-07,1.500000000000000e+00,1.500503161752629e+00,-1.490000741602407e-04
1.905599999999998e-07,1.500000000000000e+00,1.500503161752748e+00,-1.490000741469397e-04
1.925599999999998e-07,1.500000000000000e+00,1.500503161753407e+00,-1.490000741602117e-04
1.945599999999998e-07,1.500000000000000e+00,1.500503161754634e+00,-1.490000741734625e-04
1.965599999999998e-07,1.500000000000000e+00,1.500503161756466e+00,-1.490000741600979e-04
1.985599999999998e-07,1.500000000000000e+00,1.500503161758909e+00,-1.490000741600070e-04
2.005599999999998e-07,1.500000000000000e+00,1.500503161761826e+00,-1.490000741466020e-04
2.025599999999998e-07,1.500000000000000e+00,1.500503161765149e+00,-1.490000741464784e-04
2.045599999999998e-07,1.500000000000000e+00,1.500503161768987e+00,-1.490000741463356e-04
2.065599999999998e-07,1.500000000000000e+00,1.500503161773213e+00,-1.490000741461784e-04
2.085599999999997e-07,1.500000000000000e+00,1.500503161777612e+00,-1.490000741460148e-04
2.105599999999997e-07,1.500000000000000e+00,1.500503161781956e+00,-1.490000741458532e-04
2.125599999999997e-07,1.500000000000000e+00,1.500503161785973e+00,-1.490000741191108e-04
2.145599999999997e-07,1.500000000000000e+00,1.500503161789228e+00,-1.490000741455827e-04
2.165599999999997e-07,1.500000000000000e+00,1.500503161791331e+00,-1.490000741322080e-04
2.185599999999997e-07,1.500000000000000e+00,1.500503161792140e+00,-1.490000741188814e-04
2.205599999999997e-07,1.500000000000000e+00,1.500503161791641e+00,-1.490000741189000e-04
2.225599999999997e-07,1.500000000000000e+00,1.500503161789993e+00,-1.490000741455543e-04
2.245599999999997e-07,1.500000000000000e+00,1.500503161787406e+00,-1.490000741190575e-04
2.265599999999997e-07,1.500000000000000e+00,1.500503161784136e+00,-1.490000741191792e-04
2.285599999999997e-07,1.500000000000000e+00,1.500503161780597e+00,-1.490000741459038e-04
2.305599999999997e-07,1.500000000000000e+00,1.500503161776967e+00,-1.490000741460388e-04
2.325599999999996e-07,1.500000000000000e+00,1.500503161773358e+00,-1.490000741461731e-04
2.345599999999996e-07,1.500000000000000e+00,1.500503161769928e+00,-1.490000741595971e-04
2.365599999999996e-07,1.500000000000000e+00,1.500503161766879e+00,-1.490000741464141e-04
2.385599999999996e-07,1.500000000000000e+00,1.500503161764452e+00,-1.490000741465043e-04
2.405599999999996e-07,1.500000000000000e+00,1.500503161762668e+00,-1.490000741465707e-04
2.425599999999996e-07,1.500000000000000e+00,1.500503161761592e+00,-1.490000741466107e-04
2.445599999999996e-07,1.500000000000000e+00,1.500503161761492e+00,-1.490000741466144e-04
2.465599999999996e-07,1.500000000000000e+00,1.500503161762462e+00,-1.490000741332819e-04
2.485599999999996e-07,1.500000000000000e+00,1.500503161764425e+00,-1.490000741465054e-04
2.505599999999996e-07,1.500000000000000e+00,1.500503161767063e+00,-1.490000741464072e-04
2.525599999999996e-07,1.500000000000000e+00,1.500503161770038e+00,-1.490000741462965e-04
2.545599999999995e-07,1.500000000000000e+00,1.500503161773177e+00,-1.490000741461798e-04
2.565599999999995e-07,1.500000000000000e+00,1.500503161776449e+00,-1.490000741327616e-04
2.585599999999995e-07,1.500000000000000e+00,1.500503161779714e+00,-1.490000741459366e-04
2.605599999999995e-07,1.500000000000000e+00,1.500503161782725e+00,-1.490000741458246e-04
2.625599999999995e-07,1.500000000000000e+00,1.500503161785169e+00,-1.490000741457337e-04
2.645599999999995e-07,1.500000000000000e+00,1.500503161786794e+00,-1.490000741190802e-04
2.665599999999995e-07,1.500000000000000e+00,1.500503161787676e+00,-1.490000741456404e-04
2.685599999999995e-07,1.500000000000000e+00,1.500503161787946e+00,-1.490000741456304e-04
2.705599999999995e-07,1.500000000000000e+00,1.500503161787612e+00,-1.490000741456428e-04
2.725599999999995e-07,1.500000000000000e+00,1.500503161786715e+00,-1.490000741456762e-04
2.745599999999995e-07,1.500000000000000e+00,1.500503161785329e+00,-1.490000741191348e-04
2.765599999999995e-07,1.500000000000000e+00,1.500503161783540e+00,-1.490000741192013e-04
2.785599999999994e-07,1.500000000000000e+00,1.500503161781365e+00,-1.490000741192822e-04
2.805599999999994e-07,1.500000000000000e+00,1.500503161778856e+00,-1.490000741193755e-04
2.825599999999994e-07,1.500000000000000e+00,1.500503161776263e+00,-1.490000741460650e-04
2.845599999999994e-07,1.500000000000000e+00,1.500503161773749e+00,-1.490000741195655e-04
2.865599999999994e-07,1.500000000000000e+00,1.500503161771336e+00,-1.490000741196553e-04
2.885599999999994e-07,1.500000000000000e+00,1.500503161769398e+00,-1.490000741463203e-04
2.905599999999994e-07,1.500000000000000e+00,1.500503161768063e+00,-1.490000741197770e-04
2.925599999999994e-07,1.500000000000000e+00,1.500503161767169e+00,-1.490000741464033e-04
2.945599999999994e-07,1.500000000000000e+00,1.500503161766883e+00,-1.490000741198209e-04
2.965599999999994e-07,1.500000000000000e+00,1.500503161767283e+00,-1.490000741198061e-04
2.985599999999994e-07,1.500000000000000e+00,1.500503161768169e+00,-1.490000741463661e-04
3.005599999999994e-07,1.500000000000000e+00,1.500503161769387e+00,-1.490000741197278e-04
3.025599999999993e-07,1.500000000000000e+00,1.500503161770810e+00,-1.490000741329713e-04
3.045599999999993e-07,1.500000000000000e+00,1.500503161772354e+00,-1.490000741462104e-04
3.065599999999993e-07,1.500000000000000e+00,1.500503161773892e+00,-1.490000741461532e-04
3.085599999999993e-07,1.500000000000000e+00,1.500503161775374e+00,-1.490000741460981e-04
3.105599999999993e-07,1.500000000000000e+00,1.500503161776769e+00,-1.490000741460461e-04
3.125599999999993e-07,1.500000000000000e+00,1.500503161778058e+00,-1.490000741194052e-04
3.145599999999993e-07,1.500000000000000e+00,1.500503161779344e+00,-1.490000741459504e-04
3.165599999999993e-07,1.500000000000000e+00,1.500503161780482e+00,-1.490000741193151e-04
3.185599999999993e-07,1.500000000000000e+00,1.500503161781082e+00,-1.490000741458857e-04
3.205599999999993e-07,1.500000000000000e+00,1.500503161781364e+00,-1.490000741325788e-04
3.225599999999993e-07,1.500000000000000e+00,1.500503161781573e+00,-1.490000741192745e-04
3.245599999999992e-07,1.500000000000000e+00,1.500503161781627e+00,-1.490000741192725e-04
3.265599999999992e-07,1.500000000000000e+00,1.500503161781556e+00,-1.490000741192751e-04
3.285599999999992e-07,1.500000000000000e+00,1.500503161781473e+00,-1.490000741325747e-04
3.305599999999992e-07,1.500000000000000e+00,1.500503161781387e+00,-1.490000741458744e-04
3.325599999999992e-07,1.500000000000000e+00,1.500503161781136e+00,-1.490000741325872e-04
3.345599999999992e-07,1.500000000000000e+00,1.500503161780760e+00,-1.490000741326012e-04
3.365599999999992e-07,1.500000000000000e+00,1.500503161780544e+00,-1.490000741459057e-04
3.385599999999992e-07,1.500000000000000e+00,1.500503161780454e+00,-1.490000741326126e-04
3.405599999999992e-07,1.500000000000000e+00,1.500503161780244e+00,-1.490000741459169e-04
3.425599999999992e-07,1.500000000000000e+00,1.500503161779982e+00,-1.490000741326301e-04
3.445599999999992e-07,1.500000000000000e+00,1.500503161779881e+00,-1.490000741326339e-04
3.465599999999992e-07,1.500000000000000e+00,1.500503161779881e+00,-1.490000741459304e-04
3.485599999999991e-07,1.500000000000000e+00,1.500503161779846e+00,-1.490000741193387e-04
3.505599999999991e-07,1.500000000000000e+00,1.500503161779779e+00,-1.490000741459342e-04
3.525599999999991e-07,1.500000000000000e+00,1.500503161779773e+00,-1.490000741193415e-04
3.545599999999991e-07,1.500000000000000e+00,1.500503161779784e+00,-1.490000741193411e-04
3.565599999999991e-07,1.500000000000000e+00,1.500503161779794e+00,-1.490000741326371e-04
3.585599999999991e-07,1.500000000000000e+00,1.500503161779901e+00,-1.490000741326332e-04
3.605599999999991e-07,1.500000000000000e+00,1.500503161780020e+00,-1.490000741459252e-04
3.625599999999991e-07,1.500000000000000e+00,1.500503161780077e+00,-1.490000741459231e-04
3.645599999999991e-07,1.500000000000000e+00,1.500503161780003e+00,-1.490000741193329e-04
3.665599999999991e-07,1.500000000000000e+00,1.500503161779822e+00,-1.490000741326361e-04
3.685599999999991e-07,1.500000000000000e+00,1.500503161779788e+00,-1.490000741326374e-04
3.705599999999991e-07,1.500000000000000e+00,1.500503161779854e+00,-1.490000741326349e-04
3.725599999999990e-07,1.500000000000000e+00,1.500503161779844e+00,-1.490000741459318e-04
3.745599999999990e-07,1.500000000000000e+00,1.500503161779723e+00,-1.490000741193433e-04
3.765599999999990e-07,1.500000000000000e+00,1.500503161779365e+00,-1.490000741326531e-04
3.785599999999990e-07,1.500000000000000e+00,1.500503161778776e+00,-1.490000741326750e-04
3.805599999999990e-07,1.500000000000000e+00,1.500503161778248e+00,-1.490000741326946e-04
3.825599999999990e-07,1.500000000000000e+00,1.500503161777735e+00,-1.490000741327137e-04
3.845599999999990e-07,1.500000000000000e+00,1.500503161777075e+00,-1.490000741327383e-04
3.865599999999990e-07,1.500000000000000e+00,1.500503161776439e+00,-1.490000741194655e-04
3.885599999999990e-07,1.500000000000000e+00,1.500503161775817e+00,-1.490000741194886e-04
3.905599999999990e-07,1.500000000000000e+00,1.500503161775076e+00,-1.490000741195162e-04
3.925599999999990e-07,1.500000000000000e+00,1.500503161774474e+00,-1.490000741195386e-04
3.945599999999989e-07,1.500000000000000e+00,1.500503161774002e+00,-1.490000741195561e-04
3.965599999999989e-07,1.500000000000000e+00,1.500503161773450e+00,-1.490000741328731e-04
3.985599999999989e-07,1.500000000000000e+00,1.500503161773026e+00,-1.490000741195924e-04
4.005599999999989e-07,1.500000000000000e+00,1.500503161772705e+00,-1.490000741196044e-04
4.025599999999989e-07,1.500000000000000e+00,1.500503161772346e+00,-1.490000741462107e-04
4.045599999999989e-07,1.500000000000000e+00,1.500503161772188e+00,-1.490000741329201e-04
4.065599999999989e-07,1.500000000000000e+00,1.500503161772310e+00,-1.490000741196190e-04
4.085599999999989e-07,1.500000000000000e+00,1.500503161772611e+00,-1.490000741196079e-04
4.105599999999989e-07,1.500000000000000e+00,1.500503161773129e+00,-1.490000741195886e-04
4.125599999999989e-07,1.500000000000000e+00,1.500503161773832e+00,-1.490000741195624e-04
4.145599999999989e-07,1.500000000000000e+00,1.500503161774459e+00,-1.490000741328356e-04
4.165599999999989e-07,1.500000000000000e+00,1.500503161774999e+00,-1.490000741461120e-04
4.185599999999988e-07,1.500000000000000e+00,1.500503161775539e+00,-1.490000741194989e-04
4.205599999999988e-07,1.500000000000000e+00,1.500503161775935e+00,-1.490000741194842e-04
4.225599999999988e-07,1.500000000000000e+00,1.500503161776174e+00,-1.490000741460683e-04
4.245599999999988e-07,1.500000000000000e+00,1.500503161776347e+00,-1.490000741194689e-04
4.265599999999988e-07,1.500000000000000e+00,1.500503161776391e+00,-1.490000741460602e-04
4.285599999999988e-07,1.500000000000000e+00,1.500503161776321e+00,-1.490000741460628e-04
4.305599999999988e-07,1.500000000000000e+00,1.500503161776217e+00,-1.490000741327702e-04
4.325599999999988e-07,1.500000000000000e+00,1.500503161775963e+00,-1.490000741327797e-04
4.345599999999988e-07,1.500000000000000e+00,1.500503161775491e+00,-1.490000741460937e-04
4.365599999999988e-07,1.500000000000000e+00,1.500503161774946e+00,-1.490000741195210e-04
4.385599999999988e-07,1.500000000000000e+00,1.500503161774317e+00,-1.490000741328409e-04
4.405599999999988e-07,1.500000000000000e+00,1.500503161773657e+00,-1.490000741461619e-04
4.425599999999987e-07,1.500000000000000e+00,1.500503161773121e+00,-1.490000741328854e-04
4.445599999999987e-07,1.500000000000000e+00,1.500503161772521e+00,-1.490000741196112e-04
4.465599999999987e-07,1.500000000000000e+00,1.500503161771719e+00,-1.490000741196411e-04
4.485599999999987e-07,1.500000000000000e+00,1.500503161771045e+00,-1.490000741329626e-04
4.505599999999987e-07,1.500000000000000e+00,1.500503161770663e+00,-1.490000741329768e-04
4.525599999999987e-07,1.500000000000000e+00,1.500503161770388e+00,-1.490000741462835e-04
4.545599999999987e-07,1.500000000000000e+00,1.500503161770193e+00,-1.490000741462908e-04
4.565599999999987e-07,1.500000000000000e+00,1.500503161770115e+00,-1.490000741462937e-04
4.585599999999987e-07,1.500000000000000e+00,1.500503161770203e+00,-1.490000741329939e-04
4.605599999999987e-07,1.500000000000000e+00,1.500503161770541e+00,-1.490000741462778e-04
4.625599999999987e-07,1.500000000000000e+00,1.500503161771050e+00,-1.490000741462589e-04
4.645599999999986e-07,1.500000000000000e+00,1.500503161771763e+00,-1.490000741196394e-04
4.665599999999986e-07,1.500000000000000e+00,1.500503161772837e+00,-1.490000741328959e-04
4.685599999999986e-07,1.500000000000000e+00,1.500503161774023e+00,-1.490000741328518e-04
4.705599999999986e-07,1.500000000000000e+00,1.500503161775117e+00,-1.490000741195146e-04
4.725599999999986e-07,1.500000000000000e+00,1.500503161776217e+00,-1.490000741194737e-04
4.745599999999986e-07,1.500000000000000e+00,1.500503161777213e+00,-1.490000741194367e-04
4.765599999999986e-07,1.500000000000000e+00,1.500503161777972e+00,-1.490000741460014e-04
4.785599999999986e-07,1.500000000000000e+00,1.500503161778642e+00,-1.490000741326800e-04
4.805599999999987e-07,1.500000000000000e+00,1.500503161779214e+00,-1.490000741193622e-04
4.825599999999987e-07,1.500000000000000e+00,1.500503161779429e+00,-1.490000741193542e-04
4.845599999999988e-07,1.500000000000000e+00,1.500503161779529e+00,-1.490000741459435e-04
4.865599999999988e-07,1.500000000000000e+00,1.500503161779611e+00,-1.490000741193475e-04
4.885599999999989e-07,1.500000000000000e+00,1.500503161779480e+00,-1.490000741193524e-04
4.905599999999989e-07,1.500000000000000e+00,1.500503161779329e+00,-1.490000741193580e-04
4.925599999999990e-07,1.500000000000000e+00,1.500503161779280e+00,-1.490000741193598e-04
4.945599999999990e-07,1.500000000000000e+00,1.500503161779149e+00,-1.490000741459576e-04
4.965599999999990e-07,1.500000000000000e+00,1.500503161778942e+00,-1.490000741193723e-04
4.985599999999991e-07,1.500000000000000e+00,1.500503161778780e+00,-1.490000741193784e-04
5.005599999999991e-07,1.500000000000000e+00,1.500503161778592e+00,-1.490000741459784e-04
5.025599999999992e-07,1.500000000000000e+00,1.500503161778371e+00,-1.490000741326901e-04
5.045599999999992e-07,1.500000000000000e+00,1.500503161778199e+00,-1.490000741194000e-04
5.065599999999993e-07,1.500000000000000e+00,1.500503161778113e+00,-1.490000741459962e-04
5.085599999999993e-07,1.500000000000000e+00,1.500503161778037e+00,-1.490000741459990e-04
5.105599999999994e-07,1.500000000000000e+00,1.500503161777879e+00,-1.490000741460049e-04
5.125599999999994e-07,1.500000000000000e+00,1.500503161777577e+00,-1.490000741460161e-04
5.145599999999994e-07,1.500000000000000e+00,1.500503161777157e+00,-1.490000741460317e-04
5.165599999999995e-07,1.500000000000000e+00,1.500503161776770e+00,-1.490000741327496e-04
5.185599999999995e-07,1.500000000000000e+00,1.500503161776354e+00,-1.490000741460616e-04
5.205599999999996e-07,1.500000000000000e+00,1.500503161775888e+00,-1.490000741460789e-04
5.225599999999996e-07,1.500000000000000e+00,1.500503161775522e+00,-1.490000741327961e-04
5.245599999999997e-07,1.500000000000000e+00,1.500503161775153e+00,-1.490000741461063e-04
5.265599999999997e-07,1.500000000000000e+00,1.500503161774760e+00,-1.490000741461209e-04
5.285599999999998e-07,1.500000000000000e+00,1.500503161774480e+00,-1.490000741461313e-04
5.305599999999998e-07,1.500000000000000e+00,1.500503161774272e+00,-1.490000741461391e-04
5.325599999999998e-07,1.500000000000000e+00,1.500503161773989e+00,-1.490000741461496e-04
5.345599999999999e-07,1.500000000000000e+00,1.500503161773695e+00,-1.490000741461605e-04
5.365599999999999e-07,1.500000000000000e+00,1.500503161773492e+00,-1.490000741195751e-04
5.385600000000000e-07,1.500000000000000e+00,1.500503161773244e+00,-1.490000741461773e-04
5.405600000000000e-07,1.500000000000000e+00,1.500503161773063e+00,-1.490000741195910e-04
5.425600000000001e-07,1.500000000000000e+00,1.500503161772870e+00,-1.490000741195982e-04
5.445600000000001e-07,1.500000000000000e+00,1.500503161772603e+00,-1.490000741462011e-04
5.465600000000002e-07,1.500000000000000e+00,1.500503161772539e+00,-1.490000741196105e-04
5.485600000000002e-07,1.500000000000000e+00,1.500503161772701e+00,-1.490000741196045e-04
5.505600000000002e-07,1.500000000000000e+00,1.500503161773046e+00,-1.490000741195917e-04
5.525600000000003e-07,1.500000000000000e+00,1.500503161773650e+00,-1.490000741195692e-04
5.545600000000003e-07,1.500000000000000e+00,1.500503161774609e+00,-1.490000741195336e-04
5.565600000000004e-07,1.500000000000000e+00,1.500503161775795e+00,-1.490000741194894e-04
5.585600000000004e-07,1.500000000000000e+00,1.500503161777208e+00,-1.490000741460298e-04
5.605600000000005e-07,1.500000000000000e+00,1.500503161778763e+00,-1.490000741193790e-04
5.625600000000005e-07,1.500000000000000e+00,1.500503161780120e+00,-1.490000741193285e-04
5.645600000000006e-07,1.500000000000000e+00,1.500503161781387e+00,-1.490000741458744e-04
5.665600000000006e-07,1.500000000000000e+00,1.500503161782571e+00,-1.490000741192374e-04
5.685600000000006e-07,1.500000000000000e+00,1.500503161783421e+00,-1.490000741192057e-04
5.705600000000007e-07,1.500000000000000e+00,1.500503161784110e+00,-1.490000741457731e-04
5.725600000000007e-07,1.500000000000000e+00,1.500503161784673e+00,-1.490000741324557e-04
5.745600000000008e-07,1.500000000000000e+00,1.500503161784868e+00,-1.490000741457449e-04
5.765600000000008e-07,1.500000000000000e+00,1.500503161784884e+00,-1.490000741324478e-04
5.785600000000009e-07,1.500000000000000e+00,1.500503161784763e+00,-1.490000741191558e-04
5.805600000000009e-07,1.500000000000000e+00,1.500503161784329e+00,-1.490000741191720e-04
5.825600000000009e-07,1.500000000000000e+00,1.500503161783733e+00,-1.490000741457871e-04
5.845600000000010e-07,1.500000000000000e+00,1.500503161782932e+00,-1.490000741458169e-04
5.865600000000010e-07,1.500000000000000e+00,1.500503161781756e+00,-1.490000741325642e-04
5.885600000000011e-07,1.500000000000000e+00,1.500503161780446e+00,-1.490000741459094e-04
5.905600000000011e-07,1.500000000000000e+00,1.500503161779159e+00,-1.490000741193643e-04
5.925600000000012e-07,1.500000000000000e+00,1.500503161777840e+00,-1.490000741593028e-04
5.945600000000012e-07,1.500000000000000e+00,1.500503161776642e+00,-1.490000741194579e-04
5.965600000000013e-07,1.500000000000000e+00,1.500503161775633e+00,-1.490000741194954e-04
5.985600000000013e-07,1.500000000000000e+00,1.500503161774720e+00,-1.490000741328259e-04
6.005600000000013e-07,1.500000000000000e+00,1.500503161774068e+00,-1.490000741328502e-04
6.025600000000014e-07,1.500000000000000e+00,1.500503161773724e+00,-1.490000741328630e-04
6.045600000000014e-07,1.500000000000000e+00,1.500503161773705e+00,-1.490000741195672e-04
6.065600000000015e-07,1.500000000000000e+00,1.500503161774254e+00,-1.490000741461397e-04
6.085600000000015e-07,1.500000000000000e+00,1.500503161775219e+00,-1.490000741195109e-04
6.105600000000016e-07,1.500000000000000e+00,1.500503161776336e+00,-1.490000741460623e-04
6.125600000000016e-07,1.500000000000000e+00,1.500503161777670e+00,-1.490000741460127e-04
6.145600000000017e-07,1.500000000000000e+00,1.500503161779060e+00,-1.490000741326645e-04
6.165600000000017e-07,1.500000000000000e+00,1.500503161780369e+00,-1.490000741459122e-04
6.185600000000017e-07,1.500000000000000e+00,1.500503161781675e+00,-1.490000741325672e-04
6.205600000000018e-07,1.500000000000000e+00,1.500503161782791e+00,-1.490000741325257e-04
6.225600000000018e-07,1.500000000000000e+00,1.500503161783651e+00,-1.490000741191972e-04
6.245600000000019e-07,1.500000000000000e+00,1.500503161784375e+00,-1.490000741191703e-04
6.265600000000019e-07,1.500000000000000e+00,1.500503161785005e+00,-1.490000741191468e-04
6.285600000000020e-07,1.500000000000000e+00,1.500503161785598e+00,-1.490000741191247e-04
6.305600000000020e-07,1.500000000000000e+00,1.500503161785988e+00,-1.490000741191103e-04
6.325600000000021e-07,1.500000000000000e+00,1.500503161786236e+00,-1.490000741191010e-04
6.345600000000021e-07,1.500000000000000e+00,1.500503161786542e+00,-1.490000741190896e-04
6.365600000000021e-07,1.500000000000000e+00,1.500503161786704e+00,-1.490000741190836e-04
6.385600000000022e-07,1.500000000000000e+00,1.500503161786693e+00,-1.490000741190840e-04
6.405600000000022e-07,1.500000000000000e+00,1.500503161786624e+00,-1.490000741190866e-04
6.425600000000023e-07,1.500000000000000e+00,1.500503161786475e+00,-1.490000741190921e-04
6.445600000000023e-07,1.500000000000000e+00,1.500503161786328e+00,-1.490000741456906e-04
6.465600000000024e-07,1.500000000000000e+00,1.500503161786181e+00,-1.490000741323996e-04
6.485600000000024e-07,1.500000000000000e+00,1.500503161785880e+00,-1.490000741191143e-04
6.505600000000025e-07,1.500000000000000e+00,1.500503161785499e+00,-1.490000741324249e-04
6.525600000000025e-07,1.500000000000000e+00,1.500503161785167e+00,-1.490000741457338e-04
6.545600000000025e-07,1.500000000000000e+00,1.500503161784738e+00,-1.490000741191567e-04
6.565600000000026e-07,1.500000000000000e+00,1.500503161784138e+00,-1.490000741457720e-04
6.585600000000026e-07,1.500000000000000e+00,1.500503161783482e+00,-1.490000741590929e-04
6.605600000000027e-07,1.500000000000000e+00,1.500503161782769e+00,-1.490000741458230e-04
6.625600000000027e-07,1.500000000000000e+00,1.500503161782055e+00,-1.490000741458495e-04
6.645600000000028e-07,1.500000000000000e+00,1.500503161781548e+00,-1.490000741192754e-04
6.665600000000028e-07,1.500000000000000e+00,1.500503161781123e+00,-1.490000741325877e-04
6.685600000000029e-07,1.500000000000000e+00,1.500503161780687e+00,-1.490000741193074e-04
6.705600000000029e-07,1.500000000000000e+00,1.500503161780467e+00,-1.490000741193156e-04
6.725600000000029e-07,1.500000000000000e+00,1.500503161780502e+00,-1.490000741326108e-04
6.745600000000030e-07,1.500000000000000e+00,1.500503161780623e+00,-1.490000741459028e-04
6.765600000000030e-07,1.500000000000000e+00,1.500503161780813e+00,-1.490000741458957e-04
6.785600000000031e-07,1.500000000000000e+00,1.500503161780982e+00,-1.490000741458894e-04
6.805600000000031e-07,1.500000000000000e+00,1.500503161781013e+00,-1.490000741458883e-04
6.825600000000032e-07,1.500000000000000e+00,1.500503161780969e+00,-1.490000741458899e-04
6.845600000000032e-07,1.500000000000000e+00,1.500503161780826e+00,-1.490000741325988e-04
6.865600000000033e-07,1.500000000000000e+00,1.500503161780537e+00,-1.490000741193130e-04
6.885600000000033e-07,1.500000000000000e+00,1.500503161780272e+00,-1.490000741459159e-04
6.905600000000033e-07,1.500000000000000e+00,1.500503161779993e+00,-1.490000741193332e-04
6.925600000000034e-07,1.500000000000000e+00,1.500503161779549e+00,-1.490000741459427e-04
6.945600000000034e-07,1.500000000000000e+00,1.500503161779033e+00,-1.490000741459619e-04
6.965600000000035e-07,1.500000000000000e+00,1.500503161778390e+00,-1.490000741459859e-04
6.985600000000035e-07,1.500000000000000e+00,1.500503161777544e+00,-1.490000741460174e-04
7.005600000000036e-07,1.500000000000000e+00,1.500503161776670e+00,-1.490000741327534e-04
7.025600000000036e-07,1.500000000000000e+00,1.500503161775866e+00,-1.490000741460797e-04
7.045600000000037e-07,1.500000000000000e+00,1.500503161775134e+00,-1.490000741461069e-04
7.065600000000037e-07,1.500000000000000e+00,1.500503161774569e+00,-1.490000741195350e-04
7.085600000000037e-07,1.500000000000000e+00,1.500503161774174e+00,-1.490000741195497e-04
7.105600000000038e-07,1.500000000000000e+00,1.500503161773926e+00,-1.490000741195590e-04
7.125600000000038e-07,1.500000000000000e+00,1.500503161773962e+00,-1.490000741461506e-04
7.145600000000039e-07,1.500000000000000e+00,1.500503161774242e+00,-1.490000741195472e-04
7.165600000000039e-07,1.500000000000000e+00,1.500503161774596e+00,-1.490000741195340e-04
7.185600000000040e-07,1.500000000000000e+00,1.500503161775161e+00,-1.490000741461060e-04
7.205600000000040e-07,1.500000000000000e+00,1.500503161775975e+00,-1.490000741194827e-04
7.225600000000041e-07,1.500000000000000e+00,1.500503161776719e+00,-1.490000741460480e-04
7.245600000000041e-07,1.500000000000000e+00,1.500503161777426e+00,-1.490000741327253e-04
7.265600000000041e-07,1.500000000000000e+00,1.500503161778372e+00,-1.490000741193936e-04
7.285600000000042e-07,1.500000000000000e+00,1.500503161779371e+00,-1.490000741193564e-04
7.305600000000042e-07,1.500000000000000e+00,1.500503161780178e+00,-1.490000741459193e-04
7.325600000000043e-07,1.500000000000000e+00,1.500503161780874e+00,-1.490000741458935e-04
7.345600000000043e-07,1.500000000000000e+00,1.500503161781492e+00,-1.490000741325740e-04
7.365600000000044e-07,1.500000000000000e+00,1.500503161781954e+00,-1.490000741458533e-04
7.385600000000044e-07,1.500000000000000e+00,1.500503161782380e+00,-1.490000741458374e-04
7.405600000000045e-07,1.500000000000000e+00,1.500503161782735e+00,-1.490000741192313e-04
7.425600000000045e-07,1.500000000000000e+00,1.500503161782919e+00,-1.490000741325209e-04
7.445600000000045e-07,1.500000000000000e+00,1.500503161783124e+00,-1.490000741192168e-04
7.465600000000046e-07,1.500000000000000e+00,1.500503161783292e+00,-1.490000741192105e-04
7.485600000000046e-07,1.500000000000000e+00,1.500503161783396e+00,-1.490000741457997e-04
7.505600000000047e-07,1.500000000000000e+00,1.500503161783549e+00,-1.490000741192010e-04
7.525600000000047e-07,1.500000000000000e+00,1.500503161783602e+00,-1.490000741191990e-04
7.545600000000048e-07,1.500000000000000e+00,1.500503161783521e+00,-1.490000741324985e-04
7.565600000000048e-07,1.500000000000000e+00,1.500503161783485e+00,-1.490000741324999e-04
7.585600000000049e-07,1.500000000000000e+00,1.500503161783362e+00,-1.490000741458009e-04
7.605600000000049e-07,1.500000000000000e+00,1.500503161782965e+00,-1.490000741325192e-04
7.625600000000049e-07,1.500000000000000e+00,1.500503161782519e+00,-1.490000741458322e-04
7.645600000000050e-07,1.500000000000000e+00,1.500503161782023e+00,-1.490000741325543e-04
7.665600000000050e-07,1.500000000000000e+00,1.500503161781388e+00,-1.490000741192813e-04
7.685600000000051e-07,1.500000000000000e+00,1.500503161780927e+00,-1.490000741458915e-04
7.705600000000051e-07,1.500000000000000e+00,1.500503161780545e+00,-1.490000741326092e-04
7.725600000000052e-07,1.500000000000000e+00,1.500503161780143e+00,-1.490000741193277e-04
7.745600000000052e-07,1.500000000000000e+00,1.500503161780073e+00,-1.490000741193303e-04
7.765600000000053e-07,1.500000000000000e+00,1.500503161780206e+00,-1.490000741459183e-04
7.785600000000053e-07,1.500000000000000e+00,1.500503161780282e+00,-1.490000741193225e-04
7.805600000000053e-07,1.500000000000000e+00,1.500503161780562e+00,-1.490000741459051e-04
7.825600000000054e-07,1.500000000000000e+00,1.500503161780916e+00,-1.490000741192989e-04
7.845600000000054e-07,1.500000000000000e+00,1.500503161780914e+00,-1.490000741192990e-04
7.865600000000055e-07,1.500000000000000e+00,1.500503161780790e+00,-1.490000741326001e-04
7.885600000000055e-07,1.500000000000000e+00,1.500503161780835e+00,-1.490000741458949e-04
7.905600000000056e-07,1.500000000000000e+00,1.500503161780811e+00,-1.490000741591923e-04
7.925600000000056e-07,1.500000000000000e+00,1.500503161780597e+00,-1.490000741326073e-04
7.945600000000057e-07,1.500000000000000e+00,1.500503161780352e+00,-1.490000741193199e-04
7.965600000000057e-07,1.500000000000000e+00,1.500503161780099e+00,-1.490000741326258e-04
7.985600000000057e-07,1.500000000000000e+00,1.500503161779845e+00,-1.490000741326352e-04
8.005600000000058e-07,1.500000000000000e+00,1.500503161779766e+00,-1.490000741193417e-04
8.025600000000058e-07,1.500000000000000e+00,1.500503161779755e+00,-1.490000741326386e-04
8.045600000000059e-07,1.500000000000000e+00,1.500503161779631e+00,-1.490000741326432e-04
8.065600000000059e-07,1.500000000000000e+00,1.500503161779656e+00,-1.490000741193458e-04
8.085600000000060e-07,1.500000000000000e+00,1.500503161779808e+00,-1.490000741326366e-04
8.105600000000060e-07,1.500000000000000e+00,1.500503161779860e+00,-1.490000741459312e-04
8.125600000000061e-07,1.500000000000000e+00,1.500503161779883e+00,-1.490000741193374e-04
8.145600000000061e-07,1.500000000000000e+00,1.500503161779817e+00,-1.490000741193398e-04
8.165600000000061e-07,1.500000000000000e+00,1.500503161779680e+00,-1.490000741459379e-04
8.185600000000062e-07,1.500000000000000e+00,1.500503161779654e+00,-1.490000741459389e-04
8.205600000000062e-07,1.500000000000000e+00,1.500503161779499e+00,-1.490000741193516e-04
8.225600000000063e-07,1.500000000000000e+00,1.500503161779092e+00,-1.490000741193668e-04
8.245600000000063e-07,1.500000000000000e+00,1.500503161778883e+00,-1.490000741459675e-04
8.265600000000064e-07,1.500000000000000e+00,1.500503161778826e+00,-1.490000741459696e-04
8.285600000000064e-07,1.500000000000000e+00,1.500503161778525e+00,-1.490000741326844e-04
8.305600000000065e-07,1.500000000000000e+00,1.500503161778272e+00,-1.490000741193973e-04
8.325600000000065e-07,1.500000000000000e+00,1.500503161778249e+00,-1.490000741459911e-04
8.345600000000065e-07,1.500000000000000e+00,1.500503161778300e+00,-1.490000741193963e-04
8.365600000000066e-07,1.500000000000000e+00,1.500503161778578e+00,-1.490000741193859e-04
8.385600000000066e-07,1.500000000000000e+00,1.500503161779020e+00,-1.490000741193695e-04
8.405600000000067e-07,1.500000000000000e+00,1.500503161779532e+00,-1.490000741459434e-04
8.425600000000067e-07,1.500000000000000e+00,1.500503161780299e+00,-1.490000741193219e-04
8.445600000000068e-07,1.500000000000000e+00,1.500503161781199e+00,-1.490000741192884e-04
8.465600000000068e-07,1.500000000000000e+00,1.500503161782053e+00,-1.490000741591461e-04
8.485600000000069e-07,1.500000000000000e+00,1.500503161782911e+00,-1.490000741458177e-04
8.505600000000069e-07,1.500000000000000e+00,1.500503161783563e+00,-1.490000741192005e-04
8.525600000000069e-07,1.500000000000000e+00,1.500503161783941e+00,-1.490000741324829e-04
8.545600000000070e-07,1.500000000000000e+00,1.500503161784280e+00,-1.490000741457667e-04
8.565600000000070e-07,1.500000000000000e+00,1.500503161784501e+00,-1.490000741324621e-04
8.585600000000071e-07,1.500000000000000e+00,1.500503161784414e+00,-1.490000741457618e-04
8.605600000000071e-07,1.500000000000000e+00,1.500503161784029e+00,-1.490000741457761e-04
8.625600000000072e-07,1.500000000000000e+00,1.500503161783443e+00,-1.490000741457979e-04
8.645600000000072e-07,1.500000000000000e+00,1.500503161782758e+00,-1.490000741458234e-04
8.665600000000073e-07,1.500000000000000e+00,1.500503161781965e+00,-1.490000741192599e-04
8.685600000000073e-07,1.500000000000000e+00,1.500503161781005e+00,-1.490000741458886e-04
8.705600000000073e-07,1.500000000000000e+00,1.500503161779993e+00,-1.490000741459262e-04
8.725600000000074e-07,1.500000000000000e+00,1.500503161779161e+00,-1.490000741193642e-04
8.745600000000074e-07,1.500000000000000e+00,1.500503161778584e+00,-1.490000741193857e-04
8.765600000000075e-07,1.500000000000000e+00,1.500503161778318e+00,-1.490000741193955e-04
8.785600000000075e-07,1.500000000000000e+00,1.500503161778524e+00,-1.490000741193879e-04
8.805600000000076e-07,1.500000000000000e+00,1.500503161778992e+00,-1.490000741193705e-04
8.825600000000076e-07,1.500000000000000e+00,1.500503161779539e+00,-1.490000741193502e-04
8.845600000000077e-07,1.500000000000000e+00,1.500503161780440e+00,-1.490000741193166e-04
8.865600000000077e-07,1.500000000000000e+00,1.500503161781505e+00,-1.490000741325735e-04
8.885600000000077e-07,1.500000000000000e+00,1.500503161782198e+00,-1.490000741325477e-04
8.905600000000078e-07,1.500000000000000e+00,1.500503161782630e+00,-1.490000741325316e-04
8.925600000000078e-07,1.500000000000000e+00,1.500503161782986e+00,-1.490000741458149e-04
8.945600000000079e-07,1.500000000000000e+00,1.500503161783048e+00,-1.490000741325161e-04
8.965600000000079e-07,1.500000000000000e+00,1.500503161782824e+00,-1.490000741192280e-04
8.985600000000080e-07,1.500000000000000e+00,1.500503161782486e+00,-1.490000741458335e-04
9.005600000000080e-07,1.500000000000000e+00,1.500503161781925e+00,-1.490000741458543e-04
9.025600000000081e-07,1.500000000000000e+00,1.500503161781206e+00,-1.490000741325846e-04
9.045600000000081e-07,1.500000000000000e+00,1.500503161780598e+00,-1.490000741193107e-04
9.065600000000081e-07,1.500000000000000e+00,1.500503161780166e+00,-1.490000741459198e-04
9.085600000000082e-07,1.500000000000000e+00,1.500503161779826e+00,-1.490000741193395e-04
9.105600000000082e-07,1.500000000000000e+00,1.500503161779559e+00,-1.490000741326459e-04
9.125600000000083e-07,1.500000000000000e+00,1.500503161779347e+00,-1.490000741459502e-04
9.145600000000083e-07,1.500000000000000e+00,1.500503161779070e+00,-1.490000741326641e-04
9.165600000000084e-07,1.500000000000000e+00,1.500503161778793e+00,-1.490000741193779e-04
9.185600000000084e-07,1.500000000000000e+00,1.500503161778661e+00,-1.490000741326793e-04
9.205600000000084e-07,1.500000000000000e+00,1.500503161778700e+00,-1.490000741326779e-04
9.225600000000085e-07,1.500000000000000e+00,1.500503161778866e+00,-1.490000741193752e-04
9.245600000000085e-07,1.500000000000000e+00,1.500503161779024e+00,-1.490000741326658e-04
9.265600000000086e-07,1.500000000000000e+00,1.500503161779149e+00,-1.490000741459576e-04
9.285600000000086e-07,1.500000000000000e+00,1.500503161779382e+00,-1.490000741193560e-04
9.305600000000087e-07,1.500000000000000e+00,1.500503161779532e+00,-1.490000741459434e-04
9.325600000000087e-07,1.500000000000000e+00,1.500503161779571e+00,-1.490000741459419e-04
9.345600000000088e-07,1.500000000000000e+00,1.500503161779847e+00,-1.490000741459317e-04
9.365600000000088e-07,1.500000000000000e+00,1.500503161780200e+00,-1.490000741326220e-04
9.385600000000088e-07,1.500000000000000e+00,1.500503161780261e+00,-1.490000741193233e-04
9.405600000000089e-07,1.500000000000000e+00,1.500503161780188e+00,-1.490000741326225e-04
9.425600000000089e-07,1.500000000000000e+00,1.500503161780104e+00,-1.490000741459221e-04
9.445600000000090e-07,1.500000000000000e+00,1.500503161779747e+00,-1.490000741326389e-04
9.465600000000090e-07,1.500000000000000e+00,1.500503161779250e+00,-1.490000741326574e-04
9.485600000000091e-07,1.500000000000000e+00,1.500503161778852e+00,-1.490000741459687e-04
9.505600000000091e-07,1.500000000000000e+00,1.500503161778364e+00,-1.490000741592833e-04
9.525600000000092e-07,1.500000000000000e+00,1.500503161777658e+00,-1.490000741327166e-04
9.545600000000092e-07,1.500000000000000e+00,1.500503161776879e+00,-1.490000741460421e-04
9.565600000000091e-07,1.500000000000000e+00,1.500503161776177e+00,-1.490000741194752e-04
9.585600000000091e-07,1.500000000000000e+00,1.500503161775716e+00,-1.490000741194924e-04
9.605600000000090e-07,1.500000000000000e+00,1.500503161775566e+00,-1.490000741194979e-04
9.625600000000090e-07,1.500000000000000e+00,1.500503161775653e+00,-1.490000741327912e-04
9.645600000000089e-07,1.500000000000000e+00,1.500503161776058e+00,-1.490000741460726e-04
9.665600000000088e-07,1.500000000000000e+00,1.500503161776785e+00,-1.490000741194526e-04
9.685600000000088e-07,1.500000000000000e+00,1.500503161777623e+00,-1.490000741460144e-04
9.705600000000087e-07,1.500000000000000e+00,1.500503161778551e+00,-1.490000741459799e-04
9.725600000000087e-07,1.500000000000000e+00,1.500503161779636e+00,-1.490000741193465e-04
9.745600000000086e-07,1.500000000000000e+00,1.500503161780667e+00,-1.490000741459012e-04
9.765600000000085e-07,1.500000000000000e+00,1.500503161781526e+00,-1.490000741458692e-04
9.785600000000085e-07,1.500000000000000e+00,1.500503161782223e+00,-1.490000741192503e-04
9.805600000000084e-07,1.500000000000000e+00,1.500503161782716e+00,-1.490000741458249e-04
9.825600000000083e-07,1.500000000000000e+00,1.500503161783083e+00,-1.490000741458113e-04
9.845600000000083e-07,1.500000000000000e+00,1.500503161783198e+00,-1.490000741325105e-04
9.865600000000082e-07,1.500000000000000e+00,1.500503161782963e+00,-1.490000741458158e-04
9.885600000000082e-07,1.500000000000000e+00,1.500503161782636e+00,-1.490000741458279e-04
9.905600000000081e-07,1.500000000000000e+00,1.500503161782232e+00,-1.490000741325464e-04
9.925600000000080e-07,1.500000000000000e+00,1.500503161781583e+00,-1.490000741192741e-04
9.945600000000080e-07,1.500000000000000e+00,1.500503161780874e+00,-1.490000741458935e-04
9.965600000000079e-07,1.500000000000000e+00,1.500503161780211e+00,-1.490000741193251e-04
9.985600000000079e-07,1.500000000000000e+00,1.500503161779400e+00,-1.490000741193553e-04
1.000000000000000e-06,1.500000000000000e+00,1.500503161772120e+00,-1.490000742062097e-04
1.000100000000000e-06,1.500010000000000e+00,1.500503208961180e+00,-1.489885407604765e-04
1.000300000000000e-06,1.500030000000000e+00,1.500503341797649e+00,-1.489772111794490e-04
1.000700000000000e-06,1.500070000000000e+00,1.500503641215037e+00,-1.489786635496215e-04
1.001000000000000e-06,1.500100000000000e+00,1.500503834264881e+00,-1.489776887014656e-04
1.001080000000000e-06,1.500100000000000e+00,1.500503849852493e+00,-1.489877567863717e-04
1.001240000000000e-06,1.500100000000000e+00,1.500503844189333e+00,-1.489990715113126e-04
1.001560000000000e-06,1.500100000000000e+00,1.500503770866506e+00,-1.489987877000934e-04
1.002200000000000e-06,1.500100000000000e+00,1.500503622174326e+00,-1.489984930894457e-04
1.003480000000000e-06,1.500100000000000e+00,1.500503257518308e+00,-1.489988756718037e-04
1.005480000000000e-06,1.500100000000000e+00,1.500502655476672e+00,-1.489986245558527e-04
1.007480000000000e-06,1.500100000000000e+00,1.500502186875171e+00,-1.489994403616189e-04
1.009480000000000e-06,1.500100000000000e+00,1.500502086363713e+00,-1.489995447948421e-04
1.011480000000000e-06,1.500100000000000e+00,1.500502546780559e+00,-1.490006985696676e-04
1.013480000000000e-06,1.500100000000000e+00,1.500503730238889e+00,-1.490009788607404e-04
1.015480000000000e-06,1.500100000000000e+00,1.500505730920913e+00,-1.490022129046093e-04
1.017480000000000e-06,1.500100000000000e+00,1.500508594298112e+00,-1.490024351852073e-04
1.019480000000000e-06,1.500100000000000e+00,1.500512295493423e+00,-1.490035158214142e-04
1.021480000000000e-06,1.500100000000000e+00,1.500516760344435e+00,-1.490035125486625e-04
1.023480000000000e-06,1.500100000000000e+00,1.500521855315512e+00,-1.490043176509389e-04
1.025480000000000e-06,1.500100000000000e+00,1.500527410733789e+00,-1.490040494983909e-04
1.027480000000000e-06,1.500100000000000e+00,1.500533220514353e+00,-1.490045940720483e-04
1.029480000000000e-06,1.500100000000000e+00,1.500539066738778e+00,-1.490041408912211e-04
1.031479999999999e-06,1.500100000000000e+00,1.500544725616372e+00,-1.490045364268919e-04
1.033479999999999e-06,1.500100000000000e+00,1.500549990356563e+00,-1.490040375699129e-04
1.035479999999999e-06,1.500100000000000e+00,1.500554678438949e+00,-1.490044227869150e-04
1.037479999999999e-06,1.500100000000000e+00,1.500558649015711e+00,-1.490040103787674e-04
1.039479999999999e-06,1.500100000000000e+00,1.500561807009277e+00,-1.490044920174857e-04
1.041479999999999e-06,1.500100000000000e+00,1.500564112210800e+00,-1.490042441288163e-04
1.043479999999999e-06,1.500100000000000e+00,1.500565577489862e+00,-1.490048640595069e-04
1.045479999999999e-06,1.500100000000000e+00,1.500566268781000e+00,-1.490047875116635e-04
1.047479999999999e-06,1.500100000000000e+00,1.500566297066517e+00,-1.490055181119342e-04
1.049479999999999e-06,1.500100000000000e+00,1.500565810673544e+00,-1.490055557644237e-04
1.051479999999999e-06,1.500100000000000e+00,1.500564982909434e+00,-1.490063170521354e-04
1.053479999999999e-06,1.500100000000000e+00,1.500563999806990e+00,-1.490063725701084e-04
1.055479999999999e-06,1.500100000000000e+00,1.500563046653277e+00,-1.490070618812464e-04
1.057479999999999e-06,1.500100000000000e+00,1.500562295138536e+00,-1.490070322763930e-04
1.059479999999999e-06,1.500100000000000e+00,1.500561892362245e+00,-1.490075566609831e-04
1.061479999999999e-06,1.500100000000000e+00,1.500561950984753e+00,-1.490073631970269e-04
1.063479999999998e-06,1.500100000000000e+00,1.500562543536495e+00,-1.490076664399086e-04
1.065479999999998e-06,1.500100000000000e+00,1.500563697963847e+00,-1.490072760724092e-04
1.067479999999998e-06,1.500100000000000e+00,1.500565398565939e+00,-1.490073532624089e-04
1.069479999999998e-06,1.500100000000000e+00,1.500567587564823e+00,-1.490067859801077e-04
1.071479999999998e-06,1.500100000000000e+00,1.500570172212590e+00,-1.490066835311242e-04
1.073479999999998e-06,1.500100000000000e+00,1.500573031238776e+00,-1.490060049637623e-04
1.075479999999998e-06,1.500100000000000e+00,1.500576026092790e+00,-1.490058059075908e-04
1.077479999999998e-06,1.500100000000000e+00,1.500579009831278e+00,-1.490051074632758e-04
1.079479999999998e-06,1.500100000000000e+00,1.500581839543452e+00,-1.490049083008756e-04
1.081479999999998e-06,1.500100000000000e+00,1.500584384670044e+00,-1.490042815656704e-04
1.083479999999998e-06,1.500100000000000e+00,1.500586537635928e+00,-1.490041664145439e-04
1.085479999999998e-06,1.500100000000000e+00,1.500588218916561e+00,-1.490036793422764e-04
1.087479999999998e-06,1.500100000000000e+00,1.500589383561678e+00,-1.490036989508517e-04
1.089479999999998e-06,1.500100000000000e+00,1.500590021420721e+00,-1.490033794826471e-04
1.091479999999998e-06,1.500100000000000e+00,1.500590158562126e+00,-1.490035408531275e-04
1.093479999999998e-06,1.500100000000000e+00,1.500589852413949e+00,-1.490033725794244e-04
1.095479999999997e-06,1.500100000000000e+00,1.500589188566506e+00,-1.490036406926985e-04
1.097479999999997e-06,1.500100000000000e+00,1.500588272010575e+00,-1.490035705964429e-04
1.099479999999997e-06,1.500100000000000e+00,1.500587220982023e+00,-1.490038816201546e-04
1.101479999999997e-06,1.500100000000000e+00,1.500586156435309e+00,-1.490038372263790e-04
1.103479999999997e-06,1.500100000000000e+00,1.500585195340376e+00,-1.490041179792601e-04
1.105479999999997e-06,1.500100000000000e+00,1.500584440861366e+00,-1.490040284643347e-04
1.107479999999997e-06,1.500100000000000e+00,1.500583977429697e+00,-1.490042177069029e-04
1.109479999999997e-06,1.500100000000000e+00,1.500583863776157e+00,-1.490040329650411e-04
1.111479999999997e-06,1.500100000000000e+00,1.500584131508369e+00,-1.490040970803826e-04
1.113479999999997e-06,1.500100000000000e+00,1.500584782174473e+00,-1.490037999126489e-04
1.115479999999997e-06,1.500100000000000e+00,1.500585789953286e+00,-1.490037407642550e-04
1.117479999999997e-06,1.500100000000000e+00,1.500587102819852e+00,-1.490033492232197e-04
1.119479999999997e-06,1.500100000000000e+00,1.500588648824712e+00,-1.490032011110443e-04
1.121479999999997e-06,1.500100000000000e+00,1.500590340262507e+00,-1.490027610230249e-04
1.123479999999997e-06,1.500100000000000e+00,1.500592082033216e+00,-1.490025794610600e-04
1.125479999999997e-06,1.500100000000000e+00,1.500593777066250e+00,-1.490021500227515e-04
1.127479999999996e-06,1.500100000000000e+00,1.500595334782955e+00,-1.490019952388545e-04
1.129479999999996e-06,1.500100000000000e+00,1.500596675751543e+00,-1.490016319047208e-04
1.131479999999996e-06,1.500100000000000e+00,1.500597738415688e+00,-1.490015523920863e-04
1.133479999999996e-06,1.500100000000000e+00,1.500598481351298e+00,-1.490012919739964e-04
1.135479999999996e-06,1.500100000000000e+00,1.500598886940874e+00,-1.490013120955446e-04
1.137479999999996e-06,1.500100000000000e+00,1.500598960379751e+00,-1.490011639134223e-04
1.139479999999996e-06,1.500100000000000e+00,1.500598729939999e+00,-1.490012792031633e-04
1.141479999999996e-06,1.500100000000000e+00,1.500598242838320e+00,-1.490012243118771e-04
1.143479999999996e-06,1.500100000000000e+00,1.500597562608843e+00,-1.490014044932439e-04
1.145479999999996e-06,1.500100000000000e+00,1.500596762778600e+00,-1.490014027069055e-04
1.147479999999996e-06,1.500100000000000e+00,1.500595922656899e+00,-1.490016019065577e-04
1.149479999999996e-06,1.500100000000000e+00,1.500595120322811e+00,-1.490016040826375e-04
1.151479999999996e-06,1.500100000000000e+00,1.500594428450621e+00,-1.490017743524357e-04
1.153479999999996e-06,1.500100000000000e+00,1.500593908185245e+00,-1.490017358793952e-04
1.155479999999996e-06,1.500100000000000e+00,1.500593606463579e+00,-1.490018402450432e-04
1.157479999999996e-06,1.500100000000000e+00,1.500593552080745e+00,-1.490017331969545e-04
1.159479999999996e-06,1.500100000000000e+00,1.500593755456660e+00,-1.490017551896526e-04
1.161479999999995e-06,1.500100000000000e+00,1.500594207454401e+00,-1.490015741907496e-04
1.163479999999995e-06,1.500100000000000e+00,1.500594881831562e+00,-1.490015205968910e-04
1.165479999999995e-06,1.500100000000000e+00,1.500595736624569e+00,-1.490012829697900e-04
1.167479999999995e-06,1.500100000000000e+00,1.500596718723742e+00,-1.490011805791335e-04
1.169479999999995e-06,1.500100000000000e+00,1.500597766982298e+00,-1.490009194936943e-04
1.171479999999995e-06,1.500100000000000e+00,1.500598817819689e+00,-1.490008065548528e-04
1.173479999999995e-06,1.500100000000000e+00,1.500599808812680e+00,-1.490005613747984e-04
1.175479999999995e-06,1.500100000000000e+00,1.500600684020985e+00,-1.490004760574201e-04
1.177479999999995e-06,1.500100000000000e+00,1.500601396750772e+00,-1.490002807456512e-04
1.179479999999995e-06,1.500100000000000e+00,1.500601913454611e+00,-1.490002510870159e-04
1.181479999999995e-06,1.500100000000000e+00,1.500602214733818e+00,-1.490001253969661e-04
1.183479999999995e-06,1.500100000000000e+00,1.500602297107433e+00,-1.490001624349489e-04
1.185479999999995e-06,1.500100000000000e+00,1.500602171824940e+00,-1.490001074074112e-04
1.187479999999995e-06,1.500100000000000e+00,1.500601864431208e+00,-1.490002031418911e-04
1.189479999999995e-06,1.500100000000000e+00,1.500601411647255e+00,-1.490002020613616e-04
1.191479999999995e-06,1.500100000000000e+00,1.500600859218728e+00,-1.490003330517963e-04
1.193479999999994e-06,1.500100000000000e+00,1.500600257591503e+00,-1.490003571470059e-04
1.195479999999994e-06,1.500100000000000e+00,1.500599658997472e+00,-1.490004920353774e-04
1.197479999999994e-06,1.500100000000000e+00,1.500599112962205e+00,-1.490005089700646e-04
1.199479999999994e-06,1.500100000000000e+00,1.500598663682212e+00,-1.490006172956467e-04
1.201479999999994e-06,1.500100000000000e+00,1.500598346375287e+00,-1.490006001261197e-04
1.203479999999994e-06,1.500100000000000e+00,1.500598185852940e+00,-1.490006607725514e-04
1.205479999999994e-06,1.500100000000000e+00,1.500598194443202e+00,-1.490005949013234e-04
1.207479999999994e-06,1.500100000000000e+00,1.500598372263917e+00,-1.490006010378918e-04
1.209479999999994e-06,1.500100000000000e+00,1.500598706981203e+00,-1.490004871478304e-04
1.211479999999994e-06,1.500100000000000e+00,1.500599175781633e+00,-1.490004469852030e-04
1.213479999999994e-06,1.500100000000000e+00,1.500599746695631e+00,-1.490002998167196e-04
1.215479999999994e-06,1.500100000000000e+00,1.500600381822834e+00,-1.490002336418325e-04
1.217479999999994e-06,1.500100000000000e+00,1.500601039583699e+00,-1.490000768471178e-04
1.219479999999994e-06,1.500100000000000e+00,1.500601678388478e+00,-1.490000104423529e-04
1.221479999999994e-06,1.500100000000000e+00,1.500602258972382e+00,-1.489998696288839e-04
1.223479999999994e-06,1.500100000000000e+00,1.500602747656682e+00,-1.489998268517907e-04
1.225479999999993e-06,1.500100000000000e+00,1.500603117954414e+00,-1.489997223817316e-04
1.227479999999993e-06,1.500100000000000e+00,1.500603352750076e+00,-1.489997191390042e-04
1.229479999999993e-06,1.500100000000000e+00,1.500603444630092e+00,-1.489996608465549e-04
1.231479999999993e-06,1.500100000000000e+00,1.500603396596909e+00,-1.489997009538179e-04
1.233479999999993e-06,1.500100000000000e+00,1.500603220976801e+00,-1.489996863851955e-04
1.235479999999993e-06,1.500100000000000e+00,1.500602938740258e+00,-1.489997615582378e-04
1.237479999999993e-06,1.500100000000000e+00,1.500602577226586e+00,-1.489997772533102e-04
1.239479999999993e-06,1.500100000000000e+00,1.500602168501684e+00,-1.489998702153424e-04
1.241479999999993e-06,1.500100000000000e+00,1.500601746450905e+00,-1.489998959806719e-04
1.243479999999993e-06,1.500100000000000e+00,1.500601344811765e+00,-1.489999857273005e-04
1.245479999999993e-06,1.500100000000000e+00,1.500600994357357e+00,-1.490000009577928e-04
1.247479999999993e-06,1.500100000000000e+00,1.500600721281744e+00,-1.490000685700650e-04
1.249479999999993e-06,1.500100000000000e+00,1.500600545086241e+00,-1.490000574134509e-04
1.251479999999993e-06,1.500100000000000e+00,1.500600477889152e+00,-1.490000913460130e-04
1.253479999999993e-06,1.500100000000000e+00,1.500600523404491e+00,-1.490000467185306e-04
1.255479999999993e-06,1.500100000000000e+00,1.500600677398615e+00,-1.490000452449707e-04
1.257479999999992e-06,1.500100000000000e+00,1.500600927862018e+00,-1.489999703231050e-04
1.259479999999992e-06,1.500100000000000e+00,1.500601256535486e+00,-1.489999412235220e-04
1.261479999999992e-06,1.500100000000000e+00,1.500601640024182e+00,-1.489998476046744e-04
1.263479999999992e-06,1.500100000000000e+00,1.500602051999466e+00,-1.489998055270533e-04
1.265479999999992e-06,1.500100000000000e+00,1.500602464794364e+00,-1.489997097410273e-04
1.267479999999992e-06,1.500100000000000e+00,1.500602851759012e+00,-1.489996718381208e-04
1.269479999999992e-06,1.500100000000000e+00,1.500603188745608e+00,-1.489995900411406e-04
1.271479999999992e-06,1.500100000000000e+00,1.500603456066381e+00,-1.489995709756713e-04
1.273479999999992e-06,1.500100000000000e+00,1.500603639373293e+00,-1.489995150927926e-04
1.275479999999992e-06,1.500100000000000e+00,1.500603730832388e+00,-1.489995232984336e-04
1.277479999999992e-06,1.500100000000000e+00,1.500603729109796e+00,-1.489994977933689e-04
1.279479999999992e-06,1.500100000000000e+00,1.500603639554470e+00,-1.489995335814657e-04
1.281479999999992e-06,1.500100000000000e+00,1.500603473283702e+00,-1.489995346607300e-04
1.283479999999992e-06,1.500100000000000e+00,1.500603246510352e+00,-1.489995908441668e-04
1.285479999999992e-06,1.500100000000000e+00,1.500602978912568e+00,-1.489996081781009e-04
1.287479999999992e-06,1.500100000000000e+00,1.500602692440569e+00,-1.489996722731671e-04
1.289479999999992e-06,1.500100000000000e+00,1.500602409401572e+00,-1.489996923621235e-04
1.291479999999991e-06,1.500100000000000e+00,1.500602151154686e+00,-1.489997506603965e-04
1.293479999999991e-06,1.500100000000000e+00,1.500601936373632e+00,-1.489997602589231e-04
1.295479999999991e-06,1.500100000000000e+00,1.500601780111928e+00,-1.489998014536611e-04
1.297479999999991e-06,1.500100000000000e+00,1.500601692597434e+00,-1.489997915322993e-04
1.299479999999991e-06,1.500100000000000e+00,1.500601678946040e+00,-1.489998095515909e-04
1.301479999999991e-06,1.500100000000000e+00,1.500601738730467e+00,-1.489997773307933e-04
1.303479999999991e-06,1.500100000000000e+00,1.500601866460412e+00,-1.489997727522147e-04
1.305479999999991e-06,1.500100000000000e+00,1.500602051897348e+00,-1.489997220422133e-04
1.307479999999991e-06,1.500100000000000e+00,1.500602281184462e+00,-1.489997015195190e-04
1.309479999999991e-06,1.500100000000000e+00,1.500602537715857e+00,-1.489996409182860e-04
1.311479999999991e-06,1.500100000000000e+00,1.500602803630224e+00,-1.489996147117345e-04
1.313479999999991e-06,1.500100000000000e+00,1.500603060892871e+00,-1.489995554661342e-04
1.315479999999991e-06,1.500100000000000e+00,1.500603292786489e+00,-1.489995347932946e-04
1.317479999999991e-06,1.500100000000000e+00,1.500603484820284e+00,-1.489994870024601e-04
1.319479999999991e-06,1.500100000000000e+00,1.500603625888961e+00,-1.489994805182657e-04
1.321479999999991e-06,1.500100000000000e+00,1.500603708725984e+00,-1.489994508970199e-04
1.323479999999990e-06,1.500100000000000e+00,1.500603730483800e+00,-1.489994628256838e-04
1.325479999999990e-06,1.500100000000000e+00,1.500603692578482e+00,-1.489994527475614e-04
1.327479999999990e-06,1.500100000000000e+00,1.500603600641389e+00,-1.489994819494215e-04
1.329479999999990e-06,1.500100000000000e+00,1.500603463776318e+00,-1.489994877852757e-04
1.331479999999990e-06,1.500100000000000e+00,1.500603293993348e+00,-1.489995283660870e-04
1.333479999999990e-06,1.500100000000000e+00,1.500603105075329e+00,-1.489995424540927e-04
1.335479999999990e-06,1.500100000000000e+00,1.500602911725490e+00,-1.489995858129668e-04
1.337479999999990e-06,1.500100000000000e+00,1.500602728334684e+00,-1.489995991502095e-04
1.339479999999990e-06,1.500100000000000e+00,1.500602568148131e+00,-1.489996364089267e-04
1.341479999999990e-06,1.500100000000000e+00,1.500602442206524e+00,-1.489996408013125e-04
1.343479999999990e-06,1.500100000000000e+00,1.500602358814442e+00,-1.489996652841693e-04
1.345479999999990e-06,1.500100000000000e+00,1.500602322890447e+00,-1.489996558902432e-04
1.347479999999990e-06,1.500100000000000e+00,1.500602335902221e+00,-1.489996648467230e-04
1.349479999999990e-06,1.500100000000000e+00,1.500602395728645e+00,-1.489996409346672e-04
1.351479999999990e-06,1.500100000000000e+00,1.500602497089101e+00,-1.489996358478021e-04
1.353479999999990e-06,1.500100000000000e+00,1.500602631882342e+00,-1.489996009564161e-04
1.355479999999989e-06,1.500100000000000e+00,1.500602789993484e+00,-1.489995869506781e-04
1.357479999999989e-06,1.500100000000000e+00,1.500602959935877e+00,-1.489995473744693e-04
1.359479999999989e-06,1.500100000000000e+00,1.500603129854045e+00,-1.489995315599831e-04
1.361479999999989e-06,1.500100000000000e+00,1.500603288226287e+00,-1.489994947144652e-04
1.363479999999989e-06,1.500100000000000e+00,1.500603424796703e+00,-1.489994842358015e-04
1.365479999999989e-06,1.500100000000000e+00,1.500603531121834e+00,-1.489994562006703e-04
1.367479999999989e-06,1.500100000000000e+00,1.500603601233772e+00,-1.489994560790156e-04
1.369479999999989e-06,1.500100000000000e+00,1.500603631842942e+00,-1.489994405402887e-04
1.371479999999989e-06,1.500100000000000e+00,1.500603622597471e+00,-1.489994526250090e-04
1.373479999999989e-06,1.500100000000000e+00,1.500603575890129e+00,-1.489994495092603e-04
1.375479999999989e-06,1.500100000000000e+00,1.500603496711203e+00,-1.489994720935519e-04
1.377479999999989e-06,1.500100000000000e+00,1.500603392084840e+00,-1.489994783124386e-04
1.379479999999989e-06,1.500100000000000e+00,1.500603270623378e+00,-1.489995069505164e-04
1.381479999999989e-06,1.500100000000000e+00,1.500603141749579e+00,-1.489995169035364e-04
1.383479999999989e-06,1.500100000000000e+00,1.500603015120211e+00,-1.489995457604485e-04
1.385479999999989e-06,1.500100000000000e+00,1.500602899826637e+00,-1.489995535994221e-04
1.387479999999988e-06,1.500100000000000e+00,1.500602803887470e+00,-1.489995770864050e-04
1.389479999999988e-06,1.500100000000000e+00,1.500602733616407e+00,-1.489995779718787e-04
1.391479999999988e-06,1.500100000000000e+00,1.500602693340512e+00,-1.489995923145098e-04
1.393479999999988e-06,1.500100000000000e+00,1.500602685073740e+00,-1.489995836336011e-04
1.395479999999988e-06,1.500100000000000e+00,1.500602708541771e+00,-1.489995877334985e-04
1.397479999999988e-06,1.500100000000000e+00,1.500602761195778e+00,-1.489995699387039e-04
1.399479999999988e-06,1.500100000000000e+00,1.500602838565944e+00,-1.489995653985462e-04
1.401479999999988e-06,1.500100000000000e+00,1.500602934544495e+00,-1.489995412984599e-04
1.403479999999988e-06,1.500100000000000e+00,1.500603041969006e+00,-1.489995320768506e-04
1.405479999999988e-06,1.500100000000000e+00,1.500603153078762e+00,-1.489995061241386e-04
1.407479999999988e-06,1.500100000000000e+00,1.500603260158861e+00,-1.489994970616025e-04
1.409479999999988e-06,1.500100000000000e+00,1.500603355998259e+00,-1.489994740171150e-04
1.411479999999988e-06,1.500100000000000e+00,1.500603434470286e+00,-1.489994694359691e-04
1.413479999999988e-06,1.500100000000000e+00,1.500603490836666e+00,-1.489994530454702e-04
1.415479999999988e-06,1.500100000000000e+00,1.500603522111821e+00,-1.489994558045276e-04
1.417479999999988e-06,1.500100000000000e+00,1.500603527132335e+00,-1.489994477728421e-04
1.419479999999988e-06,1.500100000000000e+00,1.500603506653470e+00,-1.489994584405190e-04
1.421479999999987e-06,1.500100000000000e+00,1.500603463153923e+00,-1.489994581838563e-04
1.423479999999987e-06,1.500100000000000e+00,1.500603400679171e+00,-1.489994751074001e-04
1.425479999999987e-06,1.500100000000000e+00,1.500603324420573e+00,-1.489994800449926e-04
1.427479999999987e-06,1.500100000000000e+00,1.500603240382487e+00,-1.489994999778887e-04
1.429479999999987e-06,1.500100000000000e+00,1.500603154870876e+00,-1.489995063632929e-04
1.431479999999987e-06,1.500100000000000e+00,1.500603074096954e+00,-1.489995253636795e-04
1.433479999999987e-06,1.500100000000000e+00,1.500603003682569e+00,-1.489995293924555e-04
1.435479999999987e-06,1.500100000000000e+00,1.500602948358194e+00,-1.489995440688355e-04
1.437479999999987e-06,1.500100000000000e+00,1.500602911588138e+00,-1.489995428837213e-04
1.439479999999987e-06,1.500100000000000e+00,1.500602895434395e+00,-1.489995511832910e-04
1.441479999999987e-06,1.500100000000000e+00,1.500602900403082e+00,-1.489995435657246e-04
1.443479999999987e-06,1.500100000000000e+00,1.500602925523524e+00,-1.489995452772687e-04
1.445479999999987e-06,1.500100000000000e+00,1.500602968414502e+00,-1.489995319542639e-04
1.447479999999987e-06,1.500100000000000e+00,1.500603025550522e+00,-1.489995284859129e-04
1.449479999999987e-06,1.500100000000000e+00,1.500603092498547e+00,-1.489995117549728e-04
1.451479999999987e-06,1.500100000000000e+00,1.500603164314139e+00,-1.489995060519019e-04
1.453479999999986e-06,1.500100000000000e+00,1.500603235856909e+00,-1.489994889771872e-04
1.455479999999986e-06,1.500100000000000e+00,1.500603302209262e+00,-1.489994841554645e-04
1.457479999999986e-06,1.500100000000000e+00,1.500603358964441e+00,-1.489994697183826e-04
1.459479999999986e-06,1.500100000000000e+00,1.500603402568561e+00,-1.489994684952452e-04
1.461479999999986e-06,1.500100000000000e+00,1.500603430484051e+00,-1.489994588539887e-04
1.463479999999986e-06,1.500100000000000e+00,1.500603441390982e+00,-1.489994626233579e-04
1.465479999999986e-06,1.500100000000000e+00,1.500603435186900e+00,-1.489994585460823e-04
1.467479999999986e-06,1.500100000000000e+00,1.500603412996799e+00,-1.489994673494249e-04
1.469479999999986e-06,1.500100000000000e+00,1.500603377005623e+00,-1.489994680101418e-04
1.471479999999986e-06,1.500100000000000e+00,1.500603330306018e+00,-1.489994804111050e-04
1.473479999999986e-06,1.500100000000000e+00,1.500603276610916e+00,-1.489994838312360e-04
1.475479999999986e-06,1.500100000000000e+00,1.500603220012077e+00,-1.489994975710849e-04
1.477479999999986e-06,1.500100000000000e+00,1.500603164638895e+00,-1.489995013062720e-04
1.479479999999986e-06,1.500100000000000e+00,1.500603114414091e+00,-1.489995136921080e-04
1.481479999999986e-06,1.500100000000000e+00,1.500603072732296e+00,-1.489995152692243e-04
1.483479999999986e-06,1.500100000000000e+00,1.500603042284634e+00,-1.489995243930368e-04
1.485479999999985e-06,1.500100000000000e+00,1.500603024858752e+00,-1.489995222091115e-04
1.487479999999985e-06,1.500100000000000e+00,1.500603021280416e+00,-1.489995269295101e-04
1.489479999999985e-06,1.500100000000000e+00,1.500603031352788e+00,-1.489995205847050e-04
1.491479999999985e-06,1.500100000000000e+00,1.500603053942944e+00,-1.489995211405036e-04
1.493479999999985e-06,1.500100000000000e+00,1.500603087059351e+00,-1.489995113323708e-04
1.495479999999985e-06,1.500100000000000e+00,1.500603128059526e+00,-1.489995089828210e-04
1.497479999999985e-06,1.500100000000000e+00,1.500603173819103e+00,-1.489994974146151e-04
1.499479999999985e-06,1.500100000000000e+00,1.500603221001584e+00,-1.489994941170791e-04
1.501479999999985e-06,1.500100000000000e+00,1.500603266273402e+00,-1.489994828728366e-04
1.503479999999985e-06,1.500100000000000e+00,1.500603306564475e+00,-1.489994806161471e-04
1.505479999999985e-06,1.500100000000000e+00,1.500603339247572e+00,-1.489994715554398e-04
1.507479999999985e-06,1.500100000000000e+00,1.500603362341080e+00,-1.489994719994389e-04
1.509479999999985e-06,1.500100000000000e+00,1.500603374586012e+00,-1.489994663317163e-04
1.511479999999985e-06,1.500100000000000e+00,1.500603375544520e+00,-1.489994701520418e-04
1.513479999999985e-06,1.500100000000000e+00,1.500603365574077e+00,-1.489994680497863e-04
1.515479999999985e-06,1.500100000000000e+00,1.500603345799730e+00,-1.489994750347220e-04
1.517479999999984e-06,1.500100000000000e+00,1.500603317978037e+00,-1.489994757638434e-04
1.519479999999984e-06,1.500100000000000e+00,1.500603284383311e+00,-1.489994847387940e-04
1.521479999999984e-06,1.500100000000000e+00,1.500603247606149e+00,-1.489994868647694e-04
1.523479999999984e-06,1.500100000000000e+00,1.500603210374816e+00,-1.489994962542245e-04
1.525479999999984e-06,1.500100000000000e+00,1.500603175341501e+00,-1.489994981025866e-04
1.527479999999984e-06,1.500100000000000e+00,1.500603144925100e+00,-1.489995062678893e-04
1.529479999999984e-06,1.500100000000000e+00,1.500603121116619e+00,-1.489995063690495e-04
1.531479999999984e-06,1.500100000000000e+00,1.500603105387982e+00,-1.489995121131767e-04
1.533479999999984e-06,1.500100000000000e+00,1.500603098576947e+00,-1.489995095609821e-04
1.535479999999984e-06,1.500100000000000e+00,1.500603100875248e+00,-1.489995123475285e-04
1.537479999999984e-06,1.500100000000000e+00,1.500603111816094e+00,-1.489995071538043e-04
1.539479999999984e-06,1.500100000000000e+00,1.500603130353137e+00,-1.489995072886260e-04
1.541479999999984e-06,1.500100000000000e+00,1.500603154933339e+00,-1.489995001116207e-04
1.543479999999984e-06,1.500100000000000e+00,1.500603183637047e+00,-1.489994987114577e-04
1.545479999999984e-06,1.500100000000000e+00,1.500603214312806e+00,-1.489994906295826e-04
1.547479999999984e-06,1.500100000000000e+00,1.500603244759349e+00,-1.489994889784371e-04
1.549479999999984e-06,1.500100000000000e+00,1.500603272860392e+00,-1.489994815374949e-04
1.551479999999983e-06,1.500100000000000e+00,1.500603296744084e+00,-1.489994808484915e-04
1.553479999999983e-06,1.500100000000000e+00,1.500603314891343e+00,-1.489994751074693e-04
1.555479999999983e-06,1.500100000000000e+00,1.500603326249289e+00,-1.489994763071358e-04
1.557479999999983e-06,1.500100000000000e+00,1.500603330270449e+00,-1.489994728999133e-04
1.559479999999983e-06,1.500100000000000e+00,1.500603326950210e+00,-1.489994764406200e-04
1.561479999999983e-06,1.500100000000000e+00,1.500603316789101e+00,-1.489994752629147e-04
1.563479999999983e-06,1.500100000000000e+00,1.500603300760784e+00,-1.489994806724811e-04
1.565479999999983e-06,1.500100000000000e+00,1.500603280206025e+00,-1.489994811711689e-04
1.567479999999983e-06,1.500100000000000e+00,1.500603256745721e+00,-1.489994876018013e-04
1.569479999999983e-06,1.500100000000000e+00,1.500603232142109e+00,-1.489994887430727e-04
1.571479999999983e-06,1.500100000000000e+00,1.500603208179010e+00,-1.489994951525192e-04
1.573479999999983e-06,1.500100000000000e+00,1.500603186524760e+00,-1.489994958516648e-04
1.575479999999983e-06,1.500100000000000e+00,1.500603168637718e+00,-1.489995012107056e-04
1.577479999999983e-06,1.500100000000000e+00,1.500603155648397e+00,-1.489995004839158e-04
1.579479999999983e-06,1.500100000000000e+00,1.500603148312584e+00,-1.489995040543297e-04
1.581479999999983e-06,1.500100000000000e+00,1.500603146951994e+00,-1.489995016716853e-04
1.583479999999982e-06,1.500100000000000e+00,1.500603151464380e+00,-1.489995033387440e-04
1.585479999999982e-06,1.500100000000000e+00,1.500603161334437e+00,-1.489994991421991e-04
1.587479999999982e-06,1.500100000000000e+00,1.500603175690733e+00,-1.489994992995758e-04
1.589479999999982e-06,1.500100000000000e+00,1.500603193366965e+00,-1.489994940281559e-04
1.591479999999982e-06,1.500100000000000e+00,1.500603213014212e+00,-1.489994932707039e-04
1.593479999999982e-06,1.500100000000000e+00,1.500603233188827e+00,-1.489994877068993e-04
1.595479999999982e-06,1.500100000000000e+00,1.500603252464838e+00,-1.489994870962218e-04
1.597479999999982e-06,1.500100000000000e+00,1.500603269527666e+00,-1.489994821135497e-04
1.599479999999982e-06,1.500100000000000e+00,1.500603283266627e+00,-1.489994822407047e-04
1.601479999999982e-06,1.500100000000000e+00,1.500603292834035e+00,-1.489994785872776e-04
1.603479999999982e-06,1.500100000000000e+00,1.500603297716080e+00,-1.489994801342133e-04
1.605479999999982e-06,1.500100000000000e+00,1.500603297739468e+00,-1.489994779660160e-04
1.607479999999982e-06,1.500100000000000e+00,1.500603293080402e+00,-1.489994809847770e-04
1.609479999999982e-06,1.500100000000000e+00,1.500603284235977e+00,-1.489994802367658e-04
1.611479999999982e-06,1.500100000000000e+00,1.500603271984659e+00,-1.489994843756300e-04
1.613479999999982e-06,1.500100000000000e+00,1.500603257310439e+00,-1.489994845890849e-04
1.615479999999981e-06,1.500100000000000e+00,1.500603241339124e+00,-1.489994892253346e-04
1.617479999999981e-06,1.500100000000000e+00,1.500603225245960e+00,-1.489994896112412e-04
1.619479999999981e-06,1.500100000000000e+00,1.500603210173388e+00,-1.489994940279077e-04
1.621479999999981e-06,1.500100000000000e+00,1.500603197145497e+00,-1.489994939673770e-04
1.623479999999981e-06,1.500100000000000e+00,1.500603187011422e+00,-1.489994975488083e-04
1.625479999999981e-06,1.500100000000000e+00,1.500603180383034e+00,-1.489994964923223e-04
1.627479999999981e-06,1.500100000000000e+00,1.500603177609872e+00,-1.489994988159945e-04
1.629479999999981e-06,1.500100000000000e+00,1.500603178754744e+00,-1.489994966326721e-04
1.631479999999981e-06,1.500100000000000e+00,1.500603183604572e+00,-1.489994977154293e-04
1.633479999999981e-06,1.500100000000000e+00,1.500603191689828e+00,-1.489994944894384e-04
1.635479999999981e-06,1.500100000000000e+00,1.500603202334938e+00,-1.489994946784958e-04
1.637479999999981e-06,1.500100000000000e+00,1.500603214703111e+00,-1.489994908411039e-04
1.639479999999981e-06,1.500100000000000e+00,1.500603227871269e+00,-1.489994906171906e-04
1.641479999999981e-06,1.500100000000000e+00,1.500603240889879e+00,-1.489994867423066e-04
1.643479999999981e-06,1.500100000000000e+00,1.500603252852742e+00,-1.489994866563045e-04
1.645479999999981e-06,1.500100000000000e+00,1.500603262953342e+00,-1.489994833021588e-04
1.647479999999980e-06,1.500100000000000e+00,1.500603270551424e+00,-1.489994839236785e-04
1.649479999999980e-06,1.500100000000000e+00,1.500603275203240e+00,-1.489994815301221e-04
1.651479999999980e-06,1.500100000000000e+00,1.500603276693992e+00,-1.489994830569494e-04
1.653479999999980e-06,1.500100000000000e+00,1.500603275033863e+00,-1.489994816294982e-04
1.655479999999980e-06,1.500100000000000e+00,1.500603270452198e+00,-1.489994841002239e-04
1.657479999999980e-06,1.500100000000000e+00,1.500603263374235e+00,-1.489994835391352e-04
1.659479999999980e-06,1.500100000000000e+00,1.500603254391052e+00,-1.489994866788598e-04
1.661479999999980e-06,1.500100000000000e+00,1.500603244201666e+00,-1.489994866191113e-04
1.663479999999980e-06,1.500100000000000e+00,1.500603233567197e+00,-1.489994899798199e-04
1.665479999999980e-06,1.500100000000000e+00,1.500603223255141e+00,-1.489994898980416e-04
1.667479999999980e-06,1.500100000000000e+00,1.500603213983429e+00,-1.489994929820167e-04
1.669479999999980e-06,1.500100000000000e+00,1.500603206363859e+00,-1.489994925341508e-04
1.671479999999980e-06,1.500100000000000e+00,1.500603200876576e+00,-1.489994949188963e-04
1.673479999999980e-06,1.500100000000000e+00,1.500603197833782e+00,-1.489994937689191e-04
1.675479999999980e-06,1.500100000000000e+00,1.500603197366650e+00,-1.489994953685779e-04
1.677479999999980e-06,1.500100000000000e+00,1.500603199419554e+00,-1.489994934174072e-04
1.679479999999980e-06,1.500100000000000e+00,1.500603203763534e+00,-1.489994942397553e-04
1.681479999999979e-06,1.500100000000000e+00,1.500603210012185e+00,-1.489994917469087e-04
1.683479999999979e-06,1.500100000000000e+00,1.500603217661448e+00,-1.489994919942228e-04
1.685479999999979e-06,1.500100000000000e+00,1.500603226125664e+00,-1.489994892062155e-04
1.687479999999979e-06,1.500100000000000e+00,1.500603234782600e+00,-1.489994892564873e-04
1.689479999999979e-06,1.500100000000000e+00,1.500603243018021e+00,-1.489994865567698e-04
1.691479999999979e-06,1.500100000000000e+00,1.500603250270050e+00,-1.489994868587501e-04
1.693479999999979e-06,1.500100000000000e+00,1.500603256063102e+00,-1.489994845557057e-04
1.695479999999979e-06,1.500100000000000e+00,1.500603260043053e+00,-1.489994853915953e-04
1.697479999999979e-06,1.500100000000000e+00,1.500603261994997e+00,-1.489994837101100e-04
1.699479999999979e-06,1.500100000000000e+00,1.500603261859096e+00,-1.489994851644824e-04
1.701479999999979e-06,1.500100000000000e+00,1.500603259719164e+00,-1.489994841537740e-04
1.703479999999979e-06,1.500100000000000e+00,1.500603255795216e+00,-1.489994861346562e-04
1.705479999999979e-06,1.500100000000000e+00,1.500603250426181e+00,-1.489994856562585e-04
1.707479999999979e-06,1.500100000000000e+00,1.500603244041633e+00,-1.489994880078990e-04
1.709479999999979e-06,1.500100000000000e+00,1.500603237127565e+00,-1.489994877465328e-04
1.711479999999979e-06,1.500100000000000e+00,1.500603230191064e+00,-1.489994901984843e-04
1.713479999999978e-06,1.500100000000000e+00,1.500603223722710e+00,-1.489994898540555e-04
1.715479999999978e-06,1.500100000000000e+00,1.500603218159823e+00,-1.489994920288696e-04
1.717479999999978e-06,1.500100000000000e+00,1.500603213858722e+00,-1.489994913644843e-04
1.719479999999978e-06,1.500100000000000e+00,1.500603211081156e+00,-1.489994930766821e-04
1.721479999999978e-06,1.500100000000000e+00,1.500603209969110e+00,-1.489994919346618e-04
1.723479999999978e-06,1.500100000000000e+00,1.500603210543509e+00,-1.489994930700891e-04
1.725479999999978e-06,1.500100000000000e+00,1.500603212705637e+00,-1.489994914472675e-04
1.727479999999978e-06,1.500100000000000e+00,1.500603216246668e+00,-1.489994921000372e-04
1.729479999999978e-06,1.500100000000000e+00,1.500603220868054e+00,-1.489994901463968e-04
1.731479999999978e-06,1.500100000000000e+00,1.500603226210528e+00,-1.489994905061143e-04
1.733479999999978e-06,1.500100000000000e+00,1.500603231873464e+00,-1.489994884339504e-04
1.735479999999978e-06,1.500100000000000e+00,1.500603237448382e+00,-1.489994887451317e-04
1.737479999999978e-06,1.500100000000000e+00,1.500603242545690e+00,-1.489994867604909e-04
1.739479999999978e-06,1.500100000000000e+00,1.500603246824758e+00,-1.489994872794345e-04
1.741479999999978e-06,1.500100000000000e+00,1.500603250015843e+00,-1.489994856183367e-04
1.743479999999978e-06,1.500100000000000e+00,1.500603251934488e+00,-1.489994865043120e-04
1.745479999999977e-06,1.500100000000000e+00,1.500603252490271e+00,-1.489994853135465e-04
1.747479999999977e-06,1.500100000000000e+00,1.500603251695778e+00,-1.489994865530812e-04
1.749479999999977e-06,1.500100000000000e+00,1.500603249653478e+00,-1.489994858046707e-04
1.751479999999977e-06,1.500100000000000e+00,1.500603246547368e+00,-1.489994874094215e-04
1.753479999999977e-06,1.500100000000000e+00,1.500603242634478e+00,-1.489994869034494e-04
1.755479999999977e-06,1.500100000000000e+00,1.500603238220021e+00,-1.489994887031309e-04
1.757479999999977e-06,1.500100000000000e+00,1.500603233632541e+00,-1.489994883153284e-04
1.759479999999977e-06,1.500100000000000e+00,1.500603229201475e+00,-1.489994901289242e-04
1.761479999999977e-06,1.500100000000000e+00,1.500603225230589e+00,-1.489994896517025e-04
1.763479999999977e-06,1.500100000000000e+00,1.500603221983216e+00,-1.489994912351152e-04
1.765479999999977e-06,1.500100000000000e+00,1.500603219665288e+00,-1.489994905102542e-04
1.767479999999977e-06,1.500100000000000e+00,1.500603218408169e+00,-1.489994917271087e-04
1.769479999999977e-06,1.500100000000000e+00,1.500603218262490e+00,-1.489994907086984e-04
1.771479999999977e-06,1.500100000000000e+00,1.500603219200273e+00,-1.489994915779748e-04
1.773479999999977e-06,1.500100000000000e+00,1.500603221117563e+00,-1.489994902168943e-04
1.775479999999977e-06,1.500100000000000e+00,1.500603223845413e+00,-1.489994908201346e-04
1.777479999999977e-06,1.500100000000000e+00,1.500603227163473e+00,-1.489994892872783e-04
1.779479999999976e-06,1.500100000000000e+00,1.500603230817951e+00,-1.489994896964912e-04
1.781479999999976e-06,1.500100000000000e+00,1.500603234541050e+00,-1.489994881086784e-04
1.783479999999976e-06,1.500100000000000e+00,1.500603238069448e+00,-1.489994885491743e-04
1.785479999999976e-06,1.500100000000000e+00,1.500603241162134e+00,-1.489994871177771e-04
1.787479999999976e-06,1.500100000000000e+00,1.500603243617837e+00,-1.489994877045481e-04
1.789479999999976e-06,1.500100000000000e+00,1.500603245286464e+00,-1.489994864856824e-04
1.791479999999976e-06,1.500100000000000e+00,1.500603246078269e+00,-1.489994873072031e-04
1.793479999999976e-06,1.500100000000000e+00,1.500603245968612e+00,-1.489994864204177e-04
1.795479999999976e-06,1.500100000000000e+00,1.500603244996988e+00,-1.489994874936871e-04
1.797479999999976e-06,1.500100000000000e+00,1.500603243262847e+00,-1.489994868667782e-04
1.799479999999976e-06,1.500100000000000e+00,1.500603240914751e+00,-1.489994881375125e-04
1.801479999999976e-06,1.500100000000000e+00,1.500603238138585e+00,-1.489994876956273e-04
1.803479999999976e-06,1.500100000000000e+00,1.500603235145859e+00,-1.489994890701200e-04
1.805479999999976e-06,1.500100000000000e+00,1.500603232150800e+00,-1.489994886363775e-04
1.807479999999976e-06,1.500100000000000e+00,1.500603229362549e+00,-1.489994899367815e-04
1.809479999999976e-06,1.500100000000000e+00,1.500603226972408e+00,-1.489994894406471e-04
1.811479999999975e-06,1.500100000000000e+00,1.500603225135321e+00,-1.489994905594075e-04
1.813479999999975e-06,1.500100000000000e+00,1.500603223961742e+00,-1.489994899116462e-04
1.815479999999975e-06,1.500100000000000e+00,1.500603223512214e+00,-1.489994908059363e-04
1.817479999999975e-06,1.500100000000000e+00,1.500603223793072e+00,-1.489994899046241e-04
1.819479999999975e-06,1.500100000000000e+00,1.500603224759005e+00,-1.489994906132955e-04
1.821479999999975e-06,1.500100000000000e+00,1.500603226318733e+00,-1.489994895181492e-04
1.823479999999975e-06,1.500100000000000e+00,1.500603228342537e+00,-1.489994900146145e-04
1.825479999999975e-06,1.500100000000000e+00,1.500603230672134e+00,-1.489994887977544e-04
1.827479999999975e-06,1.500100000000000e+00,1.500603233131573e+00,-1.489994892647180e-04
1.829479999999975e-06,1.500100000000000e+00,1.500603235543682e+00,-1.489994880314920e-04
1.831479999999975e-06,1.500100000000000e+00,1.500603237741935e+00,-1.489994884948750e-04
1.833479999999975e-06,1.500100000000000e+00,1.500603239579517e+00,-1.489994874292822e-04
1.835479999999975e-06,1.500100000000000e+00,1.500603240939753e+00,-1.489994880435070e-04
1.837479999999975e-06,1.500100000000000e+00,1.500603241744400e+00,-1.489994871360068e-04
1.839479999999975e-06,1.500100000000000e+00,1.500603241956435e+00,-1.489994878727226e-04
1.841479999999975e-06,1.500100000000000e+00,1.500603241581096e+00,-1.489994871819710e-04
1.843479999999974e-06,1.500100000000000e+00,1.500603240663670e+00,-1.489994881069630e-04
1.845479999999974e-06,1.500100000000000e+00,1.500603239287590e+00,-1.489994875465135e-04
1.847479999999974e-06,1.500100000000000e+00,1.500603237567086e+00,-1.489994886077511e-04
1.849479999999974e-06,1.500100000000000e+00,1.500603235635205e+00,-1.489994881211628e-04
1.851479999999974e-06,1.500100000000000e+00,1.500603233634351e+00,-1.489994892061256e-04
1.853479999999974e-06,1.500100000000000e+00,1.500603231707782e+00,-1.489994887459327e-04
1.855479999999974e-06,1.500100000000000e+00,1.500603229988056e+00,-1.489994897672520e-04
1.857479999999974e-06,1.500100000000000e+00,1.500603228589508e+00,-1.489994892076382e-04
1.859479999999974e-06,1.500100000000000e+00,1.500603227600446e+00,-1.489994901352950e-04
1.861479999999974e-06,1.500100000000000e+00,1.500603227075103e+00,-1.489994894368270e-04
1.863479999999974e-06,1.500100000000000e+00,1.500603227033369e+00,-1.489994901829827e-04
1.865479999999974e-06,1.500100000000000e+00,1.500603227461906e+00,-1.489994893692523e-04
1.867479999999974e-06,1.500100000000000e+00,1.500603228313435e+00,-1.489994899492146e-04
1.869479999999974e-06,1.500100000000000e+00,1.500603229513350e+00,-1.489994890137143e-04
1.871479999999974e-06,1.500100000000000e+00,1.500603230966682e+00,-1.489994895048077e-04
1.873479999999974e-06,1.500100000000000e+00,1.500603232563211e+00,-1.489994885678502e-04
1.875479999999973e-06,1.500100000000000e+00,1.500603234185387e+00,-1.489994890393663e-04
1.877479999999973e-06,1.500100000000000e+00,1.500603235718208e+00,-1.489994880781857e-04
1.879479999999973e-06,1.500100000000000e+00,1.500603237057137e+00,-1.489994885735347e-04
1.881479999999973e-06,1.500100000000000e+00,1.500603238114869e+00,-1.489994877363990e-04
1.883479999999973e-06,1.500100000000000e+00,1.500603238826159e+00,-1.489994883082815e-04
1.885479999999973e-06,1.500100000000000e+00,1.500603239154127e+00,-1.489994876179606e-04
1.887479999999973e-06,1.500100000000000e+00,1.500603239089070e+00,-1.489994882586120e-04
1.889479999999973e-06,1.500100000000000e+00,1.500603238648117e+00,-1.489994876899697e-04
1.891479999999973e-06,1.500100000000000e+00,1.500603237873955e+00,-1.489994884766675e-04
1.893479999999973e-06,1.500100000000000e+00,1.500603236832661e+00,-1.489994880101362e-04
1.895479999999973e-06,1.500100000000000e+00,1.500603235607718e+00,-1.489994888534921e-04
1.897479999999973e-06,1.500100000000000e+00,1.500603234293119e+00,-1.489994883838309e-04
1.899479999999973e-06,1.500100000000000e+00,1.500603232984615e+00,-1.489994892568882e-04
1.901479999999973e-06,1.500100000000000e+00,1.500603231773529e+00,-1.489994887966729e-04
1.903479999999973e-06,1.500100000000000e+00,1.500603230741037e+00,-1.489994895929804e-04
1.905479999999973e-06,1.500100000000000e+00,1.500603229953638e+00,-1.489994890771150e-04
1.907479999999973e-06,1.500100000000000e+00,1.500603229457899e+00,-1.489994897869733e-04
1.909479999999973e-06,1.500100000000000e+00,1.500603229278039e+00,-1.489994891953220e-04
1.911479999999973e-06,1.500100000000000e+00,1.500603229415023e+00,-1.489994897353823e-04
1.913479999999973e-06,1.500100000000000e+00,1.500603229849688e+00,-1.489994890543888e-04
1.915479999999973e-06,1.500100000000000e+00,1.500603230541637e+00,-1.489994895738049e-04
1.917479999999973e-06,1.500100000000000e+00,1.500603231433336e+00,-1.489994888093278e-04
1.919479999999974e-06,1.500100000000000e+00,1.500603232455377e+00,-1.489994892366859e-04
1.921479999999974e-06,1.500100000000000e+00,1.500603233532518e+00,-1.489994884786070e-04
1.923479999999974e-06,1.500100000000000e+00,1.500603234587519e+00,-1.489994889446284e-04
1.925479999999974e-06,1.500100000000000e+00,1.500603235547491e+00,-1.489994881909081e-04
1.927479999999974e-06,1.500100000000000e+00,1.500603236348972e+00,-1.489994886397673e-04
1.929479999999974e-06,1.500100000000000e+00,1.500603236941052e+00,-1.489994879928076e-04
1.931479999999975e-06,1.500100000000000e+00,1.500603237287431e+00,-1.489994885383751e-04
1.933479999999975e-06,1.500100000000000e+00,1.500603237371100e+00,-1.489994879369207e-04
1.935479999999975e-06,1.500100000000000e+00,1.500603237194569e+00,-1.489994885418295e-04
1.937479999999975e-06,1.500100000000000e+00,1.500603236780621e+00,-1.489994880386650e-04
1.939479999999975e-06,1.500100000000000e+00,1.500603236167527e+00,-1.489994886997028e-04
1.941479999999975e-06,1.500100000000000e+00,1.500603235404612e+00,-1.489994882760020e-04
1.943479999999975e-06,1.500100000000000e+00,1.500603234550193e+00,-1.489994889327204e-04
1.945479999999976e-06,1.500100000000000e+00,1.500603233668399e+00,-1.489994885400348e-04
1.947479999999976e-06,1.500100000000000e+00,1.500603232821985e+00,-1.489994891964555e-04
1.949479999999976e-06,1.500100000000000e+00,1.500603232068527e+00,-1.489994887856993e-04
1.951479999999976e-06,1.500100000000000e+00,1.500603231457543e+00,-1.489994894200657e-04
1.953479999999976e-06,1.500100000000000e+00,1.500603231027787e+00,-1.489994889440822e-04
1.955479999999976e-06,1.500100000000000e+00,1.500603230802882e+00,-1.489994895507904e-04
1.957479999999976e-06,1.500100000000000e+00,1.500603230792066e+00,-1.489994889794438e-04
1.959479999999977e-06,1.500100000000000e+00,1.500603230989156e+00,-1.489994894640822e-04
1.961479999999977e-06,1.500100000000000e+00,1.500603231373105e+00,-1.489994888647543e-04
1.963479999999977e-06,1.500100000000000e+00,1.500603231909672e+00,-1.489994893234680e-04
1.965479999999977e-06,1.500100000000000e+00,1.500603232556514e+00,-1.489994886877677e-04
1.967479999999977e-06,1.500100000000000e+00,1.500603233264615e+00,-1.489994891268041e-04
1.969479999999977e-06,1.500100000000000e+00,1.500603233981857e+00,-1.489994884884850e-04
1.971479999999978e-06,1.500100000000000e+00,1.500603234657443e+00,-1.489994889021379e-04
1.973479999999978e-06,1.500100000000000e+00,1.500603235245456e+00,-1.489994882686259e-04
1.975479999999978e-06,1.500100000000000e+00,1.500603235706984e+00,-1.489994887434276e-04
1.977479999999978e-06,1.500100000000000e+00,1.500603236014283e+00,-1.489994881735439e-04
1.979479999999978e-06,1.500100000000000e+00,1.500603236150808e+00,-1.489994886870283e-04
1.981479999999978e-06,1.500100000000000e+00,1.500603236113074e+00,-1.489994881831655e-04
1.983479999999978e-06,1.500100000000000e+00,1.500603235909240e+00,-1.489994887226073e-04
1.985479999999979e-06,1.500100000000000e+00,1.500603235559235e+00,-1.489994882702502e-04
1.987479999999979e-06,1.500100000000000e+00,1.500603235091836e+00,-1.489994888061999e-04
1.989479999999979e-06,1.500100000000000e+00,1.500603234543598e+00,-1.489994884276993e-04
1.991479999999979e-06,1.500100000000000e+00,1.500603233956043e+00,-1.489994889947117e-04
1.993479999999979e-06,1.500100000000000e+00,1.500603233372467e+00,-1.489994885909326e-04
1.995479999999979e-06,1.500100000000000e+00,1.500603232832894e+00,-1.489994891561602e-04
1.997479999999979e-06,1.500100000000000e+00,1.500603232373658e+00,-1.489994887743487e-04
1.999479999999980e-06,1.500100000000000e+00,1.500603232023834e+00,-1.489994892926283e-04
2.001479999999980e-06,1.500100000000000e+00,1.500603231804772e+00,-1.489994888221037e-04
2.003479999999980e-06,1.500100000000000e+00,1.500603231728829e+00,-1.489994893434917e-04
2.005479999999980e-06,1.500100000000000e+00,1.500603231797506e+00,-1.489994888356705e-04
2.007479999999980e-06,1.500100000000000e+00,1.500603232000795e+00,-1.489994892801889e-04
2.009479999999980e-06,1.500100000000000e+00,1.500603232319105e+00,-1.489994887497851e-04
2.011479999999981e-06,1.500100000000000e+00,1.500603232724592e+00,-1.489994891601889e-04
2.013479999999981e-06,1.500100000000000e+00,1.500603233185991e+00,-1.489994886244623e-04
2.015479999999981e-06,1.500100000000000e+00,1.500603233669496e+00,-1.489994890452605e-04
2.017479999999981e-06,1.500100000000000e+00,1.500603234139632e+00,-1.489994884826159e-04
2.019479999999981e-06,1.500100000000000e+00,1.500603234563099e+00,-1.489994888790544e-04
2.021479999999981e-06,1.500100000000000e+00,1.500603234911850e+00,-1.489994883608147e-04
2.023479999999981e-06,1.500100000000000e+00,1.500603235163886e+00,-1.489994887503338e-04
2.025479999999982e-06,1.500100000000000e+00,1.500603235306380e+00,-1.489994882796562e-04
2.027479999999982e-06,1.500100000000000e+00,1.500603235332810e+00,-1.489994887706429e-04
2.029479999999982e-06,1.500100000000000e+00,1.500603235245352e+00,-1.489994883085193e-04
2.031479999999982e-06,1.500100000000000e+00,1.500603235054373e+00,-1.489994887942970e-04
2.033479999999982e-06,1.500100000000000e+00,1.500603234777992e+00,-1.489994884189801e-04
2.035479999999982e-06,1.500100000000000e+00,1.500603234436980e+00,-1.489994889236354e-04
2.037479999999982e-06,1.500100000000000e+00,1.500603234056106e+00,-1.489994885256124e-04
2.039479999999983e-06,1.500100000000000e+00,1.500603233663867e+00,-1.489994889789874e-04
2.041479999999983e-06,1.500100000000000e+00,1.500603233288873e+00,-1.489994886605247e-04
2.043479999999983e-06,1.500100000000000e+00,1.500603232957988e+00,-1.489994891249138e-04
2.045479999999983e-06,1.500100000000000e+00,1.500603232694105e+00,-1.489994887358354e-04
2.047479999999983e-06,1.500100000000000e+00,1.500603232512799e+00,-1.489994891946604e-04
2.049479999999983e-06,1.500100000000000e+00,1.500603232423930e+00,-1.489994887857751e-04
2.051479999999984e-06,1.500100000000000e+00,1.500603232430182e+00,-1.489994892243266e-04
2.053479999999984e-06,1.500100000000000e+00,1.500603232528747e+00,-1.489994887286901e-04
2.055479999999984e-06,1.500100000000000e+00,1.500603232709685e+00,-1.489994891873364e-04
2.057479999999984e-06,1.500100000000000e+00,1.500603232956207e+00,-1.489994886994925e-04
2.059479999999984e-06,1.500100000000000e+00,1.500603233247884e+00,-1.489994890742405e-04
2.061479999999984e-06,1.500100000000000e+00,1.500603233563526e+00,-1.489994885838254e-04
2.063479999999984e-06,1.500100000000000e+00,1.500603233879769e+00,-1.489994889842525e-04
2.065479999999985e-06,1.500100000000000e+00,1.500603234174968e+00,-1.489994885211909e-04
2.067479999999985e-06,1.500100000000000e+00,1.500603234429628e+00,-1.489994888840194e-04
2.069479999999985e-06,1.500100000000000e+00,1.500603234627103e+00,-1.489994884378895e-04
2.071479999999985e-06,1.500100000000000e+00,1.500603234754675e+00,-1.489994888187420e-04
2.073479999999985e-06,1.500100000000000e+00,1.500603234805491e+00,-1.489994884046606e-04
2.075479999999985e-06,1.500100000000000e+00,1.500603234778380e+00,-1.489994888311567e-04
2.077479999999985e-06,1.500100000000000e+00,1.500603234679351e+00,-1.489994884492424e-04
2.079479999999986e-06,1.500100000000000e+00,1.500603234518638e+00,-1.489994888541153e-04
2.081479999999986e-06,1.500100000000000e+00,1.500603234309162e+00,-1.489994885029025e-04
2.083479999999986e-06,1.500100000000000e+00,1.500603234066618e+00,-1.489994888975230e-04
2.085479999999986e-06,1.500100000000000e+00,1.500603233809017e+00,-1.489994885879899e-04
2.087479999999986e-06,1.500100000000000e+00,1.500603233553679e+00,-1.489994889963828e-04
2.089479999999986e-06,1.500100000000000e+00,1.500603233318099e+00,-1.489994886727340e-04
2.091479999999987e-06,1.500100000000000e+00,1.500603233118087e+00,-1.489994890923653e-04
2.093479999999987e-06,1.500100000000000e+00,1.500603232967264e+00,-1.489994886990812e-04
2.095479999999987e-06,1.500100000000000e+00,1.500603232874608e+00,-1.489994891147190e-04
2.097479999999987e-06,1.500100000000000e+00,1.500603232845762e+00,-1.489994887434904e-04
2.099479999999987e-06,1.500100000000000e+00,1.500603232881449e+00,-1.489994890878715e-04
2.101479999999987e-06,1.500100000000000e+00,1.500603232977404e+00,-1.489994887120005e-04
2.103479999999987e-06,1.500100000000000e+00,1.500603233124447e+00,-1.489994890522393e-04
2.105479999999988e-06,1.500100000000000e+00,1.500603233309548e+00,-1.489994886597556e-04
2.107479999999988e-06,1.500100000000000e+00,1.500603233516970e+00,-1.489994889977483e-04
2.109479999999988e-06,1.500100000000000e+00,1.500603233731669e+00,-1.489994886041636e-04
2.111479999999988e-06,1.500100000000000e+00,1.500603233938323e+00,-1.489994889288885e-04
2.113479999999988e-06,1.500100000000000e+00,1.500603234122999e+00,-1.489994885497170e-04
2.115479999999988e-06,1.500100000000000e+00,1.500603234273604e+00,-1.489994888632304e-04
2.117479999999988e-06,1.500100000000000e+00,1.500603234381326e+00,-1.489994885268110e-04
2.119479999999989e-06,1.500100000000000e+00,1.500603234439541e+00,-1.489994888969471e-04
2.121479999999989e-06,1.500100000000000e+00,1.500603234445561e+00,-1.489994884845321e-04
2.123479999999989e-06,1.500100000000000e+00,1.500603234401483e+00,-1.489994888850664e-04
2.125479999999989e-06,1.500100000000000e+00,1.500603234313169e+00,-1.489994885293465e-04
2.127479999999989e-06,1.500100000000000e+00,1.500603234188471e+00,-1.489994888796937e-04
2.129479999999989e-06,1.500100000000000e+00,1.500603234038215e+00,-1.489994885528709e-04
2.131479999999990e-06,1.500100000000000e+00,1.500603233873227e+00,-1.489994889446065e-04
2.133479999999990e-06,1.500100000000000e+00,1.500603233704667e+00,-1.489994886317611e-04
2.135479999999990e-06,1.500100000000000e+00,1.500603233543932e+00,-1.489994889967454e-04
2.137479999999990e-06,1.500100000000000e+00,1.500603233402156e+00,-1.489994886829036e-04
2.139479999999990e-06,1.500100000000000e+00,1.500603233288330e+00,-1.489994890461430e-04
2.141479999999990e-06,1.500100000000000e+00,1.500603233210083e+00,-1.489994887166415e-04
2.143479999999990e-06,1.500100000000000e+00,1.500603233172550e+00,-1.489994890371534e-04
2.145479999999991e-06,1.500100000000000e+00,1.500603233177908e+00,-1.489994886912454e-04
2.147479999999991e-06,1.500100000000000e+00,1.500603233224683e+00,-1.489994890086211e-04
2.149479999999991e-06,1.500100000000000e+00,1.500603233307282e+00,-1.489994886598399e-04
2.151479999999991e-06,1.500100000000000e+00,1.500603233416401e+00,-1.489994889881929e-04
2.153479999999991e-06,1.500100000000000e+00,1.500603233543290e+00,-1.489994886510606e-04
2.155479999999991e-06,1.500100000000000e+00,1.500603233677850e+00,-1.489994889385778e-04
2.157479999999991e-06,1.500100000000000e+00,1.500603233810244e+00,-1.489994886012407e-04
2.159479999999992e-06,1.500100000000000e+00,1.500603233930930e+00,-1.489994889025705e-04
2.161479999999992e-06,1.500100000000000e+00,1.500603234032186e+00,-1.489994885929847e-04
2.163479999999992e-06,1.500100000000000e+00,1.500603234107792e+00,-1.489994889225844e-04
2.165479999999992e-06,1.500100000000000e+00,1.500603234153671e+00,-1.489994885751690e-04
2.167479999999992e-06,1.500100000000000e+00,1.500603234168000e+00,-1.489994888804552e-04
2.169479999999992e-06,1.500100000000000e+00,1.500603234151384e+00,-1.489994885752541e-04
2.171479999999993e-06,1.500100000000000e+00,1.500603234106983e+00,-1.489994889093180e-04
2.173479999999993e-06,1.500100000000000e+00,1.500603234040028e+00,-1.489994885793965e-04
2.175479999999993e-06,1.500100000000000e+00,1.500603233956151e+00,-1.489994888883358e-04
2.177479999999993e-06,1.500100000000000e+00,1.500603233862228e+00,-1.489994886126034e-04
2.179479999999993e-06,1.500100000000000e+00,1.500603233764852e+00,-1.489994889353414e-04
2.181479999999993e-06,1.500100000000000e+00,1.500603233670922e+00,-1.489994886330163e-04
2.183479999999993e-06,1.500100000000000e+00,1.500603233586470e+00,-1.489994889552735e-04
2.185479999999994e-06,1.500100000000000e+00,1.500603233517642e+00,-1.489994886520147e-04
2.187479999999994e-06,1.500100000000000e+00,1.500603233468611e+00,-1.489994889596578e-04
2.189479999999994e-06,1.500100000000000e+00,1.500603233442412e+00,-1.489994886814061e-04
2.191479999999994e-06,1.500100000000000e+00,1.500603233439850e+00,-1.489994889607276e-04
2.193479999999994e-06,1.500100000000000e+00,1.500603233460476e+00,-1.489994886807342e-04
2.195479999999994e-06,1.500100000000000e+00,1.500603233501841e+00,-1.489994889451252e-04
2.197479999999995e-06,1.500100000000000e+00,1.500603233559402e+00,-1.489994886504613e-04
2.199479999999995e-06,1.500100000000000e+00,1.500603233627449e+00,-1.489994889670456e-04
2.201479999999995e-06,1.500100000000000e+00,1.500603233700652e+00,-1.489994886850964e-04
2.203479999999995e-06,1.500100000000000e+00,1.500603233773591e+00,-1.489994889483128e-04
2.205479999999995e-06,1.500100000000000e+00,1.500603233841658e+00,-1.489994886133686e-04
2.207479999999995e-06,1.500100000000000e+00,1.500603233900024e+00,-1.489994889037202e-04
2.209479999999995e-06,1.500100000000000e+00,1.500603233944978e+00,-1.489994886095252e-04
2.211479999999996e-06,1.500100000000000e+00,1.500603233973676e+00,-1.489994889142768e-04
2.213479999999996e-06,1.500100000000000e+00,1.500603233984773e+00,-1.489994886213414e-04
2.215479999999996e-06,1.500100000000000e+00,1.500603233977842e+00,-1.489994888875289e-04
2.217479999999996e-06,1.500100000000000e+00,1.500603233955076e+00,-1.489994886091496e-04
2.219479999999996e-06,1.500100000000000e+00,1.500603233919710e+00,-1.489994889162844e-04
2.221479999999996e-06,1.500100000000000e+00,1.500603233875067e+00,-1.489994886254224e-04
2.223479999999996e-06,1.500100000000000e+00,1.500603233824590e+00,-1.489994889065263e-04
2.225479999999997e-06,1.500100000000000e+00,1.500603233772574e+00,-1.489994886558279e-04
2.227479999999997e-06,1.500100000000000e+00,1.500603233722761e+00,-1.489994889103142e-04
2.229479999999997e-06,1.500100000000000e+00,1.500603233678740e+00,-1.489994886726149e-04
2.231479999999997e-06,1.500100000000000e+00,1.500603233643310e+00,-1.489994889398627e-04
2.233479999999997e-06,1.500100000000000e+00,1.500603233618669e+00,-1.489994886615530e-04
2.235479999999997e-06,1.500100000000000e+00,1.500603233605441e+00,-1.489994889412714e-04
2.237479999999998e-06,1.500100000000000e+00,1.500603233603954e+00,-1.489994886621004e-04
2.239479999999998e-06,1.500100000000000e+00,1.500603233613660e+00,-1.489994889409656e-04
2.241479999999998e-06,1.500100000000000e+00,1.500603233633404e+00,-1.489994886610049e-04
2.243479999999998e-06,1.500100000000000e+00,1.500603233660707e+00,-1.489994889259190e-04
2.245479999999998e-06,1.500100000000000e+00,1.500603233693142e+00,-1.489994886454862e-04
2.247479999999998e-06,1.500100000000000e+00,1.500603233727386e+00,-1.489994889101421e-04
2.249479999999998e-06,1.500100000000000e+00,1.500603233760216e+00,-1.489994886296947e-04
2.251479999999999e-06,1.500100000000000e+00,1.500603233788912e+00,-1.489994889078534e-04
2.253479999999999e-06,1.500100000000000e+00,1.500603233812282e+00,-1.489994886277579e-04
2.255479999999999e-06,1.500100000000000e+00,1.500603233829316e+00,-1.489994888797575e-04
2.257479999999999e-06,1.500100000000000e+00,1.500603233840051e+00,-1.489994886267249e-04
2.259479999999999e-06,1.500100000000000e+00,1.500603233844529e+00,-1.489994888791916e-04
2.261479999999999e-06,1.500100000000000e+00,1.500603233843009e+00,-1.489994886532078e-04
2.263479999999999e-06,1.500100000000000e+00,1.500603233836076e+00,-1.489994889060990e-04
2.265480000000000e-06,1.500100000000000e+00,1.500603233825230e+00,-1.489994886405727e-04
2.267480000000000e-06,1.500100000000000e+00,1.500603233811579e+00,-1.489994889070103e-04
2.269480000000000e-06,1.500100000000000e+00,1.500603233796233e+00,-1.489994886549479e-04
2.271480000000000e-06,1.500100000000000e+00,1.500603233779658e+00,-1.489994889347907e-04
2.273480000000000e-06,1.500100000000000e+00,1.500603233763383e+00,-1.489994886694663e-04
2.275480000000000e-06,1.500100000000000e+00,1.500603233748681e+00,-1.489994889093500e-04
2.277480000000001e-06,1.500100000000000e+00,1.500603233736489e+00,-1.489994886571703e-04
2.279480000000001e-06,1.500100000000000e+00,1.500603233727362e+00,-1.489994889101431e-04
2.281480000000001e-06,1.500100000000000e+00,1.500603233721681e+00,-1.489994886577211e-04
2.283480000000001e-06,1.500100000000000e+00,1.500603233719254e+00,-1.489994889104446e-04
2.285480000000001e-06,1.500100000000000e+00,1.500603233720278e+00,-1.489994886577733e-04
2.287480000000001e-06,1.500100000000000e+00,1.500603233724609e+00,-1.489994889102455e-04
2.289480000000001e-06,1.500100000000000e+00,1.500603233731810e+00,-1.489994886573443e-04
2.291480000000002e-06,1.500100000000000e+00,1.500603233740573e+00,-1.489994889229481e-04
2.293480000000002e-06,1.500100000000000e+00,1.500603233750045e+00,-1.489994886433695e-04
2.295480000000002e-06,1.500100000000000e+00,1.500603233759543e+00,-1.489994888956494e-04
2.297480000000002e-06,1.500100000000000e+00,1.500603233768764e+00,-1.489994886692662e-04
2.299480000000002e-06,1.500100000000000e+00,1.500603233776912e+00,-1.489994889082998e-04
2.301480000000002e-06,1.500100000000000e+00,1.500603233783401e+00,-1.489994886820181e-04
2.303480000000002e-06,1.500100000000000e+00,1.500603233787779e+00,-1.489994888813026e-04
2.305480000000003e-06,1.500100000000000e+00,1.500603233790176e+00,-1.489994886551732e-04
2.307480000000003e-06,1.500100000000000e+00,1.500603233790435e+00,-1.489994889077968e-04
2.309480000000003e-06,1.500100000000000e+00,1.500603233789163e+00,-1.489994886419143e-04
2.311480000000003e-06,1.500100000000000e+00,1.500603233786532e+00,-1.489994888946455e-04
2.313480000000003e-06,1.500100000000000e+00,1.500603233782992e+00,-1.489994886554404e-04
2.315480000000003e-06,1.500100000000000e+00,1.500603233778766e+00,-1.489994889082308e-04
2.317480000000004e-06,1.500100000000000e+00,1.500603233774359e+00,-1.489994886823545e-04
2.319480000000004e-06,1.500100000000000e+00,1.500603233770069e+00,-1.489994889085544e-04
2.321480000000004e-06,1.500100000000000e+00,1.500603233766489e+00,-1.489994886560543e-04
2.323480000000004e-06,1.500100000000000e+00,1.500603233763618e+00,-1.489994888954979e-04
2.325480000000004e-06,1.500100000000000e+00,1.500603233761675e+00,-1.489994886562334e-04
2.327480000000004e-06,1.500100000000000e+00,1.500603233760432e+00,-1.489994889089129e-04
2.329480000000004e-06,1.500100000000000e+00,1.500603233760118e+00,-1.489994886828843e-04
2.331480000000005e-06,1.500100000000000e+00,1.500603233760761e+00,-1.489994888956041e-04
2.333480000000005e-06,1.500100000000000e+00,1.500603233762355e+00,-1.489994886562081e-04
2.335480000000005e-06,1.500100000000000e+00,1.500603233764452e+00,-1.489994889087633e-04
2.337480000000005e-06,1.500100000000000e+00,1.500603233766846e+00,-1.489994886693375e-04
2.339480000000005e-06,1.500100000000000e+00,1.500603233769205e+00,-1.489994888952900e-04
2.341480000000005e-06,1.500100000000000e+00,1.500603233771644e+00,-1.489994886824555e-04
2.343480000000005e-06,1.500100000000000e+00,1.500603233773910e+00,-1.489994888951150e-04
2.345480000000006e-06,1.500100000000000e+00,1.500603233775882e+00,-1.489994886822979e-04
2.347480000000006e-06,1.500100000000000e+00,1.500603233777324e+00,-1.489994888816915e-04
2.349480000000006e-06,1.500100000000000e+00,1.500603233778189e+00,-1.489994886689156e-04
2.351480000000006e-06,1.500100000000000e+00,1.500603233778435e+00,-1.489994889082432e-04
2.353480000000006e-06,1.500100000000000e+00,1.500603233778447e+00,-1.489994886822025e-04
2.355480000000006e-06,1.500100000000000e+00,1.500603233778206e+00,-1.489994888949552e-04
2.357480000000007e-06,1.500100000000000e+00,1.500603233778102e+00,-1.489994886822153e-04
2.359480000000007e-06,1.500100000000000e+00,1.500603233777913e+00,-1.489994889082626e-04
2.361480000000007e-06,1.500100000000000e+00,1.500603233777700e+00,-1.489994886822302e-04
2.363480000000007e-06,1.500100000000000e+00,1.500603233777459e+00,-1.489994889082795e-04
2.365480000000007e-06,1.500100000000000e+00,1.500603233777344e+00,-1.489994886822435e-04
2.367480000000007e-06,1.500100000000000e+00,1.500603233777069e+00,-1.489994888817010e-04
2.369480000000007e-06,1.500100000000000e+00,1.500603233776840e+00,-1.489994886822622e-04
2.371480000000008e-06,1.500100000000000e+00,1.500603233776644e+00,-1.489994888950133e-04
2.373480000000008e-06,1.500100000000000e+00,1.500603233776590e+00,-1.489994886822715e-04
2.375480000000008e-06,1.500100000000000e+00,1.500603233776515e+00,-1.489994888817216e-04
2.377480000000008e-06,1.500100000000000e+00,1.500603233776597e+00,-1.489994886822712e-04
2.379480000000008e-06,1.500100000000000e+00,1.500603233776782e+00,-1.489994888684152e-04
2.381480000000008e-06,1.500100000000000e+00,1.500603233777077e+00,-1.489994886822534e-04
2.383480000000008e-06,1.500100000000000e+00,1.500603233777174e+00,-1.489994888816971e-04
2.385480000000009e-06,1.500100000000000e+00,1.500603233777116e+00,-1.489994886822519e-04
2.387480000000009e-06,1.500100000000000e+00,1.500603233776909e+00,-1.489994888684105e-04
2.389480000000009e-06,1.500100000000000e+00,1.500603233776882e+00,-1.489994886955571e-04
2.391480000000009e-06,1.500100000000000e+00,1.500603233776908e+00,-1.489994888950035e-04
2.393480000000009e-06,1.500100000000000e+00,1.500603233777017e+00,-1.489994886822556e-04
2.395480000000009e-06,1.500100000000000e+00,1.500603233776923e+00,-1.489994888817064e-04
2.397480000000010e-06,1.500100000000000e+00,1.500603233776674e+00,-1.489994886822684e-04
2.399480000000010e-06,1.500100000000000e+00,1.500603233776254e+00,-1.489994888817313e-04
2.401480000000010e-06,1.500100000000000e+00,1.500603233776028e+00,-1.489994886822924e-04
2.403480000000010e-06,1.500100000000000e+00,1.500603233776032e+00,-1.489994888551466e-04
2.405480000000010e-06,1.500100000000000e+00,1.500603233776178e+00,-1.489994887088798e-04
2.407480000000010e-06,1.500100000000000e+00,1.500603233776185e+00,-1.489994888684374e-04
2.409480000000010e-06,1.500100000000000e+00,1.500603233776125e+00,-1.489994886822888e-04
2.411480000000011e-06,1.500100000000000e+00,1.500603233776181e+00,-1.489994888817341e-04
2.413480000000011e-06,1.500100000000000e+00,1.500603233776539e+00,-1.489994886822734e-04
2.415480000000011e-06,1.500100000000000e+00,1.500603233776578e+00,-1.489994888817193e-04
2.417480000000011e-06,1.500100000000000e+00,1.500603233776548e+00,-1.489994886822731e-04
2.419480000000011e-06,1.500100000000000e+00,1.500603233776687e+00,-1.489994888817152e-04
2.421480000000011e-06,1.500100000000000e+00,1.500603233776907e+00,-1.489994886955562e-04
2.423480000000011e-06,1.500100000000000e+00,1.500603233776906e+00,-1.489994888817071e-04
2.425480000000012e-06,1.500100000000000e+00,1.500603233776754e+00,-1.489994886822654e-04
2.427480000000012e-06,1.500100000000000e+00,1.500603233776520e+00,-1.489994888817214e-04
2.429480000000012e-06,1.500100000000000e+00,1.500603233776607e+00,-1.489994886955674e-04
2.431480000000012e-06,1.500100000000000e+00,1.500603233776814e+00,-1.489994888817105e-04
2.433480000000012e-06,1.500100000000000e+00,1.500603233777049e+00,-1.489994886822544e-04
2.435480000000012e-06,1.500100000000000e+00,1.500603233777315e+00,-1.489994888816919e-04
2.437480000000013e-06,1.500100000000000e+00,1.500603233777718e+00,-1.489994887088225e-04
2.439480000000013e-06,1.500100000000000e+00,1.500603233777791e+00,-1.489994888816741e-04
2.441480000000013e-06,1.500100000000000e+00,1.500603233777690e+00,-1.489994886822306e-04
2.443480000000013e-06,1.500100000000000e+00,1.500603233777651e+00,-1.489994889082723e-04
2.445480000000013e-06,1.500100000000000e+00,1.500603233777720e+00,-1.489994887088225e-04
2.447480000000013e-06,1.500100000000000e+00,1.500603233777611e+00,-1.489994888683843e-04
2.449480000000013e-06,1.500100000000000e+00,1.500603233777686e+00,-1.489994887088237e-04
2.451480000000014e-06,1.500100000000000e+00,1.500603233777822e+00,-1.489994888949695e-04
2.453480000000014e-06,1.500100000000000e+00,1.500603233777983e+00,-1.489994886822197e-04
2.455480000000014e-06,1.500100000000000e+00,1.500603233778008e+00,-1.489994888816661e-04
2.457480000000014e-06,1.500100000000000e+00,1.500603233778042e+00,-1.489994887088105e-04
2.459480000000014e-06,1.500100000000000e+00,1.500603233777926e+00,-1.489994888683726e-04
2.461480000000014e-06,1.500100000000000e+00,1.500603233777922e+00,-1.489994886955184e-04
2.463480000000014e-06,1.500100000000000e+00,1.500603233777826e+00,-1.489994888417834e-04
2.465480000000015e-06,1.500100000000000e+00,1.500603233777597e+00,-1.489994887088270e-04
2.467480000000015e-06,1.500100000000000e+00,1.500603233777398e+00,-1.489994888683923e-04
2.469480000000015e-06,1.500100000000000e+00,1.500603233777345e+00,-1.489994886955400e-04
2.471480000000015e-06,1.500100000000000e+00,1.500603233777243e+00,-1.489994888816945e-04
2.473480000000015e-06,1.500100000000000e+00,1.500603233777259e+00,-1.489994886822466e-04
2.475480000000015e-06,1.500100000000000e+00,1.500603233777270e+00,-1.489994888683970e-04
2.477480000000016e-06,1.500100000000000e+00,1.500603233777201e+00,-1.489994886955453e-04
2.479480000000016e-06,1.500100000000000e+00,1.500603233777113e+00,-1.489994888551064e-04
2.481480000000016e-06,1.500100000000000e+00,1.500603233777223e+00,-1.489994886822480e-04
2.483480000000016e-06,1.500100000000000e+00,1.500603233777216e+00,-1.489994888816955e-04
2.485480000000016e-06,1.500100000000000e+00,1.500603233777171e+00,-1.489994887088429e-04
2.487480000000016e-06,1.500100000000000e+00,1.500603233777028e+00,-1.489994888418131e-04
2.489480000000016e-06,1.500100000000000e+00,1.500603233777167e+00,-1.489994887088430e-04
2.491480000000017e-06,1.500100000000000e+00,1.500603233777426e+00,-1.489994888550948e-04
2.493480000000017e-06,1.500100000000000e+00,1.500603233777647e+00,-1.489994887088252e-04
2.495480000000017e-06,1.500100000000000e+00,1.500603233777682e+00,-1.489994888284923e-04
2.497480000000017e-06,1.500100000000000e+00,1.500603233777661e+00,-1.489994886822317e-04
2.499480000000017e-06,1.500100000000000e+00,1.500603233777620e+00,-1.489994888550875e-04
2.501480000000017e-06,1.500100000000000e+00,1.500603233777586e+00,-1.489994886955310e-04
2.503480000000017e-06,1.500100000000000e+00,1.500603233777487e+00,-1.489994888683890e-04
2.505480000000018e-06,1.500100000000000e+00,1.500603233777547e+00,-1.489994887088289e-04
2.507480000000018e-06,1.500100000000000e+00,1.500603233777492e+00,-1.489994888284993e-04
2.509480000000018e-06,1.500100000000000e+00,1.500603233777385e+00,-1.489994887088349e-04
2.511480000000018e-06,1.500100000000000e+00,1.500603233777291e+00,-1.489994888550998e-04
2.513480000000018e-06,1.500100000000000e+00,1.500603233777309e+00,-1.489994887088377e-04
2.515480000000018e-06,1.500100000000000e+00,1.500603233777155e+00,-1.489994888551048e-04
2.517480000000019e-06,1.500100000000000e+00,1.500603233777143e+00,-1.489994887088439e-04
2.519480000000019e-06,1.500100000000000e+00,1.500603233777066e+00,-1.489994888817011e-04
2.521480000000019e-06,1.500100000000000e+00,1.500603233776831e+00,-1.489994887088555e-04
2.523480000000019e-06,1.500100000000000e+00,1.500603233776525e+00,-1.489994888551283e-04
2.525480000000019e-06,1.500100000000000e+00,1.500603233776429e+00,-1.489994887088705e-04
2.527480000000019e-06,1.500100000000000e+00,1.500603233776519e+00,-1.489994888551285e-04
2.529480000000019e-06,1.500100000000000e+00,1.500603233776798e+00,-1.489994887088568e-04
2.531480000000020e-06,1.500100000000000e+00,1.500603233777114e+00,-1.489994888551064e-04
2.533480000000020e-06,1.500100000000000e+00,1.500603233777620e+00,-1.489994886822332e-04
2.535480000000020e-06,1.500100000000000e+00,1.500603233778080e+00,-1.489994888417739e-04
2.537480000000020e-06,1.500100000000000e+00,1.500603233778236e+00,-1.489994887088033e-04
2.539480000000020e-06,1.500100000000000e+00,1.500603233778152e+00,-1.489994888284748e-04
2.541480000000020e-06,1.500100000000000e+00,1.500603233778228e+00,-1.489994886822106e-04
2.543480000000020e-06,1.500100000000000e+00,1.500603233778226e+00,-1.489994888417685e-04
2.545480000000021e-06,1.500100000000000e+00,1.500603233778098e+00,-1.489994887088084e-04
2.547480000000021e-06,1.500100000000000e+00,1.500603233778004e+00,-1.489994888550732e-04
2.549480000000021e-06,1.500100000000000e+00,1.500603233778116e+00,-1.489994887088077e-04
2.551480000000021e-06,1.500100000000000e+00,1.500603233778200e+00,-1.489994888284730e-04
2.553480000000021e-06,1.500100000000000e+00,1.500603233778145e+00,-1.489994887088067e-04
2.555480000000021e-06,1.500100000000000e+00,1.500603233778064e+00,-1.489994888550710e-04
2.557480000000022e-06,1.500100000000000e+00,1.500603233778110e+00,-1.489994887088080e-04
2.559480000000022e-06,1.500100000000000e+00,1.500603233778009e+00,-1.489994888550731e-04
2.561480000000022e-06,1.500100000000000e+00,1.500603233777869e+00,-1.489994887088169e-04
2.563480000000022e-06,1.500100000000000e+00,1.500603233777638e+00,-1.489994888284939e-04
2.565480000000022e-06,1.500100000000000e+00,1.500603233777602e+00,-1.489994887221233e-04
2.567480000000022e-06,1.500100000000000e+00,1.500603233777651e+00,-1.489994888550864e-04
2.569480000000022e-06,1.500100000000000e+00,1.500603233777758e+00,-1.489994887088210e-04
2.571480000000023e-06,1.500100000000000e+00,1.500603233778048e+00,-1.489994888550716e-04
2.573480000000023e-06,1.500100000000000e+00,1.500603233778571e+00,-1.489994887087908e-04
2.575480000000023e-06,1.500100000000000e+00,1.500603233778924e+00,-1.489994888284460e-04
2.577480000000023e-06,1.500100000000000e+00,1.500603233779244e+00,-1.489994887087658e-04
2.579480000000023e-06,1.500100000000000e+00,1.500603233779488e+00,-1.489994888417215e-04
2.581480000000023e-06,1.500100000000000e+00,1.500603233779559e+00,-1.489994887087540e-04
2.583480000000024e-06,1.500100000000000e+00,1.500603233779430e+00,-1.489994888284273e-04
2.585480000000024e-06,1.500100000000000e+00,1.500603233779454e+00,-1.489994887087580e-04
2.587480000000024e-06,1.500100000000000e+00,1.500603233779518e+00,-1.489994888550169e-04
2.589480000000024e-06,1.500100000000000e+00,1.500603233779571e+00,-1.489994887087536e-04
2.591480000000024e-06,1.500100000000000e+00,1.500603233779551e+00,-1.489994888284227e-04
2.593480000000024e-06,1.500100000000000e+00,1.500603233779562e+00,-1.489994887087539e-04
2.595480000000024e-06,1.500100000000000e+00,1.500603233779522e+00,-1.489994888417203e-04
2.597480000000025e-06,1.500100000000000e+00,1.500603233779574e+00,-1.489994887087535e-04
2.599480000000025e-06,1.500100000000000e+00,1.500603233779681e+00,-1.489994888550108e-04
2.601480000000025e-06,1.500100000000000e+00,1.500603233779538e+00,-1.489994887087548e-04
2.603480000000025e-06,1.500100000000000e+00,1.500603233778890e+00,-1.489994888550403e-04
2.605480000000025e-06,1.500100000000000e+00,1.500603233778447e+00,-1.489994887087954e-04
2.607480000000025e-06,1.500100000000000e+00,1.500603233778288e+00,-1.489994888284697e-04
2.609480000000025e-06,1.500100000000000e+00,1.500603233778310e+00,-1.489994887088005e-04
2.611480000000026e-06,1.500100000000000e+00,1.500603233778516e+00,-1.489994888417577e-04
2.613480000000026e-06,1.500100000000000e+00,1.500603233778880e+00,-1.489994887353723e-04
2.615480000000026e-06,1.500100000000000e+00,1.500603233779075e+00,-1.489994888284404e-04
2.617480000000026e-06,1.500100000000000e+00,1.500603233779236e+00,-1.489994887087661e-04
2.619480000000026e-06,1.500100000000000e+00,1.500603233779273e+00,-1.489994888550261e-04
2.621480000000026e-06,1.500100000000000e+00,1.500603233779024e+00,-1.489994887087739e-04
2.623480000000027e-06,1.500100000000000e+00,1.500603233778533e+00,-1.489994888550536e-04
2.625480000000027e-06,1.500100000000000e+00,1.500603233778274e+00,-1.489994887353948e-04
2.627480000000027e-06,1.500100000000000e+00,1.500603233777889e+00,-1.489994888550775e-04
2.629480000000027e-06,1.500100000000000e+00,1.500603233777265e+00,-1.489994886955429e-04
2.631480000000027e-06,1.500100000000000e+00,1.500603233776691e+00,-1.489994888285291e-04
2.633480000000027e-06,1.500100000000000e+00,1.500603233776494e+00,-1.489994887354611e-04
2.635480000000027e-06,1.500100000000000e+00,1.500603233776543e+00,-1.489994888418311e-04
2.637480000000028e-06,1.500100000000000e+00,1.500603233776835e+00,-1.489994887088554e-04
2.639480000000028e-06,1.500100000000000e+00,1.500603233777342e+00,-1.489994888418014e-04
2.641480000000028e-06,1.500100000000000e+00,1.500603233777964e+00,-1.489994887221099e-04
2.643480000000028e-06,1.500100000000000e+00,1.500603233778257e+00,-1.489994888284708e-04
2.645480000000028e-06,1.500100000000000e+00,1.500603233778335e+00,-1.489994887220961e-04
2.647480000000028e-06,1.500100000000000e+00,1.500603233778294e+00,-1.489994888550624e-04
2.649480000000028e-06,1.500100000000000e+00,1.500603233778193e+00,-1.489994887221013e-04
2.651480000000029e-06,1.500100000000000e+00,1.500603233777922e+00,-1.489994888284833e-04
2.653480000000029e-06,1.500100000000000e+00,1.500603233777630e+00,-1.489994887088258e-04
2.655480000000029e-06,1.500100000000000e+00,1.500603233777405e+00,-1.489994888285026e-04
2.657480000000029e-06,1.500100000000000e+00,1.500603233777325e+00,-1.489994887221336e-04
2.659480000000029e-06,1.500100000000000e+00,1.500603233777184e+00,-1.489994888418073e-04
2.661480000000029e-06,1.500100000000000e+00,1.500603233777094e+00,-1.489994887354387e-04
2.663480000000030e-06,1.500100000000000e+00,1.500603233777049e+00,-1.489994888551088e-04
2.665480000000030e-06,1.500100000000000e+00,1.500603233777202e+00,-1.489994887088418e-04
2.667480000000030e-06,1.500100000000000e+00,1.500603233777567e+00,-1.489994888550895e-04
2.669480000000030e-06,1.500100000000000e+00,1.500603233778066e+00,-1.489994887221061e-04
2.671480000000030e-06,1.500100000000000e+00,1.500603233778262e+00,-1.489994888284707e-04
2.673480000000030e-06,1.500100000000000e+00,1.500603233778208e+00,-1.489994887221008e-04
2.675480000000030e-06,1.500100000000000e+00,1.500603233778338e+00,-1.489994888284679e-04
2.677480000000031e-06,1.500100000000000e+00,1.500603233778766e+00,-1.489994887087836e-04
2.679480000000031e-06,1.500100000000000e+00,1.500603233779065e+00,-1.489994888417373e-04
2.681480000000031e-06,1.500100000000000e+00,1.500603233779062e+00,-1.489994887353655e-04
2.683480000000031e-06,1.500100000000000e+00,1.500603233778995e+00,-1.489994888284434e-04
2.685480000000031e-06,1.500100000000000e+00,1.500603233779138e+00,-1.489994887220662e-04
2.687480000000031e-06,1.500100000000000e+00,1.500603233779240e+00,-1.489994888284343e-04
2.689480000000031e-06,1.500100000000000e+00,1.500603233779484e+00,-1.489994887220533e-04
2.691480000000032e-06,1.500100000000000e+00,1.500603233779624e+00,-1.489994888284200e-04
2.693480000000032e-06,1.500100000000000e+00,1.500603233779570e+00,-1.489994887087536e-04
2.695480000000032e-06,1.500100000000000e+00,1.500603233779503e+00,-1.489994888284245e-04
2.697480000000032e-06,1.500100000000000e+00,1.500603233779504e+00,-1.489994887353491e-04
2.699480000000032e-06,1.500100000000000e+00,1.500603233779380e+00,-1.489994888284291e-04
2.701480000000032e-06,1.500100000000000e+00,1.500603233779172e+00,-1.489994887353614e-04
2.703480000000033e-06,1.500100000000000e+00,1.500603233778992e+00,-1.489994888417400e-04
2.705480000000033e-06,1.500100000000000e+00,1.500603233778801e+00,-1.489994887087822e-04
2.707480000000033e-06,1.500100000000000e+00,1.500603233778239e+00,-1.489994888284715e-04
2.709480000000033e-06,1.500100000000000e+00,1.500603233777576e+00,-1.489994887088278e-04
2.711480000000033e-06,1.500100000000000e+00,1.500603233776956e+00,-1.489994888285193e-04
2.713480000000033e-06,1.500100000000000e+00,1.500603233776438e+00,-1.489994887088701e-04
2.715480000000033e-06,1.500100000000000e+00,1.500603233776031e+00,-1.489994888285536e-04
2.717480000000034e-06,1.500100000000000e+00,1.500603233775945e+00,-1.489994887088885e-04
2.719480000000034e-06,1.500100000000000e+00,1.500603233776108e+00,-1.489994888418473e-04
2.721480000000034e-06,1.500100000000000e+00,1.500603233776323e+00,-1.489994887221709e-04
2.723480000000034e-06,1.500100000000000e+00,1.500603233776638e+00,-1.489994888152346e-04
2.725480000000034e-06,1.500100000000000e+00,1.500603233777237e+00,-1.489994887354334e-04
2.727480000000034e-06,1.500100000000000e+00,1.500603233777577e+00,-1.489994888284962e-04
2.729480000000034e-06,1.500100000000000e+00,1.500603233777652e+00,-1.489994887088250e-04
2.731480000000035e-06,1.500100000000000e+00,1.500603233777810e+00,-1.489994888284875e-04
2.733480000000035e-06,1.500100000000000e+00,1.500603233777980e+00,-1.489994887354057e-04
2.735480000000035e-06,1.500100000000000e+00,1.500603233778014e+00,-1.489994888417764e-04
2.737480000000035e-06,1.500100000000000e+00,1.500603233778114e+00,-1.489994887354008e-04
2.739480000000035e-06,1.500100000000000e+00,1.500603233778176e+00,-1.489994888284739e-04
2.741480000000035e-06,1.500100000000000e+00,1.500603233778146e+00,-1.489994887353996e-04
2.743480000000036e-06,1.500100000000000e+00,1.500603233777936e+00,-1.489994888284828e-04
2.745480000000036e-06,1.500100000000000e+00,1.500603233777841e+00,-1.489994887354109e-04
2.747480000000036e-06,1.500100000000000e+00,1.500603233777860e+00,-1.489994888284856e-04
2.749480000000036e-06,1.500100000000000e+00,1.500603233777986e+00,-1.489994887088125e-04
2.751480000000036e-06,1.500100000000000e+00,1.500603233778297e+00,-1.489994888284693e-04
2.753480000000036e-06,1.500100000000000e+00,1.500603233778761e+00,-1.489994887353767e-04
2.755480000000036e-06,1.500100000000000e+00,1.500603233778812e+00,-1.489994888284502e-04
2.757480000000037e-06,1.500100000000000e+00,1.500603233778596e+00,-1.489994887220863e-04
2.759480000000037e-06,1.500100000000000e+00,1.500603233778476e+00,-1.489994888284627e-04
2.761480000000037e-06,1.500100000000000e+00,1.500603233778362e+00,-1.489994887353916e-04
2.763480000000037e-06,1.500100000000000e+00,1.500603233778208e+00,-1.489994888284727e-04
2.765480000000037e-06,1.500100000000000e+00,1.500603233778422e+00,-1.489994887087964e-04
2.767480000000037e-06,1.500100000000000e+00,1.500603233778690e+00,-1.489994888284547e-04
2.769480000000037e-06,1.500100000000000e+00,1.500603233778740e+00,-1.489994887353775e-04
2.771480000000038e-06,1.500100000000000e+00,1.500603233778616e+00,-1.489994888284575e-04
2.773480000000038e-06,1.500100000000000e+00,1.500603233778651e+00,-1.489994887087878e-04
2.775480000000038e-06,1.500100000000000e+00,1.500603233778749e+00,-1.489994888284526e-04
2.777480000000038e-06,1.500100000000000e+00,1.500603233778859e+00,-1.489994887220766e-04
2.779480000000038e-06,1.500100000000000e+00,1.500603233778904e+00,-1.489994888284468e-04
2.781480000000038e-06,1.500100000000000e+00,1.500603233778791e+00,-1.489994887353756e-04
2.783480000000039e-06,1.500100000000000e+00,1.500603233778599e+00,-1.489994888151617e-04
2.785480000000039e-06,1.500100000000000e+00,1.500603233778586e+00,-1.489994887353832e-04
2.787480000000039e-06,1.500100000000000e+00,1.500603233778665e+00,-1.489994888151592e-04
2.789480000000039e-06,1.500100000000000e+00,1.500603233778624e+00,-1.489994887353818e-04
2.791480000000039e-06,1.500100000000000e+00,1.500603233778503e+00,-1.489994888550547e-04
2.793480000000039e-06,1.500100000000000e+00,1.500603233778732e+00,-1.489994887087848e-04
2.795480000000039e-06,1.500100000000000e+00,1.500603233779121e+00,-1.489994888284387e-04
2.797480000000040e-06,1.500100000000000e+00,1.500603233779439e+00,-1.489994887353515e-04
2.799480000000040e-06,1.500100000000000e+00,1.500603233779392e+00,-1.489994888018357e-04
2.801480000000040e-06,1.500100000000000e+00,1.500603233779235e+00,-1.489994887353590e-04
2.803480000000040e-06,1.500100000000000e+00,1.500603233779302e+00,-1.489994888151355e-04
2.805480000000040e-06,1.500100000000000e+00,1.500603233779517e+00,-1.489994887353486e-04
2.807480000000040e-06,1.500100000000000e+00,1.500603233779590e+00,-1.489994888018283e-04
2.809480000000040e-06,1.500100000000000e+00,1.500603233779519e+00,-1.489994887353485e-04
2.811480000000041e-06,1.500100000000000e+00,1.500603233779471e+00,-1.489994888284257e-04
2.813480000000041e-06,1.500100000000000e+00,1.500603233779517e+00,-1.489994887353486e-04
2.815480000000041e-06,1.500100000000000e+00,1.500603233779251e+00,-1.489994888151374e-04
2.817480000000041e-06,1.500100000000000e+00,1.500603233778919e+00,-1.489994887220743e-04
2.819480000000041e-06,1.500100000000000e+00,1.500603233778698e+00,-1.489994888284545e-04
2.821480000000041e-06,1.500100000000000e+00,1.500603233778460e+00,-1.489994887353879e-04
2.823480000000042e-06,1.500100000000000e+00,1.500603233778167e+00,-1.489994888018812e-04
2.825480000000042e-06,1.500100000000000e+00,1.500603233778126e+00,-1.489994887354004e-04
2.827480000000042e-06,1.500100000000000e+00,1.500603233778159e+00,-1.489994888284745e-04
2.829480000000042e-06,1.500100000000000e+00,1.500603233778133e+00,-1.489994887221036e-04
2.831480000000042e-06,1.500100000000000e+00,1.500603233778028e+00,-1.489994888151829e-04
2.833480000000042e-06,1.500100000000000e+00,1.500603233777987e+00,-1.489994887354055e-04
2.835480000000042e-06,1.500100000000000e+00,1.500603233777952e+00,-1.489994888151857e-04
2.837480000000043e-06,1.500100000000000e+00,1.500603233777958e+00,-1.489994887487031e-04
2.839480000000043e-06,1.500100000000000e+00,1.500603233777890e+00,-1.489994888018915e-04
2.841480000000043e-06,1.500100000000000e+00,1.500603233777654e+00,-1.489994887354179e-04
2.843480000000043e-06,1.500100000000000e+00,1.500603233777450e+00,-1.489994888285009e-04
2.845480000000043e-06,1.500100000000000e+00,1.500603233777577e+00,-1.489994887354208e-04
2.847480000000043e-06,1.500100000000000e+00,1.500603233777623e+00,-1.489994888284944e-04
2.849480000000043e-06,1.500100000000000e+00,1.500603233777416e+00,-1.489994887221303e-04
2.851480000000044e-06,1.500100000000000e+00,1.500603233777229e+00,-1.489994888285091e-04
2.853480000000044e-06,1.500100000000000e+00,1.500603233777338e+00,-1.489994887221332e-04
2.855480000000044e-06,1.500100000000000e+00,1.500603233777494e+00,-1.489994888019063e-04
2.857480000000044e-06,1.500100000000000e+00,1.500603233777737e+00,-1.489994887221183e-04
2.859480000000044e-06,1.500100000000000e+00,1.500603233778092e+00,-1.489994888284770e-04
2.861480000000044e-06,1.500100000000000e+00,1.500603233778352e+00,-1.489994887353919e-04
2.863480000000045e-06,1.500100000000000e+00,1.500603233778536e+00,-1.489994888284605e-04
2.865480000000045e-06,1.500100000000000e+00,1.500603233778766e+00,-1.489994887353765e-04
2.867480000000045e-06,1.500100000000000e+00,1.500603233778747e+00,-1.489994888284526e-04
2.869480000000045e-06,1.500100000000000e+00,1.500603233778407e+00,-1.489994887220934e-04
2.871480000000045e-06,1.500100000000000e+00,1.500603233778057e+00,-1.489994888284783e-04
2.873480000000045e-06,1.500100000000000e+00,1.500603233778049e+00,-1.489994887486997e-04
2.875480000000045e-06,1.500100000000000e+00,1.500603233778209e+00,-1.489994888284727e-04
2.877480000000046e-06,1.500100000000000e+00,1.500603233778154e+00,-1.489994887353993e-04
2.879480000000046e-06,1.500100000000000e+00,1.500603233777853e+00,-1.489994888018929e-04
2.881480000000046e-06,1.500100000000000e+00,1.500603233777775e+00,-1.489994887354134e-04
2.883480000000046e-06,1.500100000000000e+00,1.500603233777825e+00,-1.489994888284869e-04
2.885480000000046e-06,1.500100000000000e+00,1.500603233777843e+00,-1.489994887354109e-04
2.887480000000046e-06,1.500100000000000e+00,1.500603233778000e+00,-1.489994888284804e-04
2.889480000000046e-06,1.500100000000000e+00,1.500603233778449e+00,-1.489994887353883e-04
2.891480000000047e-06,1.500100000000000e+00,1.500603233778903e+00,-1.489994888550398e-04
2.893480000000047e-06,1.500100000000000e+00,1.500603233779341e+00,-1.489994887619481e-04
2.895480000000047e-06,1.500100000000000e+00,1.500603233779682e+00,-1.489994888284178e-04
2.897480000000047e-06,1.500100000000000e+00,1.500603233779808e+00,-1.489994887619307e-04
2.899480000000047e-06,1.500100000000000e+00,1.500603233779763e+00,-1.489994888284148e-04
2.901480000000047e-06,1.500100000000000e+00,1.500603233779901e+00,-1.489994887353343e-04
2.903480000000048e-06,1.500100000000000e+00,1.500603233780080e+00,-1.489994888284030e-04
2.905480000000048e-06,1.500100000000000e+00,1.500603233780024e+00,-1.489994887353297e-04
2.907480000000048e-06,1.500100000000000e+00,1.500603233779728e+00,-1.489994888018232e-04
2.909480000000048e-06,1.500100000000000e+00,1.500603233779421e+00,-1.489994887353522e-04
2.911480000000048e-06,1.500100000000000e+00,1.500603233779141e+00,-1.489994888018450e-04
2.913480000000048e-06,1.500100000000000e+00,1.500603233779042e+00,-1.489994887486627e-04
2.915480000000048e-06,1.500100000000000e+00,1.500603233779012e+00,-1.489994888284428e-04
2.917480000000049e-06,1.500100000000000e+00,1.500603233778892e+00,-1.489994887486683e-04
2.919480000000049e-06,1.500100000000000e+00,1.500603233778532e+00,-1.489994888018677e-04
2.921480000000049e-06,1.500100000000000e+00,1.500603233778208e+00,-1.489994887353973e-04
2.923480000000049e-06,1.500100000000000e+00,1.500603233777953e+00,-1.489994888018892e-04
2.925480000000049e-06,1.500100000000000e+00,1.500603233777722e+00,-1.489994887354154e-04
2.927480000000049e-06,1.500100000000000e+00,1.500603233777431e+00,-1.489994888152051e-04
2.929480000000049e-06,1.500100000000000e+00,1.500603233777339e+00,-1.489994887487261e-04
2.931480000000050e-06,1.500100000000000e+00,1.500603233777249e+00,-1.489994888152119e-04
2.933480000000050e-06,1.500100000000000e+00,1.500603233776885e+00,-1.489994887354465e-04
2.935480000000050e-06,1.500100000000000e+00,1.500603233776670e+00,-1.489994888285299e-04
2.937480000000050e-06,1.500100000000000e+00,1.500603233776918e+00,-1.489994887354453e-04
2.939480000000050e-06,1.500100000000000e+00,1.500603233777212e+00,-1.489994888019167e-04
2.941480000000050e-06,1.500100000000000e+00,1.500603233777337e+00,-1.489994887620226e-04
2.943480000000051e-06,1.500100000000000e+00,1.500603233777445e+00,-1.489994888019081e-04
2.945480000000051e-06,1.500100000000000e+00,1.500603233777600e+00,-1.489994887487164e-04
2.947480000000051e-06,1.500100000000000e+00,1.500603233777704e+00,-1.489994888284914e-04
2.949480000000051e-06,1.500100000000000e+00,1.500603233778057e+00,-1.489994887619959e-04
2.951480000000051e-06,1.500100000000000e+00,1.500603233778554e+00,-1.489994888284598e-04
2.953480000000051e-06,1.500100000000000e+00,1.500603233778839e+00,-1.489994887353738e-04
2.955480000000051e-06,1.500100000000000e+00,1.500603233778948e+00,-1.489994888151487e-04
2.957480000000052e-06,1.500100000000000e+00,1.500603233779158e+00,-1.489994887486584e-04
2.959480000000052e-06,1.500100000000000e+00,1.500603233779270e+00,-1.489994888151367e-04
2.961480000000052e-06,1.500100000000000e+00,1.500603233779331e+00,-1.489994887486520e-04
2.963480000000052e-06,1.500100000000000e+00,1.500603233779544e+00,-1.489994888151265e-04
2.965480000000052e-06,1.500100000000000e+00,1.500603233779668e+00,-1.489994887619360e-04
2.967480000000052e-06,1.500100000000000e+00,1.500603233779481e+00,-1.489994888018324e-04
2.969480000000053e-06,1.500100000000000e+00,1.500603233779406e+00,-1.489994887353527e-04
2.971480000000053e-06,1.500100000000000e+00,1.500603233779570e+00,-1.489994888018290e-04
2.973480000000053e-06,1.500100000000000e+00,1.500603233779644e+00,-1.489994887619368e-04
2.975480000000053e-06,1.500100000000000e+00,1.500603233779595e+00,-1.489994888284211e-04
2.977480000000053e-06,1.500100000000000e+00,1.500603233779611e+00,-1.489994887619381e-04
2.979480000000053e-06,1.500100000000000e+00,1.500603233779354e+00,-1.489994888018371e-04
2.981480000000053e-06,1.500100000000000e+00,1.500603233778877e+00,-1.489994887619654e-04
2.983480000000054e-06,1.500100000000000e+00,1.500603233778518e+00,-1.489994888151646e-04
2.985480000000054e-06,1.500100000000000e+00,1.500603233778478e+00,-1.489994887353872e-04
2.987480000000054e-06,1.500100000000000e+00,1.500603233778652e+00,-1.489994888284562e-04
2.989480000000054e-06,1.500100000000000e+00,1.500603233778760e+00,-1.489994887486732e-04
2.991480000000054e-06,1.500100000000000e+00,1.500603233778606e+00,-1.489994888018649e-04
2.993480000000054e-06,1.500100000000000e+00,1.500603233778537e+00,-1.489994887619780e-04
2.995480000000054e-06,1.500100000000000e+00,1.500603233778655e+00,-1.489994888018631e-04
2.997480000000055e-06,1.500100000000000e+00,1.500603233778662e+00,-1.489994887353804e-04
2.999480000000055e-06,1.500100000000000e+00,1.500603233778557e+00,-1.489994888284597e-04
3.001480000000055e-06,1.500100000000000e+00,1.500603233778856e+00,-1.489994887486697e-04
3.003480000000055e-06,1.500100000000000e+00,1.500603233779371e+00,-1.489994888284294e-04
3.005480000000055e-06,1.500100000000000e+00,1.500603233779638e+00,-1.489994887619371e-04
3.007480000000055e-06,1.500100000000000e+00,1.500603233779712e+00,-1.489994888284167e-04
3.009480000000056e-06,1.500100000000000e+00,1.500603233779892e+00,-1.489994887619276e-04
3.011480000000056e-06,1.500100000000000e+00,1.500603233779878e+00,-1.489994888018176e-04
3.013480000000056e-06,1.500100000000000e+00,1.500603233779595e+00,-1.489994887619386e-04
3.015480000000056e-06,1.500100000000000e+00,1.500603233779391e+00,-1.489994888151322e-04
3.017480000000056e-06,1.500100000000000e+00,1.500603233779414e+00,-1.489994887353524e-04
3.019480000000056e-06,1.500100000000000e+00,1.500603233779264e+00,-1.489994888151369e-04
3.021480000000056e-06,1.500100000000000e+00,1.500603233779007e+00,-1.489994887619605e-04
3.023480000000057e-06,1.500100000000000e+00,1.500603233778772e+00,-1.489994888018587e-04
3.025480000000057e-06,1.500100000000000e+00,1.500603233778481e+00,-1.489994887619801e-04
3.027480000000057e-06,1.500100000000000e+00,1.500603233778146e+00,-1.489994888151785e-04
3.029480000000057e-06,1.500100000000000e+00,1.500603233777953e+00,-1.489994887354067e-04
3.031480000000057e-06,1.500100000000000e+00,1.500603233777890e+00,-1.489994888018915e-04
3.033480000000057e-06,1.500100000000000e+00,1.500603233777916e+00,-1.489994887620011e-04
3.035480000000057e-06,1.500100000000000e+00,1.500603233777976e+00,-1.489994888018883e-04
3.037480000000058e-06,1.500100000000000e+00,1.500603233778091e+00,-1.489994887619946e-04
3.039480000000058e-06,1.500100000000000e+00,1.500603233778164e+00,-1.489994888018814e-04
3.041480000000058e-06,1.500100000000000e+00,1.500603233778508e+00,-1.489994887353861e-04
3.043480000000058e-06,1.500100000000000e+00,1.500603233778899e+00,-1.489994888284470e-04
3.045480000000058e-06,1.500100000000000e+00,1.500603233778914e+00,-1.489994887353710e-04
3.047480000000058e-06,1.500100000000000e+00,1.500603233778624e+00,-1.489994888284572e-04
3.049480000000059e-06,1.500100000000000e+00,1.500603233778457e+00,-1.489994887619810e-04
3.051480000000059e-06,1.500100000000000e+00,1.500603233778322e+00,-1.489994888151720e-04
3.053480000000059e-06,1.500100000000000e+00,1.500603233778087e+00,-1.489994887619947e-04
3.055480000000059e-06,1.500100000000000e+00,1.500603233778034e+00,-1.489994888018862e-04
3.057480000000059e-06,1.500100000000000e+00,1.500603233778077e+00,-1.489994887619951e-04
3.059480000000059e-06,1.500100000000000e+00,1.500603233777941e+00,-1.489994888018896e-04
3.061480000000059e-06,1.500100000000000e+00,1.500603233777898e+00,-1.489994887354088e-04
3.063480000000060e-06,1.500100000000000e+00,1.500603233777857e+00,-1.489994888018928e-04
3.065480000000060e-06,1.500100000000000e+00,1.500603233777722e+00,-1.489994887620083e-04
3.067480000000060e-06,1.500100000000000e+00,1.500603233777617e+00,-1.489994888019017e-04
3.069480000000060e-06,1.500100000000000e+00,1.500603233777597e+00,-1.489994887620130e-04
3.071480000000060e-06,1.500100000000000e+00,1.500603233777658e+00,-1.489994888019002e-04
3.073480000000060e-06,1.500100000000000e+00,1.500603233777663e+00,-1.489994887620105e-04
3.075480000000060e-06,1.500100000000000e+00,1.500603233777486e+00,-1.489994887886101e-04
3.077480000000061e-06,1.500100000000000e+00,1.500603233777503e+00,-1.489994887620165e-04
3.079480000000061e-06,1.500100000000000e+00,1.500603233777685e+00,-1.489994888018992e-04
3.081480000000061e-06,1.500100000000000e+00,1.500603233777582e+00,-1.489994887620136e-04
3.083480000000061e-06,1.500100000000000e+00,1.500603233777426e+00,-1.489994888019088e-04
3.085480000000061e-06,1.500100000000000e+00,1.500603233777351e+00,-1.489994887354292e-04
3.087480000000061e-06,1.500100000000000e+00,1.500603233776995e+00,-1.489994888019249e-04
3.089480000000062e-06,1.500100000000000e+00,1.500603233776633e+00,-1.489994887886418e-04
3.091480000000062e-06,1.500100000000000e+00,1.500603233776417e+00,-1.489994888019463e-04
3.093480000000062e-06,1.500100000000000e+00,1.500603233776354e+00,-1.489994887620592e-04
3.095480000000062e-06,1.500100000000000e+00,1.500603233776397e+00,-1.489994888152436e-04
3.097480000000062e-06,1.500100000000000e+00,1.500603233776291e+00,-1.489994887620615e-04
3.099480000000062e-06,1.500100000000000e+00,1.500603233776223e+00,-1.489994888019535e-04
3.101480000000062e-06,1.500100000000000e+00,1.500603233776469e+00,-1.489994887620549e-04
3.103480000000063e-06,1.500100000000000e+00,1.500603233776719e+00,-1.489994888019351e-04
3.105480000000063e-06,1.500100000000000e+00,1.500603233776915e+00,-1.489994887620383e-04
3.107480000000063e-06,1.500100000000000e+00,1.500603233777166e+00,-1.489994888019185e-04
3.109480000000063e-06,1.500100000000000e+00,1.500603233777425e+00,-1.489994887487229e-04
3.111480000000063e-06,1.500100000000000e+00,1.500603233777486e+00,-1.489994888019066e-04
3.113480000000063e-06,1.500100000000000e+00,1.500603233777614e+00,-1.489994887487158e-04
3.115480000000063e-06,1.500100000000000e+00,1.500603233777606e+00,-1.489994888019021e-04
3.117480000000064e-06,1.500100000000000e+00,1.500603233777335e+00,-1.489994887354298e-04
3.119480000000064e-06,1.500100000000000e+00,1.500603233777071e+00,-1.489994888019220e-04
3.121480000000064e-06,1.500100000000000e+00,1.500603233777102e+00,-1.489994887620314e-04
3.123480000000064e-06,1.500100000000000e+00,1.500603233777283e+00,-1.489994888019141e-04
3.125480000000064e-06,1.500100000000000e+00,1.500603233777236e+00,-1.489994887487299e-04
3.127480000000064e-06,1.500100000000000e+00,1.500603233777068e+00,-1.489994888019221e-04
3.129480000000065e-06,1.500100000000000e+00,1.500603233777242e+00,-1.489994887354332e-04
3.131480000000065e-06,1.500100000000000e+00,1.500603233777670e+00,-1.489994888018997e-04
3.133480000000065e-06,1.500100000000000e+00,1.500603233777849e+00,-1.489994887620036e-04
3.135480000000065e-06,1.500100000000000e+00,1.500603233777869e+00,-1.489994888018923e-04
3.137480000000065e-06,1.500100000000000e+00,1.500603233778238e+00,-1.489994887619891e-04
3.139480000000065e-06,1.500100000000000e+00,1.500603233778651e+00,-1.489994888018632e-04
3.141480000000065e-06,1.500100000000000e+00,1.500603233778705e+00,-1.489994887353788e-04
3.143480000000066e-06,1.500100000000000e+00,1.500603233778467e+00,-1.489994888018701e-04
3.145480000000066e-06,1.500100000000000e+00,1.500603233778280e+00,-1.489994887619876e-04
3.147480000000066e-06,1.500100000000000e+00,1.500603233778203e+00,-1.489994888018799e-04
3.149480000000066e-06,1.500100000000000e+00,1.500603233778145e+00,-1.489994887486961e-04
3.151480000000066e-06,1.500100000000000e+00,1.500603233777930e+00,-1.489994888018901e-04
3.153480000000066e-06,1.500100000000000e+00,1.500603233777863e+00,-1.489994887354101e-04
3.155480000000066e-06,1.500100000000000e+00,1.500603233777942e+00,-1.489994888018896e-04
3.157480000000067e-06,1.500100000000000e+00,1.500603233777916e+00,-1.489994887620011e-04
3.159480000000067e-06,1.500100000000000e+00,1.500603233777895e+00,-1.489994888018914e-04
3.161480000000067e-06,1.500100000000000e+00,1.500603233777947e+00,-1.489994887619999e-04
3.163480000000067e-06,1.500100000000000e+00,1.500603233777890e+00,-1.489994888018915e-04
3.165480000000067e-06,1.500100000000000e+00,1.500603233777805e+00,-1.489994887620053e-04
3.167480000000067e-06,1.500100000000000e+00,1.500603233777633e+00,-1.489994888019011e-04
3.169480000000068e-06,1.500100000000000e+00,1.500603233777392e+00,-1.489994887354276e-04
3.171480000000068e-06,1.500100000000000e+00,1.500603233777197e+00,-1.489994888019173e-04
3.173480000000068e-06,1.500100000000000e+00,1.500603233777007e+00,-1.489994887620349e-04
3.175480000000068e-06,1.500100000000000e+00,1.500603233776827e+00,-1.489994888019311e-04
3.177480000000068e-06,1.500100000000000e+00,1.500603233776855e+00,-1.489994887620406e-04
3.179480000000068e-06,1.500100000000000e+00,1.500603233776954e+00,-1.489994888019263e-04
3.181480000000068e-06,1.500100000000000e+00,1.500603233776906e+00,-1.489994887620387e-04
3.183480000000069e-06,1.500100000000000e+00,1.500603233776773e+00,-1.489994888019331e-04
3.185480000000069e-06,1.500100000000000e+00,1.500603233776795e+00,-1.489994887620428e-04
3.187480000000069e-06,1.500100000000000e+00,1.500603233776995e+00,-1.489994888019248e-04
3.189480000000069e-06,1.500100000000000e+00,1.500603233777148e+00,-1.489994887620297e-04
3.191480000000069e-06,1.500100000000000e+00,1.500603233777153e+00,-1.489994888019189e-04
3.193480000000069e-06,1.500100000000000e+00,1.500603233777245e+00,-1.489994887487296e-04
3.195480000000069e-06,1.500100000000000e+00,1.500603233777293e+00,-1.489994888019137e-04
3.197480000000070e-06,1.500100000000000e+00,1.500603233777422e+00,-1.489994887487230e-04
3.199480000000070e-06,1.500100000000000e+00,1.500603233777580e+00,-1.489994888019031e-04
3.201480000000070e-06,1.500100000000000e+00,1.500603233777563e+00,-1.489994887620142e-04
3.203480000000070e-06,1.500100000000000e+00,1.500603233777692e+00,-1.489994888018989e-04
3.205480000000070e-06,1.500100000000000e+00,1.500603233778025e+00,-1.489994887487006e-04
3.207480000000070e-06,1.500100000000000e+00,1.500603233778107e+00,-1.489994888151800e-04
3.209480000000071e-06,1.500100000000000e+00,1.500603233777981e+00,-1.489994887619987e-04
3.211480000000071e-06,1.500100000000000e+00,1.500603233778012e+00,-1.489994888018870e-04
3.213480000000071e-06,1.500100000000000e+00,1.500603233778244e+00,-1.489994887619889e-04
3.215480000000071e-06,1.500100000000000e+00,1.500603233778359e+00,-1.489994888018741e-04
3.217480000000071e-06,1.500100000000000e+00,1.500603233778226e+00,-1.489994887619896e-04
3.219480000000071e-06,1.500100000000000e+00,1.500603233778165e+00,-1.489994888018813e-04
3.221480000000071e-06,1.500100000000000e+00,1.500603233778404e+00,-1.489994887486865e-04
3.223480000000072e-06,1.500100000000000e+00,1.500603233778528e+00,-1.489994888284608e-04
3.225480000000072e-06,1.500100000000000e+00,1.500603233778483e+00,-1.489994887619800e-04
3.227480000000072e-06,1.500100000000000e+00,1.500603233778281e+00,-1.489994887752840e-04
3.229480000000072e-06,1.500100000000000e+00,1.500603233777951e+00,-1.489994887619998e-04
3.231480000000072e-06,1.500100000000000e+00,1.500603233777704e+00,-1.489994888018985e-04
3.233480000000072e-06,1.500100000000000e+00,1.500603233777696e+00,-1.489994887753058e-04
3.235480000000072e-06,1.500100000000000e+00,1.500603233777748e+00,-1.489994888018968e-04
3.237480000000073e-06,1.500100000000000e+00,1.500603233777778e+00,-1.489994887620062e-04
3.239480000000073e-06,1.500100000000000e+00,1.500603233777850e+00,-1.489994888018930e-04
3.241480000000073e-06,1.500100000000000e+00,1.500603233777813e+00,-1.489994887620050e-04
3.243480000000073e-06,1.500100000000000e+00,1.500603233777654e+00,-1.489994887753073e-04
3.245480000000073e-06,1.500100000000000e+00,1.500603233777592e+00,-1.489994887620132e-04
3.247480000000073e-06,1.500100000000000e+00,1.500603233777434e+00,-1.489994888019085e-04
3.249480000000074e-06,1.500100000000000e+00,1.500603233777090e+00,-1.489994887620318e-04
3.251480000000074e-06,1.500100000000000e+00,1.500603233776741e+00,-1.489994888019343e-04
3.253480000000074e-06,1.500100000000000e+00,1.500603233776635e+00,-1.489994887620488e-04
3.255480000000074e-06,1.500100000000000e+00,1.500603233776592e+00,-1.489994888019398e-04
3.257480000000074e-06,1.500100000000000e+00,1.500603233776495e+00,-1.489994887620539e-04
3.259480000000074e-06,1.500100000000000e+00,1.500603233776472e+00,-1.489994888019443e-04
3.261480000000074e-06,1.500100000000000e+00,1.500603233776454e+00,-1.489994887620555e-04
3.263480000000075e-06,1.500100000000000e+00,1.500603233776273e+00,-1.489994888019517e-04
3.265480000000075e-06,1.500100000000000e+00,1.500603233776148e+00,-1.489994887620669e-04
3.267480000000075e-06,1.500100000000000e+00,1.500603233776084e+00,-1.489994888019587e-04
3.269480000000075e-06,1.500100000000000e+00,1.500603233776128e+00,-1.489994887354746e-04
3.271480000000075e-06,1.500100000000000e+00,1.500603233776125e+00,-1.489994888019572e-04
3.273480000000075e-06,1.500100000000000e+00,1.500603233775854e+00,-1.489994887620778e-04
3.275480000000075e-06,1.500100000000000e+00,1.500603233775519e+00,-1.489994888019797e-04
3.277480000000076e-06,1.500100000000000e+00,1.500603233775360e+00,-1.489994887487997e-04
3.279480000000076e-06,1.500100000000000e+00,1.500603233775470e+00,-1.489994887886851e-04
3.281480000000076e-06,1.500100000000000e+00,1.500603233775636e+00,-1.489994887354930e-04
3.283480000000076e-06,1.500100000000000e+00,1.500603233775612e+00,-1.489994888019763e-04
3.285480000000076e-06,1.500100000000000e+00,1.500603233775645e+00,-1.489994887620856e-04
3.287480000000076e-06,1.500100000000000e+00,1.500603233775861e+00,-1.489994887886705e-04
3.289480000000077e-06,1.500100000000000e+00,1.500603233776006e+00,-1.489994887620722e-04
3.291480000000077e-06,1.500100000000000e+00,1.500603233775891e+00,-1.489994888019659e-04
3.293480000000077e-06,1.500100000000000e+00,1.500603233775955e+00,-1.489994887487776e-04
3.295480000000077e-06,1.500100000000000e+00,1.500603233776246e+00,-1.489994888019527e-04
3.297480000000077e-06,1.500100000000000e+00,1.500603233776415e+00,-1.489994887487605e-04
3.299480000000077e-06,1.500100000000000e+00,1.500603233776588e+00,-1.489994888019400e-04
3.301480000000077e-06,1.500100000000000e+00,1.500603233776877e+00,-1.489994887487433e-04
3.303480000000078e-06,1.500100000000000e+00,1.500603233777049e+00,-1.489994887886263e-04
3.305480000000078e-06,1.500100000000000e+00,1.500603233777232e+00,-1.489994887620266e-04
3.307480000000078e-06,1.500100000000000e+00,1.500603233777348e+00,-1.489994887886152e-04
3.309480000000078e-06,1.500100000000000e+00,1.500603233777265e+00,-1.489994887620253e-04
3.311480000000078e-06,1.500100000000000e+00,1.500603233777126e+00,-1.489994887753270e-04
3.313480000000078e-06,1.500100000000000e+00,1.500603233777146e+00,-1.489994887620298e-04
3.315480000000078e-06,1.500100000000000e+00,1.500603233777342e+00,-1.489994887886154e-04
3.317480000000079e-06,1.500100000000000e+00,1.500603233777399e+00,-1.489994887620204e-04
3.319480000000079e-06,1.500100000000000e+00,1.500603233777113e+00,-1.489994888019204e-04
3.321480000000079e-06,1.500100000000000e+00,1.500603233776838e+00,-1.489994887620412e-04
3.323480000000079e-06,1.500100000000000e+00,1.500603233776719e+00,-1.489994888019351e-04
3.325480000000079e-06,1.500100000000000e+00,1.500603233776645e+00,-1.489994887620484e-04
3.327480000000079e-06,1.500100000000000e+00,1.500603233776580e+00,-1.489994888019402e-04
3.329480000000080e-06,1.500100000000000e+00,1.500603233776594e+00,-1.489994887886433e-04
3.331480000000080e-06,1.500100000000000e+00,1.500603233776703e+00,-1.489994888019357e-04
3.333480000000080e-06,1.500100000000000e+00,1.500603233777032e+00,-1.489994887620340e-04
3.335480000000080e-06,1.500100000000000e+00,1.500603233777270e+00,-1.489994888019146e-04
3.337480000000080e-06,1.500100000000000e+00,1.500603233777115e+00,-1.489994887620309e-04
3.339480000000080e-06,1.500100000000000e+00,1.500603233776935e+00,-1.489994888019271e-04
3.341480000000080e-06,1.500100000000000e+00,1.500603233776992e+00,-1.489994887886284e-04
3.343480000000081e-06,1.500100000000000e+00,1.500603233776981e+00,-1.489994888019253e-04
3.345480000000081e-06,1.500100000000000e+00,1.500603233776924e+00,-1.489994887620380e-04
3.347480000000081e-06,1.500100000000000e+00,1.500603233777220e+00,-1.489994888019165e-04
3.349480000000081e-06,1.500100000000000e+00,1.500603233777666e+00,-1.489994887753069e-04
3.351480000000081e-06,1.500100000000000e+00,1.500603233777723e+00,-1.489994888018977e-04
3.353480000000081e-06,1.500100000000000e+00,1.500603233777587e+00,-1.489994887886063e-04
3.355480000000082e-06,1.500100000000000e+00,1.500603233777544e+00,-1.489994888284974e-04
3.357480000000082e-06,1.500100000000000e+00,1.500603233777657e+00,-1.489994887620107e-04
3.359480000000082e-06,1.500100000000000e+00,1.500603233777568e+00,-1.489994888019035e-04
3.361480000000082e-06,1.500100000000000e+00,1.500603233777126e+00,-1.489994887620305e-04
3.363480000000082e-06,1.500100000000000e+00,1.500603233776593e+00,-1.489994888019398e-04
3.365480000000082e-06,1.500100000000000e+00,1.500603233776145e+00,-1.489994887620670e-04
3.367480000000082e-06,1.500100000000000e+00,1.500603233775808e+00,-1.489994888019690e-04
3.369480000000083e-06,1.500100000000000e+00,1.500603233775709e+00,-1.489994887886762e-04
3.371480000000083e-06,1.500100000000000e+00,1.500603233775867e+00,-1.489994888019668e-04
3.373480000000083e-06,1.500100000000000e+00,1.500603233776065e+00,-1.489994887886629e-04
3.375480000000083e-06,1.500100000000000e+00,1.500603233776184e+00,-1.489994888019550e-04
3.377480000000083e-06,1.500100000000000e+00,1.500603233776541e+00,-1.489994887620523e-04
3.379480000000083e-06,1.500100000000000e+00,1.500603233777017e+00,-1.489994888019240e-04
3.381480000000083e-06,1.500100000000000e+00,1.500603233777214e+00,-1.489994887886202e-04
3.383480000000084e-06,1.500100000000000e+00,1.500603233777128e+00,-1.489994888019199e-04
3.385480000000084e-06,1.500100000000000e+00,1.500603233776997e+00,-1.489994887886283e-04
3.387480000000084e-06,1.500100000000000e+00,1.500603233777033e+00,-1.489994887886270e-04
3.389480000000084e-06,1.500100000000000e+00,1.500603233777074e+00,-1.489994887753289e-04
3.391480000000084e-06,1.500100000000000e+00,1.500603233777167e+00,-1.489994888019184e-04
3.393480000000084e-06,1.500100000000000e+00,1.500603233777578e+00,-1.489994887620137e-04
3.395480000000085e-06,1.500100000000000e+00,1.500603233777925e+00,-1.489994888018902e-04
3.397480000000085e-06,1.500100000000000e+00,1.500603233778091e+00,-1.489994887885876e-04
3.399480000000085e-06,1.500100000000000e+00,1.500603233778226e+00,-1.489994888018790e-04
3.401480000000085e-06,1.500100000000000e+00,1.500603233778308e+00,-1.489994887885795e-04
3.403480000000085e-06,1.500100000000000e+00,1.500603233778353e+00,-1.489994888018743e-04
3.405480000000085e-06,1.500100000000000e+00,1.500603233778426e+00,-1.489994887885751e-04
3.407480000000085e-06,1.500100000000000e+00,1.500603233778290e+00,-1.489994888018767e-04
3.409480000000086e-06,1.500100000000000e+00,1.500603233777985e+00,-1.489994887885915e-04
3.411480000000086e-06,1.500100000000000e+00,1.500603233777887e+00,-1.489994888018917e-04
3.413480000000086e-06,1.500100000000000e+00,1.500603233778063e+00,-1.489994887885886e-04
3.415480000000086e-06,1.500100000000000e+00,1.500603233778179e+00,-1.489994887885843e-04
3.417480000000086e-06,1.500100000000000e+00,1.500603233778145e+00,-1.489994887619926e-04
3.419480000000086e-06,1.500100000000000e+00,1.500603233778032e+00,-1.489994888018863e-04
3.421480000000086e-06,1.500100000000000e+00,1.500603233777846e+00,-1.489994887885967e-04
3.423480000000087e-06,1.500100000000000e+00,1.500603233777407e+00,-1.489994888019095e-04
3.425480000000087e-06,1.500100000000000e+00,1.500603233776958e+00,-1.489994887620367e-04
3.427480000000087e-06,1.500100000000000e+00,1.500603233776841e+00,-1.489994888019305e-04
3.429480000000087e-06,1.500100000000000e+00,1.500603233776955e+00,-1.489994887886298e-04
3.431480000000087e-06,1.500100000000000e+00,1.500603233777023e+00,-1.489994888019238e-04
3.433480000000087e-06,1.500100000000000e+00,1.500603233777042e+00,-1.489994887620336e-04
3.435480000000088e-06,1.500100000000000e+00,1.500603233777292e+00,-1.489994888019138e-04
3.437480000000088e-06,1.500100000000000e+00,1.500603233777581e+00,-1.489994887886065e-04
3.439480000000088e-06,1.500100000000000e+00,1.500603233777513e+00,-1.489994888019056e-04
3.441480000000088e-06,1.500100000000000e+00,1.500603233777245e+00,-1.489994887620261e-04
3.443480000000088e-06,1.500100000000000e+00,1.500603233777038e+00,-1.489994887753302e-04
3.445480000000088e-06,1.500100000000000e+00,1.500603233777009e+00,-1.489994887753313e-04
3.447480000000088e-06,1.500100000000000e+00,1.500603233776965e+00,-1.489994888019260e-04
3.449480000000089e-06,1.500100000000000e+00,1.500603233776798e+00,-1.489994888019321e-04
3.451480000000089e-06,1.500100000000000e+00,1.500603233776749e+00,-1.489994888019340e-04
3.453480000000089e-06,1.500100000000000e+00,1.500603233776979e+00,-1.489994887620359e-04
3.455480000000089e-06,1.500100000000000e+00,1.500603233777152e+00,-1.489994888019190e-04
3.457480000000089e-06,1.500100000000000e+00,1.500603233777216e+00,-1.489994887753236e-04
3.459480000000089e-06,1.500100000000000e+00,1.500603233777408e+00,-1.489994888019095e-04
3.461480000000089e-06,1.500100000000000e+00,1.500603233777570e+00,-1.489994887753105e-04
3.463480000000090e-06,1.500100000000000e+00,1.500603233777448e+00,-1.489994888019080e-04
3.465480000000090e-06,1.500100000000000e+00,1.500603233777161e+00,-1.489994887753257e-04
3.467480000000090e-06,1.500100000000000e+00,1.500603233777107e+00,-1.489994888019207e-04
3.469480000000090e-06,1.500100000000000e+00,1.500603233777261e+00,-1.489994887886184e-04
3.471480000000090e-06,1.500100000000000e+00,1.500603233777227e+00,-1.489994887886197e-04
3.473480000000090e-06,1.500100000000000e+00,1.500603233777237e+00,-1.489994887886194e-04
3.475480000000091e-06,1.500100000000000e+00,1.500603233777207e+00,-1.489994887886205e-04
3.477480000000091e-06,1.500100000000000e+00,1.500603233776874e+00,-1.489994887753363e-04
3.479480000000091e-06,1.500100000000000e+00,1.500603233776591e+00,-1.489994887886434e-04
3.481480000000091e-06,1.500100000000000e+00,1.500603233776518e+00,-1.489994887886461e-04
3.483480000000091e-06,1.500100000000000e+00,1.500603233776561e+00,-1.489994888019410e-04
3.485480000000091e-06,1.500100000000000e+00,1.500603233776682e+00,-1.489994887886400e-04
3.487480000000091e-06,1.500100000000000e+00,1.500603233776824e+00,-1.489994887753382e-04
3.489480000000092e-06,1.500100000000000e+00,1.500603233777025e+00,-1.489994887753308e-04
3.491480000000092e-06,1.500100000000000e+00,1.500603233776949e+00,-1.489994887886301e-04
3.493480000000092e-06,1.500100000000000e+00,1.500603233776608e+00,-1.489994887886427e-04
3.495480000000092e-06,1.500100000000000e+00,1.500603233776282e+00,-1.489994888019513e-04
3.497480000000092e-06,1.500100000000000e+00,1.500603233776267e+00,-1.489994887886554e-04
3.499480000000092e-06,1.500100000000000e+00,1.500603233776443e+00,-1.489994887886489e-04
3.501480000000092e-06,1.500100000000000e+00,1.500603233776562e+00,-1.489994887753480e-04
3.503480000000093e-06,1.500100000000000e+00,1.500603233776619e+00,-1.489994888019388e-04
3.505480000000093e-06,1.500100000000000e+00,1.500603233776852e+00,-1.489994888019302e-04
3.507480000000093e-06,1.500100000000000e+00,1.500603233777194e+00,-1.489994888019174e-04
3.509480000000093e-06,1.500100000000000e+00,1.500603233777208e+00,-1.489994887753239e-04
3.511480000000093e-06,1.500100000000000e+00,1.500603233776863e+00,-1.489994887753368e-04
3.513480000000093e-06,1.500100000000000e+00,1.500603233776486e+00,-1.489994887753508e-04
3.515480000000094e-06,1.500100000000000e+00,1.500603233776149e+00,-1.489994888019563e-04
3.517480000000094e-06,1.500100000000000e+00,1.500603233775961e+00,-1.489994887753704e-04
3.519480000000094e-06,1.500100000000000e+00,1.500603233775969e+00,-1.489994888019630e-04
3.521480000000094e-06,1.500100000000000e+00,1.500603233775962e+00,-1.489994888019632e-04
3.523480000000094e-06,1.500100000000000e+00,1.500603233775763e+00,-1.489994887753777e-04
3.525480000000094e-06,1.500100000000000e+00,1.500603233775801e+00,-1.489994887753763e-04
3.527480000000094e-06,1.500100000000000e+00,1.500603233776198e+00,-1.489994887753615e-04
3.529480000000095e-06,1.500100000000000e+00,1.500603233776485e+00,-1.489994888019438e-04
3.531480000000095e-06,1.500100000000000e+00,1.500603233776491e+00,-1.489994888019436e-04
3.533480000000095e-06,1.500100000000000e+00,1.500603233776527e+00,-1.489994887753492e-04
3.535480000000095e-06,1.500100000000000e+00,1.500603233776689e+00,-1.489994888019362e-04
3.537480000000095e-06,1.500100000000000e+00,1.500603233776713e+00,-1.489994887886388e-04
3.539480000000095e-06,1.500100000000000e+00,1.500603233776655e+00,-1.489994887753445e-04
3.541480000000095e-06,1.500100000000000e+00,1.500603233776785e+00,-1.489994887753396e-04
3.543480000000096e-06,1.500100000000000e+00,1.500603233777090e+00,-1.489994888019213e-04
3.545480000000096e-06,1.500100000000000e+00,1.500603233777321e+00,-1.489994888019127e-04
3.547480000000096e-06,1.500100000000000e+00,1.500603233777222e+00,-1.489994887753234e-04
3.549480000000096e-06,1.500100000000000e+00,1.500603233777121e+00,-1.489994887620307e-04
3.551480000000096e-06,1.500100000000000e+00,1.500603233777154e+00,-1.489994887753260e-04
3.553480000000096e-06,1.500100000000000e+00,1.500603233777223e+00,-1.489994887753234e-04
3.555480000000097e-06,1.500100000000000e+00,1.500603233777455e+00,-1.489994887886112e-04
3.557480000000097e-06,1.500100000000000e+00,1.500603233777775e+00,-1.489994887753028e-04
3.559480000000097e-06,1.500100000000000e+00,1.500603233777952e+00,-1.489994888018892e-04
3.561480000000097e-06,1.500100000000000e+00,1.500603233777988e+00,-1.489994887752949e-04
3.563480000000097e-06,1.500100000000000e+00,1.500603233778156e+00,-1.489994887752887e-04
3.565480000000097e-06,1.500100000000000e+00,1.500603233778442e+00,-1.489994888018710e-04
3.567480000000097e-06,1.500100000000000e+00,1.500603233778632e+00,-1.489994888018639e-04
3.569480000000098e-06,1.500100000000000e+00,1.500603233778792e+00,-1.489994887752650e-04
3.571480000000098e-06,1.500100000000000e+00,1.500603233778697e+00,-1.489994888018615e-04
3.573480000000098e-06,1.500100000000000e+00,1.500603233778355e+00,-1.489994887752813e-04
3.575480000000098e-06,1.500100000000000e+00,1.500603233778220e+00,-1.489994888018793e-04
3.577480000000098e-06,1.500100000000000e+00,1.500603233778205e+00,-1.489994887752868e-04
3.579480000000098e-06,1.500100000000000e+00,1.500603233778081e+00,-1.489994888018844e-04
3.581480000000098e-06,1.500100000000000e+00,1.500603233778060e+00,-1.489994888018852e-04
3.583480000000099e-06,1.500100000000000e+00,1.500603233777965e+00,-1.489994888018887e-04
3.585480000000099e-06,1.500100000000000e+00,1.500603233777646e+00,-1.489994887753076e-04
3.587480000000099e-06,1.500100000000000e+00,1.500603233777438e+00,-1.489994888019084e-04
3.589480000000099e-06,1.500100000000000e+00,1.500603233777513e+00,-1.489994887753126e-04
3.591480000000099e-06,1.500100000000000e+00,1.500603233777444e+00,-1.489994888019081e-04
3.593480000000099e-06,1.500100000000000e+00,1.500603233777058e+00,-1.489994887886260e-04
3.595480000000100e-06,1.500100000000000e+00,1.500603233776650e+00,-1.489994888019376e-04
3.597480000000100e-06,1.500100000000000e+00,1.500603233776556e+00,-1.489994887753482e-04
3.599480000000100e-06,1.500100000000000e+00,1.500603233776577e+00,-1.489994888019404e-04
3.601480000000100e-06,1.500100000000000e+00,1.500603233776449e+00,-1.489994888019451e-04
3.603480000000100e-06,1.500100000000000e+00,1.500603233776267e+00,-1.489994888019519e-04
3.605480000000100e-06,1.500100000000000e+00,1.500603233776130e+00,-1.489994887753640e-04
3.607480000000100e-06,1.500100000000000e+00,1.500603233775890e+00,-1.489994888019659e-04
3.609480000000101e-06,1.500100000000000e+00,1.500603233775613e+00,-1.489994887753833e-04
3.611480000000101e-06,1.500100000000000e+00,1.500603233775616e+00,-1.489994887886796e-04
3.613480000000101e-06,1.500100000000000e+00,1.500603233775788e+00,-1.489994887886732e-04
3.615480000000101e-06,1.500100000000000e+00,1.500603233775866e+00,-1.489994887753739e-04
3.617480000000101e-06,1.500100000000000e+00,1.500603233775739e+00,-1.489994887753786e-04
3.619480000000101e-06,1.500100000000000e+00,1.500603233775461e+00,-1.489994888019819e-04
3.621480000000101e-06,1.500100000000000e+00,1.500603233775251e+00,-1.489994887753968e-04
3.623480000000102e-06,1.500100000000000e+00,1.500603233775123e+00,-1.489994888019945e-04
3.625480000000102e-06,1.500100000000000e+00,1.500603233775072e+00,-1.489994888019964e-04
3.627480000000102e-06,1.500100000000000e+00,1.500603233775178e+00,-1.489994887753995e-04
3.629480000000102e-06,1.500100000000000e+00,1.500603233775315e+00,-1.489994887753943e-04
3.631480000000102e-06,1.500100000000000e+00,1.500603233775275e+00,-1.489994888019888e-04
3.633480000000102e-06,1.500100000000000e+00,1.500603233775389e+00,-1.489994887886881e-04
3.635480000000103e-06,1.500100000000000e+00,1.500603233775665e+00,-1.489994887753813e-04
3.637480000000103e-06,1.500100000000000e+00,1.500603233775924e+00,-1.489994887620752e-04
3.639480000000103e-06,1.500100000000000e+00,1.500603233776191e+00,-1.489994887753618e-04
3.641480000000103e-06,1.500100000000000e+00,1.500603233776479e+00,-1.489994887886475e-04
3.643480000000103e-06,1.500100000000000e+00,1.500603233776717e+00,-1.489994887886387e-04
3.645480000000103e-06,1.500100000000000e+00,1.500603233776978e+00,-1.489994887753325e-04
3.647480000000103e-06,1.500100000000000e+00,1.500603233777265e+00,-1.489994888019148e-04
3.649480000000104e-06,1.500100000000000e+00,1.500603233777199e+00,-1.489994887886208e-04
3.651480000000104e-06,1.500100000000000e+00,1.500603233776717e+00,-1.489994887753422e-04
3.653480000000104e-06,1.500100000000000e+00,1.500603233776365e+00,-1.489994887753553e-04
3.655480000000104e-06,1.500100000000000e+00,1.500603233776336e+00,-1.489994887886529e-04
3.657480000000104e-06,1.500100000000000e+00,1.500603233776385e+00,-1.489994887753546e-04
3.659480000000104e-06,1.500100000000000e+00,1.500603233776317e+00,-1.489994887753570e-04
3.661480000000104e-06,1.500100000000000e+00,1.500603233776298e+00,-1.489994887620613e-04
3.663480000000105e-06,1.500100000000000e+00,1.500603233776346e+00,-1.489994888019490e-04
3.665480000000105e-06,1.500100000000000e+00,1.500603233776313e+00,-1.489994887886537e-04
3.667480000000105e-06,1.500100000000000e+00,1.500603233776313e+00,-1.489994888019502e-04
3.669480000000105e-06,1.500100000000000e+00,1.500603233776365e+00,-1.489994887753553e-04
3.671480000000105e-06,1.500100000000000e+00,1.500603233776269e+00,-1.489994888019518e-04
3.673480000000105e-06,1.500100000000000e+00,1.500603233776259e+00,-1.489994887886557e-04
3.675480000000106e-06,1.500100000000000e+00,1.500603233776454e+00,-1.489994887753520e-04
3.677480000000106e-06,1.500100000000000e+00,1.500603233776831e+00,-1.489994887753379e-04
3.679480000000106e-06,1.500100000000000e+00,1.500603233777142e+00,-1.489994887886229e-04
3.681480000000106e-06,1.500100000000000e+00,1.500603233777131e+00,-1.489994888019198e-04
3.683480000000106e-06,1.500100000000000e+00,1.500603233777023e+00,-1.489994887886273e-04
3.685480000000106e-06,1.500100000000000e+00,1.500603233776961e+00,-1.489994888019261e-04
3.687480000000106e-06,1.500100000000000e+00,1.500603233776827e+00,-1.489994887753381e-04
3.689480000000107e-06,1.500100000000000e+00,1.500603233776564e+00,-1.489994887753479e-04
3.691480000000107e-06,1.500100000000000e+00,1.500603233776276e+00,-1.489994887886551e-04
3.693480000000107e-06,1.500100000000000e+00,1.500603233776108e+00,-1.489994887753649e-04
3.695480000000107e-06,1.500100000000000e+00,1.500603233776252e+00,-1.489994887886560e-04
3.697480000000107e-06,1.500100000000000e+00,1.500603233776519e+00,-1.489994887886461e-04
3.699480000000107e-06,1.500100000000000e+00,1.500603233776611e+00,-1.489994888019391e-04
3.701480000000107e-06,1.500100000000000e+00,1.500603233776851e+00,-1.489994888019302e-04
3.703480000000108e-06,1.500100000000000e+00,1.500603233777255e+00,-1.489994888019151e-04
3.705480000000108e-06,1.500100000000000e+00,1.500603233777359e+00,-1.489994887753183e-04
3.707480000000108e-06,1.500100000000000e+00,1.500603233777169e+00,-1.489994888019184e-04
3.709480000000108e-06,1.500100000000000e+00,1.500603233777194e+00,-1.489994887886210e-04
3.711480000000108e-06,1.500100000000000e+00,1.500603233777301e+00,-1.489994888019135e-04
3.713480000000108e-06,1.500100000000000e+00,1.500603233777281e+00,-1.489994887753212e-04
3.715480000000109e-06,1.500100000000000e+00,1.500603233777398e+00,-1.489994888019098e-04
3.717480000000109e-06,1.500100000000000e+00,1.500603233777732e+00,-1.489994888018974e-04
3.719480000000109e-06,1.500100000000000e+00,1.500603233777958e+00,-1.489994887752960e-04
3.721480000000109e-06,1.500100000000000e+00,1.500603233777887e+00,-1.489994887885952e-04
3.723480000000109e-06,1.500100000000000e+00,1.500603233777839e+00,-1.489994887753005e-04
3.725480000000109e-06,1.500100000000000e+00,1.500603233777841e+00,-1.489994887753004e-04
3.727480000000109e-06,1.500100000000000e+00,1.500603233777524e+00,-1.489994888019052e-04
3.729480000000110e-06,1.500100000000000e+00,1.500603233777229e+00,-1.489994887886196e-04
3.731480000000110e-06,1.500100000000000e+00,1.500603233777188e+00,-1.489994887886212e-04
3.733480000000110e-06,1.500100000000000e+00,1.500603233777187e+00,-1.489994887753247e-04
3.735480000000110e-06,1.500100000000000e+00,1.500603233776966e+00,-1.489994887886294e-04
3.737480000000110e-06,1.500100000000000e+00,1.500603233776736e+00,-1.489994887753415e-04
3.739480000000110e-06,1.500100000000000e+00,1.500603233776810e+00,-1.489994887753387e-04
3.741480000000111e-06,1.500100000000000e+00,1.500603233776906e+00,-1.489994887753351e-04
3.743480000000111e-06,1.500100000000000e+00,1.500603233776816e+00,-1.489994887886350e-04
3.745480000000111e-06,1.500100000000000e+00,1.500603233776638e+00,-1.489994887753451e-04
3.747480000000111e-06,1.500100000000000e+00,1.500603233776562e+00,-1.489994887753480e-04
3.749480000000111e-06,1.500100000000000e+00,1.500603233776715e+00,-1.489994887753422e-04
3.751480000000111e-06,1.500100000000000e+00,1.500603233776803e+00,-1.489994887620425e-04
3.753480000000111e-06,1.500100000000000e+00,1.500603233776618e+00,-1.489994887753459e-04
3.755480000000112e-06,1.500100000000000e+00,1.500603233776521e+00,-1.489994887886460e-04
3.757480000000112e-06,1.500100000000000e+00,1.500603233776653e+00,-1.489994888019376e-04
3.759480000000112e-06,1.500100000000000e+00,1.500603233776714e+00,-1.489994888019353e-04
3.761480000000112e-06,1.500100000000000e+00,1.500603233776434e+00,-1.489994887753527e-04
3.763480000000112e-06,1.500100000000000e+00,1.500603233775888e+00,-1.489994887753730e-04
3.765480000000112e-06,1.500100000000000e+00,1.500603233775245e+00,-1.489994887753969e-04
3.767480000000112e-06,1.500100000000000e+00,1.500603233774551e+00,-1.489994888020158e-04
3.769480000000113e-06,1.500100000000000e+00,1.500603233773917e+00,-1.489994887754464e-04
3.771480000000113e-06,1.500100000000000e+00,1.500603233773225e+00,-1.489994887754721e-04
3.773480000000113e-06,1.500100000000000e+00,1.500603233772498e+00,-1.489994887754991e-04
3.775480000000113e-06,1.500100000000000e+00,1.500603233771809e+00,-1.489994887755248e-04
3.777480000000113e-06,1.500100000000000e+00,1.500603233771251e+00,-1.489994887755455e-04
3.779480000000113e-06,1.500100000000000e+00,1.500603233770859e+00,-1.489994887755601e-04
3.781480000000114e-06,1.500100000000000e+00,1.500603233770630e+00,-1.489994887755686e-04
3.783480000000114e-06,1.500100000000000e+00,1.500603233770602e+00,-1.489994887888662e-04
3.785480000000114e-06,1.500100000000000e+00,1.500603233770712e+00,-1.489994887755656e-04
3.787480000000114e-06,1.500100000000000e+00,1.500603233770858e+00,-1.489994887888566e-04
3.789480000000114e-06,1.500100000000000e+00,1.500603233770980e+00,-1.489994888021486e-04
3.791480000000114e-06,1.500100000000000e+00,1.500603233771098e+00,-1.489994887755512e-04
3.793480000000114e-06,1.500100000000000e+00,1.500603233771295e+00,-1.489994888021369e-04
3.795480000000115e-06,1.500100000000000e+00,1.500603233771546e+00,-1.489994888021275e-04
3.797480000000115e-06,1.500100000000000e+00,1.500603233771853e+00,-1.489994888021161e-04
3.799480000000115e-06,1.500100000000000e+00,1.500603233772189e+00,-1.489994887888071e-04
3.801480000000115e-06,1.500100000000000e+00,1.500603233772639e+00,-1.489994887754939e-04
3.803480000000115e-06,1.500100000000000e+00,1.500603233773200e+00,-1.489994888020660e-04
3.805480000000115e-06,1.500100000000000e+00,1.500603233773590e+00,-1.489994887754585e-04
3.807480000000115e-06,1.500100000000000e+00,1.500603233773596e+00,-1.489994888020513e-04
3.809480000000116e-06,1.500100000000000e+00,1.500603233773596e+00,-1.489994887754583e-04
3.811480000000116e-06,1.500100000000000e+00,1.500603233773790e+00,-1.489994888020440e-04
3.813480000000116e-06,1.500100000000000e+00,1.500603233774089e+00,-1.489994887754400e-04
3.815480000000116e-06,1.500100000000000e+00,1.500603233774456e+00,-1.489994887887228e-04
3.817480000000116e-06,1.500100000000000e+00,1.500603233774780e+00,-1.489994887754143e-04
3.819480000000116e-06,1.500100000000000e+00,1.500603233775038e+00,-1.489994887754047e-04
3.821480000000116e-06,1.500100000000000e+00,1.500603233775128e+00,-1.489994887754013e-04
3.823480000000116e-06,1.500100000000000e+00,1.500603233774980e+00,-1.489994888019998e-04
3.825480000000116e-06,1.500100000000000e+00,1.500603233774681e+00,-1.489994887754179e-04
3.827480000000117e-06,1.500100000000000e+00,1.500603233774255e+00,-1.489994888020268e-04
3.829480000000117e-06,1.500100000000000e+00,1.500603233773815e+00,-1.489994887754502e-04
3.831480000000117e-06,1.500100000000000e+00,1.500603233773283e+00,-1.489994887887664e-04
3.833480000000117e-06,1.500100000000000e+00,1.500603233772620e+00,-1.489994887754946e-04
3.835480000000117e-06,1.500100000000000e+00,1.500603233771963e+00,-1.489994888021120e-04
3.837480000000117e-06,1.500100000000000e+00,1.500603233771330e+00,-1.489994887888390e-04
3.839480000000117e-06,1.500100000000000e+00,1.500603233770631e+00,-1.489994887888651e-04
3.841480000000118e-06,1.500100000000000e+00,1.500603233769994e+00,-1.489994888021853e-04
3.843480000000118e-06,1.500100000000000e+00,1.500603233769636e+00,-1.489994887756056e-04
3.845480000000118e-06,1.500100000000000e+00,1.500603233769586e+00,-1.489994888022005e-04
3.847480000000118e-06,1.500100000000000e+00,1.500603233769898e+00,-1.489994888021889e-04
3.849480000000118e-06,1.500100000000000e+00,1.500603233770566e+00,-1.489994888021640e-04
3.851480000000118e-06,1.500100000000000e+00,1.500603233771432e+00,-1.489994888021318e-04
3.853480000000118e-06,1.500100000000000e+00,1.500603233772128e+00,-1.489994887755129e-04
3.855480000000119e-06,1.500100000000000e+00,1.500603233772537e+00,-1.489994887754977e-04
3.857480000000119e-06,1.500100000000000e+00,1.500603233773045e+00,-1.489994887754788e-04
3.859480000000119e-06,1.500100000000000e+00,1.500603233773637e+00,-1.489994887887533e-04
3.861480000000119e-06,1.500100000000000e+00,1.500603233774056e+00,-1.489994887754412e-04
3.863480000000119e-06,1.500100000000000e+00,1.500603233774394e+00,-1.489994887887251e-04
3.865480000000119e-06,1.500100000000000e+00,1.500603233774785e+00,-1.489994887488211e-04
3.867480000000120e-06,1.500100000000000e+00,1.500603233775119e+00,-1.489994887754016e-04
3.869480000000120e-06,1.500100000000000e+00,1.500603233775365e+00,-1.489994887753925e-04
3.871480000000120e-06,1.500100000000000e+00,1.500603233775572e+00,-1.489994887753848e-04
3.873480000000120e-06,1.500100000000000e+00,1.500603233775691e+00,-1.489994887620839e-04
3.875480000000120e-06,1.500100000000000e+00,1.500603233775672e+00,-1.489994888019741e-04
3.877480000000120e-06,1.500100000000000e+00,1.500603233775648e+00,-1.489994887753820e-04
3.879480000000120e-06,1.500100000000000e+00,1.500603233775770e+00,-1.489994887753775e-04
3.881480000000121e-06,1.500100000000000e+00,1.500603233776015e+00,-1.489994887487753e-04
3.883480000000121e-06,1.500100000000000e+00,1.500603233776175e+00,-1.489994888019553e-04
3.885480000000121e-06,1.500100000000000e+00,1.500603233776067e+00,-1.489994887886629e-04
3.887480000000121e-06,1.500100000000000e+00,1.500603233775773e+00,-1.489994887886738e-04
3.889480000000121e-06,1.500100000000000e+00,1.500603233775570e+00,-1.489994887753849e-04
3.891480000000121e-06,1.500100000000000e+00,1.500603233775410e+00,-1.489994888019838e-04
3.893480000000121e-06,1.500100000000000e+00,1.500603233775310e+00,-1.489994887753945e-04
3.895480000000122e-06,1.500100000000000e+00,1.500603233775387e+00,-1.489994887753917e-04
3.897480000000122e-06,1.500100000000000e+00,1.500603233775613e+00,-1.489994887487903e-04
3.899480000000122e-06,1.500100000000000e+00,1.500603233775915e+00,-1.489994887753720e-04
3.901480000000122e-06,1.500100000000000e+00,1.500603233776222e+00,-1.489994887886571e-04
3.903480000000122e-06,1.500100000000000e+00,1.500603233776413e+00,-1.489994887886500e-04
3.905480000000122e-06,1.500100000000000e+00,1.500603233776683e+00,-1.489994888019364e-04
3.907480000000123e-06,1.500100000000000e+00,1.500603233777007e+00,-1.489994888019244e-04
3.909480000000123e-06,1.500100000000000e+00,1.500603233777092e+00,-1.489994887753282e-04
3.911480000000123e-06,1.500100000000000e+00,1.500603233777057e+00,-1.489994888019225e-04
3.913480000000123e-06,1.500100000000000e+00,1.500603233777139e+00,-1.489994887753265e-04
3.915480000000123e-06,1.500100000000000e+00,1.500603233777293e+00,-1.489994887753208e-04
3.917480000000123e-06,1.500100000000000e+00,1.500603233777256e+00,-1.489994887753221e-04
3.919480000000123e-06,1.500100000000000e+00,1.500603233776886e+00,-1.489994887753359e-04
3.921480000000124e-06,1.500100000000000e+00,1.500603233776453e+00,-1.489994887886485e-04
3.923480000000124e-06,1.500100000000000e+00,1.500603233776227e+00,-1.489994887886569e-04
3.925480000000124e-06,1.500100000000000e+00,1.500603233776235e+00,-1.489994888019531e-04
3.927480000000124e-06,1.500100000000000e+00,1.500603233776283e+00,-1.489994887753584e-04
3.929480000000124e-06,1.500100000000000e+00,1.500603233776195e+00,-1.489994887886581e-04
3.931480000000124e-06,1.500100000000000e+00,1.500603233776159e+00,-1.489994888019559e-04
3.933480000000125e-06,1.500100000000000e+00,1.500603233776194e+00,-1.489994888019546e-04
3.935480000000125e-06,1.500100000000000e+00,1.500603233776118e+00,-1.489994887753645e-04
3.937480000000125e-06,1.500100000000000e+00,1.500603233776151e+00,-1.489994888019562e-04
3.939480000000125e-06,1.500100000000000e+00,1.500603233776215e+00,-1.489994888019538e-04
3.941480000000125e-06,1.500100000000000e+00,1.500603233776200e+00,-1.489994887753614e-04
3.943480000000125e-06,1.500100000000000e+00,1.500603233776297e+00,-1.489994887753578e-04
3.945480000000125e-06,1.500100000000000e+00,1.500603233776299e+00,-1.489994887886542e-04
3.947480000000126e-06,1.500100000000000e+00,1.500603233776072e+00,-1.489994887886627e-04
3.949480000000126e-06,1.500100000000000e+00,1.500603233775865e+00,-1.489994888019669e-04
3.951480000000126e-06,1.500100000000000e+00,1.500603233775823e+00,-1.489994888019684e-04
3.953480000000126e-06,1.500100000000000e+00,1.500603233775995e+00,-1.489994887753691e-04
3.955480000000126e-06,1.500100000000000e+00,1.500603233776189e+00,-1.489994887753618e-04
3.957480000000126e-06,1.500100000000000e+00,1.500603233776285e+00,-1.489994887753583e-04
3.959480000000126e-06,1.500100000000000e+00,1.500603233776461e+00,-1.489994887886482e-04
3.961480000000127e-06,1.500100000000000e+00,1.500603233776629e+00,-1.489994887753455e-04
3.963480000000127e-06,1.500100000000000e+00,1.500603233776589e+00,-1.489994887886435e-04
3.965480000000127e-06,1.500100000000000e+00,1.500603233776614e+00,-1.489994887620496e-04
3.967480000000127e-06,1.500100000000000e+00,1.500603233776715e+00,-1.489994887886388e-04
3.969480000000127e-06,1.500100000000000e+00,1.500603233776806e+00,-1.489994887753389e-04
3.971480000000127e-06,1.500100000000000e+00,1.500603233777095e+00,-1.489994887753281e-04
3.973480000000128e-06,1.500100000000000e+00,1.500603233777505e+00,-1.489994887753129e-04
3.975480000000128e-06,1.500100000000000e+00,1.500603233777718e+00,-1.489994887753050e-04
3.977480000000128e-06,1.500100000000000e+00,1.500603233777681e+00,-1.489994887886028e-04
3.979480000000128e-06,1.500100000000000e+00,1.500603233777750e+00,-1.489994887753038e-04
3.981480000000128e-06,1.500100000000000e+00,1.500603233778036e+00,-1.489994887752931e-04
3.983480000000128e-06,1.500100000000000e+00,1.500603233778100e+00,-1.489994888018837e-04
3.985480000000128e-06,1.500100000000000e+00,1.500603233777792e+00,-1.489994887753022e-04
3.987480000000129e-06,1.500100000000000e+00,1.500603233777531e+00,-1.489994887753119e-04
3.989480000000129e-06,1.500100000000000e+00,1.500603233777457e+00,-1.489994887753147e-04
3.991480000000129e-06,1.500100000000000e+00,1.500603233777447e+00,-1.489994887886115e-04
3.993480000000129e-06,1.500100000000000e+00,1.500603233777589e+00,-1.489994887886062e-04
3.995480000000129e-06,1.500100000000000e+00,1.500603233777692e+00,-1.489994887753059e-04
3.997480000000129e-06,1.500100000000000e+00,1.500603233777584e+00,-1.489994887886065e-04
3.999480000000129e-06,1.500100000000000e+00,1.500603233777407e+00,-1.489994888019095e-04
4.001480000000130e-06,1.500100000000000e+00,1.500603233777366e+00,-1.489994887886145e-04
4.003480000000130e-06,1.500100000000000e+00,1.500603233777375e+00,-1.489994887753177e-04
4.005480000000130e-06,1.500100000000000e+00,1.500603233777236e+00,-1.489994887753229e-04
4.007480000000130e-06,1.500100000000000e+00,1.500603233777182e+00,-1.489994887753249e-04
4.009480000000130e-06,1.500100000000000e+00,1.500603233777262e+00,-1.489994888019149e-04
4.011480000000130e-06,1.500100000000000e+00,1.500603233777322e+00,-1.489994888019127e-04
4.013480000000131e-06,1.500100000000000e+00,1.500603233777532e+00,-1.489994888019049e-04
4.015480000000131e-06,1.500100000000000e+00,1.500603233777846e+00,-1.489994888018932e-04
4.017480000000131e-06,1.500100000000000e+00,1.500603233777948e+00,-1.489994887752964e-04
4.019480000000131e-06,1.500100000000000e+00,1.500603233777900e+00,-1.489994887752982e-04
4.021480000000131e-06,1.500100000000000e+00,1.500603233778142e+00,-1.489994887752892e-04
4.023480000000131e-06,1.500100000000000e+00,1.500603233778533e+00,-1.489994888018676e-04
4.025480000000131e-06,1.500100000000000e+00,1.500603233778624e+00,-1.489994888018642e-04
4.027480000000132e-06,1.500100000000000e+00,1.500603233778441e+00,-1.489994887752781e-04
4.029480000000132e-06,1.500100000000000e+00,1.500603233778302e+00,-1.489994887752833e-04
4.031480000000132e-06,1.500100000000000e+00,1.500603233778191e+00,-1.489994887752874e-04
4.033480000000132e-06,1.500100000000000e+00,1.500603233778031e+00,-1.489994887885898e-04
4.035480000000132e-06,1.500100000000000e+00,1.500603233777916e+00,-1.489994887885941e-04
4.037480000000132e-06,1.500100000000000e+00,1.500603233777846e+00,-1.489994888018932e-04
4.039480000000132e-06,1.500100000000000e+00,1.500603233777927e+00,-1.489994888018902e-04
4.041480000000133e-06,1.500100000000000e+00,1.500603233778137e+00,-1.489994887885859e-04
4.043480000000133e-06,1.500100000000000e+00,1.500603233778029e+00,-1.489994887752934e-04
4.045480000000133e-06,1.500100000000000e+00,1.500603233777649e+00,-1.489994887753075e-04
4.047480000000133e-06,1.500100000000000e+00,1.500603233777484e+00,-1.489994887753137e-04
4.049480000000133e-06,1.500100000000000e+00,1.500603233777639e+00,-1.489994887753079e-04
4.051480000000133e-06,1.500100000000000e+00,1.500603233777811e+00,-1.489994888018945e-04
4.053480000000134e-06,1.500100000000000e+00,1.500603233777759e+00,-1.489994887753034e-04
4.055480000000134e-06,1.500100000000000e+00,1.500603233777710e+00,-1.489994887753053e-04
4.057480000000134e-06,1.500100000000000e+00,1.500603233778032e+00,-1.489994888018863e-04
4.059480000000134e-06,1.500100000000000e+00,1.500603233778392e+00,-1.489994888018729e-04
4.061480000000134e-06,1.500100000000000e+00,1.500603233778336e+00,-1.489994888018749e-04
4.063480000000134e-06,1.500100000000000e+00,1.500603233777882e+00,-1.489994888018918e-04
4.065480000000134e-06,1.500100000000000e+00,1.500603233777446e+00,-1.489994887753151e-04
4.067480000000135e-06,1.500100000000000e+00,1.500603233777183e+00,-1.489994888019178e-04
4.069480000000135e-06,1.500100000000000e+00,1.500603233776932e+00,-1.489994887886307e-04
4.071480000000135e-06,1.500100000000000e+00,1.500603233776598e+00,-1.489994887753466e-04
4.073480000000135e-06,1.500100000000000e+00,1.500603233776213e+00,-1.489994887753610e-04
4.075480000000135e-06,1.500100000000000e+00,1.500603233776000e+00,-1.489994888019618e-04
4.077480000000135e-06,1.500100000000000e+00,1.500603233776122e+00,-1.489994888019573e-04
4.079480000000135e-06,1.500100000000000e+00,1.500603233776282e+00,-1.489994888019514e-04
4.081480000000136e-06,1.500100000000000e+00,1.500603233776306e+00,-1.489994888019505e-04
4.083480000000136e-06,1.500100000000000e+00,1.500603233776438e+00,-1.489994887753526e-04
4.085480000000136e-06,1.500100000000000e+00,1.500603233776531e+00,-1.489994888019421e-04
4.087480000000136e-06,1.500100000000000e+00,1.500603233776392e+00,-1.489994888019472e-04
4.089480000000136e-06,1.500100000000000e+00,1.500603233776254e+00,-1.489994887753594e-04
4.091480000000136e-06,1.500100000000000e+00,1.500603233776125e+00,-1.489994887753642e-04
4.093480000000137e-06,1.500100000000000e+00,1.500603233776000e+00,-1.489994888019619e-04
4.095480000000137e-06,1.500100000000000e+00,1.500603233775801e+00,-1.489994888019693e-04
4.097480000000137e-06,1.500100000000000e+00,1.500603233775718e+00,-1.489994888019723e-04
4.099480000000137e-06,1.500100000000000e+00,1.500603233775667e+00,-1.489994887753813e-04
4.101480000000137e-06,1.500100000000000e+00,1.500603233775347e+00,-1.489994888152826e-04
4.103480000000137e-06,1.500100000000000e+00,1.500603233775120e+00,-1.489994887754016e-04
4.105480000000137e-06,1.500100000000000e+00,1.500603233775234e+00,-1.489994888019903e-04
4.107480000000138e-06,1.500100000000000e+00,1.500603233775503e+00,-1.489994887886838e-04
4.109480000000138e-06,1.500100000000000e+00,1.500603233775765e+00,-1.489994887753776e-04
4.111480000000138e-06,1.500100000000000e+00,1.500603233776125e+00,-1.489994887886607e-04
4.113480000000138e-06,1.500100000000000e+00,1.500603233776401e+00,-1.489994887753539e-04
4.115480000000138e-06,1.500100000000000e+00,1.500603233776503e+00,-1.489994887753502e-04
4.117480000000138e-06,1.500100000000000e+00,1.500603233776818e+00,-1.489994887753385e-04
4.119480000000138e-06,1.500100000000000e+00,1.500603233777257e+00,-1.489994888019151e-04
4.121480000000139e-06,1.500100000000000e+00,1.500603233777419e+00,-1.489994887487231e-04
4.123480000000139e-06,1.500100000000000e+00,1.500603233777317e+00,-1.489994887753199e-04
4.125480000000139e-06,1.500100000000000e+00,1.500603233777372e+00,-1.489994888019108e-04
4.127480000000139e-06,1.500100000000000e+00,1.500603233777534e+00,-1.489994888019048e-04
4.129480000000139e-06,1.500100000000000e+00,1.500603233777425e+00,-1.489994887753159e-04
4.131480000000139e-06,1.500100000000000e+00,1.500603233777431e+00,-1.489994887753156e-04
4.133480000000140e-06,1.500100000000000e+00,1.500603233777802e+00,-1.489994887753018e-04
4.135480000000140e-06,1.500100000000000e+00,1.500603233777998e+00,-1.489994888018875e-04
4.137480000000140e-06,1.500100000000000e+00,1.500603233777910e+00,-1.489994888018908e-04
4.139480000000140e-06,1.500100000000000e+00,1.500603233777953e+00,-1.489994888018892e-04
4.141480000000140e-06,1.500100000000000e+00,1.500603233778183e+00,-1.489994888018806e-04
4.143480000000140e-06,1.500100000000000e+00,1.500603233778192e+00,-1.489994887885838e-04
4.145480000000140e-06,1.500100000000000e+00,1.500603233777902e+00,-1.489994888018911e-04
4.147480000000141e-06,1.500100000000000e+00,1.500603233777523e+00,-1.489994887753122e-04
4.149480000000141e-06,1.500100000000000e+00,1.500603233777165e+00,-1.489994888019185e-04
4.151480000000141e-06,1.500100000000000e+00,1.500603233776873e+00,-1.489994888019294e-04
4.153480000000141e-06,1.500100000000000e+00,1.500603233776794e+00,-1.489994887886358e-04
4.155480000000141e-06,1.500100000000000e+00,1.500603233776771e+00,-1.489994887753402e-04
4.157480000000141e-06,1.500100000000000e+00,1.500603233776673e+00,-1.489994887886403e-04
4.159480000000141e-06,1.500100000000000e+00,1.500603233776591e+00,-1.489994887487540e-04
4.161480000000142e-06,1.500100000000000e+00,1.500603233776556e+00,-1.489994887886447e-04
4.163480000000142e-06,1.500100000000000e+00,1.500603233776418e+00,-1.489994888019463e-04
4.165480000000142e-06,1.500100000000000e+00,1.500603233776146e+00,-1.489994887753634e-04
4.167480000000142e-06,1.500100000000000e+00,1.500603233775988e+00,-1.489994887753693e-04
4.169480000000142e-06,1.500100000000000e+00,1.500603233775950e+00,-1.489994888019637e-04
4.171480000000142e-06,1.500100000000000e+00,1.500603233775878e+00,-1.489994887753734e-04
4.173480000000143e-06,1.500100000000000e+00,1.500603233775752e+00,-1.489994888019711e-04
4.175480000000143e-06,1.500100000000000e+00,1.500603233775642e+00,-1.489994887886787e-04
4.177480000000143e-06,1.500100000000000e+00,1.500603233775571e+00,-1.489994888019778e-04
4.179480000000143e-06,1.500100000000000e+00,1.500603233775477e+00,-1.489994887753883e-04
4.181480000000143e-06,1.500100000000000e+00,1.500603233775214e+00,-1.489994887753981e-04
4.183480000000143e-06,1.500100000000000e+00,1.500603233774977e+00,-1.489994887754069e-04
4.185480000000143e-06,1.500100000000000e+00,1.500603233774941e+00,-1.489994887887048e-04
4.187480000000144e-06,1.500100000000000e+00,1.500603233774941e+00,-1.489994887887047e-04
4.189480000000144e-06,1.500100000000000e+00,1.500603233774965e+00,-1.489994888020003e-04
4.191480000000144e-06,1.500100000000000e+00,1.500603233774953e+00,-1.489994887887043e-04
4.193480000000144e-06,1.500100000000000e+00,1.500603233774863e+00,-1.489994887754112e-04
4.195480000000144e-06,1.500100000000000e+00,1.500603233774684e+00,-1.489994888020108e-04
4.197480000000144e-06,1.500100000000000e+00,1.500603233774491e+00,-1.489994888020180e-04
4.199480000000144e-06,1.500100000000000e+00,1.500603233774352e+00,-1.489994887754302e-04
4.201480000000145e-06,1.500100000000000e+00,1.500603233774256e+00,-1.489994888020267e-04
4.203480000000145e-06,1.500100000000000e+00,1.500603233774136e+00,-1.489994887887347e-04
4.205480000000145e-06,1.500100000000000e+00,1.500603233773988e+00,-1.489994888020367e-04
4.207480000000145e-06,1.500100000000000e+00,1.500603233773859e+00,-1.489994887754485e-04
4.209480000000145e-06,1.500100000000000e+00,1.500603233773817e+00,-1.489994887887466e-04
4.211480000000145e-06,1.500100000000000e+00,1.500603233773858e+00,-1.489994887754486e-04
4.213480000000146e-06,1.500100000000000e+00,1.500603233773896e+00,-1.489994888020401e-04
4.215480000000146e-06,1.500100000000000e+00,1.500603233773925e+00,-1.489994888020390e-04
4.217480000000146e-06,1.500100000000000e+00,1.500603233773985e+00,-1.489994887887403e-04
4.219480000000146e-06,1.500100000000000e+00,1.500603233774111e+00,-1.489994887754392e-04
4.221480000000146e-06,1.500100000000000e+00,1.500603233774318e+00,-1.489994888020244e-04
4.223480000000146e-06,1.500100000000000e+00,1.500603233774474e+00,-1.489994887754256e-04
4.225480000000146e-06,1.500100000000000e+00,1.500603233774425e+00,-1.489994887754275e-04
4.227480000000147e-06,1.500100000000000e+00,1.500603233774359e+00,-1.489994888020229e-04
4.229480000000147e-06,1.500100000000000e+00,1.500603233774401e+00,-1.489994888020213e-04
4.231480000000147e-06,1.500100000000000e+00,1.500603233774495e+00,-1.489994887754248e-04
4.233480000000147e-06,1.500100000000000e+00,1.500603233774672e+00,-1.489994888020113e-04
4.235480000000147e-06,1.500100000000000e+00,1.500603233774826e+00,-1.489994888020055e-04
4.237480000000147e-06,1.500100000000000e+00,1.500603233774835e+00,-1.489994888020052e-04
4.239480000000147e-06,1.500100000000000e+00,1.500603233774696e+00,-1.489994887754174e-04
4.241480000000148e-06,1.500100000000000e+00,1.500603233774591e+00,-1.489994888020142e-04
4.243480000000148e-06,1.500100000000000e+00,1.500603233774587e+00,-1.489994887754214e-04
4.245480000000148e-06,1.500100000000000e+00,1.500603233774649e+00,-1.489994888020121e-04
4.247480000000148e-06,1.500100000000000e+00,1.500603233774664e+00,-1.489994887754186e-04
4.249480000000148e-06,1.500100000000000e+00,1.500603233774527e+00,-1.489994887887202e-04
4.251480000000148e-06,1.500100000000000e+00,1.500603233774364e+00,-1.489994887887262e-04
4.253480000000149e-06,1.500100000000000e+00,1.500603233774284e+00,-1.489994888020257e-04
4.255480000000149e-06,1.500100000000000e+00,1.500603233774277e+00,-1.489994887754330e-04
4.257480000000149e-06,1.500100000000000e+00,1.500603233774425e+00,-1.489994887754275e-04
4.259480000000149e-06,1.500100000000000e+00,1.500603233774704e+00,-1.489994887754171e-04
4.261480000000149e-06,1.500100000000000e+00,1.500603233774822e+00,-1.489994887754127e-04
4.263480000000149e-06,1.500100000000000e+00,1.500603233774949e+00,-1.489994887754080e-04
4.265480000000149e-06,1.500100000000000e+00,1.500603233775181e+00,-1.489994887621029e-04
4.267480000000150e-06,1.500100000000000e+00,1.500603233775201e+00,-1.489994887621021e-04
4.269480000000150e-06,1.500100000000000e+00,1.500603233775295e+00,-1.489994887753951e-04
4.271480000000150e-06,1.500100000000000e+00,1.500603233775604e+00,-1.489994887886801e-04
4.273480000000150e-06,1.500100000000000e+00,1.500603233775931e+00,-1.489994888019644e-04
4.275480000000150e-06,1.500100000000000e+00,1.500603233776055e+00,-1.489994887753668e-04
4.277480000000150e-06,1.500100000000000e+00,1.500603233776074e+00,-1.489994887886626e-04
4.279480000000150e-06,1.500100000000000e+00,1.500603233776106e+00,-1.489994887753649e-04
4.281480000000151e-06,1.500100000000000e+00,1.500603233775941e+00,-1.489994888019640e-04
4.283480000000151e-06,1.500100000000000e+00,1.500603233775684e+00,-1.489994887886771e-04
4.285480000000151e-06,1.500100000000000e+00,1.500603233775672e+00,-1.489994887753811e-04
4.287480000000151e-06,1.500100000000000e+00,1.500603233775823e+00,-1.489994888019684e-04
4.289480000000151e-06,1.500100000000000e+00,1.500603233775915e+00,-1.489994887886685e-04
4.291480000000151e-06,1.500100000000000e+00,1.500603233775933e+00,-1.489994887753714e-04
4.293480000000152e-06,1.500100000000000e+00,1.500603233775784e+00,-1.489994888019699e-04
4.295480000000152e-06,1.500100000000000e+00,1.500603233775575e+00,-1.489994887753847e-04
4.297480000000152e-06,1.500100000000000e+00,1.500603233775293e+00,-1.489994887886917e-04
4.299480000000152e-06,1.500100000000000e+00,1.500603233774823e+00,-1.489994888020056e-04
4.301480000000152e-06,1.500100000000000e+00,1.500603233774283e+00,-1.489994888020257e-04
4.303480000000152e-06,1.500100000000000e+00,1.500603233773641e+00,-1.489994888020496e-04
4.305480000000152e-06,1.500100000000000e+00,1.500603233773022e+00,-1.489994888020726e-04
4.307480000000153e-06,1.500100000000000e+00,1.500603233772563e+00,-1.489994887887932e-04
4.309480000000153e-06,1.500100000000000e+00,1.500603233772357e+00,-1.489994888020974e-04
4.311480000000153e-06,1.500100000000000e+00,1.500603233772601e+00,-1.489994887754953e-04
4.313480000000153e-06,1.500100000000000e+00,1.500603233773194e+00,-1.489994887887697e-04
4.315480000000153e-06,1.500100000000000e+00,1.500603233773792e+00,-1.489994887754510e-04
4.317480000000153e-06,1.500100000000000e+00,1.500603233774193e+00,-1.489994887887326e-04
4.319480000000154e-06,1.500100000000000e+00,1.500603233774688e+00,-1.489994887887141e-04
4.321480000000154e-06,1.500100000000000e+00,1.500603233775318e+00,-1.489994888019872e-04
4.323480000000154e-06,1.500100000000000e+00,1.500603233775621e+00,-1.489994887753830e-04
4.325480000000154e-06,1.500100000000000e+00,1.500603233775735e+00,-1.489994887886752e-04
4.327480000000154e-06,1.500100000000000e+00,1.500603233775852e+00,-1.489994887753744e-04
4.329480000000154e-06,1.500100000000000e+00,1.500603233775982e+00,-1.489994888019625e-04
4.331480000000154e-06,1.500100000000000e+00,1.500603233776129e+00,-1.489994887886605e-04
4.333480000000155e-06,1.500100000000000e+00,1.500603233776236e+00,-1.489994887886566e-04
4.335480000000155e-06,1.500100000000000e+00,1.500603233776354e+00,-1.489994887620592e-04
4.337480000000155e-06,1.500100000000000e+00,1.500603233776486e+00,-1.489994887886473e-04
4.339480000000155e-06,1.500100000000000e+00,1.500603233776613e+00,-1.489994887753461e-04
4.341480000000155e-06,1.500100000000000e+00,1.500603233776699e+00,-1.489994887886393e-04
4.343480000000155e-06,1.500100000000000e+00,1.500603233776763e+00,-1.489994887886370e-04
4.345480000000155e-06,1.500100000000000e+00,1.500603233776860e+00,-1.489994888019299e-04
4.347480000000156e-06,1.500100000000000e+00,1.500603233776910e+00,-1.489994887753350e-04
4.349480000000156e-06,1.500100000000000e+00,1.500603233776940e+00,-1.489994888019269e-04
4.351480000000156e-06,1.500100000000000e+00,1.500603233776951e+00,-1.489994887620370e-04
4.353480000000156e-06,1.500100000000000e+00,1.500603233776912e+00,-1.489994888019279e-04
4.355480000000156e-06,1.500100000000000e+00,1.500603233776775e+00,-1.489994887753400e-04
4.357480000000156e-06,1.500100000000000e+00,1.500603233776657e+00,-1.489994888019374e-04
4.359480000000157e-06,1.500100000000000e+00,1.500603233776779e+00,-1.489994887753399e-04
4.361480000000157e-06,1.500100000000000e+00,1.500603233776884e+00,-1.489994888019290e-04
4.363480000000157e-06,1.500100000000000e+00,1.500603233776692e+00,-1.489994887620466e-04
4.365480000000157e-06,1.500100000000000e+00,1.500603233776485e+00,-1.489994888019438e-04
4.367480000000157e-06,1.500100000000000e+00,1.500603233776485e+00,-1.489994887620543e-04
4.369480000000157e-06,1.500100000000000e+00,1.500603233776600e+00,-1.489994887753466e-04
4.371480000000157e-06,1.500100000000000e+00,1.500603233776745e+00,-1.489994887886376e-04
4.373480000000158e-06,1.500100000000000e+00,1.500603233776826e+00,-1.489994888019311e-04
4.375480000000158e-06,1.500100000000000e+00,1.500603233776860e+00,-1.489994887753369e-04
4.377480000000158e-06,1.500100000000000e+00,1.500603233777001e+00,-1.489994887753317e-04
4.379480000000158e-06,1.500100000000000e+00,1.500603233777222e+00,-1.489994887753234e-04
4.381480000000158e-06,1.500100000000000e+00,1.500603233777296e+00,-1.489994888019136e-04
4.383480000000158e-06,1.500100000000000e+00,1.500603233777305e+00,-1.489994887620239e-04
4.385480000000158e-06,1.500100000000000e+00,1.500603233777245e+00,-1.489994888019155e-04
4.387480000000159e-06,1.500100000000000e+00,1.500603233776880e+00,-1.489994887753362e-04
4.389480000000159e-06,1.500100000000000e+00,1.500603233776539e+00,-1.489994887753488e-04
4.391480000000159e-06,1.500100000000000e+00,1.500603233776437e+00,-1.489994887753526e-04
4.393480000000159e-06,1.500100000000000e+00,1.500603233776486e+00,-1.489994888019438e-04
4.395480000000159e-06,1.500100000000000e+00,1.500603233776552e+00,-1.489994887886448e-04
4.397480000000159e-06,1.500100000000000e+00,1.500603233776483e+00,-1.489994887886474e-04
4.399480000000160e-06,1.500100000000000e+00,1.500603233776398e+00,-1.489994887886506e-04
4.401480000000160e-06,1.500100000000000e+00,1.500603233776356e+00,-1.489994888019486e-04
4.403480000000160e-06,1.500100000000000e+00,1.500603233776199e+00,-1.489994887886580e-04
4.405480000000160e-06,1.500100000000000e+00,1.500603233776071e+00,-1.489994887886627e-04
4.407480000000160e-06,1.500100000000000e+00,1.500603233776083e+00,-1.489994887487728e-04
4.409480000000160e-06,1.500100000000000e+00,1.500603233776110e+00,-1.489994887753648e-04
4.411480000000160e-06,1.500100000000000e+00,1.500603233776155e+00,-1.489994887753631e-04
4.413480000000161e-06,1.500100000000000e+00,1.500603233776331e+00,-1.489994888019495e-04
4.415480000000161e-06,1.500100000000000e+00,1.500603233776617e+00,-1.489994887753459e-04
4.417480000000161e-06,1.500100000000000e+00,1.500603233776908e+00,-1.489994887886316e-04
4.419480000000161e-06,1.500100000000000e+00,1.500603233777307e+00,-1.489994887753202e-04
4.421480000000161e-06,1.500100000000000e+00,1.500603233777761e+00,-1.489994888018963e-04
4.423480000000161e-06,1.500100000000000e+00,1.500603233777888e+00,-1.489994887620022e-04
4.425480000000161e-06,1.500100000000000e+00,1.500603233777696e+00,-1.489994888018988e-04
4.427480000000162e-06,1.500100000000000e+00,1.500603233777533e+00,-1.489994888019048e-04
4.429480000000162e-06,1.500100000000000e+00,1.500603233777544e+00,-1.489994887886079e-04
4.431480000000162e-06,1.500100000000000e+00,1.500603233777603e+00,-1.489994887753092e-04
4.433480000000162e-06,1.500100000000000e+00,1.500603233777741e+00,-1.489994888018971e-04
4.435480000000162e-06,1.500100000000000e+00,1.500603233777811e+00,-1.489994887753015e-04
4.437480000000162e-06,1.500100000000000e+00,1.500603233777799e+00,-1.489994888018949e-04
4.439480000000163e-06,1.500100000000000e+00,1.500603233777936e+00,-1.489994887752968e-04
4.441480000000163e-06,1.500100000000000e+00,1.500603233778181e+00,-1.489994888018807e-04
4.443480000000163e-06,1.500100000000000e+00,1.500603233778248e+00,-1.489994887752852e-04
4.445480000000163e-06,1.500100000000000e+00,1.500603233778071e+00,-1.489994888018848e-04
4.447480000000163e-06,1.500100000000000e+00,1.500603233777970e+00,-1.489994888018886e-04
4.449480000000163e-06,1.500100000000000e+00,1.500603233778023e+00,-1.489994887885901e-04
4.451480000000163e-06,1.500100000000000e+00,1.500603233778035e+00,-1.489994887885897e-04
4.453480000000164e-06,1.500100000000000e+00,1.500603233777898e+00,-1.489994888018912e-04
4.455480000000164e-06,1.500100000000000e+00,1.500603233777642e+00,-1.489994887753078e-04
4.457480000000164e-06,1.500100000000000e+00,1.500603233777335e+00,-1.489994887753192e-04
4.459480000000164e-06,1.500100000000000e+00,1.500603233777097e+00,-1.489994887753281e-04
4.461480000000164e-06,1.500100000000000e+00,1.500603233777035e+00,-1.489994888019234e-04
4.463480000000164e-06,1.500100000000000e+00,1.500603233777065e+00,-1.489994887886258e-04
4.465480000000164e-06,1.500100000000000e+00,1.500603233777004e+00,-1.489994888019245e-04
4.467480000000165e-06,1.500100000000000e+00,1.500603233776926e+00,-1.489994887886309e-04
4.469480000000165e-06,1.500100000000000e+00,1.500603233776870e+00,-1.489994888019295e-04
4.471480000000165e-06,1.500100000000000e+00,1.500603233776926e+00,-1.489994887753344e-04
4.473480000000165e-06,1.500100000000000e+00,1.500603233777332e+00,-1.489994887753193e-04
4.475480000000165e-06,1.500100000000000e+00,1.500603233777903e+00,-1.489994887752981e-04
4.477480000000165e-06,1.500100000000000e+00,1.500603233778377e+00,-1.489994888018734e-04
4.479480000000166e-06,1.500100000000000e+00,1.500603233778552e+00,-1.489994887752739e-04
4.481480000000166e-06,1.500100000000000e+00,1.500603233778390e+00,-1.489994888018729e-04
4.483480000000166e-06,1.500100000000000e+00,1.500603233778202e+00,-1.489994887752870e-04
4.485480000000166e-06,1.500100000000000e+00,1.500603233778109e+00,-1.489994888018834e-04
4.487480000000166e-06,1.500100000000000e+00,1.500603233778047e+00,-1.489994887752927e-04
4.489480000000166e-06,1.500100000000000e+00,1.500603233778203e+00,-1.489994888018799e-04
4.491480000000166e-06,1.500100000000000e+00,1.500603233778383e+00,-1.489994887752802e-04
4.493480000000167e-06,1.500100000000000e+00,1.500603233778238e+00,-1.489994888018786e-04
4.495480000000167e-06,1.500100000000000e+00,1.500603233777976e+00,-1.489994887752954e-04
4.497480000000167e-06,1.500100000000000e+00,1.500603233778014e+00,-1.489994888018869e-04
4.499480000000167e-06,1.500100000000000e+00,1.500603233778186e+00,-1.489994887752876e-04
4.501480000000167e-06,1.500100000000000e+00,1.500603233778135e+00,-1.489994888018824e-04
4.503480000000167e-06,1.500100000000000e+00,1.500603233777982e+00,-1.489994887885916e-04
4.505480000000167e-06,1.500100000000000e+00,1.500603233777722e+00,-1.489994888018978e-04
4.507480000000168e-06,1.500100000000000e+00,1.500603233777324e+00,-1.489994887886161e-04
4.509480000000168e-06,1.500100000000000e+00,1.500603233776947e+00,-1.489994888019266e-04
4.511480000000168e-06,1.500100000000000e+00,1.500603233776600e+00,-1.489994887753466e-04
4.513480000000168e-06,1.500100000000000e+00,1.500603233776326e+00,-1.489994888019497e-04
4.515480000000168e-06,1.500100000000000e+00,1.500603233776091e+00,-1.489994887886620e-04
4.517480000000168e-06,1.500100000000000e+00,1.500603233775836e+00,-1.489994888019679e-04
4.519480000000169e-06,1.500100000000000e+00,1.500603233775577e+00,-1.489994887886811e-04
4.521480000000169e-06,1.500100000000000e+00,1.500603233775322e+00,-1.489994888019871e-04
4.523480000000169e-06,1.500100000000000e+00,1.500603233775095e+00,-1.489994887754025e-04
4.525480000000169e-06,1.500100000000000e+00,1.500603233774882e+00,-1.489994887754105e-04
4.527480000000169e-06,1.500100000000000e+00,1.500603233774712e+00,-1.489994887754168e-04
4.529480000000169e-06,1.500100000000000e+00,1.500603233774620e+00,-1.489994888020132e-04
4.531480000000169e-06,1.500100000000000e+00,1.500603233774386e+00,-1.489994887754289e-04
4.533480000000170e-06,1.500100000000000e+00,1.500603233773980e+00,-1.489994888020370e-04
4.535480000000170e-06,1.500100000000000e+00,1.500603233773563e+00,-1.489994888020525e-04
4.537480000000170e-06,1.500100000000000e+00,1.500603233773102e+00,-1.489994887754767e-04
4.539480000000170e-06,1.500100000000000e+00,1.500603233772714e+00,-1.489994887754911e-04
4.541480000000170e-06,1.500100000000000e+00,1.500603233772609e+00,-1.489994887754950e-04
4.543480000000170e-06,1.500100000000000e+00,1.500603233772734e+00,-1.489994887754904e-04
4.545480000000170e-06,1.500100000000000e+00,1.500603233773012e+00,-1.489994887887765e-04
4.547480000000171e-06,1.500100000000000e+00,1.500603233773284e+00,-1.489994887754699e-04
4.549480000000171e-06,1.500100000000000e+00,1.500603233773517e+00,-1.489994887887577e-04
4.551480000000171e-06,1.500100000000000e+00,1.500603233773897e+00,-1.489994887754471e-04
4.553480000000171e-06,1.500100000000000e+00,1.500603233774338e+00,-1.489994888020237e-04
4.555480000000171e-06,1.500100000000000e+00,1.500603233774683e+00,-1.489994887754178e-04
4.557480000000171e-06,1.500100000000000e+00,1.500603233775117e+00,-1.489994887886982e-04
4.559480000000172e-06,1.500100000000000e+00,1.500603233775625e+00,-1.489994887753828e-04
4.561480000000172e-06,1.500100000000000e+00,1.500603233775936e+00,-1.489994888019642e-04
4.563480000000172e-06,1.500100000000000e+00,1.500603233776054e+00,-1.489994887753668e-04
4.565480000000172e-06,1.500100000000000e+00,1.500603233776321e+00,-1.489994888019499e-04
4.567480000000172e-06,1.500100000000000e+00,1.500603233776734e+00,-1.489994887753416e-04
4.569480000000172e-06,1.500100000000000e+00,1.500603233777094e+00,-1.489994888019212e-04
4.571480000000172e-06,1.500100000000000e+00,1.500603233777321e+00,-1.489994888019127e-04
4.573480000000173e-06,1.500100000000000e+00,1.500603233777526e+00,-1.489994888019051e-04
4.575480000000173e-06,1.500100000000000e+00,1.500603233777697e+00,-1.489994887886022e-04
4.577480000000173e-06,1.500100000000000e+00,1.500603233777709e+00,-1.489994888018983e-04
4.579480000000173e-06,1.500100000000000e+00,1.500603233777771e+00,-1.489994887753030e-04
4.581480000000173e-06,1.500100000000000e+00,1.500603233777777e+00,-1.489994888018958e-04
4.583480000000173e-06,1.500100000000000e+00,1.500603233777512e+00,-1.489994887886091e-04
4.585480000000173e-06,1.500100000000000e+00,1.500603233777150e+00,-1.489994887753261e-04
4.587480000000174e-06,1.500100000000000e+00,1.500603233776804e+00,-1.489994887753389e-04
4.589480000000174e-06,1.500100000000000e+00,1.500603233776512e+00,-1.489994888019428e-04
4.591480000000174e-06,1.500100000000000e+00,1.500603233776469e+00,-1.489994888019444e-04
4.593480000000174e-06,1.500100000000000e+00,1.500603233776741e+00,-1.489994888019343e-04
4.595480000000174e-06,1.500100000000000e+00,1.500603233776993e+00,-1.489994887886284e-04
4.597480000000174e-06,1.500100000000000e+00,1.500603233776940e+00,-1.489994887753339e-04
4.599480000000175e-06,1.500100000000000e+00,1.500603233776644e+00,-1.489994887753449e-04
4.601480000000175e-06,1.500100000000000e+00,1.500603233776282e+00,-1.489994888019513e-04
4.603480000000175e-06,1.500100000000000e+00,1.500603233775663e+00,-1.489994887753814e-04
4.605480000000175e-06,1.500100000000000e+00,1.500603233774871e+00,-1.489994887887074e-04
4.607480000000175e-06,1.500100000000000e+00,1.500603233774145e+00,-1.489994887754379e-04
4.609480000000175e-06,1.500100000000000e+00,1.500603233773401e+00,-1.489994888020586e-04
4.611480000000175e-06,1.500100000000000e+00,1.500603233772690e+00,-1.489994887754920e-04
4.613480000000176e-06,1.500100000000000e+00,1.500603233772052e+00,-1.489994888021087e-04
4.615480000000176e-06,1.500100000000000e+00,1.500603233771468e+00,-1.489994887888340e-04
4.617480000000176e-06,1.500100000000000e+00,1.500603233771077e+00,-1.489994888021450e-04
4.619480000000176e-06,1.500100000000000e+00,1.500603233771079e+00,-1.489994887888484e-04
4.621480000000176e-06,1.500100000000000e+00,1.500603233771616e+00,-1.489994887755320e-04
4.623480000000176e-06,1.500100000000000e+00,1.500603233772333e+00,-1.489994888020982e-04
4.625480000000176e-06,1.500100000000000e+00,1.500603233772748e+00,-1.489994888020828e-04
4.627480000000177e-06,1.500100000000000e+00,1.500603233773012e+00,-1.489994887754800e-04
4.629480000000177e-06,1.500100000000000e+00,1.500603233773483e+00,-1.489994888020555e-04
4.631480000000177e-06,1.500100000000000e+00,1.500603233774104e+00,-1.489994887887359e-04
4.633480000000177e-06,1.500100000000000e+00,1.500603233774458e+00,-1.489994888020192e-04
4.635480000000177e-06,1.500100000000000e+00,1.500603233774468e+00,-1.489994887621293e-04
4.637480000000177e-06,1.500100000000000e+00,1.500603233774430e+00,-1.489994888020202e-04
4.639480000000178e-06,1.500100000000000e+00,1.500603233774444e+00,-1.489994887887233e-04
4.641480000000178e-06,1.500100000000000e+00,1.500603233774710e+00,-1.489994887754169e-04
4.643480000000178e-06,1.500100000000000e+00,1.500603233775276e+00,-1.489994887753958e-04
4.645480000000178e-06,1.500100000000000e+00,1.500603233775639e+00,-1.489994888019753e-04
4.647480000000178e-06,1.500100000000000e+00,1.500603233775706e+00,-1.489994887620834e-04
4.649480000000178e-06,1.500100000000000e+00,1.500603233775878e+00,-1.489994887886699e-04
4.651480000000178e-06,1.500100000000000e+00,1.500603233776184e+00,-1.489994888019550e-04
4.653480000000179e-06,1.500100000000000e+00,1.500603233776449e+00,-1.489994888019451e-04
4.655480000000179e-06,1.500100000000000e+00,1.500603233776646e+00,-1.489994887753449e-04
4.657480000000179e-06,1.500100000000000e+00,1.500603233776633e+00,-1.489994888019383e-04
4.659480000000179e-06,1.500100000000000e+00,1.500603233776449e+00,-1.489994887753522e-04
4.661480000000179e-06,1.500100000000000e+00,1.500603233776393e+00,-1.489994888019472e-04
4.663480000000179e-06,1.500100000000000e+00,1.500603233776511e+00,-1.489994887753499e-04
4.665480000000179e-06,1.500100000000000e+00,1.500603233776549e+00,-1.489994887753485e-04
4.667480000000180e-06,1.500100000000000e+00,1.500603233776420e+00,-1.489994887753533e-04
4.669480000000180e-06,1.500100000000000e+00,1.500603233776398e+00,-1.489994888019470e-04
4.671480000000180e-06,1.500100000000000e+00,1.500603233776439e+00,-1.489994887753525e-04
4.673480000000180e-06,1.500100000000000e+00,1.500603233776301e+00,-1.489994887753577e-04
4.675480000000180e-06,1.500100000000000e+00,1.500603233776217e+00,-1.489994887753608e-04
4.677480000000180e-06,1.500100000000000e+00,1.500603233776414e+00,-1.489994887753534e-04
4.679480000000181e-06,1.500100000000000e+00,1.500603233776653e+00,-1.489994887886411e-04
4.681480000000181e-06,1.500100000000000e+00,1.500603233776832e+00,-1.489994888019309e-04
4.683480000000181e-06,1.500100000000000e+00,1.500603233776998e+00,-1.489994887753318e-04
4.685480000000181e-06,1.500100000000000e+00,1.500603233776925e+00,-1.489994887753345e-04
4.687480000000181e-06,1.500100000000000e+00,1.500603233776610e+00,-1.489994887753462e-04
4.689480000000181e-06,1.500100000000000e+00,1.500603233776370e+00,-1.489994887753551e-04
4.691480000000181e-06,1.500100000000000e+00,1.500603233776181e+00,-1.489994887886586e-04
4.693480000000182e-06,1.500100000000000e+00,1.500603233776001e+00,-1.489994888019618e-04
4.695480000000182e-06,1.500100000000000e+00,1.500603233776187e+00,-1.489994888019549e-04
4.697480000000182e-06,1.500100000000000e+00,1.500603233776721e+00,-1.489994888019350e-04
4.699480000000182e-06,1.500100000000000e+00,1.500603233777205e+00,-1.489994887886206e-04
4.701480000000182e-06,1.500100000000000e+00,1.500603233777405e+00,-1.489994888019096e-04
4.703480000000182e-06,1.500100000000000e+00,1.500603233777522e+00,-1.489994888019052e-04
4.705480000000183e-06,1.500100000000000e+00,1.500603233777838e+00,-1.489994887885970e-04
4.707480000000183e-06,1.500100000000000e+00,1.500603233778023e+00,-1.489994887752936e-04
4.709480000000183e-06,1.500100000000000e+00,1.500603233778034e+00,-1.489994887885897e-04
4.711480000000183e-06,1.500100000000000e+00,1.500603233778241e+00,-1.489994888018785e-04
4.713480000000183e-06,1.500100000000000e+00,1.500603233778590e+00,-1.489994888018655e-04
4.715480000000183e-06,1.500100000000000e+00,1.500603233778852e+00,-1.489994888018557e-04
4.717480000000183e-06,1.500100000000000e+00,1.500603233779001e+00,-1.489994888018502e-04
4.719480000000184e-06,1.500100000000000e+00,1.500603233778934e+00,-1.489994887752597e-04
4.721480000000184e-06,1.500100000000000e+00,1.500603233778736e+00,-1.489994887885636e-04
4.723480000000184e-06,1.500100000000000e+00,1.500603233778617e+00,-1.489994888018645e-04
4.725480000000184e-06,1.500100000000000e+00,1.500603233778408e+00,-1.489994888018723e-04
4.727480000000184e-06,1.500100000000000e+00,1.500603233778177e+00,-1.489994887885844e-04
4.729480000000184e-06,1.500100000000000e+00,1.500603233778367e+00,-1.489994888018738e-04
4.731480000000184e-06,1.500100000000000e+00,1.500603233778963e+00,-1.489994887752587e-04
4.733480000000185e-06,1.500100000000000e+00,1.500603233779547e+00,-1.489994888018299e-04
4.735480000000185e-06,1.500100000000000e+00,1.500603233779891e+00,-1.489994888018171e-04
4.737480000000185e-06,1.500100000000000e+00,1.500603233779909e+00,-1.489994888018164e-04
4.739480000000185e-06,1.500100000000000e+00,1.500603233779689e+00,-1.489994887752316e-04
4.741480000000185e-06,1.500100000000000e+00,1.500603233779455e+00,-1.489994888018333e-04
4.743480000000185e-06,1.500100000000000e+00,1.500603233779266e+00,-1.489994888018403e-04
4.745480000000186e-06,1.500100000000000e+00,1.500603233779386e+00,-1.489994887752429e-04
4.747480000000186e-06,1.500100000000000e+00,1.500603233779791e+00,-1.489994888018209e-04
4.749480000000186e-06,1.500100000000000e+00,1.500603233780066e+00,-1.489994887752176e-04
4.751480000000186e-06,1.500100000000000e+00,1.500603233780057e+00,-1.489994887885145e-04
4.753480000000186e-06,1.500100000000000e+00,1.500603233779889e+00,-1.489994888018172e-04
4.755480000000186e-06,1.500100000000000e+00,1.500603233779843e+00,-1.489994887752259e-04
4.757480000000186e-06,1.500100000000000e+00,1.500603233780088e+00,-1.489994888018098e-04
4.759480000000187e-06,1.500100000000000e+00,1.500603233780299e+00,-1.489994887885054e-04
4.761480000000187e-06,1.500100000000000e+00,1.500603233780294e+00,-1.489994888018021e-04
4.763480000000187e-06,1.500100000000000e+00,1.500603233780150e+00,-1.489994887885110e-04
4.765480000000187e-06,1.500100000000000e+00,1.500603233780019e+00,-1.489994887885158e-04
4.767480000000187e-06,1.500100000000000e+00,1.500603233779991e+00,-1.489994888018134e-04
4.769480000000187e-06,1.500100000000000e+00,1.500603233779946e+00,-1.489994888018151e-04
4.771480000000187e-06,1.500100000000000e+00,1.500603233779999e+00,-1.489994888018131e-04
4.773480000000188e-06,1.500100000000000e+00,1.500603233780235e+00,-1.489994888018043e-04
4.775480000000188e-06,1.500100000000000e+00,1.500603233780467e+00,-1.489994888017957e-04
4.777480000000188e-06,1.500100000000000e+00,1.500603233780610e+00,-1.489994888017904e-04
4.779480000000188e-06,1.500100000000000e+00,1.500603233780588e+00,-1.489994887751982e-04
4.781480000000188e-06,1.500100000000000e+00,1.500603233780531e+00,-1.489994888017933e-04
4.783480000000188e-06,1.500100000000000e+00,1.500603233780731e+00,-1.489994887751929e-04
4.785480000000189e-06,1.500100000000000e+00,1.500603233781081e+00,-1.489994888017728e-04
4.787480000000189e-06,1.500100000000000e+00,1.500603233781297e+00,-1.489994888017648e-04
4.789480000000189e-06,1.500100000000000e+00,1.500603233781337e+00,-1.489994888017633e-04
4.791480000000189e-06,1.500100000000000e+00,1.500603233781164e+00,-1.489994888017697e-04
4.793480000000189e-06,1.500100000000000e+00,1.500603233780767e+00,-1.489994888017845e-04
4.795480000000189e-06,1.500100000000000e+00,1.500603233780569e+00,-1.489994887884954e-04
4.797480000000189e-06,1.500100000000000e+00,1.500603233780633e+00,-1.489994888017895e-04
4.799480000000190e-06,1.500100000000000e+00,1.500603233780589e+00,-1.489994887884946e-04
4.801480000000190e-06,1.500100000000000e+00,1.500603233780457e+00,-1.489994888017961e-04
4.803480000000190e-06,1.500100000000000e+00,1.500603233780312e+00,-1.489994887885050e-04
4.805480000000190e-06,1.500100000000000e+00,1.500603233780059e+00,-1.489994888018109e-04
4.807480000000190e-06,1.500100000000000e+00,1.500603233779840e+00,-1.489994887752261e-04
4.809480000000190e-06,1.500100000000000e+00,1.500603233779772e+00,-1.489994888018215e-04
4.811480000000190e-06,1.500100000000000e+00,1.500603233779618e+00,-1.489994887752343e-04
4.813480000000191e-06,1.500100000000000e+00,1.500603233779373e+00,-1.489994888018364e-04
4.815480000000191e-06,1.500100000000000e+00,1.500603233779264e+00,-1.489994887752475e-04
4.817480000000191e-06,1.500100000000000e+00,1.500603233779148e+00,-1.489994888018448e-04
4.819480000000191e-06,1.500100000000000e+00,1.500603233778886e+00,-1.489994887885580e-04
4.821480000000191e-06,1.500100000000000e+00,1.500603233778747e+00,-1.489994888151561e-04
4.823480000000191e-06,1.500100000000000e+00,1.500603233778699e+00,-1.489994888018615e-04
4.825480000000192e-06,1.500100000000000e+00,1.500603233778591e+00,-1.489994888018654e-04
4.827480000000192e-06,1.500100000000000e+00,1.500603233778652e+00,-1.489994887752702e-04
4.829480000000192e-06,1.500100000000000e+00,1.500603233778810e+00,-1.489994888018573e-04
4.831480000000192e-06,1.500100000000000e+00,1.500603233778872e+00,-1.489994887752620e-04
4.833480000000192e-06,1.500100000000000e+00,1.500603233779007e+00,-1.489994888018500e-04
4.835480000000192e-06,1.500100000000000e+00,1.500603233779036e+00,-1.489994887752559e-04
4.837480000000192e-06,1.500100000000000e+00,1.500603233778779e+00,-1.489994887885620e-04
4.839480000000193e-06,1.500100000000000e+00,1.500603233778533e+00,-1.489994888018676e-04
4.841480000000193e-06,1.500100000000000e+00,1.500603233778490e+00,-1.489994888018692e-04
4.843480000000193e-06,1.500100000000000e+00,1.500603233778476e+00,-1.489994887752768e-04
4.845480000000193e-06,1.500100000000000e+00,1.500603233778366e+00,-1.489994888018738e-04
4.847480000000193e-06,1.500100000000000e+00,1.500603233778256e+00,-1.489994887885814e-04
4.849480000000193e-06,1.500100000000000e+00,1.500603233778171e+00,-1.489994888018811e-04
4.851480000000193e-06,1.500100000000000e+00,1.500603233778129e+00,-1.489994887752897e-04
4.853480000000194e-06,1.500100000000000e+00,1.500603233777974e+00,-1.489994887752954e-04
4.855480000000194e-06,1.500100000000000e+00,1.500603233777524e+00,-1.489994887753122e-04
4.857480000000194e-06,1.500100000000000e+00,1.500603233777054e+00,-1.489994888019226e-04
4.859480000000194e-06,1.500100000000000e+00,1.500603233776652e+00,-1.489994887753446e-04
4.861480000000194e-06,1.500100000000000e+00,1.500603233776286e+00,-1.489994887886547e-04
4.863480000000194e-06,1.500100000000000e+00,1.500603233776112e+00,-1.489994887753647e-04
4.865480000000195e-06,1.500100000000000e+00,1.500603233776111e+00,-1.489994888019577e-04
4.867480000000195e-06,1.500100000000000e+00,1.500603233776088e+00,-1.489994887753656e-04
4.869480000000195e-06,1.500100000000000e+00,1.500603233776012e+00,-1.489994888019614e-04
4.871480000000195e-06,1.500100000000000e+00,1.500603233776044e+00,-1.489994888019602e-04
4.873480000000195e-06,1.500100000000000e+00,1.500603233776249e+00,-1.489994888019526e-04
4.875480000000195e-06,1.500100000000000e+00,1.500603233776682e+00,-1.489994887753435e-04
4.877480000000195e-06,1.500100000000000e+00,1.500603233776878e+00,-1.489994888019292e-04
4.879480000000196e-06,1.500100000000000e+00,1.500603233776788e+00,-1.489994887753396e-04
4.881480000000196e-06,1.500100000000000e+00,1.500603233776991e+00,-1.489994887753320e-04
4.883480000000196e-06,1.500100000000000e+00,1.500603233777378e+00,-1.489994887753176e-04
4.885480000000196e-06,1.500100000000000e+00,1.500603233777680e+00,-1.489994888018993e-04
4.887480000000196e-06,1.500100000000000e+00,1.500603233778004e+00,-1.489994887752943e-04
4.889480000000196e-06,1.500100000000000e+00,1.500603233778490e+00,-1.489994887885727e-04
4.891480000000196e-06,1.500100000000000e+00,1.500603233778761e+00,-1.489994887752662e-04
4.893480000000197e-06,1.500100000000000e+00,1.500603233778780e+00,-1.489994887752655e-04
4.895480000000197e-06,1.500100000000000e+00,1.500603233778841e+00,-1.489994887752632e-04
4.897480000000197e-06,1.500100000000000e+00,1.500603233778911e+00,-1.489994887885571e-04
4.899480000000197e-06,1.500100000000000e+00,1.500603233778764e+00,-1.489994887752661e-04
4.901480000000197e-06,1.500100000000000e+00,1.500603233778205e+00,-1.489994887752868e-04
4.903480000000197e-06,1.500100000000000e+00,1.500603233777596e+00,-1.489994887753095e-04
4.905480000000198e-06,1.500100000000000e+00,1.500603233777281e+00,-1.489994887753212e-04
4.907480000000198e-06,1.500100000000000e+00,1.500603233777082e+00,-1.489994887753286e-04
4.909480000000198e-06,1.500100000000000e+00,1.500603233776915e+00,-1.489994888019278e-04
4.911480000000198e-06,1.500100000000000e+00,1.500603233776689e+00,-1.489994887487503e-04
4.913480000000198e-06,1.500100000000000e+00,1.500603233776421e+00,-1.489994887886497e-04
4.915480000000198e-06,1.500100000000000e+00,1.500603233776113e+00,-1.489994887753647e-04
4.917480000000198e-06,1.500100000000000e+00,1.500603233775778e+00,-1.489994888019701e-04
4.919480000000199e-06,1.500100000000000e+00,1.500603233775559e+00,-1.489994887620888e-04
4.921480000000199e-06,1.500100000000000e+00,1.500603233775549e+00,-1.489994887886821e-04
4.923480000000199e-06,1.500100000000000e+00,1.500603233775618e+00,-1.489994887753831e-04
4.925480000000199e-06,1.500100000000000e+00,1.500603233775710e+00,-1.489994888019726e-04
4.927480000000199e-06,1.500100000000000e+00,1.500603233775809e+00,-1.489994887886725e-04
4.929480000000199e-06,1.500100000000000e+00,1.500603233775717e+00,-1.489994887753794e-04
4.931480000000199e-06,1.500100000000000e+00,1.500603233775441e+00,-1.489994887753897e-04
4.933480000000200e-06,1.500100000000000e+00,1.500603233775194e+00,-1.489994887753988e-04
4.935480000000200e-06,1.500100000000000e+00,1.500603233775022e+00,-1.489994887754052e-04
4.937480000000200e-06,1.500100000000000e+00,1.500603233774708e+00,-1.489994888020099e-04
4.939480000000200e-06,1.500100000000000e+00,1.500603233774415e+00,-1.489994888020208e-04
4.941480000000200e-06,1.500100000000000e+00,1.500603233774319e+00,-1.489994888020244e-04
4.943480000000200e-06,1.500100000000000e+00,1.500603233774364e+00,-1.489994887488368e-04
4.945480000000201e-06,1.500100000000000e+00,1.500603233774524e+00,-1.489994888020168e-04
4.947480000000201e-06,1.500100000000000e+00,1.500603233774786e+00,-1.489994887488211e-04
4.949480000000201e-06,1.500100000000000e+00,1.500603233775110e+00,-1.489994887621055e-04
4.951480000000201e-06,1.500100000000000e+00,1.500603233775334e+00,-1.489994887753936e-04
4.953480000000201e-06,1.500100000000000e+00,1.500603233775303e+00,-1.489994888019878e-04
4.955480000000201e-06,1.500100000000000e+00,1.500603233775113e+00,-1.489994887488089e-04
4.957480000000201e-06,1.500100000000000e+00,1.500603233775073e+00,-1.489994887886998e-04
4.959480000000202e-06,1.500100000000000e+00,1.500603233775213e+00,-1.489994887753981e-04
4.961480000000202e-06,1.500100000000000e+00,1.500603233775308e+00,-1.489994887753946e-04
4.963480000000202e-06,1.500100000000000e+00,1.500603233775365e+00,-1.489994887620960e-04
4.965480000000202e-06,1.500100000000000e+00,1.500603233775331e+00,-1.489994887886902e-04
4.967480000000202e-06,1.500100000000000e+00,1.500603233775158e+00,-1.489994887754002e-04
4.969480000000202e-06,1.500100000000000e+00,1.500603233775028e+00,-1.489994888019980e-04
4.971480000000202e-06,1.500100000000000e+00,1.500603233774957e+00,-1.489994887754077e-04
4.973480000000203e-06,1.500100000000000e+00,1.500603233774989e+00,-1.489994888019994e-04
4.975480000000203e-06,1.500100000000000e+00,1.500603233775143e+00,-1.489994887621043e-04
4.977480000000203e-06,1.500100000000000e+00,1.500603233775362e+00,-1.489994888019856e-04
4.979480000000203e-06,1.500100000000000e+00,1.500603233775484e+00,-1.489994887753881e-04
4.981480000000203e-06,1.500100000000000e+00,1.500603233775345e+00,-1.489994888019862e-04
4.983480000000203e-06,1.500100000000000e+00,1.500603233775250e+00,-1.489994887753968e-04
4.985480000000204e-06,1.500100000000000e+00,1.500603233775267e+00,-1.489994888019891e-04
4.987480000000204e-06,1.500100000000000e+00,1.500603233775185e+00,-1.489994887753992e-04
4.989480000000204e-06,1.500100000000000e+00,1.500603233775024e+00,-1.489994887754052e-04
4.991480000000204e-06,1.500100000000000e+00,1.500603233774698e+00,-1.489994887754173e-04
4.993480000000204e-06,1.500100000000000e+00,1.500603233774096e+00,-1.489994888020327e-04
4.995480000000204e-06,1.500100000000000e+00,1.500603233773244e+00,-1.489994887887679e-04
4.997480000000204e-06,1.500100000000000e+00,1.500603233772436e+00,-1.489994888020944e-04
4.999480000000205e-06,1.500100000000000e+00,1.500603233771729e+00,-1.489994887755277e-04
5.000000000000000e-06,1.500100000000000e+00,1.500603233768638e+00,-1.489994888327150e-04
