time_s,supply_V,output_V,reference_current_A
2.000000000000000e-09,6.000000000000001e-04,2.676420261885955e-05,4.926527047853222e-23
4.000000000000000e-09,1.200000000000000e-03,5.484529261068758e-05,9.826150246488117e-23
8.000000000000000e-09,2.400000000000000e-03,1.112281863413353e-04,1.955079205260054e-22
1.535180287302753e-08,4.605540861908258e-03,2.147480494188415e-04,3.715754347655416e-22
3.005540861908259e-08,9.016622585724778e-03,4.206190826484029e-04,7.127287700194714e-22
5.946262011119271e-08,1.783878603335781e-02,8.291432127829362e-04,1.347021115795987e-21
1.182770430954129e-07,3.548311292862388e-02,1.636932899477008e-03,2.424770313657374e-21
2.000000000000000e-07,6.000000000000000e-02,2.745383859847574e-03,3.670067840459564e-21
2.117628845968440e-07,6.352886537905322e-02,2.903831659445298e-03,3.844447452127699e-21
2.352886537905321e-07,7.058659613715965e-02,3.220005468279087e-03,4.198795607240198e-21
2.823401921779083e-07,8.470205765337251e-02,3.849499874801845e-03,4.948256038953136e-21
3.764432689526607e-07,1.129329806857982e-01,5.097632581277433e-03,6.720919491192084e-21
5.646494225021655e-07,1.693948267506497e-01,7.554168339212027e-03,1.209923441958861e-20
7.646494225021655e-07,2.293948267506496e-01,1.011314251600592e-02,2.248821771143937e-20
9.646494225021656e-07,2.893948267506497e-01,1.262558874396907e-02,4.190577860856246e-20
1.164649422502166e-06,3.493948267506497e-01,1.509677984086738e-02,7.842998968966546e-20
1.364649422502166e-06,4.093948267506498e-01,1.753093985714098e-02,1.475088498575651e-19
1.564649422502166e-06,4.693948267506497e-01,1.993153614099031e-02,2.788410826641354e-19
1.764649422502166e-06,5.293948267506496e-01,2.230145592465632e-02,5.297933653546703e-19
1.964649422502166e-06,5.893948267506498e-01,2.464315179332341e-02,1.011679931496731e-18
2.164649422502166e-06,6.493948267506497e-01,2.695873062073710e-02,1.941443582125721e-18
2.364649422502165e-06,7.093948267506497e-01,2.925003655287943e-02,3.743684476405956e-18
2.564649422502165e-06,7.693948267506496e-01,3.151869911638189e-02,7.252836683258000e-18
2.764649422502165e-06,8.293948267506495e-01,3.376618720076811e-02,1.411522635840326e-17
2.964649422502165e-06,8.893948267506494e-01,3.599383769583705e-02,2.759136254999963e-17
3.164649422502164e-06,9.493948267506495e-01,3.820289610968524e-02,5.416210094212116e-17
3.364649422502164e-06,1.009394826750649e+00,4.039453705229396e-02,1.067541155217726e-16
3.564649422502164e-06,1.069394826750649e+00,4.256990069622832e-02,2.112362405681641e-16
3.764649422502164e-06,1.129394826750649e+00,4.473011356928037e-02,4.195397846671214e-16
3.964649422502164e-06,1.189394826750649e+00,4.687633040544056e-02,8.362256394517643e-16
4.164649422502163e-06,1.249394826750649e+00,4.900976791689273e-02,1.672410145681270e-15
4.364649422502163e-06,1.309394826750649e+00,5.113177171285079e-02,3.355471290416606e-15
4.564649422502163e-06,1.369394826750649e+00,5.324389439666406e-02,6.752704927023282e-15
4.764649422502163e-06,1.429394826750649e+00,5.534803583433559e-02,1.362818919742831e-14
4.964649422502162e-06,1.489394826750649e+00,5.744663221576213e-02,2.757776620736273e-14
5.164649422502162e-06,1.549394826750649e+00,5.954294020993153e-02,5.594592941074450e-14
5.364649422502162e-06,1.609394826750649e+00,6.164135695719535e-02,1.137627759467544e-13
5.564649422502162e-06,1.669394826750649e+00,6.374768873572266e-02,2.318446718972264e-13
5.764649422502162e-06,1.729394826750648e+00,6.586905567128790e-02,4.734957533948650e-13
5.964649422502161e-06,1.789394826750649e+00,6.801315456310089e-02,9.690229518650275e-13
6.164649422502161e-06,1.849394826750649e+00,7.018628030178310e-02,1.987269495976013e-12
6.364649422502161e-06,1.909394826750648e+00,7.239023697173116e-02,4.084409900589232e-12
6.564649422502161e-06,1.969394826750648e+00,7.461718018505843e-02,8.414874756825569e-12
6.764649422502160e-06,2.029394826750648e+00,7.684786802636501e-02,1.738465920011960e-11
6.964649422502160e-06,2.089394826750648e+00,7.907136234285309e-02,3.603313322223346e-11
7.164649422502160e-06,2.149394826750648e+00,8.130141232994854e-02,7.498366277199617e-11
7.364649422502160e-06,2.209394826750648e+00,8.355676870286226e-02,1.568527440746583e-10
7.564649422502160e-06,2.269394826750648e+00,8.584312184881822e-02,3.305692209272063e-10
7.764649422502159e-06,2.329394826750648e+00,8.815758392913356e-02,7.037621178234161e-10
7.964649422502159e-06,2.389394826750648e+00,9.048078554917552e-02,1.504949158881055e-09
8.164649422502159e-06,2.449394826750648e+00,9.274852791536738e-02,3.101870167232374e-09
8.364649422502159e-06,2.509394826750648e+00,9.492873838247029e-02,5.593564272351759e-09
8.564649422502158e-06,2.569394826750648e+00,9.706761599327396e-02,8.108245550051055e-09
8.764649422502158e-06,2.629394826750648e+00,9.916235886495831e-02,9.800942991640842e-09
8.964649422502158e-06,2.689394826750648e+00,1.012319429910898e-01,1.154163798648749e-08
9.164649422502158e-06,2.749394826750648e+00,1.032907880399756e-01,1.654378680783096e-08
9.364649422502158e-06,2.809394826750648e+00,1.053276247560441e-01,5.418301396090934e-08
9.388887075046999e-06,2.816666122514100e+00,1.055719352872150e-01,7.229460788630500e-08
9.437362380136681e-06,2.831208714041004e+00,1.060543499795833e-01,1.924095087615081e-07
9.454232409265574e-06,2.836269722779672e+00,1.062170752041943e-01,3.640256463344171e-07
9.463514563503713e-06,2.839054369051114e+00,1.063024852426221e-01,6.217036165198673e-07
9.469330944840233e-06,2.840799283452070e+00,1.063529143770621e-01,9.671986898550790e-07
9.473813012092064e-06,2.842143903627619e+00,1.063907321282002e-01,1.428198581237129e-06
9.477382281582885e-06,2.843214684474866e+00,1.064232660228097e-01,1.941991143806716e-06
9.481375712843882e-06,2.844412713853165e+00,1.064683280191344e-01,2.581218249837087e-06
9.485957181800263e-06,2.845787154540079e+00,1.065372937749775e-01,3.189616019643581e-06
9.488595573962629e-06,2.846578672188789e+00,1.065861202168327e-01,3.421439446292092e-06
9.491188782739511e-06,2.847356634821854e+00,1.066332235439909e-01,3.574101298125177e-06
9.494399115964456e-06,2.848319734789337e+00,1.066813621843982e-01,3.690566259168424e-06
9.498411069380213e-06,2.849523320814064e+00,1.067254263118996e-01,3.767011809115697e-06
9.502544033874504e-06,2.850763210162351e+00,1.067559758812607e-01,3.803619940413066e-06
9.508550109044806e-06,2.852565032713442e+00,1.067913648292577e-01,3.825909952303742e-06
9.514876297555202e-06,2.854462889266561e+00,1.068357113224825e-01,3.834000550160905e-06
9.521889287475255e-06,2.856566786242577e+00,1.069027689787899e-01,3.837608025751918e-06
9.529977242441557e-06,2.858993172732467e+00,1.069979244301456e-01,3.839817969747158e-06
9.538626840452861e-06,2.861588052135859e+00,1.071044740671189e-01,3.841496166795013e-06
9.543782048195269e-06,2.863134614458581e+00,1.071540434191783e-01,3.842418878488659e-06
9.547919119039797e-06,2.864375735711939e+00,1.071642340299350e-01,3.843110692707539e-06
9.552738573928971e-06,2.865821572178691e+00,1.071073682653970e-01,3.843912952729246e-06
9.558388146368976e-06,2.867516443910693e+00,1.069194930674826e-01,3.844816602993499e-06
9.567735830513246e-06,2.870320749153974e+00,1.063395080956317e-01,3.846333083355118e-06
9.576716367405875e-06,2.873014910221763e+00,1.055827385532753e-01,3.847812793357345e-06
9.586250721976466e-06,2.875875216592940e+00,1.047143441889482e-01,3.849430221000937e-06
9.590665832869115e-06,2.877199749860735e+00,1.043095615559473e-01,3.850191200327158e-06
9.593858895637919e-06,2.878157668691376e+00,1.040334167429441e-01,3.850793439137511e-06
9.598900269248357e-06,2.879670080774507e+00,1.038229712808615e-01,3.851857473735933e-06
9.601557608277596e-06,2.880467282483279e+00,1.039795239652345e-01,3.852363747950985e-06
9.604850665468518e-06,2.881455199640556e+00,1.044070341925643e-01,3.852815652909955e-06
9.608728636974401e-06,2.882618591092321e+00,1.050116465429929e-01,3.853446913701389e-06
9.614068151529499e-06,2.884220445458850e+00,1.048007938733085e-01,3.854192815437402e-06
9.619397378186531e-06,2.885819213455959e+00,9.804538440629808e-02,3.854939060470933e-06
9.624422563460380e-06,2.887326769038114e+00,7.977428852786234e-02,3.855735585676297e-06
9.629180711467270e-06,2.888754213440182e+00,5.485163327709648e-02,3.856856110106043e-06
9.631534827600714e-06,2.889460448280214e+00,4.258242387821885e-02,3.857330995696367e-06
9.634055427664199e-06,2.890216628299260e+00,3.137229144903959e-02,3.857804039701724e-06
9.637043088384970e-06,2.891112926515491e+00,2.131918633579012e-02,3.858179341867392e-06
9.641221659548824e-06,2.892366497864648e+00,1.274658059030152e-02,3.858605963418523e-06
9.643340404275469e-06,2.893002121282641e+00,1.043106834357442e-02,3.858759173887728e-06
9.645308893061240e-06,2.893592667918372e+00,9.116331737295634e-03,3.858945707137927e-06
9.648069978912471e-06,2.894420993673741e+00,8.234979993731940e-03,3.859188941519522e-06
9.650575639769542e-06,2.895172691930863e+00,8.121489159704127e-03,3.859473157061050e-06
9.653608380014597e-06,2.896082514004379e+00,8.533814900038912e-03,3.859819392220772e-06
9.656798095438924e-06,2.897039428631677e+00,9.392424386697866e-03,3.860258457752728e-06
9.661165844435162e-06,2.898349753330549e+00,1.103682388514242e-02,3.860871297645738e-06
9.666748999490309e-06,2.900024699847093e+00,1.380069436714170e-02,3.861743985451229e-06
9.671842415505662e-06,2.901552724651699e+00,1.702882584571222e-02,3.862553745581877e-06
9.674778982305892e-06,2.902433694691768e+00,1.939511092143536e-02,3.863137864264664e-06
9.676582358698655e-06,2.902974707609597e+00,2.124146020755857e-02,3.863566647396566e-06
9.679045930467239e-06,2.903713779140172e+00,2.458021390216614e-02,3.864326798722310e-06
9.680948488175634e-06,2.904284546452690e+00,2.777878299143256e-02,3.864911888373800e-06
9.683123618129847e-06,2.904937085438954e+00,3.179027196917864e-02,3.865552309579069e-06
9.685082873481215e-06,2.905524862044365e+00,3.553772058415051e-02,3.866021154864126e-06
9.688246935118123e-06,2.906474080535437e+00,4.172104895039795e-02,3.866723768640981e-06
9.691719453969091e-06,2.907515836190727e+00,4.863437568702258e-02,3.867371460581142e-06
9.696606143046647e-06,2.908981842913994e+00,5.840325507370725e-02,3.868259337351238e-06
9.702804557626350e-06,2.910841367287905e+00,7.043409741869314e-02,3.869305989491227e-06
9.708505811641235e-06,2.912551743492371e+00,8.071811684793023e-02,3.870280111080827e-06
9.714185996722952e-06,2.914255799016886e+00,8.996635413620810e-02,3.871155929219004e-06
9.720803138580718e-06,2.916240941574215e+00,9.949613749623293e-02,3.872135360512811e-06
9.725383191398953e-06,2.917614957419686e+00,1.054052666336481e-01,3.872790053808541e-06
9.727075835282312e-06,2.918122750584694e+00,1.074554583430259e-01,3.873065971005195e-06
9.728592632366813e-06,2.918577789710044e+00,1.091875774522655e-01,3.873357826038239e-06
9.730628406290764e-06,2.919188521887230e+00,1.112902346896863e-01,3.873793462152888e-06
9.732062452110972e-06,2.919618735633292e+00,1.126334209460878e-01,3.874017226530806e-06
9.734164568636342e-06,2.920249370590903e+00,1.144967384009598e-01,3.874349694930222e-06
9.736058252851424e-06,2.920817475855427e+00,1.161464111983058e-01,3.874613509200083e-06
9.739845621281586e-06,2.921953686384476e+00,1.196970639963429e-01,3.875230308529669e-06
9.743395852319092e-06,2.923018755695728e+00,1.236285641420860e-01,3.875849690021085e-06
9.747675282796827e-06,2.924302584839048e+00,1.293619985565418e-01,3.876672104550632e-06
9.752687754440921e-06,2.925806326332276e+00,1.372366112344939e-01,3.877563908419377e-06
9.758428246893939e-06,2.927528474068182e+00,1.473238449309259e-01,3.878555982351730e-06
9.765397618134014e-06,2.929619285440205e+00,1.606607547968903e-01,3.879693058129251e-06
9.773515637373194e-06,2.932054691211958e+00,1.774484639407609e-01,3.881064925779588e-06
9.784954141671125e-06,2.935486242501338e+00,2.028480396572969e-01,3.883000962463783e-06
9.796031379889419e-06,2.938809413966826e+00,2.284744042092615e-01,3.884907379155860e-06
9.816422952076573e-06,2.944926885622972e+00,2.756234611523088e-01,3.888356976278984e-06
9.838879218444911e-06,2.951663765533473e+00,3.262505658413017e-01,3.892191759467079e-06
9.870266668809512e-06,2.961080000642854e+00,3.948370803141559e-01,3.897486777006644e-06
9.933041569538716e-06,2.979912470861615e+00,5.301118391063495e-01,3.908064989202333e-06
9.994699350269596e-06,2.998409805080879e+00,6.632356125580280e-01,3.918369952239088e-06
9.999999999999999e-06,3.000000000000000e+00,6.746969005196586e-01,3.919269804992503e-06
1.000734536063920e-05,3.000000000000000e+00,6.903733916395374e-01,3.907020972434002e-06
1.002203608191760e-05,3.000000000000000e+00,7.214772310734126e-01,3.898024976983125e-06
1.004585751446530e-05,3.000000000000000e+00,7.710916917856773e-01,3.900352852146486e-06
1.007549590120848e-05,3.000000000000000e+00,8.310340058730507e-01,3.899181082442413e-06
1.009386343127679e-05,3.000000000000000e+00,8.636177447633216e-01,3.899739837791547e-06
1.011452724335703e-05,3.000000000000000e+00,8.858112297115611e-01,3.899481029543197e-06
1.013624827821257e-05,3.000000000000000e+00,8.955526909338180e-01,3.899546716132496e-06
1.015182383289085e-05,3.000000000000000e+00,9.060052054907317e-01,3.899366678690898e-06
1.017132300744013e-05,3.000000000000000e+00,9.329593231708139e-01,3.899304303071789e-06
1.019232300741704e-05,3.000000000000000e+00,9.676325081036022e-01,3.899205572650671e-06
1.021124725802856e-05,3.000000000000000e+00,9.929428107557365e-01,3.899259815360977e-06
1.023193790787581e-05,3.000000000000000e+00,1.015375363046957e+00,3.899222404889244e-06
1.025408120209168e-05,3.000000000000000e+00,1.041783823127809e+00,3.899237140327640e-06
1.028007849905602e-05,3.000000000000000e+00,1.077689025480821e+00,3.899194726397088e-06
1.030883025959202e-05,3.000000000000000e+00,1.116392310876821e+00,3.899236037290846e-06
1.034300896982965e-05,3.000000000000000e+00,1.158887853370691e+00,3.899210488348595e-06
1.038680749418693e-05,3.000000000000000e+00,1.215204053783622e+00,3.899229626688817e-06
1.043466908466686e-05,3.000000000000000e+00,1.277833204879481e+00,3.899208591254791e-06
1.053039226562674e-05,3.000000000000000e+00,1.394782969264626e+00,3.899243898077474e-06
1.062581790385000e-05,3.000000000000000e+00,1.478138657882570e+00,3.899271335622833e-06
1.071293937216946e-05,3.000000000000000e+00,1.499225404310775e+00,3.899350329021102e-06
1.079418748503514e-05,3.000000000000000e+00,1.498087203078421e+00,3.899314768768645e-06
1.088180608017342e-05,3.000000000000000e+00,1.501115024314714e+00,3.899334209919508e-06
1.098224432288598e-05,3.000000000000000e+00,1.499255523282355e+00,3.899322273754939e-06
1.107733096641475e-05,3.000000000000000e+00,1.500144958481314e+00,3.899331952395011e-06
1.120545433015281e-05,3.000000000000000e+00,1.500149022644252e+00,3.899321444147814e-06
1.136445047948132e-05,3.000000000000000e+00,1.499595769347255e+00,3.899334135140395e-06
1.156445047948132e-05,3.000000000000000e+00,1.500469676071285e+00,3.899319155035843e-06
1.176445047948132e-05,3.000000000000000e+00,1.499421123588762e+00,3.899336285171988e-06
1.196445047948132e-05,3.000000000000000e+00,1.500549799170103e+00,3.899317050711242e-06
1.216445047948132e-05,3.000000000000000e+00,1.499428254254791e+00,3.899338165443783e-06
1.236445047948132e-05,3.000000000000000e+00,1.500467913014263e+00,3.899315477269640e-06
1.256445047948132e-05,3.000000000000000e+00,1.499568171609482e+00,3.899339346853911e-06
1.276445047948132e-05,3.000000000000000e+00,1.500286388860591e+00,3.899314725422582e-06
1.296445047948132e-05,3.000000000000000e+00,1.499771989368502e+00,3.899339670440742e-06
1.316445047948132e-05,3.000000000000000e+00,1.500076023076518e+00,3.899314813380873e-06
1.336445047948132e-05,3.000000000000000e+00,1.499972572683079e+00,3.899339195438595e-06
1.356445047948132e-05,3.000000000000000e+00,1.499894309143630e+00,3.899315528628078e-06
1.376445047948132e-05,3.000000000000000e+00,1.500122999912299e+00,3.899338286542347e-06
1.396445047948132e-05,3.000000000000000e+00,1.499783191161189e+00,3.899316631529035e-06
1.416445047948132e-05,3.000000000000000e+00,1.500197060119330e+00,3.899337112816153e-06
1.436445047948132e-05,3.000000000000000e+00,1.499748407549704e+00,3.899317751756759e-06
1.456445047948132e-05,3.000000000000000e+00,1.500195687457500e+00,3.899336066726512e-06
1.476445047948132e-05,3.000000000000000e+00,1.499779808821021e+00,3.899318704920606e-06
1.496445047948132e-05,3.000000000000000e+00,1.500139661388890e+00,3.899335284415440e-06
1.516445047948132e-05,3.000000000000000e+00,1.499851948676769e+00,3.899319313596743e-06
1.536445047948132e-05,3.000000000000000e+00,1.500058178911081e+00,3.899334853426327e-06
1.556445047948132e-05,3.000000000000000e+00,1.499935728752117e+00,3.899319575192378e-06
1.576445047948132e-05,3.000000000000000e+00,1.499977832613739e+00,3.899334734246729e-06
1.596445047948133e-05,3.000000000000000e+00,1.500008299938151e+00,3.899319560788197e-06
1.616445047948133e-05,3.000000000000000e+00,1.499917620436098e+00,3.899334838310951e-06
1.636445047948133e-05,3.000000000000000e+00,1.500053494318099e+00,3.899319396984054e-06
1.656445047948133e-05,3.000000000000000e+00,1.499887652823464e+00,3.899335037902006e-06
1.676445047948133e-05,3.000000000000000e+00,1.500067584239113e+00,3.899319204635322e-06
1.696445047948133e-05,3.000000000000000e+00,1.499887559781989e+00,3.899335213893061e-06
1.716445047948133e-05,3.000000000000000e+00,1.500055248277063e+00,3.899319076798478e-06
1.736445047948134e-05,3.000000000000000e+00,1.499909656314692e+00,3.899335287332214e-06
1.756445047948134e-05,3.000000000000000e+00,1.500026413009080e+00,3.899319067961517e-06
1.776445047948134e-05,3.000000000000000e+00,1.499942674183143e+00,3.899335228679271e-06
1.796445047948134e-05,3.000000000000000e+00,1.499992469514992e+00,3.899319186891923e-06
1.816445047948134e-05,3.000000000000000e+00,1.499975538734367e+00,3.899335049821673e-06
1.836445047948134e-05,3.000000000000000e+00,1.499963129366442e+00,3.899319409806982e-06
1.856445047948134e-05,3.000000000000000e+00,1.500000111899271e+00,3.899334791532163e-06
1.876445047948135e-05,3.000000000000000e+00,1.499944480658242e+00,3.899319688947694e-06
1.896445047948135e-05,3.000000000000000e+00,1.500012455546922e+00,3.899334503855499e-06
1.916445047948135e-05,3.000000000000000e+00,1.499938402332977e+00,3.899319975892008e-06
1.936445047948135e-05,3.000000000000000e+00,1.500012698387556e+00,3.899334230528061e-06
1.956445047948135e-05,3.000000000000000e+00,1.499943164805043e+00,3.899320230382030e-06
1.976445047948135e-05,3.000000000000000e+00,1.500003927619901e+00,3.899334002511492e-06
1.996445047948135e-05,3.000000000000000e+00,1.499954783684122e+00,3.899320430381035e-06
2.016445047948136e-05,3.000000000000000e+00,1.499990650768179e+00,3.899333831045710e-06
2.036445047948136e-05,3.000000000000000e+00,1.499968598620819e+00,3.899320573416950e-06
2.056445047948136e-05,3.000000000000000e+00,1.499977317409935e+00,3.899333712501348e-06
2.076445047948136e-05,3.000000000000000e+00,1.499980614635757e+00,3.899320670796931e-06
2.096445047948136e-05,3.000000000000000e+00,1.499967238240016e+00,3.899333630993357e-06
2.116445047948136e-05,3.000000000000000e+00,1.499988325410478e+00,3.899320741839116e-06
2.136445047948137e-05,3.000000000000000e+00,1.499962061500967e+00,3.899333565559134e-06
2.156445047948137e-05,3.000000000000000e+00,1.499990947922205e+00,3.899320807200673e-06
2.176445047948137e-05,3.000000000000000e+00,1.499961792143027e+00,3.899333497205209e-06
2.196445047948137e-05,3.000000000000000e+00,1.499989164884570e+00,3.899320881506365e-06
2.216445047948137e-05,3.000000000000000e+00,1.499965213941248e+00,3.899333413716791e-06
2.236445047948137e-05,3.000000000000000e+00,1.499984572556355e+00,3.899320974909171e-06
2.256445047948137e-05,3.000000000000000e+00,1.499970509099457e+00,3.899333309875284e-06
2.276445047948138e-05,3.000000000000000e+00,1.499979048541648e+00,3.899321089012830e-06
2.296445047948138e-05,3.000000000000000e+00,1.499975866418406e+00,3.899333186603530e-06
2.316445047948138e-05,3.000000000000000e+00,1.499974213459718e+00,3.899321219500386e-06
2.336445047948138e-05,3.000000000000000e+00,1.499979931043418e+00,3.899333050726943e-06
2.356445047948138e-05,3.000000000000000e+00,1.499971096512091e+00,3.899321357920401e-06
2.376445047948138e-05,3.000000000000000e+00,1.499982022281536e+00,3.899332911262394e-06
2.396445047948138e-05,3.000000000000000e+00,1.499970033215755e+00,3.899321497292298e-06
2.416445047948139e-05,3.000000000000000e+00,1.499982127208372e+00,3.899332774857909e-06
2.436445047948139e-05,3.000000000000000e+00,1.499970761137075e+00,3.899321630184125e-06
2.456445047948139e-05,3.000000000000000e+00,1.499980729671268e+00,3.899332647228396e-06
2.476445047948139e-05,3.000000000000000e+00,1.499972640809078e+00,3.899321752675346e-06
2.496445047948139e-05,3.000000000000000e+00,1.499978561569132e+00,3.899332530088783e-06
2.516445047948139e-05,3.000000000000000e+00,1.499974911124064e+00,3.899321864197594e-06
2.536445047948139e-05,3.000000000000000e+00,1.499976356134024e+00,3.899332423193235e-06
2.556445047948140e-05,3.000000000000000e+00,1.499976911250190e+00,3.899321966543870e-06
2.576445047948140e-05,3.000000000000000e+00,1.499974666941990e+00,3.899332324549630e-06
2.596445047948140e-05,3.000000000000000e+00,1.499978218371126e+00,3.899322063416873e-06
2.616445047948140e-05,3.000000000000000e+00,1.499973775891604e+00,3.899332229754998e-06
2.636445047948140e-05,3.000000000000000e+00,1.499978690736432e+00,3.899322156954363e-06
2.656445047948140e-05,3.000000000000000e+00,1.499973694851943e+00,3.899332136784820e-06
2.676445047948141e-05,3.000000000000000e+00,1.499978430005824e+00,3.899322249414500e-06
2.696445047948141e-05,3.000000000000000e+00,1.499974231787944e+00,3.899332043362944e-06
2.716445047948141e-05,3.000000000000000e+00,1.499977692777014e+00,3.899322344142671e-06
2.736445047948141e-05,3.000000000000000e+00,1.499975091791051e+00,3.899331947781082e-06
2.756445047948141e-05,3.000000000000000e+00,1.499976786684384e+00,3.899322440422681e-06
2.776445047948141e-05,3.000000000000000e+00,1.499975976581946e+00,3.899331851171292e-06
2.796445047948141e-05,3.000000000000000e+00,1.499975980923634e+00,3.899322537096144e-06
2.816445047948142e-05,3.000000000000000e+00,1.499976660049650e+00,3.899331754316089e-06
2.836445047948142e-05,3.000000000000000e+00,1.499975449613093e+00,3.899322633522225e-06
2.856445047948142e-05,3.000000000000000e+00,1.499977024654836e+00,3.899331658723403e-06
2.876445047948142e-05,3.000000000000000e+00,1.499975253230766e+00,3.899322728727111e-06
2.896445047948142e-05,3.000000000000000e+00,1.499977063267967e+00,3.899331564478466e-06
2.916445047948142e-05,3.000000000000000e+00,1.499975352888007e+00,3.899322821200714e-06
2.936445047948142e-05,3.000000000000000e+00,1.499976851445849e+00,3.899331473643091e-06
2.956445047948143e-05,3.000000000000000e+00,1.499975646530907e+00,3.899322909758840e-06
2.976445047948143e-05,3.000000000000000e+00,1.499976507729237e+00,3.899331386685041e-06
2.996445047948143e-05,3.000000000000000e+00,1.499976009707017e+00,3.899322995104152e-06
3.016445047948143e-05,3.000000000000000e+00,1.499976152542142e+00,3.899331302773889e-06
3.036445047948143e-05,3.000000000000000e+00,1.499976333557540e+00,3.899323077265854e-06
3.056445047948143e-05,3.000000000000000e+00,1.499975878135828e+00,3.899331222094068e-06
3.076445047948143e-05,3.000000000000000e+00,1.499976546547138e+00,3.899323157239179e-06
3.096445047948143e-05,3.000000000000000e+00,1.499975732722885e+00,3.899331143495899e-06
3.116445047948142e-05,3.000000000000000e+00,1.499976623513950e+00,3.899323235158650e-06
3.136445047948142e-05,3.000000000000000e+00,1.499975719968526e+00,3.899331066059515e-06
3.156445047948142e-05,3.000000000000000e+00,1.499976579616922e+00,3.899323311171869e-06
3.176445047948142e-05,3.000000000000000e+00,1.499975809855271e+00,3.899330990618367e-06
3.196445047948142e-05,3.000000000000000e+00,1.499976455948554e+00,3.899323386029179e-06
3.216445047948141e-05,3.000000000000000e+00,1.499975954466142e+00,3.899330915858285e-06
3.236445047948141e-05,3.000000000000000e+00,1.499976302904975e+00,3.899323460237085e-06
3.256445047948141e-05,3.000000000000000e+00,1.499976104813874e+00,3.899330842651681e-06
3.276445047948141e-05,3.000000000000000e+00,1.499976164896303e+00,3.899323533322050e-06
3.296445047948141e-05,3.000000000000000e+00,1.499976222947746e+00,3.899330770172523e-06
3.316445047948140e-05,3.000000000000000e+00,1.499976071505638e+00,3.899323604829158e-06
3.336445047948140e-05,3.000000000000000e+00,1.499976288908630e+00,3.899330699881398e-06
3.356445047948140e-05,3.000000000000000e+00,1.499976033322306e+00,3.899323674367995e-06
3.376445047948140e-05,3.000000000000000e+00,1.499976300710090e+00,3.899330630468915e-06
3.396445047948140e-05,3.000000000000000e+00,1.499976044775930e+00,3.899323742911717e-06
3.416445047948140e-05,3.000000000000000e+00,1.499976270241911e+00,3.899330562899823e-06
3.436445047948139e-05,3.000000000000000e+00,1.499976089405439e+00,3.899323809734927e-06
3.456445047948139e-05,3.000000000000000e+00,1.499976216646556e+00,3.899330497135228e-06
3.476445047948139e-05,3.000000000000000e+00,1.499976146897231e+00,3.899323874614278e-06
3.496445047948139e-05,3.000000000000000e+00,1.499976159823278e+00,3.899330432699220e-06
3.516445047948139e-05,3.000000000000000e+00,1.499976199159770e+00,3.899323938413086e-06
3.536445047948138e-05,3.000000000000000e+00,1.499976115100291e+00,3.899330370102089e-06
3.556445047948138e-05,3.000000000000000e+00,1.499976234060176e+00,3.899324000234136e-06
3.576445047948138e-05,3.000000000000000e+00,1.499976091064721e+00,3.899330308323863e-06
3.596445047948138e-05,3.000000000000000e+00,1.499976247153716e+00,3.899324060881327e-06
3.616445047948138e-05,3.000000000000000e+00,1.499976088376078e+00,3.899330248324017e-06
3.636445047948137e-05,3.000000000000000e+00,1.499976240602126e+00,3.899324120821314e-06
3.656445047948137e-05,3.000000000000000e+00,1.499976102594907e+00,3.899330189499645e-06
3.676445047948137e-05,3.000000000000000e+00,1.499976220927805e+00,3.899324179612340e-06
3.696445047948137e-05,3.000000000000000e+00,1.499976125813022e+00,3.899330131196522e-06
3.716445047948137e-05,3.000000000000000e+00,1.499976196099104e+00,3.899324236940005e-06
3.736445047948136e-05,3.000000000000000e+00,1.499976150247071e+00,3.899330073884326e-06
3.756445047948136e-05,3.000000000000000e+00,1.499976173751376e+00,3.899324293229403e-06
3.776445047948136e-05,3.000000000000000e+00,1.499976169405061e+00,3.899330018119126e-06
3.796445047948136e-05,3.000000000000000e+00,1.499976158579051e+00,3.899324348013116e-06
3.816445047948136e-05,3.000000000000000e+00,1.499976180051765e+00,3.899329963343044e-06
3.836445047948135e-05,3.000000000000000e+00,1.499976152529483e+00,3.899324402242216e-06
3.856445047948135e-05,3.000000000000000e+00,1.499976181696854e+00,3.899329909677501e-06
3.876445047948135e-05,3.000000000000000e+00,1.499976154712236e+00,3.899324455502180e-06
3.896445047948135e-05,3.000000000000000e+00,1.499976176218104e+00,3.899329856965060e-06
3.916445047948135e-05,3.000000000000000e+00,1.499976162601686e+00,3.899324507716740e-06
3.936445047948135e-05,3.000000000000000e+00,1.499976166897726e+00,3.899329806107898e-06
3.956445047948134e-05,3.000000000000000e+00,1.499976172726702e+00,3.899324558866113e-06
3.976445047948134e-05,3.000000000000000e+00,1.499976156813188e+00,3.899329755407739e-06
3.996445047948134e-05,3.000000000000000e+00,1.499976182057789e+00,3.899324609094315e-06
4.016445047948134e-05,3.000000000000000e+00,1.499976148626347e+00,3.899329705808449e-06
4.036445047948134e-05,3.000000000000000e+00,1.499976188687463e+00,3.899324657936076e-06
4.056445047948133e-05,3.000000000000000e+00,1.499976143772909e+00,3.899329656934749e-06
4.076445047948133e-05,3.000000000000000e+00,1.499976191715215e+00,3.899324705698110e-06
4.096445047948133e-05,3.000000000000000e+00,1.499976142539887e+00,3.899329609559336e-06
4.116445047948133e-05,3.000000000000000e+00,1.499976191425165e+00,3.899324753229612e-06
4.136445047948133e-05,3.000000000000000e+00,1.499976144136279e+00,3.899329563024837e-06
4.156445047948132e-05,3.000000000000000e+00,1.499976188769231e+00,3.899324799220493e-06
4.176445047948132e-05,3.000000000000000e+00,1.499976147328657e+00,3.899329516845916e-06
4.196445047948132e-05,3.000000000000000e+00,1.499976185236737e+00,3.899324845006169e-06
4.216445047948132e-05,3.000000000000000e+00,1.499976150897274e+00,3.899329472019414e-06
4.236445047948132e-05,3.000000000000000e+00,1.499976182022932e+00,3.899324889390320e-06
4.256445047948131e-05,3.000000000000000e+00,1.499976153711001e+00,3.899329427985089e-06
4.276445047948131e-05,3.000000000000000e+00,1.499976179832744e+00,3.899324933429695e-06
4.296445047948131e-05,3.000000000000000e+00,1.499976155165206e+00,3.899329384278907e-06
4.316445047948131e-05,3.000000000000000e+00,1.499976179121228e+00,3.899324975808984e-06
4.336445047948131e-05,3.000000000000000e+00,1.499976155251810e+00,3.899329342032787e-06
4.356445047948131e-05,3.000000000000000e+00,1.499976179637438e+00,3.899325017798430e-06
4.376445047948130e-05,3.000000000000000e+00,1.499976154066015e+00,3.899329300027704e-06
4.396445047948130e-05,3.000000000000000e+00,1.499976181175104e+00,3.899325059445425e-06
4.416445047948130e-05,3.000000000000000e+00,1.499976152412797e+00,3.899329259582688e-06
4.436445047948130e-05,3.000000000000000e+00,1.499976182884341e+00,3.899325099256309e-06
4.456445047948130e-05,3.000000000000000e+00,1.499976150661566e+00,3.899329219606856e-06
4.476445047948129e-05,3.000000000000000e+00,1.499976184550653e+00,3.899325139041829e-06
4.496445047948129e-05,3.000000000000000e+00,1.499976149246004e+00,3.899329180730295e-06
4.516445047948129e-05,3.000000000000000e+00,1.499976185713969e+00,3.899325177959881e-06
4.536445047948129e-05,3.000000000000000e+00,1.499976148382351e+00,3.899329142232483e-06
4.556445047948129e-05,3.000000000000000e+00,1.499976186265006e+00,3.899325215633466e-06
4.576445047948128e-05,3.000000000000000e+00,1.499976148160951e+00,3.899329104299686e-06
4.596445047948128e-05,3.000000000000000e+00,1.499976186236456e+00,3.899325253641712e-06
4.616445047948128e-05,3.000000000000000e+00,1.499976148374636e+00,3.899329067627685e-06
4.636445047948128e-05,3.000000000000000e+00,1.499976185826831e+00,3.899325289900009e-06
4.656445047948128e-05,3.000000000000000e+00,1.499976148953344e+00,3.899329031219778e-06
4.676445047948127e-05,3.000000000000000e+00,1.499976185211481e+00,3.899325326087434e-06
4.696445047948127e-05,3.000000000000000e+00,1.499976149622295e+00,3.899328995818106e-06
4.716445047948127e-05,3.000000000000000e+00,1.499976184636223e+00,3.899325361122661e-06
4.736445047948127e-05,3.000000000000000e+00,1.499976150129144e+00,3.899328960795757e-06
4.756445047948127e-05,3.000000000000000e+00,1.499976184141828e+00,3.899325395411209e-06
4.776445047948126e-05,3.000000000000000e+00,1.499976150493526e+00,3.899328926354245e-06
4.796445047948126e-05,3.000000000000000e+00,1.499976183878092e+00,3.899325429757143e-06
4.816445047948126e-05,3.000000000000000e+00,1.499976150581135e+00,3.899328892947689e-06
4.836445047948126e-05,3.000000000000000e+00,1.499976183892556e+00,3.899325462656247e-06
4.856445047948126e-05,3.000000000000000e+00,1.499976150589566e+00,3.899328859910304e-06
4.876445047948126e-05,3.000000000000000e+00,1.499976184045781e+00,3.899325495530786e-06
4.896445047948125e-05,3.000000000000000e+00,1.499976150341879e+00,3.899328827786347e-06
4.916445047948125e-05,3.000000000000000e+00,1.499976184245941e+00,3.899325527698626e-06
4.936445047948125e-05,3.000000000000000e+00,1.499976150162003e+00,3.899328796454351e-06
4.956445047948125e-05,3.000000000000000e+00,1.499976184399265e+00,3.899325558806534e-06
4.976445047948125e-05,3.000000000000000e+00,1.499976150012830e+00,3.899328765565384e-06
4.996445047948124e-05,3.000000000000000e+00,1.499976184592803e+00,3.899325589398310e-06
5.016445047948124e-05,3.000000000000000e+00,1.499976149908155e+00,3.899328734740792e-06
5.036445047948124e-05,3.000000000000000e+00,1.499976184602833e+00,3.899325619805931e-06
5.056445047948124e-05,3.000000000000000e+00,1.499976149944654e+00,3.899328705223589e-06
5.076445047948124e-05,3.000000000000000e+00,1.499976184528518e+00,3.899325649135277e-06
5.096445047948123e-05,3.000000000000000e+00,1.499976150077844e+00,3.899328675621865e-06
5.116445047948123e-05,3.000000000000000e+00,1.499976184445456e+00,3.899325677988329e-06
5.136445047948123e-05,3.000000000000000e+00,1.499976150147643e+00,3.899328647064045e-06
5.156445047948123e-05,3.000000000000000e+00,1.499976184231274e+00,3.899325706224844e-06
5.176445047948123e-05,3.000000000000000e+00,1.499976150380997e+00,3.899328619400794e-06
5.196445047948122e-05,3.000000000000000e+00,1.499976184088807e+00,3.899325734060629e-06
5.216445047948122e-05,3.000000000000000e+00,1.499976150600065e+00,3.899328591549942e-06
5.236445047948122e-05,3.000000000000000e+00,1.499976184009273e+00,3.899325761197735e-06
5.256445047948122e-05,3.000000000000000e+00,1.499976150615280e+00,3.899328564979294e-06
5.276445047948122e-05,3.000000000000000e+00,1.499976183890877e+00,3.899325787583494e-06
5.296445047948122e-05,3.000000000000000e+00,1.499976150653514e+00,3.899328538002905e-06
5.316445047948121e-05,3.000000000000000e+00,1.499976183903537e+00,3.899325814362310e-06
5.336445047948121e-05,3.000000000000000e+00,1.499976150715073e+00,3.899328512413951e-06
5.356445047948121e-05,3.000000000000000e+00,1.499976183949771e+00,3.899325839681337e-06
5.376445047948121e-05,3.000000000000000e+00,1.499976150610272e+00,3.899328486483656e-06
5.396445047948121e-05,3.000000000000000e+00,1.499976183971920e+00,3.899325865409055e-06
5.416445047948120e-05,3.000000000000000e+00,1.499976150545858e+00,3.899328461929967e-06
5.436445047948120e-05,3.000000000000000e+00,1.499976184001495e+00,3.899325889711711e-06
5.456445047948120e-05,3.000000000000000e+00,1.499976150568895e+00,3.899328437381946e-06
5.476445047948120e-05,3.000000000000000e+00,1.499976183976549e+00,3.899325913651572e-06
5.496445047948120e-05,3.000000000000000e+00,1.499976150590086e+00,3.899328413159432e-06
5.516445047948119e-05,3.000000000000000e+00,1.499976183986125e+00,3.899325937884104e-06
5.536445047948119e-05,3.000000000000000e+00,1.499976150516787e+00,3.899328389950144e-06
5.556445047948119e-05,3.000000000000000e+00,1.499976183990930e+00,3.899325960861739e-06
5.576445047948119e-05,3.000000000000000e+00,1.499976150623988e+00,3.899328366839465e-06
5.596445047948119e-05,3.000000000000000e+00,1.499976183995345e+00,3.899325983986816e-06
5.616445047948118e-05,3.000000000000000e+00,1.499976150635513e+00,3.899328344046093e-06
5.636445047948118e-05,3.000000000000000e+00,1.499976183999227e+00,3.899326006394927e-06
5.656445047948118e-05,3.000000000000000e+00,1.499976150615081e+00,3.899328322063479e-06
5.676445047948118e-05,3.000000000000000e+00,1.499976183939105e+00,3.899326028187314e-06
5.696445047948118e-05,3.000000000000000e+00,1.499976150658522e+00,3.899328300065612e-06
5.716445047948117e-05,3.000000000000000e+00,1.499976183911519e+00,3.899326049966301e-06
5.736445047948117e-05,3.000000000000000e+00,1.499976150644841e+00,3.899328278949363e-06
5.756445047948117e-05,3.000000000000000e+00,1.499976183988204e+00,3.899326070864733e-06
5.776445047948117e-05,3.000000000000000e+00,1.499976150619736e+00,3.899328257843108e-06
5.796445047948117e-05,3.000000000000000e+00,1.499976183981776e+00,3.899326091452997e-06
5.816445047948117e-05,3.000000000000000e+00,1.499976150572250e+00,3.899328237143725e-06
5.836445047948116e-05,3.000000000000000e+00,1.499976183972982e+00,3.899326111935208e-06
5.856445047948116e-05,3.000000000000000e+00,1.499976150555235e+00,3.899328217166810e-06
5.876445047948116e-05,3.000000000000000e+00,1.499976183959938e+00,3.899326131996861e-06
5.896445047948116e-05,3.000000000000000e+00,1.499976150559767e+00,3.899328197705411e-06
5.916445047948116e-05,3.000000000000000e+00,1.499976184008834e+00,3.899326151501949e-06
5.936445047948115e-05,3.000000000000000e+00,1.499976150564786e+00,3.899328178037844e-06
5.956445047948115e-05,3.000000000000000e+00,1.499976184018823e+00,3.899326170881504e-06
5.976445047948115e-05,3.000000000000000e+00,1.499976150560723e+00,3.899328159282864e-06
5.996445047948115e-05,3.000000000000000e+00,1.499976183983845e+00,3.899326189570501e-06
6.016445047948115e-05,3.000000000000000e+00,1.499976150603495e+00,3.899328140782156e-06
6.036445047948114e-05,3.000000000000000e+00,1.499976184006409e+00,3.899326208279627e-06
6.056445047948114e-05,3.000000000000000e+00,1.499976150533925e+00,3.899328122667376e-06
6.076445047948114e-05,3.000000000000000e+00,1.499976183943790e+00,3.899326226194577e-06
6.096445047948114e-05,3.000000000000000e+00,1.499976150543630e+00,3.899328104504730e-06
6.116445047948114e-05,3.000000000000000e+00,1.499976184005714e+00,3.899326244207332e-06
6.136445047948114e-05,3.000000000000000e+00,1.499976150567912e+00,3.899328087120946e-06
6.156445047948115e-05,3.000000000000000e+00,1.499976183975826e+00,3.899326261403662e-06
6.176445047948115e-05,3.000000000000000e+00,1.499976150499067e+00,3.899328070097014e-06
6.196445047948116e-05,3.000000000000000e+00,1.499976183969758e+00,3.899326278376187e-06
6.216445047948116e-05,3.000000000000000e+00,1.499976150550548e+00,3.899328052335511e-06
6.236445047948117e-05,3.000000000000000e+00,1.499976183982290e+00,3.899326295311460e-06
6.256445047948117e-05,3.000000000000000e+00,1.499976150539685e+00,3.899328035999485e-06
6.276445047948118e-05,3.000000000000000e+00,1.499976183924725e+00,3.899326311662050e-06
6.296445047948118e-05,3.000000000000000e+00,1.499976150605113e+00,3.899328019811824e-06
6.316445047948119e-05,3.000000000000000e+00,1.499976183919004e+00,3.899326327687718e-06
6.336445047948119e-05,3.000000000000000e+00,1.499976150598378e+00,3.899328004066786e-06
6.356445047948119e-05,3.000000000000000e+00,1.499976183933814e+00,3.899326342880019e-06
6.376445047948120e-05,3.000000000000000e+00,1.499976150655736e+00,3.899327988067649e-06
6.396445047948120e-05,3.000000000000000e+00,1.499976183943561e+00,3.899326358615031e-06
6.416445047948121e-05,3.000000000000000e+00,1.499976150618547e+00,3.899327972771808e-06
6.436445047948121e-05,3.000000000000000e+00,1.499976183910993e+00,3.899326373776463e-06
6.456445047948122e-05,3.000000000000000e+00,1.499976150621750e+00,3.899327957845113e-06
6.476445047948122e-05,3.000000000000000e+00,1.499976183883313e+00,3.899326388602675e-06
6.496445047948123e-05,3.000000000000000e+00,1.499976150631740e+00,3.899327943617308e-06
6.516445047948123e-05,3.000000000000000e+00,1.499976183900834e+00,3.899326403103847e-06
6.536445047948124e-05,3.000000000000000e+00,1.499976150689698e+00,3.899327928685653e-06
6.556445047948124e-05,3.000000000000000e+00,1.499976183913927e+00,3.899326417791502e-06
6.576445047948125e-05,3.000000000000000e+00,1.499976150762174e+00,3.899327914644457e-06
6.596445047948125e-05,3.000000000000000e+00,1.499976183876368e+00,3.899326431511294e-06
6.616445047948126e-05,3.000000000000000e+00,1.499976150701399e+00,3.899327900734541e-06
6.636445047948126e-05,3.000000000000000e+00,1.499976183872708e+00,3.899326445145905e-06
6.656445047948127e-05,3.000000000000000e+00,1.499976150687034e+00,3.899327887108721e-06
6.676445047948127e-05,3.000000000000000e+00,1.499976183798158e+00,3.899326458642157e-06
6.696445047948128e-05,3.000000000000000e+00,1.499976150775341e+00,3.899327873638523e-06
6.716445047948128e-05,3.000000000000000e+00,1.499976183782586e+00,3.899326471863067e-06
6.736445047948129e-05,3.000000000000000e+00,1.499976150724072e+00,3.899327860664671e-06
6.756445047948129e-05,3.000000000000000e+00,1.499976183759603e+00,3.899326485329220e-06
6.776445047948130e-05,3.000000000000000e+00,1.499976150761281e+00,3.899327847756504e-06
6.796445047948130e-05,3.000000000000000e+00,1.499976183733863e+00,3.899326497589838e-06
6.816445047948131e-05,3.000000000000000e+00,1.499976150816786e+00,3.899327835109798e-06
6.836445047948131e-05,3.000000000000000e+00,1.499976183740334e+00,3.899326510134327e-06
6.856445047948132e-05,3.000000000000000e+00,1.499976150818628e+00,3.899327823108716e-06
6.876445047948132e-05,3.000000000000000e+00,1.499976183701576e+00,3.899326522432442e-06
6.896445047948133e-05,3.000000000000000e+00,1.499976150877714e+00,3.899327810537749e-06
6.916445047948133e-05,3.000000000000000e+00,1.499976183709001e+00,3.899326534473522e-06
6.936445047948134e-05,3.000000000000000e+00,1.499976150922365e+00,3.899327798616008e-06
6.956445047948134e-05,3.000000000000000e+00,1.499976183683246e+00,3.899326546264912e-06
6.976445047948135e-05,3.000000000000000e+00,1.499976150943404e+00,3.899327787348600e-06
6.996445047948135e-05,3.000000000000000e+00,1.499976183633233e+00,3.899326557910174e-06
7.016445047948136e-05,3.000000000000000e+00,1.499976150940780e+00,3.899327775801645e-06
7.036445047948136e-05,3.000000000000000e+00,1.499976183684003e+00,3.899326568816154e-06
7.056445047948137e-05,3.000000000000000e+00,1.499976150959937e+00,3.899327764588292e-06
7.076445047948137e-05,3.000000000000000e+00,1.499976183611374e+00,3.899326580053325e-06
7.096445047948137e-05,3.000000000000000e+00,1.499976151041877e+00,3.899327753863903e-06
7.116445047948138e-05,3.000000000000000e+00,1.499976183649140e+00,3.899326591476828e-06
7.136445047948138e-05,3.000000000000000e+00,1.499976151048531e+00,3.899327742564486e-06
7.156445047948139e-05,3.000000000000000e+00,1.499976183607994e+00,3.899326601746114e-06
7.176445047948139e-05,3.000000000000000e+00,1.499976151074700e+00,3.899327732001038e-06
7.196445047948140e-05,3.000000000000000e+00,1.499976183533740e+00,3.899326612408336e-06
7.216445047948140e-05,3.000000000000000e+00,1.499976151017290e+00,3.899327721877143e-06
7.236445047948141e-05,3.000000000000000e+00,1.499976183431554e+00,3.899326622715291e-06
7.256445047948141e-05,3.000000000000000e+00,1.499976151067376e+00,3.899327711666979e-06
7.276445047948142e-05,3.000000000000000e+00,1.499976183490218e+00,3.899326632433644e-06
7.296445047948142e-05,3.000000000000000e+00,1.499976151104649e+00,3.899327702015893e-06
7.316445047948143e-05,3.000000000000000e+00,1.499976183415228e+00,3.899326642519401e-06
7.336445047948143e-05,3.000000000000000e+00,1.499976151132876e+00,3.899327691651356e-06
7.356445047948144e-05,3.000000000000000e+00,1.499976183404646e+00,3.899326652377176e-06
7.376445047948144e-05,3.000000000000000e+00,1.499976151159576e+00,3.899327682288651e-06
7.396445047948145e-05,3.000000000000000e+00,1.499976183350860e+00,3.899326661903749e-06
7.416445047948145e-05,3.000000000000000e+00,1.499976151184469e+00,3.899327672835546e-06
7.436445047948146e-05,3.000000000000000e+00,1.499976183348833e+00,3.899326670950265e-06
7.456445047948146e-05,3.000000000000000e+00,1.499976151182754e+00,3.899327663926527e-06
7.476445047948147e-05,3.000000000000000e+00,1.499976183293323e+00,3.899326680248988e-06
7.496445047948147e-05,3.000000000000000e+00,1.499976151219444e+00,3.899327654676598e-06
7.516445047948148e-05,3.000000000000000e+00,1.499976183261363e+00,3.899326688917070e-06
7.536445047948148e-05,3.000000000000000e+00,1.499976151260434e+00,3.899327646111662e-06
7.556445047948149e-05,3.000000000000000e+00,1.499976183219973e+00,3.899326697869483e-06
7.576445047948149e-05,3.000000000000000e+00,1.499976151255483e+00,3.899327637208024e-06
7.596445047948150e-05,3.000000000000000e+00,1.499976183214623e+00,3.899326706245730e-06
7.616445047948150e-05,3.000000000000000e+00,1.499976151314685e+00,3.899327627922300e-06
7.636445047948151e-05,3.000000000000000e+00,1.499976183236135e+00,3.899326715261969e-06
7.656445047948151e-05,3.000000000000000e+00,1.499976151269944e+00,3.899327619823070e-06
7.676445047948152e-05,3.000000000000000e+00,1.499976183176233e+00,3.899326723350835e-06
7.696445047948152e-05,3.000000000000000e+00,1.499976151311937e+00,3.899327611958433e-06
7.716445047948153e-05,3.000000000000000e+00,1.499976183101544e+00,3.899326731670364e-06
7.736445047948153e-05,3.000000000000000e+00,1.499976151362474e+00,3.899327603800988e-06
7.756445047948154e-05,3.000000000000000e+00,1.499976183142862e+00,3.899326739339738e-06
7.776445047948154e-05,3.000000000000000e+00,1.499976151416569e+00,3.899327596028274e-06
7.796445047948154e-05,3.000000000000000e+00,1.499976183094548e+00,3.899326747449506e-06
7.816445047948155e-05,3.000000000000000e+00,1.499976151440929e+00,3.899327588141470e-06
7.836445047948155e-05,3.000000000000000e+00,1.499976183029220e+00,3.899326754815515e-06
7.856445047948156e-05,3.000000000000000e+00,1.499976151457649e+00,3.899327580668889e-06
7.876445047948156e-05,3.000000000000000e+00,1.499976183022693e+00,3.899326762648927e-06
7.896445047948157e-05,3.000000000000000e+00,1.499976151456914e+00,3.899327572683348e-06
7.916445047948157e-05,3.000000000000000e+00,1.499976183009328e+00,3.899326769687263e-06
7.936445047948158e-05,3.000000000000000e+00,1.499976151539790e+00,3.899327565529463e-06
7.956445047948158e-05,3.000000000000000e+00,1.499976182984203e+00,3.899326777638383e-06
7.976445047948159e-05,3.000000000000000e+00,1.499976151613862e+00,3.899327558283817e-06
7.996445047948159e-05,3.000000000000000e+00,1.499976182948829e+00,3.899326784478190e-06
8.016445047948160e-05,3.000000000000000e+00,1.499976151604216e+00,3.899327551449294e-06
8.036445047948160e-05,3.000000000000000e+00,1.499976182922166e+00,3.899326791142444e-06
8.056445047948161e-05,3.000000000000000e+00,1.499976151647724e+00,3.899327544791571e-06
8.076445047948161e-05,3.000000000000000e+00,1.499976182897333e+00,3.899326798270420e-06
8.096445047948162e-05,3.000000000000000e+00,1.499976151680956e+00,3.899327537755641e-06
8.116445047948162e-05,3.000000000000000e+00,1.499976182904139e+00,3.899326804728625e-06
8.136445047948163e-05,3.000000000000000e+00,1.499976151699631e+00,3.899327531245857e-06
8.156445047948163e-05,3.000000000000000e+00,1.499976182855259e+00,3.899326811566360e-06
8.176445047948164e-05,3.000000000000000e+00,1.499976151771630e+00,3.899327524454217e-06
8.196445047948164e-05,3.000000000000000e+00,1.499976182829705e+00,3.899326817853414e-06
8.216445047948165e-05,3.000000000000000e+00,1.499976151816275e+00,3.899327518390969e-06
8.236445047948165e-05,3.000000000000000e+00,1.499976182821840e+00,3.899326824011291e-06
8.256445047948166e-05,3.000000000000000e+00,1.499976151744048e+00,3.899327511834657e-06
8.276445047948166e-05,3.000000000000000e+00,1.499976182792751e+00,3.899326830859730e-06
8.296445047948167e-05,3.000000000000000e+00,1.499976151771800e+00,3.899327505554831e-06
8.316445047948167e-05,3.000000000000000e+00,1.499976182756775e+00,3.899326836689523e-06
8.336445047948168e-05,3.000000000000000e+00,1.499976151835030e+00,3.899327499737097e-06
8.356445047948168e-05,3.000000000000000e+00,1.499976182700432e+00,3.899326842541998e-06
8.376445047948169e-05,3.000000000000000e+00,1.499976151865008e+00,3.899327493595545e-06
8.396445047948169e-05,3.000000000000000e+00,1.499976182683826e+00,3.899326849058906e-06
8.416445047948170e-05,3.000000000000000e+00,1.499976151875656e+00,3.899327488018047e-06
8.436445047948170e-05,3.000000000000000e+00,1.499976182631902e+00,3.899326854561559e-06
8.456445047948171e-05,3.000000000000000e+00,1.499976151955649e+00,3.899327482452895e-06
8.476445047948171e-05,3.000000000000000e+00,1.499976182553023e+00,3.899326859990470e-06
8.496445047948172e-05,3.000000000000000e+00,1.499976151959371e+00,3.899327476966871e-06
8.516445047948172e-05,3.000000000000000e+00,1.499976182550425e+00,3.899326865707006e-06
8.536445047948172e-05,3.000000000000000e+00,1.499976151916994e+00,3.899327471259715e-06
8.556445047948173e-05,3.000000000000000e+00,1.499976182502861e+00,3.899326870959784e-06
8.576445047948173e-05,3.000000000000000e+00,1.499976151989106e+00,3.899327466090440e-06
8.596445047948174e-05,3.000000000000000e+00,1.499976182524478e+00,3.899326876261168e-06
8.616445047948174e-05,3.000000000000000e+00,1.499976152025854e+00,3.899327460513650e-06
8.636445047948175e-05,3.000000000000000e+00,1.499976182450249e+00,3.899326881698894e-06
8.656445047948175e-05,3.000000000000000e+00,1.499976152027723e+00,3.899327455163418e-06
8.676445047948176e-05,3.000000000000000e+00,1.499976182464849e+00,3.899326886992585e-06
8.696445047948176e-05,3.000000000000000e+00,1.499976152065310e+00,3.899327450234215e-06
8.716445047948177e-05,3.000000000000000e+00,1.499976182423838e+00,3.899326891833061e-06
8.736445047948177e-05,3.000000000000000e+00,1.499976152075785e+00,3.899327445437892e-06
8.756445047948178e-05,3.000000000000000e+00,1.499976182376715e+00,3.899326897088449e-06
8.776445047948178e-05,3.000000000000000e+00,1.499976152139234e+00,3.899327440368380e-06
8.796445047948179e-05,3.000000000000000e+00,1.499976182384742e+00,3.899326901653759e-06
8.816445047948179e-05,3.000000000000000e+00,1.499976152169493e+00,3.899327435722653e-06
8.836445047948180e-05,3.000000000000000e+00,1.499976182329512e+00,3.899326906353880e-06
8.856445047948180e-05,3.000000000000000e+00,1.499976152220365e+00,3.899327431183621e-06
8.876445047948181e-05,3.000000000000000e+00,1.499976182301944e+00,3.899326911159921e-06
8.896445047948181e-05,3.000000000000000e+00,1.499976152242982e+00,3.899327426277001e-06
8.916445047948182e-05,3.000000000000000e+00,1.499976182278582e+00,3.899326915606881e-06
8.936445047948182e-05,3.000000000000000e+00,1.499976152281332e+00,3.899327421916779e-06
8.956445047948183e-05,3.000000000000000e+00,1.499976182260471e+00,3.899326919941431e-06
8.976445047948183e-05,3.000000000000000e+00,1.499976152316105e+00,3.899327417510316e-06
8.996445047948184e-05,3.000000000000000e+00,1.499976182247558e+00,3.899326924315152e-06
9.016445047948184e-05,3.000000000000000e+00,1.499976152301398e+00,3.899327413353399e-06
9.036445047948185e-05,3.000000000000000e+00,1.499976182187180e+00,3.899326928910951e-06
9.056445047948185e-05,3.000000000000000e+00,1.499976152332798e+00,3.899327408308992e-06
9.076445047948186e-05,3.000000000000000e+00,1.499976182134223e+00,3.899326932988018e-06
9.096445047948186e-05,3.000000000000000e+00,1.499976152366743e+00,3.899327404375290e-06
9.116445047948187e-05,3.000000000000000e+00,1.499976182119975e+00,3.899326936967994e-06
9.136445047948187e-05,3.000000000000000e+00,1.499976152423403e+00,3.899327399904873e-06
9.156445047948188e-05,3.000000000000000e+00,1.499976182100511e+00,3.899326940863769e-06
9.176445047948188e-05,3.000000000000000e+00,1.499976152442514e+00,3.899327395980518e-06
9.196445047948189e-05,3.000000000000000e+00,1.499976182059531e+00,3.899326945104994e-06
9.216445047948189e-05,3.000000000000000e+00,1.499976152430563e+00,3.899327391867260e-06
9.236445047948190e-05,3.000000000000000e+00,1.499976182025282e+00,3.899326949356043e-06
9.256445047948190e-05,3.000000000000000e+00,1.499976152511149e+00,3.899327388056493e-06
9.276445047948190e-05,3.000000000000000e+00,1.499976182021311e+00,3.899326953009830e-06
9.296445047948191e-05,3.000000000000000e+00,1.499976152537196e+00,3.899327384356366e-06
9.316445047948191e-05,3.000000000000000e+00,1.499976181994466e+00,3.899326956704158e-06
9.336445047948192e-05,3.000000000000000e+00,1.499976152588981e+00,3.899327380714647e-06
9.356445047948192e-05,3.000000000000000e+00,1.499976181965392e+00,3.899326960576816e-06
9.376445047948193e-05,3.000000000000000e+00,1.499976152570583e+00,3.899327376932764e-06
9.396445047948193e-05,3.000000000000000e+00,1.499976181904023e+00,3.899326964129519e-06
9.416445047948194e-05,3.000000000000000e+00,1.499976152638164e+00,3.899327373401241e-06
9.436445047948194e-05,3.000000000000000e+00,1.499976181879908e+00,3.899326967632296e-06
9.456445047948195e-05,3.000000000000000e+00,1.499976152664807e+00,3.899327369962445e-06
9.476445047948195e-05,3.000000000000000e+00,1.499976181868260e+00,3.899326971034864e-06
9.496445047948196e-05,3.000000000000000e+00,1.499976152639638e+00,3.899327366590341e-06
9.516445047948196e-05,3.000000000000000e+00,1.499976181854016e+00,3.899326974804165e-06
9.536445047948197e-05,3.000000000000000e+00,1.499976152673320e+00,3.899327362863165e-06
9.556445047948197e-05,3.000000000000000e+00,1.499976181750974e+00,3.899326977882873e-06
9.576445047948198e-05,3.000000000000000e+00,1.499976152728351e+00,3.899327359618782e-06
9.596445047948198e-05,3.000000000000000e+00,1.499976181766338e+00,3.899326981067356e-06
9.616445047948199e-05,3.000000000000000e+00,1.499976152727198e+00,3.899327356524724e-06
9.636445047948199e-05,3.000000000000000e+00,1.499976181747144e+00,3.899326984237744e-06
9.656445047948200e-05,3.000000000000000e+00,1.499976152761463e+00,3.899327353392622e-06
9.676445047948200e-05,3.000000000000000e+00,1.499976181677170e+00,3.899326987358073e-06
9.696445047948201e-05,3.000000000000000e+00,1.499976152812790e+00,3.899327350294871e-06
9.716445047948201e-05,3.000000000000000e+00,1.499976181720088e+00,3.899326990844308e-06
9.736445047948202e-05,3.000000000000000e+00,1.499976152851997e+00,3.899327346834063e-06
9.756445047948202e-05,3.000000000000000e+00,1.499976181657436e+00,3.899326993843505e-06
9.776445047948203e-05,3.000000000000000e+00,1.499976152877061e+00,3.899327343476538e-06
9.796445047948203e-05,3.000000000000000e+00,1.499976181614812e+00,3.899326996699681e-06
9.816445047948204e-05,3.000000000000000e+00,1.499976152893979e+00,3.899327340619959e-06
9.836445047948204e-05,3.000000000000000e+00,1.499976181557457e+00,3.899326999548404e-06
9.856445047948205e-05,3.000000000000000e+00,1.499976152889108e+00,3.899327337808113e-06
9.876445047948205e-05,3.000000000000000e+00,1.499976181552376e+00,3.899327002359427e-06
9.896445047948206e-05,3.000000000000000e+00,1.499976152939947e+00,3.899327335027090e-06
9.916445047948206e-05,3.000000000000000e+00,1.499976181493559e+00,3.899327005519460e-06
9.936445047948207e-05,3.000000000000000e+00,1.499976152990252e+00,3.899327332336459e-06
9.956445047948207e-05,3.000000000000000e+00,1.499976181469182e+00,3.899327008613138e-06
9.976445047948207e-05,3.000000000000000e+00,1.499976153021632e+00,3.899327329228549e-06
9.996445047948208e-05,3.000000000000000e+00,1.499976181469111e+00,3.899327011237255e-06
1.001644504794821e-04,3.000000000000000e+00,1.499976153049884e+00,3.899327326656333e-06
1.003644504794821e-04,3.000000000000000e+00,1.499976181435506e+00,3.899327013873573e-06
1.005644504794821e-04,3.000000000000000e+00,1.499976153055285e+00,3.899327324027986e-06
1.007644504794821e-04,3.000000000000000e+00,1.499976181412752e+00,3.899327016532200e-06
1.009644504794821e-04,3.000000000000000e+00,1.499976153021037e+00,3.899327321578970e-06
1.011644504794821e-04,3.000000000000000e+00,1.499976181389598e+00,3.899327018981038e-06
1.013644504794821e-04,3.000000000000000e+00,1.499976153125787e+00,3.899327319091147e-06
1.015644504794821e-04,3.000000000000000e+00,1.499976181309843e+00,3.899327021410775e-06
1.017644504794821e-04,3.000000000000000e+00,1.499976153140880e+00,3.899327316563140e-06
1.019644504794821e-04,3.000000000000000e+00,1.499976181272804e+00,3.899327024215859e-06
1.021644504794821e-04,3.000000000000000e+00,1.499976153175982e+00,3.899327313781304e-06
1.023644504794821e-04,3.000000000000000e+00,1.499976181260683e+00,3.899327026551389e-06
1.025644504794821e-04,3.000000000000000e+00,1.499976153193439e+00,3.899327311502904e-06
1.027644504794821e-04,3.000000000000000e+00,1.499976181283560e+00,3.899327028914857e-06
1.029644504794822e-04,3.000000000000000e+00,1.499976153230728e+00,3.899327309123961e-06
1.031644504794822e-04,3.000000000000000e+00,1.499976181239739e+00,3.899327031262139e-06
1.033644504794822e-04,3.000000000000000e+00,1.499976153284706e+00,3.899327306938661e-06
1.035644504794822e-04,3.000000000000000e+00,1.499976181187016e+00,3.899327033455122e-06
1.037644504794822e-04,3.000000000000000e+00,1.499976153304486e+00,3.899327304646024e-06
1.039644504794822e-04,3.000000000000000e+00,1.499976181165415e+00,3.899327035707815e-06
1.041644504794822e-04,3.000000000000000e+00,1.499976153323402e+00,3.899327302485919e-06
1.043644504794822e-04,3.000000000000000e+00,1.499976181132685e+00,3.899327038259960e-06
1.045644504794822e-04,3.000000000000000e+00,1.499976153358078e+00,3.899327299890910e-06
1.047644504794822e-04,3.000000000000000e+00,1.499976181146692e+00,3.899327040443308e-06
1.049644504794822e-04,3.000000000000000e+00,1.499976153386391e+00,3.899327297849565e-06
1.051644504794822e-04,3.000000000000000e+00,1.499976181096192e+00,3.899327042435355e-06
1.053644504794822e-04,3.000000000000000e+00,1.499976153341506e+00,3.899327295765687e-06
1.055644504794822e-04,3.000000000000000e+00,1.499976181061171e+00,3.899327044486771e-06
1.057644504794822e-04,3.000000000000000e+00,1.499976153419895e+00,3.899327293831771e-06
1.059644504794822e-04,3.000000000000000e+00,1.499976181018943e+00,3.899327046551638e-06
1.061644504794822e-04,3.000000000000000e+00,1.499976153473888e+00,3.899327291783606e-06
1.063644504794822e-04,3.000000000000000e+00,1.499976180964328e+00,3.899327048471134e-06
1.065644504794822e-04,3.000000000000000e+00,1.499976153483581e+00,3.899327289377322e-06
1.067644504794822e-04,3.000000000000000e+00,1.499976180922141e+00,3.899327050439047e-06
1.069644504794822e-04,3.000000000000000e+00,1.499976153509578e+00,3.899327287519513e-06
1.071644504794823e-04,3.000000000000000e+00,1.499976180936758e+00,3.899327053199313e-06
1.073644504794823e-04,3.000000000000000e+00,1.499976153566527e+00,3.899327285586929e-06
1.075644504794823e-04,3.000000000000000e+00,1.499976180949889e+00,3.899327054951607e-06
1.077644504794823e-04,3.000000000000000e+00,1.499976153578315e+00,3.899327283389188e-06
1.079644504794823e-04,3.000000000000000e+00,1.499976180930934e+00,3.899327056767276e-06
1.081644504794823e-04,3.000000000000000e+00,1.499976153603788e+00,3.899327281693169e-06
1.083644504794823e-04,3.000000000000000e+00,1.499976180855192e+00,3.899327058512178e-06
1.085644504794823e-04,3.000000000000000e+00,1.499976153631759e+00,3.899327279815352e-06
1.087644504794823e-04,3.000000000000000e+00,1.499976180797673e+00,3.899327060149452e-06
1.089644504794823e-04,3.000000000000000e+00,1.499976153680729e+00,3.899327278222072e-06
1.091644504794823e-04,3.000000000000000e+00,1.499976180796421e+00,3.899327061896120e-06
1.093644504794823e-04,3.000000000000000e+00,1.499976153678101e+00,3.899327276382874e-06
1.095644504794823e-04,3.000000000000000e+00,1.499976180777539e+00,3.899327063588178e-06
1.097644504794823e-04,3.000000000000000e+00,1.499976153738853e+00,3.899327274808962e-06
1.099644504794823e-04,3.000000000000000e+00,1.499976180735308e+00,3.899327065255674e-06
1.101644504794823e-04,3.000000000000000e+00,1.499976153728189e+00,3.899327273135315e-06
1.103644504794823e-04,3.000000000000000e+00,1.499976180698170e+00,3.899327066911638e-06
1.105644504794823e-04,3.000000000000000e+00,1.499976153773573e+00,3.899327271525224e-06
1.107644504794823e-04,3.000000000000000e+00,1.499976180713128e+00,3.899327068972804e-06
1.109644504794823e-04,3.000000000000000e+00,1.499976153825366e+00,3.899327270000303e-06
1.111644504794824e-04,3.000000000000000e+00,1.499976180674360e+00,3.899327070541547e-06
1.113644504794824e-04,3.000000000000000e+00,1.499976153838451e+00,3.899327267896512e-06
1.115644504794824e-04,3.000000000000000e+00,1.499976180660738e+00,3.899327072091787e-06
1.117644504794824e-04,3.000000000000000e+00,1.499976153864195e+00,3.899327266481604e-06
1.119644504794824e-04,3.000000000000000e+00,1.499976180613724e+00,3.899327073483901e-06
1.121644504794824e-04,3.000000000000000e+00,1.499976153898282e+00,3.899327264907993e-06
1.123644504794824e-04,3.000000000000000e+00,1.499976180575640e+00,3.899327075084105e-06
1.125644504794824e-04,3.000000000000000e+00,1.499976153912970e+00,3.899327263527732e-06
1.127644504794824e-04,3.000000000000000e+00,1.499976180563552e+00,3.899327076528986e-06
1.129644504794824e-04,3.000000000000000e+00,1.499976153915715e+00,3.899327261994115e-06
1.131644504794824e-04,3.000000000000000e+00,1.499976180499873e+00,3.899327077960968e-06
1.133644504794824e-04,3.000000000000000e+00,1.499976153969140e+00,3.899327260642972e-06
1.135644504794824e-04,3.000000000000000e+00,1.499976180503890e+00,3.899327079385437e-06
1.137644504794824e-04,3.000000000000000e+00,1.499976154023630e+00,3.899327259125197e-06
1.139644504794824e-04,3.000000000000000e+00,1.499976180449895e+00,3.899327080800945e-06
1.141644504794824e-04,3.000000000000000e+00,1.499976154007078e+00,3.899327257885485e-06
1.143644504794824e-04,3.000000000000000e+00,1.499976180425040e+00,3.899327082580392e-06
1.145644504794824e-04,3.000000000000000e+00,1.499976154069239e+00,3.899327256420049e-06
1.147644504794824e-04,3.000000000000000e+00,1.499976180419777e+00,3.899327083904900e-06
1.149644504794824e-04,3.000000000000000e+00,1.499976154064084e+00,3.899327255226663e-06
1.151644504794824e-04,3.000000000000000e+00,1.499976180399976e+00,3.899327085203929e-06
1.153644504794825e-04,3.000000000000000e+00,1.499976154091034e+00,3.899327253368645e-06
1.155644504794825e-04,3.000000000000000e+00,1.499976180369170e+00,3.899327086510328e-06
1.157644504794825e-04,3.000000000000000e+00,1.499976154108044e+00,3.899327252148338e-06
1.159644504794825e-04,3.000000000000000e+00,1.499976180311622e+00,3.899327087736089e-06
1.161644504794825e-04,3.000000000000000e+00,1.499976154192230e+00,3.899327250915480e-06
1.163644504794825e-04,3.000000000000000e+00,1.499976180283294e+00,3.899327088929771e-06
1.165644504794825e-04,3.000000000000000e+00,1.499976154205930e+00,3.899327249603170e-06
1.167644504794825e-04,3.000000000000000e+00,1.499976180273291e+00,3.899327090249851e-06
1.169644504794825e-04,3.000000000000000e+00,1.499976154202213e+00,3.899327248485672e-06
1.171644504794825e-04,3.000000000000000e+00,1.499976180270328e+00,3.899327091429753e-06
1.173644504794825e-04,3.000000000000000e+00,1.499976154240014e+00,3.899327247235953e-06
1.175644504794825e-04,3.000000000000000e+00,1.499976180226666e+00,3.899327092577507e-06
1.177644504794825e-04,3.000000000000000e+00,1.499976154253241e+00,3.899327246069007e-06
1.179644504794825e-04,3.000000000000000e+00,1.499976180187968e+00,3.899327093733215e-06
1.181644504794825e-04,3.000000000000000e+00,1.499976154272543e+00,3.899327244930997e-06
1.183644504794825e-04,3.000000000000000e+00,1.499976180178142e+00,3.899327094867370e-06
1.185644504794825e-04,3.000000000000000e+00,1.499976154363970e+00,3.899327243732266e-06
1.187644504794825e-04,3.000000000000000e+00,1.499976180155012e+00,3.899327096090952e-06
1.189644504794825e-04,3.000000000000000e+00,1.499976154377357e+00,3.899327242726162e-06
1.191644504794825e-04,3.000000000000000e+00,1.499976180127674e+00,3.899327097574425e-06
1.193644504794826e-04,3.000000000000000e+00,1.499976154422088e+00,3.899327240680283e-06
1.195644504794826e-04,3.000000000000000e+00,1.499976180123463e+00,3.899327098630173e-06
1.197644504794826e-04,3.000000000000000e+00,1.499976154451993e+00,3.899327240557528e-06
1.199644504794826e-04,3.000000000000000e+00,1.499976180082888e+00,3.899327099694315e-06
1.201644504794826e-04,3.000000000000000e+00,1.499976154459205e+00,3.899327238722348e-06
1.203644504794826e-04,3.000000000000000e+00,1.499976180074179e+00,3.899327100617730e-06
1.205644504794826e-04,3.000000000000000e+00,1.499976154499994e+00,3.899327237631913e-06
1.207644504794826e-04,3.000000000000000e+00,1.499976180048210e+00,3.899327101651997e-06
1.209644504794826e-04,3.000000000000000e+00,1.499976154515200e+00,3.899327236723326e-06
1.211644504794826e-04,3.000000000000000e+00,1.499976180020611e+00,3.899327102677307e-06
1.213644504794826e-04,3.000000000000000e+00,1.499976154520619e+00,3.899327235787113e-06
1.215644504794826e-04,3.000000000000000e+00,1.499976179996038e+00,3.899327103893298e-06
1.217644504794826e-04,3.000000000000000e+00,1.499976154550943e+00,3.899327234770845e-06
1.219644504794826e-04,3.000000000000000e+00,1.499976179911589e+00,3.899327104928458e-06
1.221644504794826e-04,3.000000000000000e+00,1.499976154543357e+00,3.899327233862193e-06
1.223644504794826e-04,3.000000000000000e+00,1.499976179889634e+00,3.899327105889059e-06
1.225644504794826e-04,3.000000000000000e+00,1.499976154609185e+00,3.899327233036406e-06
1.227644504794826e-04,3.000000000000000e+00,1.499976179851133e+00,3.899327106665431e-06
1.229644504794826e-04,3.000000000000000e+00,1.499976154627416e+00,3.899327232050402e-06
1.231644504794826e-04,3.000000000000000e+00,1.499976179820998e+00,3.899327107606321e-06
1.233644504794826e-04,3.000000000000000e+00,1.499976154640188e+00,3.899327231173223e-06
1.235644504794827e-04,3.000000000000000e+00,1.499976179793652e+00,3.899327108558390e-06
1.237644504794827e-04,3.000000000000000e+00,1.499976154653127e+00,3.899327230367013e-06
1.239644504794827e-04,3.000000000000000e+00,1.499976179770174e+00,3.899327109314730e-06
1.241644504794827e-04,3.000000000000000e+00,1.499976154695221e+00,3.899327229441694e-06
1.243644504794827e-04,3.000000000000000e+00,1.499976179744772e+00,3.899327110252058e-06
1.245644504794827e-04,3.000000000000000e+00,1.499976154703046e+00,3.899327228500166e-06
1.247644504794827e-04,3.000000000000000e+00,1.499976179759285e+00,3.899327111614471e-06
1.249644504794827e-04,3.000000000000000e+00,1.499976154721340e+00,3.899327227792344e-06
1.251644504794827e-04,3.000000000000000e+00,1.499976179749989e+00,3.899327112464192e-06
1.253644504794827e-04,3.000000000000000e+00,1.499976154751645e+00,3.899327226919110e-06
1.255644504794827e-04,3.000000000000000e+00,1.499976179688267e+00,3.899327113104051e-06
1.257644504794827e-04,3.000000000000000e+00,1.499976154787354e+00,3.899327226084597e-06
1.259644504794827e-04,3.000000000000000e+00,1.499976179625193e+00,3.899327113944266e-06
1.261644504794827e-04,3.000000000000000e+00,1.499976154821045e+00,3.899327224906598e-06
1.263644504794827e-04,3.000000000000000e+00,1.499976179644787e+00,3.899327114798423e-06
1.265644504794827e-04,3.000000000000000e+00,1.499976154857353e+00,3.899327224195913e-06
1.267644504794827e-04,3.000000000000000e+00,1.499976179612631e+00,3.899327115376228e-06
1.269644504794827e-04,3.000000000000000e+00,1.499976154906499e+00,3.899327223374510e-06
1.271644504794827e-04,3.000000000000000e+00,1.499976179551762e+00,3.899327116167741e-06
1.273644504794827e-04,3.000000000000000e+00,1.499976154953526e+00,3.899327222594315e-06
1.275644504794828e-04,3.000000000000000e+00,1.499976179581313e+00,3.899327117006399e-06
1.277644504794828e-04,3.000000000000000e+00,1.499976154966883e+00,3.899327221914085e-06
1.279644504794828e-04,3.000000000000000e+00,1.499976179548607e+00,3.899327117761317e-06
1.281644504794828e-04,3.000000000000000e+00,1.499976155000206e+00,3.899327221249037e-06
1.283644504794828e-04,3.000000000000000e+00,1.499976179558624e+00,3.899327118440410e-06
1.285644504794828e-04,3.000000000000000e+00,1.499976155013105e+00,3.899327220477436e-06
1.287644504794828e-04,3.000000000000000e+00,1.499976179547763e+00,3.899327119112195e-06
1.289644504794828e-04,3.000000000000000e+00,1.499976155071327e+00,3.899327219711876e-06
1.291644504794828e-04,3.000000000000000e+00,1.499976179490657e+00,3.899327119844853e-06
1.293644504794828e-04,3.000000000000000e+00,1.499976155076941e+00,3.899327219066608e-06
1.295644504794828e-04,3.000000000000000e+00,1.499976179486479e+00,3.899327120602230e-06
1.297644504794828e-04,3.000000000000000e+00,1.499976155078458e+00,3.899327218433521e-06
1.299644504794828e-04,3.000000000000000e+00,1.499976179443095e+00,3.899327121321358e-06
1.301644504794828e-04,3.000000000000000e+00,1.499976155103878e+00,3.899327217708934e-06
1.303644504794828e-04,3.000000000000000e+00,1.499976179413415e+00,3.899327121812713e-06
1.305644504794828e-04,3.000000000000000e+00,1.499976155135629e+00,3.899327217008231e-06
1.307644504794828e-04,3.000000000000000e+00,1.499976179374359e+00,3.899327122558248e-06
1.309644504794828e-04,3.000000000000000e+00,1.499976155167656e+00,3.899327216263925e-06
1.311644504794828e-04,3.000000000000000e+00,1.499976179363802e+00,3.899327123225574e-06
1.313644504794828e-04,3.000000000000000e+00,1.499976155208427e+00,3.899327215700602e-06
1.315644504794828e-04,3.000000000000000e+00,1.499976179320518e+00,3.899327124358628e-06
1.317644504794829e-04,3.000000000000000e+00,1.499976155217546e+00,3.899327215136350e-06
1.319644504794829e-04,3.000000000000000e+00,1.499976179297756e+00,3.899327124817349e-06
1.321644504794829e-04,3.000000000000000e+00,1.499976155233179e+00,3.899327214471262e-06
1.323644504794829e-04,3.000000000000000e+00,1.499976179276679e+00,3.899327125419890e-06
1.325644504794829e-04,3.000000000000000e+00,1.499976155247622e+00,3.899327213866345e-06
1.327644504794829e-04,3.000000000000000e+00,1.499976179254715e+00,3.899327126089632e-06
1.329644504794829e-04,3.000000000000000e+00,1.499976155321411e+00,3.899327213300202e-06
1.331644504794829e-04,3.000000000000000e+00,1.499976179209231e+00,3.899327126719087e-06
1.333644504794829e-04,3.000000000000000e+00,1.499976155309247e+00,3.899327212302803e-06
1.335644504794829e-04,3.000000000000000e+00,1.499976179197122e+00,3.899327127294772e-06
1.337644504794829e-04,3.000000000000000e+00,1.499976155324284e+00,3.899327211794252e-06
1.339644504794829e-04,3.000000000000000e+00,1.499976179151274e+00,3.899327127689126e-06
1.341644504794829e-04,3.000000000000000e+00,1.499976155329479e+00,3.899327211220501e-06
1.343644504794829e-04,3.000000000000000e+00,1.499976179120229e+00,3.899327128248382e-06
1.345644504794829e-04,3.000000000000000e+00,1.499976155386925e+00,3.899327210629690e-06
1.347644504794829e-04,3.000000000000000e+00,1.499976179107989e+00,3.899327128832175e-06
1.349644504794829e-04,3.000000000000000e+00,1.499976155415295e+00,3.899327210167838e-06
1.351644504794829e-04,3.000000000000000e+00,1.499976179072876e+00,3.899327129404173e-06
1.353644504794829e-04,3.000000000000000e+00,1.499976155451255e+00,3.899327209614010e-06
1.355644504794829e-04,3.000000000000000e+00,1.499976179083625e+00,3.899327129976010e-06
1.357644504794829e-04,3.000000000000000e+00,1.499976155449527e+00,3.899327209162131e-06
1.359644504794830e-04,3.000000000000000e+00,1.499976179067977e+00,3.899327130395878e-06
1.361644504794830e-04,3.000000000000000e+00,1.499976155460303e+00,3.899327208599008e-06
1.363644504794830e-04,3.000000000000000e+00,1.499976179044621e+00,3.899327130824398e-06
1.365644504794830e-04,3.000000000000000e+00,1.499976155488959e+00,3.899327208067958e-06
1.367644504794830e-04,3.000000000000000e+00,1.499976178994884e+00,3.899327131398961e-06
1.369644504794830e-04,3.000000000000000e+00,1.499976155556773e+00,3.899327207539689e-06
1.371644504794830e-04,3.000000000000000e+00,1.499976179000912e+00,3.899327131942395e-06
1.373644504794830e-04,3.000000000000000e+00,1.499976155596080e+00,3.899327207090467e-06
1.375644504794830e-04,3.000000000000000e+00,1.499976178950124e+00,3.899327132462779e-06
1.377644504794830e-04,3.000000000000000e+00,1.499976155596345e+00,3.899327206556223e-06
1.379644504794830e-04,3.000000000000000e+00,1.499976178923935e+00,3.899327132995155e-06
1.381644504794830e-04,3.000000000000000e+00,1.499976155601918e+00,3.899327206173421e-06
1.383644504794830e-04,3.000000000000000e+00,1.499976178872719e+00,3.899327133380897e-06
1.385644504794830e-04,3.000000000000000e+00,1.499976155637152e+00,3.899327205637080e-06
1.387644504794830e-04,3.000000000000000e+00,1.499976178857498e+00,3.899327133761184e-06
1.389644504794830e-04,3.000000000000000e+00,1.499976155660181e+00,3.899327205128774e-06
1.391644504794830e-04,3.000000000000000e+00,1.499976178837685e+00,3.899327134277795e-06
1.393644504794830e-04,3.000000000000000e+00,1.499976155670578e+00,3.899327204662666e-06
1.395644504794830e-04,3.000000000000000e+00,1.499976178841017e+00,3.899327134775406e-06
1.397644504794830e-04,3.000000000000000e+00,1.499976155692990e+00,3.899327204257818e-06
1.399644504794831e-04,3.000000000000000e+00,1.499976178795169e+00,3.899327135277489e-06
1.401644504794831e-04,3.000000000000000e+00,1.499976155717089e+00,3.899327203783952e-06
1.403644504794831e-04,3.000000000000000e+00,1.499976178765428e+00,3.899327135734067e-06
1.405644504794831e-04,3.000000000000000e+00,1.499976155746733e+00,3.899327203326023e-06
1.407644504794831e-04,3.000000000000000e+00,1.499976178759250e+00,3.899327136208810e-06
1.409644504794831e-04,3.000000000000000e+00,1.499976155791880e+00,3.899327202957722e-06
1.411644504794831e-04,3.000000000000000e+00,1.499976178709394e+00,3.899327136458098e-06
1.413644504794831e-04,3.000000000000000e+00,1.499976155803653e+00,3.899327202533744e-06
1.415644504794831e-04,3.000000000000000e+00,1.499976178721372e+00,3.899327137308277e-06
1.417644504794831e-04,3.000000000000000e+00,1.499976155816961e+00,3.899327202072302e-06
1.419644504794831e-04,3.000000000000000e+00,1.499976178691499e+00,3.899327137754079e-06
1.421644504794831e-04,3.000000000000000e+00,1.499976155841370e+00,3.899327201664389e-06
1.423644504794831e-04,3.000000000000000e+00,1.499976178653562e+00,3.899327138178145e-06
1.425644504794831e-04,3.000000000000000e+00,1.499976155885358e+00,3.899327201363348e-06
1.427644504794831e-04,3.000000000000000e+00,1.499976178624830e+00,3.899327138557664e-06
1.429644504794831e-04,3.000000000000000e+00,1.499976155904503e+00,3.899327200956859e-06
1.431644504794831e-04,3.000000000000000e+00,1.499976178624991e+00,3.899327138953324e-06
1.433644504794831e-04,3.000000000000000e+00,1.499976155953108e+00,3.899327200567170e-06
1.435644504794831e-04,3.000000000000000e+00,1.499976178574184e+00,3.899327139376601e-06
1.437644504794831e-04,3.000000000000000e+00,1.499976155938583e+00,3.899327199836622e-06
1.439644504794831e-04,3.000000000000000e+00,1.499976178568456e+00,3.899327139525324e-06
1.441644504794832e-04,3.000000000000000e+00,1.499976155972058e+00,3.899327199469447e-06
1.443644504794832e-04,3.000000000000000e+00,1.499976178516099e+00,3.899327139901357e-06
1.445644504794832e-04,3.000000000000000e+00,1.499976156001556e+00,3.899327199123261e-06
1.447644504794832e-04,3.000000000000000e+00,1.499976178517404e+00,3.899327140252802e-06
1.449644504794832e-04,3.000000000000000e+00,1.499976156045405e+00,3.899327198777506e-06
1.451644504794832e-04,3.000000000000000e+00,1.499976178516000e+00,3.899327140604175e-06
1.453644504794832e-04,3.000000000000000e+00,1.499976156064477e+00,3.899327198419883e-06
1.455644504794832e-04,3.000000000000000e+00,1.499976178487152e+00,3.899327140958329e-06
1.457644504794832e-04,3.000000000000000e+00,1.499976156088700e+00,3.899327198173507e-06
1.459644504794832e-04,3.000000000000000e+00,1.499976178441798e+00,3.899327141295450e-06
1.461644504794832e-04,3.000000000000000e+00,1.499976156081408e+00,3.899327197798434e-06
1.463644504794832e-04,3.000000000000000e+00,1.499976178418646e+00,3.899327141688788e-06
1.465644504794832e-04,3.000000000000000e+00,1.499976156086940e+00,3.899327197455616e-06
1.467644504794832e-04,3.000000000000000e+00,1.499976178360998e+00,3.899327142029449e-06
1.469644504794832e-04,3.000000000000000e+00,1.499976156078696e+00,3.899327197105582e-06
1.471644504794832e-04,3.000000000000000e+00,1.499976178358270e+00,3.899327142231712e-06
1.473644504794832e-04,3.000000000000000e+00,1.499976156140577e+00,3.899327196848394e-06
1.475644504794832e-04,3.000000000000000e+00,1.499976178319719e+00,3.899327142505948e-06
1.477644504794832e-04,3.000000000000000e+00,1.499976156147259e+00,3.899327196512623e-06
1.479644504794832e-04,3.000000000000000e+00,1.499976178300582e+00,3.899327142853578e-06
1.481644504794833e-04,3.000000000000000e+00,1.499976156227681e+00,3.899327196194348e-06
1.483644504794833e-04,3.000000000000000e+00,1.499976178285594e+00,3.899327143214744e-06
1.485644504794833e-04,3.000000000000000e+00,1.499976156240773e+00,3.899327195402424e-06
1.487644504794833e-04,3.000000000000000e+00,1.499976178261694e+00,3.899327143517521e-06
1.489644504794833e-04,3.000000000000000e+00,1.499976156227161e+00,3.899327195526412e-06
1.491644504794833e-04,3.000000000000000e+00,1.499976178216790e+00,3.899327143827583e-06
1.493644504794833e-04,3.000000000000000e+00,1.499976156241408e+00,3.899327194810680e-06
1.495644504794833e-04,3.000000000000000e+00,1.499976178207076e+00,3.899327144118652e-06
1.497644504794833e-04,3.000000000000000e+00,1.499976156261248e+00,3.899327194620915e-06
1.499644504794833e-04,3.000000000000000e+00,1.499976178176748e+00,3.899327144396695e-06
1.501644504794833e-04,3.000000000000000e+00,1.499976156277500e+00,3.899327194354275e-06
1.503644504794833e-04,3.000000000000000e+00,1.499976178139329e+00,3.899327144665399e-06
1.505644504794833e-04,3.000000000000000e+00,1.499976156286941e+00,3.899327194050863e-06
1.507644504794833e-04,3.000000000000000e+00,1.499976178103219e+00,3.899327144972879e-06
1.509644504794833e-04,3.000000000000000e+00,1.499976156349381e+00,3.899327193864153e-06
1.511644504794833e-04,3.000000000000000e+00,1.499976178061767e+00,3.899327145160748e-06
1.513644504794833e-04,3.000000000000000e+00,1.499976156372329e+00,3.899327193560664e-06
1.515644504794833e-04,3.000000000000000e+00,1.499976178047655e+00,3.899327145446912e-06
1.517644504794833e-04,3.000000000000000e+00,1.499976156393691e+00,3.899327193285934e-06
1.519644504794833e-04,3.000000000000000e+00,1.499976178021802e+00,3.899327145621837e-06
1.521644504794833e-04,3.000000000000000e+00,1.499976156363428e+00,3.899327193025363e-06
1.523644504794834e-04,3.000000000000000e+00,1.499976178024088e+00,3.899327145908899e-06
1.525644504794834e-04,3.000000000000000e+00,1.499976156433493e+00,3.899327192707799e-06
1.527644504794834e-04,3.000000000000000e+00,1.499976178007830e+00,3.899327146216268e-06
1.529644504794834e-04,3.000000000000000e+00,1.499976156445616e+00,3.899327192436790e-06
1.531644504794834e-04,3.000000000000000e+00,1.499976178020908e+00,3.899327146467443e-06
1.533644504794834e-04,3.000000000000000e+00,1.499976156468071e+00,3.899327192159870e-06
1.535644504794834e-04,3.000000000000000e+00,1.499976177982112e+00,3.899327146733142e-06
1.537644504794834e-04,3.000000000000000e+00,1.499976156492717e+00,3.899327192017230e-06
1.539644504794834e-04,3.000000000000000e+00,1.499976177962765e+00,3.899327147019549e-06
1.541644504794834e-04,3.000000000000000e+00,1.499976156528975e+00,3.899327191733975e-06
1.543644504794834e-04,3.000000000000000e+00,1.499976177961624e+00,3.899327147246123e-06
1.545644504794834e-04,3.000000000000000e+00,1.499976156589406e+00,3.899327191475642e-06
1.547644504794834e-04,3.000000000000000e+00,1.499976177927953e+00,3.899327147929610e-06
1.549644504794834e-04,3.000000000000000e+00,1.499976156585092e+00,3.899327191216907e-06
1.551644504794834e-04,3.000000000000000e+00,1.499976177876251e+00,3.899327148176606e-06
1.553644504794834e-04,3.000000000000000e+00,1.499976156622879e+00,3.899327191013932e-06
1.555644504794834e-04,3.000000000000000e+00,1.499976177894549e+00,3.899327148262458e-06
1.557644504794834e-04,3.000000000000000e+00,1.499976156626974e+00,3.899327190924561e-06
1.559644504794834e-04,3.000000000000000e+00,1.499976177839758e+00,3.899327148489305e-06
1.561644504794834e-04,3.000000000000000e+00,1.499976156619286e+00,3.899327190671328e-06
1.563644504794835e-04,3.000000000000000e+00,1.499976177824059e+00,3.899327148625552e-06
1.565644504794835e-04,3.000000000000000e+00,1.499976156667405e+00,3.899327190456013e-06
1.567644504794835e-04,3.000000000000000e+00,1.499976177811932e+00,3.899327148846135e-06
1.569644504794835e-04,3.000000000000000e+00,1.499976156700369e+00,3.899327190223572e-06
1.571644504794835e-04,3.000000000000000e+00,1.499976177793773e+00,3.899327149497022e-06
1.573644504794835e-04,3.000000000000000e+00,1.499976156733016e+00,3.899327190008436e-06
1.575644504794835e-04,3.000000000000000e+00,1.499976177784909e+00,3.899327149701072e-06
1.577644504794835e-04,3.000000000000000e+00,1.499976156750550e+00,3.899327189812865e-06
1.579644504794835e-04,3.000000000000000e+00,1.499976177734956e+00,3.899327149902635e-06
1.581644504794835e-04,3.000000000000000e+00,1.499976156780116e+00,3.899327189709650e-06
1.583644504794835e-04,3.000000000000000e+00,1.499976177688911e+00,3.899327149688712e-06
1.585644504794835e-04,3.000000000000000e+00,1.499976156764369e+00,3.899327189395863e-06
1.587644504794835e-04,3.000000000000000e+00,1.499976177646581e+00,3.899327150348694e-06
1.589644504794835e-04,3.000000000000000e+00,1.499976156804673e+00,3.899327189277849e-06
1.591644504794835e-04,3.000000000000000e+00,1.499976177685605e+00,3.899327150528139e-06
1.593644504794835e-04,3.000000000000000e+00,1.499976156827458e+00,3.899327189085698e-06
1.595644504794835e-04,3.000000000000000e+00,1.499976177631006e+00,3.899327150694181e-06
1.597644504794835e-04,3.000000000000000e+00,1.499976156817057e+00,3.899327188871345e-06
1.599644504794835e-04,3.000000000000000e+00,1.499976177607691e+00,3.899327150923083e-06
1.601644504794835e-04,3.000000000000000e+00,1.499976156845526e+00,3.899327188284355e-06
1.603644504794835e-04,3.000000000000000e+00,1.499976177600153e+00,3.899327151093446e-06
1.605644504794836e-04,3.000000000000000e+00,1.499976156890436e+00,3.899327188099683e-06
1.607644504794836e-04,3.000000000000000e+00,1.499976177590715e+00,3.899327151162726e-06
1.609644504794836e-04,3.000000000000000e+00,1.499976156890452e+00,3.899327188079780e-06
1.611644504794836e-04,3.000000000000000e+00,1.499976177566237e+00,3.899327151312981e-06
1.613644504794836e-04,3.000000000000000e+00,1.499976156905797e+00,3.899327187894624e-06
1.615644504794836e-04,3.000000000000000e+00,1.499976177512206e+00,3.899327151456776e-06
1.617644504794836e-04,3.000000000000000e+00,1.499976156975741e+00,3.899327187728224e-06
1.619644504794836e-04,3.000000000000000e+00,1.499976177494465e+00,3.899327151676112e-06
1.621644504794836e-04,3.000000000000000e+00,1.499976156970637e+00,3.899327187562012e-06
1.623644504794836e-04,3.000000000000000e+00,1.499976177502870e+00,3.899327151848525e-06
1.625644504794836e-04,3.000000000000000e+00,1.499976156944461e+00,3.899327187382683e-06
1.627644504794836e-04,3.000000000000000e+00,1.499976177438749e+00,3.899327151926220e-06
1.629644504794836e-04,3.000000000000000e+00,1.499976156998422e+00,3.899327187171095e-06
1.631644504794836e-04,3.000000000000000e+00,1.499976177415079e+00,3.899327152087900e-06
1.633644504794836e-04,3.000000000000000e+00,1.499976157016780e+00,3.899327187029783e-06
1.635644504794836e-04,3.000000000000000e+00,1.499976177389921e+00,3.899327152285192e-06
1.637644504794836e-04,3.000000000000000e+00,1.499976157063269e+00,3.899327186845060e-06
1.639644504794836e-04,3.000000000000000e+00,1.499976177371477e+00,3.899327152449666e-06
1.641644504794836e-04,3.000000000000000e+00,1.499976157071493e+00,3.899327186643488e-06
1.643644504794836e-04,3.000000000000000e+00,1.499976177384340e+00,3.899327152630574e-06
1.645644504794836e-04,3.000000000000000e+00,1.499976157118611e+00,3.899327186466438e-06
1.647644504794837e-04,3.000000000000000e+00,1.499976177366355e+00,3.899327152791127e-06
1.649644504794837e-04,3.000000000000000e+00,1.499976157107155e+00,3.899327186305860e-06
1.651644504794837e-04,3.000000000000000e+00,1.499976177346711e+00,3.899327152933326e-06
1.653644504794837e-04,3.000000000000000e+00,1.499976157137552e+00,3.899327186259723e-06
1.655644504794837e-04,3.000000000000000e+00,1.499976177330361e+00,3.899327153113342e-06
1.657644504794837e-04,3.000000000000000e+00,1.499976157167383e+00,3.899327186101768e-06
1.659644504794837e-04,3.000000000000000e+00,1.499976177286351e+00,3.899327153286764e-06
1.661644504794837e-04,3.000000000000000e+00,1.499976157146377e+00,3.899327185920888e-06
1.663644504794837e-04,3.000000000000000e+00,1.499976177267881e+00,3.899327153441507e-06
1.665644504794837e-04,3.000000000000000e+00,1.499976157207317e+00,3.899327185798130e-06
1.667644504794837e-04,3.000000000000000e+00,1.499976177236896e+00,3.899327153609910e-06
1.669644504794837e-04,3.000000000000000e+00,1.499976157218251e+00,3.899327185644632e-06
1.671644504794837e-04,3.000000000000000e+00,1.499976177223957e+00,3.899327153751824e-06
1.673644504794837e-04,3.000000000000000e+00,1.499976157250859e+00,3.899327185477777e-06
1.675644504794837e-04,3.000000000000000e+00,1.499976177199274e+00,3.899327153921898e-06
1.677644504794837e-04,3.000000000000000e+00,1.499976157288151e+00,3.899327185314386e-06
1.679644504794837e-04,3.000000000000000e+00,1.499976177183293e+00,3.899327154079970e-06
1.681644504794837e-04,3.000000000000000e+00,1.499976157320512e+00,3.899327185157144e-06
1.683644504794837e-04,3.000000000000000e+00,1.499976177178760e+00,3.899327154238907e-06
1.685644504794837e-04,3.000000000000000e+00,1.499976157317034e+00,3.899327185006600e-06
1.687644504794838e-04,3.000000000000000e+00,1.499976177139870e+00,3.899327154247320e-06
1.689644504794838e-04,3.000000000000000e+00,1.499976157331795e+00,3.899327184874076e-06
1.691644504794838e-04,3.000000000000000e+00,1.499976177125261e+00,3.899327154411606e-06
1.693644504794838e-04,3.000000000000000e+00,1.499976157379272e+00,3.899327184816744e-06
1.695644504794838e-04,3.000000000000000e+00,1.499976177143135e+00,3.899327154550893e-06
1.697644504794838e-04,3.000000000000000e+00,1.499976157390508e+00,3.899327184690244e-06
1.699644504794838e-04,3.000000000000000e+00,1.499976177115299e+00,3.899327154688884e-06
1.701644504794838e-04,3.000000000000000e+00,1.499976157423150e+00,3.899327184512635e-06
1.703644504794838e-04,3.000000000000000e+00,1.499976177098536e+00,3.899327154739367e-06
1.705644504794838e-04,3.000000000000000e+00,1.499976157442576e+00,3.899327184402832e-06
1.707644504794838e-04,3.000000000000000e+00,1.499976177054956e+00,3.899327154887189e-06
1.709644504794838e-04,3.000000000000000e+00,1.499976157471835e+00,3.899327184249873e-06
1.711644504794838e-04,3.000000000000000e+00,1.499976177040182e+00,3.899327155034412e-06
1.713644504794838e-04,3.000000000000000e+00,1.499976157503775e+00,3.899327184073464e-06
1.715644504794838e-04,3.000000000000000e+00,1.499976177016058e+00,3.899327155189266e-06
1.717644504794838e-04,3.000000000000000e+00,1.499976157516988e+00,3.899327183932861e-06
1.719644504794838e-04,3.000000000000000e+00,1.499976177015807e+00,3.899327155326759e-06
1.721644504794838e-04,3.000000000000000e+00,1.499976157534304e+00,3.899327183774735e-06
1.723644504794838e-04,3.000000000000000e+00,1.499976176972474e+00,3.899327155450092e-06
1.725644504794838e-04,3.000000000000000e+00,1.499976157559121e+00,3.899327183650015e-06
1.727644504794838e-04,3.000000000000000e+00,1.499976176971764e+00,3.899327155577541e-06
1.729644504794839e-04,3.000000000000000e+00,1.499976157557588e+00,3.899327183512324e-06
1.731644504794839e-04,3.000000000000000e+00,1.499976176931868e+00,3.899327155716308e-06
1.733644504794839e-04,3.000000000000000e+00,1.499976157576164e+00,3.899327183422227e-06
1.735644504794839e-04,3.000000000000000e+00,1.499976176915455e+00,3.899327155836812e-06
1.737644504794839e-04,3.000000000000000e+00,1.499976157590719e+00,3.899327183276021e-06
1.739644504794839e-04,3.000000000000000e+00,1.499976176906498e+00,3.899327155972681e-06
1.741644504794839e-04,3.000000000000000e+00,1.499976157636553e+00,3.899327183269366e-06
1.743644504794839e-04,3.000000000000000e+00,1.499976176888033e+00,3.899327156097014e-06
1.745644504794839e-04,3.000000000000000e+00,1.499976157646579e+00,3.899327183158456e-06
1.747644504794839e-04,3.000000000000000e+00,1.499976176857082e+00,3.899327156229149e-06
1.749644504794839e-04,3.000000000000000e+00,1.499976157659361e+00,3.899327183026267e-06
1.751644504794839e-04,3.000000000000000e+00,1.499976176825714e+00,3.899327156328150e-06
1.753644504794839e-04,3.000000000000000e+00,1.499976157686741e+00,3.899327182900997e-06
1.755644504794839e-04,3.000000000000000e+00,1.499976176829359e+00,3.899327156445527e-06
1.757644504794839e-04,3.000000000000000e+00,1.499976157707308e+00,3.899327182794121e-06
1.759644504794839e-04,3.000000000000000e+00,1.499976176807694e+00,3.899327156597051e-06
1.761644504794839e-04,3.000000000000000e+00,1.499976157736966e+00,3.899327182675121e-06
1.763644504794839e-04,3.000000000000000e+00,1.499976176762380e+00,3.899327156683754e-06
1.765644504794839e-04,3.000000000000000e+00,1.499976157736126e+00,3.899327182553079e-06
1.767644504794839e-04,3.000000000000000e+00,1.499976176751616e+00,3.899327156775926e-06
1.769644504794840e-04,3.000000000000000e+00,1.499976157775077e+00,3.899327182431555e-06
1.771644504794840e-04,3.000000000000000e+00,1.499976176729011e+00,3.899327156886495e-06
1.773644504794840e-04,3.000000000000000e+00,1.499976157782789e+00,3.899327182336610e-06
1.775644504794840e-04,3.000000000000000e+00,1.499976176720428e+00,3.899327157012394e-06
1.777644504794840e-04,3.000000000000000e+00,1.499976157799060e+00,3.899327182220903e-06
1.779644504794840e-04,3.000000000000000e+00,1.499976176706182e+00,3.899327157097761e-06
1.781644504794840e-04,3.000000000000000e+00,1.499976157786826e+00,3.899327182122377e-06
1.783644504794840e-04,3.000000000000000e+00,1.499976176685271e+00,3.899327157209070e-06
1.785644504794840e-04,3.000000000000000e+00,1.499976157846216e+00,3.899327182040590e-06
1.787644504794840e-04,3.000000000000000e+00,1.499976176630780e+00,3.899327157322118e-06
1.789644504794840e-04,3.000000000000000e+00,1.499976157886211e+00,3.899327182027550e-06
1.791644504794840e-04,3.000000000000000e+00,1.499976176634557e+00,3.899327157316879e-06
1.793644504794840e-04,3.000000000000000e+00,1.499976157891887e+00,3.899327181920746e-06
1.795644504794840e-04,3.000000000000000e+00,1.499976176610891e+00,3.899327157427482e-06
1.797644504794840e-04,3.000000000000000e+00,1.499976157923408e+00,3.899327181826936e-06
1.799644504794840e-04,3.000000000000000e+00,1.499976176544129e+00,3.899327157541895e-06
1.801644504794840e-04,3.000000000000000e+00,1.499976157911621e+00,3.899327181693303e-06
1.803644504794840e-04,3.000000000000000e+00,1.499976176579742e+00,3.899327157657388e-06
1.805644504794840e-04,3.000000000000000e+00,1.499976157924645e+00,3.899327181560088e-06
1.807644504794840e-04,3.000000000000000e+00,1.499976176557625e+00,3.899327157748099e-06
1.809644504794840e-04,3.000000000000000e+00,1.499976157962751e+00,3.899327181491642e-06
1.811644504794841e-04,3.000000000000000e+00,1.499976176562446e+00,3.899327157774436e-06
1.813644504794841e-04,3.000000000000000e+00,1.499976157970631e+00,3.899327181383688e-06
1.815644504794841e-04,3.000000000000000e+00,1.499976176526109e+00,3.899327157864458e-06
1.817644504794841e-04,3.000000000000000e+00,1.499976157981945e+00,3.899327181285511e-06
1.819644504794841e-04,3.000000000000000e+00,1.499976176483717e+00,3.899327157928592e-06
1.821644504794841e-04,3.000000000000000e+00,1.499976158002549e+00,3.899327181181774e-06
1.823644504794841e-04,3.000000000000000e+00,1.499976176459112e+00,3.899327158037232e-06
1.825644504794841e-04,3.000000000000000e+00,1.499976158015979e+00,3.899327181063679e-06
1.827644504794841e-04,3.000000000000000e+00,1.499976176420742e+00,3.899327158156636e-06
1.829644504794841e-04,3.000000000000000e+00,1.499976158070105e+00,3.899327181001572e-06
1.831644504794841e-04,3.000000000000000e+00,1.499976176388356e+00,3.899327158236485e-06
1.833644504794841e-04,3.000000000000000e+00,1.499976158076638e+00,3.899327180929719e-06
1.835644504794841e-04,3.000000000000000e+00,1.499976176409206e+00,3.899327158315204e-06
1.837644504794841e-04,3.000000000000000e+00,1.499976158077396e+00,3.899327180824360e-06
1.839644504794841e-04,3.000000000000000e+00,1.499976176376876e+00,3.899327158418150e-06
1.841644504794841e-04,3.000000000000000e+00,1.499976158101605e+00,3.899327180716326e-06
1.843644504794841e-04,3.000000000000000e+00,1.499976176371968e+00,3.899327158510472e-06
1.845644504794841e-04,3.000000000000000e+00,1.499976158135450e+00,3.899327180626521e-06
1.847644504794841e-04,3.000000000000000e+00,1.499976176364968e+00,3.899327158584369e-06
1.849644504794841e-04,3.000000000000000e+00,1.499976158150696e+00,3.899327180576263e-06
1.851644504794842e-04,3.000000000000000e+00,1.499976176345875e+00,3.899327158643115e-06
1.853644504794842e-04,3.000000000000000e+00,1.499976158172612e+00,3.899327180480298e-06
1.855644504794842e-04,3.000000000000000e+00,1.499976176313076e+00,3.899327158775232e-06
1.857644504794842e-04,3.000000000000000e+00,1.499976158166612e+00,3.899327180378091e-06
1.859644504794842e-04,3.000000000000000e+00,1.499976176271105e+00,3.899327159259847e-06
1.861644504794842e-04,3.000000000000000e+00,1.499976158157764e+00,3.899327180439633e-06
1.863644504794842e-04,3.000000000000000e+00,1.499976176247666e+00,3.899327158895856e-06
1.865644504794842e-04,3.000000000000000e+00,1.499976158228618e+00,3.899327180267535e-06
1.867644504794842e-04,3.000000000000000e+00,1.499976176261533e+00,3.899327158967899e-06
1.869644504794842e-04,3.000000000000000e+00,1.499976158222075e+00,3.899327180259821e-06
1.871644504794842e-04,3.000000000000000e+00,1.499976176219238e+00,3.899327159062977e-06
1.873644504794842e-04,3.000000000000000e+00,1.499976158268864e+00,3.899327180200422e-06
1.875644504794842e-04,3.000000000000000e+00,1.499976176222909e+00,3.899327159161010e-06
1.877644504794842e-04,3.000000000000000e+00,1.499976158264098e+00,3.899327180105343e-06
1.879644504794842e-04,3.000000000000000e+00,1.499976176167133e+00,3.899327159643369e-06
1.881644504794842e-04,3.000000000000000e+00,1.499976158272687e+00,3.899327180061941e-06
1.883644504794842e-04,3.000000000000000e+00,1.499976176142273e+00,3.899327159279058e-06
1.885644504794842e-04,3.000000000000000e+00,1.499976158322455e+00,3.899327180012249e-06
1.887644504794842e-04,3.000000000000000e+00,1.499976176137757e+00,3.899327159348822e-06
1.889644504794842e-04,3.000000000000000e+00,1.499976158355715e+00,3.899327179890964e-06
1.891644504794842e-04,3.000000000000000e+00,1.499976176140772e+00,3.899327159833582e-06
1.893644504794843e-04,3.000000000000000e+00,1.499976158350616e+00,3.899327179815184e-06
1.895644504794843e-04,3.000000000000000e+00,1.499976176121082e+00,3.899327159931121e-06
1.897644504794843e-04,3.000000000000000e+00,1.499976158352157e+00,3.899327179799242e-06
1.899644504794843e-04,3.000000000000000e+00,1.499976176099563e+00,3.899327159983106e-06
1.901644504794843e-04,3.000000000000000e+00,1.499976158370836e+00,3.899327179721038e-06
1.903644504794843e-04,3.000000000000000e+00,1.499976176081643e+00,3.899327159997589e-06
1.905644504794843e-04,3.000000000000000e+00,1.499976158406686e+00,3.899327179688049e-06
1.907644504794843e-04,3.000000000000000e+00,1.499976176035690e+00,3.899327160084564e-06
1.909644504794843e-04,3.000000000000000e+00,1.499976158428710e+00,3.899327179628020e-06
1.911644504794843e-04,3.000000000000000e+00,1.499976176049751e+00,3.899327160115482e-06
1.913644504794843e-04,3.000000000000000e+00,1.499976158437378e+00,3.899327179587559e-06
1.915644504794843e-04,3.000000000000000e+00,1.499976176006513e+00,3.899327160165920e-06
1.917644504794843e-04,3.000000000000000e+00,1.499976158497964e+00,3.899327179520647e-06
1.919644504794843e-04,3.000000000000000e+00,1.499976176004433e+00,3.899327160214410e-06
1.921644504794843e-04,3.000000000000000e+00,1.499976158460007e+00,3.899327179464269e-06
1.923644504794843e-04,3.000000000000000e+00,1.499976175945039e+00,3.899327160278190e-06
1.925644504794843e-04,3.000000000000000e+00,1.499976158465400e+00,3.899327179432731e-06
1.927644504794843e-04,3.000000000000000e+00,1.499976175922228e+00,3.899327160314977e-06
1.929644504794843e-04,3.000000000000000e+00,1.499976158487362e+00,3.899327179372261e-06
1.931644504794843e-04,3.000000000000000e+00,1.499976175935767e+00,3.899327160397461e-06
1.933644504794844e-04,3.000000000000000e+00,1.499976158506705e+00,3.899327179304229e-06
1.935644504794844e-04,3.000000000000000e+00,1.499976175900888e+00,3.899327160445596e-06
1.937644504794844e-04,3.000000000000000e+00,1.499976158528813e+00,3.899327179213818e-06
1.939644504794844e-04,3.000000000000000e+00,1.499976175898510e+00,3.899327160536410e-06
1.941644504794844e-04,3.000000000000000e+00,1.499976158574124e+00,3.899327179278122e-06
1.943644504794844e-04,3.000000000000000e+00,1.499976175854582e+00,3.899327160583131e-06
1.945644504794844e-04,3.000000000000000e+00,1.499976158583617e+00,3.899327179214493e-06
1.947644504794844e-04,3.000000000000000e+00,1.499976175870870e+00,3.899327160607242e-06
1.949644504794844e-04,3.000000000000000e+00,1.499976158592164e+00,3.899327179153555e-06
1.951644504794844e-04,3.000000000000000e+00,1.499976175810610e+00,3.899327160586108e-06
1.953644504794844e-04,3.000000000000000e+00,1.499976158592305e+00,3.899327179077119e-06
1.955644504794844e-04,3.000000000000000e+00,1.499976175820958e+00,3.899327160661469e-06
1.957644504794844e-04,3.000000000000000e+00,1.499976158636409e+00,3.899327179015663e-06
1.959644504794844e-04,3.000000000000000e+00,1.499976175793964e+00,3.899327160759493e-06
1.961644504794844e-04,3.000000000000000e+00,1.499976158643929e+00,3.899327178950576e-06
1.963644504794844e-04,3.000000000000000e+00,1.499976175773807e+00,3.899327160810051e-06
1.965644504794844e-04,3.000000000000000e+00,1.499976158652307e+00,3.899327178475103e-06
1.967644504794844e-04,3.000000000000000e+00,1.499976175805399e+00,3.899327160741739e-06
1.969644504794844e-04,3.000000000000000e+00,1.499976158727055e+00,3.899327178855715e-06
1.971644504794844e-04,3.000000000000000e+00,1.499976175736571e+00,3.899327160876374e-06
1.973644504794844e-04,3.000000000000000e+00,1.499976158675259e+00,3.899327178381146e-06
1.975644504794845e-04,3.000000000000000e+00,1.499976175742987e+00,3.899327160831898e-06
1.977644504794845e-04,3.000000000000000e+00,1.499976158720604e+00,3.899327178329466e-06
1.979644504794845e-04,3.000000000000000e+00,1.499976175688396e+00,3.899327160898098e-06
1.981644504794845e-04,3.000000000000000e+00,1.499976158722107e+00,3.899327178283100e-06
1.983644504794845e-04,3.000000000000000e+00,1.499976175670042e+00,3.899327160907115e-06
1.985644504794845e-04,3.000000000000000e+00,1.499976158765566e+00,3.899327178242053e-06
1.987644504794845e-04,3.000000000000000e+00,1.499976175671027e+00,3.899327160968553e-06
1.989644504794845e-04,3.000000000000000e+00,1.499976158780427e+00,3.899327178220691e-06
1.991644504794845e-04,3.000000000000000e+00,1.499976175681363e+00,3.899327161006709e-06
1.993644504794845e-04,3.000000000000000e+00,1.499976158799511e+00,3.899327178154318e-06
1.995644504794845e-04,3.000000000000000e+00,1.499976175638874e+00,3.899327161048475e-06
1.997644504794845e-04,3.000000000000000e+00,1.499976158822445e+00,3.899327178551293e-06
1.999644504794845e-04,3.000000000000000e+00,1.499976175634429e+00,3.899327161088860e-06
2.001644504794845e-04,3.000000000000000e+00,1.499976158810692e+00,3.899327178041767e-06
2.003644504794845e-04,3.000000000000000e+00,1.499976175608583e+00,3.899327161171084e-06
2.005644504794845e-04,3.000000000000000e+00,1.499976158843958e+00,3.899327178018958e-06
2.007644504794845e-04,3.000000000000000e+00,1.499976175574380e+00,3.899327161209555e-06
2.009644504794845e-04,3.000000000000000e+00,1.499976158874137e+00,3.899327177939536e-06
2.011644504794845e-04,3.000000000000000e+00,1.499976175524251e+00,3.899327161246597e-06
2.013644504794845e-04,3.000000000000000e+00,1.499976158868383e+00,3.899327177905416e-06
2.015644504794845e-04,3.000000000000000e+00,1.499976175518007e+00,3.899327161265601e-06
2.017644504794846e-04,3.000000000000000e+00,1.499976158886522e+00,3.899327177875552e-06
2.019644504794846e-04,3.000000000000000e+00,1.499976175538054e+00,3.899327161332476e-06
2.021644504794846e-04,3.000000000000000e+00,1.499976158934959e+00,3.899327177804596e-06
2.023644504794846e-04,3.000000000000000e+00,1.499976175509200e+00,3.899327161334344e-06
2.025644504794846e-04,3.000000000000000e+00,1.499976158932162e+00,3.899327177798467e-06
2.027644504794846e-04,3.000000000000000e+00,1.499976175498810e+00,3.899327161423133e-06
2.029644504794846e-04,3.000000000000000e+00,1.499976158976353e+00,3.899327177764816e-06
2.031644504794846e-04,3.000000000000000e+00,1.499976175498710e+00,3.899327161466539e-06
2.033644504794846e-04,3.000000000000000e+00,1.499976158966106e+00,3.899327177734748e-06
2.035644504794846e-04,3.000000000000000e+00,1.499976175484687e+00,3.899327161490733e-06
2.037644504794846e-04,3.000000000000000e+00,1.499976159002229e+00,3.899327177668370e-06
2.039644504794846e-04,3.000000000000000e+00,1.499976175456096e+00,3.899327161535012e-06
2.041644504794846e-04,3.000000000000000e+00,1.499976159016899e+00,3.899327177640184e-06
2.043644504794846e-04,3.000000000000000e+00,1.499976175441984e+00,3.899327161572279e-06
2.045644504794846e-04,3.000000000000000e+00,1.499976159016805e+00,3.899327177592151e-06
2.047644504794846e-04,3.000000000000000e+00,1.499976175413338e+00,3.899327161601189e-06
2.049644504794846e-04,3.000000000000000e+00,1.499976159055386e+00,3.899327177530224e-06
2.051644504794846e-04,3.000000000000000e+00,1.499976175392669e+00,3.899327161669357e-06
2.053644504794846e-04,3.000000000000000e+00,1.499976159078257e+00,3.899327177492334e-06
2.055644504794846e-04,3.000000000000000e+00,1.499976175358166e+00,3.899327161687813e-06
2.057644504794847e-04,3.000000000000000e+00,1.499976159057023e+00,3.899327177463907e-06
2.059644504794847e-04,3.000000000000000e+00,1.499976175370679e+00,3.899327161766084e-06
2.061644504794847e-04,3.000000000000000e+00,1.499976159100114e+00,3.899327177441263e-06
2.063644504794847e-04,3.000000000000000e+00,1.499976175352975e+00,3.899327161807937e-06
2.065644504794847e-04,3.000000000000000e+00,1.499976159147165e+00,3.899327177394766e-06
2.067644504794847e-04,3.000000000000000e+00,1.499976175342985e+00,3.899327161847619e-06
2.069644504794847e-04,3.000000000000000e+00,1.499976159144381e+00,3.899327177353108e-06
2.071644504794847e-04,3.000000000000000e+00,1.499976175317802e+00,3.899327161882901e-06
2.073644504794847e-04,3.000000000000000e+00,1.499976159163982e+00,3.899327177315423e-06
2.075644504794847e-04,3.000000000000000e+00,1.499976175302176e+00,3.899327161894878e-06
2.077644504794847e-04,3.000000000000000e+00,1.499976159170717e+00,3.899327177242785e-06
2.079644504794847e-04,3.000000000000000e+00,1.499976175286342e+00,3.899327161936512e-06
2.081644504794847e-04,3.000000000000000e+00,1.499976159200056e+00,3.899327177203566e-06
2.083644504794847e-04,3.000000000000000e+00,1.499976175266298e+00,3.899327161992729e-06
2.085644504794847e-04,3.000000000000000e+00,1.499976159214931e+00,3.899327177183145e-06
2.087644504794847e-04,3.000000000000000e+00,1.499976175268961e+00,3.899327162047114e-06
2.089644504794847e-04,3.000000000000000e+00,1.499976159233233e+00,3.899327177144782e-06
2.091644504794847e-04,3.000000000000000e+00,1.499976175276423e+00,3.899327162063232e-06
2.093644504794847e-04,3.000000000000000e+00,1.499976159240729e+00,3.899327177086998e-06
2.095644504794847e-04,3.000000000000000e+00,1.499976175234868e+00,3.899327162114284e-06
2.097644504794847e-04,3.000000000000000e+00,1.499976159306804e+00,3.899327177062278e-06
2.099644504794848e-04,3.000000000000000e+00,1.499976175229504e+00,3.899327162134772e-06
2.101644504794848e-04,3.000000000000000e+00,1.499976159278288e+00,3.899327177131379e-06
2.103644504794848e-04,3.000000000000000e+00,1.499976175204106e+00,3.899327162206234e-06
2.105644504794848e-04,3.000000000000000e+00,1.499976159322409e+00,3.899327177090666e-06
2.107644504794848e-04,3.000000000000000e+00,1.499976175174025e+00,3.899327162229588e-06
2.109644504794848e-04,3.000000000000000e+00,1.499976159345616e+00,3.899327177009948e-06
2.111644504794848e-04,3.000000000000000e+00,1.499976175142154e+00,3.899327162290022e-06
2.113644504794848e-04,3.000000000000000e+00,1.499976159358227e+00,3.899327176993058e-06
2.115644504794848e-04,3.000000000000000e+00,1.499976175134076e+00,3.899327162333281e-06
2.117644504794848e-04,3.000000000000000e+00,1.499976159360043e+00,3.899327176970486e-06
2.119644504794848e-04,3.000000000000000e+00,1.499976175130820e+00,3.899327162376878e-06
2.121644504794848e-04,3.000000000000000e+00,1.499976159383846e+00,3.899327176916565e-06
2.123644504794848e-04,3.000000000000000e+00,1.499976175133465e+00,3.899327162395163e-06
2.125644504794848e-04,3.000000000000000e+00,1.499976159383652e+00,3.899327176873532e-06
2.127644504794848e-04,3.000000000000000e+00,1.499976175091191e+00,3.899327162434252e-06
2.129644504794848e-04,3.000000000000000e+00,1.499976159383466e+00,3.899327176833305e-06
2.131644504794848e-04,3.000000000000000e+00,1.499976175090922e+00,3.899327162457836e-06
2.133644504794848e-04,3.000000000000000e+00,1.499976159414976e+00,3.899327176819013e-06
2.135644504794848e-04,3.000000000000000e+00,1.499976175067657e+00,3.899327162503071e-06
2.137644504794848e-04,3.000000000000000e+00,1.499976159441153e+00,3.899327176778624e-06
2.139644504794849e-04,3.000000000000000e+00,1.499976175021287e+00,3.899327162545375e-06
2.141644504794849e-04,3.000000000000000e+00,1.499976159464053e+00,3.899327176726761e-06
2.143644504794849e-04,3.000000000000000e+00,1.499976175047864e+00,3.899327162583705e-06
2.145644504794849e-04,3.000000000000000e+00,1.499976159489666e+00,3.899327176678036e-06
2.147644504794849e-04,3.000000000000000e+00,1.499976175006501e+00,3.899327162610143e-06
2.149644504794849e-04,3.000000000000000e+00,1.499976159491271e+00,3.899327176656226e-06
2.151644504794849e-04,3.000000000000000e+00,1.499976174986791e+00,3.899327162655178e-06
2.153644504794849e-04,3.000000000000000e+00,1.499976159500660e+00,3.899327176620904e-06
2.155644504794849e-04,3.000000000000000e+00,1.499976174984278e+00,3.899327162683945e-06
2.157644504794849e-04,3.000000000000000e+00,1.499976159519793e+00,3.899327176590916e-06
2.159644504794849e-04,3.000000000000000e+00,1.499976174975542e+00,3.899327162703294e-06
2.161644504794849e-04,3.000000000000000e+00,1.499976159556164e+00,3.899327176550372e-06
2.163644504794849e-04,3.000000000000000e+00,1.499976174950576e+00,3.899327162751904e-06
2.165644504794849e-04,3.000000000000000e+00,1.499976159592324e+00,3.899327176549478e-06
2.167644504794849e-04,3.000000000000000e+00,1.499976174955261e+00,3.899327162772900e-06
2.169644504794849e-04,3.000000000000000e+00,1.499976159623041e+00,3.899327176509304e-06
2.171644504794849e-04,3.000000000000000e+00,1.499976174969414e+00,3.899327162798972e-06
2.173644504794849e-04,3.000000000000000e+00,1.499976159598669e+00,3.899327176470983e-06
2.175644504794849e-04,3.000000000000000e+00,1.499976174913674e+00,3.899327162829956e-06
2.177644504794849e-04,3.000000000000000e+00,1.499976159627802e+00,3.899327176412402e-06
2.179644504794849e-04,3.000000000000000e+00,1.499976174877483e+00,3.899327162876263e-06
2.181644504794850e-04,3.000000000000000e+00,1.499976159639303e+00,3.899327176412958e-06
2.183644504794850e-04,3.000000000000000e+00,1.499976174855343e+00,3.899327162901339e-06
2.185644504794850e-04,3.000000000000000e+00,1.499976159644553e+00,3.899327176367570e-06
2.187644504794850e-04,3.000000000000000e+00,1.499976174861160e+00,3.899327162935955e-06
2.189644504794850e-04,3.000000000000000e+00,1.499976159657285e+00,3.899327176350545e-06
2.191644504794850e-04,3.000000000000000e+00,1.499976174850610e+00,3.899327162963705e-06
2.193644504794850e-04,3.000000000000000e+00,1.499976159671398e+00,3.899327176306149e-06
2.195644504794850e-04,3.000000000000000e+00,1.499976174828199e+00,3.899327162987713e-06
2.197644504794850e-04,3.000000000000000e+00,1.499976159689208e+00,3.899327176270788e-06
2.199644504794850e-04,3.000000000000000e+00,1.499976174797655e+00,3.899327163020116e-06
2.201644504794850e-04,3.000000000000000e+00,1.499976159719572e+00,3.899327176276906e-06
2.203644504794850e-04,3.000000000000000e+00,1.499976174782311e+00,3.899327163043912e-06
2.205644504794850e-04,3.000000000000000e+00,1.499976159700775e+00,3.899327176235325e-06
2.207644504794850e-04,3.000000000000000e+00,1.499976174756100e+00,3.899327163100424e-06
2.209644504794850e-04,3.000000000000000e+00,1.499976159738285e+00,3.899327176317975e-06
2.211644504794850e-04,3.000000000000000e+00,1.499976174759663e+00,3.899327163109708e-06
2.213644504794850e-04,3.000000000000000e+00,1.499976159757236e+00,3.899327176161563e-06
2.215644504794850e-04,3.000000000000000e+00,1.499976174739280e+00,3.899327163135345e-06
2.217644504794850e-04,3.000000000000000e+00,1.499976159767047e+00,3.899327176252633e-06
2.219644504794850e-04,3.000000000000000e+00,1.499976174744032e+00,3.899327163160494e-06
2.221644504794851e-04,3.000000000000000e+00,1.499976159793092e+00,3.899327176239672e-06
2.223644504794851e-04,3.000000000000000e+00,1.499976174702650e+00,3.899327163212960e-06
2.225644504794851e-04,3.000000000000000e+00,1.499976159819612e+00,3.899327176168699e-06
2.227644504794851e-04,3.000000000000000e+00,1.499976174674292e+00,3.899327163237228e-06
2.229644504794851e-04,3.000000000000000e+00,1.499976159816838e+00,3.899327176123835e-06
2.231644504794851e-04,3.000000000000000e+00,1.499976174677180e+00,3.899327163284781e-06
2.233644504794851e-04,3.000000000000000e+00,1.499976159825683e+00,3.899327176126451e-06
2.235644504794851e-04,3.000000000000000e+00,1.499976174636307e+00,3.899327163282102e-06
2.237644504794851e-04,3.000000000000000e+00,1.499976159840351e+00,3.899327176092656e-06
2.239644504794851e-04,3.000000000000000e+00,1.499976174619502e+00,3.899327163322164e-06
2.241644504794851e-04,3.000000000000000e+00,1.499976159863694e+00,3.899327176064310e-06
2.243644504794851e-04,3.000000000000000e+00,1.499976174655601e+00,3.899327163370654e-06
2.245644504794851e-04,3.000000000000000e+00,1.499976159868638e+00,3.899327175994947e-06
2.247644504794851e-04,3.000000000000000e+00,1.499976174618569e+00,3.899327163405527e-06
2.249644504794851e-04,3.000000000000000e+00,1.499976159907085e+00,3.899327175997149e-06
2.251644504794851e-04,3.000000000000000e+00,1.499976174606374e+00,3.899327163438585e-06
2.253644504794851e-04,3.000000000000000e+00,1.499976159936131e+00,3.899327175964742e-06
2.255644504794851e-04,3.000000000000000e+00,1.499976174604694e+00,3.899327163446317e-06
2.257644504794851e-04,3.000000000000000e+00,1.499976159944380e+00,3.899327175945507e-06
2.259644504794851e-04,3.000000000000000e+00,1.499976174590081e+00,3.899327163478795e-06
2.261644504794851e-04,3.000000000000000e+00,1.499976159971706e+00,3.899327175908948e-06
2.263644504794852e-04,3.000000000000000e+00,1.499976174588788e+00,3.899327163511979e-06
2.265644504794852e-04,3.000000000000000e+00,1.499976159987291e+00,3.899327175884185e-06
2.267644504794852e-04,3.000000000000000e+00,1.499976174558060e+00,3.899327163447084e-06
2.269644504794852e-04,3.000000000000000e+00,1.499976159971488e+00,3.899327175865839e-06
2.271644504794852e-04,3.000000000000000e+00,1.499976174543288e+00,3.899327163572095e-06
2.273644504794852e-04,3.000000000000000e+00,1.499976159999658e+00,3.899327175843795e-06
2.275644504794852e-04,3.000000000000000e+00,1.499976174523480e+00,3.899327163358586e-06
2.277644504794852e-04,3.000000000000000e+00,1.499976160044047e+00,3.899327175811218e-06
2.279644504794852e-04,3.000000000000000e+00,1.499976174499561e+00,3.899327163635287e-06
2.281644504794852e-04,3.000000000000000e+00,1.499976160044203e+00,3.899327175774692e-06
2.283644504794852e-04,3.000000000000000e+00,1.499976174437515e+00,3.899327163411936e-06
2.285644504794852e-04,3.000000000000000e+00,1.499976160060411e+00,3.899327175755118e-06
2.287644504794852e-04,3.000000000000000e+00,1.499976174472534e+00,3.899327163435286e-06
2.289644504794852e-04,3.000000000000000e+00,1.499976160058400e+00,3.899327175711634e-06
2.291644504794852e-04,3.000000000000000e+00,1.499976174457076e+00,3.899327163487428e-06
2.293644504794852e-04,3.000000000000000e+00,1.499976160072761e+00,3.899327175685464e-06
2.295644504794852e-04,3.000000000000000e+00,1.499976174436856e+00,3.899327163551921e-06
2.297644504794852e-04,3.000000000000000e+00,1.499976160112915e+00,3.899327175638498e-06
2.299644504794852e-04,3.000000000000000e+00,1.499976174428253e+00,3.899327163565613e-06
2.301644504794852e-04,3.000000000000000e+00,1.499976160088510e+00,3.899327175618052e-06
2.303644504794852e-04,3.000000000000000e+00,1.499976174384410e+00,3.899327163587498e-06
2.305644504794853e-04,3.000000000000000e+00,1.499976160098886e+00,3.899327175586331e-06
2.307644504794853e-04,3.000000000000000e+00,1.499976174405329e+00,3.899327163617446e-06
2.309644504794853e-04,3.000000000000000e+00,1.499976160125520e+00,3.899327175545427e-06
2.311644504794853e-04,3.000000000000000e+00,1.499976174399981e+00,3.899327163655802e-06
2.313644504794853e-04,3.000000000000000e+00,1.499976160143532e+00,3.899327175525865e-06
2.315644504794853e-04,3.000000000000000e+00,1.499976174356928e+00,3.899327163673139e-06
2.317644504794853e-04,3.000000000000000e+00,1.499976160171815e+00,3.899327175510904e-06
2.319644504794853e-04,3.000000000000000e+00,1.499976174319323e+00,3.899327163697932e-06
2.321644504794853e-04,3.000000000000000e+00,1.499976160197976e+00,3.899327175503975e-06
2.323644504794853e-04,3.000000000000000e+00,1.499976174326088e+00,3.899327163734944e-06
2.325644504794853e-04,3.000000000000000e+00,1.499976160195508e+00,3.899327175443778e-06
2.327644504794853e-04,3.000000000000000e+00,1.499976174340702e+00,3.899327163771256e-06
2.329644504794853e-04,3.000000000000000e+00,1.499976160226889e+00,3.899327175418757e-06
2.331644504794853e-04,3.000000000000000e+00,1.499976174302449e+00,3.899327163786803e-06
2.333644504794853e-04,3.000000000000000e+00,1.499976160228706e+00,3.899327175420480e-06
2.335644504794853e-04,3.000000000000000e+00,1.499976174273949e+00,3.899327163803798e-06
2.337644504794853e-04,3.000000000000000e+00,1.499976160265260e+00,3.899327175388848e-06
2.339644504794853e-04,3.000000000000000e+00,1.499976174296577e+00,3.899327163817078e-06
2.341644504794853e-04,3.000000000000000e+00,1.499976160257525e+00,3.899327175383327e-06
2.343644504794853e-04,3.000000000000000e+00,1.499976174259681e+00,3.899327163816659e-06
2.345644504794854e-04,3.000000000000000e+00,1.499976160272985e+00,3.899327175359226e-06
2.347644504794854e-04,3.000000000000000e+00,1.499976174242751e+00,3.899327163864588e-06
2.349644504794854e-04,3.000000000000000e+00,1.499976160291649e+00,3.899327175313850e-06
2.351644504794854e-04,3.000000000000000e+00,1.499976174240845e+00,3.899327163879830e-06
2.353644504794854e-04,3.000000000000000e+00,1.499976160317093e+00,3.899327175267702e-06
2.355644504794854e-04,3.000000000000000e+00,1.499976174208600e+00,3.899327163892218e-06
2.357644504794854e-04,3.000000000000000e+00,1.499976160344429e+00,3.899327175290121e-06
2.359644504794854e-04,3.000000000000000e+00,1.499976174192257e+00,3.899327163910343e-06
2.361644504794854e-04,3.000000000000000e+00,1.499976160336279e+00,3.899327175261083e-06
2.363644504794854e-04,3.000000000000000e+00,1.499976174186977e+00,3.899327163971649e-06
2.365644504794854e-04,3.000000000000000e+00,1.499976160356641e+00,3.899327175239311e-06
2.367644504794854e-04,3.000000000000000e+00,1.499976174167112e+00,3.899327164004009e-06
2.369644504794854e-04,3.000000000000000e+00,1.499976160374335e+00,3.899327175198814e-06
2.371644504794854e-04,3.000000000000000e+00,1.499976174159115e+00,3.899327163984613e-06
2.373644504794854e-04,3.000000000000000e+00,1.499976160394014e+00,3.899327175202770e-06
2.375644504794854e-04,3.000000000000000e+00,1.499976174175296e+00,3.899327164005914e-06
2.377644504794854e-04,3.000000000000000e+00,1.499976160394282e+00,3.899327175175050e-06
2.379644504794854e-04,3.000000000000000e+00,1.499976174152391e+00,3.899327164026141e-06
2.381644504794854e-04,3.000000000000000e+00,1.499976160409777e+00,3.899327175194455e-06
2.383644504794854e-04,3.000000000000000e+00,1.499976174129553e+00,3.899327164058795e-06
2.385644504794854e-04,3.000000000000000e+00,1.499976160430502e+00,3.899327175135644e-06
2.387644504794855e-04,3.000000000000000e+00,1.499976174108755e+00,3.899327164062535e-06
2.389644504794855e-04,3.000000000000000e+00,1.499976160439212e+00,3.899327175115733e-06
2.391644504794855e-04,3.000000000000000e+00,1.499976174112851e+00,3.899327164097753e-06
2.393644504794855e-04,3.000000000000000e+00,1.499976160471589e+00,3.899327175093858e-06
2.395644504794855e-04,3.000000000000000e+00,1.499976174063633e+00,3.899327164109493e-06
2.397644504794855e-04,3.000000000000000e+00,1.499976160519273e+00,3.899327175102860e-06
2.399644504794855e-04,3.000000000000000e+00,1.499976174080107e+00,3.899327164111503e-06
2.401644504794855e-04,3.000000000000000e+00,1.499976160539779e+00,3.899327175072809e-06
2.403644504794855e-04,3.000000000000000e+00,1.499976174048085e+00,3.899327164133580e-06
2.405644504794855e-04,3.000000000000000e+00,1.499976160497296e+00,3.899327175038992e-06
2.407644504794855e-04,3.000000000000000e+00,1.499976174048019e+00,3.899327164160730e-06
2.409644504794855e-04,3.000000000000000e+00,1.499976160531864e+00,3.899327175019985e-06
2.411644504794855e-04,3.000000000000000e+00,1.499976174046951e+00,3.899327164180738e-06
2.413644504794855e-04,3.000000000000000e+00,1.499976160572188e+00,3.899327175016120e-06
2.415644504794855e-04,3.000000000000000e+00,1.499976174021831e+00,3.899327164232935e-06
2.417644504794855e-04,3.000000000000000e+00,1.499976160558968e+00,3.899327174995689e-06
2.419644504794855e-04,3.000000000000000e+00,1.499976174001046e+00,3.899327164216746e-06
2.421644504794855e-04,3.000000000000000e+00,1.499976160546687e+00,3.899327174989024e-06
2.423644504794855e-04,3.000000000000000e+00,1.499976173962065e+00,3.899327164224598e-06
2.425644504794855e-04,3.000000000000000e+00,1.499976160570414e+00,3.899327174963376e-06
2.427644504794856e-04,3.000000000000000e+00,1.499976173952757e+00,3.899327164221379e-06
2.429644504794856e-04,3.000000000000000e+00,1.499976160594947e+00,3.899327174952617e-06
2.431644504794856e-04,3.000000000000000e+00,1.499976173951254e+00,3.899327164253736e-06
2.433644504794856e-04,3.000000000000000e+00,1.499976160607630e+00,3.899327174908798e-06
2.435644504794856e-04,3.000000000000000e+00,1.499976173948967e+00,3.899327164286717e-06
2.437644504794856e-04,3.000000000000000e+00,1.499976160625781e+00,3.899327174912453e-06
2.439644504794856e-04,3.000000000000000e+00,1.499976173925570e+00,3.899327164299036e-06
2.441644504794856e-04,3.000000000000000e+00,1.499976160626179e+00,3.899327174885894e-06
2.443644504794856e-04,3.000000000000000e+00,1.499976173890699e+00,3.899327164311990e-06
2.445644504794856e-04,3.000000000000000e+00,1.499976160645173e+00,3.899327174887009e-06
2.447644504794856e-04,3.000000000000000e+00,1.499976173889960e+00,3.899327164331494e-06
2.449644504794856e-04,3.000000000000000e+00,1.499976160664826e+00,3.899327174850517e-06
2.451644504794856e-04,3.000000000000000e+00,1.499976173862395e+00,3.899327164363035e-06
2.453644504794856e-04,3.000000000000000e+00,1.499976160665691e+00,3.899327174836636e-06
2.455644504794856e-04,3.000000000000000e+00,1.499976173844645e+00,3.899327164349520e-06
2.457644504794856e-04,3.000000000000000e+00,1.499976160712502e+00,3.899327174824105e-06
2.459644504794856e-04,3.000000000000000e+00,1.499976173841518e+00,3.899327164389340e-06
2.461644504794856e-04,3.000000000000000e+00,1.499976160707938e+00,3.899327174812309e-06
2.463644504794856e-04,3.000000000000000e+00,1.499976173851083e+00,3.899327164379701e-06
2.465644504794856e-04,3.000000000000000e+00,1.499976160732220e+00,3.899327174777450e-06
2.467644504794856e-04,3.000000000000000e+00,1.499976173841684e+00,3.899327164422562e-06
2.469644504794857e-04,3.000000000000000e+00,1.499976160718266e+00,3.899327174744449e-06
2.471644504794857e-04,3.000000000000000e+00,1.499976173814899e+00,3.899327164427450e-06
2.473644504794857e-04,3.000000000000000e+00,1.499976160721843e+00,3.899327174752695e-06
2.475644504794857e-04,3.000000000000000e+00,1.499976173780885e+00,3.899327164433112e-06
2.477644504794857e-04,3.000000000000000e+00,1.499976160775116e+00,3.899327174731232e-06
2.479644504794857e-04,3.000000000000000e+00,1.499976173779886e+00,3.899327164463618e-06
2.481644504794857e-04,3.000000000000000e+00,1.499976160768344e+00,3.899327174715689e-06
2.483644504794857e-04,3.000000000000000e+00,1.499976173755761e+00,3.899327164477874e-06
2.485644504794857e-04,3.000000000000000e+00,1.499976160788415e+00,3.899327174700776e-06
2.487644504794857e-04,3.000000000000000e+00,1.499976173738528e+00,3.899327164496896e-06
2.489644504794857e-04,3.000000000000000e+00,1.499976160808942e+00,3.899327174685755e-06
2.491644504794857e-04,3.000000000000000e+00,1.499976173733139e+00,3.899327164509821e-06
2.493644504794857e-04,3.000000000000000e+00,1.499976160817844e+00,3.899327174658707e-06
2.495644504794857e-04,3.000000000000000e+00,1.499976173710385e+00,3.899327164502296e-06
2.497644504794857e-04,3.000000000000000e+00,1.499976160846826e+00,3.899327174637387e-06
2.499644504794857e-04,3.000000000000000e+00,1.499976173747429e+00,3.899327164524234e-06
2.501644504794857e-04,3.000000000000000e+00,1.499976160837467e+00,3.899327174619543e-06
2.503644504794857e-04,3.000000000000000e+00,1.499976173728301e+00,3.899327164550299e-06
2.505644504794857e-04,3.000000000000000e+00,1.499976160865189e+00,3.899327174628854e-06
2.507644504794857e-04,3.000000000000000e+00,1.499976173690683e+00,3.899327164571743e-06
2.509644504794858e-04,3.000000000000000e+00,1.499976160895155e+00,3.899327174622610e-06
2.511644504794858e-04,3.000000000000000e+00,1.499976173683447e+00,3.899327164595414e-06
2.513644504794858e-04,3.000000000000000e+00,1.499976160897477e+00,3.899327174615345e-06
2.515644504794858e-04,3.000000000000000e+00,1.499976173682293e+00,3.899327164601105e-06
2.517644504794858e-04,3.000000000000000e+00,1.499976160938933e+00,3.899327174583715e-06
2.519644504794858e-04,3.000000000000000e+00,1.499976173647134e+00,3.899327164611663e-06
2.521644504794858e-04,3.000000000000000e+00,1.499976160926067e+00,3.899327174564479e-06
2.523644504794858e-04,3.000000000000000e+00,1.499976173652311e+00,3.899327164654255e-06
2.525644504794858e-04,3.000000000000000e+00,1.499976160964561e+00,3.899327174545151e-06
2.527644504794858e-04,3.000000000000000e+00,1.499976173627917e+00,3.899327164633316e-06
2.529644504794858e-04,3.000000000000000e+00,1.499976160946745e+00,3.899327174528521e-06
2.531644504794858e-04,3.000000000000000e+00,1.499976173602151e+00,3.899327164639098e-06
2.533644504794858e-04,3.000000000000000e+00,1.499976160969986e+00,3.899327174505617e-06
2.535644504794858e-04,3.000000000000000e+00,1.499976173620635e+00,3.899327164655989e-06
2.537644504794858e-04,3.000000000000000e+00,1.499976160991571e+00,3.899327174509748e-06
2.539644504794858e-04,3.000000000000000e+00,1.499976173583668e+00,3.899327164671760e-06
2.541644504794858e-04,3.000000000000000e+00,1.499976160978541e+00,3.899327174477317e-06
2.543644504794858e-04,3.000000000000000e+00,1.499976173579706e+00,3.899327164688940e-06
2.545644504794858e-04,3.000000000000000e+00,1.499976161006259e+00,3.899327174487417e-06
2.547644504794858e-04,3.000000000000000e+00,1.499976173557071e+00,3.899327164719417e-06
2.549644504794858e-04,3.000000000000000e+00,1.499976161043146e+00,3.899327174475300e-06
2.551644504794859e-04,3.000000000000000e+00,1.499976173507899e+00,3.899327164740644e-06
2.553644504794859e-04,3.000000000000000e+00,1.499976161005615e+00,3.899327174440217e-06
2.555644504794859e-04,3.000000000000000e+00,1.499976173542060e+00,3.899327164771099e-06
2.557644504794859e-04,3.000000000000000e+00,1.499976161045188e+00,3.899327174430131e-06
2.559644504794859e-04,3.000000000000000e+00,1.499976173522795e+00,3.899327164759418e-06
2.561644504794859e-04,3.000000000000000e+00,1.499976161038949e+00,3.899327174416262e-06
2.563644504794859e-04,3.000000000000000e+00,1.499976173502727e+00,3.899327164783373e-06
2.565644504794859e-04,3.000000000000000e+00,1.499976161061774e+00,3.899327174416936e-06
2.567644504794859e-04,3.000000000000000e+00,1.499976173506095e+00,3.899327164781779e-06
2.569644504794859e-04,3.000000000000000e+00,1.499976161103167e+00,3.899327174411544e-06
2.571644504794859e-04,3.000000000000000e+00,1.499976173486635e+00,3.899327164781362e-06
2.573644504794859e-04,3.000000000000000e+00,1.499976161097457e+00,3.899327174388986e-06
2.575644504794859e-04,3.000000000000000e+00,1.499976173473105e+00,3.899327164820449e-06
2.577644504794859e-04,3.000000000000000e+00,1.499976161123254e+00,3.899327174384129e-06
2.579644504794859e-04,3.000000000000000e+00,1.499976173433293e+00,3.899327164818164e-06
2.581644504794859e-04,3.000000000000000e+00,1.499976161110603e+00,3.899327174364664e-06
2.583644504794859e-04,3.000000000000000e+00,1.499976173459712e+00,3.899327164840828e-06
2.585644504794859e-04,3.000000000000000e+00,1.499976161159859e+00,3.899327174349544e-06
2.587644504794859e-04,3.000000000000000e+00,1.499976173424072e+00,3.899327164840844e-06
2.589644504794859e-04,3.000000000000000e+00,1.499976161183323e+00,3.899327174323961e-06
2.591644504794859e-04,3.000000000000000e+00,1.499976173428234e+00,3.899327164878585e-06
2.593644504794860e-04,3.000000000000000e+00,1.499976161144465e+00,3.899327174315554e-06
2.595644504794860e-04,3.000000000000000e+00,1.499976173394705e+00,3.899327164857113e-06
2.597644504794860e-04,3.000000000000000e+00,1.499976161193566e+00,3.899327174333734e-06
2.599644504794860e-04,3.000000000000000e+00,1.499976173380906e+00,3.899327164899857e-06
2.601644504794860e-04,3.000000000000000e+00,1.499976161170884e+00,3.899327174298043e-06
2.603644504794860e-04,3.000000000000000e+00,1.499976173372860e+00,3.899327164881990e-06
2.605644504794860e-04,3.000000000000000e+00,1.499976161213080e+00,3.899327174285805e-06
2.607644504794860e-04,3.000000000000000e+00,1.499976173367360e+00,3.899327164893546e-06
2.609644504794860e-04,3.000000000000000e+00,1.499976161215630e+00,3.899327174277202e-06
2.611644504794860e-04,3.000000000000000e+00,1.499976173358769e+00,3.899327164915465e-06
2.613644504794860e-04,3.000000000000000e+00,1.499976161222576e+00,3.899327174241397e-06
2.615644504794860e-04,3.000000000000000e+00,1.499976173341901e+00,3.899327164940538e-06
2.617644504794860e-04,3.000000000000000e+00,1.499976161245062e+00,3.899327174247236e-06
2.619644504794860e-04,3.000000000000000e+00,1.499976173313239e+00,3.899327164934173e-06
2.621644504794860e-04,3.000000000000000e+00,1.499976161264994e+00,3.899327174236642e-06
2.623644504794860e-04,3.000000000000000e+00,1.499976173310514e+00,3.899327164959246e-06
2.625644504794860e-04,3.000000000000000e+00,1.499976161271767e+00,3.899327174230162e-06
2.627644504794860e-04,3.000000000000000e+00,1.499976173322174e+00,3.899327164973945e-06
2.629644504794860e-04,3.000000000000000e+00,1.499976161302110e+00,3.899327174206947e-06
2.631644504794860e-04,3.000000000000000e+00,1.499976173289922e+00,3.899327164981658e-06
2.633644504794861e-04,3.000000000000000e+00,1.499976161307230e+00,3.899327174190882e-06
2.635644504794861e-04,3.000000000000000e+00,1.499976173260155e+00,3.899327165020691e-06
2.637644504794861e-04,3.000000000000000e+00,1.499976161296746e+00,3.899327174192641e-06
2.639644504794861e-04,3.000000000000000e+00,1.499976173258640e+00,3.899327165002923e-06
2.641644504794861e-04,3.000000000000000e+00,1.499976161303754e+00,3.899327174200640e-06
2.643644504794861e-04,3.000000000000000e+00,1.499976173239560e+00,3.899327165057510e-06
2.645644504794861e-04,3.000000000000000e+00,1.499976161318084e+00,3.899327174166288e-06
2.647644504794861e-04,3.000000000000000e+00,1.499976173231919e+00,3.899327165041911e-06
2.649644504794861e-04,3.000000000000000e+00,1.499976161338457e+00,3.899327174173740e-06
2.651644504794861e-04,3.000000000000000e+00,1.499976173185681e+00,3.899327165059156e-06
2.653644504794861e-04,3.000000000000000e+00,1.499976161335458e+00,3.899327174145880e-06
2.655644504794861e-04,3.000000000000000e+00,1.499976173204270e+00,3.899327165057596e-06
2.657644504794861e-04,3.000000000000000e+00,1.499976161344342e+00,3.899327174120886e-06
2.659644504794861e-04,3.000000000000000e+00,1.499976173159328e+00,3.899327165090413e-06
2.661644504794861e-04,3.000000000000000e+00,1.499976161382218e+00,3.899327174108237e-06
2.663644504794861e-04,3.000000000000000e+00,1.499976173156252e+00,3.899327165114681e-06
2.665644504794861e-04,3.000000000000000e+00,1.499976161390894e+00,3.899327174105328e-06
2.667644504794861e-04,3.000000000000000e+00,1.499976173177496e+00,3.899327165093700e-06
2.669644504794861e-04,3.000000000000000e+00,1.499976161391702e+00,3.899327174117157e-06
2.671644504794861e-04,3.000000000000000e+00,1.499976173135503e+00,3.899327165110476e-06
2.673644504794861e-04,3.000000000000000e+00,1.499976161406183e+00,3.899327174090807e-06
2.675644504794862e-04,3.000000000000000e+00,1.499976173122256e+00,3.899327165134550e-06
2.677644504794862e-04,3.000000000000000e+00,1.499976161417766e+00,3.899327174090563e-06
2.679644504794862e-04,3.000000000000000e+00,1.499976173150954e+00,3.899327165140262e-06
2.681644504794862e-04,3.000000000000000e+00,1.499976161438821e+00,3.899327174067603e-06
2.683644504794862e-04,3.000000000000000e+00,1.499976173111220e+00,3.899327165136633e-06
2.685644504794862e-04,3.000000000000000e+00,1.499976161446713e+00,3.899327174055763e-06
2.687644504794862e-04,3.000000000000000e+00,1.499976173115916e+00,3.899327165149662e-06
2.689644504794862e-04,3.000000000000000e+00,1.499976161476004e+00,3.899327174049959e-06
2.691644504794862e-04,3.000000000000000e+00,1.499976173103958e+00,3.899327165171895e-06
2.693644504794862e-04,3.000000000000000e+00,1.499976161512328e+00,3.899327174124616e-06
2.695644504794862e-04,3.000000000000000e+00,1.499976173089639e+00,3.899327165190989e-06
2.697644504794862e-04,3.000000000000000e+00,1.499976161513129e+00,3.899327174002950e-06
2.699644504794862e-04,3.000000000000000e+00,1.499976173108456e+00,3.899327165195329e-06
2.701644504794862e-04,3.000000000000000e+00,1.499976161549327e+00,3.899327174085272e-06
2.703644504794862e-04,3.000000000000000e+00,1.499976173070757e+00,3.899327165216298e-06
2.705644504794862e-04,3.000000000000000e+00,1.499976161530580e+00,3.899327174110843e-06
2.707644504794862e-04,3.000000000000000e+00,1.499976173050002e+00,3.899327165226405e-06
2.709644504794862e-04,3.000000000000000e+00,1.499976161547686e+00,3.899327174077056e-06
2.711644504794862e-04,3.000000000000000e+00,1.499976173056870e+00,3.899327165237617e-06
2.713644504794862e-04,3.000000000000000e+00,1.499976161543439e+00,3.899327174029541e-06
2.715644504794863e-04,3.000000000000000e+00,1.499976173034614e+00,3.899327165252558e-06
2.717644504794863e-04,3.000000000000000e+00,1.499976161568168e+00,3.899327174007967e-06
2.719644504794863e-04,3.000000000000000e+00,1.499976173008307e+00,3.899327165261466e-06
2.721644504794863e-04,3.000000000000000e+00,1.499976161586505e+00,3.899327174038460e-06
2.723644504794863e-04,3.000000000000000e+00,1.499976173014936e+00,3.899327165278457e-06
2.725644504794863e-04,3.000000000000000e+00,1.499976161603196e+00,3.899327174004623e-06
2.727644504794863e-04,3.000000000000000e+00,1.499976172987165e+00,3.899327165295482e-06
2.729644504794863e-04,3.000000000000000e+00,1.499976161589478e+00,3.899327174003705e-06
2.731644504794863e-04,3.000000000000000e+00,1.499976172980230e+00,3.899327165297121e-06
2.733644504794863e-04,3.000000000000000e+00,1.499976161622284e+00,3.899327173997106e-06
2.735644504794863e-04,3.000000000000000e+00,1.499976172981460e+00,3.899327165307627e-06
2.737644504794863e-04,3.000000000000000e+00,1.499976161624323e+00,3.899327173973058e-06
2.739644504794863e-04,3.000000000000000e+00,1.499976172957554e+00,3.899327165343243e-06
2.741644504794863e-04,3.000000000000000e+00,1.499976161632065e+00,3.899327173957597e-06
2.743644504794863e-04,3.000000000000000e+00,1.499976172924751e+00,3.899327165341370e-06
2.745644504794863e-04,3.000000000000000e+00,1.499976161646891e+00,3.899327173938810e-06
2.747644504794863e-04,3.000000000000000e+00,1.499976172941816e+00,3.899327165357468e-06
2.749644504794863e-04,3.000000000000000e+00,1.499976161671580e+00,3.899327173952202e-06
2.751644504794863e-04,3.000000000000000e+00,1.499976172904064e+00,3.899327165359175e-06
2.753644504794863e-04,3.000000000000000e+00,1.499976161681771e+00,3.899327173947310e-06
2.755644504794863e-04,3.000000000000000e+00,1.499976172907151e+00,3.899327165380591e-06
2.757644504794864e-04,3.000000000000000e+00,1.499976161704029e+00,3.899327173918929e-06
2.759644504794864e-04,3.000000000000000e+00,1.499976172899038e+00,3.899327165391662e-06
2.761644504794864e-04,3.000000000000000e+00,1.499976161702336e+00,3.899327173914505e-06
2.763644504794864e-04,3.000000000000000e+00,1.499976172893783e+00,3.899327165405559e-06
2.765644504794864e-04,3.000000000000000e+00,1.499976161699987e+00,3.899327173897431e-06
2.767644504794864e-04,3.000000000000000e+00,1.499976172866899e+00,3.899327165432568e-06
2.769644504794864e-04,3.000000000000000e+00,1.499976161708582e+00,3.899327173877176e-06
2.771644504794864e-04,3.000000000000000e+00,1.499976172853649e+00,3.899327165418631e-06
2.773644504794864e-04,3.000000000000000e+00,1.499976161728959e+00,3.899327173871287e-06
2.775644504794864e-04,3.000000000000000e+00,1.499976172855089e+00,3.899327165434610e-06
2.777644504794864e-04,3.000000000000000e+00,1.499976161745236e+00,3.899327173866669e-06
2.779644504794864e-04,3.000000000000000e+00,1.499976172860348e+00,3.899327165464118e-06
2.781644504794864e-04,3.000000000000000e+00,1.499976161783001e+00,3.899327173846344e-06
2.783644504794864e-04,3.000000000000000e+00,1.499976172850462e+00,3.899327165450076e-06
2.785644504794864e-04,3.000000000000000e+00,1.499976161786198e+00,3.899327173842768e-06
2.787644504794864e-04,3.000000000000000e+00,1.499976172803875e+00,3.899327165466061e-06
2.789644504794864e-04,3.000000000000000e+00,1.499976161784976e+00,3.899327173849210e-06
2.791644504794864e-04,3.000000000000000e+00,1.499976172803021e+00,3.899327165473560e-06
2.793644504794864e-04,3.000000000000000e+00,1.499976161775799e+00,3.899327173826843e-06
2.795644504794864e-04,3.000000000000000e+00,1.499976172760765e+00,3.899327165464686e-06
2.797644504794865e-04,3.000000000000000e+00,1.499976161790827e+00,3.899327173816031e-06
2.799644504794865e-04,3.000000000000000e+00,1.499976172757831e+00,3.899327165492027e-06
2.801644504794865e-04,3.000000000000000e+00,1.499976161814738e+00,3.899327173834632e-06
2.803644504794865e-04,3.000000000000000e+00,1.499976172755206e+00,3.899327165494494e-06
2.805644504794865e-04,3.000000000000000e+00,1.499976161839078e+00,3.899327173832138e-06
2.807644504794865e-04,3.000000000000000e+00,1.499976172727658e+00,3.899327165516767e-06
2.809644504794865e-04,3.000000000000000e+00,1.499976161824113e+00,3.899327173807458e-06
2.811644504794865e-04,3.000000000000000e+00,1.499976172743931e+00,3.899327165530124e-06
2.813644504794865e-04,3.000000000000000e+00,1.499976161854328e+00,3.899327173776656e-06
2.815644504794865e-04,3.000000000000000e+00,1.499976172729016e+00,3.899327165513453e-06
2.817644504794865e-04,3.000000000000000e+00,1.499976161856074e+00,3.899327173762073e-06
2.819644504794865e-04,3.000000000000000e+00,1.499976172715827e+00,3.899327165535346e-06
2.821644504794865e-04,3.000000000000000e+00,1.499976161870967e+00,3.899327173729416e-06
2.823644504794865e-04,3.000000000000000e+00,1.499976172707352e+00,3.899327165559377e-06
2.825644504794865e-04,3.000000000000000e+00,1.499976161853808e+00,3.899327173742852e-06
2.827644504794865e-04,3.000000000000000e+00,1.499976172727544e+00,3.899327165560308e-06
2.829644504794865e-04,3.000000000000000e+00,1.499976161885206e+00,3.899327173738405e-06
2.831644504794865e-04,3.000000000000000e+00,1.499976172679149e+00,3.899327165569156e-06
2.833644504794865e-04,3.000000000000000e+00,1.499976161920241e+00,3.899327173712778e-06
2.835644504794865e-04,3.000000000000000e+00,1.499976172652549e+00,3.899327165555945e-06
2.837644504794865e-04,3.000000000000000e+00,1.499976161931180e+00,3.899327173743711e-06
2.839644504794866e-04,3.000000000000000e+00,1.499976172627335e+00,3.899327165576342e-06
2.841644504794866e-04,3.000000000000000e+00,1.499976161902105e+00,3.899327173708697e-06
2.843644504794866e-04,3.000000000000000e+00,1.499976172639204e+00,3.899327165580219e-06
2.845644504794866e-04,3.000000000000000e+00,1.499976161930097e+00,3.899327173708843e-06
2.847644504794866e-04,3.000000000000000e+00,1.499976172635461e+00,3.899327165591715e-06
2.849644504794866e-04,3.000000000000000e+00,1.499976161987843e+00,3.899327173682304e-06
2.851644504794866e-04,3.000000000000000e+00,1.499976172593801e+00,3.899327165582375e-06
2.853644504794866e-04,3.000000000000000e+00,1.499976161955172e+00,3.899327173717474e-06
2.855644504794866e-04,3.000000000000000e+00,1.499976172619124e+00,3.899327165608768e-06
2.857644504794866e-04,3.000000000000000e+00,1.499976161957723e+00,3.899327173675236e-06
2.859644504794866e-04,3.000000000000000e+00,1.499976172596517e+00,3.899327165633357e-06
2.861644504794866e-04,3.000000000000000e+00,1.499976161977420e+00,3.899327173680931e-06
2.863644504794866e-04,3.000000000000000e+00,1.499976172588481e+00,3.899327165623792e-06
2.865644504794866e-04,3.000000000000000e+00,1.499976161981980e+00,3.899327173685006e-06
2.867644504794866e-04,3.000000000000000e+00,1.499976172564248e+00,3.899327165641455e-06
2.869644504794866e-04,3.000000000000000e+00,1.499976161992962e+00,3.899327173639459e-06
2.871644504794866e-04,3.000000000000000e+00,1.499976172562803e+00,3.899327165663532e-06
2.873644504794866e-04,3.000000000000000e+00,1.499976162032632e+00,3.899327173642784e-06
2.875644504794866e-04,3.000000000000000e+00,1.499976172534796e+00,3.899327165670683e-06
2.877644504794866e-04,3.000000000000000e+00,1.499976162033875e+00,3.899327173619336e-06
2.879644504794866e-04,3.000000000000000e+00,1.499976172544508e+00,3.899327165692757e-06
2.881644504794867e-04,3.000000000000000e+00,1.499976162035590e+00,3.899327173642020e-06
2.883644504794867e-04,3.000000000000000e+00,1.499976172530606e+00,3.899327165681609e-06
2.885644504794867e-04,3.000000000000000e+00,1.499976162051690e+00,3.899327173631592e-06
2.887644504794867e-04,3.000000000000000e+00,1.499976172534247e+00,3.899327165700580e-06
2.889644504794867e-04,3.000000000000000e+00,1.499976162074861e+00,3.899327173615990e-06
2.891644504794867e-04,3.000000000000000e+00,1.499976172540894e+00,3.899327165685300e-06
2.893644504794867e-04,3.000000000000000e+00,1.499976162095330e+00,3.899327173609563e-06
2.895644504794867e-04,3.000000000000000e+00,1.499976172492207e+00,3.899327165692541e-06
2.897644504794867e-04,3.000000000000000e+00,1.499976162102000e+00,3.899327173591790e-06
2.899644504794867e-04,3.000000000000000e+00,1.499976172516403e+00,3.899327165710635e-06
2.901644504794867e-04,3.000000000000000e+00,1.499976162113291e+00,3.899327173702368e-06
2.903644504794867e-04,3.000000000000000e+00,1.499976172479242e+00,3.899327165739341e-06
2.905644504794867e-04,3.000000000000000e+00,1.499976162122407e+00,3.899327173653783e-06
2.907644504794867e-04,3.000000000000000e+00,1.499976172449379e+00,3.899327165728377e-06
2.909644504794867e-04,3.000000000000000e+00,1.499976162107656e+00,3.899327173660597e-06
2.911644504794867e-04,3.000000000000000e+00,1.499976172440593e+00,3.899327165738378e-06
2.913644504794867e-04,3.000000000000000e+00,1.499976162134096e+00,3.899327173653186e-06
2.915644504794867e-04,3.000000000000000e+00,1.499976172455116e+00,3.899327165773799e-06
2.917644504794867e-04,3.000000000000000e+00,1.499976162146018e+00,3.899327173658980e-06
2.919644504794867e-04,3.000000000000000e+00,1.499976172428040e+00,3.899327165794204e-06
2.921644504794868e-04,3.000000000000000e+00,1.499976162124297e+00,3.899327173638292e-06
2.923644504794868e-04,3.000000000000000e+00,1.499976172438062e+00,3.899327165785076e-06
2.925644504794868e-04,3.000000000000000e+00,1.499976162179487e+00,3.899327173606192e-06
2.927644504794868e-04,3.000000000000000e+00,1.499976172417947e+00,3.899327165818669e-06
2.929644504794868e-04,3.000000000000000e+00,1.499976162164940e+00,3.899327173583840e-06
2.931644504794868e-04,3.000000000000000e+00,1.499976172377191e+00,3.899327165821593e-06
2.933644504794868e-04,3.000000000000000e+00,1.499976162181184e+00,3.899327173603709e-06
2.935644504794868e-04,3.000000000000000e+00,1.499976172394110e+00,3.899327165802928e-06
2.937644504794868e-04,3.000000000000000e+00,1.499976162220140e+00,3.899327173592219e-06
2.939644504794868e-04,3.000000000000000e+00,1.499976172364218e+00,3.899327165836443e-06
2.941644504794868e-04,3.000000000000000e+00,1.499976162210461e+00,3.899327173584190e-06
2.943644504794868e-04,3.000000000000000e+00,1.499976172353856e+00,3.899327165841041e-06
2.945644504794868e-04,3.000000000000000e+00,1.499976162201202e+00,3.899327173556649e-06
2.947644504794868e-04,3.000000000000000e+00,1.499976172342733e+00,3.899327165873969e-06
2.949644504794868e-04,3.000000000000000e+00,1.499976162239443e+00,3.899327173553872e-06
2.951644504794868e-04,3.000000000000000e+00,1.499976172331205e+00,3.899327165871770e-06
2.953644504794868e-04,3.000000000000000e+00,1.499976162242323e+00,3.899327173547389e-06
2.955644504794868e-04,3.000000000000000e+00,1.499976172320594e+00,3.899327165881295e-06
2.957644504794868e-04,3.000000000000000e+00,1.499976162257493e+00,3.899327173543610e-06
2.959644504794868e-04,3.000000000000000e+00,1.499976172342190e+00,3.899327165881063e-06
2.961644504794868e-04,3.000000000000000e+00,1.499976162256780e+00,3.899327173519481e-06
2.963644504794869e-04,3.000000000000000e+00,1.499976172299788e+00,3.899327165876155e-06
2.965644504794869e-04,3.000000000000000e+00,1.499976162285037e+00,3.899327173516489e-06
2.967644504794869e-04,3.000000000000000e+00,1.499976172309361e+00,3.899327165877761e-06
2.969644504794869e-04,3.000000000000000e+00,1.499976162260975e+00,3.899327173503011e-06
2.971644504794869e-04,3.000000000000000e+00,1.499976172313475e+00,3.899327165909720e-06
2.973644504794869e-04,3.000000000000000e+00,1.499976162281569e+00,3.899327173519779e-06
2.975644504794869e-04,3.000000000000000e+00,1.499976172266974e+00,3.899327165919556e-06
2.977644504794869e-04,3.000000000000000e+00,1.499976162304589e+00,3.899327173490232e-06
2.979644504794869e-04,3.000000000000000e+00,1.499976172287402e+00,3.899327165920414e-06
2.981644504794869e-04,3.000000000000000e+00,1.499976162329781e+00,3.899327173467097e-06
2.983644504794869e-04,3.000000000000000e+00,1.499976172250212e+00,3.899327165947673e-06
2.985644504794869e-04,3.000000000000000e+00,1.499976162323367e+00,3.899327173473858e-06
2.987644504794869e-04,3.000000000000000e+00,1.499976172228657e+00,3.899327165942730e-06
2.989644504794869e-04,3.000000000000000e+00,1.499976162347575e+00,3.899327173484106e-06
2.991644504794869e-04,3.000000000000000e+00,1.499976172231027e+00,3.899327165961162e-06
2.993644504794869e-04,3.000000000000000e+00,1.499976162342386e+00,3.899327173450382e-06
2.995644504794869e-04,3.000000000000000e+00,1.499976172216307e+00,3.899327165958201e-06
2.997644504794869e-04,3.000000000000000e+00,1.499976162331116e+00,3.899327173449672e-06
2.999644504794869e-04,3.000000000000000e+00,1.499976172212162e+00,3.899327165974241e-06
3.001644504794869e-04,3.000000000000000e+00,1.499976162381348e+00,3.899327173439627e-06
3.003644504794870e-04,3.000000000000000e+00,1.499976172192520e+00,3.899327165964559e-06
3.005644504794870e-04,3.000000000000000e+00,1.499976162349795e+00,3.899327173428593e-06
3.007644504794870e-04,3.000000000000000e+00,1.499976172170230e+00,3.899327165966973e-06
3.009644504794870e-04,3.000000000000000e+00,1.499976162360567e+00,3.899327173415080e-06
3.011644504794870e-04,3.000000000000000e+00,1.499976172164079e+00,3.899327165991318e-06
3.013644504794870e-04,3.000000000000000e+00,1.499976162391448e+00,3.899327173421991e-06
3.015644504794870e-04,3.000000000000000e+00,1.499976172155786e+00,3.899327165977902e-06
3.017644504794870e-04,3.000000000000000e+00,1.499976162401650e+00,3.899327173434916e-06
3.019644504794870e-04,3.000000000000000e+00,1.499976172139945e+00,3.899327166000512e-06
3.021644504794870e-04,3.000000000000000e+00,1.499976162408865e+00,3.899327173415157e-06
3.023644504794870e-04,3.000000000000000e+00,1.499976172154520e+00,3.899327165991997e-06
3.025644504794870e-04,3.000000000000000e+00,1.499976162423811e+00,3.899327173390815e-06
3.027644504794870e-04,3.000000000000000e+00,1.499976172136953e+00,3.899327166026890e-06
3.029644504794870e-04,3.000000000000000e+00,1.499976162412109e+00,3.899327173402654e-06
3.031644504794870e-04,3.000000000000000e+00,1.499976172119820e+00,3.899327166021776e-06
3.033644504794870e-04,3.000000000000000e+00,1.499976162456909e+00,3.899327173390184e-06
3.035644504794870e-04,3.000000000000000e+00,1.499976172100801e+00,3.899327166033400e-06
3.037644504794870e-04,3.000000000000000e+00,1.499976162437888e+00,3.899327173378404e-06
3.039644504794870e-04,3.000000000000000e+00,1.499976172096491e+00,3.899327166046861e-06
3.041644504794870e-04,3.000000000000000e+00,1.499976162475647e+00,3.899327173374930e-06
3.043644504794870e-04,3.000000000000000e+00,1.499976172089641e+00,3.899327166061553e-06
3.045644504794871e-04,3.000000000000000e+00,1.499976162481548e+00,3.899327173382735e-06
3.047644504794871e-04,3.000000000000000e+00,1.499976172066757e+00,3.899327166050192e-06
3.049644504794871e-04,3.000000000000000e+00,1.499976162457598e+00,3.899327173380759e-06
3.051644504794871e-04,3.000000000000000e+00,1.499976172035381e+00,3.899327166076466e-06
3.053644504794871e-04,3.000000000000000e+00,1.499976162471555e+00,3.899327173351072e-06
3.055644504794871e-04,3.000000000000000e+00,1.499976172034022e+00,3.899327166058208e-06
3.057644504794871e-04,3.000000000000000e+00,1.499976162501972e+00,3.899327173357507e-06
3.059644504794871e-04,3.000000000000000e+00,1.499976172031403e+00,3.899327166064480e-06
3.061644504794871e-04,3.000000000000000e+00,1.499976162484891e+00,3.899327173343391e-06
3.063644504794871e-04,3.000000000000000e+00,1.499976172029884e+00,3.899327166048375e-06
3.065644504794871e-04,3.000000000000000e+00,1.499976162518208e+00,3.899327173327888e-06
3.067644504794871e-04,3.000000000000000e+00,1.499976172002979e+00,3.899327166082253e-06
3.069644504794871e-04,3.000000000000000e+00,1.499976162518230e+00,3.899327173310992e-06
3.071644504794871e-04,3.000000000000000e+00,1.499976172002086e+00,3.899327166104050e-06
3.073644504794871e-04,3.000000000000000e+00,1.499976162486960e+00,3.899327173312079e-06
3.075644504794871e-04,3.000000000000000e+00,1.499976171982416e+00,3.899327166089230e-06
3.077644504794871e-04,3.000000000000000e+00,1.499976162529766e+00,3.899327173316880e-06
3.079644504794871e-04,3.000000000000000e+00,1.499976171967484e+00,3.899327166093775e-06
3.081644504794871e-04,3.000000000000000e+00,1.499976162532323e+00,3.899327173302836e-06
3.083644504794871e-04,3.000000000000000e+00,1.499976171945680e+00,3.899327166118254e-06
3.085644504794872e-04,3.000000000000000e+00,1.499976162521280e+00,3.899327173312455e-06
3.087644504794872e-04,3.000000000000000e+00,1.499976171947331e+00,3.899327166128281e-06
3.089644504794872e-04,3.000000000000000e+00,1.499976162568794e+00,3.899327173303444e-06
3.091644504794872e-04,3.000000000000000e+00,1.499976171920743e+00,3.899327166123197e-06
3.093644504794872e-04,3.000000000000000e+00,1.499976162576010e+00,3.899327173272963e-06
3.095644504794872e-04,3.000000000000000e+00,1.499976171931185e+00,3.899327166132259e-06
3.097644504794872e-04,3.000000000000000e+00,1.499976162590361e+00,3.899327173261053e-06
3.099644504794872e-04,3.000000000000000e+00,1.499976171924088e+00,3.899327166141908e-06
3.100000000000000e-04,3.000000000000000e+00,1.499976162569724e+00,3.899327173571096e-06
