time_s,output_V,supply_source_current_A
0.000000000000000e+00,1.649973377384756e+00,-2.603418880608733e-04
2.000000000000000e-11,1.649973377384690e+00,-2.603418882108523e-04
4.000000000000000e-11,1.649973377384612e+00,-2.603418881976804e-04
8.000000000000001e-11,1.649973377384457e+00,-2.603418882512341e-04
1.600000000000000e-10,1.649973377384227e+00,-2.603418881828893e-04
3.200000000000000e-10,1.649973377383466e+00,-2.603418881853881e-04
6.400000000000001e-10,1.649973377380845e+00,-2.603418882908789e-04
1.280000000000000e-09,1.649973377377268e+00,-2.603418883133657e-04
2.560000000000000e-09,1.649973377374202e+00,-2.603418883448283e-04
4.560000000000001e-09,1.649973377384437e+00,-2.603418884806001e-04
6.560000000000001e-09,1.649973377418680e+00,-2.603418886654770e-04
8.560000000000000e-09,1.649973377472686e+00,-2.603418887831365e-04
1.056000000000000e-08,1.649973377546789e+00,-2.603418889133447e-04
1.256000000000000e-08,1.649973377640639e+00,-2.603418890561149e-04
1.456000000000000e-08,1.649973377753059e+00,-2.603418892247874e-04
1.656000000000000e-08,1.649973377882253e+00,-2.603418893130569e-04
1.856000000000000e-08,1.649973378025343e+00,-2.603418894141060e-04
2.056000000000000e-08,1.649973378179319e+00,-2.603418894881571e-04
2.256000000000000e-08,1.649973378341296e+00,-2.603418895752071e-04
2.456000000000001e-08,1.649973378507788e+00,-2.603418895956067e-04
2.656000000000001e-08,1.649973378675313e+00,-2.603418896292644e-04
2.856000000000001e-08,1.649973378840570e+00,-2.603418896497100e-04
3.056000000000001e-08,1.649973379000476e+00,-2.603418896171687e-04
3.256000000000001e-08,1.649973379152595e+00,-2.603418895982135e-04
3.456000000000001e-08,1.649973379294963e+00,-2.603418895663246e-04
3.656000000000000e-08,1.649973379425820e+00,-2.603418895614568e-04
3.856000000000000e-08,1.649973379544021e+00,-2.603418895171704e-04
4.056000000000000e-08,1.649973379648321e+00,-2.603418894468081e-04
4.256000000000000e-08,1.649973379738035e+00,-2.603418894168779e-04
4.456000000000000e-08,1.649973379813244e+00,-2.603418893741907e-04
4.655999999999999e-08,1.649973379874185e+00,-2.603418893054413e-04
4.855999999999999e-08,1.649973379921419e+00,-2.603418892239053e-04
5.055999999999999e-08,1.649973379956415e+00,-2.603418891827141e-04
5.255999999999999e-08,1.649973379980214e+00,-2.603418891286428e-04
5.455999999999999e-08,1.649973379993871e+00,-2.603418890616523e-04
5.655999999999999e-08,1.649973379998969e+00,-2.603418890348697e-04
5.855999999999998e-08,1.649973379997221e+00,-2.603418889817488e-04
6.055999999999998e-08,1.649973379990534e+00,-2.603418889554046e-04
6.255999999999999e-08,1.649973379980596e+00,-2.603418889158848e-04
6.455999999999999e-08,1.649973379968643e+00,-2.603418888764400e-04
6.656000000000000e-08,1.649973379956033e+00,-2.603418888769091e-04
6.856000000000000e-08,1.649973379944072e+00,-2.603418888241681e-04
7.056000000000000e-08,1.649973379933325e+00,-2.603418888378643e-04
7.256000000000001e-08,1.649973379924505e+00,-2.603418888248959e-04
7.456000000000001e-08,1.649973379918541e+00,-2.603418888118213e-04
7.656000000000002e-08,1.649973379915947e+00,-2.603418887986213e-04
7.856000000000002e-08,1.649973379917169e+00,-2.603418888118723e-04
8.056000000000003e-08,1.649973379922602e+00,-2.603418887983737e-04
8.256000000000003e-08,1.649973379932258e+00,-2.603418887980145e-04
8.456000000000004e-08,1.649973379945808e+00,-2.603418887975105e-04
8.656000000000004e-08,1.649973379962713e+00,-2.603418888234747e-04
8.856000000000005e-08,1.649973379982280e+00,-2.603418888227468e-04
9.056000000000005e-08,1.649973380003791e+00,-2.603418888219465e-04
9.256000000000006e-08,1.649973380026604e+00,-2.603418888210979e-04
9.456000000000006e-08,1.649973380050344e+00,-2.603418888202148e-04
9.656000000000007e-08,1.649973380074633e+00,-2.603418887927184e-04
9.856000000000007e-08,1.649973380099429e+00,-2.603418888183889e-04
1.005600000000001e-07,1.649973380124817e+00,-2.603418888041480e-04
1.025600000000001e-07,1.649973380150342e+00,-2.603418888031985e-04
1.045600000000001e-07,1.649973380175437e+00,-2.603418887889685e-04
1.065600000000001e-07,1.649973380199949e+00,-2.603418887880567e-04
1.085600000000001e-07,1.649973380223728e+00,-2.603418887871721e-04
1.105600000000001e-07,1.649973380246446e+00,-2.603418887863271e-04
1.125600000000001e-07,1.649973380267751e+00,-2.603418887855345e-04
1.145600000000001e-07,1.649973380287328e+00,-2.603418887848063e-04
1.165600000000001e-07,1.649973380304717e+00,-2.603418887708629e-04
1.185600000000001e-07,1.649973380319976e+00,-2.603418887702953e-04
1.205600000000001e-07,1.649973380333335e+00,-2.603418887432054e-04
1.225600000000001e-07,1.649973380344545e+00,-2.603418887427884e-04
1.245600000000001e-07,1.649973380353583e+00,-2.603418887424522e-04
1.265600000000001e-07,1.649973380360853e+00,-2.603418887155888e-04
1.285600000000001e-07,1.649973380366641e+00,-2.603418887153735e-04
1.305600000000001e-07,1.649973380371141e+00,-2.603418887152061e-04
1.325600000000001e-07,1.649973380374588e+00,-2.603418887150779e-04
1.345600000000001e-07,1.649973380377229e+00,-2.603418886883866e-04
1.365600000000001e-07,1.649973380379037e+00,-2.603418886883194e-04
1.385600000000000e-07,1.649973380380335e+00,-2.603418886882711e-04
1.405600000000000e-07,1.649973380381542e+00,-2.603418886882262e-04
1.425600000000000e-07,1.649973380382678e+00,-2.603418886881840e-04
1.445600000000000e-07,1.649973380383932e+00,-2.603418886748408e-04
1.465600000000000e-07,1.649973380385377e+00,-2.603418886747871e-04
1.485600000000000e-07,1.649973380386795e+00,-2.603418886880309e-04
1.505600000000000e-07,1.649973380388188e+00,-2.603418886879790e-04
1.525600000000000e-07,1.649973380389667e+00,-2.603418886879240e-04
1.545600000000000e-07,1.649973380391606e+00,-2.603418886878519e-04
1.565600000000000e-07,1.649973380394279e+00,-2.603418886744559e-04
1.585600000000000e-07,1.649973380397558e+00,-2.603418886876305e-04
1.605600000000000e-07,1.649973380401600e+00,-2.603418886874800e-04
1.625599999999999e-07,1.649973380406264e+00,-2.603418886873066e-04
1.645599999999999e-07,1.649973380411086e+00,-2.603418886871272e-04
1.665599999999999e-07,1.649973380416031e+00,-2.603418886736468e-04
1.685599999999999e-07,1.649973380421137e+00,-2.603418886734568e-04
1.705599999999999e-07,1.649973380426305e+00,-2.603418886732646e-04
1.725599999999999e-07,1.649973380431440e+00,-2.603418886730736e-04
1.745599999999999e-07,1.649973380436499e+00,-2.603418886861819e-04
1.765599999999999e-07,1.649973380441417e+00,-2.603418886727024e-04
1.785599999999999e-07,1.649973380446134e+00,-2.603418886725270e-04
1.805599999999999e-07,1.649973380450689e+00,-2.603418886723575e-04
1.825599999999999e-07,1.649973380455130e+00,-2.603418886854888e-04
1.845599999999998e-07,1.649973380459499e+00,-2.603418886587333e-04
1.865599999999998e-07,1.649973380463488e+00,-2.603418886585849e-04
1.885599999999998e-07,1.649973380466823e+00,-2.603418886717574e-04
1.905599999999998e-07,1.649973380469757e+00,-2.603418886583517e-04
1.925599999999998e-07,1.649973380472398e+00,-2.603418886582535e-04
1.945599999999998e-07,1.649973380474736e+00,-2.603418886714630e-04
1.965599999999998e-07,1.649973380476641e+00,-2.603418886580957e-04
1.985599999999998e-07,1.649973380478023e+00,-2.603418886713407e-04
2.005599999999998e-07,1.649973380479100e+00,-2.603418886314112e-04
2.025599999999998e-07,1.649973380479894e+00,-2.603418886313817e-04
2.045599999999998e-07,1.649973380480408e+00,-2.603418886313626e-04
2.065599999999998e-07,1.649973380480830e+00,-2.603418886180504e-04
2.085599999999997e-07,1.649973380481131e+00,-2.603418886579287e-04
2.105599999999997e-07,1.649973380481247e+00,-2.603418886579243e-04
2.125599999999997e-07,1.649973380481371e+00,-2.603418886313267e-04
2.145599999999997e-07,1.649973380481595e+00,-2.603418886313184e-04
2.165599999999997e-07,1.649973380481905e+00,-2.603418886446034e-04
2.185599999999997e-07,1.649973380482268e+00,-2.603418886312934e-04
2.205599999999997e-07,1.649973380482563e+00,-2.603418886445789e-04
2.225599999999997e-07,1.649973380483083e+00,-2.603418886312631e-04
2.245599999999997e-07,1.649973380483785e+00,-2.603418886312369e-04
2.265599999999997e-07,1.649973380484293e+00,-2.603418886445145e-04
2.285599999999997e-07,1.649973380484963e+00,-2.603418886311931e-04
2.305599999999997e-07,1.649973380485867e+00,-2.603418886311595e-04
2.325599999999996e-07,1.649973380486689e+00,-2.603418886444254e-04
2.345599999999996e-07,1.649973380487608e+00,-2.603418886443912e-04
2.365599999999996e-07,1.649973380488723e+00,-2.603418886310532e-04
2.385599999999996e-07,1.649973380489907e+00,-2.603418886443057e-04
2.405599999999996e-07,1.649973380490958e+00,-2.603418886575631e-04
2.425599999999996e-07,1.649973380491871e+00,-2.603418886309361e-04
2.445599999999996e-07,1.649973380492899e+00,-2.603418886308979e-04
2.465599999999996e-07,1.649973380494079e+00,-2.603418886574470e-04
2.485599999999996e-07,1.649973380495264e+00,-2.603418886574029e-04
2.505599999999996e-07,1.649973380496402e+00,-2.603418886573606e-04
2.525599999999996e-07,1.649973380497564e+00,-2.603418886440209e-04
2.545599999999995e-07,1.649973380498738e+00,-2.603418886572736e-04
2.565599999999995e-07,1.649973380499845e+00,-2.603418886572325e-04
2.585599999999995e-07,1.649973380500861e+00,-2.603418886571947e-04
2.605599999999995e-07,1.649973380501775e+00,-2.603418886438643e-04
2.625599999999995e-07,1.649973380502706e+00,-2.603418886305331e-04
2.645599999999995e-07,1.649973380503613e+00,-2.603418886570923e-04
2.665599999999995e-07,1.649973380504459e+00,-2.603418886570608e-04
2.685599999999995e-07,1.649973380505310e+00,-2.603418886437327e-04
2.705599999999995e-07,1.649973380506194e+00,-2.603418886569963e-04
2.725599999999995e-07,1.649973380507066e+00,-2.603418886569638e-04
2.745599999999995e-07,1.649973380507922e+00,-2.603418886569320e-04
2.765599999999995e-07,1.649973380508717e+00,-2.603418886569024e-04
2.785599999999994e-07,1.649973380509526e+00,-2.603418886568724e-04
2.805599999999994e-07,1.649973380510447e+00,-2.603418886568381e-04
2.825599999999994e-07,1.649973380511477e+00,-2.603418886567998e-04
2.845599999999994e-07,1.649973380512475e+00,-2.603418886301697e-04
2.865599999999994e-07,1.649973380513182e+00,-2.603418886434399e-04
2.885599999999994e-07,1.649973380513721e+00,-2.603418886434198e-04
2.905599999999994e-07,1.649973380514310e+00,-2.603418886301014e-04
2.925599999999994e-07,1.649973380514869e+00,-2.603418886566736e-04
2.945599999999994e-07,1.649973380515378e+00,-2.603418886566546e-04
2.965599999999994e-07,1.649973380515863e+00,-2.603418886566366e-04
2.985599999999994e-07,1.649973380516192e+00,-2.603418886566244e-04
3.005599999999994e-07,1.649973380516374e+00,-2.603418886300246e-04
3.025599999999993e-07,1.649973380516555e+00,-2.603418886433144e-04
3.045599999999993e-07,1.649973380516751e+00,-2.603418886433071e-04
3.065599999999993e-07,1.649973380516955e+00,-2.603418886565960e-04
3.085599999999993e-07,1.649973380517173e+00,-2.603418886299949e-04
3.105599999999993e-07,1.649973380517369e+00,-2.603418886299877e-04
3.125599999999993e-07,1.649973380517464e+00,-2.603418886299841e-04
3.145599999999993e-07,1.649973380517314e+00,-2.603418886565827e-04
3.165599999999993e-07,1.649973380516931e+00,-2.603418886034109e-04
3.185599999999993e-07,1.649973380516105e+00,-2.603418886433312e-04
3.205599999999993e-07,1.649973380514620e+00,-2.603418886167934e-04
3.225599999999993e-07,1.649973380512588e+00,-2.603418886035725e-04
3.245599999999992e-07,1.649973380510285e+00,-2.603418886169547e-04
3.265599999999992e-07,1.649973380507981e+00,-2.603418886037439e-04
3.285599999999992e-07,1.649973380505672e+00,-2.603418886038298e-04
3.305599999999992e-07,1.649973380503365e+00,-2.603418886039156e-04
3.325599999999992e-07,1.649973380501032e+00,-2.603418886040024e-04
3.345599999999992e-07,1.649973380498693e+00,-2.603418886040894e-04
3.365599999999992e-07,1.649973380496509e+00,-2.603418886041706e-04
3.385599999999992e-07,1.649973380494539e+00,-2.603418885909474e-04
3.405599999999992e-07,1.649973380492787e+00,-2.603418885777161e-04
3.425599999999992e-07,1.649973380491103e+00,-2.603418885910753e-04
3.445599999999992e-07,1.649973380489496e+00,-2.603418886044315e-04
3.465599999999992e-07,1.649973380488105e+00,-2.603418886044832e-04
3.485599999999991e-07,1.649973380486901e+00,-2.603418886311210e-04
3.505599999999991e-07,1.649973380485843e+00,-2.603418886311604e-04
3.525599999999991e-07,1.649973380484879e+00,-2.603418886178997e-04
3.545599999999991e-07,1.649973380484084e+00,-2.603418886046328e-04
3.565599999999991e-07,1.649973380483351e+00,-2.603418886046602e-04
3.585599999999991e-07,1.649973380482511e+00,-2.603418885913948e-04
3.605599999999991e-07,1.649973380481693e+00,-2.603418886313147e-04
3.625599999999991e-07,1.649973380480835e+00,-2.603418886047537e-04
3.645599999999991e-07,1.649973380479839e+00,-2.603418885914943e-04
3.665599999999991e-07,1.649973380478855e+00,-2.603418886181239e-04
3.685599999999991e-07,1.649973380478112e+00,-2.603418886048550e-04
3.705599999999991e-07,1.649973380477549e+00,-2.603418886181724e-04
3.725599999999990e-07,1.649973380477032e+00,-2.603418885915987e-04
3.745599999999990e-07,1.649973380476583e+00,-2.603418886315048e-04
3.765599999999990e-07,1.649973380476155e+00,-2.603418886315208e-04
3.785599999999990e-07,1.649973380475832e+00,-2.603418886049398e-04
3.805599999999990e-07,1.649973380475461e+00,-2.603418886049536e-04
3.825599999999990e-07,1.649973380475088e+00,-2.603418886049675e-04
3.845599999999990e-07,1.649973380474811e+00,-2.603418886049778e-04
3.865599999999990e-07,1.649973380474451e+00,-2.603418886049912e-04
3.885599999999990e-07,1.649973380474074e+00,-2.603418886050052e-04
3.905599999999990e-07,1.649973380473750e+00,-2.603418886050172e-04
3.925599999999990e-07,1.649973380473344e+00,-2.603418885917359e-04
3.945599999999989e-07,1.649973380472952e+00,-2.603418886050469e-04
3.965599999999989e-07,1.649973380472639e+00,-2.603418886050586e-04
3.985599999999989e-07,1.649973380472196e+00,-2.603418886050750e-04
4.005599999999989e-07,1.649973380471792e+00,-2.603418886050900e-04
4.025599999999989e-07,1.649973380471622e+00,-2.603418886050964e-04
4.045599999999989e-07,1.649973380471410e+00,-2.603418886051043e-04
4.065599999999989e-07,1.649973380471044e+00,-2.603418886051179e-04
4.085599999999989e-07,1.649973380470632e+00,-2.603418886051332e-04
4.105599999999989e-07,1.649973380470063e+00,-2.603418886184509e-04
4.125599999999989e-07,1.649973380469416e+00,-2.603418886184750e-04
4.145599999999989e-07,1.649973380469028e+00,-2.603418886051929e-04
4.165599999999989e-07,1.649973380468800e+00,-2.603418886317944e-04
4.185599999999988e-07,1.649973380468510e+00,-2.603418886052122e-04
4.205599999999988e-07,1.649973380468103e+00,-2.603418886052273e-04
4.225599999999988e-07,1.649973380467698e+00,-2.603418886052424e-04
4.245599999999988e-07,1.649973380467356e+00,-2.603418886052551e-04
4.265599999999988e-07,1.649973380466874e+00,-2.603418886052730e-04
4.285599999999988e-07,1.649973380466321e+00,-2.603418886052936e-04
4.305599999999988e-07,1.649973380465793e+00,-2.603418886053132e-04
4.325599999999988e-07,1.649973380465127e+00,-2.603418886053381e-04
4.345599999999988e-07,1.649973380464372e+00,-2.603418886186626e-04
4.365599999999988e-07,1.649973380463813e+00,-2.603418886186834e-04
4.385599999999988e-07,1.649973380463263e+00,-2.603418886054073e-04
4.405599999999988e-07,1.649973380462550e+00,-2.603418886054338e-04
4.425599999999987e-07,1.649973380461901e+00,-2.603418886054580e-04
4.445599999999987e-07,1.649973380461346e+00,-2.603418886054787e-04
4.465599999999987e-07,1.649973380460874e+00,-2.603418886054962e-04
4.485599999999987e-07,1.649973380460629e+00,-2.603418886188018e-04
4.505599999999987e-07,1.649973380460506e+00,-2.603418886055099e-04
4.525599999999987e-07,1.649973380460451e+00,-2.603418886055120e-04
4.545599999999987e-07,1.649973380460516e+00,-2.603418886188060e-04
4.565599999999987e-07,1.649973380460508e+00,-2.603418886055098e-04
4.585599999999987e-07,1.649973380460425e+00,-2.603418886321059e-04
4.605599999999987e-07,1.649973380460448e+00,-2.603418886188086e-04
4.625599999999987e-07,1.649973380460511e+00,-2.603418886055097e-04
4.645599999999986e-07,1.649973380460579e+00,-2.603418886055072e-04
4.665599999999986e-07,1.649973380460851e+00,-2.603418886054971e-04
4.685599999999986e-07,1.649973380460952e+00,-2.603418886187898e-04
4.705599999999986e-07,1.649973380460686e+00,-2.603418886055032e-04
4.725599999999986e-07,1.649973380460453e+00,-2.603418886055119e-04
4.745599999999986e-07,1.649973380460497e+00,-2.603418886055102e-04
4.765599999999986e-07,1.649973380460724e+00,-2.603418886187983e-04
4.785599999999986e-07,1.649973380460848e+00,-2.603418886187937e-04
4.805599999999987e-07,1.649973380460785e+00,-2.603418886187960e-04
4.825599999999987e-07,1.649973380460674e+00,-2.603418886320967e-04
4.845599999999988e-07,1.649973380460658e+00,-2.603418886188008e-04
4.865599999999988e-07,1.649973380460739e+00,-2.603418886320943e-04
4.885599999999989e-07,1.649973380460908e+00,-2.603418886054950e-04
4.905599999999989e-07,1.649973380461128e+00,-2.603418886054868e-04
4.925599999999990e-07,1.649973380461356e+00,-2.603418886054783e-04
4.945599999999990e-07,1.649973380461446e+00,-2.603418886054749e-04
4.965599999999990e-07,1.649973380461321e+00,-2.603418886054796e-04
4.985599999999991e-07,1.649973380461157e+00,-2.603418886187822e-04
5.005599999999991e-07,1.649973380461053e+00,-2.603418886054896e-04
5.025599999999992e-07,1.649973380460926e+00,-2.603418886054943e-04
5.045599999999992e-07,1.649973380460708e+00,-2.603418886055024e-04
5.065599999999993e-07,1.649973380460411e+00,-2.603418886055134e-04
5.085599999999993e-07,1.649973380460100e+00,-2.603418886055250e-04
5.105599999999994e-07,1.649973380459836e+00,-2.603418886188313e-04
5.125599999999994e-07,1.649973380459519e+00,-2.603418886055467e-04
5.145599999999994e-07,1.649973380459146e+00,-2.603418886055605e-04
5.165599999999995e-07,1.649973380458882e+00,-2.603418886055703e-04
5.185599999999995e-07,1.649973380458632e+00,-2.603418886188761e-04
5.205599999999996e-07,1.649973380458333e+00,-2.603418886055908e-04
5.225599999999996e-07,1.649973380458067e+00,-2.603418886056006e-04
5.245599999999997e-07,1.649973380457808e+00,-2.603418886056103e-04
5.265599999999997e-07,1.649973380457614e+00,-2.603418886056175e-04
5.285599999999998e-07,1.649973380457521e+00,-2.603418886056210e-04
5.305599999999998e-07,1.649973380457372e+00,-2.603418886056265e-04
5.325599999999998e-07,1.649973380457204e+00,-2.603418885923362e-04
5.345599999999999e-07,1.649973380457023e+00,-2.603418886189360e-04
5.365599999999999e-07,1.649973380456732e+00,-2.603418886189468e-04
5.385600000000000e-07,1.649973380456445e+00,-2.603418886056610e-04
5.405600000000000e-07,1.649973380456170e+00,-2.603418886056712e-04
5.425600000000001e-07,1.649973380455723e+00,-2.603418886056878e-04
5.445600000000001e-07,1.649973380455207e+00,-2.603418886057071e-04
5.465600000000002e-07,1.649973380454920e+00,-2.603418886057177e-04
5.485600000000002e-07,1.649973380454706e+00,-2.603418886057257e-04
5.505600000000002e-07,1.649973380454496e+00,-2.603418886190300e-04
5.525600000000003e-07,1.649973380454407e+00,-2.603418886057368e-04
5.545600000000003e-07,1.649973380454298e+00,-2.603418886057408e-04
5.565600000000004e-07,1.649973380454181e+00,-2.603418886057452e-04
5.585600000000004e-07,1.649973380454088e+00,-2.603418886057486e-04
5.605600000000005e-07,1.649973380453943e+00,-2.603418886057541e-04
5.625600000000005e-07,1.649973380453887e+00,-2.603418886057561e-04
5.645600000000006e-07,1.649973380453968e+00,-2.603418885924566e-04
5.665600000000006e-07,1.649973380453912e+00,-2.603418886057553e-04
5.685600000000006e-07,1.649973380453747e+00,-2.603418886057614e-04
5.705600000000007e-07,1.649973380453732e+00,-2.603418885791689e-04
5.725600000000007e-07,1.649973380453913e+00,-2.603418886057552e-04
5.745600000000008e-07,1.649973380454263e+00,-2.603418886190386e-04
5.765600000000008e-07,1.649973380454594e+00,-2.603418886057298e-04
5.785600000000009e-07,1.649973380454932e+00,-2.603418886057173e-04
5.805600000000009e-07,1.649973380455325e+00,-2.603418886057026e-04
5.825600000000009e-07,1.649973380455484e+00,-2.603418886056967e-04
5.845600000000010e-07,1.649973380455631e+00,-2.603418885923948e-04
5.865600000000010e-07,1.649973380455906e+00,-2.603418886056810e-04
5.885600000000011e-07,1.649973380456006e+00,-2.603418886056773e-04
5.905600000000011e-07,1.649973380456093e+00,-2.603418886056741e-04
5.925600000000012e-07,1.649973380456205e+00,-2.603418886056699e-04
5.945600000000012e-07,1.649973380456163e+00,-2.603418886056714e-04
5.965600000000013e-07,1.649973380456002e+00,-2.603418886189740e-04
5.985600000000013e-07,1.649973380455868e+00,-2.603418885923860e-04
6.005600000000013e-07,1.649973380455714e+00,-2.603418886056882e-04
6.025600000000014e-07,1.649973380455516e+00,-2.603418886056955e-04
6.045600000000014e-07,1.649973380455448e+00,-2.603418886056981e-04
6.065600000000015e-07,1.649973380455305e+00,-2.603418886057034e-04
6.085600000000015e-07,1.649973380455052e+00,-2.603418886057128e-04
6.105600000000016e-07,1.649973380454842e+00,-2.603418886057207e-04
6.125600000000016e-07,1.649973380454619e+00,-2.603418885924324e-04
6.145600000000017e-07,1.649973380454496e+00,-2.603418886057335e-04
6.165600000000017e-07,1.649973380454453e+00,-2.603418886323280e-04
6.185600000000017e-07,1.649973380454272e+00,-2.603418886057419e-04
6.205600000000018e-07,1.649973380454083e+00,-2.603418886057489e-04
6.225600000000018e-07,1.649973380454025e+00,-2.603418886057510e-04
6.245600000000019e-07,1.649973380453997e+00,-2.603418886057521e-04
6.265600000000019e-07,1.649973380454003e+00,-2.603418886057518e-04
6.285600000000020e-07,1.649973380453973e+00,-2.603418886057529e-04
6.305600000000020e-07,1.649973380453952e+00,-2.603418886057537e-04
6.325600000000021e-07,1.649973380453896e+00,-2.603418886057558e-04
6.345600000000021e-07,1.649973380453713e+00,-2.603418886190591e-04
6.365600000000021e-07,1.649973380453474e+00,-2.603418886057715e-04
6.385600000000022e-07,1.649973380453124e+00,-2.603418886190810e-04
6.405600000000022e-07,1.649973380452810e+00,-2.603418886190927e-04
6.425600000000023e-07,1.649973380452726e+00,-2.603418886190958e-04
6.445600000000023e-07,1.649973380452737e+00,-2.603418886057989e-04
6.465600000000024e-07,1.649973380452694e+00,-2.603418886058005e-04
6.485600000000024e-07,1.649973380452634e+00,-2.603418886058027e-04
6.505600000000025e-07,1.649973380452644e+00,-2.603418886058024e-04
6.525600000000025e-07,1.649973380452653e+00,-2.603418886058020e-04
6.545600000000025e-07,1.649973380452531e+00,-2.603418886323996e-04
6.565600000000026e-07,1.649973380452453e+00,-2.603418886324025e-04
6.585600000000026e-07,1.649973380452290e+00,-2.603418886191120e-04
6.605600000000027e-07,1.649973380452052e+00,-2.603418885925279e-04
6.625600000000027e-07,1.649973380452030e+00,-2.603418886058252e-04
6.645600000000028e-07,1.649973380451965e+00,-2.603418886058277e-04
6.665600000000028e-07,1.649973380451907e+00,-2.603418885925333e-04
6.685600000000029e-07,1.649973380452034e+00,-2.603418886191215e-04
6.705600000000029e-07,1.649973380452110e+00,-2.603418886058223e-04
6.725600000000029e-07,1.649973380452103e+00,-2.603418886058225e-04
6.745600000000030e-07,1.649973380452185e+00,-2.603418885925229e-04
6.765600000000030e-07,1.649973380452141e+00,-2.603418886058211e-04
6.785600000000031e-07,1.649973380452018e+00,-2.603418886058257e-04
6.805600000000031e-07,1.649973380451961e+00,-2.603418886058278e-04
6.825600000000032e-07,1.649973380451804e+00,-2.603418886191301e-04
6.845600000000032e-07,1.649973380451636e+00,-2.603418886191364e-04
6.865600000000033e-07,1.649973380451448e+00,-2.603418886324398e-04
6.885600000000033e-07,1.649973380451185e+00,-2.603418886324497e-04
6.905600000000033e-07,1.649973380451123e+00,-2.603418886191555e-04
6.925600000000034e-07,1.649973380451298e+00,-2.603418886191489e-04
6.945600000000034e-07,1.649973380451517e+00,-2.603418886191408e-04
6.965600000000035e-07,1.649973380451769e+00,-2.603418886324279e-04
6.985600000000035e-07,1.649973380452070e+00,-2.603418886191202e-04
7.005600000000036e-07,1.649973380452322e+00,-2.603418886058144e-04
7.025600000000036e-07,1.649973380452515e+00,-2.603418886191037e-04
7.045600000000037e-07,1.649973380452824e+00,-2.603418886057956e-04
7.065600000000037e-07,1.649973380453170e+00,-2.603418886057828e-04
7.085600000000037e-07,1.649973380453466e+00,-2.603418886190683e-04
7.105600000000038e-07,1.649973380453702e+00,-2.603418886057630e-04
7.125600000000038e-07,1.649973380453866e+00,-2.603418886057569e-04
7.145600000000039e-07,1.649973380453950e+00,-2.603418886057538e-04
7.165600000000039e-07,1.649973380454115e+00,-2.603418886057476e-04
7.185600000000040e-07,1.649973380454390e+00,-2.603418886057374e-04
7.205600000000040e-07,1.649973380454466e+00,-2.603418886057346e-04
7.225600000000041e-07,1.649973380454408e+00,-2.603418886190333e-04
7.245600000000041e-07,1.649973380454440e+00,-2.603418886190320e-04
7.265600000000041e-07,1.649973380454592e+00,-2.603418886323229e-04
7.285600000000042e-07,1.649973380454886e+00,-2.603418886190155e-04
7.305600000000042e-07,1.649973380455300e+00,-2.603418886322966e-04
7.325600000000043e-07,1.649973380455615e+00,-2.603418886455813e-04
7.345600000000043e-07,1.649973380455813e+00,-2.603418886322774e-04
7.365600000000044e-07,1.649973380456069e+00,-2.603418886322680e-04
7.385600000000044e-07,1.649973380456191e+00,-2.603418886322634e-04
7.405600000000045e-07,1.649973380456197e+00,-2.603418886056702e-04
7.425600000000045e-07,1.649973380456327e+00,-2.603418886056654e-04
7.445600000000045e-07,1.649973380456417e+00,-2.603418886322551e-04
7.465600000000046e-07,1.649973380456287e+00,-2.603418885923704e-04
7.485600000000046e-07,1.649973380456159e+00,-2.603418886189682e-04
7.505600000000047e-07,1.649973380456317e+00,-2.603418886189622e-04
7.525600000000047e-07,1.649973380456559e+00,-2.603418886056568e-04
7.545600000000048e-07,1.649973380456675e+00,-2.603418886056525e-04
7.565600000000048e-07,1.649973380456796e+00,-2.603418886189444e-04
7.585600000000049e-07,1.649973380456914e+00,-2.603418886056435e-04
7.605600000000049e-07,1.649973380456999e+00,-2.603418886056403e-04
7.625600000000049e-07,1.649973380457174e+00,-2.603418886322269e-04
7.645600000000050e-07,1.649973380457117e+00,-2.603418886056359e-04
7.665600000000050e-07,1.649973380456805e+00,-2.603418886056476e-04
7.685600000000051e-07,1.649973380456709e+00,-2.603418886056512e-04
7.705600000000051e-07,1.649973380456659e+00,-2.603418886056530e-04
7.725600000000052e-07,1.649973380456408e+00,-2.603418886056623e-04
7.745600000000052e-07,1.649973380456315e+00,-2.603418886189623e-04
7.765600000000053e-07,1.649973380456485e+00,-2.603418886322525e-04
7.785600000000053e-07,1.649973380456502e+00,-2.603418886189554e-04
7.805600000000053e-07,1.649973380456368e+00,-2.603418886056639e-04
7.825600000000054e-07,1.649973380456291e+00,-2.603418886189632e-04
7.845600000000054e-07,1.649973380456171e+00,-2.603418886056712e-04
7.865600000000055e-07,1.649973380456098e+00,-2.603418886056739e-04
7.885600000000055e-07,1.649973380456188e+00,-2.603418886056705e-04
7.905600000000056e-07,1.649973380456216e+00,-2.603418886056695e-04
7.925600000000056e-07,1.649973380456264e+00,-2.603418886189642e-04
7.945600000000057e-07,1.649973380456503e+00,-2.603418886056588e-04
7.965600000000057e-07,1.649973380456716e+00,-2.603418886056509e-04
7.985600000000057e-07,1.649973380456723e+00,-2.603418886056506e-04
8.005600000000058e-07,1.649973380456649e+00,-2.603418886056534e-04
8.025600000000058e-07,1.649973380456480e+00,-2.603418886056597e-04
8.045600000000059e-07,1.649973380456258e+00,-2.603418886056679e-04
8.065600000000059e-07,1.649973380456090e+00,-2.603418886189706e-04
8.085600000000060e-07,1.649973380455767e+00,-2.603418886189827e-04
8.105600000000060e-07,1.649973380455394e+00,-2.603418886189966e-04
8.125600000000061e-07,1.649973380455185e+00,-2.603418886057079e-04
8.145600000000061e-07,1.649973380455054e+00,-2.603418886057128e-04
8.165600000000061e-07,1.649973380454917e+00,-2.603418886057178e-04
8.185600000000062e-07,1.649973380454766e+00,-2.603418886057234e-04
8.205600000000062e-07,1.649973380454627e+00,-2.603418886057286e-04
8.225600000000063e-07,1.649973380454543e+00,-2.603418886057317e-04
8.245600000000063e-07,1.649973380454446e+00,-2.603418886190319e-04
8.265600000000064e-07,1.649973380454259e+00,-2.603418886323353e-04
8.285600000000064e-07,1.649973380454055e+00,-2.603418886057499e-04
8.305600000000065e-07,1.649973380453890e+00,-2.603418886057561e-04
8.325600000000065e-07,1.649973380453737e+00,-2.603418886057617e-04
8.345600000000065e-07,1.649973380453557e+00,-2.603418886057684e-04
8.365600000000066e-07,1.649973380453352e+00,-2.603418886057760e-04
8.385600000000066e-07,1.649973380453258e+00,-2.603418886057795e-04
8.405600000000067e-07,1.649973380453250e+00,-2.603418886190763e-04
8.425600000000067e-07,1.649973380453245e+00,-2.603418886057800e-04
8.445600000000068e-07,1.649973380453284e+00,-2.603418886057786e-04
8.465600000000068e-07,1.649973380453332e+00,-2.603418886057768e-04
8.485600000000069e-07,1.649973380453375e+00,-2.603418886323681e-04
8.505600000000069e-07,1.649973380453427e+00,-2.603418886190698e-04
8.525600000000069e-07,1.649973380453517e+00,-2.603418886057699e-04
8.545600000000070e-07,1.649973380453615e+00,-2.603418886057663e-04
8.565600000000070e-07,1.649973380453774e+00,-2.603418886190568e-04
8.585600000000071e-07,1.649973380453945e+00,-2.603418886057540e-04
8.605600000000071e-07,1.649973380454112e+00,-2.603418886057477e-04
8.625600000000072e-07,1.649973380454311e+00,-2.603418885924439e-04
8.645600000000072e-07,1.649973380454444e+00,-2.603418886057355e-04
8.665600000000073e-07,1.649973380454609e+00,-2.603418886057293e-04
8.685600000000073e-07,1.649973380454884e+00,-2.603418886057190e-04
8.705600000000073e-07,1.649973380455021e+00,-2.603418886057139e-04
8.725600000000074e-07,1.649973380455003e+00,-2.603418886057146e-04
8.745600000000074e-07,1.649973380455004e+00,-2.603418886057145e-04
8.765600000000075e-07,1.649973380454886e+00,-2.603418886057190e-04
8.785600000000075e-07,1.649973380454608e+00,-2.603418886190258e-04
8.805600000000076e-07,1.649973380454375e+00,-2.603418886057380e-04
8.825600000000076e-07,1.649973380454121e+00,-2.603418886057474e-04
8.845600000000077e-07,1.649973380453732e+00,-2.603418886057619e-04
8.865600000000077e-07,1.649973380453425e+00,-2.603418885791803e-04
8.885600000000077e-07,1.649973380453203e+00,-2.603418886057815e-04
8.905600000000078e-07,1.649973380453057e+00,-2.603418886057870e-04
8.925600000000078e-07,1.649973380453120e+00,-2.603418886190811e-04
8.945600000000079e-07,1.649973380453138e+00,-2.603418886057840e-04
8.965600000000079e-07,1.649973380452989e+00,-2.603418886057895e-04
8.985600000000080e-07,1.649973380452935e+00,-2.603418886190880e-04
9.005600000000080e-07,1.649973380452856e+00,-2.603418886057945e-04
9.025600000000081e-07,1.649973380452681e+00,-2.603418886058010e-04
9.045600000000081e-07,1.649973380452519e+00,-2.603418886058070e-04
9.065600000000081e-07,1.649973380452348e+00,-2.603418885792204e-04
9.085600000000082e-07,1.649973380452109e+00,-2.603418885925258e-04
9.105600000000082e-07,1.649973380451998e+00,-2.603418885925299e-04
9.125600000000083e-07,1.649973380452058e+00,-2.603418885925277e-04
9.145600000000083e-07,1.649973380452098e+00,-2.603418886324157e-04
9.165600000000084e-07,1.649973380452180e+00,-2.603418886058197e-04
9.185600000000084e-07,1.649973380452247e+00,-2.603418886058172e-04
9.205600000000084e-07,1.649973380452338e+00,-2.603418886058137e-04
9.225600000000085e-07,1.649973380452577e+00,-2.603418886058049e-04
9.245600000000085e-07,1.649973380452901e+00,-2.603418886323858e-04
9.265600000000086e-07,1.649973380453192e+00,-2.603418886190785e-04
9.285600000000086e-07,1.649973380453230e+00,-2.603418886057806e-04
9.305600000000087e-07,1.649973380453025e+00,-2.603418886057882e-04
9.325600000000087e-07,1.649973380452884e+00,-2.603418886190899e-04
9.345600000000088e-07,1.649973380452756e+00,-2.603418886057982e-04
9.365600000000088e-07,1.649973380452566e+00,-2.603418886058052e-04
9.385600000000088e-07,1.649973380452467e+00,-2.603418886191054e-04
9.405600000000089e-07,1.649973380452406e+00,-2.603418886058113e-04
9.425600000000089e-07,1.649973380452436e+00,-2.603418886058101e-04
9.445600000000090e-07,1.649973380452739e+00,-2.603418886323918e-04
9.465600000000090e-07,1.649973380453192e+00,-2.603418886323749e-04
9.485600000000091e-07,1.649973380453756e+00,-2.603418886190575e-04
9.505600000000091e-07,1.649973380454458e+00,-2.603418886323279e-04
9.525600000000092e-07,1.649973380455087e+00,-2.603418886323045e-04
9.545600000000092e-07,1.649973380455701e+00,-2.603418886056887e-04
9.565600000000091e-07,1.649973380456200e+00,-2.603418886189666e-04
9.585600000000091e-07,1.649973380456488e+00,-2.603418885923629e-04
9.605600000000090e-07,1.649973380456783e+00,-2.603418885923519e-04
9.625600000000090e-07,1.649973380456987e+00,-2.603418886056408e-04
9.645600000000089e-07,1.649973380457008e+00,-2.603418886189366e-04
9.665600000000088e-07,1.649973380457074e+00,-2.603418886189341e-04
9.685600000000088e-07,1.649973380457245e+00,-2.603418886189277e-04
9.705600000000087e-07,1.649973380457215e+00,-2.603418886056324e-04
9.725600000000087e-07,1.649973380457036e+00,-2.603418886056390e-04
9.745600000000086e-07,1.649973380456938e+00,-2.603418886322356e-04
9.765600000000085e-07,1.649973380456814e+00,-2.603418886056473e-04
9.785600000000085e-07,1.649973380456568e+00,-2.603418886056564e-04
9.805600000000084e-07,1.649973380456296e+00,-2.603418886056665e-04
9.825600000000083e-07,1.649973380456012e+00,-2.603418886056771e-04
9.845600000000083e-07,1.649973380455654e+00,-2.603418886056904e-04
9.865600000000082e-07,1.649973380455329e+00,-2.603418886057025e-04
9.885600000000082e-07,1.649973380454991e+00,-2.603418886057151e-04
9.905600000000081e-07,1.649973380454695e+00,-2.603418886057261e-04
9.925600000000080e-07,1.649973380454457e+00,-2.603418886057349e-04
9.945600000000080e-07,1.649973380454172e+00,-2.603418886190420e-04
9.965600000000079e-07,1.649973380453913e+00,-2.603418886057552e-04
9.985600000000079e-07,1.649973380453711e+00,-2.603418886057627e-04
1.000000000000000e-06,1.649973380454762e+00,-2.603418886765682e-04
1.000200000000000e-06,1.650159949476642e+00,-2.598933959732457e-04
1.000600000000000e-06,1.650902502881775e+00,-2.587749039526104e-04
1.001400000000000e-06,1.654583542257493e+00,-2.559679942723329e-04
1.003000000000000e-06,1.670507343225802e+00,-2.482412930369240e-04
1.005000000000000e-06,1.705744519526912e+00,-2.331272991195576e-04
1.007000000000000e-06,1.756794093177090e+00,-2.103509660254189e-04
1.009000000000000e-06,1.822090824247934e+00,-1.805359608995382e-04
1.010000000000000e-06,1.859602502747656e+00,-1.644426362448153e-04
1.010200000000000e-06,1.867333655610603e+00,-1.617142513508683e-04
1.010600000000000e-06,1.882649347435398e+00,-1.566530890852241e-04
1.011400000000000e-06,1.912361630445152e+00,-1.480924409271375e-04
1.013000000000000e-06,1.967589182799399e+00,-1.375234355334786e-04
1.015000000000000e-06,2.026936295461534e+00,-1.351321505248528e-04
1.017000000000000e-06,2.072509060126555e+00,-1.398253204620011e-04
1.019000000000000e-06,2.101255815718298e+00,-1.468438009395869e-04
1.021000000000000e-06,2.111517397343513e+00,-1.540102380041953e-04
1.023000000000000e-06,2.103473845308427e+00,-1.622249630476585e-04
1.025000000000000e-06,2.078826206648873e+00,-1.722038918133191e-04
1.027000000000000e-06,2.040130995663297e+00,-1.836427220596874e-04
1.029000000000000e-06,1.990205532786463e+00,-1.957656513536509e-04
1.031000000000000e-06,1.931737456508390e+00,-2.080048219852684e-04
1.032999999999999e-06,1.867096003665294e+00,-2.198911849443960e-04
1.034999999999999e-06,1.798378024599947e+00,-2.311829357789735e-04
1.036999999999999e-06,1.727859474941192e+00,-2.414976578341489e-04
1.038999999999999e-06,1.659292826089495e+00,-2.499233059785654e-04
1.040999999999999e-06,1.599629872413542e+00,-2.546865041108961e-04
1.042999999999999e-06,1.557817370665658e+00,-2.550091301878170e-04
1.044999999999999e-06,1.539359286835584e+00,-2.524272656588050e-04
1.046999999999999e-06,1.542746322617959e+00,-2.495259287536600e-04
1.048999999999999e-06,1.561866302679085e+00,-2.477362203722241e-04
1.050999999999999e-06,1.590289074545882e+00,-2.471311973883907e-04
1.052999999999999e-06,1.623349922978743e+00,-2.471342345672978e-04
1.054999999999999e-06,1.658198869306684e+00,-2.472681371681621e-04
1.056999999999999e-06,1.693169665054161e+00,-2.470385725952578e-04
1.058999999999999e-06,1.727180777785936e+00,-2.455027902579536e-04
1.060999999999999e-06,1.759340956395518e+00,-2.410165689211106e-04
1.062999999999999e-06,1.788753110392979e+00,-2.324353620598198e-04
1.064999999999998e-06,1.814491260835799e+00,-2.206157493252913e-04
1.066999999999998e-06,1.835660367690302e+00,-2.081518684622086e-04
1.068999999999998e-06,1.851418238672051e+00,-1.975162175523304e-04
1.070999999999998e-06,1.860961027790396e+00,-1.901292641961417e-04
1.072999999999998e-06,1.863560026346818e+00,-1.863760976506908e-04
1.074999999999998e-06,1.858670833454554e+00,-1.859991337894804e-04
1.076999999999998e-06,1.846059818398744e+00,-1.883836703034902e-04
1.078999999999998e-06,1.825886706244940e+00,-1.928675949332971e-04
1.080999999999998e-06,1.798720511943162e+00,-1.988367835949775e-04
1.082999999999998e-06,1.765517543861547e+00,-2.057791793930771e-04
1.084999999999998e-06,1.727638105045595e+00,-2.132258961202723e-04
1.086999999999998e-06,1.687014213281243e+00,-2.206154958506026e-04
1.088999999999998e-06,1.646511206095432e+00,-2.271998716085546e-04
1.090999999999998e-06,1.610151516735465e+00,-2.321506896899889e-04
1.092999999999998e-06,1.582496431984812e+00,-2.349357903595411e-04
1.094999999999998e-06,1.566935348727057e+00,-2.358458850162449e-04
1.096999999999998e-06,1.564185961264080e+00,-2.357371804453658e-04
1.098999999999997e-06,1.572421244500195e+00,-2.353252298544361e-04
1.100999999999997e-06,1.588586515426131e+00,-2.346931912316255e-04
1.102999999999997e-06,1.609640336507228e+00,-2.334104262984358e-04
1.104999999999997e-06,1.633111167957719e+00,-2.308991432663594e-04
1.106999999999997e-06,1.657123230435719e+00,-2.268381398084953e-04
1.108999999999997e-06,1.680233787151759e+00,-2.213730145193078e-04
1.110999999999997e-06,1.701283423768706e+00,-2.151467303778185e-04
1.112999999999997e-06,1.719312800433533e+00,-2.089566978365480e-04
1.114999999999997e-06,1.733526189395057e+00,-2.036049501761934e-04
1.116999999999997e-06,1.743270221394402e+00,-1.996220900223967e-04
1.118999999999997e-06,1.748036060374454e+00,-1.972462391448273e-04
1.120999999999997e-06,1.747492310424823e+00,-1.965120983840736e-04
1.122999999999997e-06,1.741533543536725e+00,-1.973347538080304e-04
1.124999999999997e-06,1.730329441775919e+00,-1.995353024305170e-04
1.126999999999997e-06,1.714368797967627e+00,-2.028654075911483e-04
1.128999999999997e-06,1.694505544201215e+00,-2.069989459546454e-04
1.130999999999996e-06,1.672017758836229e+00,-2.115376543483391e-04
1.132999999999996e-06,1.648654539280317e+00,-2.160281990720207e-04
1.134999999999996e-06,1.626601405263201e+00,-2.199834565374706e-04
1.136999999999996e-06,1.608220130615950e+00,-2.230339537383532e-04
1.138999999999996e-06,1.595524962879064e+00,-2.250466892651061e-04
1.140999999999996e-06,1.589634637449804e+00,-2.261241151834606e-04
1.142999999999996e-06,1.590533367961221e+00,-2.264569501378096e-04
1.144999999999996e-06,1.597264803071212e+00,-2.261333639173943e-04
1.146999999999996e-06,1.608365154229575e+00,-2.250905798892980e-04
1.148999999999996e-06,1.622256768645514e+00,-2.232404943325836e-04
1.150999999999996e-06,1.637486582132081e+00,-2.205642914163789e-04
1.152999999999996e-06,1.652808585548324e+00,-2.172619007327492e-04
1.154999999999996e-06,1.667180144491513e+00,-2.136921196712469e-04
1.156999999999996e-06,1.679748382126059e+00,-2.102661670563548e-04
1.158999999999996e-06,1.689831197590610e+00,-2.073338570332269e-04
1.160999999999996e-06,1.696909625755416e+00,-2.051533059192645e-04
1.162999999999995e-06,1.700629244505833e+00,-2.038748387205779e-04
1.164999999999995e-06,1.700807457815485e+00,-2.035427343814020e-04
1.166999999999995e-06,1.697451161432221e+00,-2.041257475950538e-04
1.168999999999995e-06,1.690776607017460e+00,-2.055241310359234e-04
1.170999999999995e-06,1.681227988441856e+00,-2.075842289429140e-04
1.172999999999995e-06,1.669489978526338e+00,-2.100990266560064e-04
1.174999999999995e-06,1.656484009164975e+00,-2.128345405778378e-04
1.176999999999995e-06,1.643329455047312e+00,-2.155311226755090e-04
1.178999999999995e-06,1.631251088029324e+00,-2.179470641571029e-04
1.180999999999995e-06,1.621417862532303e+00,-2.199043368304461e-04
1.182999999999995e-06,1.614743238488265e+00,-2.213040330041613e-04
1.184999999999995e-06,1.611728909039050e+00,-2.221182046470002e-04
1.186999999999995e-06,1.612401637634344e+00,-2.223605729612618e-04
1.188999999999995e-06,1.616365327718448e+00,-2.220462868550246e-04
1.190999999999995e-06,1.622937386659971e+00,-2.211882079309829e-04
1.192999999999995e-06,1.631296138445099e+00,-2.198182791815162e-04
1.194999999999994e-06,1.640595682607189e+00,-2.180378630363446e-04
1.196999999999994e-06,1.650041574229611e+00,-2.159890922482571e-04
1.198999999999994e-06,1.658931758050284e+00,-2.138711410333739e-04
1.200999999999994e-06,1.666673870774222e+00,-2.118939595476250e-04
1.202999999999994e-06,1.672794585653786e+00,-2.102369456283107e-04
1.204999999999994e-06,1.676946225248263e+00,-2.090340670860547e-04
1.206999999999994e-06,1.678913911170687e+00,-2.083676749751216e-04
1.208999999999994e-06,1.678621022261680e+00,-2.082659004855240e-04
1.210999999999994e-06,1.676135393945479e+00,-2.087044467018511e-04
1.212999999999994e-06,1.671674106166678e+00,-2.096183267678521e-04
1.214999999999994e-06,1.665602385487933e+00,-2.109045954575520e-04
1.216999999999994e-06,1.658422752870621e+00,-2.124344630565838e-04
1.218999999999994e-06,1.650748265612053e+00,-2.140656585546014e-04
1.220999999999994e-06,1.643255157278777e+00,-2.156544191320831e-04
1.222999999999994e-06,1.636616149359214e+00,-2.170696795104591e-04
1.224999999999994e-06,1.631419067050925e+00,-2.182144262740642e-04
1.226999999999994e-06,1.628088626910550e+00,-2.190208828612164e-04
1.228999999999993e-06,1.626836028311543e+00,-2.194564641294830e-04
1.230999999999993e-06,1.627644975631949e+00,-2.195115006294413e-04
1.232999999999993e-06,1.630296172810159e+00,-2.191974694214285e-04
1.234999999999993e-06,1.634420189442746e+00,-2.185416680962791e-04
1.236999999999993e-06,1.639558421503944e+00,-2.176007247450488e-04
1.238999999999993e-06,1.645219301351702e+00,-2.164519273267688e-04
1.240999999999993e-06,1.650922313030859e+00,-2.151981536616816e-04
1.242999999999993e-06,1.656229377237875e+00,-2.139509257709677e-04
1.244999999999993e-06,1.660766466971360e+00,-2.128222182139444e-04
1.246999999999993e-06,1.664238108973428e+00,-2.119057483212845e-04
1.248999999999993e-06,1.666437367395702e+00,-2.112727457329360e-04
1.250999999999993e-06,1.667252621668652e+00,-2.109627584737191e-04
1.252999999999993e-06,1.666671197975406e+00,-2.109867785500232e-04
1.254999999999993e-06,1.664780090276766e+00,-2.113231859605432e-04
1.256999999999993e-06,1.661762681510926e+00,-2.119281619988202e-04
1.258999999999993e-06,1.657889348267179e+00,-2.127340527872592e-04
1.260999999999992e-06,1.653500375606140e+00,-2.136646326534185e-04
1.262999999999992e-06,1.648980223287128e+00,-2.146330059225696e-04
1.264999999999992e-06,1.644723503926187e+00,-2.155585968963146e-04
1.266999999999992e-06,1.641095647865462e+00,-2.163673927838458e-04
1.268999999999992e-06,1.638394147927771e+00,-2.170040197705876e-04
1.270999999999992e-06,1.636817528579080e+00,-2.174270612022256e-04
1.272999999999992e-06,1.636447758433580e+00,-2.176175657649010e-04
1.274999999999992e-06,1.637248584341318e+00,-2.175701974323232e-04
1.276999999999992e-06,1.639079482714420e+00,-2.172992344539147e-04
1.278999999999992e-06,1.641720470653891e+00,-2.168305967934116e-04
1.280999999999992e-06,1.644901300914871e+00,-2.162098837406422e-04
1.282999999999992e-06,1.648330359165686e+00,-2.154902342630411e-04
1.284999999999992e-06,1.651719971155353e+00,-2.147368749909499e-04
1.286999999999992e-06,1.654806891141595e+00,-2.140131436203405e-04
1.288999999999992e-06,1.657368111857907e+00,-2.133816573559544e-04
1.290999999999992e-06,1.659232405374442e+00,-2.128905746037338e-04
1.292999999999991e-06,1.660288254757676e+00,-2.125769699104209e-04
1.294999999999991e-06,1.660488427024970e+00,-2.124569514221326e-04
1.296999999999991e-06,1.659851131484734e+00,-2.125327253389769e-04
1.298999999999991e-06,1.658457839351342e+00,-2.127855507846798e-04
1.300999999999991e-06,1.656447319043588e+00,-2.131865036209890e-04
1.302999999999991e-06,1.654005330287736e+00,-2.136923724392426e-04
1.304999999999991e-06,1.651349991086380e+00,-2.142571114391488e-04
1.306999999999991e-06,1.648713239098899e+00,-2.148286572733328e-04
1.308999999999991e-06,1.646319853120134e+00,-2.153618399726335e-04
1.310999999999991e-06,1.644366374990255e+00,-2.158133788577845e-04
1.312999999999991e-06,1.643002701857099e+00,-2.161534998471549e-04
1.314999999999991e-06,1.642319096899012e+00,-2.163584805633488e-04
1.316999999999991e-06,1.642340300806387e+00,-2.164207553182138e-04
1.318999999999991e-06,1.643027115050655e+00,-2.163394608529034e-04
1.320999999999991e-06,1.644284813912593e+00,-2.161289085266788e-04
1.322999999999991e-06,1.645976412380549e+00,-2.158088402916442e-04
1.324999999999990e-06,1.647938286206534e+00,-2.154114735487537e-04
1.326999999999990e-06,1.649996015681392e+00,-2.149701066106828e-04
1.328999999999990e-06,1.651979044013859e+00,-2.145254061161123e-04
1.330999999999990e-06,1.653733301292084e+00,-2.141124145201220e-04
1.332999999999990e-06,1.655131334912144e+00,-2.137667865253264e-04
1.334999999999990e-06,1.656079815000851e+00,-2.135122134295223e-04
1.336999999999990e-06,1.656524443451451e+00,-2.133680668793384e-04
1.338999999999990e-06,1.656452204439605e+00,-2.133387026688598e-04
1.340999999999990e-06,1.655890882871099e+00,-2.134231217701801e-04
1.342999999999990e-06,1.654906003583222e+00,-2.136060445359864e-04
1.344999999999990e-06,1.653595156134748e+00,-2.138693726739231e-04
1.346999999999990e-06,1.652079687181677e+00,-2.141845343783606e-04
1.348999999999990e-06,1.650494287273967e+00,-2.145250696490547e-04
1.350999999999990e-06,1.648975243371219e+00,-2.148590948727005e-04
1.352999999999990e-06,1.647648408848172e+00,-2.151619807414185e-04
1.354999999999990e-06,1.646618163619868e+00,-2.154081237462941e-04
1.356999999999990e-06,1.645958649403978e+00,-2.155828187931030e-04
1.358999999999989e-06,1.645708311575492e+00,-2.156727886473365e-04
1.360999999999989e-06,1.645868235020667e+00,-2.156771635440199e-04
1.362999999999989e-06,1.646404196511496e+00,-2.155967987659183e-04
1.364999999999989e-06,1.647252021446787e+00,-2.154443508494100e-04
1.366999999999989e-06,1.648325265674114e+00,-2.152326260179335e-04
1.368999999999989e-06,1.649524065505674e+00,-2.149839728820227e-04
1.370999999999989e-06,1.650744244500253e+00,-2.147178325310415e-04
1.372999999999989e-06,1.651885915820723e+00,-2.144595613572956e-04
1.374999999999989e-06,1.652860987233848e+00,-2.142276788553704e-04
1.376999999999989e-06,1.653599209635769e+00,-2.140429057130954e-04
1.378999999999989e-06,1.654052545169328e+00,-2.139158384537829e-04
1.380999999999989e-06,1.654197756926063e+00,-2.138569086494472e-04
1.382999999999989e-06,1.654037124082221e+00,-2.138650589187940e-04
1.384999999999989e-06,1.653597318095124e+00,-2.139389064315073e-04
1.386999999999989e-06,1.652926548359332e+00,-2.140662940037551e-04
1.388999999999989e-06,1.652090085008223e+00,-2.142365540284682e-04
1.390999999999988e-06,1.651164442056591e+00,-2.144306929371014e-04
1.392999999999988e-06,1.650230684523106e+00,-2.146341009972382e-04
1.394999999999988e-06,1.649367403486975e+00,-2.148268322406542e-04
1.396999999999988e-06,1.648644018416080e+00,-2.149962615857309e-04
1.398999999999988e-06,1.648115059210562e+00,-2.151269152843699e-04
1.400999999999988e-06,1.647816006672147e+00,-2.152126733729542e-04
1.402999999999988e-06,1.647761069156640e+00,-2.152458787086973e-04
1.404999999999988e-06,1.647943043359478e+00,-2.152289450878808e-04
1.406999999999988e-06,1.648335134025366e+00,-2.151627192044757e-04
1.408999999999988e-06,1.648894406949369e+00,-2.150575357568844e-04
1.410999999999988e-06,1.649566392357987e+00,-2.149209303283735e-04
1.412999999999988e-06,1.650290317251705e+00,-2.147682813587773e-04
1.414999999999988e-06,1.651004449369521e+00,-2.146100808382933e-04
1.416999999999988e-06,1.651651121668305e+00,-2.144624466189044e-04
1.418999999999988e-06,1.652181083071523e+00,-2.143343121948055e-04
1.420999999999988e-06,1.652556932437207e+00,-2.142382089552465e-04
1.422999999999987e-06,1.652755461943742e+00,-2.141777727925711e-04
1.424999999999987e-06,1.652768825978419e+00,-2.141591281264189e-04
1.426999999999987e-06,1.652604501282595e+00,-2.141789403524487e-04
1.428999999999987e-06,1.652284084261499e+00,-2.142365006960463e-04
1.430999999999987e-06,1.651841022601274e+00,-2.143222988151410e-04
1.432999999999987e-06,1.651317466560933e+00,-2.144306646077899e-04
1.434999999999987e-06,1.650760482048471e+00,-2.145486307496935e-04
1.436999999999987e-06,1.650217947831252e+00,-2.146688368307689e-04
1.438999999999987e-06,1.649734486068550e+00,-2.147783658642739e-04
1.440999999999987e-06,1.649347799922044e+00,-2.148715960340286e-04
1.442999999999987e-06,1.649085741861793e+00,-2.149387339624906e-04
1.444999999999987e-06,1.648964375371345e+00,-2.149783916271650e-04
1.446999999999987e-06,1.648987166574911e+00,-2.149856656556309e-04
1.448999999999987e-06,1.649145332362334e+00,-2.149643540982894e-04
1.450999999999987e-06,1.649419234511472e+00,-2.149145625701319e-04
1.452999999999987e-06,1.649780627542117e+00,-2.148445917121162e-04
1.454999999999986e-06,1.650195488618839e+00,-2.147581530035908e-04
1.456999999999986e-06,1.650627148137030e+00,-2.146660515031904e-04
1.458999999999986e-06,1.651039430551695e+00,-2.145731799441413e-04
1.460999999999986e-06,1.651399562120709e+00,-2.144902002843026e-04
1.462999999999986e-06,1.651680631590115e+00,-2.144205435829228e-04
1.464999999999986e-06,1.651863457544951e+00,-2.143723153260897e-04
1.466999999999986e-06,1.651937752911664e+00,-2.143455086360316e-04
1.468999999999986e-06,1.651902544899282e+00,-2.143442915695291e-04
1.470999999999986e-06,1.651765843125013e+00,-2.143645315361893e-04
1.472999999999986e-06,1.651543613887394e+00,-2.144064931722581e-04
1.474999999999986e-06,1.651258150163236e+00,-2.144626349608828e-04
1.476999999999986e-06,1.650935987039104e+00,-2.145306158407576e-04
1.478999999999986e-06,1.650605533165223e+00,-2.146012207649772e-04
1.480999999999986e-06,1.650294629543576e+00,-2.146715003645242e-04
1.482999999999986e-06,1.650028238895216e+00,-2.147326419779389e-04
1.484999999999986e-06,1.649826471963475e+00,-2.147830645994075e-04
1.486999999999986e-06,1.649703107648750e+00,-2.148160809381220e-04
1.488999999999985e-06,1.649664728076713e+00,-2.148328241798041e-04
1.490999999999985e-06,1.649710510733256e+00,-2.148296196026082e-04
1.492999999999985e-06,1.649832669680975e+00,-2.148106979811069e-04
1.494999999999985e-06,1.650017461882750e+00,-2.147752741757217e-04
1.496999999999985e-06,1.650246643203655e+00,-2.147300786537383e-04
1.498999999999985e-06,1.650499212756106e+00,-2.146762095367426e-04
1.500999999999985e-06,1.650753287839118e+00,-2.146215755664451e-04
1.502999999999985e-06,1.650987939888006e+00,-2.145676385454769e-04
1.504999999999985e-06,1.651184854424999e+00,-2.145218978875128e-04
1.506999999999985e-06,1.651329687919908e+00,-2.144846592432155e-04
1.508999999999985e-06,1.651413041170112e+00,-2.144616858918980e-04
1.510999999999985e-06,1.651430986900792e+00,-2.144511013826085e-04
1.512999999999985e-06,1.651385139588616e+00,-2.144562823879087e-04
1.514999999999985e-06,1.651282273891020e+00,-2.144729358819731e-04
1.516999999999985e-06,1.651133546111994e+00,-2.145022333843304e-04
1.518999999999985e-06,1.650953386656765e+00,-2.145380263952336e-04
1.520999999999984e-06,1.650758170943080e+00,-2.145801539626188e-04
1.522999999999984e-06,1.650564777527517e+00,-2.146217063882052e-04
1.524999999999984e-06,1.650389165031809e+00,-2.146624004328566e-04
1.526999999999984e-06,1.650245080513198e+00,-2.146957855641510e-04
1.528999999999984e-06,1.650143012836968e+00,-2.147225843360021e-04
1.530999999999984e-06,1.650089464407465e+00,-2.147377556977790e-04
1.532999999999984e-06,1.650086597934409e+00,-2.147437331787238e-04
1.534999999999984e-06,1.650132263685355e+00,-2.147373020902412e-04
1.536999999999984e-06,1.650220392568870e+00,-2.147227168859266e-04
1.538999999999984e-06,1.650341694027722e+00,-2.146983986987385e-04
1.540999999999984e-06,1.650484589404212e+00,-2.146699594856637e-04
1.542999999999984e-06,1.650636281442995e+00,-2.146367694635889e-04
1.544999999999984e-06,1.650783870635490e+00,-2.146049516305465e-04
1.546999999999984e-06,1.650915417300187e+00,-2.145738954141828e-04
1.548999999999984e-06,1.651020874007529e+00,-2.145493003174631e-04
1.550999999999984e-06,1.651092813681221e+00,-2.145297147022833e-04
1.552999999999983e-06,1.651126913436323e+00,-2.145196972951443e-04
1.554999999999983e-06,1.651122160620569e+00,-2.145164358234318e-04
1.556999999999983e-06,1.651080784726504e+00,-2.145230617112593e-04
1.558999999999983e-06,1.651007925220082e+00,-2.145353627316984e-04
1.560999999999983e-06,1.650911079887980e+00,-2.145552408506025e-04
1.562999999999983e-06,1.650799379771035e+00,-2.145774922945128e-04
1.564999999999983e-06,1.650682763797725e+00,-2.146033621763939e-04
1.566999999999983e-06,1.650571117927165e+00,-2.146273359838323e-04
1.568999999999983e-06,1.650473459197596e+00,-2.146507285982624e-04
1.570999999999983e-06,1.650397224428824e+00,-2.146684247191181e-04
1.572999999999983e-06,1.650347726584079e+00,-2.146824445365515e-04
1.574999999999983e-06,1.650327810580316e+00,-2.146885856945299e-04
1.576999999999983e-06,1.650337735694491e+00,-2.146899294228508e-04
1.578999999999983e-06,1.650375276578808e+00,-2.146833640879495e-04
1.580999999999983e-06,1.650436030268001e+00,-2.146730251497722e-04
1.582999999999983e-06,1.650513885551829e+00,-2.146567100864260e-04
1.584999999999982e-06,1.650601613700717e+00,-2.146392743164442e-04
1.586999999999982e-06,1.650691517951397e+00,-2.146189721431769e-04
1.588999999999982e-06,1.650776092022781e+00,-2.146008493974236e-04
1.590999999999982e-06,1.650848626361099e+00,-2.145830580012257e-04
1.592999999999982e-06,1.650903722552016e+00,-2.145702929031354e-04
1.594999999999982e-06,1.650937672036185e+00,-2.145601244267290e-04
1.596999999999982e-06,1.650948682274294e+00,-2.145565160407680e-04
1.598999999999982e-06,1.650936932466848e+00,-2.145562030676736e-04
1.600999999999982e-06,1.650904469023202e+00,-2.145623062970904e-04
1.602999999999982e-06,1.650854949468873e+00,-2.145707593773907e-04
1.604999999999982e-06,1.650793269005272e+00,-2.145840088207241e-04
1.606999999999982e-06,1.650725098333778e+00,-2.145974700291826e-04
1.608999999999982e-06,1.650656381326440e+00,-2.146132830465356e-04
1.610999999999982e-06,1.650592829024736e+00,-2.146267634600405e-04
1.612999999999982e-06,1.650539459024696e+00,-2.146401760399042e-04
1.614999999999982e-06,1.650500210021250e+00,-2.146491446580560e-04
1.616999999999982e-06,1.650477667339130e+00,-2.146564113842759e-04
1.618999999999981e-06,1.650472910671039e+00,-2.146581794252855e-04
1.620999999999981e-06,1.650485497776436e+00,-2.146578387101920e-04
1.622999999999981e-06,1.650513572262832e+00,-2.146522344555186e-04
1.624999999999981e-06,1.650554086905921e+00,-2.146453579885915e-04
1.626999999999981e-06,1.650603111381048e+00,-2.146345500880824e-04
1.628999999999981e-06,1.650656201172380e+00,-2.146241735871056e-04
1.630999999999981e-06,1.650708787383542e+00,-2.146117741300385e-04
1.632999999999981e-06,1.650756560890955e+00,-2.146017612102710e-04
1.634999999999981e-06,1.650795813055210e+00,-2.145915546647241e-04
1.636999999999981e-06,1.650823713926146e+00,-2.145853013117084e-04
1.638999999999981e-06,1.650838501750372e+00,-2.145800325615310e-04
1.640999999999981e-06,1.650839579191190e+00,-2.145794356780852e-04
1.642999999999981e-06,1.650827506275715e+00,-2.145800367180568e-04
1.644999999999981e-06,1.650803901940174e+00,-2.145850317016088e-04
1.646999999999981e-06,1.650771259779526e+00,-2.145904938673828e-04
1.648999999999981e-06,1.650732703442113e+00,-2.145992563920645e-04
1.650999999999980e-06,1.650691697964846e+00,-2.146071294331440e-04
1.652999999999980e-06,1.650651749247332e+00,-2.146168152047707e-04
1.654999999999980e-06,1.650616110648074e+00,-2.146241148122436e-04
1.656999999999980e-06,1.650587527197481e+00,-2.146318526731131e-04
1.658999999999980e-06,1.650568030569381e+00,-2.146360518224562e-04
1.660999999999980e-06,1.650558806046479e+00,-2.146398508557725e-04
1.662999999999980e-06,1.650560132823195e+00,-2.146396339120197e-04
1.664999999999980e-06,1.650571405490698e+00,-2.146389296756498e-04
1.666999999999980e-06,1.650591224668277e+00,-2.146344945484569e-04
1.668999999999980e-06,1.650617552186447e+00,-2.146301952830831e-04
1.670999999999980e-06,1.650647908440533e+00,-2.146230523774633e-04
1.672999999999980e-06,1.650679599794456e+00,-2.146171177082013e-04
1.674999999999980e-06,1.650709949465492e+00,-2.146094934620209e-04
1.676999999999980e-06,1.650736518994680e+00,-2.146042200154093e-04
1.678999999999980e-06,1.650757296323449e+00,-2.145982882811509e-04
1.680999999999980e-06,1.650770842909091e+00,-2.145955534233079e-04
1.682999999999979e-06,1.650776383585047e+00,-2.145927538889080e-04
1.684999999999979e-06,1.650773840740412e+00,-2.145934609962662e-04
1.686999999999979e-06,1.650763806426386e+00,-2.145941112423538e-04
1.688999999999979e-06,1.650747463728588e+00,-2.145979935945866e-04
1.690999999999979e-06,1.650726460030748e+00,-2.146012923892239e-04
1.692999999999979e-06,1.650702750915763e+00,-2.146071056669725e-04
1.694999999999979e-06,1.650678422763469e+00,-2.146114895173253e-04
1.696999999999979e-06,1.650655515790119e+00,-2.146174952734187e-04
1.698999999999979e-06,1.650635856078929e+00,-2.146212026954374e-04
1.700999999999979e-06,1.650620916164127e+00,-2.146257628691722e-04
1.702999999999979e-06,1.650611708374348e+00,-2.146274085389814e-04
1.704999999999979e-06,1.650608724332032e+00,-2.146294926081582e-04
1.706999999999979e-06,1.650611917415890e+00,-2.146284692153018e-04
1.708999999999979e-06,1.650620733616004e+00,-2.146279232119260e-04
1.710999999999979e-06,1.650634179932201e+00,-2.146245214757158e-04
1.712999999999979e-06,1.650650928767132e+00,-2.146220354907922e-04
1.714999999999978e-06,1.650669441992663e+00,-2.146172696216121e-04
1.716999999999978e-06,1.650688109405416e+00,-2.146140830643740e-04
1.718999999999978e-06,1.650705383540019e+00,-2.146093045443255e-04
1.720999999999978e-06,1.650719905820047e+00,-2.146067642451739e-04
1.722999999999978e-06,1.650730608170482e+00,-2.146032042100927e-04
1.724999999999978e-06,1.650736788819192e+00,-2.146023293364414e-04
1.726999999999978e-06,1.650738151422390e+00,-2.146007209655018e-04
1.728999999999978e-06,1.650734811868113e+00,-2.146019111863755e-04
1.730999999999978e-06,1.650727267882904e+00,-2.146023035458558e-04
1.732999999999978e-06,1.650716341489422e+00,-2.146052698635147e-04
1.734999999999978e-06,1.650703094518117e+00,-2.146070757328228e-04
1.736999999999978e-06,1.650688731147780e+00,-2.146109954284251e-04
1.738999999999978e-06,1.650674490350409e+00,-2.146132356060270e-04
1.740999999999978e-06,1.650661543352859e+00,-2.146170609427145e-04
1.742999999999978e-06,1.650650898620240e+00,-2.146187094324157e-04
1.744999999999978e-06,1.650643327605891e+00,-2.146215197794811e-04
1.746999999999978e-06,1.650639310751232e+00,-2.146218317522171e-04
1.748999999999977e-06,1.650639012929319e+00,-2.146231115284643e-04
1.750999999999977e-06,1.650642283329112e+00,-2.146218326528781e-04
1.752999999999977e-06,1.650648684258854e+00,-2.146215970042044e-04
1.754999999999977e-06,1.650657539498692e+00,-2.146189981533571e-04
1.756999999999977e-06,1.650668002850732e+00,-2.146177392698734e-04
1.758999999999977e-06,1.650679134662589e+00,-2.146144829466585e-04
1.760999999999977e-06,1.650689985227236e+00,-2.146129708676318e-04
1.762999999999977e-06,1.650699672235082e+00,-2.146098660455263e-04
1.764999999999977e-06,1.650707451769622e+00,-2.146088798784288e-04
1.766999999999977e-06,1.650712771768274e+00,-2.146066131791861e-04
1.768999999999977e-06,1.650715309880008e+00,-2.146066946231638e-04
1.770999999999977e-06,1.650714987854249e+00,-2.146056247070015e-04
1.772999999999977e-06,1.650711967862525e+00,-2.146069286124693e-04
1.774999999999977e-06,1.650706626438705e+00,-2.146070032255644e-04
1.776999999999977e-06,1.650699514682964e+00,-2.146092842149099e-04
1.778999999999977e-06,1.650691303207270e+00,-2.146100946612882e-04
1.780999999999976e-06,1.650682722504251e+00,-2.146128218091256e-04
1.782999999999976e-06,1.650674498452760e+00,-2.146137645712716e-04
1.784999999999976e-06,1.650667293940458e+00,-2.146163152333257e-04
1.786999999999976e-06,1.650661655729384e+00,-2.146168006986775e-04
1.788999999999976e-06,1.650657976099489e+00,-2.146186653494708e-04
1.790999999999976e-06,1.650656466395534e+00,-2.146183026298144e-04
1.792999999999976e-06,1.650657149441451e+00,-2.146192354590445e-04
1.794999999999976e-06,1.650659865229137e+00,-2.146179371920791e-04
1.796999999999976e-06,1.650664294111432e+00,-2.146180091060154e-04
1.798999999999976e-06,1.650669989434474e+00,-2.146159911969303e-04
1.800999999999976e-06,1.650676421735724e+00,-2.146155384197328e-04
1.802999999999976e-06,1.650683025068371e+00,-2.146132240215705e-04
1.804999999999976e-06,1.650689246751639e+00,-2.146127174499476e-04
1.806999999999976e-06,1.650694591055694e+00,-2.146105842474523e-04
1.808999999999976e-06,1.650698658719328e+00,-2.146104685289122e-04
1.810999999999976e-06,1.650701174052221e+00,-2.146088930541961e-04
1.812999999999975e-06,1.650702003142518e+00,-2.146094485213938e-04
1.814999999999975e-06,1.650701156939017e+00,-2.146085964877253e-04
1.816999999999975e-06,1.650698784803976e+00,-2.146098659089821e-04
1.818999999999975e-06,1.650695154380624e+00,-2.146096592242932e-04
1.820999999999975e-06,1.650690625203826e+00,-2.146114560728936e-04
1.822999999999975e-06,1.650685613428962e+00,-2.146116202744463e-04
1.824999999999975e-06,1.650680556070753e+00,-2.146136087476511e-04
1.826999999999975e-06,1.650675872660745e+00,-2.146137775809905e-04
1.828999999999975e-06,1.650671932703847e+00,-2.146155924139247e-04
1.830999999999975e-06,1.650669026256213e+00,-2.146154317425496e-04
1.832999999999975e-06,1.650667344960811e+00,-2.146167962903988e-04
1.834999999999975e-06,1.650666969625970e+00,-2.146161069481435e-04
1.836999999999975e-06,1.650667870025317e+00,-2.146169121034325e-04
1.838999999999975e-06,1.650669911394148e+00,-2.146156799970564e-04
1.840999999999975e-06,1.650672871745658e+00,-2.146160032604645e-04
1.842999999999975e-06,1.650676463082123e+00,-2.146143869217561e-04
1.844999999999975e-06,1.650680359514954e+00,-2.146144508393550e-04
1.846999999999974e-06,1.650684224738826e+00,-2.146127155337385e-04
1.848999999999974e-06,1.650687741524382e+00,-2.146128040780807e-04
1.850999999999974e-06,1.650690635766968e+00,-2.146112280441062e-04
1.852999999999974e-06,1.650692698294627e+00,-2.146115911013212e-04
1.854999999999974e-06,1.650693797853578e+00,-2.146103767971342e-04
1.856999999999974e-06,1.650693889482098e+00,-2.146111547832611e-04
1.858999999999974e-06,1.650693012937172e+00,-2.146103718100143e-04
1.860999999999974e-06,1.650691286623333e+00,-2.146115611626436e-04
1.862999999999974e-06,1.650688892921993e+00,-2.146111364564215e-04
1.864999999999974e-06,1.650686061306185e+00,-2.146126040281842e-04
1.866999999999974e-06,1.650683045982809e+00,-2.146123584533890e-04
1.868999999999974e-06,1.650680104931500e+00,-2.146138955679480e-04
1.870999999999974e-06,1.650677477239947e+00,-2.146136096188745e-04
1.872999999999974e-06,1.650675365433110e+00,-2.146150050069238e-04
1.874999999999974e-06,1.650673919292049e+00,-2.146144924248634e-04
1.876999999999974e-06,1.650673227146467e+00,-2.146155988306658e-04
1.878999999999973e-06,1.650673310319846e+00,-2.146147620469925e-04
1.880999999999973e-06,1.650674125699069e+00,-2.146155370173614e-04
1.882999999999973e-06,1.650675571158484e+00,-2.146143897179990e-04
1.884999999999973e-06,1.650677497952880e+00,-2.146148994718333e-04
1.886999999999973e-06,1.650679724035303e+00,-2.146135521811077e-04
1.888999999999973e-06,1.650682051828718e+00,-2.146139402473720e-04
1.890999999999973e-06,1.650684284107036e+00,-2.146125564400533e-04
1.892999999999973e-06,1.650686241407527e+00,-2.146129917422633e-04
1.894999999999973e-06,1.650687774868170e+00,-2.146117313802497e-04
1.896999999999973e-06,1.650688778207876e+00,-2.146123521931544e-04
1.898999999999973e-06,1.650689193359851e+00,-2.146113216562266e-04
1.900999999999973e-06,1.650689014116607e+00,-2.146121949357085e-04
1.902999999999973e-06,1.650688283067565e+00,-2.146114182111713e-04
1.904999999999973e-06,1.650687086914943e+00,-2.146125251227787e-04
1.906999999999973e-06,1.650685546103711e+00,-2.146119439821058e-04
1.908999999999973e-06,1.650683804411395e+00,-2.146131934750593e-04
1.910999999999973e-06,1.650682014863758e+00,-2.146126933349861e-04
1.912999999999973e-06,1.650680327775229e+00,-2.146139578694191e-04
1.914999999999973e-06,1.650678877347780e+00,-2.146134091872896e-04
1.916999999999973e-06,1.650677772472593e+00,-2.146145679636607e-04
1.918999999999973e-06,1.650677087814251e+00,-2.146138685477490e-04
1.920999999999974e-06,1.650676860364372e+00,-2.146148454848550e-04
1.922999999999974e-06,1.650677087076510e+00,-2.146139502156193e-04
1.924999999999974e-06,1.650677728091366e+00,-2.146147333475349e-04
1.926999999999974e-06,1.650678710679891e+00,-2.146136630608309e-04
1.928999999999974e-06,1.650679937896500e+00,-2.146143027769311e-04
1.930999999999974e-06,1.650681296619547e+00,-2.146131317521014e-04
1.932999999999975e-06,1.650682668752521e+00,-2.146137189414055e-04
1.934999999999975e-06,1.650683940134979e+00,-2.146125465516821e-04
1.936999999999975e-06,1.650685010834264e+00,-2.146131802296126e-04
1.938999999999975e-06,1.650685801673146e+00,-2.146120970247121e-04
1.940999999999975e-06,1.650686260856689e+00,-2.146128523630119e-04
1.942999999999975e-06,1.650686365866080e+00,-2.146119126367470e-04
1.944999999999975e-06,1.650686125019499e+00,-2.146128193747789e-04
1.946999999999976e-06,1.650685574272575e+00,-2.146120271940855e-04
1.948999999999976e-06,1.650684773996619e+00,-2.146130644782633e-04
1.950999999999976e-06,1.650683801781711e+00,-2.146123769558673e-04
1.952999999999976e-06,1.650682746283875e+00,-2.146134845388899e-04
1.954999999999976e-06,1.650681698327740e+00,-2.146128298308693e-04
1.956999999999976e-06,1.650680744346721e+00,-2.146139307522250e-04
1.958999999999977e-06,1.650679958423342e+00,-2.146132335475878e-04
1.960999999999977e-06,1.650679397784616e+00,-2.146142599629040e-04
1.962999999999977e-06,1.650679097837302e+00,-2.146134651142425e-04
1.964999999999977e-06,1.650679071316210e+00,-2.146143787716341e-04
1.966999999999977e-06,1.650679307260913e+00,-2.146134672962474e-04
1.968999999999977e-06,1.650679774068703e+00,-2.146142691545648e-04
1.970999999999977e-06,1.650680422058427e+00,-2.146132606977701e-04
1.972999999999978e-06,1.650681189441784e+00,-2.146139865545896e-04
1.974999999999978e-06,1.650682006983524e+00,-2.146129297471302e-04
1.976999999999978e-06,1.650682805082699e+00,-2.146136361520885e-04
1.978999999999978e-06,1.650683518515209e+00,-2.146125904107931e-04
1.980999999999978e-06,1.650684092637564e+00,-2.146133346656769e-04
1.982999999999978e-06,1.650684486384106e+00,-2.146123505718490e-04
1.984999999999978e-06,1.650684676011142e+00,-2.146131726735035e-04
1.986999999999979e-06,1.650684655251758e+00,-2.146122767971669e-04
1.988999999999979e-06,1.650684436004882e+00,-2.146131884093100e-04
1.990999999999979e-06,1.650684045494512e+00,-2.146123772241155e-04
1.992999999999979e-06,1.650683524291563e+00,-2.146133604347871e-04
1.994999999999979e-06,1.650682921352460e+00,-2.146126040085585e-04
1.996999999999979e-06,1.650682290569458e+00,-2.146136200026186e-04
1.998999999999980e-06,1.650681685089445e+00,-2.146128740820584e-04
2.000999999999980e-06,1.650681153952687e+00,-2.146138770352391e-04
2.002999999999980e-06,1.650680737273562e+00,-2.146130982829844e-04
2.004999999999980e-06,1.650680464299703e+00,-2.146140505333101e-04
2.006999999999980e-06,1.650680350543331e+00,-2.146132099859672e-04
2.008999999999980e-06,1.650680398134200e+00,-2.146140934026266e-04
2.010999999999980e-06,1.650680595293096e+00,-2.146131845268294e-04
2.012999999999981e-06,1.650680918926377e+00,-2.146140040369460e-04
2.014999999999981e-06,1.650681336112413e+00,-2.146130424996004e-04
2.016999999999981e-06,1.650681808235798e+00,-2.146138227794325e-04
2.018999999999981e-06,1.650682293489469e+00,-2.146128396561702e-04
2.020999999999981e-06,1.650682751428837e+00,-2.146136152514116e-04
2.022999999999981e-06,1.650683145298280e+00,-2.146126456195893e-04
2.024999999999981e-06,1.650683445847345e+00,-2.146134491949544e-04
2.026999999999982e-06,1.650683632434339e+00,-2.146125209006572e-04
2.028999999999982e-06,1.650683695266730e+00,-2.146133732747993e-04
2.030999999999982e-06,1.650683634765471e+00,-2.146124985157335e-04
2.032999999999982e-06,1.650683461980485e+00,-2.146134029346823e-04
2.034999999999982e-06,1.650683196247361e+00,-2.146125762579593e-04
2.036999999999982e-06,1.650682864127511e+00,-2.146135190873307e-04
2.038999999999983e-06,1.650682495938799e+00,-2.146127203948710e-04
2.040999999999983e-06,1.650682124017248e+00,-2.146136769907814e-04
2.042999999999983e-06,1.650681779018373e+00,-2.146128792971898e-04
2.044999999999983e-06,1.650681488384913e+00,-2.146138229234884e-04
2.046999999999983e-06,1.650681273322054e+00,-2.146130017015401e-04
2.048999999999983e-06,1.650681148253662e+00,-2.146139116851374e-04
2.050999999999983e-06,1.650681119033772e+00,-2.146130521570021e-04
2.052999999999984e-06,1.650681183775573e+00,-2.146139206552365e-04
2.054999999999984e-06,1.650681332475310e+00,-2.146130217594134e-04
2.056999999999984e-06,1.650681549124795e+00,-2.146138541179823e-04
2.058999999999984e-06,1.650681812402124e+00,-2.146129274119037e-04
2.060999999999984e-06,1.650682098595452e+00,-2.146137400044470e-04
2.062999999999984e-06,1.650682382774300e+00,-2.146128048886685e-04
2.064999999999984e-06,1.650682641793560e+00,-2.146136186782122e-04
2.066999999999985e-06,1.650682855237304e+00,-2.146126956608110e-04
2.068999999999985e-06,1.650683007858778e+00,-2.146135289518442e-04
2.070999999999985e-06,1.650683089707314e+00,-2.146126329417171e-04
2.072999999999985e-06,1.650683097586215e+00,-2.146134960559791e-04
2.074999999999985e-06,1.650683034118686e+00,-2.146126323635606e-04
2.076999999999985e-06,1.650682908129127e+00,-2.146135251890674e-04
2.078999999999986e-06,1.650682732750715e+00,-2.146126885428810e-04
2.080999999999986e-06,1.650682525015941e+00,-2.146136012824737e-04
2.082999999999986e-06,1.650682303383813e+00,-2.146127784433878e-04
2.084999999999986e-06,1.650682087025711e+00,-2.146136959048972e-04
2.086999999999986e-06,1.650681893340863e+00,-2.146128708295153e-04
2.088999999999986e-06,1.650681737465232e+00,-2.146137774250108e-04
2.090999999999986e-06,1.650681630271874e+00,-2.146129363808968e-04
2.092999999999987e-06,1.650681578532596e+00,-2.146138211390654e-04
2.094999999999987e-06,1.650681583691735e+00,-2.146129568483833e-04
2.096999999999987e-06,1.650681642847736e+00,-2.146138166856477e-04
2.098999999999987e-06,1.650681748354423e+00,-2.146129301800157e-04
2.100999999999987e-06,1.650681889528671e+00,-2.146137697872184e-04
2.102999999999987e-06,1.650682052821193e+00,-2.146128690986878e-04
2.104999999999987e-06,1.650682223914390e+00,-2.146136991496651e-04
2.106999999999988e-06,1.650682388106188e+00,-2.146127962603549e-04
2.108999999999988e-06,1.650682532378520e+00,-2.146136290375862e-04
2.110999999999988e-06,1.650682645548915e+00,-2.146127357847791e-04
2.112999999999988e-06,1.650682719951466e+00,-2.146135815190630e-04
2.114999999999988e-06,1.650682751069142e+00,-2.146127057186341e-04
2.116999999999988e-06,1.650682738582304e+00,-2.146135693378492e-04
2.118999999999989e-06,1.650682685368310e+00,-2.146127128430061e-04
2.120999999999989e-06,1.650682597949977e+00,-2.146135930114653e-04
2.122999999999989e-06,1.650682484954449e+00,-2.146127516247341e-04
2.124999999999989e-06,1.650682357122994e+00,-2.146136417131990e-04
2.126999999999989e-06,1.650682225507232e+00,-2.146128069892453e-04
2.128999999999989e-06,1.650682101352895e+00,-2.146136976057493e-04
2.130999999999989e-06,1.650681994359620e+00,-2.146128599979824e-04
2.132999999999990e-06,1.650681912755001e+00,-2.146137422770620e-04
2.134999999999990e-06,1.650681861873930e+00,-2.146128942716703e-04
2.136999999999990e-06,1.650681844669476e+00,-2.146137625738850e-04
2.138999999999990e-06,1.650681860771653e+00,-2.146129008811382e-04
2.140999999999990e-06,1.650681907481482e+00,-2.146137541741400e-04
2.142999999999990e-06,1.650681979297786e+00,-2.146128802503649e-04
2.144999999999990e-06,1.650682069304120e+00,-2.146137223194179e-04
2.146999999999991e-06,1.650682169015764e+00,-2.146128416537698e-04
2.148999999999991e-06,1.650682269943808e+00,-2.146136791414489e-04
2.150999999999991e-06,1.650682363498835e+00,-2.146127989707508e-04
2.152999999999991e-06,1.650682442500948e+00,-2.146136391621548e-04
2.154999999999991e-06,1.650682500919283e+00,-2.146127661622590e-04
2.156999999999991e-06,1.650682535098709e+00,-2.146136145894888e-04
2.158999999999992e-06,1.650682543163939e+00,-2.146127527702213e-04
2.160999999999992e-06,1.650682525878155e+00,-2.146136116615490e-04
2.162999999999992e-06,1.650682485671152e+00,-2.146127614108804e-04
2.164999999999992e-06,1.650682427136543e+00,-2.146136291762859e-04
2.166999999999992e-06,1.650682355777501e+00,-2.146127873842147e-04
2.168999999999992e-06,1.650682278283115e+00,-2.146136596311081e-04
2.170999999999992e-06,1.650682201148440e+00,-2.146128209924085e-04
2.172999999999993e-06,1.650682130918107e+00,-2.146136920782214e-04
2.174999999999993e-06,1.650682072874817e+00,-2.146128511470585e-04
2.176999999999993e-06,1.650682031426330e+00,-2.146137160430667e-04
2.178999999999993e-06,1.650682009024684e+00,-2.146128686270316e-04
2.180999999999993e-06,1.650682006807703e+00,-2.146137245112606e-04
2.182999999999993e-06,1.650682023818414e+00,-2.146128692734026e-04
2.184999999999993e-06,1.650682057930519e+00,-2.146137162538197e-04
2.186999999999994e-06,1.650682105331883e+00,-2.146128545801601e-04
2.188999999999994e-06,1.650682161672039e+00,-2.146136951491905e-04
2.190999999999994e-06,1.650682221692769e+00,-2.146128306393278e-04
2.192999999999994e-06,1.650682280449453e+00,-2.146136690575102e-04
2.194999999999994e-06,1.650682332962234e+00,-2.146128061033989e-04
2.196999999999994e-06,1.650682375379157e+00,-2.146136464723500e-04
2.198999999999995e-06,1.650682404488500e+00,-2.146127887766649e-04
2.200999999999995e-06,1.650682418699875e+00,-2.146136341172993e-04
2.202999999999995e-06,1.650682417361619e+00,-2.146127836041373e-04
2.204999999999995e-06,1.650682401498452e+00,-2.146136347837689e-04
2.206999999999995e-06,1.650682372925960e+00,-2.146127912538172e-04
2.208999999999995e-06,1.650682334786048e+00,-2.146136469851387e-04
2.210999999999995e-06,1.650682290492980e+00,-2.146128082416673e-04
2.212999999999996e-06,1.650682244177301e+00,-2.146136656466577e-04
2.214999999999996e-06,1.650682199578654e+00,-2.146128285234285e-04
2.216999999999996e-06,1.650682160476916e+00,-2.146136841841571e-04
2.218999999999996e-06,1.650682129659819e+00,-2.146128453914729e-04
2.220999999999996e-06,1.650682109459729e+00,-2.146136965728760e-04
2.222999999999996e-06,1.650682100868698e+00,-2.146128541212515e-04
2.224999999999996e-06,1.650682104226626e+00,-2.146136994534328e-04
2.226999999999997e-06,1.650682118514772e+00,-2.146128526537486e-04
2.228999999999997e-06,1.650682142217153e+00,-2.146136925221792e-04
2.230999999999997e-06,1.650682172751686e+00,-2.146128426715914e-04
2.232999999999997e-06,1.650682207450828e+00,-2.146136788600172e-04
2.234999999999997e-06,1.650682243079403e+00,-2.146128281684080e-04
2.236999999999997e-06,1.650682276826772e+00,-2.146136632221480e-04
2.238999999999998e-06,1.650682305822375e+00,-2.146128143196716e-04
2.240999999999998e-06,1.650682328068803e+00,-2.146136505990250e-04
2.242999999999998e-06,1.650682341870235e+00,-2.146128055060999e-04
2.244999999999998e-06,1.650682346663070e+00,-2.146136445355553e-04
2.246999999999998e-06,1.650682342307093e+00,-2.146128041867936e-04
2.248999999999998e-06,1.650682329763336e+00,-2.146136462545213e-04
2.250999999999998e-06,1.650682310283057e+00,-2.146128102312749e-04
2.252999999999999e-06,1.650682285970932e+00,-2.146136543589462e-04
2.254999999999999e-06,1.650682258891064e+00,-2.146128211979157e-04
2.256999999999999e-06,1.650682231584439e+00,-2.146136655433514e-04
2.258999999999999e-06,1.650682206144145e+00,-2.146128333052703e-04
2.260999999999999e-06,1.650682184750329e+00,-2.146136758750662e-04
2.262999999999999e-06,1.650682168809770e+00,-2.146128427783375e-04
2.264999999999999e-06,1.650682159549518e+00,-2.146136820380317e-04
2.267000000000000e-06,1.650682157249905e+00,-2.146128469047767e-04
2.269000000000000e-06,1.650682161943681e+00,-2.146136823345692e-04
2.271000000000000e-06,1.650682172747685e+00,-2.146128451847762e-04
2.273000000000000e-06,1.650682188643638e+00,-2.146136770598874e-04
2.275000000000000e-06,1.650682207913520e+00,-2.146128386910107e-04
2.277000000000000e-06,1.650682228975195e+00,-2.146136682731171e-04
2.279000000000001e-06,1.650682249834222e+00,-2.146128301243519e-04
2.281000000000001e-06,1.650682268943970e+00,-2.146136589147965e-04
2.283000000000001e-06,1.650682284649388e+00,-2.146128224602437e-04
2.285000000000001e-06,1.650682295979124e+00,-2.146136518459166e-04
2.287000000000001e-06,1.650682302036893e+00,-2.146128182499866e-04
2.289000000000001e-06,1.650682302733961e+00,-2.146136489752352e-04
2.291000000000001e-06,1.650682298105444e+00,-2.146128185823836e-04
2.293000000000002e-06,1.650682288948616e+00,-2.146136506714243e-04
2.295000000000002e-06,1.650682276069035e+00,-2.146128230985403e-04
2.297000000000002e-06,1.650682260867591e+00,-2.146136557847367e-04
2.299000000000002e-06,1.650682244549258e+00,-2.146128301480932e-04
2.301000000000002e-06,1.650682228672385e+00,-2.146136623408519e-04
2.303000000000002e-06,1.650682214368901e+00,-2.146128373738612e-04
2.305000000000002e-06,1.650682202908300e+00,-2.146136679131322e-04
2.307000000000003e-06,1.650682194942139e+00,-2.146128426572132e-04
2.309000000000003e-06,1.650682191119545e+00,-2.146136707583268e-04
2.311000000000003e-06,1.650682191403429e+00,-2.146128446370615e-04
2.313000000000003e-06,1.650682195732574e+00,-2.146136700016811e-04
2.315000000000003e-06,1.650682203398251e+00,-2.146128431271466e-04
2.317000000000003e-06,1.650682213771835e+00,-2.146136660995915e-04
2.319000000000004e-06,1.650682225712063e+00,-2.146128390926407e-04
2.321000000000004e-06,1.650682238316196e+00,-2.146136604929048e-04
2.323000000000004e-06,1.650682250358085e+00,-2.146128342001825e-04
2.325000000000004e-06,1.650682261022952e+00,-2.146136548880928e-04
2.327000000000004e-06,1.650682269340553e+00,-2.146128301566346e-04
2.329000000000004e-06,1.650682274891942e+00,-2.146136509416860e-04
2.331000000000004e-06,1.650682277191900e+00,-2.146128283620689e-04
2.333000000000005e-06,1.650682276357311e+00,-2.146136496107129e-04
2.335000000000005e-06,1.650682272454798e+00,-2.146128292828879e-04
2.337000000000005e-06,1.650682266101615e+00,-2.146136508830797e-04
2.339000000000005e-06,1.650682257784021e+00,-2.146128325677031e-04
2.341000000000005e-06,1.650682248434224e+00,-2.146136539868435e-04
2.343000000000005e-06,1.650682238719965e+00,-2.146128370663666e-04
2.345000000000006e-06,1.650682229611548e+00,-2.146136576388492e-04
2.347000000000006e-06,1.650682221678161e+00,-2.146128414499147e-04
2.349000000000006e-06,1.650682215673191e+00,-2.146136605108209e-04
2.351000000000006e-06,1.650682211855454e+00,-2.146128444347180e-04
2.353000000000006e-06,1.650682210583447e+00,-2.146136615511297e-04
2.355000000000006e-06,1.650682211693662e+00,-2.146128454113800e-04
2.357000000000006e-06,1.650682215132388e+00,-2.146136604777524e-04
2.359000000000007e-06,1.650682220356157e+00,-2.146128443844296e-04
2.361000000000007e-06,1.650682226998223e+00,-2.146136576961729e-04
2.363000000000007e-06,1.650682234294945e+00,-2.146128420044118e-04
2.365000000000007e-06,1.650682241761112e+00,-2.146136540755191e-04
2.367000000000007e-06,1.650682248625020e+00,-2.146128393040193e-04
2.369000000000007e-06,1.650682254498222e+00,-2.146136506764836e-04
2.371000000000007e-06,1.650682258792486e+00,-2.146128373302208e-04
2.373000000000008e-06,1.650682261373247e+00,-2.146136484129697e-04
2.375000000000008e-06,1.650682261962472e+00,-2.146128368267022e-04
2.377000000000008e-06,1.650682260750095e+00,-2.146136476649541e-04
2.379000000000008e-06,1.650682257775797e+00,-2.146128378600107e-04
2.381000000000008e-06,1.650682253512376e+00,-2.146136485059394e-04
2.383000000000008e-06,1.650682248229106e+00,-2.146128401830185e-04
2.385000000000009e-06,1.650682242554155e+00,-2.146136502698164e-04
2.387000000000009e-06,1.650682236831228e+00,-2.146128431998236e-04
2.389000000000009e-06,1.650682231679169e+00,-2.146136521635621e-04
2.391000000000009e-06,1.650682227353632e+00,-2.146128458792664e-04
2.393000000000009e-06,1.650682224314318e+00,-2.146136535411360e-04
2.395000000000009e-06,1.650682222609753e+00,-2.146128476513126e-04
2.397000000000009e-06,1.650682222459586e+00,-2.146136536633162e-04
2.399000000000010e-06,1.650682223661995e+00,-2.146128481839191e-04
2.401000000000010e-06,1.650682226191421e+00,-2.146136526070379e-04
2.403000000000010e-06,1.650682229639036e+00,-2.146128475626842e-04
2.405000000000010e-06,1.650682233817264e+00,-2.146136505682275e-04
2.407000000000010e-06,1.650682238207358e+00,-2.146128462866037e-04
2.409000000000010e-06,1.650682242579962e+00,-2.146136481813081e-04
2.411000000000010e-06,1.650682246433621e+00,-2.146128449434686e-04
2.413000000000011e-06,1.650682249612896e+00,-2.146136460182920e-04
2.415000000000011e-06,1.650682251747895e+00,-2.146128441341443e-04
2.417000000000011e-06,1.650682252848241e+00,-2.146136446081810e-04
2.419000000000011e-06,1.650682252734086e+00,-2.146128442171273e-04
2.421000000000011e-06,1.650682251609427e+00,-2.146136442154797e-04
2.423000000000011e-06,1.650682249478318e+00,-2.146128452689928e-04
2.425000000000012e-06,1.650682246701593e+00,-2.146136446107903e-04
2.427000000000012e-06,1.650682243400602e+00,-2.146128469975811e-04
2.429000000000012e-06,1.650682240007203e+00,-2.146136454847501e-04
2.431000000000012e-06,1.650682236672306e+00,-2.146128489365211e-04
2.433000000000012e-06,1.650682233804896e+00,-2.146136463935909e-04
2.435000000000012e-06,1.650682231483638e+00,-2.146128507384095e-04
2.437000000000012e-06,1.650682230007695e+00,-2.146136468406624e-04
2.439000000000013e-06,1.650682229326553e+00,-2.146128518291840e-04
2.441000000000013e-06,1.650682229592958e+00,-2.146136465768639e-04
2.443000000000013e-06,1.650682230605544e+00,-2.146128522336873e-04
2.445000000000013e-06,1.650682232377925e+00,-2.146136455691047e-04
2.447000000000013e-06,1.650682234596767e+00,-2.146128520187351e-04
2.449000000000013e-06,1.650682237191121e+00,-2.146136440471132e-04
2.451000000000013e-06,1.650682239797364e+00,-2.146128514130867e-04
2.453000000000014e-06,1.650682242330980e+00,-2.146136424464878e-04
2.455000000000014e-06,1.650682244453788e+00,-2.146128508941635e-04
2.457000000000014e-06,1.650682246139649e+00,-2.146136410150497e-04
2.459000000000014e-06,1.650682247139247e+00,-2.146128506745986e-04
2.461000000000014e-06,1.650682247533596e+00,-2.146136400723316e-04
2.463000000000014e-06,1.650682247187963e+00,-2.146128510849775e-04
2.465000000000015e-06,1.650682246294894e+00,-2.146136397195156e-04
2.467000000000015e-06,1.650682244824799e+00,-2.146128520105636e-04
2.469000000000015e-06,1.650682243055301e+00,-2.146136397868394e-04
2.471000000000015e-06,1.650682241018492e+00,-2.146128533222454e-04
2.473000000000015e-06,1.650682239023563e+00,-2.146136401362635e-04
2.475000000000015e-06,1.650682237104868e+00,-2.146128547309948e-04
2.477000000000015e-06,1.650682235545127e+00,-2.146136404252159e-04
2.479000000000016e-06,1.650682234329693e+00,-2.146128559644300e-04
2.481000000000016e-06,1.650682233670367e+00,-2.146136403752868e-04
2.483000000000016e-06,1.650682233468844e+00,-2.146128567676490e-04
2.485000000000016e-06,1.650682233846434e+00,-2.146136399166568e-04
2.487000000000016e-06,1.650682234617176e+00,-2.146128570972338e-04
2.489000000000016e-06,1.650682235822924e+00,-2.146136389921581e-04
2.491000000000016e-06,1.650682237217436e+00,-2.146128570935819e-04
2.493000000000017e-06,1.650682238802529e+00,-2.146136378707866e-04
2.495000000000017e-06,1.650682240315520e+00,-2.146128569517432e-04
2.497000000000017e-06,1.650682241759311e+00,-2.146136366438923e-04
2.499000000000017e-06,1.650682242893846e+00,-2.146128569223143e-04
2.501000000000017e-06,1.650682243763270e+00,-2.146136356651858e-04
2.503000000000017e-06,1.650682244183843e+00,-2.146128571003679e-04
2.505000000000018e-06,1.650682244265747e+00,-2.146136349417804e-04
2.507000000000018e-06,1.650682243895666e+00,-2.146128576163543e-04
2.509000000000018e-06,1.650682243247957e+00,-2.146136345541536e-04
2.511000000000018e-06,1.650682242267894e+00,-2.146128584348056e-04
2.513000000000018e-06,1.650682241176166e+00,-2.146136344317750e-04
2.515000000000018e-06,1.650682239945837e+00,-2.146128594652345e-04
2.517000000000018e-06,1.650682238805923e+00,-2.146136344401669e-04
2.519000000000019e-06,1.650682237725738e+00,-2.146128605317601e-04
2.521000000000019e-06,1.650682236912838e+00,-2.146136343377335e-04
2.523000000000019e-06,1.650682236302427e+00,-2.146128614223846e-04
2.525000000000019e-06,1.650682236054361e+00,-2.146136340239594e-04
2.527000000000019e-06,1.650682236050692e+00,-2.146128620965732e-04
2.529000000000019e-06,1.650682236398910e+00,-2.146136334526900e-04
2.531000000000019e-06,1.650682236933243e+00,-2.146128624626377e-04
2.533000000000020e-06,1.650682237719487e+00,-2.146136326456661e-04
2.535000000000020e-06,1.650682238562365e+00,-2.146128626679656e-04
2.537000000000020e-06,1.650682239507777e+00,-2.146136317414648e-04
2.539000000000020e-06,1.650682240354362e+00,-2.146128628007524e-04
2.541000000000020e-06,1.650682241154297e+00,-2.146136308292406e-04
2.543000000000020e-06,1.650682241726975e+00,-2.146128630289187e-04
2.545000000000021e-06,1.650682242153032e+00,-2.146136300341889e-04
2.547000000000021e-06,1.650682242287521e+00,-2.146128634202579e-04
2.549000000000021e-06,1.650682242250282e+00,-2.146136294189329e-04
2.551000000000021e-06,1.650682241936167e+00,-2.146128639917804e-04
2.553000000000021e-06,1.650682241500508e+00,-2.146136290213363e-04
2.555000000000021e-06,1.650682240869757e+00,-2.146128647627566e-04
2.557000000000021e-06,1.650682240221558e+00,-2.146136286966104e-04
2.559000000000022e-06,1.650682239495987e+00,-2.146128655983523e-04
2.561000000000022e-06,1.650682238871868e+00,-2.146136284542948e-04
2.563000000000022e-06,1.650682238281753e+00,-2.146128664280133e-04
2.565000000000022e-06,1.650682237886523e+00,-2.146136281319436e-04
2.567000000000022e-06,1.650682237594068e+00,-2.146128671450119e-04
2.569000000000022e-06,1.650682237536124e+00,-2.146136277061941e-04
2.571000000000022e-06,1.650682237593567e+00,-2.146128676901864e-04
2.573000000000023e-06,1.650682237869513e+00,-2.146136270821539e-04
2.575000000000023e-06,1.650682238216430e+00,-2.146128681589865e-04
2.577000000000023e-06,1.650682238714452e+00,-2.146136263726022e-04
2.579000000000023e-06,1.650682239203529e+00,-2.146128685078655e-04
2.581000000000023e-06,1.650682239755729e+00,-2.146136256025609e-04
2.583000000000023e-06,1.650682240210249e+00,-2.146128688161251e-04
2.585000000000024e-06,1.650682240645261e+00,-2.146136248647574e-04
2.587000000000024e-06,1.650682240914515e+00,-2.146128692154146e-04
2.589000000000024e-06,1.650682241114717e+00,-2.146136241824697e-04
2.591000000000024e-06,1.650682241123397e+00,-2.146128696996144e-04
2.593000000000024e-06,1.650682241058627e+00,-2.146136236128073e-04
2.595000000000024e-06,1.650682240818794e+00,-2.146128703092873e-04
2.597000000000024e-06,1.650682240543401e+00,-2.146136231665963e-04
2.599000000000025e-06,1.650682240146874e+00,-2.146128709858099e-04
2.601000000000025e-06,1.650682239776607e+00,-2.146136227696327e-04
2.603000000000025e-06,1.650682239353613e+00,-2.146128717200322e-04
2.605000000000025e-06,1.650682239023568e+00,-2.146136223588610e-04
2.607000000000025e-06,1.650682238700966e+00,-2.146128724091344e-04
2.609000000000025e-06,1.650682238520198e+00,-2.146136219255053e-04
2.611000000000025e-06,1.650682238381241e+00,-2.146128730725557e-04
2.613000000000026e-06,1.650682238402256e+00,-2.146136214113296e-04
2.615000000000026e-06,1.650682238466032e+00,-2.146128736278540e-04
2.617000000000026e-06,1.650682238672624e+00,-2.146136208295233e-04
2.619000000000026e-06,1.650682238890573e+00,-2.146128741173280e-04
2.621000000000026e-06,1.650682239206334e+00,-2.146136201581420e-04
2.623000000000026e-06,1.650682239484299e+00,-2.146128745473225e-04
2.625000000000027e-06,1.650682239810116e+00,-2.146136194442645e-04
2.627000000000027e-06,1.650682240049038e+00,-2.146128749783952e-04
2.629000000000027e-06,1.650682240290903e+00,-2.146136187615554e-04
2.631000000000027e-06,1.650682240409015e+00,-2.146128754436780e-04
2.633000000000027e-06,1.650682240504443e+00,-2.146136181552700e-04
2.635000000000027e-06,1.650682240465860e+00,-2.146128759734228e-04
2.637000000000027e-06,1.650682240408249e+00,-2.146136176136924e-04
2.639000000000028e-06,1.650682240233190e+00,-2.146128765538268e-04
2.641000000000028e-06,1.650682240063291e+00,-2.146136171079615e-04
2.643000000000028e-06,1.650682239808303e+00,-2.146128772078636e-04
2.645000000000028e-06,1.650682239598177e+00,-2.146136166598863e-04
2.647000000000028e-06,1.650682239344618e+00,-2.146128778899366e-04
2.649000000000028e-06,1.650682239173332e+00,-2.146136162103131e-04
2.651000000000028e-06,1.650682238992046e+00,-2.146128785279868e-04
2.653000000000029e-06,1.650682238918742e+00,-2.146136156746277e-04
2.655000000000029e-06,1.650682238851462e+00,-2.146128791581512e-04
2.657000000000029e-06,1.650682238897289e+00,-2.146136151169733e-04
2.659000000000029e-06,1.650682238946346e+00,-2.146128796864811e-04
2.661000000000029e-06,1.650682239096616e+00,-2.146136145378096e-04
2.663000000000029e-06,1.650682239228205e+00,-2.146128802211522e-04
2.665000000000030e-06,1.650682239431350e+00,-2.146136139137194e-04
2.667000000000030e-06,1.650682239585818e+00,-2.146128807131158e-04
2.669000000000030e-06,1.650682239781651e+00,-2.146136132624572e-04
2.671000000000030e-06,1.650682239900320e+00,-2.146128811933866e-04
2.673000000000030e-06,1.650682240035038e+00,-2.146136126280966e-04
2.675000000000030e-06,1.650682240074673e+00,-2.146128817187603e-04
2.677000000000030e-06,1.650682240120770e+00,-2.146136120265655e-04
2.679000000000031e-06,1.650682240069826e+00,-2.146128822640965e-04
2.681000000000031e-06,1.650682240029623e+00,-2.146136114848001e-04
2.683000000000031e-06,1.650682239903554e+00,-2.146128828420306e-04
2.685000000000031e-06,1.650682239804871e+00,-2.146136109613012e-04
2.687000000000031e-06,1.650682239642350e+00,-2.146128834899785e-04
2.689000000000031e-06,1.650682239530738e+00,-2.146136104529358e-04
2.691000000000031e-06,1.650682239378109e+00,-2.146128840848534e-04
2.693000000000032e-06,1.650682239296506e+00,-2.146136099297895e-04
2.695000000000032e-06,1.650682239192299e+00,-2.146128847034038e-04
2.697000000000032e-06,1.650682239172578e+00,-2.146136094025401e-04
2.699000000000032e-06,1.650682239137914e+00,-2.146128853037687e-04
2.701000000000032e-06,1.650682239188690e+00,-2.146136088168953e-04
2.703000000000032e-06,1.650682239220398e+00,-2.146128858591528e-04
2.705000000000033e-06,1.650682239328523e+00,-2.146136082133518e-04
2.707000000000033e-06,1.650682239404679e+00,-2.146128863841572e-04
2.709000000000033e-06,1.650682239538858e+00,-2.146136076337786e-04
2.711000000000033e-06,1.650682239621307e+00,-2.146128869079583e-04
2.713000000000033e-06,1.650682239742766e+00,-2.146136070012586e-04
2.715000000000033e-06,1.650682239796546e+00,-2.146128874598920e-04
2.717000000000033e-06,1.650682239877083e+00,-2.146136064245131e-04
2.719000000000034e-06,1.650682239882757e+00,-2.146128880151375e-04
2.721000000000034e-06,1.650682239911504e+00,-2.146136058115943e-04
2.723000000000034e-06,1.650682239864755e+00,-2.146128885476666e-04
2.725000000000034e-06,1.650682239843562e+00,-2.146136052689658e-04
2.727000000000034e-06,1.650682239754706e+00,-2.146128891501022e-04
2.729000000000034e-06,1.650682239702233e+00,-2.146136047423636e-04
2.731000000000034e-06,1.650682239595608e+00,-2.146128897676589e-04
2.733000000000035e-06,1.650682239539358e+00,-2.146136041633770e-04
2.735000000000035e-06,1.650682239442224e+00,-2.146128903584100e-04
2.737000000000035e-06,1.650682239406732e+00,-2.146136036630441e-04
2.739000000000035e-06,1.650682239340830e+00,-2.146128909605237e-04
2.741000000000035e-06,1.650682239344163e+00,-2.146136031069192e-04
2.743000000000035e-06,1.650682239321051e+00,-2.146128915728978e-04
2.745000000000036e-06,1.650682239366330e+00,-2.146136025343457e-04
2.747000000000036e-06,1.650682239381781e+00,-2.146128921157947e-04
2.749000000000036e-06,1.650682239459214e+00,-2.146136019591415e-04
2.751000000000036e-06,1.650682239498481e+00,-2.146128926699060e-04
2.753000000000036e-06,1.650682239588765e+00,-2.146136013559805e-04
2.755000000000036e-06,1.650682239629612e+00,-2.146128931968875e-04
2.757000000000036e-06,1.650682239710486e+00,-2.146136007664072e-04
2.759000000000037e-06,1.650682239732735e+00,-2.146128937648004e-04
2.761000000000037e-06,1.650682239787077e+00,-2.146136001386232e-04
2.763000000000037e-06,1.650682239776926e+00,-2.146128943216089e-04
2.765000000000037e-06,1.650682239795908e+00,-2.146135995798422e-04
2.767000000000037e-06,1.650682239751156e+00,-2.146128949076129e-04
2.769000000000037e-06,1.650682239738646e+00,-2.146135990368164e-04
2.771000000000038e-06,1.650682239669191e+00,-2.146128954691144e-04
2.773000000000038e-06,1.650682239639683e+00,-2.146135984554523e-04
2.775000000000038e-06,1.650682239561942e+00,-2.146128960714458e-04
2.777000000000038e-06,1.650682239532587e+00,-2.146135979142802e-04
2.779000000000038e-06,1.650682239463641e+00,-2.146128966468515e-04
2.781000000000038e-06,1.650682239450858e+00,-2.146135973322751e-04
2.783000000000038e-06,1.650682239404897e+00,-2.146128972606751e-04
2.785000000000039e-06,1.650682239418790e+00,-2.146135968016085e-04
2.787000000000039e-06,1.650682239401174e+00,-2.146128978458590e-04
2.789000000000039e-06,1.650682239442360e+00,-2.146135962156863e-04
2.791000000000039e-06,1.650682239449393e+00,-2.146128984291106e-04
2.793000000000039e-06,1.650682239510492e+00,-2.146135956546995e-04
2.795000000000039e-06,1.650682239531989e+00,-2.146128989578976e-04
2.797000000000039e-06,1.650682239600411e+00,-2.146135950397162e-04
2.799000000000040e-06,1.650682239621324e+00,-2.146128994997304e-04
2.801000000000040e-06,1.650682239681290e+00,-2.146135944383657e-04
2.803000000000040e-06,1.650682239687882e+00,-2.146129000557069e-04
2.805000000000040e-06,1.650682239728208e+00,-2.146135938648714e-04
2.807000000000040e-06,1.650682239711640e+00,-2.146129006398685e-04
2.809000000000040e-06,1.650682239727765e+00,-2.146135932798425e-04
2.811000000000041e-06,1.650682239688672e+00,-2.146129012390648e-04
2.813000000000041e-06,1.650682239684889e+00,-2.146135927096886e-04
2.815000000000041e-06,1.650682239630667e+00,-2.146129017996750e-04
2.817000000000041e-06,1.650682239617235e+00,-2.146135921271598e-04
2.819000000000041e-06,1.650682239559651e+00,-2.146129024139551e-04
2.821000000000041e-06,1.650682239548442e+00,-2.146135915978594e-04
2.823000000000041e-06,1.650682239498667e+00,-2.146129029879726e-04
2.825000000000042e-06,1.650682239499505e+00,-2.146135910279309e-04
2.827000000000042e-06,1.650682239465010e+00,-2.146129035476770e-04
2.829000000000042e-06,1.650682239483170e+00,-2.146135904434931e-04
2.831000000000042e-06,1.650682239467513e+00,-2.146129041592223e-04
2.833000000000042e-06,1.650682239503663e+00,-2.146135898975749e-04
2.835000000000042e-06,1.650682239502938e+00,-2.146129047296534e-04
2.837000000000042e-06,1.650682239549980e+00,-2.146135892842135e-04
2.839000000000043e-06,1.650682239556833e+00,-2.146129052861010e-04
2.841000000000043e-06,1.650682239607002e+00,-2.146135887103434e-04
2.843000000000043e-06,1.650682239612617e+00,-2.146129058424783e-04
2.845000000000043e-06,1.650682239656383e+00,-2.146135881367576e-04
2.847000000000043e-06,1.650682239651730e+00,-2.146129064127723e-04
2.849000000000043e-06,1.650682239682741e+00,-2.146135875374352e-04
2.851000000000044e-06,1.650682239663568e+00,-2.146129069574879e-04
2.853000000000044e-06,1.650682239679060e+00,-2.146135869525267e-04
2.855000000000044e-06,1.650682239645308e+00,-2.146129075299160e-04
2.857000000000044e-06,1.650682239647743e+00,-2.146135863819428e-04
2.859000000000044e-06,1.650682239604372e+00,-2.146129081297807e-04
2.861000000000044e-06,1.650682239600888e+00,-2.146135858385298e-04
2.863000000000044e-06,1.650682239556043e+00,-2.146129087565134e-04
2.865000000000045e-06,1.650682239555331e+00,-2.146135852551790e-04
2.867000000000045e-06,1.650682239516769e+00,-2.146129093164268e-04
2.869000000000045e-06,1.650682239524958e+00,-2.146135846845600e-04
2.871000000000045e-06,1.650682239497855e+00,-2.146129098888792e-04
2.873000000000045e-06,1.650682239518447e+00,-2.146135841263497e-04
2.875000000000045e-06,1.650682239504075e+00,-2.146129104603968e-04
2.877000000000045e-06,1.650682239536176e+00,-2.146135835273484e-04
2.879000000000046e-06,1.650682239531391e+00,-2.146129110444261e-04
2.881000000000046e-06,1.650682239570151e+00,-2.146135829277426e-04
2.883000000000046e-06,1.650682239568952e+00,-2.146129116147777e-04
2.885000000000046e-06,1.650682239607891e+00,-2.146135823678863e-04
2.887000000000046e-06,1.650682239604176e+00,-2.146129121453269e-04
2.889000000000046e-06,1.650682239637333e+00,-2.146135818083387e-04
2.891000000000047e-06,1.650682239625456e+00,-2.146129127428772e-04
2.893000000000047e-06,1.650682239649180e+00,-2.146135812228526e-04
2.895000000000047e-06,1.650682239627590e+00,-2.146129132879538e-04
2.897000000000047e-06,1.650682239641593e+00,-2.146135806247929e-04
2.899000000000047e-06,1.650682239611977e+00,-2.146129139134694e-04
2.901000000000047e-06,1.650682239619946e+00,-2.146135800937387e-04
2.903000000000047e-06,1.650682239586644e+00,-2.146129144861607e-04
2.905000000000048e-06,1.650682239592568e+00,-2.146135795230082e-04
2.907000000000048e-06,1.650682239559303e+00,-2.146129150589267e-04
2.909000000000048e-06,1.650682239567158e+00,-2.146135789389080e-04
2.911000000000048e-06,1.650682239537597e+00,-2.146129156314831e-04
2.913000000000048e-06,1.650682239550443e+00,-2.146135783677809e-04
2.915000000000048e-06,1.650682239527465e+00,-2.146129162036089e-04
2.917000000000048e-06,1.650682239547423e+00,-2.146135778227373e-04
2.919000000000049e-06,1.650682239531896e+00,-2.146129167884895e-04
2.921000000000049e-06,1.650682239558682e+00,-2.146135772106801e-04
2.923000000000049e-06,1.650682239549129e+00,-2.146129173861903e-04
2.925000000000049e-06,1.650682239580677e+00,-2.146135766647060e-04
2.927000000000049e-06,1.650682239574256e+00,-2.146129179437080e-04
2.929000000000049e-06,1.650682239606403e+00,-2.146135760654071e-04
2.931000000000050e-06,1.650682239599028e+00,-2.146129184746460e-04
2.933000000000050e-06,1.650682239628577e+00,-2.146135755194263e-04
2.935000000000050e-06,1.650682239617209e+00,-2.146129190457186e-04
2.937000000000050e-06,1.650682239641025e+00,-2.146135749206213e-04
2.939000000000050e-06,1.650682239623120e+00,-2.146129196305441e-04
2.941000000000050e-06,1.650682239639877e+00,-2.146135743356186e-04
2.943000000000050e-06,1.650682239615058e+00,-2.146129202158894e-04
2.945000000000051e-06,1.650682239625425e+00,-2.146135737777038e-04
2.947000000000051e-06,1.650682239596308e+00,-2.146129208016323e-04
2.949000000000051e-06,1.650682239604543e+00,-2.146135732067317e-04
2.951000000000051e-06,1.650682239575133e+00,-2.146129213342794e-04
2.953000000000051e-06,1.650682239584138e+00,-2.146135726224453e-04
2.955000000000051e-06,1.650682239556902e+00,-2.146129219332995e-04
2.957000000000051e-06,1.650682239569167e+00,-2.146135720645498e-04
2.959000000000052e-06,1.650682239546362e+00,-2.146129225054405e-04
2.961000000000052e-06,1.650682239563320e+00,-2.146135714930184e-04
2.963000000000052e-06,1.650682239545192e+00,-2.146129230772329e-04
2.965000000000052e-06,1.650682239566335e+00,-2.146135709211573e-04
2.967000000000052e-06,1.650682239552085e+00,-2.146129236354290e-04
2.969000000000052e-06,1.650682239575854e+00,-2.146135703490543e-04
2.971000000000053e-06,1.650682239563084e+00,-2.146129241934722e-04
2.973000000000053e-06,1.650682239587327e+00,-2.146135697768786e-04
2.975000000000053e-06,1.650682239574343e+00,-2.146129247648023e-04
2.977000000000053e-06,1.650682239597033e+00,-2.146135692313616e-04
2.979000000000053e-06,1.650682239581974e+00,-2.146129253761569e-04
2.981000000000053e-06,1.650682239602469e+00,-2.146135686328175e-04
2.983000000000053e-06,1.650682239585536e+00,-2.146129259078838e-04
2.985000000000054e-06,1.650682239604006e+00,-2.146135680610114e-04
2.987000000000054e-06,1.650682239585192e+00,-2.146129265195350e-04
2.989000000000054e-06,1.650682239601716e+00,-2.146135674893476e-04
2.991000000000054e-06,1.650682239581463e+00,-2.146129270648296e-04
2.993000000000054e-06,1.650682239596821e+00,-2.146135669177808e-04
2.995000000000054e-06,1.650682239576062e+00,-2.146129276234830e-04
2.997000000000054e-06,1.650682239591221e+00,-2.146135663329437e-04
2.999000000000055e-06,1.650682239570877e+00,-2.146129281688318e-04
3.001000000000055e-06,1.650682239586840e+00,-2.146135657746542e-04
3.003000000000055e-06,1.650682239567764e+00,-2.146129287672895e-04
3.005000000000055e-06,1.650682239584998e+00,-2.146135652295668e-04
3.007000000000055e-06,1.650682239567752e+00,-2.146129293124459e-04
3.009000000000055e-06,1.650682239587211e+00,-2.146135646577356e-04
3.011000000000056e-06,1.650682239572608e+00,-2.146129298840142e-04
3.013000000000056e-06,1.650682239594513e+00,-2.146135640724185e-04
3.015000000000056e-06,1.650682239582315e+00,-2.146129304421055e-04
3.017000000000056e-06,1.650682239605475e+00,-2.146135634869654e-04
3.019000000000056e-06,1.650682239593418e+00,-2.146129310001449e-04
3.021000000000056e-06,1.650682239615657e+00,-2.146135629414307e-04
3.023000000000056e-06,1.650682239602162e+00,-2.146129315715686e-04
3.025000000000057e-06,1.650682239622621e+00,-2.146135623827192e-04
3.027000000000057e-06,1.650682239607839e+00,-2.146129321696993e-04
3.029000000000057e-06,1.650682239627148e+00,-2.146135617975054e-04
3.031000000000057e-06,1.650682239610932e+00,-2.146129327546296e-04
3.033000000000057e-06,1.650682239628695e+00,-2.146135612522919e-04
3.035000000000057e-06,1.650682239611732e+00,-2.146129333130523e-04
3.037000000000057e-06,1.650682239628648e+00,-2.146135606805447e-04
3.039000000000058e-06,1.650682239611191e+00,-2.146129338715249e-04
3.041000000000058e-06,1.650682239627815e+00,-2.146135601354198e-04
3.043000000000058e-06,1.650682239610416e+00,-2.146129344300061e-04
3.045000000000058e-06,1.650682239627005e+00,-2.146135595637010e-04
3.047000000000058e-06,1.650682239609600e+00,-2.146129349884889e-04
3.049000000000058e-06,1.650682239626288e+00,-2.146135589919787e-04
3.051000000000059e-06,1.650682239609178e+00,-2.146129355469571e-04
3.053000000000059e-06,1.650682239625766e+00,-2.146135584601387e-04
3.055000000000059e-06,1.650682239609038e+00,-2.146129361054147e-04
3.057000000000059e-06,1.650682239626016e+00,-2.146135578750840e-04
3.059000000000059e-06,1.650682239609617e+00,-2.146129367037350e-04
3.061000000000059e-06,1.650682239626795e+00,-2.146135573166026e-04
3.063000000000059e-06,1.650682239611048e+00,-2.146129372488378e-04
3.065000000000060e-06,1.650682239628703e+00,-2.146135567580792e-04
3.067000000000060e-06,1.650682239613093e+00,-2.146129378205106e-04
3.069000000000060e-06,1.650682239630455e+00,-2.146135561596721e-04
3.071000000000060e-06,1.650682239614481e+00,-2.146129383922079e-04
3.073000000000060e-06,1.650682239631135e+00,-2.146135555746014e-04
3.075000000000060e-06,1.650682239614667e+00,-2.146129389373569e-04
3.077000000000060e-06,1.650682239630803e+00,-2.146135550560508e-04
3.079000000000061e-06,1.650682239614093e+00,-2.146129395091272e-04
3.081000000000061e-06,1.650682239629986e+00,-2.146135544843323e-04
3.083000000000061e-06,1.650682239613245e+00,-2.146129400543147e-04
3.085000000000061e-06,1.650682239628992e+00,-2.146135539392133e-04
3.087000000000061e-06,1.650682239612240e+00,-2.146129406261010e-04
3.089000000000061e-06,1.650682239627746e+00,-2.146135533675107e-04
3.091000000000062e-06,1.650682239610849e+00,-2.146129411447157e-04
3.093000000000062e-06,1.650682239626042e+00,-2.146135528224182e-04
3.095000000000062e-06,1.650682239608823e+00,-2.146129416899470e-04
3.097000000000062e-06,1.650682239623555e+00,-2.146135522507617e-04
3.099000000000062e-06,1.650682239606141e+00,-2.146129422617957e-04
3.101000000000062e-06,1.650682239620632e+00,-2.146135516924181e-04
3.103000000000062e-06,1.650682239603309e+00,-2.146129428336500e-04
3.105000000000063e-06,1.650682239617939e+00,-2.146135511340658e-04
3.107000000000063e-06,1.650682239600943e+00,-2.146129433921904e-04
3.109000000000063e-06,1.650682239615500e+00,-2.146135505757041e-04
3.111000000000063e-06,1.650682239598635e+00,-2.146129439374322e-04
3.113000000000063e-06,1.650682239613530e+00,-2.146135500040285e-04
3.115000000000063e-06,1.650682239597149e+00,-2.146129445092364e-04
3.117000000000063e-06,1.650682239612536e+00,-2.146135494589095e-04
3.119000000000064e-06,1.650682239596873e+00,-2.146129450676991e-04
3.121000000000064e-06,1.650682239612931e+00,-2.146135488871458e-04
3.123000000000064e-06,1.650682239598411e+00,-2.146129456526873e-04
3.125000000000064e-06,1.650682239615499e+00,-2.146135483418944e-04
3.127000000000064e-06,1.650682239601673e+00,-2.146129461844254e-04
3.129000000000064e-06,1.650682239619020e+00,-2.146135477966075e-04
3.131000000000065e-06,1.650682239605499e+00,-2.146129467427355e-04
3.133000000000065e-06,1.650682239622669e+00,-2.146135472646123e-04
3.135000000000065e-06,1.650682239608478e+00,-2.146129472877807e-04
3.137000000000065e-06,1.650682239624426e+00,-2.146135467060945e-04
3.139000000000065e-06,1.650682239608934e+00,-2.146129478196231e-04
3.141000000000065e-06,1.650682239623062e+00,-2.146135461476928e-04
3.143000000000065e-06,1.650682239605990e+00,-2.146129483914816e-04
3.145000000000066e-06,1.650682239618859e+00,-2.146135456026932e-04
3.147000000000066e-06,1.650682239601011e+00,-2.146129489368227e-04
3.149000000000066e-06,1.650682239613045e+00,-2.146135450311606e-04
3.151000000000066e-06,1.650682239594496e+00,-2.146129494955175e-04
3.153000000000066e-06,1.650682239606159e+00,-2.146135444729643e-04
3.155000000000066e-06,1.650682239588016e+00,-2.146129500409145e-04
3.157000000000067e-06,1.650682239600367e+00,-2.146135438748379e-04
3.159000000000067e-06,1.650682239583147e+00,-2.146129505862516e-04
3.161000000000067e-06,1.650682239596682e+00,-2.146135433564119e-04
3.163000000000067e-06,1.650682239581024e+00,-2.146129511580795e-04
3.165000000000067e-06,1.650682239596158e+00,-2.146135428112755e-04
3.167000000000067e-06,1.650682239582628e+00,-2.146129517031757e-04
3.169000000000067e-06,1.650682239599512e+00,-2.146135422394018e-04
3.171000000000068e-06,1.650682239587301e+00,-2.146129522481579e-04
3.173000000000068e-06,1.650682239604979e+00,-2.146135416940425e-04
3.175000000000068e-06,1.650682239592979e+00,-2.146129527931026e-04
3.177000000000068e-06,1.650682239610323e+00,-2.146135411220948e-04
3.179000000000068e-06,1.650682239598198e+00,-2.146129533513609e-04
3.181000000000068e-06,1.650682239615000e+00,-2.146135406033578e-04
3.183000000000068e-06,1.650682239601949e+00,-2.146129538830809e-04
3.185000000000069e-06,1.650682239617623e+00,-2.146135400846973e-04
3.187000000000069e-06,1.650682239603833e+00,-2.146129544414632e-04
3.189000000000069e-06,1.650682239618815e+00,-2.146135395262005e-04
3.191000000000069e-06,1.650682239604570e+00,-2.146129549599987e-04
3.193000000000069e-06,1.650682239618747e+00,-2.146135389943436e-04
3.195000000000069e-06,1.650682239603474e+00,-2.146129555184919e-04
3.197000000000070e-06,1.650682239616575e+00,-2.146135384625649e-04
3.199000000000070e-06,1.650682239600749e+00,-2.146129560903422e-04
3.201000000000070e-06,1.650682239613420e+00,-2.146135378909334e-04
3.203000000000070e-06,1.650682239597471e+00,-2.146129566090271e-04
3.205000000000070e-06,1.650682239610073e+00,-2.146135373326054e-04
3.207000000000070e-06,1.650682239594342e+00,-2.146129571542995e-04
3.209000000000070e-06,1.650682239607203e+00,-2.146135368141493e-04
3.211000000000071e-06,1.650682239592050e+00,-2.146129576995407e-04
3.213000000000071e-06,1.650682239605261e+00,-2.146135362557690e-04
3.215000000000071e-06,1.650682239590164e+00,-2.146129582713597e-04
3.217000000000071e-06,1.650682239603489e+00,-2.146135356840860e-04
3.219000000000071e-06,1.650682239588847e+00,-2.146129588165647e-04
3.221000000000071e-06,1.650682239602273e+00,-2.146135351522718e-04
3.223000000000071e-06,1.650682239587727e+00,-2.146129593484658e-04
3.225000000000072e-06,1.650682239601298e+00,-2.146135346204486e-04
3.227000000000072e-06,1.650682239587246e+00,-2.146129598670467e-04
3.229000000000072e-06,1.650682239601062e+00,-2.146135340885979e-04
3.231000000000072e-06,1.650682239587147e+00,-2.146129604255028e-04
3.233000000000072e-06,1.650682239601065e+00,-2.146135335035524e-04
3.235000000000072e-06,1.650682239587282e+00,-2.146129609839502e-04
3.237000000000073e-06,1.650682239601202e+00,-2.146135329849843e-04
3.239000000000073e-06,1.650682239587385e+00,-2.146129615291023e-04
3.241000000000073e-06,1.650682239600612e+00,-2.146135324398504e-04
3.243000000000073e-06,1.650682239586349e+00,-2.146129620742968e-04
3.245000000000073e-06,1.650682239599369e+00,-2.146135319346301e-04
3.247000000000073e-06,1.650682239584875e+00,-2.146129625929146e-04
3.249000000000073e-06,1.650682239597852e+00,-2.146135313895306e-04
3.251000000000074e-06,1.650682239584170e+00,-2.146129631380968e-04
3.253000000000074e-06,1.650682239598372e+00,-2.146135308709483e-04
3.255000000000074e-06,1.650682239586083e+00,-2.146129636831816e-04
3.257000000000074e-06,1.650682239601400e+00,-2.146135303389762e-04
3.259000000000074e-06,1.650682239590490e+00,-2.146129642281735e-04
3.261000000000074e-06,1.650682239606670e+00,-2.146135298202172e-04
3.263000000000074e-06,1.650682239596137e+00,-2.146129647465265e-04
3.265000000000075e-06,1.650682239612413e+00,-2.146135292748476e-04
3.267000000000075e-06,1.650682239601931e+00,-2.146129653180599e-04
3.269000000000075e-06,1.650682239617750e+00,-2.146135287427896e-04
3.271000000000075e-06,1.650682239606439e+00,-2.146129658231587e-04
3.273000000000075e-06,1.650682239621222e+00,-2.146135281975045e-04
3.275000000000075e-06,1.650682239608697e+00,-2.146129663682306e-04
3.277000000000076e-06,1.650682239621523e+00,-2.146135276656338e-04
3.279000000000076e-06,1.650682239606851e+00,-2.146129668868623e-04
3.281000000000076e-06,1.650682239617304e+00,-2.146135271073384e-04
3.283000000000076e-06,1.650682239600632e+00,-2.146129674322496e-04
3.285000000000076e-06,1.650682239609753e+00,-2.146135265624633e-04
3.287000000000076e-06,1.650682239592609e+00,-2.146129679777039e-04
3.289000000000076e-06,1.650682239601715e+00,-2.146135260176063e-04
3.291000000000077e-06,1.650682239585096e+00,-2.146129685231393e-04
3.293000000000077e-06,1.650682239595129e+00,-2.146135254992883e-04
3.295000000000077e-06,1.650682239580022e+00,-2.146129690152981e-04
3.297000000000077e-06,1.650682239591746e+00,-2.146135249675548e-04
3.299000000000077e-06,1.650682239578650e+00,-2.146129695605051e-04
3.301000000000077e-06,1.650682239592222e+00,-2.146135244356776e-04
3.303000000000077e-06,1.650682239580878e+00,-2.146129700922816e-04
3.305000000000078e-06,1.650682239595786e+00,-2.146135239302786e-04
3.307000000000078e-06,1.650682239585486e+00,-2.146129706239697e-04
3.309000000000078e-06,1.650682239601075e+00,-2.146135233982223e-04
3.311000000000078e-06,1.650682239591214e+00,-2.146129711556161e-04
3.313000000000078e-06,1.650682239606568e+00,-2.146135228262691e-04
3.315000000000078e-06,1.650682239596222e+00,-2.146129716872893e-04
3.317000000000079e-06,1.650682239610820e+00,-2.146135223208444e-04
3.319000000000079e-06,1.650682239599598e+00,-2.146129722190231e-04
3.321000000000079e-06,1.650682239613017e+00,-2.146135217889032e-04
3.323000000000079e-06,1.650682239600862e+00,-2.146129727375391e-04
3.325000000000079e-06,1.650682239613350e+00,-2.146135212703279e-04
3.327000000000079e-06,1.650682239600242e+00,-2.146129732694216e-04
3.329000000000079e-06,1.650682239611623e+00,-2.146135207518291e-04
3.331000000000080e-06,1.650682239597613e+00,-2.146129737614894e-04
3.333000000000080e-06,1.650682239608357e+00,-2.146135202333876e-04
3.335000000000080e-06,1.650682239594251e+00,-2.146129743200669e-04
3.337000000000080e-06,1.650682239605260e+00,-2.146135196883469e-04
3.339000000000080e-06,1.650682239592429e+00,-2.146129748519942e-04
3.341000000000080e-06,1.650682239605413e+00,-2.146135191697782e-04
3.343000000000080e-06,1.650682239594655e+00,-2.146129753704743e-04
3.345000000000081e-06,1.650682239609484e+00,-2.146135186909533e-04
3.347000000000081e-06,1.650682239600812e+00,-2.146129758888082e-04
3.349000000000081e-06,1.650682239617601e+00,-2.146135181587919e-04
3.351000000000081e-06,1.650682239610848e+00,-2.146129764069979e-04
3.353000000000081e-06,1.650682239628936e+00,-2.146135176265108e-04
3.355000000000081e-06,1.650682239622706e+00,-2.146129769384162e-04
3.357000000000082e-06,1.650682239640377e+00,-2.146135171075222e-04
3.359000000000082e-06,1.650682239632798e+00,-2.146129774699003e-04
3.361000000000082e-06,1.650682239648159e+00,-2.146135165753733e-04
3.363000000000082e-06,1.650682239637553e+00,-2.146129779749899e-04
3.365000000000082e-06,1.650682239649031e+00,-2.146135160434814e-04
3.367000000000082e-06,1.650682239634614e+00,-2.146129784670692e-04
3.369000000000082e-06,1.650682239642460e+00,-2.146135155517558e-04
3.371000000000083e-06,1.650682239625198e+00,-2.146129790125754e-04
3.373000000000083e-06,1.650682239631189e+00,-2.146135149937227e-04
3.375000000000083e-06,1.650682239613101e+00,-2.146129795182919e-04
3.377000000000083e-06,1.650682239619463e+00,-2.146135145021888e-04
3.379000000000083e-06,1.650682239603112e+00,-2.146129800505230e-04
3.381000000000083e-06,1.650682239611765e+00,-2.146135139839122e-04
3.383000000000083e-06,1.650682239598528e+00,-2.146129805825529e-04
3.385000000000084e-06,1.650682239611054e+00,-2.146135134653757e-04
3.387000000000084e-06,1.650682239602197e+00,-2.146129811009794e-04
3.389000000000084e-06,1.650682239618522e+00,-2.146135129598314e-04
3.391000000000084e-06,1.650682239612727e+00,-2.146129815925577e-04
3.393000000000084e-06,1.650682239631217e+00,-2.146135124540927e-04
3.395000000000084e-06,1.650682239626634e+00,-2.146129821238999e-04
3.397000000000085e-06,1.650682239645287e+00,-2.146135119350063e-04
3.399000000000085e-06,1.650682239640051e+00,-2.146129826419637e-04
3.401000000000085e-06,1.650682239656704e+00,-2.146135114027222e-04
3.403000000000085e-06,1.650682239648501e+00,-2.146129831336194e-04
3.405000000000085e-06,1.650682239661373e+00,-2.146135108972820e-04
3.407000000000085e-06,1.650682239648976e+00,-2.146129836388682e-04
3.409000000000085e-06,1.650682239657705e+00,-2.146135103788555e-04
3.411000000000086e-06,1.650682239641962e+00,-2.146129841310991e-04
3.413000000000086e-06,1.650682239647972e+00,-2.146135098606546e-04
3.415000000000086e-06,1.650682239630326e+00,-2.146129846899844e-04
3.417000000000086e-06,1.650682239635319e+00,-2.146135093691553e-04
3.419000000000086e-06,1.650682239618053e+00,-2.146129851957074e-04
3.421000000000086e-06,1.650682239624417e+00,-2.146135088642943e-04
3.423000000000086e-06,1.650682239609374e+00,-2.146129856880003e-04
3.425000000000087e-06,1.650682239618699e+00,-2.146135083459440e-04
3.427000000000087e-06,1.650682239607461e+00,-2.146129862332274e-04
3.429000000000087e-06,1.650682239620663e+00,-2.146135078406045e-04
3.431000000000087e-06,1.650682239612804e+00,-2.146129867249986e-04
3.433000000000087e-06,1.650682239628546e+00,-2.146135073084518e-04
3.435000000000087e-06,1.650682239622616e+00,-2.146129872299001e-04
3.437000000000088e-06,1.650682239639232e+00,-2.146135067894913e-04
3.439000000000088e-06,1.650682239633455e+00,-2.146129877480599e-04
3.441000000000088e-06,1.650682239649548e+00,-2.146135062971375e-04
3.443000000000088e-06,1.650682239642721e+00,-2.146129882662782e-04
3.445000000000088e-06,1.650682239657077e+00,-2.146135057915910e-04
3.447000000000088e-06,1.650682239648098e+00,-2.146129887181587e-04
3.449000000000088e-06,1.650682239659962e+00,-2.146135052729207e-04
3.451000000000089e-06,1.650682239648398e+00,-2.146129892500070e-04
3.453000000000089e-06,1.650682239657671e+00,-2.146135047810359e-04
3.455000000000089e-06,1.650682239644001e+00,-2.146129897554371e-04
3.457000000000089e-06,1.650682239651124e+00,-2.146135042760130e-04
3.459000000000089e-06,1.650682239635587e+00,-2.146129902610165e-04
3.461000000000089e-06,1.650682239641258e+00,-2.146135037711135e-04
3.463000000000089e-06,1.650682239624800e+00,-2.146129907533878e-04
3.465000000000090e-06,1.650682239630217e+00,-2.146135032662577e-04
3.467000000000090e-06,1.650682239614949e+00,-2.146129912457242e-04
3.469000000000090e-06,1.650682239622467e+00,-2.146135027612795e-04
3.471000000000090e-06,1.650682239610014e+00,-2.146129917511743e-04
3.473000000000090e-06,1.650682239621043e+00,-2.146135022693625e-04
3.475000000000090e-06,1.650682239612393e+00,-2.146129922829453e-04
3.477000000000091e-06,1.650682239627236e+00,-2.146135017904586e-04
3.479000000000091e-06,1.650682239622271e+00,-2.146129928011408e-04
3.481000000000091e-06,1.650682239639766e+00,-2.146135012847260e-04
3.483000000000091e-06,1.650682239636409e+00,-2.146129932792884e-04
3.485000000000091e-06,1.650682239654318e+00,-2.146135007789182e-04
3.487000000000091e-06,1.650682239650552e+00,-2.146129937973252e-04
3.489000000000091e-06,1.650682239666932e+00,-2.146135002731825e-04
3.491000000000092e-06,1.650682239660543e+00,-2.146129943022201e-04
3.493000000000092e-06,1.650682239673572e+00,-2.146134997809655e-04
3.495000000000092e-06,1.650682239664031e+00,-2.146129947807639e-04
3.497000000000092e-06,1.650682239673913e+00,-2.146134992889828e-04
3.499000000000092e-06,1.650682239661307e+00,-2.146129952861317e-04
3.501000000000092e-06,1.650682239668353e+00,-2.146134987972197e-04
3.503000000000092e-06,1.650682239653380e+00,-2.146129957518036e-04
3.505000000000093e-06,1.650682239658374e+00,-2.146134982790279e-04
3.507000000000093e-06,1.650682239641960e+00,-2.146129962574949e-04
3.509000000000093e-06,1.650682239646280e+00,-2.146134977875078e-04
3.511000000000093e-06,1.650682239630667e+00,-2.146129967764779e-04
3.513000000000093e-06,1.650682239636835e+00,-2.146134972958891e-04
3.515000000000093e-06,1.650682239623458e+00,-2.146129972288267e-04
3.517000000000094e-06,1.650682239631875e+00,-2.146134967908071e-04
3.519000000000094e-06,1.650682239620847e+00,-2.146129977474867e-04
3.521000000000094e-06,1.650682239631498e+00,-2.146134962988512e-04
3.523000000000094e-06,1.650682239622721e+00,-2.146129982127941e-04
3.525000000000094e-06,1.650682239635291e+00,-2.146134958067401e-04
3.527000000000094e-06,1.650682239628351e+00,-2.146129987311476e-04
3.529000000000094e-06,1.650682239642551e+00,-2.146134953277965e-04
3.531000000000095e-06,1.650682239637155e+00,-2.146129992094936e-04
3.533000000000095e-06,1.650682239652059e+00,-2.146134948221763e-04
3.535000000000095e-06,1.650682239646287e+00,-2.146129996878274e-04
3.537000000000095e-06,1.650682239660021e+00,-2.146134943432066e-04
3.539000000000095e-06,1.650682239652598e+00,-2.146130001662662e-04
3.541000000000095e-06,1.650682239664068e+00,-2.146134938377896e-04
3.543000000000096e-06,1.650682239654109e+00,-2.146130006448835e-04
3.545000000000096e-06,1.650682239662858e+00,-2.146134933591611e-04
3.547000000000096e-06,1.650682239649912e+00,-2.146130011636026e-04
3.549000000000096e-06,1.650682239655290e+00,-2.146134928541761e-04
3.551000000000096e-06,1.650682239639717e+00,-2.146130016559518e-04
3.553000000000096e-06,1.650682239643454e+00,-2.146134924025359e-04
3.555000000000096e-06,1.650682239627313e+00,-2.146130021350868e-04
3.557000000000097e-06,1.650682239631009e+00,-2.146134918844359e-04
3.559000000000097e-06,1.650682239615535e+00,-2.146130026274949e-04
3.561000000000097e-06,1.650682239620771e+00,-2.146134914327362e-04
3.563000000000097e-06,1.650682239607715e+00,-2.146130031064593e-04
3.565000000000097e-06,1.650682239615923e+00,-2.146134909542429e-04
3.567000000000097e-06,1.650682239606156e+00,-2.146130035984873e-04
3.569000000000097e-06,1.650682239617487e+00,-2.146134904223254e-04
3.571000000000098e-06,1.650682239610767e+00,-2.146130040902858e-04
3.573000000000098e-06,1.650682239624726e+00,-2.146134899433825e-04
3.575000000000098e-06,1.650682239620306e+00,-2.146130045686044e-04
3.577000000000098e-06,1.650682239635462e+00,-2.146134894776062e-04
3.579000000000098e-06,1.650682239630892e+00,-2.146130050335877e-04
3.581000000000098e-06,1.650682239644872e+00,-2.146134889852861e-04
3.583000000000099e-06,1.650682239638413e+00,-2.146130054986849e-04
3.585000000000099e-06,1.650682239649578e+00,-2.146134884798445e-04
3.587000000000099e-06,1.650682239639850e+00,-2.146130059773050e-04
3.589000000000099e-06,1.650682239647915e+00,-2.146134879879364e-04
3.591000000000099e-06,1.650682239635792e+00,-2.146130064428329e-04
3.593000000000099e-06,1.650682239641440e+00,-2.146134875095037e-04
3.595000000000099e-06,1.650682239626731e+00,-2.146130069484365e-04
3.597000000000100e-06,1.650682239630025e+00,-2.146134870179584e-04
3.599000000000100e-06,1.650682239614032e+00,-2.146130074142859e-04
3.601000000000100e-06,1.650682239617038e+00,-2.146134865929539e-04
3.603000000000100e-06,1.650682239601686e+00,-2.146130078934187e-04
3.605000000000100e-06,1.650682239606277e+00,-2.146134861013842e-04
3.607000000000100e-06,1.650682239593468e+00,-2.146130083856944e-04
3.609000000000100e-06,1.650682239601176e+00,-2.146134856361969e-04
3.611000000000101e-06,1.650682239592137e+00,-2.146130088511210e-04
3.613000000000101e-06,1.650682239603547e+00,-2.146134851574352e-04
3.615000000000101e-06,1.650682239597894e+00,-2.146130093295803e-04
3.617000000000101e-06,1.650682239612231e+00,-2.146134846651422e-04
3.619000000000101e-06,1.650682239608929e+00,-2.146130097812503e-04
3.621000000000101e-06,1.650682239624577e+00,-2.146134842126024e-04
3.623000000000102e-06,1.650682239621585e+00,-2.146130102461566e-04
3.625000000000102e-06,1.650682239636556e+00,-2.146134837201868e-04
3.627000000000102e-06,1.650682239632142e+00,-2.146130107111409e-04
3.629000000000102e-06,1.650682239644870e+00,-2.146134832677970e-04
3.631000000000102e-06,1.650682239637853e+00,-2.146130112294914e-04
3.633000000000102e-06,1.650682239648042e+00,-2.146134828023020e-04
3.635000000000102e-06,1.650682239638566e+00,-2.146130116815454e-04
3.637000000000103e-06,1.650682239645431e+00,-2.146134823237256e-04
3.639000000000103e-06,1.650682239632318e+00,-2.146130121471549e-04
3.641000000000103e-06,1.650682239636046e+00,-2.146134818321047e-04
3.643000000000103e-06,1.650682239620817e+00,-2.146130126262562e-04
3.645000000000103e-06,1.650682239622800e+00,-2.146134813805169e-04
3.647000000000103e-06,1.650682239606541e+00,-2.146130130921643e-04
3.649000000000103e-06,1.650682239608896e+00,-2.146134809023606e-04
3.651000000000104e-06,1.650682239594586e+00,-2.146130135712825e-04
3.653000000000104e-06,1.650682239599819e+00,-2.146134804240248e-04
3.655000000000104e-06,1.650682239588765e+00,-2.146130140235796e-04
3.657000000000104e-06,1.650682239597281e+00,-2.146134799587421e-04
3.659000000000104e-06,1.650682239589588e+00,-2.146130144889260e-04
3.661000000000104e-06,1.650682239601515e+00,-2.146134795198005e-04
3.663000000000105e-06,1.650682239596829e+00,-2.146130149673302e-04
3.665000000000105e-06,1.650682239610490e+00,-2.146134790407932e-04
3.667000000000105e-06,1.650682239606840e+00,-2.146130154456313e-04
3.669000000000105e-06,1.650682239620892e+00,-2.146134786149187e-04
3.671000000000105e-06,1.650682239617186e+00,-2.146130158973270e-04
3.673000000000105e-06,1.650682239630398e+00,-2.146134781225950e-04
3.675000000000105e-06,1.650682239625309e+00,-2.146130163358089e-04
3.677000000000106e-06,1.650682239636866e+00,-2.146134776569774e-04
3.679000000000106e-06,1.650682239629788e+00,-2.146130168143158e-04
3.681000000000106e-06,1.650682239639071e+00,-2.146134771782219e-04
3.683000000000106e-06,1.650682239629922e+00,-2.146130172796878e-04
3.685000000000106e-06,1.650682239637043e+00,-2.146134767395133e-04
3.687000000000106e-06,1.650682239625938e+00,-2.146130177319166e-04
3.689000000000106e-06,1.650682239631544e+00,-2.146134762876373e-04
3.691000000000107e-06,1.650682239619455e+00,-2.146130182241277e-04
3.693000000000107e-06,1.650682239624573e+00,-2.146134758491126e-04
3.695000000000107e-06,1.650682239612938e+00,-2.146130186498577e-04
3.697000000000107e-06,1.650682239619056e+00,-2.146134753706443e-04
3.699000000000107e-06,1.650682239608670e+00,-2.146130191419864e-04
3.701000000000107e-06,1.650682239616361e+00,-2.146134748920710e-04
3.703000000000108e-06,1.650682239608163e+00,-2.146130195674929e-04
3.705000000000108e-06,1.650682239618086e+00,-2.146134744665193e-04
3.707000000000108e-06,1.650682239611777e+00,-2.146130200327355e-04
3.709000000000108e-06,1.650682239623398e+00,-2.146134740009447e-04
3.711000000000108e-06,1.650682239619156e+00,-2.146130204978380e-04
3.713000000000108e-06,1.650682239632556e+00,-2.146134735352270e-04
3.715000000000108e-06,1.650682239629114e+00,-2.146130209628446e-04
3.717000000000109e-06,1.650682239642326e+00,-2.146134730960795e-04
3.719000000000109e-06,1.650682239638761e+00,-2.146130214012698e-04
3.721000000000109e-06,1.650682239651724e+00,-2.146134726303528e-04
3.723000000000109e-06,1.650682239647059e+00,-2.146130218530417e-04
3.725000000000109e-06,1.650682239658051e+00,-2.146134721647404e-04
3.727000000000109e-06,1.650682239651630e+00,-2.146130223049522e-04
3.729000000000109e-06,1.650682239661171e+00,-2.146134717258403e-04
3.731000000000110e-06,1.650682239653559e+00,-2.146130227569610e-04
3.733000000000110e-06,1.650682239662049e+00,-2.146134712870236e-04
3.735000000000110e-06,1.650682239653478e+00,-2.146130232223410e-04
3.737000000000110e-06,1.650682239660896e+00,-2.146134708216895e-04
3.739000000000110e-06,1.650682239651423e+00,-2.146130236877945e-04
3.741000000000110e-06,1.650682239658012e+00,-2.146134703564197e-04
3.743000000000111e-06,1.650682239647807e+00,-2.146130241134166e-04
3.745000000000111e-06,1.650682239653528e+00,-2.146134699178025e-04
3.747000000000111e-06,1.650682239642592e+00,-2.146130245789875e-04
3.749000000000111e-06,1.650682239648058e+00,-2.146134694659254e-04
3.751000000000111e-06,1.650682239637668e+00,-2.146130250179548e-04
3.753000000000111e-06,1.650682239644186e+00,-2.146134690139889e-04
3.755000000000111e-06,1.650682239635157e+00,-2.146130254701287e-04
3.757000000000112e-06,1.650682239643170e+00,-2.146134685619462e-04
3.759000000000112e-06,1.650682239635901e+00,-2.146130259221816e-04
3.761000000000112e-06,1.650682239645563e+00,-2.146134681097766e-04
3.763000000000112e-06,1.650682239639755e+00,-2.146130263608223e-04
3.765000000000112e-06,1.650682239650455e+00,-2.146134676974036e-04
3.767000000000112e-06,1.650682239645544e+00,-2.146130268126875e-04
3.769000000000112e-06,1.650682239656487e+00,-2.146134672318021e-04
3.771000000000113e-06,1.650682239651091e+00,-2.146130272645617e-04
3.773000000000113e-06,1.650682239661181e+00,-2.146134668061400e-04
3.775000000000113e-06,1.650682239654604e+00,-2.146130277032150e-04
3.777000000000113e-06,1.650682239662985e+00,-2.146134663406958e-04
3.779000000000113e-06,1.650682239654598e+00,-2.146130281552958e-04
3.781000000000113e-06,1.650682239661311e+00,-2.146134659019740e-04
3.783000000000114e-06,1.650682239651581e+00,-2.146130285941921e-04
3.785000000000114e-06,1.650682239656746e+00,-2.146134654234704e-04
3.787000000000114e-06,1.650682239645708e+00,-2.146130290331946e-04
3.789000000000114e-06,1.650682239650063e+00,-2.146134650115278e-04
3.791000000000114e-06,1.650682239638522e+00,-2.146130294988389e-04
3.793000000000114e-06,1.650682239642633e+00,-2.146134645996132e-04
3.795000000000114e-06,1.650682239631505e+00,-2.146130299245876e-04
3.797000000000115e-06,1.650682239636547e+00,-2.146134641477590e-04
3.799000000000115e-06,1.650682239626883e+00,-2.146130303635435e-04
3.801000000000115e-06,1.650682239633507e+00,-2.146134637090881e-04
3.803000000000115e-06,1.650682239625672e+00,-2.146130307890761e-04
3.805000000000115e-06,1.650682239634260e+00,-2.146134632436830e-04
3.807000000000115e-06,1.650682239628085e+00,-2.146130312277704e-04
3.809000000000115e-06,1.650682239637917e+00,-2.146134628180594e-04
3.811000000000116e-06,1.650682239632657e+00,-2.146130316796809e-04
3.813000000000116e-06,1.650682239642584e+00,-2.146134623658053e-04
3.815000000000116e-06,1.650682239636773e+00,-2.146130320518294e-04
3.817000000000116e-06,1.650682239645545e+00,-2.146134619402076e-04
3.819000000000116e-06,1.650682239638780e+00,-2.146130325304283e-04
3.821000000000116e-06,1.650682239646886e+00,-2.146134615146701e-04
3.823000000000117e-06,1.650682239639139e+00,-2.146130329559025e-04
3.825000000000117e-06,1.650682239646091e+00,-2.146134610759156e-04
3.827000000000117e-06,1.650682239637835e+00,-2.146130333947351e-04
3.829000000000117e-06,1.650682239644472e+00,-2.146134606238953e-04
3.831000000000117e-06,1.650682239635560e+00,-2.146130338336037e-04
3.833000000000117e-06,1.650682239641415e+00,-2.146134601985215e-04
3.835000000000117e-06,1.650682239632275e+00,-2.146130342725100e-04
3.837000000000118e-06,1.650682239637921e+00,-2.146134597864603e-04
3.839000000000118e-06,1.650682239628730e+00,-2.146130346981294e-04
3.841000000000118e-06,1.650682239634684e+00,-2.146134593477967e-04
3.843000000000118e-06,1.650682239625827e+00,-2.146130351237250e-04
3.845000000000118e-06,1.650682239631995e+00,-2.146134588958162e-04
3.847000000000118e-06,1.650682239623536e+00,-2.146130355625943e-04
3.849000000000118e-06,1.650682239629945e+00,-2.146134584969979e-04
3.851000000000119e-06,1.650682239621835e+00,-2.146130359748486e-04
3.853000000000119e-06,1.650682239628934e+00,-2.146134580582514e-04
3.855000000000119e-06,1.650682239621712e+00,-2.146130364269338e-04
3.857000000000119e-06,1.650682239629600e+00,-2.146134576327391e-04
3.859000000000119e-06,1.650682239623237e+00,-2.146130368656611e-04
3.861000000000119e-06,1.650682239631542e+00,-2.146134572071792e-04
3.863000000000120e-06,1.650682239625398e+00,-2.146130372644753e-04
3.865000000000120e-06,1.650682239633828e+00,-2.146134567949031e-04
3.867000000000120e-06,1.650682239627567e+00,-2.146130377164752e-04
3.869000000000120e-06,1.650682239635546e+00,-2.146134563693517e-04
3.871000000000120e-06,1.650682239628709e+00,-2.146130381419202e-04
3.873000000000120e-06,1.650682239636138e+00,-2.146134559305456e-04
3.875000000000120e-06,1.650682239628871e+00,-2.146130385541052e-04
3.877000000000121e-06,1.650682239635388e+00,-2.146134555183824e-04
3.879000000000121e-06,1.650682239627119e+00,-2.146130389796580e-04
3.881000000000121e-06,1.650682239632870e+00,-2.146134550929885e-04
3.883000000000121e-06,1.650682239623864e+00,-2.146130393786737e-04
3.885000000000121e-06,1.650682239628402e+00,-2.146134546676672e-04
3.887000000000121e-06,1.650682239618385e+00,-2.146130397910686e-04
3.889000000000121e-06,1.650682239622411e+00,-2.146134542291060e-04
3.891000000000122e-06,1.650682239612061e+00,-2.146130402566809e-04
3.893000000000122e-06,1.650682239616184e+00,-2.146134538038500e-04
3.895000000000122e-06,1.650682239606729e+00,-2.146130406690703e-04
3.897000000000122e-06,1.650682239612279e+00,-2.146134534051007e-04
3.899000000000122e-06,1.650682239604926e+00,-2.146130410946249e-04
3.901000000000122e-06,1.650682239612805e+00,-2.146134529662971e-04
3.903000000000123e-06,1.650682239607765e+00,-2.146130414668210e-04
3.905000000000123e-06,1.650682239617321e+00,-2.146134525539380e-04
3.907000000000123e-06,1.650682239613476e+00,-2.146130419186890e-04
3.909000000000123e-06,1.650682239624095e+00,-2.146134521813844e-04
3.911000000000123e-06,1.650682239620804e+00,-2.146130423572005e-04
3.913000000000123e-06,1.650682239630927e+00,-2.146134517290497e-04
3.915000000000123e-06,1.650682239626641e+00,-2.146130427292850e-04
3.917000000000124e-06,1.650682239635673e+00,-2.146134513299786e-04
3.919000000000124e-06,1.650682239629981e+00,-2.146130431679448e-04
3.921000000000124e-06,1.650682239636866e+00,-2.146134509177431e-04
3.923000000000124e-06,1.650682239629006e+00,-2.146130435934686e-04
3.925000000000124e-06,1.650682239634287e+00,-2.146134504657585e-04
3.927000000000124e-06,1.650682239625015e+00,-2.146130439792152e-04
3.929000000000125e-06,1.650682239628837e+00,-2.146134500537702e-04
3.931000000000125e-06,1.650682239618622e+00,-2.146130443783476e-04
3.933000000000125e-06,1.650682239621796e+00,-2.146134496418410e-04
3.935000000000125e-06,1.650682239611531e+00,-2.146130448306919e-04
3.937000000000125e-06,1.650682239615026e+00,-2.146134492299018e-04
3.939000000000125e-06,1.650682239605227e+00,-2.146130452165245e-04
3.941000000000125e-06,1.650682239609382e+00,-2.146134488445136e-04
3.943000000000126e-06,1.650682239600814e+00,-2.146130456421762e-04
3.945000000000126e-06,1.650682239606462e+00,-2.146134484058382e-04
3.947000000000126e-06,1.650682239599364e+00,-2.146130460278283e-04
3.949000000000126e-06,1.650682239606314e+00,-2.146134479936526e-04
3.951000000000126e-06,1.650682239600346e+00,-2.146130464532793e-04
3.953000000000126e-06,1.650682239607800e+00,-2.146134476079992e-04
3.955000000000126e-06,1.650682239601859e+00,-2.146130468521177e-04
3.957000000000127e-06,1.650682239609162e+00,-2.146134471957575e-04
3.959000000000127e-06,1.650682239602898e+00,-2.146130472509736e-04
3.961000000000127e-06,1.650682239609738e+00,-2.146134467702485e-04
3.963000000000127e-06,1.650682239603373e+00,-2.146130476764435e-04
3.965000000000127e-06,1.650682239609937e+00,-2.146134463580500e-04
3.967000000000127e-06,1.650682239602727e+00,-2.146130480620656e-04
3.969000000000128e-06,1.650682239608160e+00,-2.146134459725180e-04
3.971000000000128e-06,1.650682239600338e+00,-2.146130484743456e-04
3.973000000000128e-06,1.650682239605371e+00,-2.146134455870236e-04
3.975000000000128e-06,1.650682239597008e+00,-2.146130488600675e-04
3.977000000000128e-06,1.650682239601420e+00,-2.146134451350901e-04
3.979000000000128e-06,1.650682239592702e+00,-2.146130492724188e-04
3.981000000000128e-06,1.650682239596941e+00,-2.146134447363620e-04
3.983000000000129e-06,1.650682239588239e+00,-2.146130497113689e-04
3.985000000000129e-06,1.650682239592590e+00,-2.146134443243328e-04
3.987000000000129e-06,1.650682239584155e+00,-2.146130500971189e-04
3.989000000000129e-06,1.650682239588952e+00,-2.146134439654631e-04
3.991000000000129e-06,1.650682239581299e+00,-2.146130505094163e-04
3.993000000000129e-06,1.650682239587006e+00,-2.146134435400479e-04
3.995000000000129e-06,1.650682239580572e+00,-2.146130509216343e-04
3.997000000000130e-06,1.650682239587626e+00,-2.146134431411302e-04
3.999000000000130e-06,1.650682239582601e+00,-2.146130513071570e-04
4.001000000000130e-06,1.650682239590990e+00,-2.146134427421105e-04
4.003000000000130e-06,1.650682239587035e+00,-2.146130516925901e-04
4.005000000000130e-06,1.650682239595994e+00,-2.146134423563262e-04
4.007000000000130e-06,1.650682239592262e+00,-2.146130521178833e-04
4.009000000000131e-06,1.650682239600980e+00,-2.146134419306532e-04
4.011000000000131e-06,1.650682239596685e+00,-2.146130525033169e-04
4.013000000000131e-06,1.650682239604397e+00,-2.146134415582244e-04
4.015000000000131e-06,1.650682239599248e+00,-2.146130528888197e-04
4.017000000000131e-06,1.650682239606207e+00,-2.146134411326696e-04
4.019000000000131e-06,1.650682239600070e+00,-2.146130533275731e-04
4.021000000000131e-06,1.650682239605999e+00,-2.146134407603757e-04
4.023000000000132e-06,1.650682239599211e+00,-2.146130536999067e-04
4.025000000000132e-06,1.650682239604836e+00,-2.146134403881173e-04
4.027000000000132e-06,1.650682239597973e+00,-2.146130540722544e-04
4.029000000000132e-06,1.650682239603404e+00,-2.146134399759795e-04
4.031000000000132e-06,1.650682239596499e+00,-2.146130544977968e-04
4.033000000000132e-06,1.650682239602150e+00,-2.146134395771315e-04
4.035000000000132e-06,1.650682239595659e+00,-2.146130548834261e-04
4.037000000000133e-06,1.650682239601627e+00,-2.146134391782564e-04
4.039000000000133e-06,1.650682239595489e+00,-2.146130552557341e-04
4.041000000000133e-06,1.650682239601669e+00,-2.146134387660638e-04
4.043000000000133e-06,1.650682239595712e+00,-2.146130556679168e-04
4.045000000000133e-06,1.650682239602018e+00,-2.146134383937491e-04
4.047000000000133e-06,1.650682239596169e+00,-2.146130560667944e-04
4.049000000000134e-06,1.650682239602370e+00,-2.146134380214344e-04
4.051000000000134e-06,1.650682239596308e+00,-2.146130564390909e-04
4.053000000000134e-06,1.650682239602400e+00,-2.146134376092422e-04
4.055000000000134e-06,1.650682239596630e+00,-2.146130568379735e-04
4.057000000000134e-06,1.650682239603156e+00,-2.146134371970231e-04
4.059000000000134e-06,1.650682239597598e+00,-2.146130572235356e-04
4.061000000000134e-06,1.650682239603926e+00,-2.146134368246928e-04
4.063000000000135e-06,1.650682239598246e+00,-2.146130576224061e-04
4.065000000000135e-06,1.650682239604455e+00,-2.146134364390750e-04
4.067000000000135e-06,1.650682239598225e+00,-2.146130579947085e-04
4.069000000000135e-06,1.650682239603606e+00,-2.146134360402120e-04
4.071000000000135e-06,1.650682239596824e+00,-2.146130583936552e-04
4.073000000000135e-06,1.650682239601583e+00,-2.146134356546891e-04
4.075000000000135e-06,1.650682239594129e+00,-2.146130587527606e-04
4.077000000000136e-06,1.650682239598345e+00,-2.146134352825080e-04
4.079000000000136e-06,1.650682239590354e+00,-2.146130591252026e-04
4.081000000000136e-06,1.650682239593918e+00,-2.146134348970745e-04
4.083000000000136e-06,1.650682239586327e+00,-2.146130595641365e-04
4.085000000000136e-06,1.650682239591358e+00,-2.146134345248681e-04
4.087000000000136e-06,1.650682239585540e+00,-2.146130599630604e-04
4.089000000000137e-06,1.650682239592333e+00,-2.146134341259373e-04
4.091000000000137e-06,1.650682239588283e+00,-2.146130603086670e-04
4.093000000000137e-06,1.650682239596394e+00,-2.146134337135951e-04
4.095000000000137e-06,1.650682239592999e+00,-2.146130606940897e-04
4.097000000000137e-06,1.650682239601593e+00,-2.146134333676931e-04
4.099000000000137e-06,1.650682239598723e+00,-2.146130610661783e-04
4.101000000000137e-06,1.650682239607113e+00,-2.146134329685932e-04
4.103000000000138e-06,1.650682239603483e+00,-2.146130614383029e-04
4.105000000000138e-06,1.650682239610971e+00,-2.146134325828515e-04
4.107000000000138e-06,1.650682239606684e+00,-2.146130618370784e-04
4.109000000000138e-06,1.650682239613491e+00,-2.146134322237527e-04
4.111000000000138e-06,1.650682239608188e+00,-2.146130622359171e-04
4.113000000000138e-06,1.650682239613785e+00,-2.146134318381436e-04
4.115000000000138e-06,1.650682239607579e+00,-2.146130626481308e-04
4.117000000000139e-06,1.650682239612434e+00,-2.146134314658922e-04
4.119000000000139e-06,1.650682239605723e+00,-2.146130630337980e-04
4.121000000000139e-06,1.650682239610547e+00,-2.146134310537713e-04
4.123000000000139e-06,1.650682239604213e+00,-2.146130633795628e-04
4.125000000000139e-06,1.650682239609369e+00,-2.146134306948100e-04
4.127000000000139e-06,1.650682239603404e+00,-2.146130637651910e-04
4.129000000000140e-06,1.650682239608804e+00,-2.146134303358259e-04
4.131000000000140e-06,1.650682239603192e+00,-2.146130641906864e-04
4.133000000000140e-06,1.650682239608927e+00,-2.146134299369267e-04
4.135000000000140e-06,1.650682239603638e+00,-2.146130645363785e-04
4.137000000000140e-06,1.650682239609860e+00,-2.146134295645904e-04
4.139000000000140e-06,1.650682239605080e+00,-2.146130648820335e-04
4.141000000000140e-06,1.650682239611568e+00,-2.146134291789288e-04
4.143000000000141e-06,1.650682239607081e+00,-2.146130652675571e-04
4.145000000000141e-06,1.650682239613654e+00,-2.146134287932531e-04
4.147000000000141e-06,1.650682239608994e+00,-2.146130656397876e-04
4.149000000000141e-06,1.650682239615158e+00,-2.146134284474885e-04
4.151000000000141e-06,1.650682239609977e+00,-2.146130659854597e-04
4.153000000000141e-06,1.650682239615299e+00,-2.146134280618851e-04
4.155000000000141e-06,1.650682239608984e+00,-2.146130663843913e-04
4.157000000000142e-06,1.650682239613115e+00,-2.146134276896647e-04
4.159000000000142e-06,1.650682239606072e+00,-2.146130667568012e-04
4.161000000000142e-06,1.650682239609764e+00,-2.146134273307843e-04
4.163000000000142e-06,1.650682239602395e+00,-2.146130671425361e-04
4.165000000000142e-06,1.650682239605910e+00,-2.146134269586260e-04
4.167000000000142e-06,1.650682239598626e+00,-2.146130675016814e-04
4.169000000000143e-06,1.650682239602426e+00,-2.146134265598610e-04
4.171000000000143e-06,1.650682239595801e+00,-2.146130678740882e-04
4.173000000000143e-06,1.650682239600350e+00,-2.146134262142296e-04
4.175000000000143e-06,1.650682239594577e+00,-2.146130682331388e-04
4.177000000000143e-06,1.650682239599992e+00,-2.146134258685343e-04
4.179000000000143e-06,1.650682239595083e+00,-2.146130685921251e-04
4.181000000000143e-06,1.650682239601135e+00,-2.146134254961901e-04
4.183000000000144e-06,1.650682239596638e+00,-2.146130689643689e-04
4.185000000000144e-06,1.650682239602815e+00,-2.146134251238260e-04
4.187000000000144e-06,1.650682239598361e+00,-2.146130693233099e-04
4.189000000000144e-06,1.650682239604553e+00,-2.146134247647562e-04
4.191000000000144e-06,1.650682239599782e+00,-2.146130697354482e-04
4.193000000000144e-06,1.650682239605022e+00,-2.146134243924372e-04
4.195000000000144e-06,1.650682239599485e+00,-2.146130700811679e-04
4.197000000000145e-06,1.650682239604593e+00,-2.146134240068550e-04
4.199000000000145e-06,1.650682239599212e+00,-2.146130704268867e-04
4.201000000000145e-06,1.650682239604345e+00,-2.146134236611556e-04
4.203000000000145e-06,1.650682239599097e+00,-2.146130707858961e-04
4.205000000000145e-06,1.650682239604331e+00,-2.146134233021510e-04
4.207000000000145e-06,1.650682239599188e+00,-2.146130711714908e-04
4.209000000000146e-06,1.650682239604694e+00,-2.146134229431323e-04
4.211000000000146e-06,1.650682239599899e+00,-2.146130715171730e-04
4.213000000000146e-06,1.650682239605525e+00,-2.146134225840963e-04
4.215000000000146e-06,1.650682239600706e+00,-2.146130718894446e-04
4.217000000000146e-06,1.650682239606167e+00,-2.146134222117708e-04
4.219000000000146e-06,1.650682239601151e+00,-2.146130722351367e-04
4.221000000000146e-06,1.650682239606277e+00,-2.146134218394651e-04
4.223000000000147e-06,1.650682239601144e+00,-2.146130725941421e-04
4.225000000000147e-06,1.650682239606479e+00,-2.146134215203419e-04
4.227000000000147e-06,1.650682239601694e+00,-2.146130729398303e-04
4.229000000000147e-06,1.650682239607262e+00,-2.146134211480111e-04
4.231000000000147e-06,1.650682239602551e+00,-2.146130732855070e-04
4.233000000000147e-06,1.650682239608261e+00,-2.146134207756723e-04
4.235000000000147e-06,1.650682239603876e+00,-2.146130736577593e-04
4.237000000000148e-06,1.650682239609297e+00,-2.146134204166286e-04
4.239000000000148e-06,1.650682239604172e+00,-2.146130740300500e-04
4.241000000000148e-06,1.650682239608478e+00,-2.146134200709505e-04
4.243000000000148e-06,1.650682239601951e+00,-2.146130743758412e-04
4.245000000000148e-06,1.650682239605092e+00,-2.146134196987748e-04
4.247000000000148e-06,1.650682239597705e+00,-2.146130747217078e-04
4.249000000000149e-06,1.650682239599964e+00,-2.146134193665534e-04
4.251000000000149e-06,1.650682239592146e+00,-2.146130750809198e-04
4.253000000000149e-06,1.650682239594450e+00,-2.146134190210499e-04
4.255000000000149e-06,1.650682239586888e+00,-2.146130754401205e-04
4.257000000000149e-06,1.650682239589656e+00,-2.146134186622231e-04
4.259000000000149e-06,1.650682239583111e+00,-2.146130758125626e-04
4.261000000000149e-06,1.650682239587166e+00,-2.146134183033106e-04
4.263000000000150e-06,1.650682239581884e+00,-2.146130761716134e-04
4.265000000000150e-06,1.650682239587071e+00,-2.146134179443090e-04
4.267000000000150e-06,1.650682239583018e+00,-2.146130765438728e-04
4.269000000000150e-06,1.650682239589242e+00,-2.146134175985195e-04
4.271000000000150e-06,1.650682239585813e+00,-2.146130768761810e-04
4.273000000000150e-06,1.650682239592175e+00,-2.146134172128124e-04
4.275000000000150e-06,1.650682239588649e+00,-2.146130772483772e-04
4.277000000000151e-06,1.650682239594541e+00,-2.146134168936087e-04
4.279000000000151e-06,1.650682239590285e+00,-2.146130775674320e-04
4.281000000000151e-06,1.650682239595663e+00,-2.146134165611548e-04
4.283000000000151e-06,1.650682239591438e+00,-2.146130778998012e-04
4.285000000000151e-06,1.650682239596619e+00,-2.146134161622246e-04
4.287000000000151e-06,1.650682239591568e+00,-2.146130782588015e-04
4.289000000000152e-06,1.650682239595638e+00,-2.146134158431454e-04
4.291000000000152e-06,1.650682239589530e+00,-2.146130785779930e-04
4.293000000000152e-06,1.650682239592645e+00,-2.146134154975481e-04
4.295000000000152e-06,1.650682239586060e+00,-2.146130789637202e-04
4.297000000000152e-06,1.650682239589431e+00,-2.146134151652555e-04
4.299000000000152e-06,1.650682239583807e+00,-2.146130793095127e-04
4.301000000000152e-06,1.650682239588421e+00,-2.146134148461774e-04
4.303000000000153e-06,1.650682239584375e+00,-2.146130796684967e-04
4.305000000000153e-06,1.650682239590441e+00,-2.146134145003936e-04
4.307000000000153e-06,1.650682239587556e+00,-2.146130800007905e-04
4.309000000000153e-06,1.650682239594709e+00,-2.146134141545262e-04
4.311000000000153e-06,1.650682239592736e+00,-2.146130803728994e-04
4.313000000000153e-06,1.650682239600475e+00,-2.146134137820101e-04
4.315000000000154e-06,1.650682239598580e+00,-2.146130806785012e-04
4.317000000000154e-06,1.650682239605772e+00,-2.146134134759938e-04
4.319000000000154e-06,1.650682239603239e+00,-2.146130810373331e-04
4.321000000000154e-06,1.650682239609725e+00,-2.146134131168417e-04
4.323000000000154e-06,1.650682239606472e+00,-2.146130813696250e-04
4.325000000000154e-06,1.650682239612064e+00,-2.146134127710460e-04
4.327000000000154e-06,1.650682239607840e+00,-2.146130817418757e-04
4.329000000000155e-06,1.650682239612280e+00,-2.146134124386258e-04
4.331000000000155e-06,1.650682239606848e+00,-2.146130820344353e-04
4.333000000000155e-06,1.650682239610545e+00,-2.146134121195747e-04
4.335000000000155e-06,1.650682239604837e+00,-2.146130823802188e-04
4.337000000000155e-06,1.650682239608279e+00,-2.146134117739503e-04
4.339000000000155e-06,1.650682239602469e+00,-2.146130827127190e-04
4.341000000000155e-06,1.650682239605905e+00,-2.146134114283300e-04
4.343000000000156e-06,1.650682239600248e+00,-2.146130830585103e-04
4.345000000000156e-06,1.650682239603781e+00,-2.146134110827004e-04
4.347000000000156e-06,1.650682239598334e+00,-2.146130834175866e-04
4.349000000000156e-06,1.650682239602140e+00,-2.146134107237562e-04
4.351000000000156e-06,1.650682239597053e+00,-2.146130837500464e-04
4.353000000000156e-06,1.650682239601590e+00,-2.146134104046610e-04
4.355000000000157e-06,1.650682239597741e+00,-2.146130840691365e-04
4.357000000000157e-06,1.650682239603256e+00,-2.146134100854834e-04
4.359000000000157e-06,1.650682239600033e+00,-2.146130844014634e-04
4.361000000000157e-06,1.650682239606081e+00,-2.146134097396697e-04
4.363000000000157e-06,1.650682239603084e+00,-2.146130847470585e-04
4.365000000000157e-06,1.650682239608907e+00,-2.146134093938559e-04
4.367000000000157e-06,1.650682239605326e+00,-2.146130850660908e-04
4.369000000000158e-06,1.650682239610225e+00,-2.146134090746912e-04
4.371000000000158e-06,1.650682239605607e+00,-2.146130853851961e-04
4.373000000000158e-06,1.650682239609172e+00,-2.146134087423182e-04
4.375000000000158e-06,1.650682239603400e+00,-2.146130856778009e-04
4.377000000000158e-06,1.650682239606178e+00,-2.146134084100174e-04
4.379000000000158e-06,1.650682239599622e+00,-2.146130860768360e-04
4.381000000000158e-06,1.650682239601469e+00,-2.146134080644839e-04
4.383000000000159e-06,1.650682239594480e+00,-2.146130863961429e-04
4.385000000000159e-06,1.650682239596541e+00,-2.146134077322551e-04
4.387000000000159e-06,1.650682239590150e+00,-2.146130867287162e-04
4.389000000000159e-06,1.650682239592839e+00,-2.146134074132771e-04
4.391000000000159e-06,1.650682239586965e+00,-2.146130870479503e-04
4.393000000000159e-06,1.650682239590164e+00,-2.146134070543715e-04
4.395000000000160e-06,1.650682239584863e+00,-2.146130873804407e-04
4.397000000000160e-06,1.650682239588242e+00,-2.146134067220308e-04
4.399000000000160e-06,1.650682239582606e+00,-2.146130876996403e-04
4.401000000000160e-06,1.650682239585723e+00,-2.146134064030089e-04
4.403000000000160e-06,1.650682239580332e+00,-2.146130880454336e-04
4.405000000000160e-06,1.650682239583484e+00,-2.146134060706800e-04
4.407000000000160e-06,1.650682239577989e+00,-2.146130883779329e-04
4.409000000000161e-06,1.650682239581392e+00,-2.146134057516421e-04
4.411000000000161e-06,1.650682239576626e+00,-2.146130886838028e-04
4.413000000000161e-06,1.650682239580734e+00,-2.146134054325509e-04
4.415000000000161e-06,1.650682239576178e+00,-2.146130890162316e-04
4.417000000000161e-06,1.650682239579969e+00,-2.146134050735743e-04
4.419000000000161e-06,1.650682239575273e+00,-2.146130893220845e-04
4.421000000000161e-06,1.650682239579177e+00,-2.146134047544880e-04
4.423000000000162e-06,1.650682239574353e+00,-2.146130896545308e-04
4.425000000000162e-06,1.650682239578066e+00,-2.146134044221172e-04
4.427000000000162e-06,1.650682239573741e+00,-2.146130900268552e-04
4.429000000000162e-06,1.650682239578016e+00,-2.146134041030034e-04
4.431000000000162e-06,1.650682239573796e+00,-2.146130903193759e-04
4.433000000000162e-06,1.650682239578122e+00,-2.146134037971802e-04
4.435000000000163e-06,1.650682239573998e+00,-2.146130906517805e-04
4.437000000000163e-06,1.650682239578093e+00,-2.146134034780657e-04
4.439000000000163e-06,1.650682239573911e+00,-2.146130909708995e-04
4.441000000000163e-06,1.650682239578347e+00,-2.146134031456440e-04
4.443000000000163e-06,1.650682239574202e+00,-2.146130912900043e-04
4.445000000000163e-06,1.650682239577970e+00,-2.146134027866529e-04
4.447000000000163e-06,1.650682239573463e+00,-2.146130916091475e-04
4.449000000000164e-06,1.650682239577480e+00,-2.146134024941484e-04
4.451000000000164e-06,1.650682239572989e+00,-2.146130919016878e-04
4.453000000000164e-06,1.650682239576548e+00,-2.146134021617710e-04
4.455000000000164e-06,1.650682239571994e+00,-2.146130922474334e-04
4.457000000000164e-06,1.650682239575985e+00,-2.146134018559727e-04
4.459000000000164e-06,1.650682239571563e+00,-2.146130925798616e-04
4.461000000000164e-06,1.650682239574775e+00,-2.146134015369020e-04
4.463000000000165e-06,1.650682239569453e+00,-2.146130928990558e-04
4.465000000000165e-06,1.650682239572139e+00,-2.146134012178844e-04
4.467000000000165e-06,1.650682239566694e+00,-2.146130932182741e-04
4.469000000000165e-06,1.650682239569484e+00,-2.146134008855710e-04
4.471000000000165e-06,1.650682239564269e+00,-2.146130935241835e-04
4.473000000000165e-06,1.650682239567304e+00,-2.146134006064259e-04
4.475000000000166e-06,1.650682239562691e+00,-2.146130938433579e-04
4.477000000000166e-06,1.650682239566745e+00,-2.146134002740345e-04
4.479000000000166e-06,1.650682239562763e+00,-2.146130941624709e-04
4.481000000000166e-06,1.650682239566924e+00,-2.146133999815052e-04
4.483000000000166e-06,1.650682239563192e+00,-2.146130944948671e-04
4.485000000000166e-06,1.650682239567755e+00,-2.146133996623586e-04
4.487000000000166e-06,1.650682239564598e+00,-2.146130947740410e-04
4.489000000000167e-06,1.650682239569593e+00,-2.146133993431745e-04
4.491000000000167e-06,1.650682239566825e+00,-2.146130951196668e-04
4.493000000000167e-06,1.650682239572181e+00,-2.146133990505556e-04
4.495000000000167e-06,1.650682239569611e+00,-2.146130954253824e-04
4.497000000000167e-06,1.650682239574860e+00,-2.146133987313402e-04
4.499000000000167e-06,1.650682239572059e+00,-2.146130957311105e-04
4.501000000000167e-06,1.650682239577030e+00,-2.146133984254403e-04
4.503000000000168e-06,1.650682239573953e+00,-2.146130960501557e-04
4.505000000000168e-06,1.650682239578777e+00,-2.146133981062597e-04
4.507000000000168e-06,1.650682239575746e+00,-2.146130963692047e-04
4.509000000000168e-06,1.650682239580451e+00,-2.146133977870817e-04
4.511000000000168e-06,1.650682239576946e+00,-2.146130966749792e-04
4.513000000000168e-06,1.650682239581042e+00,-2.146133974945370e-04
4.515000000000169e-06,1.650682239577314e+00,-2.146130969674883e-04
4.517000000000169e-06,1.650682239581208e+00,-2.146133971754152e-04
4.519000000000169e-06,1.650682239577307e+00,-2.146130972866042e-04
4.521000000000169e-06,1.650682239581269e+00,-2.146133968828902e-04
4.523000000000169e-06,1.650682239577532e+00,-2.146130976057115e-04
4.525000000000169e-06,1.650682239581587e+00,-2.146133965637627e-04
4.527000000000169e-06,1.650682239578213e+00,-2.146130978982089e-04
4.529000000000170e-06,1.650682239582694e+00,-2.146133962446058e-04
4.531000000000170e-06,1.650682239579722e+00,-2.146130982172684e-04
4.533000000000170e-06,1.650682239584400e+00,-2.146133959653162e-04
4.535000000000170e-06,1.650682239581227e+00,-2.146130985097351e-04
4.537000000000170e-06,1.650682239585561e+00,-2.146133956727503e-04
4.539000000000170e-06,1.650682239582357e+00,-2.146130988288087e-04
4.541000000000170e-06,1.650682239586564e+00,-2.146133953270043e-04
4.543000000000171e-06,1.650682239582740e+00,-2.146130991346137e-04
4.545000000000171e-06,1.650682239586221e+00,-2.146133950079014e-04
4.547000000000171e-06,1.650682239581987e+00,-2.146130994271644e-04
4.549000000000171e-06,1.650682239584779e+00,-2.146133947287288e-04
4.551000000000171e-06,1.650682239579575e+00,-2.146130997463698e-04
4.553000000000171e-06,1.650682239582154e+00,-2.146133944230073e-04
4.555000000000172e-06,1.650682239577569e+00,-2.146131000389672e-04
4.557000000000172e-06,1.650682239580613e+00,-2.146133941305419e-04
4.559000000000172e-06,1.650682239576495e+00,-2.146131003315298e-04
4.561000000000172e-06,1.650682239580431e+00,-2.146133938247295e-04
4.563000000000172e-06,1.650682239577685e+00,-2.146131006240083e-04
4.565000000000172e-06,1.650682239582945e+00,-2.146133934922238e-04
4.567000000000172e-06,1.650682239581138e+00,-2.146131009695885e-04
4.569000000000173e-06,1.650682239587164e+00,-2.146133932128407e-04
4.571000000000173e-06,1.650682239586021e+00,-2.146131012486330e-04
4.573000000000173e-06,1.650682239592026e+00,-2.146133929068406e-04
4.575000000000173e-06,1.650682239590386e+00,-2.146131015675863e-04
4.577000000000173e-06,1.650682239595509e+00,-2.146133926008919e-04
4.579000000000173e-06,1.650682239592810e+00,-2.146131018600188e-04
4.581000000000173e-06,1.650682239597036e+00,-2.146133922950158e-04
4.583000000000174e-06,1.650682239593515e+00,-2.146131021525153e-04
4.585000000000174e-06,1.650682239596623e+00,-2.146133920158050e-04
4.587000000000174e-06,1.650682239591909e+00,-2.146131024583943e-04
4.589000000000174e-06,1.650682239594184e+00,-2.146133917100766e-04
4.591000000000174e-06,1.650682239588941e+00,-2.146131027377309e-04
4.593000000000174e-06,1.650682239590761e+00,-2.146133914043847e-04
4.595000000000175e-06,1.650682239585445e+00,-2.146131030303836e-04
4.597000000000175e-06,1.650682239587776e+00,-2.146133911252695e-04
4.599000000000175e-06,1.650682239583430e+00,-2.146131033362777e-04
4.601000000000175e-06,1.650682239586801e+00,-2.146133908327831e-04
4.603000000000175e-06,1.650682239583663e+00,-2.146131036420883e-04
4.605000000000175e-06,1.650682239588310e+00,-2.146133905136112e-04
4.607000000000175e-06,1.650682239586306e+00,-2.146131039345127e-04
4.609000000000176e-06,1.650682239591909e+00,-2.146133902076582e-04
4.611000000000176e-06,1.650682239590649e+00,-2.146131042401703e-04
4.613000000000176e-06,1.650682239596412e+00,-2.146133899149680e-04
4.615000000000176e-06,1.650682239595016e+00,-2.146131045458270e-04
4.617000000000176e-06,1.650682239600547e+00,-2.146133896089950e-04
4.619000000000176e-06,1.650682239598678e+00,-2.146131048515100e-04
4.621000000000176e-06,1.650682239603278e+00,-2.146133893429637e-04
4.623000000000177e-06,1.650682239600169e+00,-2.146131051306808e-04
4.625000000000177e-06,1.650682239603672e+00,-2.146133890637228e-04
4.627000000000177e-06,1.650682239599982e+00,-2.146131054099140e-04
4.629000000000177e-06,1.650682239602867e+00,-2.146133887446370e-04
4.631000000000177e-06,1.650682239598416e+00,-2.146131057024949e-04
4.633000000000177e-06,1.650682239600832e+00,-2.146133884654866e-04
4.635000000000178e-06,1.650682239596456e+00,-2.146131060083870e-04
4.637000000000178e-06,1.650682239599250e+00,-2.146133881863192e-04
4.639000000000178e-06,1.650682239595221e+00,-2.146131063009556e-04
4.641000000000178e-06,1.650682239598388e+00,-2.146133878938285e-04
4.643000000000178e-06,1.650682239595022e+00,-2.146131065801892e-04
4.645000000000178e-06,1.650682239598825e+00,-2.146133876145861e-04
4.647000000000178e-06,1.650682239596080e+00,-2.146131068593761e-04
4.649000000000179e-06,1.650682239600632e+00,-2.146133872954032e-04
4.651000000000179e-06,1.650682239598765e+00,-2.146131071650954e-04
4.653000000000179e-06,1.650682239604182e+00,-2.146133870027484e-04
4.655000000000179e-06,1.650682239603080e+00,-2.146131074574576e-04
4.657000000000179e-06,1.650682239608902e+00,-2.146133867233466e-04
4.659000000000179e-06,1.650682239608025e+00,-2.146131077497964e-04
4.661000000000179e-06,1.650682239613873e+00,-2.146133864439355e-04
4.663000000000180e-06,1.650682239612769e+00,-2.146131080155496e-04
4.665000000000180e-06,1.650682239617940e+00,-2.146133861645580e-04
4.667000000000180e-06,1.650682239615834e+00,-2.146131083212548e-04
4.669000000000180e-06,1.650682239619877e+00,-2.146133858852597e-04
4.671000000000180e-06,1.650682239616693e+00,-2.146131085738561e-04
4.673000000000180e-06,1.650682239619880e+00,-2.146133856193298e-04
4.675000000000181e-06,1.650682239615922e+00,-2.146131088664075e-04
4.677000000000181e-06,1.650682239617993e+00,-2.146133853268773e-04
4.679000000000181e-06,1.650682239612886e+00,-2.146131091590431e-04
4.681000000000181e-06,1.650682239614254e+00,-2.146133850344938e-04
4.683000000000181e-06,1.650682239608909e+00,-2.146131094251208e-04
4.685000000000181e-06,1.650682239610139e+00,-2.146133847421241e-04
4.687000000000181e-06,1.650682239604760e+00,-2.146131097177978e-04
4.689000000000182e-06,1.650682239605897e+00,-2.146133844763522e-04
4.691000000000182e-06,1.650682239600398e+00,-2.146131099838898e-04
4.693000000000182e-06,1.650682239601794e+00,-2.146133841706856e-04
4.695000000000182e-06,1.650682239597224e+00,-2.146131102765306e-04
4.697000000000182e-06,1.650682239599943e+00,-2.146133838782318e-04
4.699000000000182e-06,1.650682239596768e+00,-2.146131105557737e-04
4.701000000000183e-06,1.650682239600725e+00,-2.146133836122730e-04
4.703000000000183e-06,1.650682239598850e+00,-2.146131108349225e-04
4.705000000000183e-06,1.650682239603944e+00,-2.146133833462235e-04
4.707000000000183e-06,1.650682239602933e+00,-2.146131111139969e-04
4.709000000000183e-06,1.650682239608374e+00,-2.146133830269430e-04
4.711000000000183e-06,1.650682239607153e+00,-2.146131113930661e-04
4.713000000000183e-06,1.650682239612012e+00,-2.146133827608780e-04
4.715000000000184e-06,1.650682239609869e+00,-2.146131116721913e-04
4.717000000000184e-06,1.650682239613601e+00,-2.146133824948891e-04
4.719000000000184e-06,1.650682239610492e+00,-2.146131119380978e-04
4.721000000000184e-06,1.650682239613212e+00,-2.146133822156774e-04
4.723000000000184e-06,1.650682239609081e+00,-2.146131122173766e-04
4.725000000000184e-06,1.650682239610886e+00,-2.146133819232412e-04
4.727000000000184e-06,1.650682239605963e+00,-2.146131124967188e-04
4.729000000000185e-06,1.650682239607224e+00,-2.146133816441512e-04
4.731000000000185e-06,1.650682239602107e+00,-2.146131127627919e-04
4.733000000000185e-06,1.650682239603531e+00,-2.146133813783589e-04
4.735000000000185e-06,1.650682239598992e+00,-2.146131130421340e-04
4.737000000000185e-06,1.650682239601109e+00,-2.146133810859262e-04
4.739000000000185e-06,1.650682239597337e+00,-2.146131133081253e-04
4.741000000000186e-06,1.650682239600409e+00,-2.146133808200225e-04
4.743000000000186e-06,1.650682239597871e+00,-2.146131136139246e-04
4.745000000000186e-06,1.650682239602084e+00,-2.146133805540305e-04
4.747000000000186e-06,1.650682239600325e+00,-2.146131138797631e-04
4.749000000000186e-06,1.650682239605080e+00,-2.146133803012858e-04
4.751000000000186e-06,1.650682239603883e+00,-2.146131141455605e-04
4.753000000000186e-06,1.650682239608929e+00,-2.146133799953235e-04
4.755000000000187e-06,1.650682239607682e+00,-2.146131144246454e-04
4.757000000000187e-06,1.650682239612216e+00,-2.146133797159750e-04
4.759000000000187e-06,1.650682239610125e+00,-2.146131146771877e-04
4.761000000000187e-06,1.650682239613920e+00,-2.146133794499818e-04
4.763000000000187e-06,1.650682239611377e+00,-2.146131149430709e-04
4.765000000000187e-06,1.650682239614709e+00,-2.146133791707263e-04
4.767000000000187e-06,1.650682239611774e+00,-2.146131152355788e-04
4.769000000000188e-06,1.650682239614992e+00,-2.146133789180825e-04
4.771000000000188e-06,1.650682239612258e+00,-2.146131155413800e-04
4.773000000000188e-06,1.650682239615686e+00,-2.146133786388305e-04
4.775000000000188e-06,1.650682239613123e+00,-2.146131158072776e-04
4.777000000000188e-06,1.650682239616617e+00,-2.146133783728661e-04
4.779000000000188e-06,1.650682239614139e+00,-2.146131160731694e-04
4.781000000000189e-06,1.650682239617960e+00,-2.146133780935899e-04
4.783000000000189e-06,1.650682239616075e+00,-2.146131163656201e-04
4.785000000000189e-06,1.650682239620299e+00,-2.146133778541662e-04
4.787000000000189e-06,1.650682239618554e+00,-2.146131166048647e-04
4.789000000000189e-06,1.650682239622881e+00,-2.146133775615475e-04
4.791000000000189e-06,1.650682239621128e+00,-2.146131168972917e-04
4.793000000000189e-06,1.650682239625203e+00,-2.146133773088278e-04
4.795000000000190e-06,1.650682239623175e+00,-2.146131171498487e-04
4.797000000000190e-06,1.650682239626716e+00,-2.146133770428418e-04
4.799000000000190e-06,1.650682239623843e+00,-2.146131174290501e-04
4.801000000000190e-06,1.650682239626289e+00,-2.146133767902244e-04
4.803000000000190e-06,1.650682239621827e+00,-2.146131176817583e-04
4.805000000000190e-06,1.650682239622672e+00,-2.146133765111328e-04
4.807000000000190e-06,1.650682239617060e+00,-2.146131179478654e-04
4.809000000000191e-06,1.650682239616830e+00,-2.146133762321239e-04
4.811000000000191e-06,1.650682239610594e+00,-2.146131182140356e-04
4.813000000000191e-06,1.650682239610479e+00,-2.146133759664304e-04
4.815000000000191e-06,1.650682239604817e+00,-2.146131184934767e-04
4.817000000000191e-06,1.650682239605395e+00,-2.146133757006898e-04
4.819000000000191e-06,1.650682239601054e+00,-2.146131187462500e-04
4.821000000000192e-06,1.650682239603653e+00,-2.146133754614178e-04
4.823000000000192e-06,1.650682239601384e+00,-2.146131190121674e-04
4.825000000000192e-06,1.650682239605783e+00,-2.146133751954089e-04
4.827000000000192e-06,1.650682239605157e+00,-2.146131192779568e-04
4.829000000000192e-06,1.650682239610606e+00,-2.146133749292997e-04
4.831000000000192e-06,1.650682239610386e+00,-2.146131195303956e-04
4.833000000000192e-06,1.650682239615887e+00,-2.146133746365805e-04
4.835000000000193e-06,1.650682239615537e+00,-2.146131197961337e-04
4.837000000000193e-06,1.650682239620648e+00,-2.146133743837702e-04
4.839000000000193e-06,1.650682239619586e+00,-2.146131200486163e-04
4.841000000000193e-06,1.650682239623602e+00,-2.146133741443235e-04
4.843000000000193e-06,1.650682239621061e+00,-2.146131203543806e-04
4.845000000000193e-06,1.650682239623567e+00,-2.146133738650987e-04
4.847000000000193e-06,1.650682239619965e+00,-2.146131205937582e-04
4.849000000000194e-06,1.650682239621404e+00,-2.146133736125458e-04
4.851000000000194e-06,1.650682239616754e+00,-2.146131208465109e-04
4.853000000000194e-06,1.650682239617475e+00,-2.146133733600588e-04
4.855000000000194e-06,1.650682239612370e+00,-2.146131211126036e-04
4.857000000000194e-06,1.650682239612507e+00,-2.146133730943139e-04
4.859000000000194e-06,1.650682239606924e+00,-2.146131213787360e-04
4.861000000000195e-06,1.650682239607135e+00,-2.146133728285840e-04
4.863000000000195e-06,1.650682239601857e+00,-2.146131216581507e-04
4.865000000000195e-06,1.650682239602547e+00,-2.146133725628249e-04
4.867000000000195e-06,1.650682239598355e+00,-2.146131218976177e-04
4.869000000000195e-06,1.650682239600270e+00,-2.146133722836834e-04
4.871000000000195e-06,1.650682239597134e+00,-2.146131221502964e-04
4.873000000000195e-06,1.650682239600318e+00,-2.146133720310484e-04
4.875000000000196e-06,1.650682239598495e+00,-2.146131224161755e-04
4.877000000000196e-06,1.650682239602399e+00,-2.146133717517448e-04
4.879000000000196e-06,1.650682239601011e+00,-2.146131226421221e-04
4.881000000000196e-06,1.650682239605007e+00,-2.146133715123110e-04
4.883000000000196e-06,1.650682239603067e+00,-2.146131229212719e-04
4.885000000000196e-06,1.650682239606209e+00,-2.146133712596330e-04
4.887000000000196e-06,1.650682239603575e+00,-2.146131231472933e-04
4.889000000000197e-06,1.650682239605720e+00,-2.146133710070180e-04
4.891000000000197e-06,1.650682239601866e+00,-2.146131234132866e-04
4.893000000000197e-06,1.650682239603147e+00,-2.146133707544804e-04
4.895000000000197e-06,1.650682239598800e+00,-2.146131236527374e-04
4.897000000000197e-06,1.650682239599399e+00,-2.146133705152831e-04
4.899000000000197e-06,1.650682239594334e+00,-2.146131239055367e-04
4.901000000000198e-06,1.650682239594760e+00,-2.146133702229330e-04
4.903000000000198e-06,1.650682239589643e+00,-2.146131241716410e-04
4.905000000000198e-06,1.650682239589834e+00,-2.146133699970759e-04
4.907000000000198e-06,1.650682239584800e+00,-2.146131244111579e-04
4.909000000000198e-06,1.650682239585346e+00,-2.146133697446097e-04
4.911000000000198e-06,1.650682239580863e+00,-2.146131246772341e-04
4.913000000000198e-06,1.650682239581887e+00,-2.146133694788086e-04
4.915000000000199e-06,1.650682239577967e+00,-2.146131249033821e-04
4.917000000000199e-06,1.650682239579769e+00,-2.146133692528471e-04
4.919000000000199e-06,1.650682239576766e+00,-2.146131251693565e-04
4.921000000000199e-06,1.650682239579290e+00,-2.146133689869352e-04
4.923000000000199e-06,1.650682239576694e+00,-2.146131253953994e-04
4.925000000000199e-06,1.650682239579491e+00,-2.146133687608874e-04
4.927000000000199e-06,1.650682239577131e+00,-2.146131256480164e-04
4.929000000000200e-06,1.650682239579986e+00,-2.146133684683463e-04
4.931000000000200e-06,1.650682239577883e+00,-2.146131259006216e-04
4.933000000000200e-06,1.650682239581309e+00,-2.146133682289604e-04
4.935000000000200e-06,1.650682239579428e+00,-2.146131261531975e-04
4.937000000000200e-06,1.650682239582393e+00,-2.146133679895833e-04
4.939000000000200e-06,1.650682239579611e+00,-2.146131263925274e-04
4.941000000000201e-06,1.650682239581611e+00,-2.146133677236826e-04
4.943000000000201e-06,1.650682239578149e+00,-2.146131266319185e-04
4.945000000000201e-06,1.650682239579692e+00,-2.146133674977138e-04
4.947000000000201e-06,1.650682239575820e+00,-2.146131268979349e-04
4.949000000000201e-06,1.650682239576972e+00,-2.146133672451817e-04
4.951000000000201e-06,1.650682239573106e+00,-2.146131271373726e-04
4.953000000000201e-06,1.650682239574576e+00,-2.146133669793411e-04
4.955000000000202e-06,1.650682239571064e+00,-2.146131273767854e-04
4.957000000000202e-06,1.650682239572762e+00,-2.146133667400718e-04
4.959000000000202e-06,1.650682239569702e+00,-2.146131276427657e-04
4.961000000000202e-06,1.650682239572337e+00,-2.146133665140474e-04
4.963000000000202e-06,1.650682239570587e+00,-2.146131278820695e-04
4.965000000000202e-06,1.650682239574485e+00,-2.146133662347412e-04
4.967000000000202e-06,1.650682239574094e+00,-2.146131281212759e-04
4.969000000000203e-06,1.650682239579539e+00,-2.146133660484024e-04
4.971000000000203e-06,1.650682239580383e+00,-2.146131283869717e-04
4.973000000000203e-06,1.650682239586429e+00,-2.146133657822164e-04
4.975000000000203e-06,1.650682239587612e+00,-2.146131286127430e-04
4.977000000000203e-06,1.650682239593465e+00,-2.146133655426179e-04
4.979000000000203e-06,1.650682239593855e+00,-2.146131288518475e-04
4.981000000000204e-06,1.650682239598572e+00,-2.146133652764982e-04
4.983000000000204e-06,1.650682239597388e+00,-2.146131290910528e-04
4.985000000000204e-06,1.650682239600392e+00,-2.146133650503902e-04
4.987000000000204e-06,1.650682239597545e+00,-2.146131293436803e-04
4.989000000000204e-06,1.650682239598969e+00,-2.146133647978099e-04
4.991000000000204e-06,1.650682239594938e+00,-2.146131295831140e-04
4.993000000000204e-06,1.650682239595265e+00,-2.146133645852039e-04
4.995000000000205e-06,1.650682239590546e+00,-2.146131298226141e-04
4.997000000000205e-06,1.650682239590805e+00,-2.146133643194401e-04
4.999000000000205e-06,1.650682239586238e+00,-2.146131300621111e-04
5.000000000000000e-06,1.650682239588762e+00,-2.146133640247274e-04
