time_s,output_V,supply_source_current_A
0.000000000000000e+00,1.649973377384756e+00,-2.603418880608733e-04
2.000000000000000e-11,1.649973377384690e+00,-2.603418882108523e-04
4.000000000000000e-11,1.649973377384612e+00,-2.603418881976804e-04
8.000000000000001e-11,1.649973377384457e+00,-2.603418882512341e-04
1.600000000000000e-10,1.649973377384227e+00,-2.603418881828893e-04
3.200000000000000e-10,1.649973377383466e+00,-2.603418881853881e-04
6.400000000000001e-10,1.649973377380845e+00,-2.603418882908789e-04
1.280000000000000e-09,1.649973377377268e+00,-2.603418883133657e-04
2.560000000000000e-09,1.649973377374202e+00,-2.603418883448283e-04
4.560000000000001e-09,1.649973377384437e+00,-2.603418884806001e-04
6.560000000000001e-09,1.649973377418680e+00,-2.603418886654770e-04
8.560000000000000e-09,1.649973377472686e+00,-2.603418887831365e-04
1.056000000000000e-08,1.649973377546789e+00,-2.603418889133447e-04
1.256000000000000e-08,1.649973377640639e+00,-2.603418890561149e-04
1.456000000000000e-08,1.649973377753059e+00,-2.603418892247874e-04
1.656000000000000e-08,1.649973377882253e+00,-2.603418893130569e-04
1.856000000000000e-08,1.649973378025343e+00,-2.603418894141060e-04
2.056000000000000e-08,1.649973378179319e+00,-2.603418894881571e-04
2.256000000000000e-08,1.649973378341296e+00,-2.603418895752071e-04
2.456000000000001e-08,1.649973378507788e+00,-2.603418895956067e-04
2.656000000000001e-08,1.649973378675313e+00,-2.603418896292644e-04
2.856000000000001e-08,1.649973378840570e+00,-2.603418896497100e-04
3.056000000000001e-08,1.649973379000476e+00,-2.603418896171687e-04
3.256000000000001e-08,1.649973379152595e+00,-2.603418895982135e-04
3.456000000000001e-08,1.649973379294963e+00,-2.603418895663246e-04
3.656000000000000e-08,1.649973379425820e+00,-2.603418895614568e-04
3.856000000000000e-08,1.649973379544021e+00,-2.603418895171704e-04
4.056000000000000e-08,1.649973379648321e+00,-2.603418894468081e-04
4.256000000000000e-08,1.649973379738035e+00,-2.603418894168779e-04
4.456000000000000e-08,1.649973379813244e+00,-2.603418893741907e-04
4.655999999999999e-08,1.649973379874185e+00,-2.603418893054413e-04
4.855999999999999e-08,1.649973379921419e+00,-2.603418892239053e-04
5.055999999999999e-08,1.649973379956415e+00,-2.603418891827141e-04
5.255999999999999e-08,1.649973379980214e+00,-2.603418891286428e-04
5.455999999999999e-08,1.649973379993871e+00,-2.603418890616523e-04
5.655999999999999e-08,1.649973379998969e+00,-2.603418890348697e-04
5.855999999999998e-08,1.649973379997221e+00,-2.603418889817488e-04
6.055999999999998e-08,1.649973379990534e+00,-2.603418889554046e-04
6.255999999999999e-08,1.649973379980596e+00,-2.603418889158848e-04
6.455999999999999e-08,1.649973379968643e+00,-2.603418888764400e-04
6.656000000000000e-08,1.649973379956033e+00,-2.603418888769091e-04
6.856000000000000e-08,1.649973379944072e+00,-2.603418888241681e-04
7.056000000000000e-08,1.649973379933325e+00,-2.603418888378643e-04
7.256000000000001e-08,1.649973379924505e+00,-2.603418888248959e-04
7.456000000000001e-08,1.649973379918541e+00,-2.603418888118213e-04
7.656000000000002e-08,1.649973379915947e+00,-2.603418887986213e-04
7.856000000000002e-08,1.649973379917169e+00,-2.603418888118723e-04
8.056000000000003e-08,1.649973379922602e+00,-2.603418887983737e-04
8.256000000000003e-08,1.649973379932258e+00,-2.603418887980145e-04
8.456000000000004e-08,1.649973379945808e+00,-2.603418887975105e-04
8.656000000000004e-08,1.649973379962713e+00,-2.603418888234747e-04
8.856000000000005e-08,1.649973379982280e+00,-2.603418888227468e-04
9.056000000000005e-08,1.649973380003791e+00,-2.603418888219465e-04
9.256000000000006e-08,1.649973380026604e+00,-2.603418888210979e-04
9.456000000000006e-08,1.649973380050344e+00,-2.603418888202148e-04
9.656000000000007e-08,1.649973380074633e+00,-2.603418887927184e-04
9.856000000000007e-08,1.649973380099429e+00,-2.603418888183889e-04
1.005600000000001e-07,1.649973380124817e+00,-2.603418888041480e-04
1.025600000000001e-07,1.649973380150342e+00,-2.603418888031985e-04
1.045600000000001e-07,1.649973380175437e+00,-2.603418887889685e-04
1.065600000000001e-07,1.649973380199949e+00,-2.603418887880567e-04
1.085600000000001e-07,1.649973380223728e+00,-2.603418887871721e-04
1.105600000000001e-07,1.649973380246446e+00,-2.603418887863271e-04
1.125600000000001e-07,1.649973380267751e+00,-2.603418887855345e-04
1.145600000000001e-07,1.649973380287328e+00,-2.603418887848063e-04
1.165600000000001e-07,1.649973380304717e+00,-2.603418887708629e-04
1.185600000000001e-07,1.649973380319976e+00,-2.603418887702953e-04
1.205600000000001e-07,1.649973380333335e+00,-2.603418887432054e-04
1.225600000000001e-07,1.649973380344545e+00,-2.603418887427884e-04
1.245600000000001e-07,1.649973380353583e+00,-2.603418887424522e-04
1.265600000000001e-07,1.649973380360853e+00,-2.603418887155888e-04
1.285600000000001e-07,1.649973380366641e+00,-2.603418887153735e-04
1.305600000000001e-07,1.649973380371141e+00,-2.603418887152061e-04
1.325600000000001e-07,1.649973380374588e+00,-2.603418887150779e-04
1.345600000000001e-07,1.649973380377229e+00,-2.603418886883866e-04
1.365600000000001e-07,1.649973380379037e+00,-2.603418886883194e-04
1.385600000000000e-07,1.649973380380335e+00,-2.603418886882711e-04
1.405600000000000e-07,1.649973380381542e+00,-2.603418886882262e-04
1.425600000000000e-07,1.649973380382678e+00,-2.603418886881840e-04
1.445600000000000e-07,1.649973380383932e+00,-2.603418886748408e-04
1.465600000000000e-07,1.649973380385377e+00,-2.603418886747871e-04
1.485600000000000e-07,1.649973380386795e+00,-2.603418886880309e-04
1.505600000000000e-07,1.649973380388188e+00,-2.603418886879790e-04
1.525600000000000e-07,1.649973380389667e+00,-2.603418886879240e-04
1.545600000000000e-07,1.649973380391606e+00,-2.603418886878519e-04
1.565600000000000e-07,1.649973380394279e+00,-2.603418886744559e-04
1.585600000000000e-07,1.649973380397558e+00,-2.603418886876305e-04
1.605600000000000e-07,1.649973380401600e+00,-2.603418886874800e-04
1.625599999999999e-07,1.649973380406264e+00,-2.603418886873066e-04
1.645599999999999e-07,1.649973380411086e+00,-2.603418886871272e-04
1.665599999999999e-07,1.649973380416031e+00,-2.603418886736468e-04
1.685599999999999e-07,1.649973380421137e+00,-2.603418886734568e-04
1.705599999999999e-07,1.649973380426305e+00,-2.603418886732646e-04
1.725599999999999e-07,1.649973380431440e+00,-2.603418886730736e-04
1.745599999999999e-07,1.649973380436499e+00,-2.603418886861819e-04
1.765599999999999e-07,1.649973380441417e+00,-2.603418886727024e-04
1.785599999999999e-07,1.649973380446134e+00,-2.603418886725270e-04
1.805599999999999e-07,1.649973380450689e+00,-2.603418886723575e-04
1.825599999999999e-07,1.649973380455130e+00,-2.603418886854888e-04
1.845599999999998e-07,1.649973380459499e+00,-2.603418886587333e-04
1.865599999999998e-07,1.649973380463488e+00,-2.603418886585849e-04
1.885599999999998e-07,1.649973380466823e+00,-2.603418886717574e-04
1.905599999999998e-07,1.649973380469757e+00,-2.603418886583517e-04
1.925599999999998e-07,1.649973380472398e+00,-2.603418886582535e-04
1.945599999999998e-07,1.649973380474736e+00,-2.603418886714630e-04
1.965599999999998e-07,1.649973380476641e+00,-2.603418886580957e-04
1.985599999999998e-07,1.649973380478023e+00,-2.603418886713407e-04
2.005599999999998e-07,1.649973380479100e+00,-2.603418886314112e-04
2.025599999999998e-07,1.649973380479894e+00,-2.603418886313817e-04
2.045599999999998e-07,1.649973380480408e+00,-2.603418886313626e-04
2.065599999999998e-07,1.649973380480830e+00,-2.603418886180504e-04
2.085599999999997e-07,1.649973380481131e+00,-2.603418886579287e-04
2.105599999999997e-07,1.649973380481247e+00,-2.603418886579243e-04
2.125599999999997e-07,1.649973380481371e+00,-2.603418886313267e-04
2.145599999999997e-07,1.649973380481595e+00,-2.603418886313184e-04
2.165599999999997e-07,1.649973380481905e+00,-2.603418886446034e-04
2.185599999999997e-07,1.649973380482268e+00,-2.603418886312934e-04
2.205599999999997e-07,1.649973380482563e+00,-2.603418886445789e-04
2.225599999999997e-07,1.649973380483083e+00,-2.603418886312631e-04
2.245599999999997e-07,1.649973380483785e+00,-2.603418886312369e-04
2.265599999999997e-07,1.649973380484293e+00,-2.603418886445145e-04
2.285599999999997e-07,1.649973380484963e+00,-2.603418886311931e-04
2.305599999999997e-07,1.649973380485867e+00,-2.603418886311595e-04
2.325599999999996e-07,1.649973380486689e+00,-2.603418886444254e-04
2.345599999999996e-07,1.649973380487608e+00,-2.603418886443912e-04
2.365599999999996e-07,1.649973380488723e+00,-2.603418886310532e-04
2.385599999999996e-07,1.649973380489907e+00,-2.603418886443057e-04
2.405599999999996e-07,1.649973380490958e+00,-2.603418886575631e-04
2.425599999999996e-07,1.649973380491871e+00,-2.603418886309361e-04
2.445599999999996e-07,1.649973380492899e+00,-2.603418886308979e-04
2.465599999999996e-07,1.649973380494079e+00,-2.603418886574470e-04
2.485599999999996e-07,1.649973380495264e+00,-2.603418886574029e-04
2.505599999999996e-07,1.649973380496402e+00,-2.603418886573606e-04
2.525599999999996e-07,1.649973380497564e+00,-2.603418886440209e-04
2.545599999999995e-07,1.649973380498738e+00,-2.603418886572736e-04
2.565599999999995e-07,1.649973380499845e+00,-2.603418886572325e-04
2.585599999999995e-07,1.649973380500861e+00,-2.603418886571947e-04
2.605599999999995e-07,1.649973380501775e+00,-2.603418886438643e-04
2.625599999999995e-07,1.649973380502706e+00,-2.603418886305331e-04
2.645599999999995e-07,1.649973380503613e+00,-2.603418886570923e-04
2.665599999999995e-07,1.649973380504459e+00,-2.603418886570608e-04
2.685599999999995e-07,1.649973380505310e+00,-2.603418886437327e-04
2.705599999999995e-07,1.649973380506194e+00,-2.603418886569963e-04
2.725599999999995e-07,1.649973380507066e+00,-2.603418886569638e-04
2.745599999999995e-07,1.649973380507922e+00,-2.603418886569320e-04
2.765599999999995e-07,1.649973380508717e+00,-2.603418886569024e-04
2.785599999999994e-07,1.649973380509526e+00,-2.603418886568724e-04
2.805599999999994e-07,1.649973380510447e+00,-2.603418886568381e-04
2.825599999999994e-07,1.649973380511477e+00,-2.603418886567998e-04
2.845599999999994e-07,1.649973380512475e+00,-2.603418886301697e-04
2.865599999999994e-07,1.649973380513182e+00,-2.603418886434399e-04
2.885599999999994e-07,1.649973380513721e+00,-2.603418886434198e-04
2.905599999999994e-07,1.649973380514310e+00,-2.603418886301014e-04
2.925599999999994e-07,1.649973380514869e+00,-2.603418886566736e-04
2.945599999999994e-07,1.649973380515378e+00,-2.603418886566546e-04
2.965599999999994e-07,1.649973380515863e+00,-2.603418886566366e-04
2.985599999999994e-07,1.649973380516192e+00,-2.603418886566244e-04
3.005599999999994e-07,1.649973380516374e+00,-2.603418886300246e-04
3.025599999999993e-07,1.649973380516555e+00,-2.603418886433144e-04
3.045599999999993e-07,1.649973380516751e+00,-2.603418886433071e-04
3.065599999999993e-07,1.649973380516955e+00,-2.603418886565960e-04
3.085599999999993e-07,1.649973380517173e+00,-2.603418886299949e-04
3.105599999999993e-07,1.649973380517369e+00,-2.603418886299877e-04
3.125599999999993e-07,1.649973380517464e+00,-2.603418886299841e-04
3.145599999999993e-07,1.649973380517314e+00,-2.603418886565827e-04
3.165599999999993e-07,1.649973380516931e+00,-2.603418886034109e-04
3.185599999999993e-07,1.649973380516105e+00,-2.603418886433312e-04
3.205599999999993e-07,1.649973380514620e+00,-2.603418886167934e-04
3.225599999999993e-07,1.649973380512588e+00,-2.603418886035725e-04
3.245599999999992e-07,1.649973380510285e+00,-2.603418886169547e-04
3.265599999999992e-07,1.649973380507981e+00,-2.603418886037439e-04
3.285599999999992e-07,1.649973380505672e+00,-2.603418886038298e-04
3.305599999999992e-07,1.649973380503365e+00,-2.603418886039156e-04
3.325599999999992e-07,1.649973380501032e+00,-2.603418886040024e-04
3.345599999999992e-07,1.649973380498693e+00,-2.603418886040894e-04
3.365599999999992e-07,1.649973380496509e+00,-2.603418886041706e-04
3.385599999999992e-07,1.649973380494539e+00,-2.603418885909474e-04
3.405599999999992e-07,1.649973380492787e+00,-2.603418885777161e-04
3.425599999999992e-07,1.649973380491103e+00,-2.603418885910753e-04
3.445599999999992e-07,1.649973380489496e+00,-2.603418886044315e-04
3.465599999999992e-07,1.649973380488105e+00,-2.603418886044832e-04
3.485599999999991e-07,1.649973380486901e+00,-2.603418886311210e-04
3.505599999999991e-07,1.649973380485843e+00,-2.603418886311604e-04
3.525599999999991e-07,1.649973380484879e+00,-2.603418886178997e-04
3.545599999999991e-07,1.649973380484084e+00,-2.603418886046328e-04
3.565599999999991e-07,1.649973380483351e+00,-2.603418886046602e-04
3.585599999999991e-07,1.649973380482511e+00,-2.603418885913948e-04
3.605599999999991e-07,1.649973380481693e+00,-2.603418886313147e-04
3.625599999999991e-07,1.649973380480835e+00,-2.603418886047537e-04
3.645599999999991e-07,1.649973380479839e+00,-2.603418885914943e-04
3.665599999999991e-07,1.649973380478855e+00,-2.603418886181239e-04
3.685599999999991e-07,1.649973380478112e+00,-2.603418886048550e-04
3.705599999999991e-07,1.649973380477549e+00,-2.603418886181724e-04
3.725599999999990e-07,1.649973380477032e+00,-2.603418885915987e-04
3.745599999999990e-07,1.649973380476583e+00,-2.603418886315048e-04
3.765599999999990e-07,1.649973380476155e+00,-2.603418886315208e-04
3.785599999999990e-07,1.649973380475832e+00,-2.603418886049398e-04
3.805599999999990e-07,1.649973380475461e+00,-2.603418886049536e-04
3.825599999999990e-07,1.649973380475088e+00,-2.603418886049675e-04
3.845599999999990e-07,1.649973380474811e+00,-2.603418886049778e-04
3.865599999999990e-07,1.649973380474451e+00,-2.603418886049912e-04
3.885599999999990e-07,1.649973380474074e+00,-2.603418886050052e-04
3.905599999999990e-07,1.649973380473750e+00,-2.603418886050172e-04
3.925599999999990e-07,1.649973380473344e+00,-2.603418885917359e-04
3.945599999999989e-07,1.649973380472952e+00,-2.603418886050469e-04
3.965599999999989e-07,1.649973380472639e+00,-2.603418886050586e-04
3.985599999999989e-07,1.649973380472196e+00,-2.603418886050750e-04
4.005599999999989e-07,1.649973380471792e+00,-2.603418886050900e-04
4.025599999999989e-07,1.649973380471622e+00,-2.603418886050964e-04
4.045599999999989e-07,1.649973380471410e+00,-2.603418886051043e-04
4.065599999999989e-07,1.649973380471044e+00,-2.603418886051179e-04
4.085599999999989e-07,1.649973380470632e+00,-2.603418886051332e-04
4.105599999999989e-07,1.649973380470063e+00,-2.603418886184509e-04
4.125599999999989e-07,1.649973380469416e+00,-2.603418886184750e-04
4.145599999999989e-07,1.649973380469028e+00,-2.603418886051929e-04
4.165599999999989e-07,1.649973380468800e+00,-2.603418886317944e-04
4.185599999999988e-07,1.649973380468510e+00,-2.603418886052122e-04
4.205599999999988e-07,1.649973380468103e+00,-2.603418886052273e-04
4.225599999999988e-07,1.649973380467698e+00,-2.603418886052424e-04
4.245599999999988e-07,1.649973380467356e+00,-2.603418886052551e-04
4.265599999999988e-07,1.649973380466874e+00,-2.603418886052730e-04
4.285599999999988e-07,1.649973380466321e+00,-2.603418886052936e-04
4.305599999999988e-07,1.649973380465793e+00,-2.603418886053132e-04
4.325599999999988e-07,1.649973380465127e+00,-2.603418886053381e-04
4.345599999999988e-07,1.649973380464372e+00,-2.603418886186626e-04
4.365599999999988e-07,1.649973380463813e+00,-2.603418886186834e-04
4.385599999999988e-07,1.649973380463263e+00,-2.603418886054073e-04
4.405599999999988e-07,1.649973380462550e+00,-2.603418886054338e-04
4.425599999999987e-07,1.649973380461901e+00,-2.603418886054580e-04
4.445599999999987e-07,1.649973380461346e+00,-2.603418886054787e-04
4.465599999999987e-07,1.649973380460874e+00,-2.603418886054962e-04
4.485599999999987e-07,1.649973380460629e+00,-2.603418886188018e-04
4.505599999999987e-07,1.649973380460506e+00,-2.603418886055099e-04
4.525599999999987e-07,1.649973380460451e+00,-2.603418886055120e-04
4.545599999999987e-07,1.649973380460516e+00,-2.603418886188060e-04
4.565599999999987e-07,1.649973380460508e+00,-2.603418886055098e-04
4.585599999999987e-07,1.649973380460425e+00,-2.603418886321059e-04
4.605599999999987e-07,1.649973380460448e+00,-2.603418886188086e-04
4.625599999999987e-07,1.649973380460511e+00,-2.603418886055097e-04
4.645599999999986e-07,1.649973380460579e+00,-2.603418886055072e-04
4.665599999999986e-07,1.649973380460851e+00,-2.603418886054971e-04
4.685599999999986e-07,1.649973380460952e+00,-2.603418886187898e-04
4.705599999999986e-07,1.649973380460686e+00,-2.603418886055032e-04
4.725599999999986e-07,1.649973380460453e+00,-2.603418886055119e-04
4.745599999999986e-07,1.649973380460497e+00,-2.603418886055102e-04
4.765599999999986e-07,1.649973380460724e+00,-2.603418886187983e-04
4.785599999999986e-07,1.649973380460848e+00,-2.603418886187937e-04
4.805599999999987e-07,1.649973380460785e+00,-2.603418886187960e-04
4.825599999999987e-07,1.649973380460674e+00,-2.603418886320967e-04
4.845599999999988e-07,1.649973380460658e+00,-2.603418886188008e-04
4.865599999999988e-07,1.649973380460739e+00,-2.603418886320943e-04
4.885599999999989e-07,1.649973380460908e+00,-2.603418886054950e-04
4.905599999999989e-07,1.649973380461128e+00,-2.603418886054868e-04
4.925599999999990e-07,1.649973380461356e+00,-2.603418886054783e-04
4.945599999999990e-07,1.649973380461446e+00,-2.603418886054749e-04
4.965599999999990e-07,1.649973380461321e+00,-2.603418886054796e-04
4.985599999999991e-07,1.649973380461157e+00,-2.603418886187822e-04
5.005599999999991e-07,1.649973380461053e+00,-2.603418886054896e-04
5.025599999999992e-07,1.649973380460926e+00,-2.603418886054943e-04
5.045599999999992e-07,1.649973380460708e+00,-2.603418886055024e-04
5.065599999999993e-07,1.649973380460411e+00,-2.603418886055134e-04
5.085599999999993e-07,1.649973380460100e+00,-2.603418886055250e-04
5.105599999999994e-07,1.649973380459836e+00,-2.603418886188313e-04
5.125599999999994e-07,1.649973380459519e+00,-2.603418886055467e-04
5.145599999999994e-07,1.649973380459146e+00,-2.603418886055605e-04
5.165599999999995e-07,1.649973380458882e+00,-2.603418886055703e-04
5.185599999999995e-07,1.649973380458632e+00,-2.603418886188761e-04
5.205599999999996e-07,1.649973380458333e+00,-2.603418886055908e-04
5.225599999999996e-07,1.649973380458067e+00,-2.603418886056006e-04
5.245599999999997e-07,1.649973380457808e+00,-2.603418886056103e-04
5.265599999999997e-07,1.649973380457614e+00,-2.603418886056175e-04
5.285599999999998e-07,1.649973380457521e+00,-2.603418886056210e-04
5.305599999999998e-07,1.649973380457372e+00,-2.603418886056265e-04
5.325599999999998e-07,1.649973380457204e+00,-2.603418885923362e-04
5.345599999999999e-07,1.649973380457023e+00,-2.603418886189360e-04
5.365599999999999e-07,1.649973380456732e+00,-2.603418886189468e-04
5.385600000000000e-07,1.649973380456445e+00,-2.603418886056610e-04
5.405600000000000e-07,1.649973380456170e+00,-2.603418886056712e-04
5.425600000000001e-07,1.649973380455723e+00,-2.603418886056878e-04
5.445600000000001e-07,1.649973380455207e+00,-2.603418886057071e-04
5.465600000000002e-07,1.649973380454920e+00,-2.603418886057177e-04
5.485600000000002e-07,1.649973380454706e+00,-2.603418886057257e-04
5.505600000000002e-07,1.649973380454496e+00,-2.603418886190300e-04
5.525600000000003e-07,1.649973380454407e+00,-2.603418886057368e-04
5.545600000000003e-07,1.649973380454298e+00,-2.603418886057408e-04
5.565600000000004e-07,1.649973380454181e+00,-2.603418886057452e-04
5.585600000000004e-07,1.649973380454088e+00,-2.603418886057486e-04
5.605600000000005e-07,1.649973380453943e+00,-2.603418886057541e-04
5.625600000000005e-07,1.649973380453887e+00,-2.603418886057561e-04
5.645600000000006e-07,1.649973380453968e+00,-2.603418885924566e-04
5.665600000000006e-07,1.649973380453912e+00,-2.603418886057553e-04
5.685600000000006e-07,1.649973380453747e+00,-2.603418886057614e-04
5.705600000000007e-07,1.649973380453732e+00,-2.603418885791689e-04
5.725600000000007e-07,1.649973380453913e+00,-2.603418886057552e-04
5.745600000000008e-07,1.649973380454263e+00,-2.603418886190386e-04
5.765600000000008e-07,1.649973380454594e+00,-2.603418886057298e-04
5.785600000000009e-07,1.649973380454932e+00,-2.603418886057173e-04
5.805600000000009e-07,1.649973380455325e+00,-2.603418886057026e-04
5.825600000000009e-07,1.649973380455484e+00,-2.603418886056967e-04
5.845600000000010e-07,1.649973380455631e+00,-2.603418885923948e-04
5.865600000000010e-07,1.649973380455906e+00,-2.603418886056810e-04
5.885600000000011e-07,1.649973380456006e+00,-2.603418886056773e-04
5.905600000000011e-07,1.649973380456093e+00,-2.603418886056741e-04
5.925600000000012e-07,1.649973380456205e+00,-2.603418886056699e-04
5.945600000000012e-07,1.649973380456163e+00,-2.603418886056714e-04
5.965600000000013e-07,1.649973380456002e+00,-2.603418886189740e-04
5.985600000000013e-07,1.649973380455868e+00,-2.603418885923860e-04
6.005600000000013e-07,1.649973380455714e+00,-2.603418886056882e-04
6.025600000000014e-07,1.649973380455516e+00,-2.603418886056955e-04
6.045600000000014e-07,1.649973380455448e+00,-2.603418886056981e-04
6.065600000000015e-07,1.649973380455305e+00,-2.603418886057034e-04
6.085600000000015e-07,1.649973380455052e+00,-2.603418886057128e-04
6.105600000000016e-07,1.649973380454842e+00,-2.603418886057207e-04
6.125600000000016e-07,1.649973380454619e+00,-2.603418885924324e-04
6.145600000000017e-07,1.649973380454496e+00,-2.603418886057335e-04
6.165600000000017e-07,1.649973380454453e+00,-2.603418886323280e-04
6.185600000000017e-07,1.649973380454272e+00,-2.603418886057419e-04
6.205600000000018e-07,1.649973380454083e+00,-2.603418886057489e-04
6.225600000000018e-07,1.649973380454025e+00,-2.603418886057510e-04
6.245600000000019e-07,1.649973380453997e+00,-2.603418886057521e-04
6.265600000000019e-07,1.649973380454003e+00,-2.603418886057518e-04
6.285600000000020e-07,1.649973380453973e+00,-2.603418886057529e-04
6.305600000000020e-07,1.649973380453952e+00,-2.603418886057537e-04
6.325600000000021e-07,1.649973380453896e+00,-2.603418886057558e-04
6.345600000000021e-07,1.649973380453713e+00,-2.603418886190591e-04
6.365600000000021e-07,1.649973380453474e+00,-2.603418886057715e-04
6.385600000000022e-07,1.649973380453124e+00,-2.603418886190810e-04
6.405600000000022e-07,1.649973380452810e+00,-2.603418886190927e-04
6.425600000000023e-07,1.649973380452726e+00,-2.603418886190958e-04
6.445600000000023e-07,1.649973380452737e+00,-2.603418886057989e-04
6.465600000000024e-07,1.649973380452694e+00,-2.603418886058005e-04
6.485600000000024e-07,1.649973380452634e+00,-2.603418886058027e-04
6.505600000000025e-07,1.649973380452644e+00,-2.603418886058024e-04
6.525600000000025e-07,1.649973380452653e+00,-2.603418886058020e-04
6.545600000000025e-07,1.649973380452531e+00,-2.603418886323996e-04
6.565600000000026e-07,1.649973380452453e+00,-2.603418886324025e-04
6.585600000000026e-07,1.649973380452290e+00,-2.603418886191120e-04
6.605600000000027e-07,1.649973380452052e+00,-2.603418885925279e-04
6.625600000000027e-07,1.649973380452030e+00,-2.603418886058252e-04
6.645600000000028e-07,1.649973380451965e+00,-2.603418886058277e-04
6.665600000000028e-07,1.649973380451907e+00,-2.603418885925333e-04
6.685600000000029e-07,1.649973380452034e+00,-2.603418886191215e-04
6.705600000000029e-07,1.649973380452110e+00,-2.603418886058223e-04
6.725600000000029e-07,1.649973380452103e+00,-2.603418886058225e-04
6.745600000000030e-07,1.649973380452185e+00,-2.603418885925229e-04
6.765600000000030e-07,1.649973380452141e+00,-2.603418886058211e-04
6.785600000000031e-07,1.649973380452018e+00,-2.603418886058257e-04
6.805600000000031e-07,1.649973380451961e+00,-2.603418886058278e-04
6.825600000000032e-07,1.649973380451804e+00,-2.603418886191301e-04
6.845600000000032e-07,1.649973380451636e+00,-2.603418886191364e-04
6.865600000000033e-07,1.649973380451448e+00,-2.603418886324398e-04
6.885600000000033e-07,1.649973380451185e+00,-2.603418886324497e-04
6.905600000000033e-07,1.649973380451123e+00,-2.603418886191555e-04
6.925600000000034e-07,1.649973380451298e+00,-2.603418886191489e-04
6.945600000000034e-07,1.649973380451517e+00,-2.603418886191408e-04
6.965600000000035e-07,1.649973380451769e+00,-2.603418886324279e-04
6.985600000000035e-07,1.649973380452070e+00,-2.603418886191202e-04
7.005600000000036e-07,1.649973380452322e+00,-2.603418886058144e-04
7.025600000000036e-07,1.649973380452515e+00,-2.603418886191037e-04
7.045600000000037e-07,1.649973380452824e+00,-2.603418886057956e-04
7.065600000000037e-07,1.649973380453170e+00,-2.603418886057828e-04
7.085600000000037e-07,1.649973380453466e+00,-2.603418886190683e-04
7.105600000000038e-07,1.649973380453702e+00,-2.603418886057630e-04
7.125600000000038e-07,1.649973380453866e+00,-2.603418886057569e-04
7.145600000000039e-07,1.649973380453950e+00,-2.603418886057538e-04
7.165600000000039e-07,1.649973380454115e+00,-2.603418886057476e-04
7.185600000000040e-07,1.649973380454390e+00,-2.603418886057374e-04
7.205600000000040e-07,1.649973380454466e+00,-2.603418886057346e-04
7.225600000000041e-07,1.649973380454408e+00,-2.603418886190333e-04
7.245600000000041e-07,1.649973380454440e+00,-2.603418886190320e-04
7.265600000000041e-07,1.649973380454592e+00,-2.603418886323229e-04
7.285600000000042e-07,1.649973380454886e+00,-2.603418886190155e-04
7.305600000000042e-07,1.649973380455300e+00,-2.603418886322966e-04
7.325600000000043e-07,1.649973380455615e+00,-2.603418886455813e-04
7.345600000000043e-07,1.649973380455813e+00,-2.603418886322774e-04
7.365600000000044e-07,1.649973380456069e+00,-2.603418886322680e-04
7.385600000000044e-07,1.649973380456191e+00,-2.603418886322634e-04
7.405600000000045e-07,1.649973380456197e+00,-2.603418886056702e-04
7.425600000000045e-07,1.649973380456327e+00,-2.603418886056654e-04
7.445600000000045e-07,1.649973380456417e+00,-2.603418886322551e-04
7.465600000000046e-07,1.649973380456287e+00,-2.603418885923704e-04
7.485600000000046e-07,1.649973380456159e+00,-2.603418886189682e-04
7.505600000000047e-07,1.649973380456317e+00,-2.603418886189622e-04
7.525600000000047e-07,1.649973380456559e+00,-2.603418886056568e-04
7.545600000000048e-07,1.649973380456675e+00,-2.603418886056525e-04
7.565600000000048e-07,1.649973380456796e+00,-2.603418886189444e-04
7.585600000000049e-07,1.649973380456914e+00,-2.603418886056435e-04
7.605600000000049e-07,1.649973380456999e+00,-2.603418886056403e-04
7.625600000000049e-07,1.649973380457174e+00,-2.603418886322269e-04
7.645600000000050e-07,1.649973380457117e+00,-2.603418886056359e-04
7.665600000000050e-07,1.649973380456805e+00,-2.603418886056476e-04
7.685600000000051e-07,1.649973380456709e+00,-2.603418886056512e-04
7.705600000000051e-07,1.649973380456659e+00,-2.603418886056530e-04
7.725600000000052e-07,1.649973380456408e+00,-2.603418886056623e-04
7.745600000000052e-07,1.649973380456315e+00,-2.603418886189623e-04
7.765600000000053e-07,1.649973380456485e+00,-2.603418886322525e-04
7.785600000000053e-07,1.649973380456502e+00,-2.603418886189554e-04
7.805600000000053e-07,1.649973380456368e+00,-2.603418886056639e-04
7.825600000000054e-07,1.649973380456291e+00,-2.603418886189632e-04
7.845600000000054e-07,1.649973380456171e+00,-2.603418886056712e-04
7.865600000000055e-07,1.649973380456098e+00,-2.603418886056739e-04
7.885600000000055e-07,1.649973380456188e+00,-2.603418886056705e-04
7.905600000000056e-07,1.649973380456216e+00,-2.603418886056695e-04
7.925600000000056e-07,1.649973380456264e+00,-2.603418886189642e-04
7.945600000000057e-07,1.649973380456503e+00,-2.603418886056588e-04
7.965600000000057e-07,1.649973380456716e+00,-2.603418886056509e-04
7.985600000000057e-07,1.649973380456723e+00,-2.603418886056506e-04
8.005600000000058e-07,1.649973380456649e+00,-2.603418886056534e-04
8.025600000000058e-07,1.649973380456480e+00,-2.603418886056597e-04
8.045600000000059e-07,1.649973380456258e+00,-2.603418886056679e-04
8.065600000000059e-07,1.649973380456090e+00,-2.603418886189706e-04
8.085600000000060e-07,1.649973380455767e+00,-2.603418886189827e-04
8.105600000000060e-07,1.649973380455394e+00,-2.603418886189966e-04
8.125600000000061e-07,1.649973380455185e+00,-2.603418886057079e-04
8.145600000000061e-07,1.649973380455054e+00,-2.603418886057128e-04
8.165600000000061e-07,1.649973380454917e+00,-2.603418886057178e-04
8.185600000000062e-07,1.649973380454766e+00,-2.603418886057234e-04
8.205600000000062e-07,1.649973380454627e+00,-2.603418886057286e-04
8.225600000000063e-07,1.649973380454543e+00,-2.603418886057317e-04
8.245600000000063e-07,1.649973380454446e+00,-2.603418886190319e-04
8.265600000000064e-07,1.649973380454259e+00,-2.603418886323353e-04
8.285600000000064e-07,1.649973380454055e+00,-2.603418886057499e-04
8.305600000000065e-07,1.649973380453890e+00,-2.603418886057561e-04
8.325600000000065e-07,1.649973380453737e+00,-2.603418886057617e-04
8.345600000000065e-07,1.649973380453557e+00,-2.603418886057684e-04
8.365600000000066e-07,1.649973380453352e+00,-2.603418886057760e-04
8.385600000000066e-07,1.649973380453258e+00,-2.603418886057795e-04
8.405600000000067e-07,1.649973380453250e+00,-2.603418886190763e-04
8.425600000000067e-07,1.649973380453245e+00,-2.603418886057800e-04
8.445600000000068e-07,1.649973380453284e+00,-2.603418886057786e-04
8.465600000000068e-07,1.649973380453332e+00,-2.603418886057768e-04
8.485600000000069e-07,1.649973380453375e+00,-2.603418886323681e-04
8.505600000000069e-07,1.649973380453427e+00,-2.603418886190698e-04
8.525600000000069e-07,1.649973380453517e+00,-2.603418886057699e-04
8.545600000000070e-07,1.649973380453615e+00,-2.603418886057663e-04
8.565600000000070e-07,1.649973380453774e+00,-2.603418886190568e-04
8.585600000000071e-07,1.649973380453945e+00,-2.603418886057540e-04
8.605600000000071e-07,1.649973380454112e+00,-2.603418886057477e-04
8.625600000000072e-07,1.649973380454311e+00,-2.603418885924439e-04
8.645600000000072e-07,1.649973380454444e+00,-2.603418886057355e-04
8.665600000000073e-07,1.649973380454609e+00,-2.603418886057293e-04
8.685600000000073e-07,1.649973380454884e+00,-2.603418886057190e-04
8.705600000000073e-07,1.649973380455021e+00,-2.603418886057139e-04
8.725600000000074e-07,1.649973380455003e+00,-2.603418886057146e-04
8.745600000000074e-07,1.649973380455004e+00,-2.603418886057145e-04
8.765600000000075e-07,1.649973380454886e+00,-2.603418886057190e-04
8.785600000000075e-07,1.649973380454608e+00,-2.603418886190258e-04
8.805600000000076e-07,1.649973380454375e+00,-2.603418886057380e-04
8.825600000000076e-07,1.649973380454121e+00,-2.603418886057474e-04
8.845600000000077e-07,1.649973380453732e+00,-2.603418886057619e-04
8.865600000000077e-07,1.649973380453425e+00,-2.603418885791803e-04
8.885600000000077e-07,1.649973380453203e+00,-2.603418886057815e-04
8.905600000000078e-07,1.649973380453057e+00,-2.603418886057870e-04
8.925600000000078e-07,1.649973380453120e+00,-2.603418886190811e-04
8.945600000000079e-07,1.649973380453138e+00,-2.603418886057840e-04
8.965600000000079e-07,1.649973380452989e+00,-2.603418886057895e-04
8.985600000000080e-07,1.649973380452935e+00,-2.603418886190880e-04
9.005600000000080e-07,1.649973380452856e+00,-2.603418886057945e-04
9.025600000000081e-07,1.649973380452681e+00,-2.603418886058010e-04
9.045600000000081e-07,1.649973380452519e+00,-2.603418886058070e-04
9.065600000000081e-07,1.649973380452348e+00,-2.603418885792204e-04
9.085600000000082e-07,1.649973380452109e+00,-2.603418885925258e-04
9.105600000000082e-07,1.649973380451998e+00,-2.603418885925299e-04
9.125600000000083e-07,1.649973380452058e+00,-2.603418885925277e-04
9.145600000000083e-07,1.649973380452098e+00,-2.603418886324157e-04
9.165600000000084e-07,1.649973380452180e+00,-2.603418886058197e-04
9.185600000000084e-07,1.649973380452247e+00,-2.603418886058172e-04
9.205600000000084e-07,1.649973380452338e+00,-2.603418886058137e-04
9.225600000000085e-07,1.649973380452577e+00,-2.603418886058049e-04
9.245600000000085e-07,1.649973380452901e+00,-2.603418886323858e-04
9.265600000000086e-07,1.649973380453192e+00,-2.603418886190785e-04
9.285600000000086e-07,1.649973380453230e+00,-2.603418886057806e-04
9.305600000000087e-07,1.649973380453025e+00,-2.603418886057882e-04
9.325600000000087e-07,1.649973380452884e+00,-2.603418886190899e-04
9.345600000000088e-07,1.649973380452756e+00,-2.603418886057982e-04
9.365600000000088e-07,1.649973380452566e+00,-2.603418886058052e-04
9.385600000000088e-07,1.649973380452467e+00,-2.603418886191054e-04
9.405600000000089e-07,1.649973380452406e+00,-2.603418886058113e-04
9.425600000000089e-07,1.649973380452436e+00,-2.603418886058101e-04
9.445600000000090e-07,1.649973380452739e+00,-2.603418886323918e-04
9.465600000000090e-07,1.649973380453192e+00,-2.603418886323749e-04
9.485600000000091e-07,1.649973380453756e+00,-2.603418886190575e-04
9.505600000000091e-07,1.649973380454458e+00,-2.603418886323279e-04
9.525600000000092e-07,1.649973380455087e+00,-2.603418886323045e-04
9.545600000000092e-07,1.649973380455701e+00,-2.603418886056887e-04
9.565600000000091e-07,1.649973380456200e+00,-2.603418886189666e-04
9.585600000000091e-07,1.649973380456488e+00,-2.603418885923629e-04
9.605600000000090e-07,1.649973380456783e+00,-2.603418885923519e-04
9.625600000000090e-07,1.649973380456987e+00,-2.603418886056408e-04
9.645600000000089e-07,1.649973380457008e+00,-2.603418886189366e-04
9.665600000000088e-07,1.649973380457074e+00,-2.603418886189341e-04
9.685600000000088e-07,1.649973380457245e+00,-2.603418886189277e-04
9.705600000000087e-07,1.649973380457215e+00,-2.603418886056324e-04
9.725600000000087e-07,1.649973380457036e+00,-2.603418886056390e-04
9.745600000000086e-07,1.649973380456938e+00,-2.603418886322356e-04
9.765600000000085e-07,1.649973380456814e+00,-2.603418886056473e-04
9.785600000000085e-07,1.649973380456568e+00,-2.603418886056564e-04
9.805600000000084e-07,1.649973380456296e+00,-2.603418886056665e-04
9.825600000000083e-07,1.649973380456012e+00,-2.603418886056771e-04
9.845600000000083e-07,1.649973380455654e+00,-2.603418886056904e-04
9.865600000000082e-07,1.649973380455329e+00,-2.603418886057025e-04
9.885600000000082e-07,1.649973380454991e+00,-2.603418886057151e-04
9.905600000000081e-07,1.649973380454695e+00,-2.603418886057261e-04
9.925600000000080e-07,1.649973380454457e+00,-2.603418886057349e-04
9.945600000000080e-07,1.649973380454172e+00,-2.603418886190420e-04
9.965600000000079e-07,1.649973380453913e+00,-2.603418886057552e-04
9.985600000000079e-07,1.649973380453711e+00,-2.603418886057627e-04
1.000000000000000e-06,1.649973380454762e+00,-2.603418886765682e-04
1.000200000000000e-06,1.649786811432453e+00,-2.607903812898354e-04
1.000600000000000e-06,1.649044261639859e+00,-2.619085003051685e-04
1.001400000000000e-06,1.645363436245567e+00,-2.647052725366933e-04
1.003000000000000e-06,1.629456234249381e+00,-2.721230816734551e-04
1.005000000000000e-06,1.594434781268776e+00,-2.853250873446719e-04
1.007000000000000e-06,1.544374041573663e+00,-3.046652733464457e-04
1.009000000000000e-06,1.481798612534885e+00,-3.405314620580863e-04
1.010000000000000e-06,1.446568368938881e+00,-3.729798877893471e-04
1.010200000000000e-06,1.439396874930674e+00,-3.812517163229646e-04
1.010600000000000e-06,1.425268026029773e+00,-3.993297094989132e-04
1.011400000000000e-06,1.398387964257219e+00,-4.447453496709468e-04
1.013000000000000e-06,1.351240009208034e+00,-5.699361904928991e-04
1.014871667350854e-06,1.309654767536733e+00,-7.587154167088995e-04
1.016871667350854e-06,1.283672293319586e+00,-9.767728058954455e-04
1.018871667350854e-06,1.276404765724244e+00,-1.175937973027573e-03
1.020871667350854e-06,1.284999560379197e+00,-1.333392801939042e-03
1.022497551577644e-06,1.301174598404049e+00,-1.425138081538694e-03
1.024329580512488e-06,1.326671953490630e+00,-1.495891261284082e-03
1.026128292578774e-06,1.357129688415346e+00,-1.542919590421936e-03
1.027770481106589e-06,1.388002890108601e+00,-1.574502176602522e-03
1.029429524279173e-06,1.420915240018719e+00,-1.598872389349689e-03
1.031429524279172e-06,1.461631616594186e+00,-1.618578660755396e-03
1.033429524279172e-06,1.502379184626046e+00,-1.626962202241199e-03
1.035429524279172e-06,1.542021606507878e+00,-1.622408552516972e-03
1.037429524279172e-06,1.579362578035762e+00,-1.603412572486391e-03
1.039429524279172e-06,1.613214724922177e+00,-1.571142966866923e-03
1.041429524279172e-06,1.642660553360085e+00,-1.530187432894000e-03
1.043429524279172e-06,1.667245198223412e+00,-1.485992213027711e-03
1.045429524279172e-06,1.686943324013592e+00,-1.442499084141097e-03
1.047429524279172e-06,1.701993655812771e+00,-1.401669097334918e-03
1.049429524279172e-06,1.712746913217115e+00,-1.364180424886407e-03
1.051429524279172e-06,1.719577402241846e+00,-1.330034439895900e-03
1.053429524279172e-06,1.722846705027528e+00,-1.299062339584768e-03
1.055429524279172e-06,1.722895673375462e+00,-1.271069000772046e-03
1.057429524279172e-06,1.720048273598697e+00,-1.245968630741391e-03
1.059429524279172e-06,1.714616551213018e+00,-1.223676294271411e-03
1.061429524279172e-06,1.706902916477044e+00,-1.204144698403221e-03
1.063429524279171e-06,1.697199277188209e+00,-1.187253266224634e-03
1.065429524279171e-06,1.685785361094045e+00,-1.172891835331636e-03
1.067429524279171e-06,1.672927498773242e+00,-1.160879734322479e-03
1.069429524279171e-06,1.658879090087430e+00,-1.151065899849797e-03
1.071429524279171e-06,1.643882668310759e+00,-1.143244330622323e-03
1.073429524279171e-06,1.628174173684582e+00,-1.137253890939409e-03
1.075429524279171e-06,1.611989642546494e+00,-1.132888989350342e-03
1.077429524279171e-06,1.595575344185136e+00,-1.130012535691272e-03
1.079429524279171e-06,1.579201081540524e+00,-1.128468239869153e-03
1.081429524279171e-06,1.563175885950681e+00,-1.128190505453419e-03
1.083429524279171e-06,1.547860801722750e+00,-1.129146391458040e-03
1.085429524279171e-06,1.533669725774734e+00,-1.131476201770262e-03
1.087429524279171e-06,1.521048762632969e+00,-1.135470593503363e-03
1.089429524279171e-06,1.510433439089564e+00,-1.141777723768718e-03
1.091429524279171e-06,1.502200815323231e+00,-1.151342614078380e-03
1.093429524279171e-06,1.496643843214236e+00,-1.165306220502037e-03
1.095429524279170e-06,1.493975350113867e+00,-1.184327371331289e-03
1.097429524279170e-06,1.494332950068183e+00,-1.208054806762705e-03
1.099429524279170e-06,1.497753005629784e+00,-1.234900157134278e-03
1.101429524279170e-06,1.504124603226497e+00,-1.262631490852470e-03
1.103429524279170e-06,1.513162544839578e+00,-1.288887330114360e-03
1.105429524279170e-06,1.524419031608956e+00,-1.311677783891797e-03
1.107429524279170e-06,1.537323909071498e+00,-1.329461613216820e-03
1.109429524279170e-06,1.551236521979034e+00,-1.341326350597530e-03
1.111429524279170e-06,1.565500414363272e+00,-1.346966653627932e-03
1.113429524279170e-06,1.579496051171202e+00,-1.346716729384647e-03
1.115429524279170e-06,1.592685299951222e+00,-1.341359483459124e-03
1.117429524279170e-06,1.604643871353781e+00,-1.332069034971735e-03
1.119429524279170e-06,1.615074985027302e+00,-1.320038197160022e-03
1.121429524279170e-06,1.623803413703605e+00,-1.306404108130357e-03
1.123429524279170e-06,1.630757200634181e+00,-1.292037950652617e-03
1.125429524279170e-06,1.635944634458660e+00,-1.277631302063043e-03
1.127429524279170e-06,1.639433287874457e+00,-1.263638717677910e-03
1.129429524279169e-06,1.641332884484430e+00,-1.250406393457030e-03
1.131429524279169e-06,1.641782276662897e+00,-1.238120643481625e-03
1.133429524279169e-06,1.640940708133899e+00,-1.226940229610597e-03
1.135429524279169e-06,1.638982013257728e+00,-1.216926468478405e-03
1.137429524279169e-06,1.636090736879501e+00,-1.208155232126654e-03
1.139429524279169e-06,1.632459302587937e+00,-1.200634901213209e-03
1.141429524279169e-06,1.628285511333986e+00,-1.194413440221899e-03
1.143429524279169e-06,1.623769946357890e+00,-1.189489570951171e-03
1.145429524279169e-06,1.619112906168700e+00,-1.185913258496559e-03
1.147429524279169e-06,1.614510448593573e+00,-1.183696297171237e-03
1.149429524279169e-06,1.610149773162880e+00,-1.182902510699338e-03
1.151429524279169e-06,1.606204077835831e+00,-1.183546746123009e-03
1.153429524279169e-06,1.602827346071872e+00,-1.185669126063339e-03
1.155429524279169e-06,1.600149397817402e+00,-1.189219141355049e-03
1.157429524279169e-06,1.598271505638973e+00,-1.194120827824699e-03
1.159429524279169e-06,1.597262620411680e+00,-1.200162457365588e-03
1.161429524279168e-06,1.597156377045386e+00,-1.207083364392855e-03
1.163429524279168e-06,1.597949123505448e+00,-1.214500458119015e-03
1.165429524279168e-06,1.599599727444950e+00,-1.222024912319571e-03
1.167429524279168e-06,1.602031144268152e+00,-1.229220648597583e-03
1.169429524279168e-06,1.605134611882978e+00,-1.235731518240953e-03
1.171429524279168e-06,1.608776345994052e+00,-1.241223588873971e-03
1.173429524279168e-06,1.612805615830194e+00,-1.245495296245853e-03
1.175429524279168e-06,1.617063762682417e+00,-1.248397550047192e-03
1.177429524279168e-06,1.621393166312254e+00,-1.249918559018787e-03
1.179429524279168e-06,1.625645297070915e+00,-1.250085592931507e-03
1.181429524279168e-06,1.629687284125614e+00,-1.249034855055441e-03
1.183429524279168e-06,1.633406630117876e+00,-1.246906373154864e-03
1.185429524279168e-06,1.636714055466345e+00,-1.243910842928329e-03
1.187429524279168e-06,1.639544602278813e+00,-1.240228085023463e-03
1.189429524279168e-06,1.641857345980252e+00,-1.236078831221995e-03
1.191429524279168e-06,1.643634042057112e+00,-1.231631277862292e-03
1.193429524279167e-06,1.644877094425054e+00,-1.227079362040103e-03
1.195429524279167e-06,1.645607104248700e+00,-1.222556157065574e-03
1.197429524279167e-06,1.645860214173137e+00,-1.218216130138924e-03
1.199429524279167e-06,1.645685369757250e+00,-1.214152332066377e-03
1.201429524279167e-06,1.645141613001051e+00,-1.210480351751705e-03
1.203429524279167e-06,1.644295422141353e+00,-1.207256852643726e-03
1.205429524279167e-06,1.643218129095573e+00,-1.204562236475722e-03
1.207429524279167e-06,1.641983360470056e+00,-1.202419777401193e-03
1.209429524279167e-06,1.640664596369107e+00,-1.200876843829151e-03
1.211429524279167e-06,1.639332824590554e+00,-1.199923674094232e-03
1.213429524279167e-06,1.638054363023546e+00,-1.199573296892637e-03
1.215429524279167e-06,1.636888865417060e+00,-1.199780583046051e-03
1.217429524279167e-06,1.635887600043263e+00,-1.200521949544231e-03
1.219429524279167e-06,1.635092027322440e+00,-1.201716095457066e-03
1.221429524279167e-06,1.634532765726212e+00,-1.203305004051123e-03
1.223429524279167e-06,1.634228963849787e+00,-1.205177624490504e-03
1.225429524279166e-06,1.634188146782265e+00,-1.207252829836669e-03
1.227429524279166e-06,1.634406523278747e+00,-1.209405874283250e-03
1.229429524279166e-06,1.634869775996820e+00,-1.211552238528585e-03
1.231429524279166e-06,1.635554267442777e+00,-1.213575110993372e-03
1.233429524279166e-06,1.636428623728035e+00,-1.215407995090877e-03
1.235429524279166e-06,1.637455574229159e+00,-1.216961152428889e-03
1.237429524279166e-06,1.638593965117241e+00,-1.218201294514678e-03
1.239429524279166e-06,1.639800801224352e+00,-1.219075935912763e-03
1.241429524279166e-06,1.641033230732362e+00,-1.219589800729591e-03
1.243429524279166e-06,1.642250346275291e+00,-1.219727331981776e-03
1.245429524279166e-06,1.643414751496183e+00,-1.219526546415767e-03
1.247429524279166e-06,1.644493813458414e+00,-1.219000703086741e-03
1.249429524279166e-06,1.645460599561258e+00,-1.218210745779237e-03
1.251429524279166e-06,1.646294468385668e+00,-1.217187202091750e-03
1.253429524279166e-06,1.646981354256245e+00,-1.216002169177096e-03
1.255429524279166e-06,1.647513748241891e+00,-1.214692159831218e-03
1.257429524279166e-06,1.647890437432454e+00,-1.213330155480835e-03
1.259429524279165e-06,1.648116019169614e+00,-1.211949676079049e-03
1.261429524279165e-06,1.648200257135796e+00,-1.210617033258690e-03
1.263429524279165e-06,1.648157296781097e+00,-1.209356590901056e-03
1.265429524279165e-06,1.648004803022249e+00,-1.208223136002795e-03
1.267429524279165e-06,1.647763033224960e+00,-1.207228177680450e-03
1.269429524279165e-06,1.647453902264534e+00,-1.206412309291147e-03
1.271429524279165e-06,1.647100047712106e+00,-1.205772416608477e-03
1.273429524279165e-06,1.646723946115314e+00,-1.205333964694427e-03
1.275429524279165e-06,1.646347084053251e+00,-1.205079068429741e-03
1.277429524279165e-06,1.645989229094400e+00,-1.205018713026607e-03
1.279429524279165e-06,1.645667799133460e+00,-1.205121696173955e-03
1.281429524279165e-06,1.645397367925303e+00,-1.205386808125323e-03
1.283429524279165e-06,1.645189297869549e+00,-1.205772631041537e-03
1.285429524279165e-06,1.645051527965364e+00,-1.206269632091407e-03
1.287429524279165e-06,1.644988498202798e+00,-1.206830702480385e-03
1.289429524279165e-06,1.645001226305244e+00,-1.207442993597592e-03
1.291429524279164e-06,1.645087507070162e+00,-1.208058961201735e-03
1.293429524279164e-06,1.645242238407892e+00,-1.208667684288981e-03
1.295429524279164e-06,1.645457834635841e+00,-1.209226131960862e-03
1.297429524279164e-06,1.645724722310636e+00,-1.209729709832448e-03
1.299429524279164e-06,1.646031873961338e+00,-1.210143528682680e-03
1.301429524279164e-06,1.646367371488303e+00,-1.210472027487653e-03
1.303429524279164e-06,1.646718955274363e+00,-1.210690155417456e-03
1.305429524279164e-06,1.647074553234819e+00,-1.210812067520583e-03
1.307429524279164e-06,1.647422751849882e+00,-1.210822270865964e-03
1.309429524279164e-06,1.647753210337308e+00,-1.210743510769036e-03
1.311429524279164e-06,1.648056989070668e+00,-1.210568022108795e-03
1.313429524279164e-06,1.648326802037880e+00,-1.210324781981882e-03
1.315429524279164e-06,1.648557174040083e+00,-1.210011032813299e-03
1.317429524279164e-06,1.648744520276363e+00,-1.209659075213237e-03
1.319429524279164e-06,1.648887136871980e+00,-1.209268204785203e-03
1.321429524279164e-06,1.648985125799541e+00,-1.208871179002141e-03
1.323429524279163e-06,1.649040248012389e+00,-1.208466662756540e-03
1.325429524279163e-06,1.649055731384274e+00,-1.208085453789302e-03
1.327429524279163e-06,1.649036030068034e+00,-1.207723485699700e-03
1.329429524279163e-06,1.648986562711345e+00,-1.207407856361057e-03
1.331429524279163e-06,1.648913426872453e+00,-1.207130402356979e-03
1.333429524279163e-06,1.648823116119804e+00,-1.206913545302661e-03
1.335429524279163e-06,1.648722236390886e+00,-1.206744430977104e-03
1.337429524279163e-06,1.648617245862506e+00,-1.206640589989505e-03
1.339429524279163e-06,1.648514212990113e+00,-1.206584617964023e-03
1.341429524279163e-06,1.648418613791916e+00,-1.206589631205933e-03
1.343429524279163e-06,1.648335160341534e+00,-1.206634449306041e-03
1.345429524279163e-06,1.648267677689153e+00,-1.206728809398523e-03
1.347429524279163e-06,1.648219018095090e+00,-1.206848997589917e-03
1.349429524279163e-06,1.648191025801125e+00,-1.207002771042963e-03
1.351429524279163e-06,1.648184538026672e+00,-1.207165371629952e-03
1.353429524279163e-06,1.648199431735102e+00,-1.207344095867177e-03
1.355429524279163e-06,1.648234699231323e+00,-1.207514623127130e-03
1.357429524279162e-06,1.648288559245449e+00,-1.207685177212081e-03
1.359429524279162e-06,1.648358584944087e+00,-1.207833110289145e-03
1.361429524279162e-06,1.648441853788632e+00,-1.207968616512173e-03
1.363429524279162e-06,1.648535100385119e+00,-1.208071534863654e-03
1.365429524279162e-06,1.648634876850180e+00,-1.208154599641414e-03
1.367429524279162e-06,1.648737702824201e+00,-1.208200450897707e-03
1.369429524279162e-06,1.648840210396157e+00,-1.208224432887909e-03
1.371429524279162e-06,1.648939268056091e+00,-1.208211825043932e-03
1.373429524279162e-06,1.649032090616409e+00,-1.208180218803657e-03
1.375429524279162e-06,1.649116321601848e+00,-1.208116998296067e-03
1.377429524279162e-06,1.649190097058138e+00,-1.208041337901798e-03
1.379429524279162e-06,1.649252079853498e+00,-1.207941967343936e-03
1.381429524279162e-06,1.649301475176455e+00,-1.207838833035704e-03
1.383429524279162e-06,1.649338018602629e+00,-1.207721181972455e-03
1.385429524279162e-06,1.649361948793956e+00,-1.207608924795777e-03
1.387429524279162e-06,1.649373957868576e+00,-1.207491063472292e-03
1.389429524279161e-06,1.649375132287945e+00,-1.207386785941584e-03
1.391429524279161e-06,1.649366878337881e+00,-1.207284253446750e-03
1.393429524279161e-06,1.649350845168303e+00,-1.207201444875051e-03
1.395429524279161e-06,1.649328839837393e+00,-1.207125309558332e-03
1.397429524279161e-06,1.649302746921439e+00,-1.207072369758506e-03
1.399429524279161e-06,1.649274446984482e+00,-1.207028234778942e-03
1.401429524279161e-06,1.649245745502052e+00,-1.207007961719065e-03
1.403429524279161e-06,1.649218306029446e+00,-1.206995918457338e-03
1.405429524279161e-06,1.649193598011813e+00,-1.207005894540441e-03
1.407429524279161e-06,1.649172852216168e+00,-1.207021296109239e-03
1.409429524279161e-06,1.649157032782401e+00,-1.207054993107757e-03
1.411429524279161e-06,1.649146818100306e+00,-1.207089825224781e-03
1.413429524279161e-06,1.649142598167241e+00,-1.207138169719726e-03
1.415429524279161e-06,1.649144479821710e+00,-1.207182735989191e-03
1.417429524279161e-06,1.649152306455813e+00,-1.207235839772620e-03
1.419429524279161e-06,1.649165683067536e+00,-1.207280465650421e-03
1.421429524279160e-06,1.649184012389002e+00,-1.207329236109546e-03
1.423429524279160e-06,1.649206532809838e+00,-1.207365727539009e-03
1.425429524279160e-06,1.649232363350370e+00,-1.207403127163831e-03
1.427429524279160e-06,1.649260546527520e+00,-1.207425793551945e-03
1.429429524279160e-06,1.649290094305360e+00,-1.207447601921919e-03
1.431429524279160e-06,1.649320028438496e+00,-1.207453746380740e-03
1.433429524279160e-06,1.649349420516070e+00,-1.207458779765037e-03
1.435429524279160e-06,1.649377423763882e+00,-1.207448659761632e-03
1.437429524279160e-06,1.649403302255723e+00,-1.207438494435098e-03
1.439429524279160e-06,1.649426450383747e+00,-1.207414838408689e-03
1.441429524279160e-06,1.649446408667223e+00,-1.207393156552868e-03
1.443429524279160e-06,1.649462869557047e+00,-1.207360378785985e-03
1.445429524279160e-06,1.649475679694538e+00,-1.207332094866744e-03
1.447429524279160e-06,1.649484832990550e+00,-1.207295374999637e-03
1.449429524279160e-06,1.649490461247429e+00,-1.207265708504585e-03
1.451429524279160e-06,1.649492817246147e+00,-1.207230095204711e-03
1.453429524279159e-06,1.649492257086712e+00,-1.207203737647847e-03
1.455429524279159e-06,1.649489217090565e+00,-1.207173406432551e-03
1.457429524279159e-06,1.649484191969881e+00,-1.207153892171005e-03
1.459429524279159e-06,1.649477709714894e+00,-1.207131645010350e-03
1.461429524279159e-06,1.649470309692388e+00,-1.207120989202752e-03
1.463429524279159e-06,1.649462519393777e+00,-1.207108033659584e-03
1.465429524279159e-06,1.649454835943895e+00,-1.207106650209136e-03
1.467429524279159e-06,1.649447707755774e+00,-1.207102649844823e-03
1.469429524279159e-06,1.649441521919112e+00,-1.207109522344875e-03
1.471429524279159e-06,1.649436592587793e+00,-1.207112871644652e-03
1.473429524279159e-06,1.649433155504332e+00,-1.207125913766582e-03
1.475429524279159e-06,1.649431363694049e+00,-1.207134163716240e-03
1.477429524279159e-06,1.649431289058565e+00,-1.207150688653525e-03
1.479429524279159e-06,1.649432924796339e+00,-1.207161038143459e-03
1.481429524279159e-06,1.649436192972733e+00,-1.207178250016431e-03
1.483429524279159e-06,1.649440952148217e+00,-1.207188018365901e-03
1.485429524279159e-06,1.649447009072188e+00,-1.207203449560527e-03
1.487429524279158e-06,1.649454129406998e+00,-1.207210462349837e-03
1.489429524279158e-06,1.649462051357175e+00,-1.207222295665340e-03
1.491429524279158e-06,1.649470497273064e+00,-1.207225137220184e-03
1.493429524279158e-06,1.649479187007123e+00,-1.207232383766434e-03
1.495429524279158e-06,1.649487848348762e+00,-1.207230497201205e-03
1.497429524279158e-06,1.649496228305515e+00,-1.207233021588724e-03
1.499429524279158e-06,1.649504100802189e+00,-1.207226665275539e-03
1.501429524279158e-06,1.649511274637020e+00,-1.207225078619726e-03
1.503429524279158e-06,1.649517597556523e+00,-1.207215164382037e-03
1.505429524279158e-06,1.649522960315484e+00,-1.207210620398490e-03
1.507429524279158e-06,1.649527296901661e+00,-1.207198478495191e-03
1.509429524279158e-06,1.649530584815683e+00,-1.207192417804186e-03
1.511429524279158e-06,1.649532841838834e+00,-1.207179533251045e-03
1.513429524279158e-06,1.649534123183707e+00,-1.207173422960142e-03
1.515429524279158e-06,1.649534515667102e+00,-1.207161187652481e-03
1.517429524279158e-06,1.649534132793020e+00,-1.207156295584598e-03
1.519429524279157e-06,1.649533107439732e+00,-1.207145811738343e-03
1.521429524279157e-06,1.649531586011700e+00,-1.207143043748105e-03
1.523429524279157e-06,1.649529720877935e+00,-1.207134999746228e-03
1.525429524279157e-06,1.649527664744809e+00,-1.207134816166454e-03
1.527429524279157e-06,1.649525563875459e+00,-1.207129442996683e-03
1.529429524279157e-06,1.649523553633716e+00,-1.207131854314156e-03
1.531429524279157e-06,1.649521753257368e+00,-1.207128957725654e-03
1.533429524279157e-06,1.649520263188800e+00,-1.207133588502385e-03
1.535429524279157e-06,1.649519161868982e+00,-1.207132640225141e-03
1.537429524279157e-06,1.649518505102295e+00,-1.207138842070894e-03
1.539429524279157e-06,1.649518324917441e+00,-1.207139107855639e-03
1.541429524279157e-06,1.649518630895944e+00,-1.207146096834325e-03
1.543429524279157e-06,1.649519410861639e+00,-1.207146777294265e-03
1.545429524279157e-06,1.649520633776549e+00,-1.207153771508088e-03
1.547429524279157e-06,1.649522251792930e+00,-1.207154131514977e-03
1.549429524279157e-06,1.649524204157005e+00,-1.207160468460191e-03
1.551429524279156e-06,1.649526419980975e+00,-1.207159938327642e-03
1.553429524279156e-06,1.649528822541981e+00,-1.207165156646122e-03
1.555429524279156e-06,1.649531332155399e+00,-1.207163392933062e-03
1.557429524279156e-06,1.649533870248453e+00,-1.207167271947349e-03
1.559429524279156e-06,1.649536361787466e+00,-1.207164175628051e-03
1.561429524279156e-06,1.649538738646183e+00,-1.207166732666812e-03
1.563429524279156e-06,1.649540941195298e+00,-1.207162427371070e-03
1.565429524279156e-06,1.649542920650802e+00,-1.207163879668581e-03
1.567429524279156e-06,1.649544639612386e+00,-1.207158659852648e-03
1.569429524279156e-06,1.649546073296538e+00,-1.207159361721498e-03
1.571429524279156e-06,1.649547208990251e+00,-1.207153622714803e-03
1.573429524279156e-06,1.649548046241943e+00,-1.207153991621222e-03
1.575429524279156e-06,1.649548595388597e+00,-1.207148154592289e-03
1.577429524279156e-06,1.649548876915871e+00,-1.207148598739910e-03
1.579429524279156e-06,1.649548919337472e+00,-1.207143043046609e-03
1.581429524279156e-06,1.649548758021590e+00,-1.207143900594291e-03
1.583429524279155e-06,1.649548432742323e+00,-1.207138912776670e-03
1.585429524279155e-06,1.649547986344120e+00,-1.207140411249086e-03
1.587429524279155e-06,1.649547462281495e+00,-1.207136154965968e-03
1.589429524279155e-06,1.649546903410317e+00,-1.207138392944568e-03
1.591429524279155e-06,1.649546349830443e+00,-1.207134902267547e-03
1.593429524279155e-06,1.649545838049487e+00,-1.207137853273659e-03
1.595429524279155e-06,1.649545399326072e+00,-1.207135046709785e-03
1.597429524279155e-06,1.649545059352158e+00,-1.207138581515982e-03
1.599429524279155e-06,1.649544837180554e+00,-1.207136290791450e-03
1.601429524279155e-06,1.649544745503269e+00,-1.207140212011500e-03
1.603429524279155e-06,1.649544790159837e+00,-1.207138220172111e-03
1.605429524279155e-06,1.649544970934409e+00,-1.207142301811242e-03
1.607429524279155e-06,1.649545281554845e+00,-1.207140383021731e-03
1.609429524279155e-06,1.649545710910911e+00,-1.207144408610234e-03
1.611429524279155e-06,1.649546243410103e+00,-1.207142363347982e-03
1.613429524279155e-06,1.649546860419941e+00,-1.207146157072466e-03
1.615429524279155e-06,1.649547540776395e+00,-1.207143838119933e-03
1.617429524279154e-06,1.649548262305473e+00,-1.207147285106496e-03
1.619429524279154e-06,1.649549002332842e+00,-1.207144611896485e-03
1.621429524279154e-06,1.649549739082432e+00,-1.207147666628961e-03
1.623429524279154e-06,1.649550452038928e+00,-1.207144627403044e-03
1.625429524279154e-06,1.649551123120391e+00,-1.207147310069474e-03
1.627429524279154e-06,1.649551736770146e+00,-1.207143953361043e-03
1.629429524279154e-06,1.649552280835008e+00,-1.207146337007432e-03
1.631429524279154e-06,1.649552746350836e+00,-1.207142755434518e-03
1.633429524279154e-06,1.649553128107624e+00,-1.207144946987670e-03
1.635429524279154e-06,1.649553424144640e+00,-1.207141256319001e-03
1.637429524279154e-06,1.649553636008642e+00,-1.207143375529989e-03
1.639429524279154e-06,1.649553768009440e+00,-1.207139693981614e-03
1.641429524279154e-06,1.649553827275759e+00,-1.207141853267102e-03
1.643429524279154e-06,1.649553822837824e+00,-1.207138283166011e-03
1.645429524279154e-06,1.649553765544469e+00,-1.207140571588231e-03
1.647429524279154e-06,1.649553667098090e+00,-1.207137186175386e-03
1.649429524279153e-06,1.649553539935520e+00,-1.207139659611172e-03
1.651429524279153e-06,1.649553396280075e+00,-1.207136496202843e-03
1.653429524279153e-06,1.649553248090956e+00,-1.207139173458145e-03
1.655429524279153e-06,1.649553106205381e+00,-1.207136232939464e-03
1.657429524279153e-06,1.649552980412210e+00,-1.207139098716923e-03
1.659429524279153e-06,1.649552878745079e+00,-1.207136350923931e-03
1.661429524279153e-06,1.649552807701554e+00,-1.207139362707835e-03
1.663429524279153e-06,1.649552771719482e+00,-1.207136755302279e-03
1.665429524279153e-06,1.649552773553806e+00,-1.207139853953626e-03
1.667429524279153e-06,1.649552813911066e+00,-1.207137323699982e-03
1.669429524279153e-06,1.649552891970358e+00,-1.207140444765859e-03
1.671429524279153e-06,1.649553005159567e+00,-1.207137928476730e-03
1.673429524279153e-06,1.649553149777617e+00,-1.207141012615488e-03
1.675429524279153e-06,1.649553320842970e+00,-1.207138456610847e-03
1.677429524279153e-06,1.649553512793053e+00,-1.207141457773959e-03
1.679429524279153e-06,1.649553719355155e+00,-1.207138824712085e-03
1.681429524279152e-06,1.649553934232566e+00,-1.207141715047083e-03
1.683429524279152e-06,1.649554150992819e+00,-1.207138986788602e-03
1.685429524279152e-06,1.649554363708724e+00,-1.207141758200452e-03
1.687429524279152e-06,1.649554566780376e+00,-1.207138935820080e-03
1.689429524279152e-06,1.649554755518240e+00,-1.207141598241726e-03
1.691429524279152e-06,1.649554925875295e+00,-1.207138699160895e-03
1.693429524279152e-06,1.649555074945047e+00,-1.207141276099136e-03
1.695429524279152e-06,1.649555200620008e+00,-1.207138328685648e-03
1.697429524279152e-06,1.649555301978566e+00,-1.207140852058722e-03
1.699429524279152e-06,1.649555378872575e+00,-1.207137889825935e-03
1.701429524279152e-06,1.649555432243627e+00,-1.207140393643239e-03
1.703429524279152e-06,1.649555463635469e+00,-1.207137449497656e-03
1.705429524279152e-06,1.649555475458620e+00,-1.207139964367491e-03
1.707429524279152e-06,1.649555470463530e+00,-1.207137065507059e-03
1.709429524279152e-06,1.649555451968634e+00,-1.207139614745912e-03
1.711429524279152e-06,1.649555423329029e+00,-1.207136779524451e-03
1.713429524279151e-06,1.649555388166703e+00,-1.207139376253431e-03
1.715429524279151e-06,1.649555349838266e+00,-1.207136612688145e-03
1.717429524279151e-06,1.649555311698226e+00,-1.207139259828502e-03
1.719429524279151e-06,1.649555276595602e+00,-1.207136565723733e-03
1.721429524279151e-06,1.649555247171828e+00,-1.207139256817153e-03
1.723429524279151e-06,1.649555225409357e+00,-1.207136621757809e-03
1.725429524279151e-06,1.649555212963963e+00,-1.207139343306835e-03
1.727429524279151e-06,1.649555210771826e+00,-1.207136751291527e-03
1.729429524279151e-06,1.649555219424226e+00,-1.207139485870784e-03
1.731429524279151e-06,1.649555238810807e+00,-1.207136918621912e-03
1.733429524279151e-06,1.649555268546445e+00,-1.207139648055645e-03
1.735429524279151e-06,1.649555307648196e+00,-1.207137088131058e-03
1.737429524279151e-06,1.649555354972209e+00,-1.207139796234484e-03
1.739429524279151e-06,1.649555408916756e+00,-1.207137229282369e-03
1.741429524279151e-06,1.649555467890381e+00,-1.207139904309566e-03
1.743429524279151e-06,1.649555530007874e+00,-1.207137320964678e-03
1.745429524279151e-06,1.649555593551515e+00,-1.207139956318013e-03
1.747429524279150e-06,1.649555656664564e+00,-1.207137352884989e-03
1.749429524279150e-06,1.649555717802325e+00,-1.207139947613979e-03
1.751429524279150e-06,1.649555775403485e+00,-1.207137325491685e-03
1.753429524279150e-06,1.649555828315525e+00,-1.207139883628914e-03
1.755429524279150e-06,1.649555875456301e+00,-1.207137248705621e-03
1.757429524279150e-06,1.649555916207747e+00,-1.207139777577566e-03
1.759429524279150e-06,1.649555950046063e+00,-1.207137138375674e-03
1.761429524279150e-06,1.649555976918150e+00,-1.207139647460183e-03
1.763429524279150e-06,1.649555996845491e+00,-1.207137013589094e-03
1.765429524279150e-06,1.649556010280161e+00,-1.207139512350122e-03
1.767429524279150e-06,1.649556017692299e+00,-1.207136892852711e-03
1.769429524279150e-06,1.649556019917372e+00,-1.207139389663951e-03
1.771429524279150e-06,1.649556017725073e+00,-1.207136791638637e-03
1.773429524279150e-06,1.649556012166462e+00,-1.207139292409252e-03
1.775429524279150e-06,1.649556004140668e+00,-1.207136720396123e-03
1.777429524279150e-06,1.649555994741784e+00,-1.207139228250359e-03
1.779429524279149e-06,1.649555984834774e+00,-1.207136683604895e-03
1.781429524279149e-06,1.649555975398840e+00,-1.207139198667206e-03
1.783429524279149e-06,1.649555967123746e+00,-1.207136680181707e-03
1.785429524279149e-06,1.649555960766948e+00,-1.207139200009287e-03
1.787429524279149e-06,1.649555956753550e+00,-1.207136704341587e-03
1.789429524279149e-06,1.649555955551382e+00,-1.207139224775208e-03
1.791429524279149e-06,1.649555957276815e+00,-1.207136746963954e-03
1.793429524279149e-06,1.649555962098036e+00,-1.207139263011711e-03
1.795429524279149e-06,1.649555969850366e+00,-1.207136797873854e-03
1.797429524279149e-06,1.649555980437396e+00,-1.207139304452773e-03
1.799429524279149e-06,1.649555993456399e+00,-1.207136847163375e-03
1.801429524279149e-06,1.649556008614317e+00,-1.207139339903474e-03
1.803429524279149e-06,1.649556025361427e+00,-1.207136886730269e-03
1.805429524279149e-06,1.649556043297931e+00,-1.207139362759696e-03
1.807429524279149e-06,1.649556061814859e+00,-1.207136911302385e-03
1.809429524279149e-06,1.649556080502825e+00,-1.207139369061078e-03
1.811429524279148e-06,1.649556098776770e+00,-1.207136918703118e-03
1.813429524279148e-06,1.649556116292382e+00,-1.207139358395607e-03
1.815429524279148e-06,1.649556132566308e+00,-1.207136909760810e-03
1.817429524279148e-06,1.649556147378157e+00,-1.207139332826897e-03
1.819429524279148e-06,1.649556160385256e+00,-1.207136887784005e-03
1.821429524279148e-06,1.649556171526849e+00,-1.207139296453562e-03
1.823429524279148e-06,1.649556180620634e+00,-1.207136857619440e-03
1.825429524279148e-06,1.649556187761446e+00,-1.207139254683728e-03
1.827429524279148e-06,1.649556192915284e+00,-1.207136824678774e-03
1.829429524279148e-06,1.649556196314909e+00,-1.207139212814027e-03
1.831429524279148e-06,1.649556198047506e+00,-1.207136794131982e-03
1.833429524279148e-06,1.649556198443745e+00,-1.207139175597750e-03
1.835429524279148e-06,1.649556197663297e+00,-1.207136770053041e-03
1.837429524279148e-06,1.649556196087913e+00,-1.207139146366632e-03
1.839429524279148e-06,1.649556193902843e+00,-1.207136754981745e-03
1.841429524279148e-06,1.649556191489810e+00,-1.207139126792395e-03
1.843429524279147e-06,1.649556189011683e+00,-1.207136749805208e-03
1.845429524279147e-06,1.649556186807333e+00,-1.207139117047399e-03
1.847429524279147e-06,1.649556184981117e+00,-1.207136753837715e-03
1.849429524279147e-06,1.649556183805485e+00,-1.207139115629969e-03
1.851429524279147e-06,1.649556183303050e+00,-1.207136765148965e-03
1.853429524279147e-06,1.649556183663888e+00,-1.207139120315600e-03
1.855429524279147e-06,1.649556184826786e+00,-1.207136781021474e-03
1.857429524279147e-06,1.649556186892967e+00,-1.207139128120187e-03
1.859429524279147e-06,1.649556189720528e+00,-1.207136798550352e-03
1.861429524279147e-06,1.649556193346152e+00,-1.207139136163846e-03
1.863429524279147e-06,1.649556197566392e+00,-1.207136814932287e-03
1.865429524279147e-06,1.649556202361582e+00,-1.207139141971457e-03
1.867429524279147e-06,1.649556207491790e+00,-1.207136828178674e-03
1.869429524279147e-06,1.649556212918501e+00,-1.207139143879042e-03
1.871429524279147e-06,1.649556218393378e+00,-1.207136836921128e-03
1.873429524279147e-06,1.649556223879242e+00,-1.207139141051352e-03
1.875429524279147e-06,1.649556229134889e+00,-1.207136840736540e-03
1.877429524279146e-06,1.649556234150689e+00,-1.207139133475865e-03
1.879429524279146e-06,1.649556238720402e+00,-1.207136840100742e-03
1.881429524279146e-06,1.649556242869990e+00,-1.207139121982467e-03
1.883429524279146e-06,1.649556246437776e+00,-1.207136836064054e-03
1.885429524279146e-06,1.649556249493342e+00,-1.207139107734884e-03
1.887429524279146e-06,1.649556251917940e+00,-1.207136830156004e-03
1.889429524279146e-06,1.649556253828963e+00,-1.207139092375719e-03
1.891429524279146e-06,1.649556255147396e+00,-1.207136823813116e-03
1.893429524279146e-06,1.649556256029104e+00,-1.207139077441700e-03
1.895429524279146e-06,1.649556256424110e+00,-1.207136818407139e-03
1.897429524279146e-06,1.649556256510675e+00,-1.207139064087410e-03
1.899429524279146e-06,1.649556256260852e+00,-1.207136815102387e-03
1.901429524279146e-06,1.649556255860986e+00,-1.207139053155273e-03
1.903429524279146e-06,1.649556255282749e+00,-1.207136814513837e-03
1.905429524279146e-06,1.649556254716217e+00,-1.207139045073704e-03
1.907429524279146e-06,1.649556254120822e+00,-1.207136816671200e-03
1.909429524279146e-06,1.649556253669607e+00,-1.207139039714264e-03
1.911429524279146e-06,1.649556253306944e+00,-1.207136821328653e-03
1.913429524279146e-06,1.649556253185603e+00,-1.207139036634187e-03
1.915429524279146e-06,1.649556253225452e+00,-1.207136827913445e-03
1.917429524279146e-06,1.649556253551725e+00,-1.207139035064879e-03
1.919429524279147e-06,1.649556254062442e+00,-1.207136835541087e-03
1.921429524279147e-06,1.649556254863922e+00,-1.207139034204980e-03
1.923429524279147e-06,1.649556255829836e+00,-1.207136843426640e-03
1.925429524279147e-06,1.649556257047181e+00,-1.207139033232901e-03
1.927429524279147e-06,1.649556258372471e+00,-1.207136850857868e-03
1.929429524279147e-06,1.649556259880491e+00,-1.207139031531926e-03
1.931429524279148e-06,1.649556261416876e+00,-1.207136857259897e-03
1.933429524279148e-06,1.649556263056411e+00,-1.207139028661412e-03
1.935429524279148e-06,1.649556264645285e+00,-1.207136862312137e-03
1.937429524279148e-06,1.649556266257359e+00,-1.207139024353946e-03
1.939429524279148e-06,1.649556267744324e+00,-1.207136865986354e-03
1.941429524279148e-06,1.649556269188543e+00,-1.207139018873129e-03
1.943429524279148e-06,1.649556270451337e+00,-1.207136868491767e-03
1.945429524279149e-06,1.649556271626494e+00,-1.207139012307050e-03
1.947429524279149e-06,1.649556272586099e+00,-1.207136870061120e-03
1.949429524279149e-06,1.649556273437216e+00,-1.207139005126073e-03
1.951429524279149e-06,1.649556274067328e+00,-1.207136871189407e-03
1.953429524279149e-06,1.649556274597075e+00,-1.207138997769860e-03
1.955429524279149e-06,1.649556274921590e+00,-1.207136872354313e-03
1.957429524279149e-06,1.649556275170714e+00,-1.207138990595011e-03
1.959429524279150e-06,1.649556275247665e+00,-1.207136873857983e-03
1.961429524279150e-06,1.649556275289414e+00,-1.207138983968945e-03
1.963429524279150e-06,1.649556275204880e+00,-1.207136875987012e-03
1.965429524279150e-06,1.649556275130002e+00,-1.207138978111125e-03
1.967429524279150e-06,1.649556274972221e+00,-1.207136878867708e-03
1.969429524279150e-06,1.649556274868173e+00,-1.207138973015014e-03
1.971429524279151e-06,1.649556274720311e+00,-1.207136882546909e-03
1.973429524279151e-06,1.649556274662648e+00,-1.207138968714597e-03
1.975429524279151e-06,1.649556274591115e+00,-1.207136886899666e-03
1.977429524279151e-06,1.649556274633498e+00,-1.207138965005962e-03
1.979429524279151e-06,1.649556274680346e+00,-1.207136891696379e-03
1.981429524279151e-06,1.649556274852940e+00,-1.207138961740160e-03
1.983429524279151e-06,1.649556275033266e+00,-1.207136896722619e-03
1.985429524279152e-06,1.649556275335958e+00,-1.207138958570925e-03
1.987429524279152e-06,1.649556275637113e+00,-1.207136901752821e-03
1.989429524279152e-06,1.649556276047199e+00,-1.207138955366607e-03
1.991429524279152e-06,1.649556276436311e+00,-1.207136906642792e-03
1.993429524279152e-06,1.649556276915404e+00,-1.207138951917113e-03
1.995429524279152e-06,1.649556277354138e+00,-1.207136911235827e-03
1.997429524279152e-06,1.649556277860249e+00,-1.207138948158950e-03
1.999429524279153e-06,1.649556278303417e+00,-1.207136915442094e-03
2.001429524279153e-06,1.649556278791863e+00,-1.207138944055570e-03
2.003429524279153e-06,1.649556279196434e+00,-1.207136919158483e-03
2.005429524279153e-06,1.649556279628600e+00,-1.207138939530232e-03
2.007429524279153e-06,1.649556279961409e+00,-1.207136922587113e-03
2.009429524279153e-06,1.649556280311495e+00,-1.207138934824465e-03
2.011429524279154e-06,1.649556280556520e+00,-1.207136925782726e-03
2.013429524279154e-06,1.649556280815469e+00,-1.207138929939204e-03
2.015429524279154e-06,1.649556280967762e+00,-1.207136928905399e-03
2.017429524279154e-06,1.649556281136469e+00,-1.207138925020860e-03
2.019429524279154e-06,1.649556281204128e+00,-1.207136932047873e-03
2.021429524279154e-06,1.649556281295997e+00,-1.207138920228190e-03
2.023429524279154e-06,1.649556281296934e+00,-1.207136935262171e-03
2.025429524279155e-06,1.649556281334847e+00,-1.207138915612864e-03
2.027429524279155e-06,1.649556281294178e+00,-1.207136938679470e-03
2.029429524279155e-06,1.649556281303455e+00,-1.207138911199598e-03
2.031429524279155e-06,1.649556281247806e+00,-1.207136942297840e-03
2.033429524279155e-06,1.649556281254731e+00,-1.207138907159279e-03
2.035429524279155e-06,1.649556281206610e+00,-1.207136946115464e-03
2.037429524279156e-06,1.649556281230389e+00,-1.207138903184535e-03
2.039429524279156e-06,1.649556281206779e+00,-1.207136950117700e-03
2.041429524279156e-06,1.649556281260913e+00,-1.207138899420494e-03
2.043429524279156e-06,1.649556281271017e+00,-1.207136954184035e-03
2.045429524279156e-06,1.649556281361673e+00,-1.207138895760212e-03
2.047429524279156e-06,1.649556281408963e+00,-1.207136958367297e-03
2.049429524279156e-06,1.649556281534084e+00,-1.207138892163747e-03
2.051429524279157e-06,1.649556281611990e+00,-1.207136962455062e-03
2.053429524279157e-06,1.649556281763820e+00,-1.207138888511964e-03
2.055429524279157e-06,1.649556281862919e+00,-1.207136966501156e-03
2.057429524279157e-06,1.649556282030753e+00,-1.207138884832204e-03
2.059429524279157e-06,1.649556282139494e+00,-1.207136970400035e-03
2.061429524279157e-06,1.649556282309943e+00,-1.207138881032320e-03
2.063429524279157e-06,1.649556282415435e+00,-1.207136974205862e-03
2.065429524279158e-06,1.649556282577521e+00,-1.207138877139792e-03
2.067429524279158e-06,1.649556282668788e+00,-1.207136977906157e-03
2.069429524279158e-06,1.649556282811898e+00,-1.207138873182017e-03
2.071429524279158e-06,1.649556282880278e+00,-1.207136981528231e-03
2.073429524279158e-06,1.649556282998176e+00,-1.207138869186141e-03
2.075429524279158e-06,1.649556283041024e+00,-1.207136985099006e-03
2.077429524279159e-06,1.649556283133821e+00,-1.207138865178853e-03
2.079429524279159e-06,1.649556283151169e+00,-1.207136988578588e-03
2.081429524279159e-06,1.649556283218721e+00,-1.207138861133563e-03
2.083429524279159e-06,1.649556283212084e+00,-1.207136992046705e-03
2.085429524279159e-06,1.649556283258681e+00,-1.207138857116537e-03
2.087429524279159e-06,1.649556283234613e+00,-1.207136995609325e-03
2.089429524279159e-06,1.649556283267817e+00,-1.207138853233624e-03
2.091429524279160e-06,1.649556283234329e+00,-1.207136999199387e-03
2.093429524279160e-06,1.649556283261915e+00,-1.207138849417752e-03
2.095429524279160e-06,1.649556283225821e+00,-1.207137002816348e-03
2.097429524279160e-06,1.649556283253760e+00,-1.207138845655149e-03
2.099429524279160e-06,1.649556283221059e+00,-1.207137006552838e-03
2.101429524279160e-06,1.649556283255591e+00,-1.207138842025140e-03
2.103429524279160e-06,1.649556283231260e+00,-1.207137010235585e-03
2.105429524279161e-06,1.649556283275677e+00,-1.207138838407749e-03
2.107429524279161e-06,1.649556283262420e+00,-1.207137013984035e-03
2.109429524279161e-06,1.649556283317583e+00,-1.207138834829435e-03
2.111429524279161e-06,1.649556283314384e+00,-1.207137017731712e-03
2.113429524279161e-06,1.649556283379543e+00,-1.207138831250376e-03
2.115429524279161e-06,1.649556283384431e+00,-1.207137021425529e-03
2.117429524279162e-06,1.649556283455361e+00,-1.207138827657504e-03
2.119429524279162e-06,1.649556283464036e+00,-1.207137025052509e-03
2.121429524279162e-06,1.649556283536759e+00,-1.207138823971349e-03
2.123429524279162e-06,1.649556283545174e+00,-1.207137028745914e-03
2.125429524279162e-06,1.649556283616020e+00,-1.207138820404942e-03
2.127429524279162e-06,1.649556283621072e+00,-1.207137032279956e-03
2.129429524279162e-06,1.649556283687659e+00,-1.207138816759040e-03
2.131429524279163e-06,1.649556283687232e+00,-1.207137035801064e-03
2.133429524279163e-06,1.649556283747484e+00,-1.207138813126874e-03
2.135429524279163e-06,1.649556283739949e+00,-1.207137039296079e-03
2.137429524279163e-06,1.649556283792835e+00,-1.207138809495246e-03
2.139429524279163e-06,1.649556283777870e+00,-1.207137042778348e-03
2.141429524279163e-06,1.649556283823174e+00,-1.207138805877473e-03
2.143429524279163e-06,1.649556283800808e+00,-1.207137046261174e-03
2.145429524279164e-06,1.649556283839657e+00,-1.207138802273512e-03
2.147429524279164e-06,1.649556283812244e+00,-1.207137049771020e-03
2.149429524279164e-06,1.649556283847261e+00,-1.207138798696474e-03
2.151429524279164e-06,1.649556283816632e+00,-1.207137053214647e-03
2.153429524279164e-06,1.649556283849575e+00,-1.207138795159523e-03
2.155429524279164e-06,1.649556283817637e+00,-1.207137056684993e-03
2.157429524279165e-06,1.649556283850094e+00,-1.207138791609342e-03
2.159429524279165e-06,1.649556283819351e+00,-1.207137060142016e-03
2.161429524279165e-06,1.649556283854822e+00,-1.207138788125486e-03
2.163429524279165e-06,1.649556283827794e+00,-1.207137063665271e-03
2.165429524279165e-06,1.649556283867581e+00,-1.207138784694518e-03
2.167429524279165e-06,1.649556283844967e+00,-1.207137067148311e-03
2.169429524279165e-06,1.649556283888167e+00,-1.207138781316445e-03
2.171429524279166e-06,1.649556283867735e+00,-1.207137070617847e-03
2.173429524279166e-06,1.649556283912139e+00,-1.207138777845170e-03
2.175429524279166e-06,1.649556283891891e+00,-1.207137074074035e-03
2.177429524279166e-06,1.649556283935998e+00,-1.207138774413789e-03
2.179429524279166e-06,1.649556283915195e+00,-1.207137077490365e-03
2.181429524279166e-06,1.649556283958769e+00,-1.207138770995745e-03
2.183429524279166e-06,1.649556283937052e+00,-1.207137080880156e-03
2.185429524279167e-06,1.649556283979577e+00,-1.207138767564477e-03
2.187429524279167e-06,1.649556283957031e+00,-1.207137084256721e-03
2.189429524279167e-06,1.649556283998881e+00,-1.207138764173155e-03
2.191429524279167e-06,1.649556283975603e+00,-1.207137087659930e-03
2.193429524279167e-06,1.649556284016031e+00,-1.207138760781913e-03
2.195429524279167e-06,1.649556283990827e+00,-1.207137090970189e-03
2.197429524279168e-06,1.649556284029356e+00,-1.207138757417407e-03
2.199429524279168e-06,1.649556284002052e+00,-1.207137094307189e-03
2.201429524279168e-06,1.649556284038706e+00,-1.207138754013158e-03
2.203429524279168e-06,1.649556284009978e+00,-1.207137097644313e-03
2.205429524279168e-06,1.649556284045426e+00,-1.207138750702083e-03
2.207429524279168e-06,1.649556284015602e+00,-1.207137100994818e-03
2.209429524279168e-06,1.649556284049827e+00,-1.207138747364501e-03
2.211429524279169e-06,1.649556284018363e+00,-1.207137104305541e-03
2.213429524279169e-06,1.649556284051072e+00,-1.207138744000444e-03
2.215429524279169e-06,1.649556284018574e+00,-1.207137107563172e-03
2.217429524279169e-06,1.649556284050719e+00,-1.207138740663039e-03
2.219429524279169e-06,1.649556284017997e+00,-1.207137110860722e-03
2.221429524279169e-06,1.649556284050210e+00,-1.207138737392122e-03
2.223429524279169e-06,1.649556284018106e+00,-1.207137114091764e-03
2.225429524279170e-06,1.649556284051132e+00,-1.207138734107856e-03
2.227429524279170e-06,1.649556284020050e+00,-1.207137117402517e-03
2.229429524279170e-06,1.649556284054657e+00,-1.207138730916568e-03
2.231429524279170e-06,1.649556284025793e+00,-1.207137120673239e-03
2.233429524279170e-06,1.649556284063199e+00,-1.207138727618721e-03
2.235429524279170e-06,1.649556284036604e+00,-1.207137123930476e-03
2.237429524279171e-06,1.649556284075538e+00,-1.207138724427106e-03
2.239429524279171e-06,1.649556284050139e+00,-1.207137127161019e-03
2.241429524279171e-06,1.649556284089233e+00,-1.207138721222143e-03
2.243429524279171e-06,1.649556284062857e+00,-1.207137130391592e-03
2.245429524279171e-06,1.649556284100338e+00,-1.207138717977387e-03
2.247429524279171e-06,1.649556284071975e+00,-1.207137133569113e-03
2.249429524279171e-06,1.649556284107804e+00,-1.207138714812546e-03
2.251429524279172e-06,1.649556284078198e+00,-1.207137136746742e-03
2.253429524279172e-06,1.649556284112629e+00,-1.207138711581320e-03
2.255429524279172e-06,1.649556284081561e+00,-1.207137139897884e-03
2.257429524279172e-06,1.649556284114927e+00,-1.207138708376781e-03
2.259429524279172e-06,1.649556284083375e+00,-1.207137143075677e-03
2.261429524279172e-06,1.649556284116098e+00,-1.207138705185581e-03
2.263429524279172e-06,1.649556284083945e+00,-1.207137146226923e-03
2.265429524279173e-06,1.649556284116969e+00,-1.207138702074171e-03
2.267429524279173e-06,1.649556284085674e+00,-1.207137149364830e-03
2.269429524279173e-06,1.649556284119567e+00,-1.207138698922807e-03
2.271429524279173e-06,1.649556284089004e+00,-1.207137152502676e-03
2.273429524279173e-06,1.649556284123342e+00,-1.207138695811289e-03
2.275429524279173e-06,1.649556284093272e+00,-1.207137155640488e-03
2.277429524279174e-06,1.649556284128157e+00,-1.207138692726324e-03
2.279429524279174e-06,1.649556284098439e+00,-1.207137158725081e-03
2.281429524279174e-06,1.649556284133445e+00,-1.207138689601454e-03
2.283429524279174e-06,1.649556284103598e+00,-1.207137161822970e-03
2.285429524279174e-06,1.649556284138161e+00,-1.207138686489900e-03
2.287429524279174e-06,1.649556284107899e+00,-1.207137164881002e-03
2.289429524279174e-06,1.649556284141410e+00,-1.207138683391698e-03
2.291429524279175e-06,1.649556284109657e+00,-1.207137167979018e-03
2.293429524279175e-06,1.649556284142180e+00,-1.207138680360071e-03
2.295429524279175e-06,1.649556284110117e+00,-1.207137171010600e-03
2.297429524279175e-06,1.649556284142102e+00,-1.207138677301882e-03
2.299429524279175e-06,1.649556284109455e+00,-1.207137174055520e-03
2.301429524279175e-06,1.649556284141124e+00,-1.207138674270319e-03
2.303429524279175e-06,1.649556284107854e+00,-1.207137177073882e-03
2.305429524279176e-06,1.649556284138627e+00,-1.207138671198923e-03
2.307429524279176e-06,1.649556284104731e+00,-1.207137180052411e-03
2.309429524279176e-06,1.649556284135756e+00,-1.207138668194024e-03
2.311429524279176e-06,1.649556284102888e+00,-1.207137183097375e-03
2.313429524279176e-06,1.649556284134667e+00,-1.207138665175763e-03
2.315429524279176e-06,1.649556284102344e+00,-1.207137186062512e-03
2.317429524279177e-06,1.649556284134439e+00,-1.207138662210654e-03
2.319429524279177e-06,1.649556284102413e+00,-1.207137189067515e-03
2.321429524279177e-06,1.649556284134279e+00,-1.207138659205654e-03
2.323429524279177e-06,1.649556284101673e+00,-1.207137192032659e-03
2.325429524279177e-06,1.649556284133315e+00,-1.207138656253870e-03
2.327429524279177e-06,1.649556284101378e+00,-1.207137194997787e-03
2.329429524279177e-06,1.649556284134263e+00,-1.207138653315312e-03
2.331429524279178e-06,1.649556284103494e+00,-1.207137197949528e-03
2.333429524279178e-06,1.649556284137041e+00,-1.207138650363388e-03
2.335429524279178e-06,1.649556284106314e+00,-1.207137200901243e-03
2.337429524279178e-06,1.649556284138945e+00,-1.207138647424794e-03
2.339429524279178e-06,1.649556284107478e+00,-1.207137203799834e-03
2.341429524279178e-06,1.649556284140055e+00,-1.207138644526118e-03
2.343429524279178e-06,1.649556284108741e+00,-1.207137206751607e-03
2.345429524279179e-06,1.649556284141252e+00,-1.207138641627440e-03
2.347429524279179e-06,1.649556284109738e+00,-1.207137209636908e-03
2.349429524279179e-06,1.649556284141814e+00,-1.207138638675599e-03
2.351429524279179e-06,1.649556284110027e+00,-1.207137212548827e-03
2.353429524279179e-06,1.649556284142312e+00,-1.207138635776946e-03
2.355429524279179e-06,1.649556284111074e+00,-1.207137215460719e-03
2.357429524279180e-06,1.649556284143436e+00,-1.207138632918160e-03
2.359429524279180e-06,1.649556284112254e+00,-1.207137218319420e-03
2.361429524279180e-06,1.649556284144767e+00,-1.207138630085959e-03
2.363429524279180e-06,1.649556284113466e+00,-1.207137221178119e-03
2.365429524279180e-06,1.649556284145576e+00,-1.207138627213888e-03
2.367429524279180e-06,1.649556284113945e+00,-1.207137223996956e-03
2.369429524279180e-06,1.649556284145307e+00,-1.207138624395043e-03
2.371429524279181e-06,1.649556284112954e+00,-1.207137226842442e-03
2.373429524279181e-06,1.649556284143696e+00,-1.207138621549654e-03
2.375429524279181e-06,1.649556284111074e+00,-1.207137229648070e-03
2.377429524279181e-06,1.649556284138877e+00,-1.207138618704386e-03
2.379429524279181e-06,1.649556284103199e+00,-1.207137232467218e-03
2.381429524279181e-06,1.649556284130755e+00,-1.207138615899129e-03
2.383429524279181e-06,1.649556284095036e+00,-1.207137235233191e-03
2.385429524279182e-06,1.649556284122926e+00,-1.207138613120455e-03
2.387429524279182e-06,1.649556284088256e+00,-1.207137238065595e-03
2.389429524279182e-06,1.649556284117381e+00,-1.207138610354992e-03
2.391429524279182e-06,1.649556284084431e+00,-1.207137240857999e-03
2.393429524279182e-06,1.649556284115937e+00,-1.207138607576080e-03
2.395429524279182e-06,1.649556284085639e+00,-1.207137243636920e-03
2.397429524279183e-06,1.649556284119062e+00,-1.207138604836887e-03
2.399429524279183e-06,1.649556284090183e+00,-1.207137246415717e-03
2.401429524279183e-06,1.649556284124694e+00,-1.207138602124194e-03
2.403429524279183e-06,1.649556284096788e+00,-1.207137249181140e-03
2.405429524279183e-06,1.649556284131823e+00,-1.207138599371556e-03
2.407429524279183e-06,1.649556284103957e+00,-1.207137251919950e-03
2.409429524279183e-06,1.649556284138712e+00,-1.207138596632224e-03
2.411429524279184e-06,1.649556284110909e+00,-1.207137254658767e-03
2.413429524279184e-06,1.649556284145720e+00,-1.207138593932777e-03
2.415429524279184e-06,1.649556284118073e+00,-1.207137257331094e-03
2.417429524279184e-06,1.649556284152957e+00,-1.207138591233321e-03
2.419429524279184e-06,1.649556284125290e+00,-1.207137260016716e-03
2.421429524279184e-06,1.649556284159736e+00,-1.207138588533882e-03
2.423429524279185e-06,1.649556284131117e+00,-1.207137262768872e-03
2.425429524279185e-06,1.649556284164482e+00,-1.207138585834518e-03
2.427429524279185e-06,1.649556284135034e+00,-1.207137265428024e-03
2.429429524279185e-06,1.649556284167340e+00,-1.207138583135225e-03
2.431429524279185e-06,1.649556284137324e+00,-1.207137268100532e-03
2.433429524279185e-06,1.649556284169276e+00,-1.207138580462559e-03
2.435429524279185e-06,1.649556284139145e+00,-1.207137270773059e-03
2.437429524279186e-06,1.649556284170690e+00,-1.207138577829803e-03
2.439429524279186e-06,1.649556284139954e+00,-1.207137273392436e-03
2.441429524279186e-06,1.649556284170939e+00,-1.207138575143903e-03
2.443429524279186e-06,1.649556284139698e+00,-1.207137276025150e-03
2.445429524279186e-06,1.649556284170322e+00,-1.207138572537815e-03
2.447429524279186e-06,1.649556284139115e+00,-1.207137278644579e-03
2.449429524279186e-06,1.649556284169173e+00,-1.207138569891857e-03
2.451429524279187e-06,1.649556284137244e+00,-1.207137281250761e-03
2.453429524279187e-06,1.649556284166425e+00,-1.207138567285848e-03
2.455429524279187e-06,1.649556284133207e+00,-1.207137283896911e-03
2.457429524279187e-06,1.649556284161267e+00,-1.207138564679928e-03
2.459429524279187e-06,1.649556284127645e+00,-1.207137286476637e-03
2.461429524279187e-06,1.649556284154980e+00,-1.207138562087347e-03
2.463429524279188e-06,1.649556284120758e+00,-1.207137289056411e-03
2.465429524279188e-06,1.649556284148229e+00,-1.207138559494783e-03
2.467429524279188e-06,1.649556284114910e+00,-1.207137291636147e-03
2.469429524279188e-06,1.649556284143180e+00,-1.207138556928749e-03
2.471429524279188e-06,1.649556284110644e+00,-1.207137294189231e-03
2.473429524279188e-06,1.649556284139672e+00,-1.207138554375954e-03
2.475429524279188e-06,1.649556284107971e+00,-1.207137296742256e-03
2.477429524279189e-06,1.649556284137439e+00,-1.207138551836409e-03
2.479429524279189e-06,1.649556284106215e+00,-1.207137299335136e-03
2.481429524279189e-06,1.649556284136117e+00,-1.207138549283532e-03
2.483429524279189e-06,1.649556284105223e+00,-1.207137301861506e-03
2.485429524279189e-06,1.649556284134725e+00,-1.207138546730659e-03
2.487429524279189e-06,1.649556284103141e+00,-1.207137304374619e-03
2.489429524279189e-06,1.649556284132088e+00,-1.207138544191128e-03
2.491429524279190e-06,1.649556284100264e+00,-1.207137306887762e-03
2.493429524279190e-06,1.649556284129096e+00,-1.207138541678203e-03
2.495429524279190e-06,1.649556284097269e+00,-1.207137309374317e-03
2.497429524279190e-06,1.649556284125953e+00,-1.207138539191877e-03
2.499429524279190e-06,1.649556284094483e+00,-1.207137311900752e-03
2.501429524279190e-06,1.649556284123694e+00,-1.207138536678925e-03
2.503429524279191e-06,1.649556284093346e+00,-1.207137314373941e-03
2.505429524279191e-06,1.649556284123874e+00,-1.207138534245662e-03
2.507429524279191e-06,1.649556284095061e+00,-1.207137316900210e-03
2.509429524279191e-06,1.649556284126945e+00,-1.207138531772401e-03
2.511429524279191e-06,1.649556284098816e+00,-1.207137319333327e-03
2.513429524279191e-06,1.649556284130589e+00,-1.207138529285822e-03
2.515429524279191e-06,1.649556284102588e+00,-1.207137321793037e-03
2.517429524279192e-06,1.649556284134430e+00,-1.207138526825829e-03
2.519429524279192e-06,1.649556284106320e+00,-1.207137324266045e-03
2.521429524279192e-06,1.649556284138092e+00,-1.207138524365843e-03
2.523429524279192e-06,1.649556284110144e+00,-1.207137326725752e-03
2.525429524279192e-06,1.649556284141751e+00,-1.207138521998933e-03
2.527429524279192e-06,1.649556284113614e+00,-1.207137329132287e-03
2.529429524279192e-06,1.649556284144478e+00,-1.207138519565574e-03
2.531429524279193e-06,1.649556284115469e+00,-1.207137331578772e-03
2.533429524279193e-06,1.649556284145346e+00,-1.207138517092395e-03
2.535429524279193e-06,1.649556284115219e+00,-1.207137333932260e-03
2.537429524279193e-06,1.649556284144024e+00,-1.207138514685780e-03
2.539429524279193e-06,1.649556284113764e+00,-1.207137336338977e-03
2.541429524279193e-06,1.649556284142546e+00,-1.207138512305764e-03
2.543429524279194e-06,1.649556284112107e+00,-1.207137338692517e-03
2.545429524279194e-06,1.649556284140474e+00,-1.207138509952363e-03
2.547429524279194e-06,1.649556284109582e+00,-1.207137341099275e-03
2.549429524279194e-06,1.649556284137552e+00,-1.207138507545808e-03
2.551429524279194e-06,1.649556284106604e+00,-1.207137343439568e-03
2.553429524279194e-06,1.649556284134469e+00,-1.207138505219037e-03
2.555429524279194e-06,1.649556284103475e+00,-1.207137345819755e-03
2.557429524279195e-06,1.649556284131469e+00,-1.207138502839078e-03
2.559429524279195e-06,1.649556284101709e+00,-1.207137348186595e-03
2.561429524279195e-06,1.649556284131314e+00,-1.207138500525495e-03
2.563429524279195e-06,1.649556284103317e+00,-1.207137350513421e-03
2.565429524279195e-06,1.649556284134339e+00,-1.207138498158608e-03
2.567429524279195e-06,1.649556284107581e+00,-1.207137352826851e-03
2.569429524279195e-06,1.649556284139421e+00,-1.207138495871423e-03
2.571429524279196e-06,1.649556284113381e+00,-1.207137355220003e-03
2.573429524279196e-06,1.649556284145652e+00,-1.207138493557603e-03
2.575429524279196e-06,1.649556284119695e+00,-1.207137357520060e-03
2.577429524279196e-06,1.649556284151489e+00,-1.207138491257094e-03
2.579429524279196e-06,1.649556284124811e+00,-1.207137359833458e-03
2.581429524279196e-06,1.649556284155373e+00,-1.207138488943360e-03
2.583429524279197e-06,1.649556284127180e+00,-1.207137362107069e-03
2.585429524279197e-06,1.649556284155854e+00,-1.207138486616457e-03
2.587429524279197e-06,1.649556284126140e+00,-1.207137364407400e-03
2.589429524279197e-06,1.649556284153618e+00,-1.207138484356138e-03
2.591429524279197e-06,1.649556284123451e+00,-1.207137366628013e-03
2.593429524279197e-06,1.649556284150843e+00,-1.207138482082542e-03
2.595429524279197e-06,1.649556284120951e+00,-1.207137368915102e-03
2.597429524279198e-06,1.649556284148519e+00,-1.207138479782336e-03
2.599429524279198e-06,1.649556284118762e+00,-1.207137371162290e-03
2.601429524279198e-06,1.649556284146308e+00,-1.207138477561905e-03
2.603429524279198e-06,1.649556284117013e+00,-1.207137373436054e-03
2.605429524279198e-06,1.649556284145052e+00,-1.207138475314846e-03
2.607429524279198e-06,1.649556284116392e+00,-1.207137375683183e-03
2.609429524279198e-06,1.649556284145238e+00,-1.207138473081029e-03
2.611429524279199e-06,1.649556284117558e+00,-1.207137377943543e-03
2.613429524279199e-06,1.649556284147237e+00,-1.207138470860441e-03
2.615429524279199e-06,1.649556284119968e+00,-1.207137380150670e-03
2.617429524279199e-06,1.649556284149063e+00,-1.207138468626564e-03
2.619429524279199e-06,1.649556284121571e+00,-1.207137382357827e-03
2.621429524279199e-06,1.649556284150953e+00,-1.207138466419277e-03
2.623429524279200e-06,1.649556284123833e+00,-1.207137384551663e-03
2.625429524279200e-06,1.649556284152968e+00,-1.207138464251874e-03
2.627429524279200e-06,1.649556284125567e+00,-1.207137386772112e-03
2.629429524279200e-06,1.649556284154491e+00,-1.207138462031304e-03
2.631429524279200e-06,1.649556284127070e+00,-1.207137388965976e-03
2.633429524279200e-06,1.649556284155484e+00,-1.207138459837347e-03
2.635429524279200e-06,1.649556284127299e+00,-1.207137391133295e-03
2.637429524279201e-06,1.649556284154907e+00,-1.207138457670042e-03
2.639429524279201e-06,1.649556284125904e+00,-1.207137393274081e-03
2.641429524279201e-06,1.649556284151926e+00,-1.207138455502825e-03
2.643429524279201e-06,1.649556284121506e+00,-1.207137395414979e-03
2.645429524279201e-06,1.649556284146405e+00,-1.207138453322407e-03
2.647429524279201e-06,1.649556284115526e+00,-1.207137397569232e-03
2.649429524279201e-06,1.649556284140238e+00,-1.207138451155309e-03
2.651429524279202e-06,1.649556284109522e+00,-1.207137399710190e-03
2.653429524279202e-06,1.649556284134524e+00,-1.207138449014787e-03
2.655429524279202e-06,1.649556284104060e+00,-1.207137401851128e-03
2.657429524279202e-06,1.649556284129270e+00,-1.207138446860952e-03
2.659429524279202e-06,1.649556284099530e+00,-1.207137404018623e-03
2.661429524279202e-06,1.649556284125651e+00,-1.207138444760241e-03
2.663429524279203e-06,1.649556284097202e+00,-1.207137406132851e-03
2.665429524279203e-06,1.649556284124571e+00,-1.207138442646140e-03
2.667429524279203e-06,1.649556284097125e+00,-1.207137408233699e-03
2.669429524279203e-06,1.649556284124861e+00,-1.207138440558581e-03
2.671429524279203e-06,1.649556284098447e+00,-1.207137410347791e-03
2.673429524279203e-06,1.649556284127853e+00,-1.207138438497514e-03
2.675429524279203e-06,1.649556284103270e+00,-1.207137412461753e-03
2.677429524279204e-06,1.649556284133694e+00,-1.207138436396452e-03
2.679429524279204e-06,1.649556284109380e+00,-1.207137414562371e-03
2.681429524279204e-06,1.649556284139368e+00,-1.207138434282100e-03
2.683429524279204e-06,1.649556284114460e+00,-1.207137416623137e-03
2.685429524279204e-06,1.649556284143517e+00,-1.207138432207693e-03
2.687429524279204e-06,1.649556284117715e+00,-1.207137418683971e-03
2.689429524279204e-06,1.649556284145808e+00,-1.207138430133356e-03
2.691429524279205e-06,1.649556284119101e+00,-1.207137420744875e-03
2.693429524279205e-06,1.649556284145935e+00,-1.207138428072396e-03
2.695429524279205e-06,1.649556284118051e+00,-1.207137422765980e-03
2.697429524279205e-06,1.649556284143823e+00,-1.207138426011519e-03
2.699429524279205e-06,1.649556284115482e+00,-1.207137424827031e-03
2.701429524279205e-06,1.649556284140915e+00,-1.207138423963969e-03
2.703429524279206e-06,1.649556284111941e+00,-1.207137426874822e-03
2.705429524279206e-06,1.649556284136202e+00,-1.207138421916485e-03
2.707429524279206e-06,1.649556284105977e+00,-1.207137428909406e-03
2.709429524279206e-06,1.649556284128895e+00,-1.207138419882394e-03
2.711429524279206e-06,1.649556284098231e+00,-1.207137430917464e-03
2.713429524279206e-06,1.649556284120812e+00,-1.207138417888222e-03
2.715429524279206e-06,1.649556284090226e+00,-1.207137432912234e-03
2.717429524279207e-06,1.649556284113498e+00,-1.207138415867428e-03
2.719429524279207e-06,1.649556284084098e+00,-1.207137434920232e-03
2.721429524279207e-06,1.649556284108569e+00,-1.207138413899732e-03
2.723429524279207e-06,1.649556284080744e+00,-1.207137436954719e-03
2.725429524279207e-06,1.649556284107299e+00,-1.207138411905306e-03
2.727429524279207e-06,1.649556284081563e+00,-1.207137438975754e-03
2.729429524279207e-06,1.649556284109426e+00,-1.207138409950643e-03
2.731429524279208e-06,1.649556284085247e+00,-1.207137440956794e-03
2.733429524279208e-06,1.649556284114387e+00,-1.207138407969282e-03
2.735429524279208e-06,1.649556284091136e+00,-1.207137442924455e-03
2.737429524279208e-06,1.649556284120712e+00,-1.207138406001167e-03
2.739429524279208e-06,1.649556284097716e+00,-1.207137444918683e-03
2.741429524279208e-06,1.649556284126998e+00,-1.207138404046350e-03
2.743429524279209e-06,1.649556284103088e+00,-1.207137446859770e-03
2.745429524279209e-06,1.649556284130568e+00,-1.207138402078337e-03
2.747429524279209e-06,1.649556284105045e+00,-1.207137448800984e-03
2.749429524279209e-06,1.649556284131464e+00,-1.207138400097127e-03
2.751429524279209e-06,1.649556284105411e+00,-1.207137450742258e-03
2.753429524279209e-06,1.649556284131236e+00,-1.207138398182442e-03
2.755429524279209e-06,1.649556284104859e+00,-1.207137452656973e-03
2.757429524279210e-06,1.649556284130344e+00,-1.207138396254484e-03
2.759429524279210e-06,1.649556284103736e+00,-1.207137454611598e-03
2.761429524279210e-06,1.649556284128941e+00,-1.207138394299953e-03
2.763429524279210e-06,1.649556284102539e+00,-1.207137456526336e-03
2.765429524279210e-06,1.649556284127822e+00,-1.207138392385300e-03
2.767429524279210e-06,1.649556284101513e+00,-1.207137458441069e-03
2.769429524279210e-06,1.649556284126637e+00,-1.207138390470650e-03
2.771429524279211e-06,1.649556284100259e+00,-1.207137460342513e-03
2.773429524279211e-06,1.649556284125401e+00,-1.207138388582595e-03
2.775429524279211e-06,1.649556284099470e+00,-1.207137462217347e-03
2.777429524279211e-06,1.649556284125267e+00,-1.207138386707796e-03
2.779429524279211e-06,1.649556284100517e+00,-1.207137464158595e-03
2.781429524279211e-06,1.649556284127677e+00,-1.207138384832901e-03
2.783429524279212e-06,1.649556284104500e+00,-1.207137466073141e-03
2.785429524279212e-06,1.649556284132876e+00,-1.207138382944607e-03
2.787429524279212e-06,1.649556284110433e+00,-1.207137467947725e-03
2.789429524279212e-06,1.649556284138910e+00,-1.207138381109468e-03
2.791429524279212e-06,1.649556284116713e+00,-1.207137469795702e-03
2.793429524279212e-06,1.649556284145363e+00,-1.207138379247719e-03
2.795429524279212e-06,1.649556284123002e+00,-1.207137471683570e-03
2.797429524279213e-06,1.649556284150628e+00,-1.207138377359422e-03
2.799429524279213e-06,1.649556284127126e+00,-1.207137473505035e-03
2.801429524279213e-06,1.649556284153419e+00,-1.207138375484514e-03
2.803429524279213e-06,1.649556284128801e+00,-1.207137475353184e-03
2.805429524279213e-06,1.649556284153907e+00,-1.207138373649581e-03
2.807429524279213e-06,1.649556284128252e+00,-1.207137477174823e-03
2.809429524279214e-06,1.649556284152248e+00,-1.207138371788134e-03
2.811429524279214e-06,1.649556284125721e+00,-1.207137478983240e-03
2.813429524279214e-06,1.649556284148573e+00,-1.207138369966652e-03
2.815429524279214e-06,1.649556284120917e+00,-1.207137480844926e-03
2.817429524279214e-06,1.649556284142775e+00,-1.207138368158546e-03
2.819429524279214e-06,1.649556284114643e+00,-1.207137482640185e-03
2.821429524279214e-06,1.649556284136257e+00,-1.207138366323873e-03
2.823429524279215e-06,1.649556284108459e+00,-1.207137484488627e-03
2.825429524279215e-06,1.649556284130435e+00,-1.207138364502471e-03
2.827429524279215e-06,1.649556284102917e+00,-1.207137486230673e-03
2.829429524279215e-06,1.649556284125015e+00,-1.207138362707647e-03
2.831429524279215e-06,1.649556284097935e+00,-1.207137488079070e-03
2.833429524279215e-06,1.649556284120181e+00,-1.207138360912801e-03
2.835429524279215e-06,1.649556284093143e+00,-1.207137489821088e-03
2.837429524279216e-06,1.649556284115568e+00,-1.207138359131243e-03
2.839429524279216e-06,1.649556284089354e+00,-1.207137491616255e-03
2.841429524279216e-06,1.649556284113223e+00,-1.207138357362898e-03
2.843429524279216e-06,1.649556284088834e+00,-1.207137493411300e-03
2.845429524279216e-06,1.649556284114428e+00,-1.207138355621014e-03
2.847429524279216e-06,1.649556284092183e+00,-1.207137495219497e-03
2.849429524279217e-06,1.649556284119385e+00,-1.207138353852397e-03
2.851429524279217e-06,1.649556284098254e+00,-1.207137496987704e-03
2.853429524279217e-06,1.649556284126136e+00,-1.207138352123602e-03
2.855429524279217e-06,1.649556284105571e+00,-1.207137498769161e-03
2.857429524279217e-06,1.649556284133543e+00,-1.207138350354894e-03
2.859429524279217e-06,1.649556284113123e+00,-1.207137500484127e-03
2.861429524279217e-06,1.649556284140818e+00,-1.207138348586190e-03
2.863429524279218e-06,1.649556284120001e+00,-1.207137502239007e-03
2.865429524279218e-06,1.649556284147078e+00,-1.207138346870711e-03
2.867429524279218e-06,1.649556284125359e+00,-1.207137503954055e-03
2.869429524279218e-06,1.649556284151120e+00,-1.207138345142017e-03
2.871429524279218e-06,1.649556284128038e+00,-1.207137505669202e-03
2.873429524279218e-06,1.649556284152321e+00,-1.207138343413429e-03
2.875429524279218e-06,1.649556284128233e+00,-1.207137507384441e-03
2.877429524279219e-06,1.649556284151935e+00,-1.207138341645011e-03
2.879429524279219e-06,1.649556284127780e+00,-1.207137509073112e-03
2.881429524279219e-06,1.649556284151266e+00,-1.207138339943086e-03
2.883429524279219e-06,1.649556284126884e+00,-1.207137510801689e-03
2.885429524279219e-06,1.649556284149531e+00,-1.207138338254496e-03
2.887429524279219e-06,1.649556284124104e+00,-1.207137512463853e-03
2.889429524279220e-06,1.649556284145619e+00,-1.207138336539395e-03
2.891429524279220e-06,1.649556284119337e+00,-1.207137514152684e-03
2.893429524279220e-06,1.649556284140125e+00,-1.207138334837649e-03
2.895429524279220e-06,1.649556284113670e+00,-1.207137515841549e-03
2.897429524279220e-06,1.649556284134371e+00,-1.207138333135913e-03
2.899429524279220e-06,1.649556284107901e+00,-1.207137517517120e-03
2.901429524279220e-06,1.649556284128384e+00,-1.207138331434185e-03
2.903429524279221e-06,1.649556284101749e+00,-1.207137519179410e-03
2.905429524279221e-06,1.649556284121870e+00,-1.207138329759070e-03
2.907429524279221e-06,1.649556284095082e+00,-1.207137520881608e-03
2.909429524279221e-06,1.649556284115313e+00,-1.207138328110550e-03
2.911429524279221e-06,1.649556284089675e+00,-1.207137522503981e-03
2.913429524279221e-06,1.649556284111833e+00,-1.207138326448619e-03
2.915429524279221e-06,1.649556284088542e+00,-1.207137524245863e-03
2.917429524279222e-06,1.649556284112798e+00,-1.207138324853004e-03
2.919429524279222e-06,1.649556284091287e+00,-1.207137525881228e-03
2.921429524279222e-06,1.649556284116596e+00,-1.207138323217395e-03
2.923429524279222e-06,1.649556284095752e+00,-1.207137527543123e-03
2.925429524279222e-06,1.649556284121111e+00,-1.207138321581759e-03
2.927429524279222e-06,1.649556284100379e+00,-1.207137529165122e-03
2.929429524279223e-06,1.649556284125553e+00,-1.207138319932830e-03
2.931429524279223e-06,1.649556284104424e+00,-1.207137530813736e-03
2.933429524279223e-06,1.649556284129229e+00,-1.207138318350411e-03
2.935429524279223e-06,1.649556284108139e+00,-1.207137532435769e-03
2.937429524279223e-06,1.649556284132809e+00,-1.207138316754700e-03
2.939429524279223e-06,1.649556284111712e+00,-1.207137534044511e-03
2.941429524279223e-06,1.649556284135988e+00,-1.207138315079224e-03
2.943429524279224e-06,1.649556284114403e+00,-1.207137535653286e-03
2.945429524279224e-06,1.649556284138606e+00,-1.207138313456955e-03
2.947429524279224e-06,1.649556284117249e+00,-1.207137537262055e-03
2.949429524279224e-06,1.649556284141140e+00,-1.207138311847986e-03
2.951429524279224e-06,1.649556284119325e+00,-1.207137538830963e-03
2.953429524279224e-06,1.649556284142597e+00,-1.207138310239057e-03
2.955429524279224e-06,1.649556284120436e+00,-1.207137540426500e-03
2.957429524279225e-06,1.649556284142834e+00,-1.207138308630173e-03
2.959429524279225e-06,1.649556284119556e+00,-1.207137542035408e-03
2.961429524279225e-06,1.649556284140680e+00,-1.207138307074565e-03
2.963429524279225e-06,1.649556284115981e+00,-1.207137543577933e-03
2.965429524279225e-06,1.649556284135530e+00,-1.207138305465882e-03
2.967429524279225e-06,1.649556284109634e+00,-1.207137545147155e-03
2.969429524279226e-06,1.649556284128131e+00,-1.207138303883875e-03
2.971429524279226e-06,1.649556284101545e+00,-1.207137546716441e-03
2.973429524279226e-06,1.649556284119526e+00,-1.207138302288617e-03
2.975429524279226e-06,1.649556284093123e+00,-1.207137548245850e-03
2.977429524279226e-06,1.649556284111559e+00,-1.207138300746521e-03
2.979429524279226e-06,1.649556284086192e+00,-1.207137549854983e-03
2.981429524279226e-06,1.649556284106140e+00,-1.207138299191033e-03
2.983429524279227e-06,1.649556284082932e+00,-1.207137551424090e-03
2.985429524279227e-06,1.649556284105149e+00,-1.207138297661974e-03
2.987429524279227e-06,1.649556284084253e+00,-1.207137552953136e-03
2.989429524279227e-06,1.649556284108595e+00,-1.207138296159343e-03
2.991429524279227e-06,1.649556284090014e+00,-1.207137554535204e-03
2.993429524279227e-06,1.649556284116213e+00,-1.207138294643260e-03
2.995429524279227e-06,1.649556284098922e+00,-1.207137556077265e-03
2.997429524279228e-06,1.649556284125419e+00,-1.207138293127118e-03
2.999429524279228e-06,1.649556284107820e+00,-1.207137557619327e-03
3.001429524279228e-06,1.649556284133874e+00,-1.207138291557818e-03
3.003429524279228e-06,1.649556284115830e+00,-1.207137559121531e-03
3.005429524279228e-06,1.649556284140506e+00,-1.207138290028476e-03
3.007429524279228e-06,1.649556284120521e+00,-1.207137560623860e-03
3.009429524279229e-06,1.649556284142912e+00,-1.207138288485994e-03
3.011429524279229e-06,1.649556284121183e+00,-1.207137562099745e-03
3.013429524279229e-06,1.649556284142146e+00,-1.207138286983519e-03
3.015429524279229e-06,1.649556284119269e+00,-1.207137563589023e-03
3.017429524279229e-06,1.649556284139149e+00,-1.207138285481128e-03
3.019429524279229e-06,1.649556284115273e+00,-1.207137565078378e-03
3.021429524279229e-06,1.649556284134206e+00,-1.207138283965512e-03
3.023429524279230e-06,1.649556284110235e+00,-1.207137566554476e-03
3.025429524279230e-06,1.649556284129365e+00,-1.207138282542968e-03
3.027429524279230e-06,1.649556284105479e+00,-1.207137568070452e-03
3.029429524279230e-06,1.649556284124597e+00,-1.207138281014050e-03
3.031429524279230e-06,1.649556284101289e+00,-1.207137569533221e-03
3.033429524279230e-06,1.649556284121192e+00,-1.207138279538266e-03
3.035429524279230e-06,1.649556284098895e+00,-1.207137571009221e-03
3.037429524279231e-06,1.649556284119734e+00,-1.207138278089004e-03
3.039429524279231e-06,1.649556284098750e+00,-1.207137572485136e-03
3.041429524279231e-06,1.649556284120529e+00,-1.207138276586471e-03
3.043429524279231e-06,1.649556284100139e+00,-1.207137573947698e-03
3.045429524279231e-06,1.649556284122244e+00,-1.207138275176980e-03
3.047429524279231e-06,1.649556284102098e+00,-1.207137575410238e-03
3.049429524279232e-06,1.649556284124241e+00,-1.207138273727588e-03
3.051429524279232e-06,1.649556284104000e+00,-1.207137576872781e-03
3.053429524279232e-06,1.649556284125807e+00,-1.207138272251620e-03
3.055429524279232e-06,1.649556284105670e+00,-1.207137578335333e-03
3.057429524279232e-06,1.649556284127411e+00,-1.207138270788947e-03
3.059429524279232e-06,1.649556284107158e+00,-1.207137579784594e-03
3.061429524279232e-06,1.649556284128843e+00,-1.207138269366170e-03
3.063429524279233e-06,1.649556284108820e+00,-1.207137581220553e-03
3.065429524279233e-06,1.649556284130472e+00,-1.207138267943385e-03
3.067429524279233e-06,1.649556284110938e+00,-1.207137582656495e-03
3.069429524279233e-06,1.649556284133405e+00,-1.207138266507255e-03
3.071429524279233e-06,1.649556284114602e+00,-1.207137584065786e-03
3.073429524279233e-06,1.649556284137152e+00,-1.207138265097688e-03
3.075429524279233e-06,1.649556284118304e+00,-1.207137585488372e-03
3.077429524279234e-06,1.649556284140652e+00,-1.207138263674834e-03
3.079429524279234e-06,1.649556284121509e+00,-1.207137586910977e-03
3.081429524279234e-06,1.649556284143298e+00,-1.207138262252012e-03
3.083429524279234e-06,1.649556284123401e+00,-1.207137588293741e-03
3.085429524279234e-06,1.649556284144145e+00,-1.207138260815960e-03
3.087429524279234e-06,1.649556284123429e+00,-1.207137589689871e-03
3.089429524279235e-06,1.649556284143091e+00,-1.207138259433164e-03
3.091429524279235e-06,1.649556284121456e+00,-1.207137591112669e-03
3.093429524279235e-06,1.649556284140396e+00,-1.207138258063726e-03
3.095429524279235e-06,1.649556284118342e+00,-1.207137592495619e-03
3.097429524279235e-06,1.649556284136650e+00,-1.207138256641141e-03
3.099429524279235e-06,1.649556284114169e+00,-1.207137593878609e-03
3.101429524279235e-06,1.649556284132282e+00,-1.207138255271766e-03
3.103429524279236e-06,1.649556284109868e+00,-1.207137595248307e-03
3.105429524279236e-06,1.649556284128206e+00,-1.207138253889083e-03
3.107429524279236e-06,1.649556284106473e+00,-1.207137596631268e-03
3.109429524279236e-06,1.649556284125462e+00,-1.207138252493054e-03
3.111429524279236e-06,1.649556284104294e+00,-1.207137598027480e-03
3.113429524279236e-06,1.649556284123572e+00,-1.207138251150179e-03
3.115429524279236e-06,1.649556284103054e+00,-1.207137599370471e-03
3.117429524279237e-06,1.649556284122798e+00,-1.207138249780670e-03
3.119429524279237e-06,1.649556284102681e+00,-1.207137600726727e-03
3.121429524279237e-06,1.649556284122709e+00,-1.207138248424431e-03
3.123429524279237e-06,1.649556284102880e+00,-1.207137602122851e-03
3.125429524279237e-06,1.649556284122797e+00,-1.207138247081483e-03
3.127429524279237e-06,1.649556284103069e+00,-1.207137603465789e-03
3.129429524279238e-06,1.649556284123396e+00,-1.207138245711923e-03
3.131429524279238e-06,1.649556284104289e+00,-1.207137604821985e-03
3.133429524279238e-06,1.649556284125122e+00,-1.207138244382210e-03
3.135429524279238e-06,1.649556284106737e+00,-1.207137606164839e-03
3.137429524279238e-06,1.649556284128080e+00,-1.207138243065747e-03
3.139429524279238e-06,1.649556284110068e+00,-1.207137607507660e-03
3.141429524279238e-06,1.649556284131417e+00,-1.207138241735975e-03
3.143429524279239e-06,1.649556284113536e+00,-1.207137608850476e-03
3.145429524279239e-06,1.649556284134963e+00,-1.207138240406194e-03
3.147429524279239e-06,1.649556284117137e+00,-1.207137610153398e-03
3.149429524279239e-06,1.649556284138709e+00,-1.207138239063110e-03
3.151429524279239e-06,1.649556284121523e+00,-1.207137611496180e-03
3.153429524279239e-06,1.649556284143604e+00,-1.207138237759872e-03
3.155429524279239e-06,1.649556284126662e+00,-1.207137612825638e-03
3.157429524279240e-06,1.649556284148610e+00,-1.207138236469927e-03
3.159429524279240e-06,1.649556284131706e+00,-1.207137614141802e-03
3.161429524279240e-06,1.649556284153408e+00,-1.207138235153396e-03
3.163429524279240e-06,1.649556284136331e+00,-1.207137615431389e-03
3.165429524279240e-06,1.649556284157736e+00,-1.207138233823586e-03
3.167429524279240e-06,1.649556284139912e+00,-1.207137616707719e-03
3.169429524279241e-06,1.649556284159773e+00,-1.207138232520455e-03
3.171429524279241e-06,1.649556284140078e+00,-1.207137617984175e-03
3.173429524279241e-06,1.649556284157816e+00,-1.207138231204175e-03
3.175429524279241e-06,1.649556284136023e+00,-1.207137619260789e-03
3.177429524279241e-06,1.649556284151779e+00,-1.207138229914641e-03
3.179429524279241e-06,1.649556284128770e+00,-1.207137620524225e-03
3.181429524279241e-06,1.649556284143663e+00,-1.207138228585294e-03
3.183429524279242e-06,1.649556284120253e+00,-1.207137621774411e-03
3.185429524279242e-06,1.649556284134855e+00,-1.207138227282566e-03
3.187429524279242e-06,1.649556284111663e+00,-1.207137623051194e-03
3.189429524279242e-06,1.649556284126898e+00,-1.207138226099475e-03
3.191429524279242e-06,1.649556284104847e+00,-1.207137624341206e-03
3.193429524279242e-06,1.649556284121284e+00,-1.207138224783331e-03
3.195429524279243e-06,1.649556284100651e+00,-1.207137625604529e-03
3.197429524279243e-06,1.649556284118341e+00,-1.207138223533571e-03
3.199429524279243e-06,1.649556284098824e+00,-1.207137626894356e-03
3.201429524279243e-06,1.649556284117546e+00,-1.207138222270435e-03
3.203429524279243e-06,1.649556284098959e+00,-1.207137628144221e-03
3.205429524279243e-06,1.649556284117940e+00,-1.207138221020550e-03
3.207429524279243e-06,1.649556284099613e+00,-1.207137629380770e-03
3.209429524279244e-06,1.649556284118825e+00,-1.207138219757351e-03
3.211429524279244e-06,1.649556284100523e+00,-1.207137630643902e-03
3.213429524279244e-06,1.649556284119461e+00,-1.207138218520754e-03
3.215429524279244e-06,1.649556284101252e+00,-1.207137631933634e-03
3.217429524279244e-06,1.649556284120112e+00,-1.207138217270860e-03
3.219429524279244e-06,1.649556284101461e+00,-1.207137633156903e-03
3.221429524279244e-06,1.649556284119668e+00,-1.207138216034303e-03
3.223429524279245e-06,1.649556284100769e+00,-1.207137634353612e-03
3.225429524279245e-06,1.649556284118495e+00,-1.207138214784477e-03
3.227429524279245e-06,1.649556284099258e+00,-1.207137635590242e-03
3.229429524279245e-06,1.649556284116672e+00,-1.207138213547972e-03
3.231429524279245e-06,1.649556284096799e+00,-1.207137636826907e-03
3.233429524279245e-06,1.649556284113598e+00,-1.207138212364699e-03
3.235429524279246e-06,1.649556284093818e+00,-1.207137638036998e-03
3.237429524279246e-06,1.649556284110959e+00,-1.207138211128224e-03
3.239429524279246e-06,1.649556284091931e+00,-1.207137639247048e-03
3.241429524279246e-06,1.649556284109951e+00,-1.207138209904985e-03
3.243429524279246e-06,1.649556284092005e+00,-1.207137640470322e-03
3.245429524279246e-06,1.649556284111116e+00,-1.207138208734851e-03
3.247429524279246e-06,1.649556284094654e+00,-1.207137641706797e-03
3.249429524279247e-06,1.649556284115047e+00,-1.207138207524724e-03
3.251429524279247e-06,1.649556284099497e+00,-1.207137642929893e-03
3.253429524279247e-06,1.649556284120622e+00,-1.207138206314536e-03
3.255429524279247e-06,1.649556284106010e+00,-1.207137644139631e-03
3.257429524279247e-06,1.649556284127672e+00,-1.207138205157480e-03
3.259429524279247e-06,1.649556284113467e+00,-1.207137645336038e-03
3.261429524279247e-06,1.649556284135369e+00,-1.207138203947213e-03
3.263429524279248e-06,1.649556284121351e+00,-1.207137646519132e-03
3.265429524279248e-06,1.649556284142947e+00,-1.207138202763544e-03
3.267429524279248e-06,1.649556284128559e+00,-1.207137647728844e-03
3.269429524279248e-06,1.649556284149672e+00,-1.207138201593203e-03
3.271429524279248e-06,1.649556284134526e+00,-1.207137648885416e-03
3.273429524279248e-06,1.649556284154407e+00,-1.207138200383047e-03
3.275429524279249e-06,1.649556284138028e+00,-1.207137650055377e-03
3.277429524279249e-06,1.649556284156530e+00,-1.207138199212877e-03
3.279429524279249e-06,1.649556284139086e+00,-1.207137651172242e-03
3.281429524279249e-06,1.649556284156412e+00,-1.207138198042790e-03
3.283429524279249e-06,1.649556284137542e+00,-1.207137652368984e-03
3.285429524279249e-06,1.649556284153393e+00,-1.207138196872812e-03
3.287429524279249e-06,1.649556284133737e+00,-1.207137653525919e-03
3.289429524279250e-06,1.649556284149071e+00,-1.207138195689585e-03
3.291429524279250e-06,1.649556284129166e+00,-1.207137654682884e-03
3.293429524279250e-06,1.649556284144379e+00,-1.207138194546262e-03
3.295429524279250e-06,1.649556284125081e+00,-1.207137655853127e-03
3.297429524279250e-06,1.649556284141471e+00,-1.207138193362983e-03
3.299429524279250e-06,1.649556284123236e+00,-1.207137656970100e-03
3.301429524279250e-06,1.649556284140096e+00,-1.207138192219536e-03
3.303429524279251e-06,1.649556284122364e+00,-1.207137658113630e-03
3.305429524279251e-06,1.649556284139778e+00,-1.207138191102643e-03
3.307429524279251e-06,1.649556284122861e+00,-1.207137659283703e-03
3.309429524279251e-06,1.649556284140959e+00,-1.207138189972398e-03
3.311429524279251e-06,1.649556284124622e+00,-1.207137660413838e-03
3.313429524279251e-06,1.649556284142957e+00,-1.207138188842122e-03
3.315429524279252e-06,1.649556284126789e+00,-1.207137661543959e-03
3.317429524279252e-06,1.649556284145147e+00,-1.207138187725136e-03
3.319429524279252e-06,1.649556284129218e+00,-1.207137662700663e-03
3.321429524279252e-06,1.649556284147436e+00,-1.207138186581553e-03
3.323429524279252e-06,1.649556284130877e+00,-1.207137663830803e-03
3.325429524279252e-06,1.649556284148119e+00,-1.207138185464623e-03
3.327429524279252e-06,1.649556284130725e+00,-1.207137664894528e-03
3.329429524279253e-06,1.649556284146963e+00,-1.207138184294575e-03
3.331429524279253e-06,1.649556284128636e+00,-1.207137666051400e-03
3.333429524279253e-06,1.649556284143871e+00,-1.207138183217674e-03
3.335429524279253e-06,1.649556284124747e+00,-1.207137667141856e-03
3.337429524279253e-06,1.649556284139512e+00,-1.207138182074339e-03
3.339429524279253e-06,1.649556284120353e+00,-1.207137668258924e-03
3.341429524279253e-06,1.649556284135231e+00,-1.207138180970890e-03
3.343429524279254e-06,1.649556284116412e+00,-1.207137669336086e-03
3.345429524279254e-06,1.649556284131319e+00,-1.207138179854130e-03
3.347429524279254e-06,1.649556284112775e+00,-1.207137670466423e-03
3.349429524279254e-06,1.649556284128031e+00,-1.207138178777237e-03
3.351429524279254e-06,1.649556284110069e+00,-1.207137671556836e-03
3.353429524279254e-06,1.649556284126022e+00,-1.207138177673704e-03
3.355429524279255e-06,1.649556284109059e+00,-1.207137672633889e-03
3.357429524279255e-06,1.649556284126360e+00,-1.207138176596676e-03
3.359429524279255e-06,1.649556284111021e+00,-1.207137673777314e-03
3.361429524279255e-06,1.649556284129958e+00,-1.207138175506230e-03
3.363429524279255e-06,1.649556284116563e+00,-1.207137674867419e-03
3.365429524279255e-06,1.649556284137293e+00,-1.207138174455535e-03
3.367429524279255e-06,1.649556284125554e+00,-1.207137675983990e-03
3.369429524279256e-06,1.649556284147637e+00,-1.207138173378135e-03
3.371429524279256e-06,1.649556284136678e+00,-1.207137677047295e-03
3.373429524279256e-06,1.649556284158299e+00,-1.207138172327315e-03
3.375429524279256e-06,1.649556284146635e+00,-1.207137678110643e-03
3.377429524279256e-06,1.649556284167297e+00,-1.207138171236669e-03
3.379429524279256e-06,1.649556284154561e+00,-1.207137679160771e-03
3.381429524279256e-06,1.649556284173767e+00,-1.207138170172709e-03
3.383429524279257e-06,1.649556284159261e+00,-1.207137680211018e-03
3.385429524279257e-06,1.649556284176588e+00,-1.207138169082292e-03
3.387429524279257e-06,1.649556284160135e+00,-1.207137681274705e-03
3.389429524279257e-06,1.649556284175277e+00,-1.207138168005326e-03
3.391429524279257e-06,1.649556284156723e+00,-1.207137682311958e-03
3.393429524279257e-06,1.649556284169737e+00,-1.207138166941813e-03
3.395429524279258e-06,1.649556284150010e+00,-1.207137683362630e-03
3.397429524279258e-06,1.649556284162179e+00,-1.207138165878375e-03
3.399429524279258e-06,1.649556284141405e+00,-1.207137684373483e-03
3.401429524279258e-06,1.649556284152981e+00,-1.207138164814998e-03
3.403429524279258e-06,1.649556284132253e+00,-1.207137685450839e-03
3.405429524279258e-06,1.649556284143946e+00,-1.207138163791505e-03
3.407429524279258e-06,1.649556284123983e+00,-1.207137686474976e-03
3.409429524279259e-06,1.649556284136441e+00,-1.207138162741362e-03
3.411429524279259e-06,1.649556284117375e+00,-1.207137687499051e-03
3.413429524279259e-06,1.649556284130993e+00,-1.207138161704438e-03
3.415429524279259e-06,1.649556284113079e+00,-1.207137688536337e-03
3.417429524279259e-06,1.649556284127580e+00,-1.207138160680736e-03
3.419429524279259e-06,1.649556284110647e+00,-1.207137689600146e-03
3.421429524279259e-06,1.649556284126150e+00,-1.207138159643663e-03
3.423429524279260e-06,1.649556284110506e+00,-1.207137690650574e-03
3.425429524279260e-06,1.649556284127508e+00,-1.207138158619783e-03
3.427429524279260e-06,1.649556284113278e+00,-1.207137691687597e-03
3.429429524279260e-06,1.649556284130877e+00,-1.207138157609125e-03
3.431429524279260e-06,1.649556284116943e+00,-1.207137692684697e-03
3.433429524279260e-06,1.649556284134300e+00,-1.207138156611761e-03
3.435429524279261e-06,1.649556284119986e+00,-1.207137693681820e-03
3.437429524279261e-06,1.649556284137132e+00,-1.207138155587826e-03
3.439429524279261e-06,1.649556284122720e+00,-1.207137694732141e-03
3.441429524279261e-06,1.649556284139661e+00,-1.207138154590496e-03
3.443429524279261e-06,1.649556284125053e+00,-1.207137695715994e-03
3.445429524279261e-06,1.649556284141209e+00,-1.207138153566609e-03
3.447429524279261e-06,1.649556284125743e+00,-1.207137696713205e-03
3.449429524279262e-06,1.649556284141162e+00,-1.207138152582670e-03
3.451429524279262e-06,1.649556284125042e+00,-1.207137697710468e-03
3.453429524279262e-06,1.649556284139414e+00,-1.207138151558906e-03
3.455429524279262e-06,1.649556284122153e+00,-1.207137698707811e-03
3.457429524279262e-06,1.649556284135479e+00,-1.207138150548519e-03
3.459429524279262e-06,1.649556284117452e+00,-1.207137699691926e-03
3.461429524279262e-06,1.649556284129887e+00,-1.207138149564787e-03
3.463429524279263e-06,1.649556284111057e+00,-1.207137700662808e-03
3.465429524279263e-06,1.649556284122825e+00,-1.207138148567814e-03
3.467429524279263e-06,1.649556284104024e+00,-1.207137701647009e-03
3.469429524279263e-06,1.649556284116115e+00,-1.207138147557530e-03
3.471429524279263e-06,1.649556284098076e+00,-1.207137702644467e-03
3.473429524279263e-06,1.649556284111248e+00,-1.207138146587068e-03
3.475429524279264e-06,1.649556284094248e+00,-1.207137703615253e-03
3.477429524279264e-06,1.649556284108228e+00,-1.207138145589944e-03
3.479429524279264e-06,1.649556284092211e+00,-1.207137704599269e-03
3.481429524279264e-06,1.649556284107239e+00,-1.207138144632634e-03
3.483429524279264e-06,1.649556284092511e+00,-1.207137705583198e-03
3.485429524279264e-06,1.649556284108954e+00,-1.207138143675223e-03
3.487429524279264e-06,1.649556284095919e+00,-1.207137706567011e-03
3.489429524279265e-06,1.649556284113810e+00,-1.207138142730991e-03
3.491429524279265e-06,1.649556284101947e+00,-1.207137707550727e-03
3.493429524279265e-06,1.649556284120706e+00,-1.207138141786685e-03
3.495429524279265e-06,1.649556284109704e+00,-1.207137708494489e-03
3.497429524279265e-06,1.649556284129072e+00,-1.207138140829026e-03
3.499429524279265e-06,1.649556284118454e+00,-1.207137709478103e-03
3.501429524279265e-06,1.649556284137792e+00,-1.207138139897948e-03
3.503429524279266e-06,1.649556284127348e+00,-1.207137710435119e-03
3.505429524279266e-06,1.649556284146847e+00,-1.207138138966857e-03
3.507429524279266e-06,1.649556284136381e+00,-1.207137711392130e-03
3.509429524279266e-06,1.649556284155289e+00,-1.207138138009196e-03
3.511429524279266e-06,1.649556284143832e+00,-1.207137712349200e-03
3.513429524279266e-06,1.649556284161217e+00,-1.207138137051628e-03
3.515429524279267e-06,1.649556284148067e+00,-1.207137713293093e-03
3.517429524279267e-06,1.649556284163736e+00,-1.207138136107484e-03
3.519429524279267e-06,1.649556284149349e+00,-1.207137714210503e-03
3.521429524279267e-06,1.649556284164145e+00,-1.207138135150122e-03
3.523429524279267e-06,1.649556284149396e+00,-1.207137715154552e-03
3.525429524279267e-06,1.649556284163847e+00,-1.207138134219379e-03
3.527429524279267e-06,1.649556284148488e+00,-1.207137716058747e-03
3.529429524279268e-06,1.649556284162491e+00,-1.207138133262082e-03
3.531429524279268e-06,1.649556284147281e+00,-1.207137716976249e-03
3.533429524279268e-06,1.649556284161225e+00,-1.207138132331375e-03
3.535429524279268e-06,1.649556284145581e+00,-1.207137717920363e-03
3.537429524279268e-06,1.649556284159016e+00,-1.207138131400703e-03
3.539429524279268e-06,1.649556284143432e+00,-1.207137718824604e-03
3.541429524279268e-06,1.649556284157174e+00,-1.207138130496611e-03
3.543429524279269e-06,1.649556284142187e+00,-1.207137719781997e-03
3.545429524279269e-06,1.649556284156262e+00,-1.207138129579187e-03
3.547429524279269e-06,1.649556284141212e+00,-1.207137720672898e-03
3.549429524279269e-06,1.649556284154706e+00,-1.207138128648491e-03
3.551429524279269e-06,1.649556284139262e+00,-1.207137721590428e-03
3.553429524279269e-06,1.649556284152640e+00,-1.207138127757703e-03
3.555429524279270e-06,1.649556284137201e+00,-1.207137722481369e-03
3.557429524279270e-06,1.649556284150276e+00,-1.207138126840334e-03
3.559429524279270e-06,1.649556284134720e+00,-1.207137723398919e-03
3.561429524279270e-06,1.649556284148023e+00,-1.207138125909663e-03
3.563429524279270e-06,1.649556284132978e+00,-1.207137724329738e-03
3.565429524279270e-06,1.649556284146708e+00,-1.207138125032144e-03
3.567429524279270e-06,1.649556284132344e+00,-1.207137725207330e-03
3.569429524279271e-06,1.649556284146913e+00,-1.207138124141272e-03
3.571429524279271e-06,1.649556284133579e+00,-1.207137726151334e-03
3.573429524279271e-06,1.649556284149002e+00,-1.207138123250330e-03
3.575429524279271e-06,1.649556284136441e+00,-1.207137727028796e-03
3.577429524279271e-06,1.649556284152323e+00,-1.207138122346045e-03
3.579429524279271e-06,1.649556284140043e+00,-1.207137727919527e-03
3.581429524279272e-06,1.649556284156137e+00,-1.207138121468335e-03
3.583429524279272e-06,1.649556284143904e+00,-1.207137728796951e-03
3.585429524279272e-06,1.649556284159229e+00,-1.207138120603948e-03
3.587429524279272e-06,1.649556284145816e+00,-1.207137729714338e-03
3.589429524279272e-06,1.649556284159904e+00,-1.207138119673169e-03
3.591429524279272e-06,1.649556284145653e+00,-1.207137730565319e-03
3.593429524279272e-06,1.649556284159113e+00,-1.207138118795631e-03
3.595429524279273e-06,1.649556284144240e+00,-1.207137731456236e-03
3.597429524279273e-06,1.649556284157205e+00,-1.207138117891540e-03
3.599429524279273e-06,1.649556284142287e+00,-1.207137732293987e-03
3.601429524279273e-06,1.649556284155072e+00,-1.207138117027348e-03
3.603429524279273e-06,1.649556284139994e+00,-1.207137733171641e-03
3.605429524279273e-06,1.649556284152385e+00,-1.207138116163176e-03
3.607429524279273e-06,1.649556284136751e+00,-1.207137734049330e-03
3.609429524279274e-06,1.649556284148652e+00,-1.207138115272451e-03
3.611429524279274e-06,1.649556284132547e+00,-1.207137734873868e-03
3.613429524279274e-06,1.649556284143909e+00,-1.207138114395059e-03
3.615429524279274e-06,1.649556284127525e+00,-1.207137735778216e-03
3.617429524279274e-06,1.649556284138603e+00,-1.207138113557578e-03
3.619429524279274e-06,1.649556284122630e+00,-1.207137736642670e-03
3.621429524279275e-06,1.649556284134427e+00,-1.207138112653572e-03
3.623429524279275e-06,1.649556284119193e+00,-1.207137737493773e-03
3.625429524279275e-06,1.649556284131640e+00,-1.207138111842590e-03
3.627429524279275e-06,1.649556284117302e+00,-1.207137738371411e-03
3.629429524279275e-06,1.649556284130354e+00,-1.207138111004959e-03
3.631429524279275e-06,1.649556284116507e+00,-1.207137739222416e-03
3.633429524279275e-06,1.649556284130107e+00,-1.207138110140697e-03
3.635429524279276e-06,1.649556284116794e+00,-1.207137740086677e-03
3.637429524279276e-06,1.649556284130826e+00,-1.207138109302992e-03
3.639429524279276e-06,1.649556284118381e+00,-1.207137740964186e-03
3.641429524279276e-06,1.649556284133469e+00,-1.207138108478511e-03
3.643429524279276e-06,1.649556284121781e+00,-1.207137741788441e-03
3.645429524279276e-06,1.649556284136988e+00,-1.207138107627405e-03
3.647429524279276e-06,1.649556284125567e+00,-1.207137742625979e-03
3.649429524279277e-06,1.649556284140796e+00,-1.207138106789585e-03
3.651429524279277e-06,1.649556284128768e+00,-1.207137743450242e-03
3.653429524279277e-06,1.649556284143088e+00,-1.207138105978414e-03
3.655429524279277e-06,1.649556284130400e+00,-1.207137744301157e-03
3.657429524279277e-06,1.649556284143999e+00,-1.207138105100812e-03
3.659429524279277e-06,1.649556284130405e+00,-1.207137745112242e-03
3.661429524279278e-06,1.649556284142921e+00,-1.207138104303063e-03
3.663429524279278e-06,1.649556284128630e+00,-1.207137745949987e-03
3.665429524279278e-06,1.649556284140740e+00,-1.207138103452168e-03
3.667429524279278e-06,1.649556284126280e+00,-1.207137746761160e-03
3.669429524279278e-06,1.649556284138238e+00,-1.207138102641176e-03
3.671429524279278e-06,1.649556284123980e+00,-1.207137747598924e-03
3.673429524279278e-06,1.649556284136143e+00,-1.207138101790279e-03
3.675429524279279e-06,1.649556284122004e+00,-1.207137748410084e-03
3.677429524279279e-06,1.649556284134188e+00,-1.207138100992562e-03
3.679429524279279e-06,1.649556284120155e+00,-1.207137749221238e-03
3.681429524279279e-06,1.649556284132454e+00,-1.207138100168245e-03
3.683429524279279e-06,1.649556284118828e+00,-1.207137750032373e-03
3.685429524279279e-06,1.649556284131626e+00,-1.207138099330597e-03
3.687429524279279e-06,1.649556284119019e+00,-1.207137750870045e-03
3.689429524279280e-06,1.649556284133295e+00,-1.207138098559338e-03
3.691429524279280e-06,1.649556284122333e+00,-1.207137751694303e-03
3.693429524279280e-06,1.649556284138058e+00,-1.207138097774669e-03
3.695429524279280e-06,1.649556284128427e+00,-1.207137752518459e-03
3.697429524279280e-06,1.649556284145103e+00,-1.207138096989914e-03
3.699429524279280e-06,1.649556284135909e+00,-1.207137753302673e-03
3.701429524279281e-06,1.649556284152101e+00,-1.207138096205161e-03
3.703429524279281e-06,1.649556284142020e+00,-1.207137754100235e-03
3.705429524279281e-06,1.649556284157255e+00,-1.207138095367290e-03
3.707429524279281e-06,1.649556284146416e+00,-1.207137754897861e-03
3.709429524279281e-06,1.649556284160637e+00,-1.207138094556079e-03
3.711429524279281e-06,1.649556284148721e+00,-1.207137755695564e-03
3.713429524279281e-06,1.649556284161733e+00,-1.207138093798138e-03
3.715429524279282e-06,1.649556284148455e+00,-1.207137756466770e-03
3.717429524279282e-06,1.649556284159938e+00,-1.207138092947230e-03
3.719429524279282e-06,1.649556284145589e+00,-1.207137757251370e-03
3.721429524279282e-06,1.649556284156452e+00,-1.207138092176164e-03
3.723429524279282e-06,1.649556284141690e+00,-1.207137758036007e-03
3.725429524279282e-06,1.649556284152151e+00,-1.207138091365238e-03
3.727429524279282e-06,1.649556284137494e+00,-1.207137758820656e-03
3.729429524279283e-06,1.649556284148364e+00,-1.207138090594183e-03
3.731429524279283e-06,1.649556284133886e+00,-1.207137759578690e-03
3.733429524279283e-06,1.649556284144532e+00,-1.207138089809832e-03
3.735429524279283e-06,1.649556284130282e+00,-1.207137760336724e-03
3.737429524279283e-06,1.649556284141315e+00,-1.207138089012163e-03
3.739429524279283e-06,1.649556284127566e+00,-1.207137761147911e-03
3.741429524279284e-06,1.649556284139296e+00,-1.207138088267635e-03
3.743429524279284e-06,1.649556284126392e+00,-1.207137761905854e-03
3.745429524279284e-06,1.649556284138832e+00,-1.207138087523049e-03
3.747429524279284e-06,1.649556284126950e+00,-1.207137762703623e-03
3.749429524279284e-06,1.649556284140501e+00,-1.207138086765087e-03
3.751429524279284e-06,1.649556284129483e+00,-1.207137763474724e-03
3.753429524279284e-06,1.649556284143471e+00,-1.207138086007077e-03
3.755429524279285e-06,1.649556284132808e+00,-1.207137764232501e-03
3.757429524279285e-06,1.649556284146714e+00,-1.207138085249056e-03
3.759429524279285e-06,1.649556284135553e+00,-1.207137764977002e-03
3.761429524279285e-06,1.649556284148741e+00,-1.207138084491081e-03
3.763429524279285e-06,1.649556284137036e+00,-1.207137765734846e-03
3.765429524279285e-06,1.649556284149502e+00,-1.207138083706560e-03
3.767429524279285e-06,1.649556284137010e+00,-1.207137766466154e-03
3.769429524279286e-06,1.649556284148556e+00,-1.207138082948696e-03
3.771429524279286e-06,1.649556284135002e+00,-1.207137767237425e-03
3.773429524279286e-06,1.649556284145543e+00,-1.207138082164315e-03
3.775429524279286e-06,1.649556284131384e+00,-1.207137767955570e-03
3.777429524279286e-06,1.649556284141656e+00,-1.207138081459746e-03
3.779429524279286e-06,1.649556284127734e+00,-1.207137768713605e-03
3.781429524279287e-06,1.649556284138303e+00,-1.207138080688674e-03
3.783429524279287e-06,1.649556284124894e+00,-1.207137769445018e-03
3.785429524279287e-06,1.649556284135979e+00,-1.207138079944158e-03
3.787429524279287e-06,1.649556284123290e+00,-1.207137770163088e-03
3.789429524279287e-06,1.649556284135299e+00,-1.207138079212876e-03
3.791429524279287e-06,1.649556284123615e+00,-1.207137770920975e-03
3.793429524279287e-06,1.649556284136638e+00,-1.207138078494816e-03
3.795429524279288e-06,1.649556284125899e+00,-1.207137771705383e-03
3.797429524279288e-06,1.649556284139476e+00,-1.207138077763404e-03
3.799429524279288e-06,1.649556284129486e+00,-1.207137772436556e-03
3.801429524279288e-06,1.649556284143738e+00,-1.207138077018642e-03
3.803429524279288e-06,1.649556284134267e+00,-1.207137773167685e-03
3.805429524279288e-06,1.649556284148515e+00,-1.207138076300454e-03
3.807429524279288e-06,1.649556284138748e+00,-1.207137773925418e-03
3.809429524279289e-06,1.649556284152548e+00,-1.207138075582294e-03
3.811429524279289e-06,1.649556284142102e+00,-1.207137774603414e-03
3.813429524279289e-06,1.649556284154913e+00,-1.207138074811010e-03
3.815429524279289e-06,1.649556284143433e+00,-1.207137775334672e-03
3.817429524279289e-06,1.649556284154971e+00,-1.207138074092997e-03
3.819429524279289e-06,1.649556284142067e+00,-1.207137776066029e-03
3.821429524279289e-06,1.649556284152084e+00,-1.207138073375094e-03
3.823429524279289e-06,1.649556284138098e+00,-1.207137776770891e-03
3.825429524279289e-06,1.649556284147339e+00,-1.207138072643964e-03
3.827429524279290e-06,1.649556284132730e+00,-1.207137777475804e-03
3.829429524279290e-06,1.649556284141266e+00,-1.207138071912883e-03
3.831429524279290e-06,1.649556284126115e+00,-1.207137778180764e-03
3.833429524279290e-06,1.649556284134379e+00,-1.207138071181833e-03
3.835429524279290e-06,1.649556284119503e+00,-1.207137778899020e-03
3.837429524279290e-06,1.649556284128176e+00,-1.207138070477350e-03
3.839429524279290e-06,1.649556284113812e+00,-1.207137779617242e-03
3.841429524279291e-06,1.649556284122906e+00,-1.207138069772832e-03
3.843429524279291e-06,1.649556284108944e+00,-1.207137780322137e-03
3.845429524279291e-06,1.649556284118184e+00,-1.207138069108183e-03
3.847429524279291e-06,1.649556284104210e+00,-1.207137781013730e-03
3.849429524279291e-06,1.649556284113398e+00,-1.207138068363758e-03
3.851429524279291e-06,1.649556284099695e+00,-1.207137781705316e-03
3.853429524279292e-06,1.649556284109135e+00,-1.207138067645906e-03
3.855429524279292e-06,1.649556284095759e+00,-1.207137782410176e-03
3.857429524279292e-06,1.649556284105501e+00,-1.207138066981217e-03
3.859429524279292e-06,1.649556284092569e+00,-1.207137783128305e-03
3.861429524279292e-06,1.649556284103163e+00,-1.207138066263294e-03
3.863429524279292e-06,1.649556284091538e+00,-1.207137783833057e-03
3.865429524279292e-06,1.649556284103380e+00,-1.207138065558572e-03
3.867429524279293e-06,1.649556284092796e+00,-1.207137784511131e-03
3.869429524279293e-06,1.649556284105168e+00,-1.207138064906978e-03
3.871429524279293e-06,1.649556284095120e+00,-1.207137785215758e-03
3.873429524279293e-06,1.649556284108233e+00,-1.207138064228743e-03
3.875429524279293e-06,1.649556284098797e+00,-1.207137785933632e-03
3.877429524279293e-06,1.649556284111973e+00,-1.207138063550483e-03
3.879429524279293e-06,1.649556284102549e+00,-1.207137786571724e-03
3.881429524279294e-06,1.649556284115539e+00,-1.207138062858933e-03
3.883429524279294e-06,1.649556284105722e+00,-1.207137787276319e-03
3.885429524279294e-06,1.649556284118153e+00,-1.207138062194011e-03
3.887429524279294e-06,1.649556284107775e+00,-1.207137787954363e-03
3.889429524279294e-06,1.649556284119569e+00,-1.207138061502541e-03
3.891429524279294e-06,1.649556284108710e+00,-1.207137788619153e-03
3.893429524279295e-06,1.649556284120283e+00,-1.207138060837690e-03
3.895429524279295e-06,1.649556284109552e+00,-1.207137789310539e-03
3.897429524279295e-06,1.649556284120993e+00,-1.207138060146247e-03
3.899429524279295e-06,1.649556284109693e+00,-1.207137789988655e-03
3.901429524279295e-06,1.649556284120291e+00,-1.207138059481448e-03
3.903429524279295e-06,1.649556284108725e+00,-1.207137790653515e-03
3.905429524279295e-06,1.649556284119394e+00,-1.207138058803361e-03
3.907429524279296e-06,1.649556284107855e+00,-1.207137791331668e-03
3.909429524279296e-06,1.649556284118662e+00,-1.207138058125267e-03
3.911429524279296e-06,1.649556284107515e+00,-1.207137792009802e-03
3.913429524279296e-06,1.649556284118522e+00,-1.207138057460448e-03
3.915429524279296e-06,1.649556284107612e+00,-1.207137792674622e-03
3.917429524279296e-06,1.649556284118656e+00,-1.207138056795619e-03
3.919429524279296e-06,1.649556284107820e+00,-1.207137793352735e-03
3.921429524279297e-06,1.649556284119173e+00,-1.207138056170665e-03
3.923429524279297e-06,1.649556284108762e+00,-1.207137794030821e-03
3.925429524279297e-06,1.649556284120304e+00,-1.207138055519095e-03
3.927429524279297e-06,1.649556284110089e+00,-1.207137794655707e-03
3.929429524279297e-06,1.649556284121767e+00,-1.207138054840920e-03
3.931429524279297e-06,1.649556284111812e+00,-1.207137795307170e-03
3.933429524279298e-06,1.649556284123492e+00,-1.207138054189328e-03
3.935429524279298e-06,1.649556284113358e+00,-1.207137795958641e-03
3.937429524279298e-06,1.649556284124731e+00,-1.207138053537754e-03
3.939429524279298e-06,1.649556284114261e+00,-1.207137796623432e-03
3.941429524279298e-06,1.649556284125366e+00,-1.207138052886202e-03
3.943429524279298e-06,1.649556284114700e+00,-1.207137797261647e-03
3.945429524279298e-06,1.649556284125271e+00,-1.207138052234678e-03
3.947429524279299e-06,1.649556284114069e+00,-1.207137797899901e-03
3.949429524279299e-06,1.649556284124064e+00,-1.207138051556602e-03
3.951429524279299e-06,1.649556284112407e+00,-1.207137798511602e-03
3.953429524279299e-06,1.649556284122065e+00,-1.207138050931742e-03
3.955429524279299e-06,1.649556284110189e+00,-1.207137799163212e-03
3.957429524279299e-06,1.649556284119522e+00,-1.207138050293605e-03
3.959429524279299e-06,1.649556284107353e+00,-1.207137799801549e-03
3.961429524279300e-06,1.649556284116410e+00,-1.207138049642193e-03
3.963429524279300e-06,1.649556284104035e+00,-1.207137800439903e-03
3.965429524279300e-06,1.649556284112667e+00,-1.207138048990804e-03
3.967429524279300e-06,1.649556284099935e+00,-1.207137801078288e-03
3.969429524279300e-06,1.649556284108240e+00,-1.207138048366034e-03
3.971429524279300e-06,1.649556284095361e+00,-1.207137801729986e-03
3.973429524279301e-06,1.649556284103693e+00,-1.207138047714675e-03
3.975429524279301e-06,1.649556284091154e+00,-1.207137802341780e-03
3.977429524279301e-06,1.649556284100008e+00,-1.207138047116470e-03
3.979429524279301e-06,1.649556284088083e+00,-1.207137802966829e-03
3.981429524279301e-06,1.649556284097543e+00,-1.207138046504924e-03
3.983429524279301e-06,1.649556284086462e+00,-1.207137803591825e-03
3.985429524279301e-06,1.649556284096736e+00,-1.207138045853426e-03
3.987429524279302e-06,1.649556284086363e+00,-1.207137804216763e-03
3.989429524279302e-06,1.649556284097052e+00,-1.207138045241776e-03
3.991429524279302e-06,1.649556284087225e+00,-1.207137804841666e-03
3.993429524279302e-06,1.649556284098683e+00,-1.207138044630077e-03
3.995429524279302e-06,1.649556284089648e+00,-1.207137805466511e-03
3.997429524279302e-06,1.649556284101515e+00,-1.207138044031630e-03
3.999429524279302e-06,1.649556284092649e+00,-1.207137806078037e-03
4.001429524279303e-06,1.649556284104228e+00,-1.207138043406594e-03
4.003429524279303e-06,1.649556284094979e+00,-1.207137806702886e-03
4.005429524279303e-06,1.649556284106195e+00,-1.207138042794882e-03
4.007429524279303e-06,1.649556284096786e+00,-1.207137807367643e-03
4.009429524279303e-06,1.649556284107793e+00,-1.207138042169888e-03
4.011429524279303e-06,1.649556284097932e+00,-1.207137807939349e-03
4.013429524279304e-06,1.649556284108416e+00,-1.207138041544930e-03
4.015429524279304e-06,1.649556284098497e+00,-1.207137808550966e-03
4.017429524279304e-06,1.649556284108945e+00,-1.207138040946568e-03
4.019429524279304e-06,1.649556284098804e+00,-1.207137809149297e-03
4.021429524279304e-06,1.649556284109138e+00,-1.207138040374812e-03
4.023429524279304e-06,1.649556284099249e+00,-1.207137809747622e-03
4.025429524279304e-06,1.649556284109566e+00,-1.207138039749862e-03
4.027429524279305e-06,1.649556284099201e+00,-1.207137810345966e-03
4.029429524279305e-06,1.649556284108654e+00,-1.207138039151553e-03
4.031429524279305e-06,1.649556284097351e+00,-1.207137810917783e-03
4.033429524279305e-06,1.649556284106041e+00,-1.207138038540012e-03
4.035429524279305e-06,1.649556284094648e+00,-1.207137811516226e-03
4.037429524279305e-06,1.649556284103550e+00,-1.207138037928467e-03
4.039429524279305e-06,1.649556284092487e+00,-1.207137812127945e-03
4.041429524279306e-06,1.649556284101824e+00,-1.207138037330189e-03
4.043429524279306e-06,1.649556284091421e+00,-1.207137812726326e-03
4.045429524279306e-06,1.649556284101482e+00,-1.207138036731860e-03
4.047429524279306e-06,1.649556284091964e+00,-1.207137813337944e-03
4.049429524279306e-06,1.649556284102761e+00,-1.207138036133470e-03
4.051429524279306e-06,1.649556284093743e+00,-1.207137813936220e-03
4.053429524279307e-06,1.649556284104657e+00,-1.207138035574947e-03
4.055429524279307e-06,1.649556284095682e+00,-1.207137814507897e-03
4.057429524279307e-06,1.649556284106545e+00,-1.207138034989832e-03
4.059429524279307e-06,1.649556284097748e+00,-1.207137815106162e-03
4.061429524279307e-06,1.649556284108598e+00,-1.207138034391413e-03
4.063429524279307e-06,1.649556284099206e+00,-1.207137815704450e-03
4.065429524279307e-06,1.649556284109398e+00,-1.207138033806338e-03
4.067429524279308e-06,1.649556284099800e+00,-1.207137816262880e-03
4.069429524279308e-06,1.649556284109849e+00,-1.207138033234573e-03
4.071429524279308e-06,1.649556284100112e+00,-1.207137816874507e-03
4.073429524279308e-06,1.649556284109625e+00,-1.207138032662832e-03
4.075429524279308e-06,1.649556284099065e+00,-1.207137817419702e-03
4.077429524279308e-06,1.649556284107712e+00,-1.207138032091154e-03
4.079429524279308e-06,1.649556284096484e+00,-1.207137818018140e-03
4.081429524279309e-06,1.649556284104736e+00,-1.207138031519516e-03
4.083429524279309e-06,1.649556284093527e+00,-1.207137818576702e-03
4.085429524279309e-06,1.649556284101947e+00,-1.207138030934574e-03
4.087429524279309e-06,1.649556284091047e+00,-1.207137819148543e-03
4.089429524279309e-06,1.649556284099965e+00,-1.207138030376196e-03
4.091429524279309e-06,1.649556284090084e+00,-1.207137819720328e-03
4.093429524279310e-06,1.649556284099691e+00,-1.207138029777864e-03
4.095429524279310e-06,1.649556284090361e+00,-1.207137820292067e-03
4.097429524279310e-06,1.649556284100758e+00,-1.207138029245965e-03
4.099429524279310e-06,1.649556284091753e+00,-1.207137820877060e-03
4.101429524279310e-06,1.649556284102001e+00,-1.207138028674170e-03
4.103429524279310e-06,1.649556284093002e+00,-1.207137821435466e-03
4.105429524279310e-06,1.649556284103144e+00,-1.207138028089082e-03
4.107429524279311e-06,1.649556284094118e+00,-1.207137822007174e-03
4.109429524279311e-06,1.649556284104184e+00,-1.207138027557184e-03
4.111429524279311e-06,1.649556284095311e+00,-1.207137822592175e-03
4.113429524279311e-06,1.649556284105750e+00,-1.207138026998673e-03
4.115429524279311e-06,1.649556284097531e+00,-1.207137823123951e-03
4.117429524279311e-06,1.649556284108656e+00,-1.207138026426816e-03
4.119429524279311e-06,1.649556284100964e+00,-1.207137823668980e-03
4.121429524279312e-06,1.649556284112394e+00,-1.207138025868224e-03
4.123429524279312e-06,1.649556284104971e+00,-1.207137824240579e-03
4.125429524279312e-06,1.649556284116551e+00,-1.207138025322914e-03
4.127429524279312e-06,1.649556284109307e+00,-1.207137824812167e-03
4.129429524279312e-06,1.649556284121125e+00,-1.207138024777588e-03
4.131429524279312e-06,1.649556284114165e+00,-1.207137825383735e-03
4.133429524279313e-06,1.649556284125879e+00,-1.207138024232255e-03
4.135429524279313e-06,1.649556284118525e+00,-1.207137825915433e-03
4.137429524279313e-06,1.649556284129635e+00,-1.207138023700256e-03
4.139429524279313e-06,1.649556284121650e+00,-1.207137826460472e-03
4.141429524279313e-06,1.649556284131972e+00,-1.207138023141716e-03
4.143429524279313e-06,1.649556284123346e+00,-1.207137826992269e-03
4.145429524279313e-06,1.649556284133061e+00,-1.207138022609816e-03
4.147429524279314e-06,1.649556284123809e+00,-1.207137827537408e-03
4.149429524279314e-06,1.649556284132813e+00,-1.207138022038077e-03
4.151429524279314e-06,1.649556284122883e+00,-1.207137828082598e-03
4.153429524279314e-06,1.649556284131400e+00,-1.207138021519566e-03
4.155429524279314e-06,1.649556284121349e+00,-1.207137828627811e-03
4.157429524279314e-06,1.649556284129646e+00,-1.207138020974476e-03
4.159429524279315e-06,1.649556284119187e+00,-1.207137829146454e-03
4.161429524279315e-06,1.649556284126995e+00,-1.207138020389529e-03
4.163429524279315e-06,1.649556284116094e+00,-1.207137829691725e-03
4.165429524279315e-06,1.649556284123508e+00,-1.207138019871096e-03
4.167429524279315e-06,1.649556284112520e+00,-1.207137830210421e-03
4.169429524279315e-06,1.649556284119846e+00,-1.207138019299483e-03
4.171429524279315e-06,1.649556284109142e+00,-1.207137830768999e-03
4.173429524279316e-06,1.649556284117143e+00,-1.207138018807613e-03
4.175429524279316e-06,1.649556284107246e+00,-1.207137831300929e-03
4.177429524279316e-06,1.649556284115927e+00,-1.207138018302392e-03
4.179429524279316e-06,1.649556284106633e+00,-1.207137831832811e-03
4.181429524279316e-06,1.649556284115772e+00,-1.207138017783835e-03
4.183429524279316e-06,1.649556284106928e+00,-1.207137832338067e-03
4.185429524279316e-06,1.649556284116386e+00,-1.207138017225360e-03
4.187429524279317e-06,1.649556284107903e+00,-1.207137832896483e-03
4.189429524279317e-06,1.649556284117688e+00,-1.207138016706748e-03
4.191429524279317e-06,1.649556284109436e+00,-1.207137833441582e-03
4.193429524279317e-06,1.649556284119084e+00,-1.207138016188133e-03
4.195429524279317e-06,1.649556284111049e+00,-1.207137833973382e-03
4.197429524279317e-06,1.649556284121616e+00,-1.207138015669476e-03
4.199429524279318e-06,1.649556284114537e+00,-1.207137834478518e-03
4.201429524279318e-06,1.649556284125489e+00,-1.207138015150769e-03
4.203429524279318e-06,1.649556284118650e+00,-1.207137834996928e-03
4.205429524279318e-06,1.649556284129554e+00,-1.207138014632055e-03
4.207429524279318e-06,1.649556284122318e+00,-1.207137835475465e-03
4.209429524279318e-06,1.649556284132502e+00,-1.207138014100086e-03
4.211429524279318e-06,1.649556284124373e+00,-1.207137836020545e-03
4.213429524279319e-06,1.649556284133725e+00,-1.207138013568181e-03
4.215429524279319e-06,1.649556284125077e+00,-1.207137836512489e-03
4.217429524279319e-06,1.649556284133919e+00,-1.207138013062907e-03
4.219429524279319e-06,1.649556284124888e+00,-1.207137837004466e-03
4.221429524279319e-06,1.649556284133396e+00,-1.207138012517771e-03
4.223429524279319e-06,1.649556284123748e+00,-1.207137837562961e-03
4.225429524279319e-06,1.649556284131131e+00,-1.207138011999292e-03
4.227429524279320e-06,1.649556284120503e+00,-1.207137838055051e-03
4.229429524279320e-06,1.649556284127408e+00,-1.207138011494164e-03
4.231429524279320e-06,1.649556284116802e+00,-1.207137838547159e-03
4.233429524279320e-06,1.649556284123850e+00,-1.207138011002326e-03
4.235429524279320e-06,1.649556284113624e+00,-1.207137839039247e-03
4.237429524279320e-06,1.649556284120808e+00,-1.207138010470580e-03
4.239429524279321e-06,1.649556284110470e+00,-1.207137839557927e-03
4.241429524279321e-06,1.649556284117460e+00,-1.207138009965438e-03
4.243429524279321e-06,1.649556284106925e+00,-1.207137840063326e-03
4.245429524279321e-06,1.649556284113492e+00,-1.207138009460319e-03
4.247429524279321e-06,1.649556284102568e+00,-1.207137840515568e-03
4.249429524279321e-06,1.649556284108926e+00,-1.207138008968519e-03
4.251429524279321e-06,1.649556284098125e+00,-1.207137841047593e-03
4.253429524279322e-06,1.649556284105124e+00,-1.207138008489987e-03
4.255429524279322e-06,1.649556284095350e+00,-1.207137841552963e-03
4.257429524279322e-06,1.649556284103065e+00,-1.207138007998094e-03
4.259429524279322e-06,1.649556284094014e+00,-1.207137842044982e-03
4.261429524279322e-06,1.649556284102879e+00,-1.207138007506130e-03
4.263429524279322e-06,1.649556284095014e+00,-1.207137842563508e-03
4.265429524279322e-06,1.649556284104768e+00,-1.207138007027387e-03
4.267429524279323e-06,1.649556284097663e+00,-1.207137843081973e-03
4.269429524279323e-06,1.649556284107575e+00,-1.207138006522016e-03
4.271429524279323e-06,1.649556284100336e+00,-1.207137843547250e-03
4.273429524279323e-06,1.649556284109941e+00,-1.207138006029958e-03
4.275429524279323e-06,1.649556284102254e+00,-1.207137844025853e-03
4.277429524279323e-06,1.649556284111233e+00,-1.207138005564533e-03
4.279429524279324e-06,1.649556284102943e+00,-1.207137844504500e-03
4.281429524279324e-06,1.649556284111277e+00,-1.207138005045968e-03
4.283429524279324e-06,1.649556284102472e+00,-1.207137844996488e-03
4.285429524279324e-06,1.649556284110520e+00,-1.207138004540730e-03
4.287429524279324e-06,1.649556284101753e+00,-1.207137845461892e-03
4.289429524279324e-06,1.649556284109757e+00,-1.207138004101974e-03
4.291429524279324e-06,1.649556284101073e+00,-1.207137845953887e-03
4.293429524279325e-06,1.649556284109351e+00,-1.207138003610019e-03
4.295429524279325e-06,1.649556284100878e+00,-1.207137846459161e-03
4.297429524279325e-06,1.649556284109231e+00,-1.207138003118054e-03
4.299429524279325e-06,1.649556284100798e+00,-1.207137846924541e-03
4.301429524279325e-06,1.649556284109108e+00,-1.207138002665978e-03
4.303429524279325e-06,1.649556284100958e+00,-1.207137847389912e-03
4.305429524279325e-06,1.649556284109625e+00,-1.207138002227174e-03
4.307429524279326e-06,1.649556284101725e+00,-1.207137847868557e-03
4.309429524279326e-06,1.649556284110574e+00,-1.207138001721873e-03
4.311429524279326e-06,1.649556284103098e+00,-1.207137848360476e-03
4.313429524279326e-06,1.649556284112310e+00,-1.207138001229838e-03
4.315429524279326e-06,1.649556284104949e+00,-1.207137848812487e-03
4.317429524279326e-06,1.649556284113864e+00,-1.207138000751107e-03
4.319429524279327e-06,1.649556284106070e+00,-1.207137849277823e-03
4.321429524279327e-06,1.649556284114646e+00,-1.207138000298997e-03
4.323429524279327e-06,1.649556284106666e+00,-1.207137849769771e-03
4.325429524279327e-06,1.649556284115027e+00,-1.207137999846903e-03
4.327429524279327e-06,1.649556284106995e+00,-1.207137850208542e-03
4.329429524279327e-06,1.649556284115284e+00,-1.207137999368220e-03
4.331429524279327e-06,1.649556284107138e+00,-1.207137850673914e-03
4.333429524279328e-06,1.649556284115379e+00,-1.207137998902839e-03
4.335429524279328e-06,1.649556284107391e+00,-1.207137851139282e-03
4.337429524279328e-06,1.649556284115822e+00,-1.207137998477335e-03
4.339429524279328e-06,1.649556284108055e+00,-1.207137851578041e-03
4.341429524279328e-06,1.649556284116426e+00,-1.207137998011935e-03
4.343429524279328e-06,1.649556284108391e+00,-1.207137852056702e-03
4.345429524279328e-06,1.649556284116276e+00,-1.207137997519971e-03
4.347429524279329e-06,1.649556284107541e+00,-1.207137852495518e-03
4.349429524279329e-06,1.649556284114695e+00,-1.207137997067949e-03
4.351429524279329e-06,1.649556284105308e+00,-1.207137852960978e-03
4.353429524279329e-06,1.649556284111850e+00,-1.207137996602678e-03
4.355429524279329e-06,1.649556284102450e+00,-1.207137853399868e-03
4.357429524279329e-06,1.649556284109074e+00,-1.207137996124108e-03
4.359429524279330e-06,1.649556284099387e+00,-1.207137853878656e-03
4.361429524279330e-06,1.649556284105489e+00,-1.207137995658864e-03
4.363429524279330e-06,1.649556284095511e+00,-1.207137854344177e-03
4.365429524279330e-06,1.649556284101354e+00,-1.207137995233530e-03
4.367429524279330e-06,1.649556284091172e+00,-1.207137854756529e-03
4.369429524279330e-06,1.649556284096895e+00,-1.207137994755023e-03
4.371429524279330e-06,1.649556284086751e+00,-1.207137855195478e-03
4.373429524279331e-06,1.649556284092509e+00,-1.207137994316402e-03
4.375429524279331e-06,1.649556284082657e+00,-1.207137855674304e-03
4.377429524279331e-06,1.649556284088850e+00,-1.207137993904347e-03
4.379429524279331e-06,1.649556284079595e+00,-1.207137856139795e-03
4.381429524279331e-06,1.649556284086499e+00,-1.207137993439057e-03
4.383429524279331e-06,1.649556284077922e+00,-1.207137856578641e-03
4.385429524279331e-06,1.649556284085368e+00,-1.207137993013612e-03
4.387429524279332e-06,1.649556284077242e+00,-1.207137857004154e-03
4.389429524279332e-06,1.649556284084928e+00,-1.207137992588140e-03
4.391429524279332e-06,1.649556284077036e+00,-1.207137857469538e-03
4.393429524279332e-06,1.649556284084840e+00,-1.207137992149360e-03
4.395429524279332e-06,1.649556284077001e+00,-1.207137857881731e-03
4.397429524279332e-06,1.649556284084795e+00,-1.207137991710577e-03
4.399429524279333e-06,1.649556284076967e+00,-1.207137858320516e-03
4.401429524279333e-06,1.649556284084685e+00,-1.207137991245204e-03
4.403429524279333e-06,1.649556284076700e+00,-1.207137858772607e-03
4.405429524279333e-06,1.649556284084033e+00,-1.207137990806445e-03
4.407429524279333e-06,1.649556284075841e+00,-1.207137859224719e-03
4.409429524279333e-06,1.649556284083535e+00,-1.207137990380976e-03
4.411429524279333e-06,1.649556284076090e+00,-1.207137859650197e-03
4.413429524279334e-06,1.649556284084365e+00,-1.207137989955457e-03
4.415429524279334e-06,1.649556284077508e+00,-1.207137860102225e-03
4.417429524279334e-06,1.649556284086193e+00,-1.207137989543198e-03
4.419429524279334e-06,1.649556284079476e+00,-1.207137860554233e-03
4.421429524279334e-06,1.649556284088197e+00,-1.207137989091043e-03
4.423429524279334e-06,1.649556284081780e+00,-1.207137860992931e-03
4.425429524279334e-06,1.649556284091071e+00,-1.207137988665448e-03
4.427429524279335e-06,1.649556284085508e+00,-1.207137861431576e-03
4.429429524279335e-06,1.649556284095355e+00,-1.207137988279691e-03
4.431429524279335e-06,1.649556284089945e+00,-1.207137861817009e-03
4.433429524279335e-06,1.649556284099505e+00,-1.207137987800863e-03
4.435429524279335e-06,1.649556284093578e+00,-1.207137862255658e-03
4.437429524279335e-06,1.649556284102685e+00,-1.207137987361961e-03
4.439429524279336e-06,1.649556284096355e+00,-1.207137862681042e-03
4.441429524279336e-06,1.649556284104982e+00,-1.207137986962981e-03
4.443429524279336e-06,1.649556284098385e+00,-1.207137863093158e-03
4.445429524279336e-06,1.649556284106703e+00,-1.207137986550726e-03
4.447429524279336e-06,1.649556284099599e+00,-1.207137863518600e-03
4.449429524279336e-06,1.649556284107224e+00,-1.207137986138515e-03
4.451429524279336e-06,1.649556284099522e+00,-1.207137863957387e-03
4.453429524279337e-06,1.649556284106527e+00,-1.207137985686460e-03
4.455429524279337e-06,1.649556284098357e+00,-1.207137864356325e-03
4.457429524279337e-06,1.649556284105005e+00,-1.207137985234437e-03
4.459429524279337e-06,1.649556284096594e+00,-1.207137864768582e-03
4.461429524279337e-06,1.649556284103096e+00,-1.207137984848910e-03
4.463429524279337e-06,1.649556284094758e+00,-1.207137865180841e-03
4.465429524279337e-06,1.649556284101383e+00,-1.207137984436782e-03
4.467429524279338e-06,1.649556284093090e+00,-1.207137865606391e-03
4.469429524279338e-06,1.649556284099548e+00,-1.207137983984770e-03
4.471429524279338e-06,1.649556284091172e+00,-1.207137866031950e-03
4.473429524279338e-06,1.649556284097450e+00,-1.207137983585953e-03
4.475429524279338e-06,1.649556284088671e+00,-1.207137866470827e-03
4.477429524279338e-06,1.649556284094582e+00,-1.207137983173869e-03
4.479429524279339e-06,1.649556284085868e+00,-1.207137866869826e-03
4.481429524279339e-06,1.649556284091996e+00,-1.207137982761774e-03
4.483429524279339e-06,1.649556284083654e+00,-1.207137867282099e-03
4.485429524279339e-06,1.649556284090506e+00,-1.207137982376231e-03
4.487429524279339e-06,1.649556284083163e+00,-1.207137867694309e-03
4.489429524279339e-06,1.649556284090778e+00,-1.207137981964030e-03
4.491429524279339e-06,1.649556284083933e+00,-1.207137868106471e-03
4.493429524279340e-06,1.649556284091851e+00,-1.207137981551799e-03
4.495429524279340e-06,1.649556284085473e+00,-1.207137868505308e-03
4.497429524279340e-06,1.649556284093889e+00,-1.207137981166125e-03
4.499429524279340e-06,1.649556284088015e+00,-1.207137868904108e-03
4.501429524279340e-06,1.649556284097143e+00,-1.207137980767110e-03
4.503429524279340e-06,1.649556284092075e+00,-1.207137869302852e-03
4.505429524279340e-06,1.649556284101659e+00,-1.207137980368047e-03
4.507429524279341e-06,1.649556284096659e+00,-1.207137869714872e-03
4.509429524279341e-06,1.649556284106017e+00,-1.207137979982287e-03
4.511429524279341e-06,1.649556284100873e+00,-1.207137870100314e-03
4.513429524279341e-06,1.649556284109999e+00,-1.207137979609837e-03
4.515429524279341e-06,1.649556284104596e+00,-1.207137870512366e-03
4.517429524279341e-06,1.649556284113183e+00,-1.207137979197528e-03
4.519429524279342e-06,1.649556284106908e+00,-1.207137870911175e-03
4.521429524279342e-06,1.649556284114547e+00,-1.207137978798582e-03
4.523429524279342e-06,1.649556284107616e+00,-1.207137871283450e-03
4.525429524279342e-06,1.649556284114773e+00,-1.207137978399679e-03
4.527429524279342e-06,1.649556284107609e+00,-1.207137871708938e-03
4.529429524279342e-06,1.649556284114629e+00,-1.207137978000790e-03
4.531429524279342e-06,1.649556284107238e+00,-1.207137872094550e-03
4.533429524279343e-06,1.649556284113961e+00,-1.207137977575327e-03
4.535429524279343e-06,1.649556284106300e+00,-1.207137872480183e-03
4.537429524279343e-06,1.649556284112781e+00,-1.207137977216366e-03
4.539429524279343e-06,1.649556284105204e+00,-1.207137872852526e-03
4.541429524279343e-06,1.649556284111652e+00,-1.207137976817513e-03
4.543429524279343e-06,1.649556284103850e+00,-1.207137873251470e-03
4.545429524279344e-06,1.649556284109833e+00,-1.207137976405390e-03
4.547429524279344e-06,1.649556284101528e+00,-1.207137873677044e-03
4.549429524279344e-06,1.649556284107116e+00,-1.207137975993300e-03
4.551429524279344e-06,1.649556284098576e+00,-1.207137874009566e-03
4.553429524279344e-06,1.649556284104047e+00,-1.207137975594520e-03
4.555429524279344e-06,1.649556284095706e+00,-1.207137874421864e-03
4.557429524279344e-06,1.649556284101436e+00,-1.207137975248908e-03
4.559429524279345e-06,1.649556284093393e+00,-1.207137874780955e-03
4.561429524279345e-06,1.649556284099523e+00,-1.207137974850085e-03
4.563429524279345e-06,1.649556284092003e+00,-1.207137875166605e-03
4.565429524279345e-06,1.649556284098582e+00,-1.207137974491114e-03
4.567429524279345e-06,1.649556284091343e+00,-1.207137875552228e-03
4.569429524279345e-06,1.649556284098233e+00,-1.207137974105529e-03
4.571429524279345e-06,1.649556284091251e+00,-1.207137875937829e-03
4.573429524279346e-06,1.649556284098016e+00,-1.207137973706643e-03
4.575429524279346e-06,1.649556284091034e+00,-1.207137876323436e-03
4.577429524279346e-06,1.649556284098000e+00,-1.207137973347638e-03
4.579429524279346e-06,1.649556284091467e+00,-1.207137876695721e-03
4.581429524279346e-06,1.649556284099084e+00,-1.207137972975296e-03
4.583429524279346e-06,1.649556284093271e+00,-1.207137877094549e-03
4.585429524279347e-06,1.649556284101296e+00,-1.207137972629505e-03
4.587429524279347e-06,1.649556284095768e+00,-1.207137877480054e-03
4.589429524279347e-06,1.649556284104028e+00,-1.207137972257102e-03
4.591429524279347e-06,1.649556284098691e+00,-1.207137877838950e-03
4.593429524279347e-06,1.649556284107029e+00,-1.207137971858096e-03
4.595429524279347e-06,1.649556284101627e+00,-1.207137878251032e-03
4.597429524279347e-06,1.649556284109716e+00,-1.207137971485694e-03
4.599429524279348e-06,1.649556284104070e+00,-1.207137878596650e-03
4.601429524279348e-06,1.649556284111718e+00,-1.207137971100022e-03
4.603429524279348e-06,1.649556284105705e+00,-1.207137878968891e-03
4.605429524279348e-06,1.649556284113225e+00,-1.207137970740961e-03
4.607429524279348e-06,1.649556284107109e+00,-1.207137879354436e-03
4.609429524279348e-06,1.649556284114194e+00,-1.207137970355326e-03
4.611429524279348e-06,1.649556284107627e+00,-1.207137879713422e-03
4.613429524279349e-06,1.649556284114289e+00,-1.207137969983021e-03
4.615429524279349e-06,1.649556284107092e+00,-1.207137880059151e-03
4.617429524279349e-06,1.649556284113082e+00,-1.207137969624061e-03
4.619429524279349e-06,1.649556284105475e+00,-1.207137880418216e-03
4.621429524279349e-06,1.649556284111064e+00,-1.207137969225241e-03
4.623429524279349e-06,1.649556284103228e+00,-1.207137880777305e-03
4.625429524279350e-06,1.649556284108785e+00,-1.207137968866321e-03
4.627429524279350e-06,1.649556284101173e+00,-1.207137881136387e-03
4.629429524279350e-06,1.649556284107040e+00,-1.207137968520677e-03
4.631429524279350e-06,1.649556284099704e+00,-1.207137881482150e-03
4.633429524279350e-06,1.649556284105751e+00,-1.207137968161720e-03
4.635429524279350e-06,1.649556284098717e+00,-1.207137881881081e-03
4.637429524279350e-06,1.649556284104905e+00,-1.207137967762857e-03
4.639429524279351e-06,1.649556284097885e+00,-1.207137882240117e-03
4.641429524279351e-06,1.649556284104245e+00,-1.207137967430470e-03
4.643429524279351e-06,1.649556284097353e+00,-1.207137882612438e-03
4.645429524279351e-06,1.649556284103581e+00,-1.207137967071489e-03
4.647429524279351e-06,1.649556284096492e+00,-1.207137882958179e-03
4.649429524279351e-06,1.649556284102313e+00,-1.207137966725828e-03
4.651429524279351e-06,1.649556284094859e+00,-1.207137883290652e-03
4.653429524279352e-06,1.649556284100226e+00,-1.207137966353604e-03
4.655429524279352e-06,1.649556284092283e+00,-1.207137883663050e-03
4.657429524279352e-06,1.649556284097191e+00,-1.207137965954822e-03
4.659429524279352e-06,1.649556284089112e+00,-1.207137883982283e-03
4.661429524279352e-06,1.649556284094208e+00,-1.207137965609224e-03
4.663429524279352e-06,1.649556284086394e+00,-1.207137884354686e-03
4.665429524279353e-06,1.649556284091742e+00,-1.207137965263607e-03
4.667429524279353e-06,1.649556284084283e+00,-1.207137884727066e-03
4.669429524279353e-06,1.649556284089995e+00,-1.207137964931260e-03
4.671429524279353e-06,1.649556284083128e+00,-1.207137885099411e-03
4.673429524279353e-06,1.649556284089371e+00,-1.207137964585575e-03
4.675429524279353e-06,1.649556284082926e+00,-1.207137885418534e-03
4.677429524279353e-06,1.649556284089491e+00,-1.207137964239862e-03
4.679429524279354e-06,1.649556284083207e+00,-1.207137885764232e-03
4.681429524279354e-06,1.649556284089785e+00,-1.207137963907439e-03
4.683429524279354e-06,1.649556284083608e+00,-1.207137886109926e-03
4.685429524279354e-06,1.649556284090257e+00,-1.207137963535119e-03
4.687429524279354e-06,1.649556284084292e+00,-1.207137886482202e-03
4.689429524279354e-06,1.649556284091158e+00,-1.207137963202673e-03
4.691429524279354e-06,1.649556284085214e+00,-1.207137886814580e-03
4.693429524279355e-06,1.649556284091817e+00,-1.207137962856940e-03
4.695429524279355e-06,1.649556284085204e+00,-1.207137887146992e-03
4.697429524279355e-06,1.649556284090917e+00,-1.207137962497969e-03
4.699429524279355e-06,1.649556284083477e+00,-1.207137887452876e-03
4.701429524279355e-06,1.649556284088326e+00,-1.207137962152357e-03
4.703429524279355e-06,1.649556284080247e+00,-1.207137887798705e-03
4.705429524279356e-06,1.649556284084818e+00,-1.207137961806778e-03
4.707429524279356e-06,1.649556284076629e+00,-1.207137888171141e-03
4.709429524279356e-06,1.649556284080952e+00,-1.207137961474510e-03
4.711429524279356e-06,1.649556284072612e+00,-1.207137888463813e-03
4.713429524279356e-06,1.649556284076792e+00,-1.207137961142253e-03
4.715429524279356e-06,1.649556284068436e+00,-1.207137888822973e-03
4.717429524279356e-06,1.649556284072831e+00,-1.207137960796691e-03
4.719429524279357e-06,1.649556284065058e+00,-1.207137889155511e-03
4.721429524279357e-06,1.649556284069946e+00,-1.207137960437793e-03
4.723429524279357e-06,1.649556284062709e+00,-1.207137889527900e-03
4.725429524279357e-06,1.649556284068353e+00,-1.207137960105441e-03
4.727429524279357e-06,1.649556284062014e+00,-1.207137889847042e-03
4.729429524279357e-06,1.649556284069003e+00,-1.207137959812894e-03
4.731429524279357e-06,1.649556284064459e+00,-1.207137890205956e-03
4.733429524279358e-06,1.649556284072836e+00,-1.207137959506932e-03
4.735429524279358e-06,1.649556284069275e+00,-1.207137890511596e-03
4.737429524279358e-06,1.649556284078300e+00,-1.207137959161020e-03
4.739429524279358e-06,1.649556284075217e+00,-1.207137890883677e-03
4.741429524279358e-06,1.649556284084478e+00,-1.207137958828378e-03
4.743429524279358e-06,1.649556284081217e+00,-1.207137891189273e-03
4.745429524279359e-06,1.649556284090053e+00,-1.207137958509055e-03
4.747429524279359e-06,1.649556284086171e+00,-1.207137891534797e-03
4.749429524279359e-06,1.649556284093985e+00,-1.207137958176497e-03
4.751429524279359e-06,1.649556284088941e+00,-1.207137891853809e-03
4.753429524279359e-06,1.649556284095627e+00,-1.207137957830727e-03
4.755429524279359e-06,1.649556284089643e+00,-1.207137892159603e-03
4.757429524279359e-06,1.649556284095289e+00,-1.207137957524920e-03
4.759429524279360e-06,1.649556284088083e+00,-1.207137892465480e-03
4.761429524279360e-06,1.649556284092580e+00,-1.207137957166016e-03
4.763429524279360e-06,1.649556284084736e+00,-1.207137892784720e-03
4.765429524279360e-06,1.649556284088802e+00,-1.207137956833744e-03
4.767429524279360e-06,1.649556284080493e+00,-1.207137893130587e-03
4.769429524279360e-06,1.649556284084409e+00,-1.207137956514792e-03
4.771429524279360e-06,1.649556284076326e+00,-1.207137893449857e-03
4.773429524279361e-06,1.649556284080520e+00,-1.207137956182524e-03
4.775429524279361e-06,1.649556284072706e+00,-1.207137893755811e-03
4.777429524279361e-06,1.649556284077111e+00,-1.207137955876832e-03
4.779429524279361e-06,1.649556284069960e+00,-1.207137894088326e-03
4.781429524279361e-06,1.649556284075094e+00,-1.207137955557791e-03
4.783429524279361e-06,1.649556284068420e+00,-1.207137894394202e-03
4.785429524279362e-06,1.649556284073910e+00,-1.207137955265313e-03
4.787429524279362e-06,1.649556284067743e+00,-1.207137894713343e-03
4.789429524279362e-06,1.649556284073653e+00,-1.207137954959503e-03
4.791429524279362e-06,1.649556284067667e+00,-1.207137895059054e-03
4.793429524279362e-06,1.649556284073607e+00,-1.207137954600500e-03
4.795429524279362e-06,1.649556284067708e+00,-1.207137895364872e-03
4.797429524279362e-06,1.649556284073764e+00,-1.207137954294675e-03
4.799429524279363e-06,1.649556284068016e+00,-1.207137895683976e-03
4.801429524279363e-06,1.649556284073834e+00,-1.207137953962260e-03
4.803429524279363e-06,1.649556284067506e+00,-1.207137895989814e-03
4.805429524279363e-06,1.649556284072914e+00,-1.207137953656475e-03
4.807429524279363e-06,1.649556284066722e+00,-1.207137896295663e-03
4.809429524279363e-06,1.649556284072367e+00,-1.207137953363972e-03
4.811429524279363e-06,1.649556284066354e+00,-1.207137896614792e-03
4.813429524279364e-06,1.649556284072332e+00,-1.207137953058155e-03
4.815429524279364e-06,1.649556284066639e+00,-1.207137896933897e-03
4.817429524279364e-06,1.649556284072677e+00,-1.207137952765619e-03
4.819429524279364e-06,1.649556284066943e+00,-1.207137897239705e-03
4.821429524279364e-06,1.649556284072818e+00,-1.207137952459795e-03
4.823429524279364e-06,1.649556284067037e+00,-1.207137897558817e-03
4.825429524279365e-06,1.649556284073037e+00,-1.207137952140671e-03
4.827429524279365e-06,1.649556284067666e+00,-1.207137897864613e-03
4.829429524279365e-06,1.649556284073932e+00,-1.207137951834818e-03
4.831429524279365e-06,1.649556284068611e+00,-1.207137898157100e-03
4.833429524279365e-06,1.649556284075115e+00,-1.207137951542252e-03
4.835429524279365e-06,1.649556284070171e+00,-1.207137898502751e-03
4.837429524279365e-06,1.649556284076678e+00,-1.207137951236374e-03
4.839429524279366e-06,1.649556284071790e+00,-1.207137898781917e-03
4.841429524279366e-06,1.649556284078322e+00,-1.207137950903901e-03
4.843429524279366e-06,1.649556284073128e+00,-1.207137899100983e-03
4.845429524279366e-06,1.649556284079352e+00,-1.207137950624637e-03
4.847429524279366e-06,1.649556284073982e+00,-1.207137899406770e-03
4.849429524279366e-06,1.649556284079930e+00,-1.207137950318796e-03
4.851429524279366e-06,1.649556284074175e+00,-1.207137899699286e-03
4.853429524279367e-06,1.649556284079774e+00,-1.207137950026279e-03
4.855429524279367e-06,1.649556284073658e+00,-1.207137899991828e-03
4.857429524279367e-06,1.649556284078622e+00,-1.207137949693910e-03
4.859429524279367e-06,1.649556284072023e+00,-1.207137900284411e-03
4.861429524279367e-06,1.649556284076703e+00,-1.207137949401458e-03
4.863429524279367e-06,1.649556284070081e+00,-1.207137900550413e-03
4.865429524279368e-06,1.649556284074947e+00,-1.207137949095704e-03
4.867429524279368e-06,1.649556284068767e+00,-1.207137900882874e-03
4.869429524279368e-06,1.649556284074069e+00,-1.207137948829807e-03
4.871429524279368e-06,1.649556284068168e+00,-1.207137901148826e-03
4.873429524279368e-06,1.649556284073816e+00,-1.207137948523998e-03
4.875429524279368e-06,1.649556284068402e+00,-1.207137901481230e-03
4.877429524279368e-06,1.649556284074244e+00,-1.207137948244755e-03
4.879429524279369e-06,1.649556284068888e+00,-1.207137901747141e-03
4.881429524279369e-06,1.649556284074908e+00,-1.207137947938911e-03
4.883429524279369e-06,1.649556284069791e+00,-1.207137902052927e-03
4.885429524279369e-06,1.649556284075812e+00,-1.207137947619762e-03
4.887429524279369e-06,1.649556284070582e+00,-1.207137902345420e-03
4.889429524279369e-06,1.649556284076491e+00,-1.207137947353807e-03
4.891429524279369e-06,1.649556284071217e+00,-1.207137902637919e-03
4.893429524279370e-06,1.649556284076937e+00,-1.207137947061268e-03
4.895429524279370e-06,1.649556284071603e+00,-1.207137902943724e-03
4.897429524279370e-06,1.649556284077386e+00,-1.207137946768729e-03
4.899429524279370e-06,1.649556284071939e+00,-1.207137903276124e-03
4.901429524279370e-06,1.649556284077463e+00,-1.207137946476203e-03
4.903429524279370e-06,1.649556284071970e+00,-1.207137903542052e-03
4.905429524279371e-06,1.649556284077592e+00,-1.207137946196972e-03
4.907429524279371e-06,1.649556284072191e+00,-1.207137903807974e-03
4.909429524279371e-06,1.649556284077832e+00,-1.207137945904440e-03
4.911429524279371e-06,1.649556284072595e+00,-1.207137904113778e-03
4.913429524279371e-06,1.649556284078449e+00,-1.207137945638488e-03
4.915429524279371e-06,1.649556284073556e+00,-1.207137904419562e-03
4.917429524279371e-06,1.649556284079799e+00,-1.207137945332618e-03
4.919429524279372e-06,1.649556284075423e+00,-1.207137904698718e-03
4.921429524279372e-06,1.649556284082178e+00,-1.207137945066600e-03
4.923429524279372e-06,1.649556284078125e+00,-1.207137904964548e-03
4.925429524279372e-06,1.649556284084848e+00,-1.207137944787275e-03
4.927429524279372e-06,1.649556284080468e+00,-1.207137905283576e-03
4.929429524279372e-06,1.649556284086915e+00,-1.207137944494675e-03
4.931429524279373e-06,1.649556284082665e+00,-1.207137905536128e-03
4.933429524279373e-06,1.649556284089446e+00,-1.207137944215355e-03
4.935429524279373e-06,1.649556284085466e+00,-1.207137905828546e-03
4.937429524279373e-06,1.649556284092375e+00,-1.207137943922723e-03
4.939429524279373e-06,1.649556284088553e+00,-1.207137906107658e-03
4.941429524279373e-06,1.649556284095310e+00,-1.207137943669981e-03
4.943429524279373e-06,1.649556284090955e+00,-1.207137906373498e-03
4.945429524279374e-06,1.649556284096969e+00,-1.207137943364100e-03
4.947429524279374e-06,1.649556284091743e+00,-1.207137906639398e-03
4.949429524279374e-06,1.649556284096946e+00,-1.207137943098171e-03
4.951429524279374e-06,1.649556284091473e+00,-1.207137906918634e-03
4.953429524279374e-06,1.649556284096781e+00,-1.207137942818951e-03
4.955429524279374e-06,1.649556284091498e+00,-1.207137907184563e-03
4.957429524279374e-06,1.649556284096898e+00,-1.207137942553017e-03
4.959429524279375e-06,1.649556284091498e+00,-1.207137907463790e-03
4.961429524279375e-06,1.649556284096613e+00,-1.207137942260504e-03
4.963429524279375e-06,1.649556284090990e+00,-1.207137907716442e-03
4.965429524279375e-06,1.649556284095840e+00,-1.207137941994603e-03
4.967429524279375e-06,1.649556284089888e+00,-1.207137908009005e-03
4.969429524279375e-06,1.649556284094487e+00,-1.207137941688835e-03
4.971429524279376e-06,1.649556284088507e+00,-1.207137908261690e-03
4.973429524279376e-06,1.649556284093103e+00,-1.207137941422956e-03
4.975429524279376e-06,1.649556284087285e+00,-1.207137908514369e-03
4.977429524279376e-06,1.649556284091975e+00,-1.207137941170365e-03
4.979429524279376e-06,1.649556284086224e+00,-1.207137908793635e-03
4.981429524279376e-06,1.649556284091028e+00,-1.207137940891174e-03
4.983429524279376e-06,1.649556284085468e+00,-1.207137909059592e-03
4.985429524279377e-06,1.649556284090609e+00,-1.207137940625260e-03
4.987429524279377e-06,1.649556284085537e+00,-1.207137909352113e-03
4.989429524279377e-06,1.649556284091158e+00,-1.207137940359310e-03
4.991429524279377e-06,1.649556284086493e+00,-1.207137909618007e-03
4.993429524279377e-06,1.649556284092249e+00,-1.207137940093340e-03
4.995429524279377e-06,1.649556284087567e+00,-1.207137909883896e-03
4.997429524279377e-06,1.649556284093173e+00,-1.207137939827375e-03
4.999429524279378e-06,1.649556284088507e+00,-1.207137910149791e-03
5.000000000000000e-06,1.649556284091300e+00,-1.207137939257565e-03
